window_id,F01,F02,F03,F04,F05,F06,F07,F08,F09,F10,F11,F12,F13
W000adee795ae7cdb0000,0.8864683995293295,0.0016677960011117006,0.0018561560746596273,0.0051031573645718515,0.005843967263621646,0.037374816450236104,0.0016697786110331464,8.559200230334406e-07,1.1159758206586422e-06,0.0013067663752592271,0.0005597753296871346,0.05534231735034529,0.0021524478003094195
W000adee795ae7cdb0001,0.8882231918655424,0.0027789072302147836,0.0021339344823095396,0.004732941155787086,0.006121622384695026,0.04098762477989784,0.0016728558216547538,8.432398632705009e-07,1.0511940895640378e-06,0.0007512129617367468,0.0005601501862139259,0.04917486596251781,0.002208642401759118
W000adee795ae7cdb0002,0.8889293840964702,0.003056715632705585,0.0016710142556245937,0.004916119915278391,0.005288892511851314,0.04115355439701328,0.001113049375344869,7.705338909284961e-07,1.0333630547243798e-06,0.0009735185102940856,0.0005650723605712524,0.049564380178639206,0.002484878244351094
W000adee795ae7cdb0003,0.8866500848866364,0.002778945346422465,0.001393087801763707,0.005381041118381969,0.006121948772585698,0.03931854850935632,0.0011180260556436224,7.754358054538289e-07,1.0184358795430742e-06,0.0013067458092616974,0.0008389181368499622,0.05223125289797043,0.0022074644037862563
W000adee795ae7cdb0004,0.8925169333043624,0.0027789069160159886,0.0013930042309944733,0.00500951039190032,0.003714038154922454,0.04087365398917018,0.0011178869009591064,7.642377283031279e-07,1.0943410140943088e-06,0.0009733975095074812,0.0008547293416130609,0.04790641229554903,0.002207217049007605
W000adee795ae7cdb0005,0.8538371000845875,0.0027792374090171825,0.00028326142773657027,0.0027902673546214853,0.002885709694759739,0.05973892557266157,0.0005633715388862642,9.909443556330995e-07,1.4148945064060936e-06,1.5208621502112662e-06,0.0005791616145246433,0.07449091044346975,0.0013934411881988424
W000adee795ae7cdb0006,0.8464459533526739,0.003612568024098784,0.0008395774803800032,0.0034704692204410386,0.0027913324359988972,0.059670854118403636,0.0005633546817458895,1.0575193918276863e-06,1.2703204414542566e-06,0.0005570378372125543,0.0005613605864283258,0.07949233323696757,0.0013392286389118625
W00d9b92b429254d10000,0.0025024089047407418,0.5995430105821482,2.7947675714501837e-06,0.0011131697438016628,0.0023653873133228556,0.0007421684293659795,0.0011143802194348992,0.008764878015044832,0.37050886550362366,0.0010692793672211257,0.008680066676094977,0.0008436305977813576,0.0005695041893970084
W00d9b92b429254d10001,0.002504538115138578,0.691530871764274,0.0011137379737860581,0.001154190283738854,0.002364726924648909,0.001297504773064179,0.0011147044790114635,0.007095684364769095,0.2784121811314047,0.0010683429149258344,0.009005693339806786,0.0005652075902142021,0.0011483211350103533
W00d9b92b429254d10002,0.004724844007280665,0.5909922388898433,0.0005581007410580468,0.0013932634800614468,0.002367002740096675,0.0015753215496642342,0.0011146067868897606,0.004563170585398261,0.37668784700313335,0.0014387128558795146,0.011668167263291245,0.0008435850875066977,0.0005877290112997744
W00d9b92b429254d10003,0.0047246413814071,0.5921285743733721,0.000558195836115823,0.0013944265517323341,0.0023670025031146753,0.0015752802394010266,0.0011146069626122763,0.00499402463644867,0.3753176349183258,0.0014383123093419199,0.012039526761981327,0.0002880301280419943,0.0005745297023996135
W00d9b92b429254d10004,0.004169088916945902,0.5908693232879471,0.00055819599668249,0.0011147924136594072,0.0023651266396062863,0.002130800817588268,0.001114606921855625,0.007596508486272634,0.3752940683696926,0.0014383121317975529,0.010292528649623723,0.00028802954469610124,0.0011445627820924557
W00d9b92b429254d10005,0.0022246342045926814,0.6022365089412387,0.0005582068858685114,0.0011144380733276494,0.002367233369217485,0.0012988063738896887,0.0005588389014677466,0.0054514655495067725,0.37144626927099966,0.0010679955869699017,0.009725941701424937,0.0002880293202935397,0.0005930492143016003
W00d9b92b429254d10006,0.0030619396727371525,0.9661696937066843,0.0005590079214135779,0.0011204902570490754,0.0011156149525217505,0.0012988899262191607,0.00223405447021728,0.0070871975179346665,0.00288787556291841,0.001114431610988921,0.009732868684624545,0.0008443314715992125,0.0011492334519454678
W011c5210582bb0430000,0.015243124946843026,0.0015568213711539415,0.7491113233893816,0.0631759316737749,0.06804345161644618,0.016442308934908965,0.008196696799550256,0.004409239139546022,0.004082240215565965,0.008177444947673166,0.0016324782495906016,0.021417006104177877,0.009454067126481894
W011c5210582bb0430001,0.01516948328011471,0.0015440787858905047,0.7586214935906329,0.05513113383827396,0.06883567964431356,0.014484881972660329,0.007138257537083441,0.0032725930153395147,0.0027024163419693825,0.007587887687102917,0.0023885067869982377,0.020233308764247615,0.011546604688909423
W011c5210582bb0430002,0.01644525424027719,0.0017381761578032686,0.6698318141573855,0.141259092539433,0.07726913704426998,0.01443639247799641,0.007181599167196475,0.0034169017934164935,0.002155504819091161,0.009523367206473657,0.0015500990697387858,0.020018387543797138,0.006620463312513219
W011c5210582bb0430003,0.014400782206234732,0.0013446212722407465,0.7429057403718562,0.08102218006239079,0.0641845617342243,0.014499470092433221,0.007049638119098066,0.0023069260606315145,0.002313223152531583,0.00818773971465683,0.0028839968588174527,0.018509222544096506,0.01001523198392519
W011c5210582bb0430004,0.014848709064837566,0.0014204039606400289,0.6936291057328046,0.11715913435381606,0.07627963070527807,0.013460141257178647,0.008104067252326035,0.0026012780438288067,0.0020473983819172307,0.009332629901188053,0.0018846772246601039,0.016443298288016064,0.009212173999159861
W011c5210582bb0430005,0.015025709156857102,0.0011177740342516438,0.70201063010877,0.11420418379004375,0.06908949629996843,0.015274185486812178,0.009663982817475892,0.0031051797653031065,0.0018166684548253317,0.009160059613368115,0.003206097134490783,0.016765258379875348,0.010584297053088429
W011c5210582bb0430006,0.015742666364051732,0.0008766600902124746,0.6911066028045083,0.12160291842601902,0.07815458141450202,0.012892257682938852,0.007000826384271785,0.0036623646316300755,0.00208740839334989,0.009615202296591584,0.0015545845142380286,0.018357395369048114,0.006866415389368168
W01dad0ab3839cd3a0000,0.00011676671658897323,0.0023896132016895982,0.013560814019161404,0.013793112750748316,0.008936874425914338,0.0026290078706949337,0.009265281956504478,0.3339400445413126,0.4601322389284424,0.022510606209595895,0.05599678136924938,0.0010008425250000676,0.02072277730331418
W01dad0ab3839cd3a0001,0.00010423618275803773,0.001253130224504403,0.012506129241379987,0.011093905158733229,0.009286556072968459,0.0023323930436749863,0.009810972931378628,0.33965139506521086,0.4688938325737407,0.027527646572728163,0.05407114672075451,0.0009792610758314801,0.019197428698699767
W01dad0ab3839cd3a0002,2.778619526988027e-05,0.0005929577767115467,0.007344251319669562,0.006581748273566428,0.005904776297925231,0.0008640380335110881,0.002274478379968177,0.12056077869242295,0.7185838237501657,0.011704566263995676,0.04368641856448466,0.00022014989536611442,0.005951368950450561
W01dad0ab3839cd3a0003,2.8707632308109485e-05,3.746799049415194e-05,0.007596421941816909,0.005093073686172637,0.006042085599216005,0.0005851262218425384,0.00216524545358544,0.12713099607260783,0.6758092207572745,0.010687711158058376,0.04553655070887119,0.00021903061761113955,0.0055078113523575915
W01dad0ab3839cd3a0004,3.292102985605733e-05,4.4012789327956456e-05,0.007633606811968149,0.0049739914675070475,0.0067352988599206,0.0005903163841561606,0.001798229680927087,0.19670364478040323,0.7071595560412317,0.01124453089586944,0.043955105316565386,0.0002223766771193277,0.0058960940279549805
W01dad0ab3839cd3a0005,3.1565228000939275e-05,4.299624246406338e-05,0.007082456888479578,0.011145611703253969,0.007565704954836539,0.0005879744780428576,0.002133447263279791,0.25701339782227445,0.6171483433488633,0.016563447445364546,0.04593057938787598,0.0002212392555655266,0.006596981887032374
W01dad0ab3839cd3a0006,0.0006564917553613381,0.0012576453361477398,0.015103029755711877,0.013678561494039983,0.012421015098804122,0.003021488985836257,0.012387595347176492,0.18256840609689245,0.4911130385380979,0.034708362631118594,0.05511205528011047,0.0009721033616798604,0.02727822301499836
W0257b7e5d137a4440000,0.0007477989257477594,1.494558595891676e-06,0.0024125347367427055,0.0013913799036851754,0.0015019649206296254,0.25103008904153573,2.347241418391508e-06,1.0373702589810282e-06,1.3598675595156542e-06,0.0013914479489587526,1.2694612241169355e-06,0.7352596640281076,0.005144713507519966
W0257b7e5d137a4440001,0.002283341565188266,4.7244980556838366e-05,0.0030765602422234673,0.0021763870547855243,0.0012927612431638982,0.3468779259998709,0.0011631907415195566,0.0005908448179630416,4.726424763568689e-05,0.003698275975619565,3.8025568421399145e-05,0.6316811597321209,0.0053068307538433205
W0257b7e5d137a4440002,0.0007734926046442144,4.7978451677916864e-05,0.0028821779024838148,0.0021656114801930047,0.0012512980154443236,0.18820141246168678,0.0006071102099942144,4.2610106860804196e-05,4.7284534848500514e-05,0.0011953823521613225,3.848075226844301e-05,0.7980407589958836,0.003540797729301299
W0257b7e5d137a4440003,0.002080134133434438,4.692884937950937e-05,0.002320215814595784,0.0016596591752214643,0.0006951830362275809,0.4051228216010858,0.001448253392231351,0.0005957293092369082,4.6251001349190265e-05,0.0014713187734538857,0.0005933142057723691,0.5758126900229927,0.0063925757283274705
W0257b7e5d137a4440004,0.0011643894800078024,4.0419290498649076e-05,0.0032336752821916117,0.0014732431545341528,0.001966672716043605,0.14466977819097862,0.0011989427905837267,0.0005845907741100202,4.052136355768158e-05,0.0011860617858858741,3.244507968117585e-05,0.8384747030765037,0.004226327605413377
W0257b7e5d137a4440005,0.0006144141169859901,4.746781335978307e-05,0.0028772330733641107,0.0014137915311807573,0.0006813037170203047,0.10536845655433949,0.0006479870084095305,0.0005896552278848292,4.758914032513133e-05,0.001200020843480113,5.407854294600193e-05,0.8813511399405562,0.0033791777131453346
W0257b7e5d137a4440006,0.0006074740700626427,4.0600410966704424e-05,0.0028698766585072612,0.0021309369260515748,0.0006817460153985241,0.376602861755869,0.0006050840192080094,2.8613310803809696e-05,3.71071981725236e-05,0.0011884252793524343,4.535183518594508e-05,0.6103996737620634,0.0036154038375394507
W0290b13796da5daa0000,0.0032318368142197906,0.0027765291514071314,0.060911950359636514,0.07402997644570546,0.03473915965705433,0.060761495452621044,0.01570950734271795,0.029415792730565857,0.26441615432680476,0.09286562581942147,0.15908198812449034,0.008293298102283499,0.0338577767895953
W0290b13796da5daa0001,0.003308053964057189,0.0014193705296665622,0.09687535905218972,0.1180524898231726,0.04321557312601365,0.058332480446049155,0.01477841340270505,0.030084478222115494,0.19021354080477498,0.08261580002644002,0.12319208246617883,0.00712839628712286,0.031664810007188744
W0290b13796da5daa0002,0.0038244452121142833,0.0015552559228414885,0.08275689994022978,0.11820244179731625,0.03816662138819646,0.05526911052142771,0.015997070065131014,0.02561276085685286,0.20798912546962317,0.10008384595255317,0.1318425171598123,0.0073067332422409445,0.031616603703338346
W0290b13796da5daa0003,0.003775695076249716,0.0020072041357574047,0.07813332445943869,0.0756396812083368,0.03365280555207736,0.08435572726717769,0.018721133774057316,0.029417234008530125,0.18599091793708317,0.06373457586224952,0.15203729068729974,0.005880339087245597,0.03650204952637698
W0290b13796da5daa0004,0.003732915754323497,0.002223187361047549,0.0697157640785049,0.1327548648177905,0.03358730391507202,0.052651049143664364,0.01875725189083804,0.02916161962430175,0.16501298107396808,0.0569177540377389,0.12667574412681826,0.006494303539238609,0.0316651143795653
W0290b13796da5daa0005,0.003930621204309109,0.0018848539084329165,0.07535475600662725,0.09268988442960324,0.03540369541951207,0.057374044045933915,0.022425416211051475,0.027943771805421,0.18994748947577178,0.06760934265236114,0.14008169608671261,0.0064003219049677705,0.034345151218273334
W0290b13796da5daa0006,0.003901133251579734,0.0016026938541494615,0.06491888990056512,0.1289081703747546,0.040769141084099896,0.048498475574100613,0.02764169772887168,0.026152329397578153,0.24322970487182724,0.055265777904960754,0.1396004735867045,0.005550485696346879,0.03426107010834115
W02e28fb5a87e30ff0000,0.00111412152549439,0.00028030764688789604,0.009651669533424103,0.004984628919310672,0.0032527959920745524,0.0033358571324615116,0.011334143395088805,0.9423008638922247,0.0029686422952188746,0.002255227766252085,0.0035618903019281833,0.0017623148408967397,0.002384537258585432
W02e28fb5a87e30ff0001,0.0011144451286989679,0.0008361968384390427,0.009488227805411364,0.004095827723595022,0.0035329645135838447,0.003613303053248437,0.011665617555854825,0.9412870834010215,0.004262942337655152,0.0016888461076451254,0.0033407128348787746,0.0022264501815697597,0.002228172445524967
W02e28fb5a87e30ff0002,0.0011143508614481976,0.0002804106534394784,0.009663879311549264,0.004929141898263827,0.0035361426070809982,0.002502046597974398,0.010780410345198974,0.9417069673857013,0.003984488199256477,0.003073834274016217,0.0033399330602960917,0.0025965216096812257,0.0031414248592488746
W02e28fb5a87e30ff0003,0.0011142443706405529,0.0008358760965362161,0.007986875406667463,0.004373749751574223,0.00353982236184931,0.003335290791744766,0.010766073651628403,0.94185265288462,0.004539321921520502,0.0025169320762348196,0.0027842398418847845,0.0025964114507047824,0.0031380807426710797
W02e28fb5a87e30ff0004,0.0005586801718341383,0.0002803258829984478,0.00484114277395374,0.00289202687409043,0.0029913509948968236,0.0005574546437496841,0.0065314053899733935,0.9581399895710837,0.0037987696734803366,0.0027969020932914358,0.002784099186057194,0.002041030683216368,0.002211012233814484
W02e28fb5a87e30ff0005,0.0013925560385466794,0.0002803508737429463,0.006462637874630673,0.004855224870228345,0.003215759569937216,0.0027797034605835003,0.011673925548391514,0.8787026255995705,0.0042632712376152225,0.0027997426360581745,0.0027838486781663605,0.0025042277509497155,0.003428497845530437
W02e28fb5a87e30ff0006,0.0011147037620759448,0.00028037672006039937,0.008745464627781491,0.004651182653887894,0.002987491710994464,0.0025022217390758055,0.010309062892265637,0.9089166307270622,0.0038008176972411673,0.002801619316824983,0.002786759609329172,0.002318782138826683,0.002597082375806786
W048d92294828d32c0000,0.057409578442944274,0.004945817570325553,0.33263790221613815,0.19809720738706738,0.15849769949399464,0.04841026507391789,0.013566700143774585,0.01122553391789751,0.003026031528937076,0.11094461608890334,0.008064130032579183,0.018457739756931536,0.012241760296655468
W048d92294828d32c0001,0.05845236566192941,0.005333089340591206,0.25141769312557316,0.1517670954145513,0.1911484740268391,0.045626670026483136,0.01338486068745075,0.027747332741713062,0.002920159462633624,0.18603165044146217,0.010579055732167745,0.017548179236436437,0.010635264672340862
W048d92294828d32c0002,0.05573401612761282,0.0046565055125783895,0.17290220678158486,0.20571716902458956,0.15562887472535772,0.04143536210781176,0.010735566400735355,0.029631068998677974,0.00357712717561138,0.2574426798631758,0.008511690185133515,0.015341071722535937,0.011563089750344811
W048d92294828d32c0003,0.055518854191032564,0.005686459215732836,0.1934464938717049,0.1316798091146646,0.188334697820372,0.0418826734051747,0.027482335472057622,0.02880862597154004,0.003915504937342889,0.254608774351715,0.011116413120468602,0.01920085010754255,0.010534702776658026
W048d92294828d32c0004,0.053583104310307696,0.005316431198585402,0.1671854808075071,0.1462917826800312,0.1911963978518912,0.03995885510401991,0.024016580516650572,0.032449291845471524,0.003504251186570651,0.2709514415460879,0.00921978361252299,0.017310187911521877,0.011586171038583533
W048d92294828d32c0005,0.05790483616860422,0.0048776604544508995,0.1415211454095408,0.16162396524542616,0.16984573080988052,0.039138830827964745,0.023671258486475236,0.06552061872173047,0.0024434858895109406,0.2683642322007784,0.008880556064731602,0.017624802819479594,0.010687191540316436
W048d92294828d32c0006,0.06215958771720313,0.00483361282670707,0.1980684920193716,0.2093232205841261,0.15275958952417257,0.03716061921459444,0.013404702603403026,0.0360839449087071,0.0025714035521320127,0.22305121234188277,0.008511876671499049,0.017176673391659895,0.01059822590568461
W0490aebc1737e82f0000,0.0011956978603980199,0.0038494703489355534,0.07888348781440005,0.04014417475872629,0.03785238761416012,0.07154670080422493,0.7107294317403274,0.0021054559356206695,0.006933005091410359,0.005160859034942015,0.009029122390914477,0.01642691535000882,0.0038612465318054096
W0490aebc1737e82f0001,0.002613939866536376,0.003355129533917714,0.2594642003552019,0.03571812244599238,0.04170738068898124,0.02883924173757002,0.5731445877792785,0.002553207041826479,0.006395874448095205,0.0037739380562756488,0.009896222019427256,0.015323095668159634,0.004811651711351999
W0490aebc1737e82f0002,0.0023085478997654087,0.0030188406075980505,0.06386296945242635,0.03257475640833947,0.045065357674698665,0.020751790198090956,0.7828848817301651,0.0018744751564412371,0.0080802693920363,0.0037821893991219434,0.0073249434765792765,0.013788365642571588,0.0036067297497133677
W0490aebc1737e82f0003,0.0025733220786050867,0.003008943510531175,0.08823993121060796,0.03305898087144234,0.04110331440441387,0.02109737691687844,0.7622551587561684,0.0018572206754360616,0.0065404161206781,0.003056288574680002,0.008119252818770984,0.012516959117303666,0.0058029757464008284
W0490aebc1737e82f0004,0.0022040004525599502,0.0030012104860985354,0.04998479326752314,0.030435761573119353,0.03629663206975795,0.01973391392564228,0.8100486974694842,0.00181967388966516,0.006819374985091702,0.003233068628872864,0.00849184748304028,0.012476864369176178,0.00453585533415121
W0490aebc1737e82f0005,0.002574160075394894,0.0018900384647212445,0.07927418993125765,0.031134405311047424,0.040154822631462195,0.020246890118019244,0.7748821303762244,0.0024137276094461035,0.0068188937678832435,0.0026324330217903265,0.008676496380262418,0.013357845976163126,0.003695561109408389
W0490aebc1737e82f0006,0.0031378401233332237,0.0019010789569437387,0.0737657484028869,0.033328765918952036,0.039467104804239206,0.022898712484255547,0.7768819288412981,0.0018333365559121057,0.006456333670825968,0.002644926647211583,0.008420041608232703,0.013885085979875202,0.0037579155959197616
W04bd8a749e25fe910000,0.019973089256358836,0.0047944703458813265,0.5459255229407338,0.04662017022538557,0.06926552271506144,0.029320068684129296,0.04419338227418395,0.02190669018802992,0.005010475218818008,0.01963220145964727,0.008465935747742364,0.015502620583335375,0.01689263466044409
W04bd8a749e25fe910001,0.01977674528401961,0.005789089169957715,0.4838831979406052,0.04071393257016789,0.07431480259579398,0.030383996285829894,0.13314380120981,0.01281396250330413,0.005677742179557077,0.021753102151390546,0.009313317480984809,0.015173178129696414,0.013851285076393964
W04bd8a749e25fe910002,0.028800625479441833,0.004694197256343453,0.43276758228995077,0.05041844272393608,0.06917982219129344,0.04061542341075438,0.16031708592546393,0.010222777913325525,0.006340473061101353,0.019296873802210325,0.008927301665374704,0.015295692965406903,0.026907361619403204
W04bd8a749e25fe910003,0.028411075025872368,0.007563079648967468,0.3949906171947159,0.15102901522231885,0.09424387078111306,0.07588173148932424,0.03901193033197262,0.012687323196308956,0.007221300257301891,0.01985731316968323,0.01068907925678222,0.02043882725100064,0.016114911452954735
W04bd8a749e25fe910004,0.029783458591450002,0.007054208614747227,0.5034425933727925,0.04140870058776143,0.0718520080908438,0.04902038547558505,0.05495268908063974,0.01341770950272869,0.008053949864638612,0.019514779773021424,0.010397895548649849,0.017329156156417568,0.019713069461501746
W04bd8a749e25fe910005,0.020561888720871457,0.005215561274380414,0.4902800202497996,0.04767588903429349,0.13436365002407516,0.03267821160694357,0.033823861368362594,0.01184845866397542,0.006381360276170183,0.022731073428057125,0.008475748208513175,0.016312709083774416,0.01196877061205992
W04bd8a749e25fe910006,0.028529413293450632,0.008538667184826088,0.4703275733314517,0.09732492413363848,0.0779958451930974,0.07241135271606793,0.03895889916686854,0.021991299508814115,0.007267117749227799,0.01768211334572136,0.00808459012892912,0.018669198795028562,0.012384638793290662
W07c81bc1aa9fc7f00000,0.0034975079780886075,0.008798398047453833,0.02328511501888464,0.0058460359021902525,0.03881564540122636,0.006541260263924992,0.01018105723316887,0.007928821595982675,0.012186080406920749,0.04704579624334806,0.3940856694745982,0.0023442942375600105,0.09947947877765535
W07c81bc1aa9fc7f00001,0.0035500975730096375,0.009770802874276506,0.030788134900512524,0.005754464523055232,0.051114170370432116,0.011157416004408068,0.01706730468899838,0.011555046098339815,0.008153890215379628,0.03239914970078008,0.334246293145654,0.0030167666660290207,0.11044807097979362
W07c81bc1aa9fc7f00002,0.001954592294200816,0.005186579530029397,0.0189595820997717,0.0027356667275362737,0.043931067132305913,0.0068101416666914785,0.012553706942527035,0.00731866463368602,0.008034489336352037,0.018591727001740162,0.5946648336863068,0.0015201802068228341,0.08361489251505837
W07c81bc1aa9fc7f00003,0.0033312426370698035,0.008868846819316115,0.025184532021861845,0.00699593701473418,0.055747174536567135,0.009811854291262355,0.010433893394307373,0.011142573741637456,0.008068376957762101,0.02970534170108009,0.3214348048686267,0.002827375241049118,0.09339057449549941
W07c81bc1aa9fc7f00004,0.003183213395870473,0.008340437395741413,0.02524910132828325,0.005155507846684762,0.035234121668105474,0.007555262306300132,0.012039781419568754,0.008934217330384072,0.007485495912917344,0.03271623361843434,0.29632041084581706,0.0021876524987902014,0.09453922231062295
W07c81bc1aa9fc7f00005,0.0011539179173517837,0.005323667419160048,0.013490047712107206,0.0026848915041377316,0.027889390538637752,0.0031518698310349716,0.003949076692361234,0.007703393674795996,0.009154305114718066,0.017998310685894955,0.6335299771870506,0.0003373838408540665,0.06741339071868478
W07c81bc1aa9fc7f00006,0.0017312218693882923,0.0052067200679599265,0.013704754041855392,0.003521893278100422,0.03029856719021864,0.00396717557304633,0.005181051205582697,0.007889732011477654,0.00897592018318785,0.015069939126237565,0.5958346586954719,0.0006534993831704248,0.06897769579474927
W08bd29d9e33fae850000,0.11350905052692495,0.00419790655969337,0.03373368883151507,0.05291215862392644,0.1502051506545507,0.06220052881424999,0.007566532336194316,0.016455108758018765,0.012739100617087768,0.16598146868107005,0.2943110641002211,0.015387045624071609,0.012232283916981928
W08bd29d9e33fae850001,0.06538882952590368,0.004810075918749911,0.02849906145262927,0.048175286431101555,0.1479476391488113,0.09283544468896204,0.0073620344105420135,0.016427340574410854,0.014423035001124766,0.07816360264163551,0.30936026426799845,0.015475688954838597,0.014298866513800098
W08bd29d9e33fae850002,0.10907678333518322,0.0026634101792492064,0.024013179497482294,0.042143479763280894,0.09881925475768023,0.12358084906372427,0.007525152811187317,0.019016181785341008,0.011543928861289677,0.0738884473393687,0.2988225279778237,0.011519102225542,0.010703789108155646
W08bd29d9e33fae850003,0.01773011782993328,0.003197994867562352,0.02595875369338787,0.04305900739560167,0.08411143086691147,0.08216149233955851,0.01155851770147464,0.019713156068745956,0.012456570037880312,0.07649183267282794,0.336890659471254,0.0155038211607687,0.015797587049680064
W08bd29d9e33fae850004,0.11154043974210487,0.0017169391429512275,0.02472985707837926,0.03794386141041453,0.07885577795557405,0.06853566454187059,0.010486320131523424,0.018714857857478846,0.008335285033051067,0.06776643220952332,0.30253613664214296,0.010737118219901455,0.01018310508349048
W08bd29d9e33fae850005,0.11102760278566284,0.0028454996846276927,0.021632180997058832,0.04450995150304503,0.11504825049597868,0.06999513172381024,0.011288466705853683,0.0193285551552398,0.01110008055441179,0.06580044787246128,0.31648461685736917,0.0093797733587504,0.011659248949257864
W08bd29d9e33fae850006,0.013472596109398343,0.002976509364297511,0.022671327065647756,0.0452207378019873,0.10921850649811775,0.09316189039150662,0.014760686297351373,0.02015907065789016,0.015033879290148787,0.07964862266242205,0.3589193348997905,0.013230022169175426,0.014908835296825408
W0b460f4a0d46f8570000,0.7165946237263283,0.008990378705416479,0.04826555506645309,0.03403485286792519,0.04012888145509059,0.03117109979361248,0.019166005798884212,0.004737023218429436,0.004060366333003775,0.024011419532688986,0.0034144641584884427,0.025511096294069394,0.014822000127862998
W0b460f4a0d46f8570001,0.8658573645245508,0.006986552259828554,0.009065802353663525,0.024314543321741957,0.012027559534388775,0.02002298842544421,0.005589560321771419,0.003104527143206423,0.001709156084562194,0.009840433248324445,0.000451373920398515,0.020398557540321872,0.010674148411003032
W0b460f4a0d46f8570002,0.8685137959955326,0.0075425978055476085,0.009704429611235467,0.024872260081661282,0.009536251133746147,0.020282666546526364,0.006534937729117433,0.002548097469096462,0.0023557261895940586,0.010397907970606737,0.00045121377126288836,0.018459661791296596,0.008869779464849008
W0b460f4a0d46f8570003,0.7375898272556372,0.010458365940665383,0.06184066018435311,0.03183027938718359,0.04499786734095299,0.013276624626383562,0.009685283351905454,0.007451386121880947,0.0049945607067048235,0.022985463844691318,0.002570795279664429,0.015076415719613998,0.019428816814416442
W0b460f4a0d46f8570004,0.7488151894142755,0.01165902494634787,0.0548425830774003,0.02999652615335049,0.0408022847489821,0.01433799022436408,0.008657176991566878,0.008363655125842535,0.004280296733188757,0.024426556654217,0.003481555660637313,0.012959243987725175,0.018286292921173508
W0b460f4a0d46f8570005,0.8659190808472639,0.008097777021363708,0.009828666386130941,0.025796023847876496,0.011267624213131761,0.01861378101318641,0.004031424869357868,0.0036646585060782586,0.001986650595367401,0.01132385378761881,0.00045122697357879163,0.01924228483443786,0.009546711275906665
W0b460f4a0d46f8570006,0.8458354419660061,0.024337165101283604,0.011261680405257206,0.021575570650710637,0.01060584861345972,0.019399954515231233,0.003473252556420156,0.0024095618715321634,0.001983693558086358,0.01695712456166051,0.0004496345522445617,0.018538685665097903,0.013512156344004461
W0b4c6c6d3c8992600000,0.0014090555518982948,0.004439994503609212,0.011300354779498782,0.02831300035573131,0.014957223076587258,0.0014580832624013103,0.004908645456402057,0.3061000236347134,0.38577831079033026,0.005817383206478301,0.1444322698640125,0.011077739616384663,0.008438227954414184
W0b4c6c6d3c8992600001,0.002747246448352255,0.003959269202517243,0.013707267876406875,0.010894201908822359,0.01349632905516464,0.0014802408468445156,0.006801421117787324,0.3173070776101092,0.3684034258279125,0.009207079126305513,0.14304360886606135,0.009108011421866435,0.007559362604551593
W0b4c6c6d3c8992600002,0.001731107306139666,0.0038173195832808004,0.011045931971547799,0.012542588019003488,0.01306289488053783,0.0023068107870881614,0.006480762496531575,0.3642802392721306,0.31573231447787564,0.008608106162819528,0.13704390056123728,0.009799443079640159,0.007497553808831455
W0b4c6c6d3c8992600003,0.0014958822271573977,0.003909852694958877,0.011900015227987445,0.008452074817572609,0.013269107381241905,0.0023827083365199823,0.008335898372659882,0.3169712772816976,0.35683900571598837,0.008786101115967532,0.13864235078242504,0.010255079302999313,0.006275882751259907
W0b4c6c6d3c8992600004,0.0011839997853274233,0.003883768773279523,0.010001869183560521,0.009789563903201626,0.012984795895428,0.0024235728283950606,0.005758076833196465,0.39172757967930544,0.31349589665633304,0.00818489424999208,0.13422128969713165,0.009163375434905226,0.005954477570835358
W0b4c6c6d3c8992600005,0.0011292378926674549,0.004316946400755819,0.015072783627081823,0.007849747557540015,0.015237060004877507,0.0023653482594301815,0.00647911928099222,0.29869329848404275,0.3781549690935459,0.009720094052104956,0.1316491330711175,0.013465602350925185,0.006460635843233591
W0b4c6c6d3c8992600006,0.001099982836116071,0.0032534769212123242,0.01185038107045041,0.009016736237431267,0.01423271332584051,0.0022896548088410956,0.006630339733825062,0.3103982482227614,0.38255026543661663,0.008535995705746324,0.12304205172595778,0.016282735050237158,0.007454278263335162
W0bc3a2bd2bbfa8550000,0.004164481176417678,0.0008451087801454352,0.041372168052316624,0.07472705716302555,0.03189514890881465,0.3169456303517195,0.45164668887478027,0.002931938463873729,0.0056161601209535165,0.007792710121893044,0.019001757616115722,0.02170207572165502,0.004211660639737431
W0bc3a2bd2bbfa8550001,0.0035379572802744608,0.00030565428166270454,0.04322510197609741,0.20679715508389473,0.033071061457395086,0.22081932837837856,0.4190861903449547,0.000990868057429409,0.004745375069230752,0.010637055234174153,0.011498370864483722,0.02320620512052099,0.004212195836482789
W0bc3a2bd2bbfa8550002,0.0027010054689266226,0.0005690609899922403,0.04082349428241261,0.10124969985946322,0.03331061339153668,0.28712386234567866,0.46769204221247346,0.0014905262770462206,0.0032052427718762357,0.011087431426929832,0.008983839777861517,0.021474936228924456,0.0038618044841114726
W0bc3a2bd2bbfa8550003,0.006044810767391689,0.0011190851366863035,0.04561291289557808,0.06867288482464583,0.03832761923818257,0.1184147641808199,0.6466702445825775,0.0022296429462042365,0.004265122724313855,0.01448278090629705,0.015898893476025498,0.0052942387182377025,0.004734123975175179
W0bc3a2bd2bbfa8550004,0.0055471122915440145,0.0016906958669730843,0.04293971548690473,0.055427793970468986,0.037916104706597724,0.09990748468820376,0.6816086439466263,0.0016826866390048034,0.0038668356801727995,0.013578521962259145,0.018699151231400077,0.005324631637295129,0.005227566593766281
W0bc3a2bd2bbfa8550005,0.00332872842689555,0.0011363299832459945,0.04610438188857694,0.05840578906726189,0.03563933288053063,0.08295603919831165,0.6991266448603454,0.0016851657679751574,0.004925818070073359,0.01706543177002018,0.014472217087356846,0.006442459910042245,0.004679978511509723
W0bc3a2bd2bbfa8550006,0.0036786468445440465,0.0011186098133118359,0.0480099164138081,0.05165137141624421,0.03809596522525886,0.12958855143907227,0.6575920299989075,0.0016727888846980246,0.004132318583977752,0.012383379792110568,0.015216092024304448,0.0058481598039360734,0.005754087577278466
W0c9deb460d4cdf680000,0.011205745283942583,0.006889726808302878,0.3670086206934562,0.04555454335384188,0.03251087270732902,0.007702099526240426,0.02684473181560004,0.01565057873108747,0.0067948150169544206,0.051334541943679146,0.014948268853116243,0.006016943714785413,0.0455810699734187
W0c9deb460d4cdf680001,0.010071150916622354,0.006165752379437451,0.2904839391083628,0.026894598112223826,0.03574960153580655,0.008082735666526614,0.032956919759247395,0.05788848986987068,0.009808257092714233,0.06638014696990405,0.015158540611983084,0.0083333186250676,0.027023266981149117
W0c9deb460d4cdf680002,0.0119097673653664,0.004122618293617562,0.3718203341114453,0.019714384828776903,0.029381035821392308,0.00950852631765626,0.024093472297703818,0.012831594992984275,0.00601510506904915,0.036340771621573384,0.014566388932466885,0.006936927237704144,0.028578206663765388
W0c9deb460d4cdf680003,0.011135681850117528,0.005021200963594109,0.3763881568736952,0.019438098419362927,0.030736569085538894,0.010982067248898632,0.02344268496335432,0.008900423646489575,0.006582702063771125,0.037114796549100264,0.0158290379173944,0.006700128525976156,0.03141556600601418
W0c9deb460d4cdf680004,0.012761398941577538,0.004720047389305604,0.398297891100049,0.018661633624255238,0.02940350223771074,0.010879600656123927,0.03594279052337767,0.007015825342424519,0.006393111266279977,0.0671127964024628,0.015844231350351085,0.007938278603336086,0.03215061338622482
W0c9deb460d4cdf680005,0.011432404574987128,0.006774181172918437,0.4374620813696453,0.020517520783414834,0.033939899021868725,0.010027182441467586,0.03430179778887779,0.018597091845973593,0.006969727171735857,0.04458615215350874,0.01609551660408121,0.008397522993238002,0.04357768067573008
W0c9deb460d4cdf680006,0.012754243088299312,0.005617063872564961,0.434667111776563,0.025371077584384324,0.037507745874122984,0.011223402170954981,0.036954853814608855,0.017549373997743627,0.0077103150435117,0.054425111773951686,0.01846415733149295,0.0077882015350246685,0.04121154972004065
W0cef648f9afc97ca0000,0.008851023209404448,0.0031944096235315025,0.2501051249763258,0.1366802357275706,0.06200765142913179,0.08990650427461684,0.055710330727484,0.01932521372254545,0.0035823759935847467,0.0353559495971465,0.008757258006591632,0.01877886747974362,0.08934357091084821
W0cef648f9afc97ca0001,0.007430725596079457,0.0034445317805943915,0.26748733682631315,0.4109354939892886,0.050961972010501726,0.016095803323838188,0.03609513472192786,0.006826416877864199,0.006862033254142967,0.039120858801326326,0.005735232078851914,0.01237535254866426,0.051361818051813994
W0cef648f9afc97ca0002,0.005148105581208248,0.002577842261907552,0.2495349652733324,0.2237777106520435,0.03778395073253607,0.019195477644767745,0.28205793367126625,0.006335664660231646,0.0038227417848597928,0.028793363112258274,0.006233841495663973,0.05515538055231915,0.027669883173357588
W0cef648f9afc97ca0003,0.006397573841044908,0.003141032218331138,0.24456604786154412,0.2272747315347271,0.039626753051775786,0.0702039391233492,0.20821594335581006,0.004611864613736648,0.003967958551641611,0.028263761955187632,0.0054976873353569196,0.06887784390944525,0.030289430314040397
W0cef648f9afc97ca0004,0.007004051416626478,0.004650371645171737,0.3488464220309235,0.1693633827627954,0.04485002618333922,0.11777082162661016,0.07551337198196488,0.006630954184055809,0.0050158573685603275,0.03213876447161759,0.0043853902993957646,0.07967916987372435,0.0408946114363159
W0cef648f9afc97ca0005,0.006220971485997509,0.0024372401347867237,0.22750228612814707,0.06576007564940498,0.040118858391581524,0.010565170147047264,0.1632056258144235,0.007334486532755588,0.004470856656565818,0.0290302010417759,0.006824622542391677,0.331463968560042,0.03888496183718991
W0cef648f9afc97ca0006,0.005262125179112016,0.002267722929949997,0.14511923692006293,0.05400483778256556,0.03740910424013455,0.009575438832996339,0.279561283433639,0.004807984582170334,0.0039080746355945415,0.026633519603736538,0.004634755948355183,0.3366310284274173,0.02668518162604942
W0e5a0e62ce08e1d40000,0.011900262825839175,0.5698803993811751,0.009736991208682537,0.0038473191651534977,0.0032437627525138428,0.004169235638803547,0.36057340386586106,0.00022682129117336747,0.0007418141566467869,0.00772672799507095,0.008383670676043575,0.0011124159285402556,0.005233182402953939
W0e5a0e62ce08e1d40001,0.009127059132900227,0.7826013779420637,0.0033493162491429634,0.003058708189070927,0.0020863039279050474,0.003337541565419356,0.1697452024599448,0.0005021461095180934,0.0012974909476159801,0.003280805349996669,0.009773493175463005,0.001297546059941152,0.0019465368221057114
W0e5a0e62ce08e1d40002,0.012317241055127536,0.5739390864801612,0.009002122331887711,0.003789956590688587,0.002188149922900145,0.005373667823544519,0.3570698789506654,0.0007793344496345977,0.0011121363006665473,0.00818860345077696,0.00750320303444477,0.0005567394566155488,0.004029025973556893
W0e5a0e62ce08e1d40003,0.005928388000946818,0.8488492669731706,0.006525071896981907,0.004309855391582513,0.0007000717583476036,0.005062500342551981,0.10116197183085968,0.00023905498508519648,0.0007423578825751972,0.003003295862468039,0.010015396886688274,0.0005567471724111369,0.004171371226821625
W0e5a0e62ce08e1d40004,0.013983905985322256,0.5714479696465834,0.009287481545231261,0.003373476260355841,0.003299424429443167,0.005002896343806433,0.3566341815559359,0.000782743902732565,0.00111213626506024,0.00818846031450822,0.008058801776926304,0.000556754070228339,0.0046309450063909624
W0e5a0e62ce08e1d40005,0.014543585597317535,0.6266947313701591,0.008626928421549345,0.003419826380076376,0.002882659589801042,0.004643430348724075,0.3031432985016379,0.0007828526932333438,0.0012973467905450548,0.006892157493392843,0.009263607253173647,1.1770651012743045e-06,0.00361250772763601
W0e5a0e62ce08e1d40006,0.011761768551007325,0.5736288140934943,0.009460602357453782,0.0037901671029619806,0.0027440524043064406,0.004638274391414182,0.3554340550890053,0.0007815966219671535,0.0011121363465827615,0.008743905888668128,0.00861436478523447,0.0011123096862557065,0.004029085002014642
W0e9796c7c593dd980000,0.0013108305265337858,1.961854735218926e-05,0.030418178459693246,0.0074711332263645265,0.008794069618648249,0.7768750503870584,0.0011710100136565176,1.269187652610948e-05,0.0005701321135463433,0.00029190672334328044,0.0005741682501948271,0.16917757682907889,0.002462045345493233
W0e9796c7c593dd980001,0.0004871665388339283,3.3930656441341174e-05,0.05566071007762164,0.015119263155073679,0.04868505103496732,0.6898758523851715,0.0016702906675844125,2.1185360983227273e-05,0.00039440402104005484,0.0003016384914635495,3.2352478327926595e-05,0.1833618862137223,0.0034957478470591867
W0e9796c7c593dd980002,0.0002082410876635802,3.4290193100616435e-05,0.07025291802090981,0.010307549628240835,0.14701127793099056,0.5286431699839008,0.0008586156580161431,2.2246041603756336e-05,2.289165574602188e-05,0.00030074024516724655,3.1173955500100755e-05,0.24043186274631997,0.0010161486568773348
W0e9796c7c593dd980003,0.0002103914924107608,3.674802820914866e-05,0.10114548384799375,0.010047755985741183,0.014615868681021873,0.6801103664881198,0.0008623436871081556,2.5088165870465096e-05,2.4968323393967705e-05,0.0008586881297715712,0.0005936780644913315,0.18989184546532542,0.00034925083016336286
W0e9796c7c593dd980004,0.0013100047548622563,1.9305571530339344e-05,0.046580617120706574,0.00886528782536788,0.010701203032769871,0.7598471642859452,0.0011301052464809597,1.1878338063312564e-05,0.0005688521222738721,0.0002907925223167414,0.0008524286283124167,0.16865372904951814,0.0008773970525253957
W0e9796c7c593dd980005,0.0004776525714000292,2.651253749050467e-05,0.08384354413916383,0.014239532142350804,0.01462162277201067,0.6485613986714118,1.861379576474231e-05,1.2786680450475936e-05,0.0005715270862828085,0.0014048233457943443,3.278269601212015e-05,0.2349128989205528,0.0004290837209123743
W0e9796c7c593dd980006,0.00048312998207381816,2.9321373632781977e-05,0.16700290695966907,0.01456307290005117,0.020268096309064204,0.586672734430981,2.4910651437907233e-05,1.7803619922490175e-05,2.0239431087636752e-05,0.0005771540911816219,3.2846834141241814e-05,0.207575937642996,0.001507213059937248
W0ec28fea344854cd0000,0.015103293437600106,0.012390158099659572,0.05189029721316701,0.058483898232278675,0.3997373594763609,0.058571825555163486,0.021024016354738117,0.06749335071124817,0.006166250763356723,0.03389138980331088,0.06436083165913466,0.05102968486098097,0.09411993403483333
W0ec28fea344854cd0001,0.013841081857977458,0.014180019096396693,0.058575810929502946,0.06371784850234967,0.36291879809238,0.06581484429081202,0.02074350063611673,0.06627912612248073,0.006764229548812825,0.03902239739371613,0.08015434642859502,0.05557473288229289,0.08173404716910053
W0ec28fea344854cd0002,0.012809344672140394,0.010763795441286146,0.06439288441890548,0.061691502167513346,0.3319889115838187,0.0987232132559245,0.02521499795010654,0.0641701690202944,0.0067870622213938,0.03623646768354261,0.08242886577373851,0.05842414698835524,0.08188015088666134
W0ec28fea344854cd0003,0.014659220017771606,0.012762731703293569,0.05767399905649353,0.06633018284259623,0.38188027047561074,0.06434162892239972,0.022065158377777783,0.06485953212313571,0.0063068595826745065,0.04041922500673855,0.08010470997909465,0.036855638561554105,0.07841199960472221
W0ec28fea344854cd0004,0.014287153985179626,0.013870055374354144,0.0526623634229295,0.08622124761902908,0.3720226795619462,0.03754355672409439,0.019750383373653774,0.07545149018028684,0.005517474526536879,0.03719511243842402,0.0810658082081192,0.04240644028454802,0.07260171613748935
W0ec28fea344854cd0005,0.014371522385388932,0.013188405049296047,0.04887474036998379,0.06424755381894708,0.3751024899075441,0.03753880467876915,0.01927667416097424,0.08047350339269142,0.005900247779596971,0.040720804943217594,0.08495147516897626,0.04068918382608725,0.0746397903201107
W0ec28fea344854cd0006,0.01457062041359117,0.008164745795607355,0.05107424702225034,0.059471857416194145,0.3807489123973288,0.03751538131985416,0.02066468533748133,0.11113960912485914,0.005711531123201484,0.03616697239551542,0.08630564577727035,0.032770791734649404,0.07116521323839614
W0f4adaf45b7388430000,0.029281938861199026,0.0006216371003533288,0.5935867021569875,0.06772052769511867,0.09832987827406954,0.061829426108104636,0.0038891360839009466,0.06449219353948628,0.0003633746128612529,0.002085761484981421,0.00803821514648926,0.057232191564464324,0.006276628769567117
W0f4adaf45b7388430001,0.0032394528727530303,0.0005606818082365549,0.48468844605178496,0.06506267616782023,0.10229302495602012,0.04051580460331114,0.0047594896480103194,0.07308590355426332,0.0006793137632973402,0.001673997396007407,0.0030254417491865173,0.2097184541273043,0.004683480061507568
W0f4adaf45b7388430002,0.002961564616750392,0.0005569140954771677,0.6222949224252274,0.0661053167077735,0.10081647155719127,0.09287898639644583,0.004299003201879316,0.07291456166893352,0.0012387330419798164,0.0015083085373268964,0.003302268800184178,0.019608778500807385,0.00557524549856562
W0f4adaf45b7388430003,0.0033964503212533517,0.0005779187753417951,0.5826514460646475,0.062215148303546006,0.09374174902120677,0.14660853362511989,0.004400074430129615,0.07644446258309541,0.00014358549469330214,0.0015089455855993807,0.003324641483293222,0.012623468877306757,0.005318583010519689
W0f4adaf45b7388430004,0.0027809740900129267,0.0005698617959237158,0.5247062426401374,0.06404846464392136,0.08978297108075353,0.2078801568967275,0.004785526233955912,0.07384883216297998,0.0006901378215892498,0.0014873958844830143,0.0033111579175629344,0.013996289708446802,0.0050479496607048965
W0f4adaf45b7388430005,0.0027788543381883197,0.0006858741866603156,0.5393060068481914,0.06857981308251716,0.11889561486686043,0.16046432836714034,0.0031891107411555447,0.07429658384340795,0.00022558833643069787,0.0016097571785005011,0.0033947756737663696,0.014568783909152025,0.004281161108982953
W0f4adaf45b7388430006,0.00303289218023849,0.0010263498546343288,0.3574981527898234,0.06447710216760781,0.21799243891979278,0.24263982181157454,0.005034407078500732,0.07496796822767969,0.0004753685316541049,0.0019720274279377806,0.003633360898948918,0.014219352866783247,0.00532410969410465
W0f7aa67121ad4dab0000,0.0011247561664918825,0.9944383824812637,1.613026713605993e-06,0.0011130330399495934,0.00018738876512039253,2.091034991146904e-06,0.0005599195091712408,1.3264830316922556e-06,1.2723224445135779e-06,0.0006491864206947138,0.0011624751272780816,0.00037166871523499186,0.0003799671338235288
W0f7aa67121ad4dab0001,0.0011285064174789278,0.9947648158902911,1.6126127469131749e-06,2.7623597507087784e-06,0.000835672909652128,2.0844037654846294e-06,0.00028274328536383425,1.1869785173010943e-06,1.1689597616928325e-06,0.00027879543615239076,0.0005721496371231336,0.00037162724156508903,0.0011952858615490464
W0f7aa67121ad4dab0002,0.0011253122829926786,0.9952974528990725,1.6599421777782532e-06,0.0011131503487453438,0.00018764809836672045,2.0356245786359236e-06,0.000281954303802696,1.1522218235573886e-06,1.1690058583925564e-06,0.00027893133771551864,0.0003749282536720309,0.0003716311946904087,0.0009573699982685581
W0f7aa67121ad4dab0003,0.0011251636685024639,0.9947724298765298,1.6729036025529844e-06,1.99238285240946e-06,0.000742964016046706,0.0002797052337330955,0.0002820371892066265,1.1515715629261523e-06,1.1690876051539237e-06,0.0002789298397118944,0.000652649682182611,0.00037163130521531817,0.0009266622145692383
W0f7aa67121ad4dab0004,0.0011255011042576647,0.9944644033332325,1.6379333004521948e-06,0.000557562335568478,0.0007431185506925216,0.00027987977097460476,0.0002823210123722789,1.2671226933897984e-06,1.1670110268043476e-06,0.00027892972189694963,0.0006526738218145867,0.00037162652781035717,0.0012337083044011855
W0f7aa67121ad4dab0005,0.0011259280874095726,0.9944652446627095,1.6599492356678225e-06,0.001113117136212948,0.0007432047947920464,2.1069896320198095e-06,0.00028260943393227517,1.27316761423363e-06,1.168979640980818e-06,0.0002789314686585216,0.00037491849623733515,0.0003716265318069914,0.0012325375095106812
W0f7aa67121ad4dab0006,0.00112596229552577,0.9944907885045835,1.6600876801086601e-06,3.188289360340285e-06,0.0008358762825806898,0.0005576517646367636,0.0002815422528210438,1.2739816102813335e-06,1.1694900215196705e-06,0.0002789313467479635,0.0005707294840477295,0.00037163131072623183,0.0009184824716870552
W0ff1fcd1013fefbd0000,0.014475699751592564,0.008134566861646687,0.1313301676396192,0.0027898202266030737,0.004145964880154816,0.5590606590984737,0.0010973270505773985,0.0020546623384278427,0.0002442245763299031,0.016974258177325667,0.0002634800982781885,0.21039393225372616,0.04353893155430813
W0ff1fcd1013fefbd0001,0.020759472916035485,0.001450629456013098,0.11377594513831518,0.0027715760206494457,0.014492159725961726,0.5067900253557244,0.001012405613276383,0.002177477794285771,0.0001245619931748288,0.07222532668638457,0.0006600134096557384,0.2390476203692116,0.01885932107242828
W0ff1fcd1013fefbd0002,0.013229944861824347,0.000868966031451293,0.013037731296011929,0.002409665344774019,0.0043798360849334195,0.5843280693574604,0.0012122137814075632,0.0024544113252536067,0.00011289390057967315,0.022400526454390307,0.00015024440315802788,0.3279909081979985,0.021607799182896636
W0ff1fcd1013fefbd0003,0.016861986338947813,0.0008418513994109135,0.012383246385182714,0.002627433890142788,0.003052379530270722,0.6665265571834226,0.0008440117350685308,0.001811770103265242,8.817118209637698e-05,0.03014169241317392,0.00012153992114587799,0.2195067550798192,0.04038047118199323
W0ff1fcd1013fefbd0004,0.015217289652916082,0.0014065600995986302,0.006490195802992219,0.0018470539173676536,0.0015809926977392323,0.6229410200474715,0.0006769227973959934,0.0024152662904357784,9.532653110560462e-05,0.008022193999115796,0.00012781241163647866,0.31963655099255855,0.015275014191496078
W0ff1fcd1013fefbd0005,0.021142321570952836,0.0014316710921310474,0.012513859563322691,0.0057779276157482835,0.006034895052027862,0.5444289798614507,0.0010923162455865954,0.0017906916154550913,0.00011947896841694028,0.01253991922782676,0.001128902718238465,0.3772641888948329,0.01041771957502328
W0ff1fcd1013fefbd0006,0.020594332534373764,0.001982321850464785,0.01246194826819247,0.005682476564635959,0.0059093142542120634,0.652138614469697,0.0016166989181252514,0.0023138045004716208,0.00011431427840667384,0.009542526325717757,0.0012623919898927369,0.2721026280981403,0.00940971722770302
W10d509cc954647eb0000,0.0044644151529242265,0.002002273691442516,0.042243048449029014,0.02113844459172249,0.03509038890692913,0.01295702554181152,0.01902026971924354,0.00940791565663455,0.006194415318718545,0.028573084480705037,0.027268356242691687,0.0012560497121002548,0.013832712557684023
W10d509cc954647eb0001,0.005146692200062822,0.003248342820967064,0.06300990436430548,0.0396551093471785,0.03640485705496263,0.19952120411932542,0.02300790904175839,0.016534513666558767,0.008602281142413853,0.03979805238984642,0.035528104125504056,0.0026427537121184257,0.014139566303514385
W10d509cc954647eb0002,0.005221681669941607,0.003123197344736219,0.05145087752012533,0.03590423828202592,0.034430170225133526,0.1287198423155404,0.03908978404548508,0.01688505793920412,0.009346001618299456,0.04066279484733208,0.044450873738448436,0.0020162585443992097,0.01430268566489926
W10d509cc954647eb0003,0.0068696673600917154,0.0029471279157194737,0.07535568476850181,0.03267211468309986,0.03753363575829163,0.17704131219918717,0.034342821132831075,0.01227973585202971,0.013165596614498678,0.03767535787432489,0.0427838036913006,0.004319642722706721,0.013613039060784227
W10d509cc954647eb0004,0.005131711358779034,0.002014107063921817,0.07022149050693295,0.0260525907815171,0.03579128299222497,0.10618184330356834,0.019482589077078016,0.009926524235302752,0.007592798091421002,0.029395332885425562,0.022277239224173434,0.0015992315564019393,0.014727404112056735
W10d509cc954647eb0005,0.006593129019723889,0.003557300924784548,0.08202287622551616,0.02748349457818519,0.038904000119950564,0.11064403278701285,0.025459782747412705,0.01967806750579232,0.009205318111853442,0.03670277464184537,0.04715605044563024,0.002145975673602476,0.017423528983910242
W10d509cc954647eb0006,0.005982509875176977,0.002416313249816596,0.09537177604684655,0.029906594429067436,0.03767276515536772,0.14240149371812433,0.02205873896152006,0.01331347676580727,0.011219087798680565,0.0314618599223914,0.03459742536724296,0.0018469082508281115,0.013750198731098874
W10e2051532c96cc70000,0.003923968623962729,0.0004381323454353869,0.03326923364426117,0.02050569290076845,0.01713661306491213,0.01815098975285115,0.009139872651156037,0.02863728531595914,0.027810326650614798,0.032802570914563345,0.42880496987546174,0.002831460637441067,0.009131656937405098
W10e2051532c96cc70001,0.0036096697488079304,0.0003758269366028471,0.03229667017377301,0.023257686431731914,0.014543317989686666,0.01729748227632705,0.008455026258148665,0.03311829872332882,0.029361631680086032,0.02887525402340948,0.39942302426051285,0.002799514528220177,0.007966285183755095
W10e2051532c96cc70002,0.0030269511367384903,0.0003369588312828234,0.029945121240553638,0.0208741574466159,0.018398727977151648,0.013039618586164118,0.005556726678523943,0.02644636785488783,0.02212972176483261,0.025223871477976386,0.4200740111934567,0.002514327624317043,0.008479856057159696
W10e2051532c96cc70003,0.0021774359310963603,0.0003257378120506467,0.030485161060414823,0.021631409468002554,0.022044869715027022,0.012709934593847552,0.005420253330839235,0.027123256242039488,0.02060309776235802,0.027815882723877635,0.4486700049515801,0.0024992006538302647,0.009488103929334022
W10e2051532c96cc70004,0.0030209584289492453,0.00033910573472504147,0.03061323290851391,0.022490327084009443,0.020457558966860512,0.015112186418711943,0.004859222358539486,0.02724779230155374,0.022758536958531722,0.02922202628520513,0.4273463975922263,0.002495148326375197,0.008410168936128688
W10e2051532c96cc70005,0.003023069299230736,0.00034250555642736686,0.03189084551832912,0.02486215938878026,0.01999994454910633,0.019290079769618405,0.0038044101167915186,0.02486331961367596,0.02194245639905028,0.02935663220613552,0.421423730435992,0.0024996190502068914,0.008929242921252512
W10e2051532c96cc70006,0.0021759441140123117,0.00033828476465885674,0.03128554053388553,0.02141334533516894,0.02257156167578877,0.01375560613670516,0.0041254152146091875,0.022772549975213788,0.020614832811519483,0.03370606981233212,0.4512376671994923,0.0019186106832108645,0.007968700158304403
W112dd88bc24030fe0000,0.004076453947823263,0.4251966489418896,0.011862644659747639,0.011159620400934102,0.017122415936062958,0.013036419559584568,0.015285948073088432,0.044081032196386295,0.3889192112303408,0.0058356867587719945,0.05305422669944285,0.002917825472701882,0.004723533064252767
W112dd88bc24030fe0001,0.004000935094116092,0.43209380031033656,0.012934852908518837,0.013505200282762097,0.018207312965499163,0.01335030231359895,0.017566955032222935,0.05648569141838141,0.33493539693513863,0.005507767762232165,0.07365435582970967,0.0033471402363318354,0.00616270914674401
W112dd88bc24030fe0002,0.003335708971061521,0.42624194406421534,0.011958371897676848,0.011716492939135474,0.017862843620444605,0.012479231615690953,0.011119163635895397,0.04077469002404061,0.3911243498588869,0.00583502052735031,0.05560899503016821,0.0019455847172973472,0.006205192900160997
W112dd88bc24030fe0003,0.003946117931779738,0.43157559784008365,0.01386872880168196,0.013455517972829319,0.019021638550444423,0.013883337163562902,0.01671087114390243,0.06757639958926316,0.3282106464297052,0.004757216337523564,0.05477463451157991,0.0030569787815144605,0.004638551552558061
W112dd88bc24030fe0004,0.0028342844924158115,0.43078867946024585,0.01456714883782426,0.013176724627723001,0.02103450101718513,0.010246211909401134,0.015875028571692918,0.04232625199221901,0.3490864609212506,0.006005814287205012,0.07562198510400057,0.00306136696072488,0.00587751730444458
W112dd88bc24030fe0005,0.003934056494624107,0.4304466683720015,0.014332722684360043,0.013818090392523165,0.020699433315909593,0.012519678516298866,0.015856654660561582,0.03960476665938776,0.34068018863926464,0.004815991787698526,0.08687608094187506,0.003064898814421969,0.00523545030968067
W112dd88bc24030fe0006,0.003962287134542928,0.43134166370159055,0.01337434098039516,0.013416342823476538,0.02014550038037472,0.013193401980567768,0.01699628985733828,0.04651723239827012,0.33347606983954503,0.00486154944848406,0.08559864257553612,0.003066556232921765,0.005374720000380863
W12dd826290532eea0000,0.0035583459566058866,0.6036937767498555,0.000280230738306754,0.0036133168486347893,0.001197045699259822,0.002227188414921022,0.0013926508910693804,0.0055859888331328,0.35055561894801035,0.002584625420418608,0.015446600187353821,0.001223560963920702,0.0026427322432766753
W12dd826290532eea0001,0.005872742365586992,0.5801144324595819,0.0011135321975938848,0.003057388746494866,0.0014736952157041346,0.0033372981468217508,0.0021333403764041458,0.00725899310037336,0.3586772106449817,0.001612242792784356,0.02256538744704724,0.0017790785023889173,0.0016735795732375608
W12dd826290532eea0002,0.006442417291861305,0.9111105787520609,0.001669411567732336,0.0036175479212453097,0.002307074646849665,0.0039052180636982375,0.0032495956442299234,0.003956109754048827,0.02466423958154058,0.001386544059328092,0.025110025473190942,0.0017791473773110472,0.00213736134997285
W12dd826290532eea0003,0.006182260659034885,0.9089297143855469,0.0016692666921426604,0.003836583112922602,0.001946022928625168,0.005032636563334248,0.004143475139155808,0.00504259658202567,0.023658594138528076,0.0014635395541181045,0.02445015431439225,0.002149451961052139,0.0024145340640854365
W12dd826290532eea0004,0.005872733175111927,0.5803300024130764,0.0011134494241218942,0.003056927167367562,0.001473783830407352,0.003345960368679295,0.0021333407188181665,0.006589709081283076,0.35930113276801356,0.0016123724544347387,0.022016467806632092,0.002705004293815658,0.0011181510116910242
W12dd826290532eea0005,0.006457035861835961,0.9035492391687429,0.0016691920061348252,0.0030609447659085656,0.0014738066160199723,0.003899832496051159,0.0032702764691877983,0.004909795716196375,0.028516915994341443,0.0015281357091223857,0.02676915468560849,0.0027050072640113815,0.002970504089343283
W12dd826290532eea0006,0.004113491834577038,0.6040003470507157,0.0008357415884828081,0.0019458960489915694,0.0009186785996659773,0.0022259560241232094,0.0013925999563297708,0.008375618609934235,0.34636229820128095,0.0020294096851919134,0.016451425830695074,0.0021494520180665826,0.0026459004295042417
W13f06082619423f00000,0.006467176726298502,6.495813761474603e-05,0.013704439270038409,0.01652661798525282,0.004820381504523679,0.43897156739361826,0.0006161219135686823,0.0002824852534289927,6.285674339307497e-05,0.0006834057902139752,0.0005867689095999088,0.5096269289832381,0.0059955549200870345
W13f06082619423f00001,3.0488286248828562e-05,3.6033916396127404e-05,0.02246153937491298,0.01060141771942734,0.007856378972486559,0.3234152938861765,0.0016974088640460475,2.375648751307374e-05,3.439395467304095e-05,0.0002971301412755103,1.7024221278174347e-05,0.6295611966925457,0.003549950097122435
W13f06082619423f00002,0.0014405976452369455,2.677147069308257e-05,0.005430570938959715,0.006120699521779305,0.0026157768629112106,0.2797920346617045,2.3073964458518224e-05,0.00025548922408946993,2.5949354789714113e-05,0.00029174465627155086,0.00012400555390440672,0.6974669215625819,0.005821784375708038
W13f06082619423f00003,0.0014204733070485082,3.329460811078746e-05,0.01220682376367791,0.01233140951068567,0.004453543510884734,0.2693765979048887,2.90651476769196e-05,0.0002597840245486626,3.2249161691055465e-05,0.0005737366318644198,1.77338782994168e-05,0.6944414055928901,0.004256123271753215
W13f06082619423f00004,0.0008963528891878572,6.651175991184042e-05,0.010925250396059615,0.00963440645921462,0.0034832173614925666,0.5996142874616772,5.7575894123329816e-05,0.00028725227186410707,6.457590362232266e-05,0.00031416628355285177,3.218701981114147e-05,0.36921646499062655,0.005158643264645991
W13f06082619423f00005,6.054593913726147e-05,6.358325816591405e-05,0.006311349644801932,0.001079505802156345,0.0019988518322908416,0.6676709074926098,5.529200221822368e-05,0.0002796231370432432,6.115717449100401e-05,3.460924950191431e-05,3.0531281809464236e-05,0.31452561305387694,0.0075838413523082945
W13f06082619423f00006,0.0011603464957266867,5.194784975989446e-05,0.004784675896052831,0.0013142140447106616,0.0019630486426606567,0.4894159315056189,0.0006068912877242472,0.0002720251008107682,4.9967667551746314e-05,2.8277437600326618e-05,0.0008860589970004631,0.49259175532106764,0.005914784128222485
W148bf406de84e96d0000,0.053446235024622764,0.00014735050477221763,0.05436920552889364,0.08476176132971608,0.026258652170883977,0.23402703279919937,0.012276755700881308,0.0059631703566196455,0.0050328428224105165,0.023870887688564647,0.018427758374029754,0.006370962492647393,0.03772548937036252
W148bf406de84e96d0001,0.05984156994548305,0.00016833280839040956,0.04955703926886763,0.10386509551355873,0.026746056073806944,0.22535448212488676,0.012344992492513243,0.006614115698216076,0.004526923610924391,0.025469490486091453,0.019450424224515622,0.00574935983220687,0.031071926185615877
W148bf406de84e96d0002,0.05168127260986852,0.00017397528215736026,0.05483594937034923,0.09846089963011745,0.028034212597732776,0.2670062591124784,0.01345230593933356,0.00544332935119311,0.0047769692498129184,0.02437428971617655,0.018806724554519098,0.00652327409941157,0.029063694637497167
W148bf406de84e96d0003,0.03464709791455491,0.00016544739143901094,0.05746965490728765,0.09926303510960159,0.02986703740807614,0.2491935131984515,0.017149851338437713,0.006580083602239929,0.005604197687354386,0.02213083627116637,0.015789282457853413,0.0059215117963050705,0.030566057901492
W148bf406de84e96d0004,0.05200515679780755,0.00017511609156388295,0.05621866292120096,0.09951420665662389,0.027079474790922143,0.24537869831681722,0.014874407617503003,0.005490307682636092,0.0042359297367277424,0.02455240657329668,0.018865922151704406,0.006523398601339491,0.03091057984004731
W148bf406de84e96d0005,0.062011852879818787,0.00017644283659269138,0.05694466387441879,0.10064971070984506,0.027635185566954906,0.25610268385867807,0.014633330256183236,0.0071469645273269725,0.003766360953829161,0.026108779426870083,0.01815461805644629,0.006340782153293297,0.02918088389032676
W148bf406de84e96d0006,0.019701023647691513,0.00017752452456862213,0.06391741806861151,0.10669967522550602,0.03373366255963848,0.21779461198971306,0.015449739771782588,0.007662887716602899,0.005361641747044177,0.015793483584462798,0.01099654271259032,0.0065366204267108315,0.032541035834377854
W1677b368f7a7d4cb0000,0.002806497934066151,3.0121023098927453e-05,0.00945262414967684,0.0006224079814052028,0.0027135274772149953,0.7409014861189084,0.00225099962677134,0.00026077765185722224,0.0011358968516859275,2.0503796005184415e-05,1.6835379105204884e-05,0.23203862765829827,0.005795331228229086
W1677b368f7a7d4cb0001,0.005905606759687831,9.885336530381633e-06,0.010452094369463455,0.0024544812522637924,0.002315128861193899,0.43012432170498555,0.0006239257917133466,0.00024488567488971635,0.0011191824178820224,6.429364042855369e-06,0.0011167973284403714,0.5310725720644097,0.012625128015650647
W1677b368f7a7d4cb0002,0.0003037796948511005,3.0241998963629086e-05,0.05132979138864288,0.0007151248282553529,0.002286862584139876,0.6804978308783147,0.0009879279485305596,0.00025887888468650427,0.0014134338020075287,1.7843922023944046e-05,1.6005301694468314e-05,0.25205932069092923,0.009334702338357901
W1677b368f7a7d4cb0003,0.0014236194778934341,3.649521526487556e-05,0.04637017869817285,0.0004666013890775982,0.0023411884491792933,0.6712227560955807,8.751059371426531e-05,0.0002632429401193622,0.0014185981136922293,2.151727272073316e-05,1.8119861033294394e-05,0.2680547953460588,0.007520058338961929
W1677b368f7a7d4cb0004,0.0003060253963136176,3.283834850048343e-05,0.04522270839203563,0.00016418197156212796,0.002835060619362576,0.6201336291478198,3.458613569530983e-05,0.0002606929074513226,0.0008599399963431537,1.9370779841683802e-05,1.6046369732732866e-05,0.32684304956977683,0.002520386350254461
W1677b368f7a7d4cb0005,0.005449416655943617,6.293912555258421e-05,0.008774122741704719,0.0029905773239221156,0.00306195234278803,0.6768203090244497,0.00033803698987788805,0.00028147890327614376,0.0011622284447954003,3.714880770605896e-05,0.00021614120906297122,0.2939372573028472,0.004879264188939125
W1677b368f7a7d4cb0006,0.000862102883297093,3.014181231129498e-05,0.013203682460691868,0.0013719663210163423,0.002710527967741337,0.7281510005051984,0.00016191929043768652,0.0002588223443850925,0.001413659103341035,1.7909739071483257e-05,1.5386738549669268e-05,0.23852028553544902,0.012534075890897072
W16c71d34f644cae10000,0.00014841982900197728,0.00019675654758848405,0.002903998895637574,0.002911101764956839,0.002014198876869723,0.0010121817160666654,0.00614339380446782,0.0810761358540583,0.5242774488474854,0.0032566511571838048,0.2798399558570083,0.0021524555142168555,0.0394788988920934
W16c71d34f644cae10001,0.00024462121921415636,0.0008798235672588529,0.0030642059946997934,0.0032684162262839466,0.003347402934942724,0.00211488942916328,0.006034329367396781,0.08121819061823674,0.5390512561656999,0.005452904756021367,0.18497155234069299,0.0049158123445862505,0.07072172616042344
W16c71d34f644cae10002,0.00018912397618608696,0.0008062725983577602,0.001985970479143942,0.0023834747291069263,0.003136604062242183,0.0012159362920429095,0.01780012161315211,0.08247654792814585,0.5324688940174577,0.004579373034946363,0.2325233228496967,0.0033205382684811644,0.06443055558770151
W16c71d34f644cae10003,0.00014072900730797167,0.0007421165683910087,0.0014238359394102558,0.0024032384614805914,0.003474103683011814,0.0011012448979190834,0.013527777061674498,0.08178259806799071,0.5165480997312977,0.003951555120194826,0.2762511635610426,0.0028348729842804133,0.04806242978443912
W16c71d34f644cae10004,0.00023434685499963353,0.0008662232937175647,0.003149627113348827,0.003167030817188785,0.004204487231918768,0.0029463116500767182,0.02324217422739386,0.08027512080177404,0.5369626100133534,0.004949851878999402,0.20011329949044154,0.003932854887382029,0.05116823444411267
W16c71d34f644cae10005,0.00026854958778284175,0.0009115285842741478,0.005398800173189652,0.004048123258595688,0.0033667559705727536,0.002904552967401198,0.02979456795422482,0.07902037053095434,0.5342312561719521,0.00604986644589667,0.1582118905489991,0.005018373621962359,0.057351546167256524
W16c71d34f644cae10006,0.00037915650833020336,0.00089449303470493,0.004721887671572087,0.003556279721570188,0.003360877742500505,0.002701149337898884,0.006709478281932073,0.08004546642583218,0.5302049417682357,0.0051085461101703445,0.1569539340084387,0.005298742064325332,0.10028468748680745
W1733af1df1f936590000,0.003114450181647969,0.00037960820141653403,0.026812430325367734,0.01645994873417016,0.018549545686743753,0.008538324419602332,0.0023294703852979924,0.03073026618645795,0.04103169256405002,0.028644953137334703,0.46307853964014883,0.00441872784506752,0.009385300781894274
W1733af1df1f936590001,0.0028159779792872805,0.0004313093975664409,0.027700031665372996,0.02076911348194693,0.019524205230499442,0.010616223274747748,0.002585323959087133,0.03427710518393418,0.03569278742809842,0.033178284902249146,0.39608566170901893,0.003487675013937744,0.007134434890894247
W1733af1df1f936590002,0.0028054413642258844,0.00041765663923127157,0.025775369739881652,0.01710928850007305,0.022290551810727494,0.008254089090015418,0.0025049923591060016,0.03630755105561855,0.03804867024254987,0.025607963371829263,0.4136857227181118,0.004304114047036436,0.005785135147345799
W1733af1df1f936590003,0.0027768063314654715,0.00039500544709698463,0.0317527656733413,0.01851530768673242,0.023931613123298286,0.013539166204420016,0.002732271815350893,0.0232520425505165,0.0301299857881202,0.023325801820416426,0.4457368020531972,0.0034706737175977734,0.005820775544241937
W1733af1df1f936590004,0.0016509570602580106,0.00037752582174432425,0.028746550958928082,0.019110751518524514,0.021894875530499847,0.012195736394751255,0.002724240256559557,0.025245136635752532,0.02820392981472334,0.026464791096144847,0.43081917118158614,0.0028544767771688825,0.006422228269983981
W1733af1df1f936590005,0.0028100058554856753,0.00043435349459997367,0.025067490439502193,0.016951085112571825,0.020117777990447505,0.010111505362756368,0.0023474320806786153,0.029595228883042526,0.04228920640313987,0.02503454972820162,0.4178438944043857,0.0037915538146776136,0.0061656844689089935
W1733af1df1f936590006,0.0026977463814187477,0.0004278577362104684,0.02487789738450717,0.016678450540136638,0.02101167318193874,0.008657387964319441,0.003006517613843253,0.031237516479364274,0.03889717323015126,0.029425737234090102,0.4187870722195964,0.004260485513822366,0.005662197633783717
W17e3988fa13c94340000,0.9619982187833237,0.0005567595130841424,0.004217298726470238,0.002470837767920373,0.005450694554660494,0.0028781842747622353,0.001855726480807216,0.0011119054607307219,1.4134056146659328e-06,0.014248846768434057,7.022875065905065e-07,0.0011283711195594023,0.002409788934542611
W17e3988fa13c94340001,0.9527962684942628,1.484823040923669e-06,0.004239840627654064,0.002458586792085949,0.006759615992073639,0.002879310171376657,0.0011125045136965044,0.001112032658501165,1.9444011867141854e-06,0.022317115712721547,8.116734961735111e-07,0.0011277573271173686,0.0024097818353359824
W17e3988fa13c94340002,0.9509188139406887,1.2359416113973236e-06,0.004874553213984814,0.003570818827670208,0.0060263022633019305,0.002507970408528909,0.0013167330061056865,0.0011120744099594457,1.8516380245786453e-06,0.022036420803305992,7.042642377899894e-07,0.0029956216477686724,0.002410000308345824
W17e3988fa13c94340003,0.9520988289572814,1.209774913072172e-06,0.005089771971447586,0.003569477413041635,0.006069635827240482,0.0025078985479439473,0.0012989945076780072,0.0011123502607333592,1.4373649037962858e-06,0.021948742013077244,7.042372097698448e-07,0.0015533106091175604,0.0025207683409640275
W17e3988fa13c94340004,0.9544777641356255,1.1830839358830912e-06,0.004271666781103403,0.002459316037705799,0.0069668997918107475,0.0028780749807237813,0.0011122339922597965,0.0011121274284872618,1.326628415235279e-06,0.020962108489858387,7.042060724192103e-07,0.0011206569653250643,0.0018537066112641195
W17e3988fa13c94340005,0.9597024041068649,1.3969273695573625e-06,0.004613882270448761,0.0020892397252690975,0.005774494171573427,0.0023237945079589146,0.0011124402342318914,0.0005564790036124658,1.950107908561228e-06,0.018611060294520768,8.116196402443263e-07,0.0011308220324701928,0.0012984152572960437
W17e3988fa13c94340006,0.9540949906412063,1.4093858393625405e-06,0.004339668406931822,0.002458679900689342,0.007562599419834474,0.0023236653157632267,0.0011123383427979966,0.0011122828892262853,1.9942547947781703e-06,0.02123486020969399,8.116900261316027e-07,0.0011198696073485893,0.001853987501067942
W195c4af40eae77340000,0.009789031606205667,0.00675356577303141,0.09961479975251283,0.0674007158970338,0.0898889633709839,0.2628890221521493,0.01602151527978804,0.006931272675387821,0.0037045195007318257,0.15166567446734414,0.05440796352457766,0.01060096700558365,0.14031551408030812
W195c4af40eae77340001,0.008186971953524724,0.005934028502589973,0.08749286285133162,0.06766973752593873,0.05968716527661394,0.3139081347514409,0.015943049615424715,0.005596781388431281,0.004361755389728483,0.13100696581544677,0.05832349986279379,0.01142680531961388,0.14953258370500236
W195c4af40eae77340002,0.008177298548122009,0.0050539580846751765,0.07210142051183635,0.06135857806455392,0.04975071028860716,0.37107777800209046,0.01929118858253564,0.004867497008057601,0.00379950527076771,0.12063932162524839,0.06039687394522194,0.011861557006520215,0.12061475897700574
W195c4af40eae77340003,0.011163522522527917,0.006306160852685492,0.08128581227542703,0.0625382554145231,0.042345880461995174,0.3510535268183383,0.018446116414080404,0.007158311697854288,0.004073749324491414,0.10266523771508118,0.07239111802665414,0.013345054518919437,0.12620785326904105
W195c4af40eae77340004,0.011044888731381633,0.006191101677187412,0.09655389330709503,0.06166630840840114,0.04798766792651809,0.2866713320282312,0.022725507355801294,0.007199522009122506,0.004435099717556105,0.11341480253513853,0.08273204469025666,0.014381173731883674,0.13110617393058596
W195c4af40eae77340005,0.011080060565560788,0.006603838179108431,0.1238372547556099,0.058161022400371416,0.05742997714716109,0.3144333641939041,0.022002602640009812,0.006989997751548397,0.0044080738277898,0.10687729360000511,0.07557438839281733,0.014921059052069707,0.10811555688664064
W195c4af40eae77340006,0.008393446863054583,0.005806074916172626,0.050689161016383634,0.053322011821008715,0.044776996660152585,0.33676919484835005,0.013194969724179812,0.006478969439913724,0.0038962501868727854,0.11407440102722512,0.07982158913663244,0.011754288121363027,0.17189284651758063
W1981eb76c9c18c3f0000,0.007427582039668724,0.0006328719130137326,0.0825383448358371,0.31350232136413475,0.01678150169045033,0.3627741630004085,0.028616848683368282,0.0024036470504876493,0.003951504053864564,0.019271382809206903,0.015828444707679325,0.011380158629455739,0.0202175611258488
W1981eb76c9c18c3f0001,0.007525356743865277,0.0011049709378886602,0.08869046911296438,0.20962123882414105,0.01804407399772139,0.3992137958583761,0.032936492198983466,0.003591591809900743,0.004174157139564721,0.021650342897937647,0.021823064285810212,0.019052944745174057,0.027439687008882146
W1981eb76c9c18c3f0002,0.008098588241153712,0.0011934584199574266,0.09314397020020179,0.2033631505352116,0.018176759120091736,0.4064452139135036,0.032145524762854726,0.0042114790225866545,0.004411535583211746,0.02265720056230883,0.026486866693982262,0.01533461065254567,0.025345722328338625
W1981eb76c9c18c3f0003,0.006046158443755002,0.0008404794156005675,0.08563924647857063,0.2075424818578012,0.016019576440051093,0.3710647681346017,0.02921006805415879,0.0030689067997765806,0.005362606361457885,0.0202728680240366,0.06749851665724335,0.013137141291477862,0.024658812131665552
W1981eb76c9c18c3f0004,0.006912534623267076,0.0011280116862760591,0.12362780604075395,0.17750527314232997,0.016761098773163226,0.34012013167946753,0.03187731909360854,0.0024571482986033024,0.0053155581854000405,0.017550073275067885,0.030010681397791835,0.0149710827720232,0.0305670326749778
W1981eb76c9c18c3f0005,0.007211010287058483,0.0010466532929075901,0.09319855085545721,0.19801965483746115,0.014704445361973828,0.3738507939775981,0.039482638726417815,0.002997592269992445,0.00515099818750642,0.01891513690026319,0.027449433028028117,0.01644682163003711,0.029808851303836835
W1981eb76c9c18c3f0006,0.006719922997264244,0.000772342415010971,0.07857504043784388,0.2426016753215504,0.014612859791903758,0.40333264673664976,0.027580288952564827,0.0042048300976148464,0.00510826972795959,0.018301156785247182,0.06722934430455704,0.013078656664556902,0.022330911116093487
W19aeeb61c88250180000,0.0008937809707765748,0.0003382559649488651,0.01679345507236061,0.008605744287049964,0.00769048964690813,0.00510607569622937,0.012575695063587314,0.04862088314399992,0.00267692166555585,0.012170049599288775,0.02726823784409671,0.008131956115238913,0.407302521265535
W19aeeb61c88250180001,0.0015703903181038589,0.00013239220186206412,0.015079164270078051,0.008166542424705839,0.009980389671552074,0.005233403644919266,0.016114574056328105,0.04953351710941145,0.003496965187830483,0.014963704469918654,0.029817594457365187,0.008981028917991114,0.48942105028713695
W19aeeb61c88250180002,0.0015807691121440032,0.0001408223467982138,0.01514438720845499,0.0075791488659645995,0.010128970255442757,0.007064424857691686,0.018271220813052994,0.05027781651229116,0.0038089224106778613,0.016781198856423745,0.03287431496077164,0.0083357723062521,0.43970268576059945
W19aeeb61c88250180003,0.0015698399464450616,0.00014141719732922795,0.014539786023789289,0.008127828132884415,0.010241200385185863,0.004430636497540332,0.01715565892608311,0.049134140769450114,0.002924739231119287,0.01567652898794917,0.02922824188046336,0.007621036407991973,0.4850341910587153
W19aeeb61c88250180004,0.001574839811212634,0.00014818208718480797,0.01622629564524691,0.007866850719520197,0.009996017833928254,0.004586325588015372,0.015941600841009474,0.04944382161089356,0.003115104097660885,0.016754886833094302,0.030356244115833837,0.007789833597653502,0.47236440370633376
W19aeeb61c88250180005,0.0015686534284380705,0.0001324904206769641,0.015580559563182276,0.007342435178981275,0.009268902381776443,0.007426160750975799,0.015503003414445176,0.05078360803917574,0.0035880255772590994,0.016187677702652566,0.030927119964004973,0.007751739285212964,0.4622835497713157
W19aeeb61c88250180006,0.0013001403892584785,0.00013906721494663654,0.01511329240019157,0.007862864058119923,0.009277296778531457,0.005866920994108742,0.016712374518161453,0.04957301015616135,0.003508202395037531,0.01504383748782215,0.030111568515986488,0.00878841504179735,0.45050697014471036
W19b93dad2115da5f0000,0.04008566400073949,0.001975901356646751,0.02514595293557333,0.0966481883333324,0.024126285346851035,0.01983367317058511,0.0168775503508236,0.04809659067433952,0.009283460281560837,0.05074354676363849,0.02068562986359365,0.0026182741982788333,0.021088725258268857
W19b93dad2115da5f0001,0.03802726378818844,0.002163763413019994,0.026162888354691948,0.10069088974892673,0.021570575022842608,0.022328182395052153,0.01160571015838609,0.05111893643259497,0.009921309395905699,0.04686267058553602,0.02306676554712794,0.001908813736722337,0.01807310745304309
W19b93dad2115da5f0002,0.04209564031322489,0.002451479280228774,0.02879857226996099,0.10198586242914053,0.025081300370926565,0.02119981028632686,0.011095320765426561,0.0199846599714948,0.013504629138148346,0.06320920250916846,0.026653977412982126,0.002813724420724039,0.019533257355292225
W19b93dad2115da5f0003,0.041450714934962885,0.0022286245203636972,0.026754649564405254,0.09670919807853144,0.027206894435468813,0.022086066700723675,0.009982339876582948,0.017952270737872242,0.012565906031410142,0.05940328011362352,0.02392625515265957,0.0025569337414349212,0.019316682124478582
W19b93dad2115da5f0004,0.04349522100996939,0.0030673095644734223,0.025595653433335485,0.02997361463466864,0.02903665324328494,0.02622248492551809,0.019662155395633717,0.021502870770865982,0.011131841477303936,0.06955558416370827,0.022322094611934264,0.0028743634739316366,0.019922567028340513
W19b93dad2115da5f0005,0.03854509316314219,0.002498204990143653,0.02480818059893804,0.08094391060967175,0.02466738417498444,0.05530704945839678,0.03857526107484085,0.041413207497208844,0.01053355178807413,0.06363862834200155,0.01863594817374437,0.002644620840902581,0.01743309294808339
W19b93dad2115da5f0006,0.04181602925430412,0.0021798781928427293,0.02616203056839295,0.09430461854991266,0.024919943749604028,0.03412231085703888,0.010829457595964292,0.019791642182752568,0.012762108730595039,0.05840098176928994,0.022654360964380123,0.002483141722793289,0.0198171085844683
W1a7eeab32d8e40880000,0.0019555992407684865,0.2924613502067271,0.027846261439703368,0.015067234321064849,0.024276842005916604,0.01240122974146173,0.5600053563714135,0.0019362633492895434,0.0012725540921259724,0.014870023014666682,0.009008157516596898,0.007085955729631694,0.00644675954946316
W1a7eeab32d8e40880001,0.003360534344335581,0.003911803839656107,0.04094490337252389,0.025517008630582528,0.03732330556796208,0.012084048057342396,0.78235514983183,0.004056379630995719,0.0025122155268488076,0.032116148237170815,0.01269384340496228,0.003348475919768898,0.011329531233795674
W1a7eeab32d8e40880002,0.0016866650906010438,0.3042070432360515,0.029960199230399016,0.016573993983555805,0.026756493186454115,0.011133462516084595,0.532844743286979,0.004757163290702253,0.0007214294909660543,0.02294055026369319,0.00994012470746624,0.00625291988400518,0.007749945433897073
W1a7eeab32d8e40880003,0.0014039940779426961,0.0016861550799351338,0.0409838469265443,0.024099278952281578,0.03856076871759109,0.011687037077471272,0.6867946609300052,0.0039332461126190535,0.002443728774004296,0.12203803290048783,0.01444086809548048,0.003160371549729297,0.013863643326588876
W1a7eeab32d8e40880004,0.0014000564643912262,0.3002953856248194,0.0311312983402233,0.015207269416061611,0.024244151306126623,0.014546746953976434,0.5330110034820239,0.002789384651465855,0.000859256021453639,0.029147166435430492,0.007674172826645053,0.0061139128449290946,0.006875146258550183
W1a7eeab32d8e40880005,0.00228195195834505,0.02143069061403805,0.034406500887132596,0.025765727132835887,0.024011004934847726,0.011369593446481982,0.7814801410232096,0.005542141428089654,0.001604303462560043,0.03731515880616223,0.010953992375716523,0.006122101602123182,0.01061236961100471
W1a7eeab32d8e40880006,0.0014508659429745372,0.3160781893653315,0.03117121386504317,0.019117343626119672,0.05817807248932013,0.013808019566496873,0.3462740546101846,0.004857546330857077,0.0006329624769377141,0.1440509706003868,0.018302441119559854,0.005188968341795302,0.010920512545531311
W1b68e1996a189c2a0000,0.0033681781268986763,2.7193766570028116e-05,0.0024066468437673287,0.00423669882833376,0.0012463968022154292,0.7631757083534728,0.0005811337779259661,0.0002564363592475097,2.2767435300403725e-05,0.001515752358361545,0.00020152436671888892,0.2164206931168058,0.0037581032409449273
W1b68e1996a189c2a0001,0.006926549455327741,3.3444062510596194e-05,0.0066963129829914455,0.007230926277390518,0.004348727532970719,0.7766980615710541,0.0008630772746186956,0.0002615685847401138,2.8349350986941855e-05,0.0012363631520443412,0.0005754599719221006,0.18989426120137343,0.0029773457799294623
W1b68e1996a189c2a0002,0.001583486461244551,1.1350948145341797e-05,0.0017089253281024092,0.0023178592360239758,0.0022701662418018425,0.7856954806884405,0.0008496450468774275,0.00024619331448945435,8.686826919464368e-06,0.0005652811457188583,6.710715968600998e-06,0.20206166789476634,0.0025042916594010464
W1b68e1996a189c2a0003,0.00022163755106307923,1.0946730633303062e-05,0.0030963542048069717,0.004303099503248411,0.0011382757578407817,0.7880927611623754,0.0008495159130408596,0.00024585333681071124,8.39563606229536e-06,0.0005679822279848077,6.55643066869587e-06,0.1951040567001741,0.0056269911387567895
W1b68e1996a189c2a0004,0.0013074270974774253,1.3025166556452768e-05,0.0020915122377631132,0.003954441131381621,0.0006357771216487619,0.8070764044593789,0.0008449398200317073,0.00024687971679399317,9.967486521019975e-06,0.0016776168933280765,7.764510972383267e-06,0.17931861198831112,0.002080858805116234
W1b68e1996a189c2a0005,0.0015851485984103365,1.3355982221435632e-05,0.0018091093210208103,0.0035889600777158537,0.0006221711906510164,0.8014956090443901,0.0008452257585657028,0.00024682144603584973,1.0220830049263754e-05,0.0016778712143573733,7.850216081589189e-06,0.18353027762004512,0.002358355900439704
W1b68e1996a189c2a0006,0.007866331807722332,3.099104952203938e-05,0.0010439428311600695,0.0038792473973222365,0.0007386491951026278,0.7972229262412167,0.0008608888531322573,0.0008149280228569813,2.371739351731931e-05,0.0022482098063256926,1.8170069739922157e-05,0.17842938467722858,0.0034834976520748823
W1bc9d460ba90432d0000,0.009999545706771784,0.0015647647817104385,0.028313575263661617,0.11223710875651112,0.0489540923203809,0.01853799234004859,0.017750733658216816,0.48880734150543564,0.005732798629341471,0.012963212120047751,0.016930676417473058,0.004572135261294767,0.02110416664748323
W1bc9d460ba90432d0001,0.008610083095600267,0.002095200024226239,0.02976027172902494,0.11165903986807613,0.05375949949794146,0.02150938755728204,0.019345552995741384,0.5026555960879725,0.006045962651047186,0.013802437759202544,0.023978395614762168,0.011359559210655276,0.04251778269084038
W1bc9d460ba90432d0002,0.006792917035741811,0.0014961111159887085,0.02749835167329653,0.0669243458559544,0.06152840750058597,0.022635755401897936,0.1333926165356093,0.48938068167654514,0.00494446003247243,0.012318416269783443,0.01963510815613728,0.004459733975318707,0.03170444899387637
W1bc9d460ba90432d0003,0.006305700053159728,0.00197869617562279,0.027897764375966982,0.07063144274157752,0.06526493946411807,0.023412092134273133,0.12074060715822531,0.48798663649772395,0.005309153974954222,0.012964112462157019,0.01820433324018055,0.007196558469244601,0.03672813324617081
W1bc9d460ba90432d0004,0.008950152115062402,0.0029102636139791715,0.029420008436310017,0.09350108248419468,0.04777382971701897,0.026421482115832385,0.01922388093901078,0.5273741749944846,0.006480287254451571,0.015560715651953294,0.02246757978884408,0.011642239021418444,0.04722020300997162
W1bc9d460ba90432d0005,0.008208724774686765,0.0025430477537493955,0.02965041812780757,0.09323233865809606,0.05187977516705803,0.028287112378118106,0.02094086437729771,0.5297271596060922,0.006053530859888162,0.016059797317268625,0.02109730304907619,0.00961209998723188,0.04371991395414506
W1bc9d460ba90432d0006,0.007846188768254844,0.0021822403456653546,0.028726793417738254,0.12506823229724434,0.0587657288145837,0.025290439938979493,0.030106380988384578,0.5050026507046963,0.00551235282354993,0.014064537793503343,0.021108239083401852,0.004061776534294351,0.03775976166647754
W1c9fd97fe8e874400000,9.358811144056721e-07,9.88455785572028e-07,0.00028133930353442803,0.00028234414435374843,3.946134081201545e-06,0.20300125505934688,0.0003716302293818025,6.72446152314351e-07,0.00018587453934404842,5.72423590462691e-07,4.908384989107602e-07,0.7526921318330353,0.043176768688851536
W1c9fd97fe8e874400001,2.326563299492986e-06,1.0403243144204133e-06,2.660278091614073e-06,4.159899513317995e-06,0.00037506827415576357,0.03704618489589728,1.1675920400526784e-06,6.79394704507926e-07,7.3789553149797e-07,5.508334600519594e-07,5.225918031410657e-07,0.9557786879755631,0.006785235267994772
W1c9fd97fe8e874400002,1.012520710290769e-06,1.074782337014267e-06,6.850953549038801e-06,4.205567051020258e-06,0.0002953244653145061,0.07476902113290401,0.00027882737772584766,6.919265456049537e-07,7.51881580728467e-07,6.243612772363781e-07,5.266843080039994e-07,0.9145786381126882,0.010061488433478719
W1c9fd97fe8e874400003,9.940273223579114e-07,1.0458345874224331e-06,3.0477393697843885e-06,0.00028155509783679824,4.616094984092534e-06,0.09582231557718066,1.006698329543332e-06,8.338831806700592e-07,7.233589146078537e-07,5.532228646187734e-07,5.176280115001863e-07,0.8957124092673371,0.008169428934786036
W1c9fd97fe8e874400004,1.0372309348255903e-06,1.0908804840947956e-06,3.1191741001778847e-06,4.1870861550115594e-06,5.737230822901106e-06,0.10508935674928692,1.05372104446904e-06,7.405516834430951e-07,7.546818352077464e-07,5.771657790022736e-07,5.399506366706373e-07,0.8884273866275665,0.0064634798845726515
W1c9fd97fe8e874400005,9.95739640517689e-07,1.0480573416646457e-06,3.2994005083027243e-06,0.0002826665101806388,0.0002858529578396546,0.16041109350784724,0.00028162812052614773,6.827263935441542e-07,7.415910292367708e-07,5.538237018436341e-07,5.189633340350892e-07,0.8244522565445308,0.014277694069093502
W1c9fd97fe8e874400006,9.90915649146456e-07,1.0346196875272644e-06,9.542436701808278e-06,5.3483568277721236e-06,4.2060660602541684e-05,0.1503634856664323,2.5133143023871323e-06,8.148238738044507e-07,7.071381856484531e-07,5.415730102731818e-07,5.0752145512862e-07,0.8427335009078522,0.006838007400990004
W1e2f5351ccb6cc030000,0.001497001302983922,5.1188222218192434e-05,0.05125608994981583,0.0019228348309348778,0.002513569061226874,0.7588762840765969,0.0014054429392383392,1.4136129682161934e-05,0.0005767400807479412,7.378138119955446e-05,0.0013296680903231732,0.1339573503061801,0.04648458360734777
W1e2f5351ccb6cc030001,0.002463003913948171,0.003377436704615949,0.07570241407930131,0.0016270794618002996,0.0019310243772102257,0.7051029645039837,0.0008473745371913806,0.0005681894487527483,0.001958785629991876,2.7369129083698878e-05,0.0015097986454169743,0.1893356092152332,0.014678769635086231
W1e2f5351ccb6cc030002,0.00373663000322331,2.468056507266059e-05,0.10804054844957646,0.0025646149739247987,0.002259312098619845,0.6753106682829944,0.0014073530942398276,1.4080596987664936e-05,0.0005755461883489152,3.510775158541528e-05,0.0012427040228863916,0.1926632661909974,0.011520528618869421
W1e2f5351ccb6cc030003,0.0020499077058674974,4.697170534903456e-05,0.1158418738486682,0.002074475279847601,0.0019134076165969055,0.7107967271323272,0.0014079898131975107,1.164072666795707e-05,0.0005721664778327875,3.5895977017935096e-05,0.00121894789474594,0.1358199998900887,0.028167054584023982
W1e2f5351ccb6cc030004,0.0019239840352306319,0.0033900219762127274,0.05668656083685932,0.00163105679519281,0.0019080548126647482,0.7500572187706075,0.0019632632847549976,1.5860681014175144e-05,2.031870584819687e-05,3.654747439036844e-05,0.0012087247801650682,0.16539939001034468,0.01515638401424585
W1e2f5351ccb6cc030005,0.0024863664695287347,0.0033890346686838617,0.0074327375150895405,0.0022555426102505074,0.001772992239728259,0.713904742800773,0.0008503332500358748,0.0005696978744823729,0.0005753294565581684,3.412788325075745e-05,0.0012700700377189476,0.2621246928958227,0.0027334802693404527
W1e2f5351ccb6cc030006,0.0016841310127417386,2.299169272042997e-05,0.012095582514148152,0.0011840228472558055,0.001978191544717036,0.7886648740578197,0.001962342395023034,1.4856081429194091e-05,0.0005764151778811152,0.0005916283953256509,0.0006226423617283783,0.18619685622475968,0.004354374313303136
W1e83f9c972bd3f8c0000,0.0017979755024178207,0.00118390058112758,0.03412060854411458,0.007876900198435179,0.010168607295726701,0.769916577517612,0.012774494000103326,0.0018227207011106959,0.0007854026850087718,0.0015828501475314814,0.0004900124294547082,0.15157115152518225,0.004114092149946626
W1e83f9c972bd3f8c0001,0.005008966579255567,0.0011567589415011016,0.039319579417888786,0.01317065835275052,0.016094240492058657,0.7378859267569046,0.02487511303856849,0.0006085522400317813,0.0008389428157709941,0.0009852200323771671,0.0008587525197420119,0.15393393863166274,0.00313622413142881
W1e83f9c972bd3f8c0002,0.0020593890069338715,0.0011621105727889396,0.028777403444740206,0.006261789935772636,0.005996527258173558,0.7595300993182227,0.023595318879622917,0.0006439392662935205,0.0008502152944229121,0.0025424842614375095,0.0005194525419870445,0.16266324753203185,0.004069842938521346
W1e83f9c972bd3f8c0003,0.0021291184389899986,0.0012136465930909556,0.032931221718898306,0.007730058759873522,0.006758357199119459,0.7665489881848585,0.013940181955854012,0.0007018962889538653,0.0008854458236006871,0.0024437594827672747,0.000473237801950277,0.16024859932755814,0.002745428494345323
W1e83f9c972bd3f8c0004,0.0019529134988383757,0.0012915690320685362,0.03972744221631683,0.008000602791394112,0.007982409474704601,0.7390091339844888,0.013024266115781998,0.0026446740871588032,0.0009662027192829873,0.00240560774511328,0.0005062213015791133,0.17717356103829002,0.004255670085351215
W1e83f9c972bd3f8c0005,0.005730423546873046,0.0012734370567489234,0.0689107987010223,0.017168768184478288,0.012097696669831773,0.7096581970817126,0.015305835232144247,0.0006564631352561861,0.0009419344859136716,0.001106896128684205,0.0007144699294110007,0.16163445860099354,0.0033697859979654643
W1e83f9c972bd3f8c0006,0.004045596262505687,0.0012687931360803192,0.04812217802080556,0.006737930754270815,0.009984737103592904,0.7619378870685617,0.0035067847907464043,0.0012369379804007992,0.0009381867793823201,0.0018131778395599027,0.0004946649048489493,0.1558727865722496,0.003009712407953776
W1f1289746d5fbec80000,0.009085439439397455,0.0011612924717822606,0.05741895016016732,0.0678162561881228,0.2736838945066796,0.028297124153239886,0.02285389559258797,0.4131112665484583,0.0029620821807068484,0.004970688240263293,0.0037727502544734138,0.09660505159034621,0.00906477063271004
W1f1289746d5fbec80001,0.009198147388880272,0.0010143495300899783,0.05336365030820434,0.05437028928323425,0.2053989299839608,0.030517463179562648,0.023859195513103375,0.5292488428002534,0.002158516202435625,0.004792963049898459,0.002989162705081693,0.06613639922337954,0.007027252219200162
W1f1289746d5fbec80002,0.008119211273494784,0.002026307743828408,0.05775810179208058,0.05182145032060451,0.2566184025978174,0.04646949610352898,0.03440753448999973,0.4221043415237958,0.002464949550718361,0.006032819271391029,0.00394499480913765,0.08746348466436278,0.010967393031843685
W1f1289746d5fbec80003,0.007689110075302858,0.001963495884283726,0.0536813840785104,0.051486778800862644,0.26123380582617584,0.03694223814339006,0.03714914567301629,0.4354125308014044,0.0027956080036041333,0.006075068180780006,0.003859062777141413,0.0811906170996332,0.010238107066928712
W1f1289746d5fbec80004,0.007448269365843865,0.0013372651865628928,0.052463264317344015,0.0552221007475551,0.31762581164832043,0.05301627797750296,0.03323060027957606,0.3668412707864363,0.0027500259631227466,0.006055639103748332,0.003750865963453869,0.08042183327868377,0.009898762181986633
W1f1289746d5fbec80005,0.007671732018959388,0.0009605107469291206,0.04554073090106092,0.050595738533575865,0.2697038650806416,0.09108490638687018,0.021535575658272483,0.4222084086508685,0.002129827556452122,0.005339328637261713,0.0034809313013379754,0.06207525820224773,0.008025117036148981
W1f1289746d5fbec80006,0.008203097325782458,0.0011468709538396578,0.04734685667600285,0.055786739306022196,0.21730424445733346,0.06876065736984942,0.024540647100847506,0.4763321074932575,0.0023989439927121934,0.005699352649154405,0.003174153760504243,0.07090004700265803,0.008012640947052079
W20f15f3c9efb048b0000,0.04353284819479572,0.009956480103028706,0.050576433078489635,0.029439518236413758,0.06712639689352042,0.07678814905006276,0.030083307442421575,0.01656041077706648,0.006414221095332197,0.3814957358820448,0.011451999192323386,0.06686911603981187,0.05056111794392451
W20f15f3c9efb048b0001,0.05961608262559374,0.00912403114785543,0.04766959883529432,0.03610742047709767,0.27349005629125966,0.06130446213243097,0.021313367208012406,0.025055095529208895,0.006520430939879081,0.20190715804154274,0.015117500545561614,0.05231546420528516,0.047337933159384636
W20f15f3c9efb048b0002,0.05658028146696841,0.00973978516415213,0.048959499813408976,0.03254625022398668,0.22434192270525488,0.07960036520892788,0.021053474190894636,0.02057170603688319,0.006129672526033459,0.23607305342313312,0.015368382635179282,0.0672038770744053,0.04556388822284432
W20f15f3c9efb048b0003,0.02605810250099078,0.005761947956130042,0.04218701065941558,0.04337949478593717,0.3245377271357381,0.09886572130338438,0.018110963620840775,0.013915662602102447,0.004599402678988258,0.1404789854998055,0.013331188490685352,0.06294710594137205,0.049226371961382465
W20f15f3c9efb048b0004,0.0524245182173103,0.010294833105746599,0.046475062198326644,0.03188809783407997,0.20345265390490494,0.09122367268885449,0.019977669829039476,0.020512972143503727,0.006232248755309596,0.2443520171731929,0.0173893879260869,0.06513458040482256,0.04696900073544651
W20f15f3c9efb048b0005,0.05388807991438445,0.010007714788769766,0.04606090261925885,0.03228112588013487,0.21140436524333892,0.07226498159503783,0.015869207315966753,0.018180627564498286,0.005947828514916463,0.2524799597725267,0.014463673780543028,0.05189109783062013,0.045402830302903194
W20f15f3c9efb048b0006,0.04724959148641896,0.023248957990712176,0.0378419020415932,0.03143245846670229,0.15829902140934576,0.07902845308342873,0.01754286650674296,0.014934312338377177,0.005346862870945337,0.29514707188866535,0.013867887763461163,0.04517644506215708,0.04267204109205995
W227eda14227e98e70000,0.0026657123206856553,0.0005420387619073366,0.19038471802023446,0.02014557895443085,0.019816656061191405,0.0046397824244221566,0.028665646192489257,0.00461086491094828,0.0043010391527561085,0.007841262089759585,0.015372135594174993,0.0049387164034006194,0.013407142814195546
W227eda14227e98e70001,0.004135048236221225,0.00011853185045964022,0.1397949191004556,0.017104069131257692,0.02374148640998458,0.003540435508705484,0.038453216290423975,0.005066560168289941,0.003584155159514316,0.005660441119198709,0.014165012538430987,0.00404682445620645,0.01426819850039827
W227eda14227e98e70002,0.005865921347669257,7.896286108296393e-05,0.2018102634649101,0.018085050255660703,0.023112672669748847,0.003823196107062248,0.06872276804521149,0.00455163777379114,0.005326521025839475,0.009636554214633157,0.014940713245960361,0.0029224131314638507,0.013902755592025135
W227eda14227e98e70003,0.0014481880197684753,8.901154333243746e-05,0.25161005948900955,0.01660026355555896,0.025355322811610365,0.0027744271514420966,0.03941259898472343,0.004558218495914656,0.0032476197284727845,0.005979797738258663,0.0156292735017789,0.0034813861913843176,0.015737809797291485
W227eda14227e98e70004,0.0012349153840840016,0.0006439158934922036,0.30921281725625793,0.01653872648494986,0.02253146995571428,0.003299223639925324,0.021709727183252252,0.004794034285363437,0.0036460052734099734,0.008282205398713726,0.015596076788248345,0.0034865560396505667,0.0171046584747745
W227eda14227e98e70005,0.0032334349659114197,0.00048215453209457304,0.16744320811579316,0.01900922507008964,0.02556794553038421,0.0029617763408442644,0.026268729888825556,0.0054250492862886425,0.0070997460983103075,0.009327735752259713,0.013407635101342,0.0032242492819067434,0.017607918885542403
W227eda14227e98e70006,0.0019113795151932784,0.0006414235214855992,0.14346922193595446,0.016190264612442128,0.019585192761141047,0.0026596267320389486,0.0270621276185242,0.0045094429813657775,0.003729752793610537,0.004946894978811829,0.014408003774443909,0.002650572272545432,0.0184652245983504
W241e39bc4686316f0000,0.003843165647023738,5.527383016407961e-05,0.16447868107179975,0.02467136213654631,0.022786144190597803,0.7327567852524368,0.008158252684197629,0.0002742095785811808,4.0043528791148594e-05,0.0020362497479286773,0.000867715479605752,0.03135560419554273,0.0017729012230910573
W241e39bc4686316f0001,0.02143866131701867,3.706400967079817e-05,0.15208374897863083,0.02305300456504117,0.01889774983897709,0.731736717454554,0.006882206900367463,2.4895498664464184e-05,2.9874398237256664e-05,0.0021868571674208887,0.0028914813228533465,0.03107223737606166,0.003242430050227757
W241e39bc4686316f0002,0.01725224010416577,3.475681033695026e-05,0.12422780807486133,0.02488594951865147,0.013322055759654693,0.7576890515610347,0.011901122295614838,2.3349066479360563e-05,2.797167220979677e-05,0.0023662619825890307,0.003078858590753419,0.03788493620520523,0.0025557481238555847
W241e39bc4686316f0003,0.0031244037450470956,8.112842162534992e-05,0.17602235124925733,0.028696751045720562,0.0231877150020026,0.7167969562557088,0.009614568471700221,5.6564103735198656e-05,6.566805911015896e-05,0.002434469905805505,0.0007132309465446963,0.0316075494981665,0.002241169567516437
W241e39bc4686316f0004,0.004934328679631054,2.9783796506396008e-05,0.17946485037691337,0.030571339787047725,0.030871730906982937,0.7077343191185492,0.01339942096901771,0.0005750148495089735,2.1712612456576528e-05,0.002469989298415877,0.0006681272733895711,0.01941013000302707,0.0030608804928581035
W241e39bc4686316f0005,0.022200853377317392,2.780902462367117e-05,0.16957995249410956,0.025769273325807543,0.022571572746904564,0.7056310517118622,0.014680626258359867,0.0005741309378430519,2.254044056084899e-05,0.002366582719025136,0.0034925513257285956,0.019320917023591087,0.004012767137308548
W241e39bc4686316f0006,0.024566804252419507,9.104732348759387e-05,0.22142398631248325,0.028470013436868054,0.023875792817194076,0.6535341468329886,0.016825385489566858,0.0006302800218031853,6.656448449476577e-05,0.0024553181201230683,0.0035782197248980198,0.012511844584320472,0.0033097102028626555
W24630876331b3bec0000,0.009192686804540762,0.6863367642110779,0.02610884090918085,0.013483139871863666,0.014137768703614242,0.05396689854816486,0.03376670783844607,0.0016949130761702027,0.0012255011171067474,0.00673895803960541,0.018159336328937653,0.002717610175208134,0.1037211222853322
W24630876331b3bec0001,0.010648277512388863,0.6757841269386041,0.025150784477663893,0.013346877109471236,0.015077397651470361,0.12646346700798825,0.030843648211922176,0.0011039372787301934,0.001784896437970115,0.006718371182123011,0.020179937433654784,0.011080014904267388,0.02731458393959701
W24630876331b3bec0002,0.009173790988406982,0.6706948661598648,0.024039143880255857,0.011715847038617893,0.014666864320373578,0.1459827748990586,0.031021443109422134,0.0008551094381127974,0.0017840625311347708,0.007272979234482901,0.01867675916042518,0.005896913597712842,0.025103474298846684
W24630876331b3bec0003,0.007947776845107033,0.7718526945705043,0.019293292964095963,0.012072640108832066,0.013069315989590402,0.04828376414683657,0.022737689417251225,0.0008585437269664017,0.0016928864559446223,0.005003354581721364,0.021364961845751866,0.005431244752663634,0.036543733879312215
W24630876331b3bec0004,0.010355378706552362,0.6808843079963954,0.023639836940662493,0.013459563061610681,0.014588710386399905,0.1277023034053535,0.03027650577112791,0.0008981268197922857,0.0012284264523542761,0.007274398141381933,0.01839838233302658,0.005762289425059547,0.02985880601007218
W24630876331b3bec0005,0.009886786849558028,0.6262265324164618,0.023590628971849218,0.013728114979808742,0.013422531683586487,0.19280827993903574,0.02872804317014299,0.000843202538733834,0.0009498730880193059,0.006901698360296603,0.017267148176164045,0.0052987670482304615,0.028494338452089
W24630876331b3bec0006,0.01100103564859533,0.6192225014370045,0.024117069438360866,0.013444692824344927,0.01479381906206159,0.19848066314081048,0.026463211578768017,0.0019506396971780643,0.0014149660600672033,0.007456371979640841,0.01711688759801335,0.005298091063264461,0.025541545622278266
W24b085596f0cbfd20000,1.6260552738366695e-06,1.0225136661742942e-06,4.8267799977956675e-06,6.258843995621519e-06,4.069582624294238e-06,0.013734605642247983,1.0132604887370516e-06,7.017396654289462e-07,8.692506581608331e-07,5.547523887285125e-07,5.238438574180454e-07,0.977720216512623,0.008522550031232649
W24b085596f0cbfd20001,1.4115246203514241e-06,8.925380370713141e-07,3.976210850370403e-06,2.2642637885411397e-06,5.381256223764319e-06,0.01585376606694073,1.0037206864981508e-06,5.82633100013709e-07,6.870042738763458e-07,4.7439724099516e-07,0.0005560055891722481,0.964052963645787,0.01951966847826909
W24b085596f0cbfd20002,2.99524869322411e-06,9.043764698114526e-07,5.902365420632868e-06,0.0005719463206996828,0.0003324488832457376,0.07117766326857357,1.0581032486627688e-06,5.99530942460577e-07,7.370929491260996e-07,5.314097781979445e-07,4.4445042457574327e-07,0.8643941823641716,0.06350960054968134
W24b085596f0cbfd20003,1.4077985569995272e-06,8.90623199245535e-07,0.0001899045530185044,0.0005580568175307021,3.454531082633137e-06,0.09031798812937157,0.00018660587167986602,5.813088097375809e-07,6.30870468965245e-07,5.446649150018974e-07,4.5310629996738477e-07,0.6979076670237742,0.2108308114372258
W24b085596f0cbfd20004,1.4159837748118464e-06,8.96320764444097e-07,0.00018969514546182686,0.0005579105819563645,9.502028091673713e-06,0.09948638491858346,0.00018702422227388107,5.81633254215552e-07,6.491152049476059e-07,5.497124715674828e-07,4.520535660652063e-07,0.8083967549305084,0.09116716590289393
W24b085596f0cbfd20005,1.4562987754272591e-06,9.084461805930875e-07,0.0007460826060560848,0.0005586675228946609,0.00043065625825031893,0.09692038762524574,0.00018704433214246244,5.917080050281162e-07,6.70377078104371e-07,5.660160852574478e-07,4.587495667312503e-07,0.8713626883171244,0.029788832619042346
W24b085596f0cbfd20006,1.6846726352609254e-06,0.0011138514433731814,4.6208425340006064e-05,0.0008373137545215529,0.0004805381072914391,0.1260029888928703,4.188237391873647e-06,6.921188055682935e-07,7.911024441675889e-07,6.471290041839933e-07,5.392815485601648e-07,0.8254982138583286,0.04601122931224122
W254694347e7baa8f0000,0.008563262533224121,0.0014809666616448936,0.5521673406064975,0.11165134403809159,0.07837780275584293,0.06795669099808543,0.009781625490734228,0.007713111668855527,0.004477323239546779,0.04092730376228206,0.008696692022760506,0.005435502825582493,0.049349100486380505
W254694347e7baa8f0001,0.012646210922773498,0.0003761480077232226,0.45651487468183666,0.2756520807769124,0.05828060801131642,0.04688538025937451,0.009664889184162686,0.006984406384414779,0.00354983016161881,0.03205905398308479,0.013629577659253591,0.004498682572888744,0.039024155362847895
W254694347e7baa8f0002,0.008620774263746784,0.0003294936732683243,0.4454791803149905,0.286662303462845,0.05882477732392031,0.04703494280154374,0.009328400024461933,0.007134711338353355,0.0023998565906298524,0.031928874747600734,0.01245357385526899,0.0034976939357281144,0.03208427408610856
W254694347e7baa8f0003,0.010829465716259333,0.00042224368267686885,0.42138112144015594,0.28713371010755767,0.06341093586851884,0.05554996486451983,0.010988969102685561,0.008062046467906665,0.0041447556961370325,0.03508073670607624,0.01323025814625956,0.003669425346366037,0.03402766644476284
W254694347e7baa8f0004,0.008192879555124983,0.00042814777342324643,0.4192872656828599,0.2915973566950762,0.0599143933655876,0.05298429953459452,0.012045118453307111,0.00945656141512626,0.0019253300218011055,0.03338413726966454,0.010811171350009465,0.003215230593601328,0.03461265853270306
W254694347e7baa8f0005,0.030852067828591224,0.0007182018231086968,0.3966598239046194,0.2649457119805476,0.05689628250163248,0.07997874848637879,0.01122352654592378,0.007913825348215503,0.0026049217489521265,0.03949680092946965,0.018729445536737624,0.0034667806376743452,0.03908987973789199
W254694347e7baa8f0006,0.008599903972272038,0.00041687141331830745,0.4069327367288605,0.3237086409556544,0.05979785385554604,0.03869647248211247,0.011465223738082791,0.00774374084972946,0.002471647075687878,0.03482096370768345,0.014851334000974024,0.003135631027748211,0.03212080432590466
W26c33f39ec486dc40000,0.0002487548847448631,0.0007376061794204398,0.015561445314862457,0.006980493734824505,0.01122111043804397,0.0005105356300914289,0.0029041641149321704,0.08702090649993093,0.7291957114955953,0.0033204431924469505,0.051966245149606155,0.002703318117531698,0.009235219601956895
W26c33f39ec486dc40001,0.0015250509160580942,0.0011187457371861908,0.026240054994424413,0.005835705792292291,0.011328317670569583,0.0010116452171871205,0.010092894360826622,0.08770786411510421,0.447262808889984,0.005373412257419891,0.06552645327987425,0.006192365508587454,0.012553973791568097
W26c33f39ec486dc40002,0.003146537286056382,0.0018461816240579448,0.021491366517026857,0.004320960937661441,0.012617361487164027,0.0010927659771364216,0.01321270842828386,0.09006707496211552,0.5602575407296329,0.005734159290051587,0.07340644980133644,0.004670247932380274,0.009925523603289146
W26c33f39ec486dc40003,0.0008331436084379877,0.00030808967288245516,0.013186656358255838,0.004389451978973891,0.00786369107152502,0.000592553664653717,0.005424535552336553,0.08331454843514946,0.5817247966227348,0.00407835567046095,0.05012269816898962,0.0024436355513289183,0.006612634095930987
W26c33f39ec486dc40004,0.00030917732270994996,0.0003504028477590318,0.010387576597711865,0.003057597760519971,0.009516632682390424,0.0010039961455077593,0.0032958964777650697,0.08518843711756272,0.6479635847676002,0.005991194607425895,0.05471163761537222,0.0020622627073120553,0.00818877034398039
W26c33f39ec486dc40005,0.0003006938138548715,0.0003935357973322916,0.010485120000452236,0.00421189092272342,0.009456252004548221,0.0006645272847877784,0.0033613721774317378,0.08554613178612415,0.6352382735701321,0.006002845102732203,0.056454566993388265,0.002154898578328651,0.007280591729387452
W26c33f39ec486dc40006,0.00023154228168178074,0.00030051749257477734,0.011366819914813283,0.0027930035929878017,0.008212272006728052,0.0005791368008878719,0.003141029528021107,0.08600629791348487,0.6008155224803089,0.004804035216659007,0.05392507395912716,0.0014594342823342158,0.006340261144902453
W2b547b8884802d090000,0.017075702774723086,0.0015537921831524932,0.39427509532820637,0.34192600428095493,0.06756952933611016,0.046703343863706476,0.013495786351531954,0.012203063051075106,0.004001696663992604,0.0168082458149898,0.002697655577371726,0.01917807485271857,0.02089225567456003
W2b547b8884802d090001,0.021469655391656572,0.0011170187161733862,0.5177599478585364,0.19875889290265403,0.07623515756337688,0.04527592679122539,0.019905233700207893,0.010505772849245167,0.0038876734784473663,0.014440305080708761,0.004610118713463348,0.016626836887138167,0.025594093257813286
W2b547b8884802d090002,0.021014606822065064,0.001132884806758111,0.507910905180432,0.21050145349614896,0.07232786902556859,0.04724347200828165,0.020091185446561445,0.015374710034148524,0.003902152988085574,0.015927282123334545,0.0034135394007963078,0.015950731655049535,0.025403086950134456
W2b547b8884802d090003,0.018523689240800553,0.0011340450448327516,0.5318117753724788,0.2079834263659643,0.07274442850810052,0.03072071890605769,0.015631858832951543,0.017609440067906126,0.004179327088233317,0.01608713634855479,0.0038083325273138738,0.015955056185285036,0.02169643807711566
W2b547b8884802d090004,0.02614866693571608,0.0010923380997956294,0.5463592656756141,0.2010520856744333,0.0744934965771512,0.024986388661416118,0.015560573041750807,0.0071981332174427225,0.0040981337938948625,0.014675431700506773,0.0025996795749518146,0.016157108612019338,0.023028725259013092
W2b547b8884802d090005,0.03286963219800057,0.0016569187522302872,0.53765281579128,0.1943923775479343,0.07480864038510986,0.0274440191675648,0.015190402383077612,0.007840198488998994,0.004723499778659152,0.015349885638625426,0.002488177805027987,0.016427164450893678,0.024045644027541686
W2b547b8884802d090006,0.025982398769572073,0.0007260110715552156,0.5659685828705642,0.13107717075067918,0.07567434613715712,0.05676108779591273,0.014672246766315953,0.013958382274497584,0.010202899456016028,0.016451015783308483,0.0069603844327797565,0.017123494493337763,0.024604764734780182
W2b76a98b5fdc112c0000,0.007318297487620814,0.9612071387571451,0.004447859660777213,0.003189116766446418,0.001668711482369859,0.0023363335277580715,0.007506108074406559,0.000556856808624321,0.00018645124600540753,0.0017207896080962133,0.004910793033401819,0.00022343159585100006,0.001807060634472724
W2b76a98b5fdc112c0001,0.007330813023115397,0.9555323330671276,0.004449208059138704,0.00384018392970205,0.002779665840433895,0.0031210152342569125,0.007467056285976062,0.0005587710567106228,1.197237304511119e-06,0.002271294484485441,0.00412382548559589,0.0011122584281009723,0.0037974249830277458
W2b76a98b5fdc112c0002,0.007324525707732407,0.9598285500153421,0.0033371806350630945,0.0031510704253509695,0.002224124852642495,0.0016692188963538062,0.0072627164887487045,0.0005578319278377039,1.2456023793670942e-06,0.002085178555840241,0.004218656277999795,0.001482628820078043,0.0035196571112744803
W2b76a98b5fdc112c0003,0.0047338210876910185,0.9633356967519014,0.002781589675751102,0.003335280468683844,0.0027796253765112254,0.0016698840055271336,0.006625145217164302,0.0005586827474445134,1.225700937034182e-06,0.001853977500592089,0.004402380918488645,0.0009270732660972674,0.0035196467424783314
W2b76a98b5fdc112c0004,0.0064133751234334985,0.9585103384673368,0.0031520099002874933,0.004299041317301298,0.002557396072221264,0.0016707704922053325,0.007453072839679106,0.0005602134124537239,0.00018637645033333188,0.002409801880233938,0.004263096469105246,0.0005567028917602369,0.0035196454477766925
W2b76a98b5fdc112c0005,0.00389856424937493,0.972653890452075,0.0014853435189011834,0.0031508019287996777,0.0022240493630501343,0.0016705111827286583,0.003975042440234012,0.0005582199497760211,1.4595125241241882e-06,0.002409305462716864,0.002966584222748234,0.0005567608579966265,0.0027789265587155544
W2b76a98b5fdc112c0006,0.003900538183692511,0.9683360467884637,0.0014853430410455026,0.003373004869484113,0.002001801704125397,0.0016742814370259654,0.006341855382891334,0.0005595098032150353,1.3334824892692833e-06,0.002631630478004606,0.003244212705255921,0.0005566661307111455,0.003112265156736811
W2c589b5392085eab0000,0.0038828149414359314,0.005181207037515308,0.040561035908418475,0.15936299103896887,0.09904843547162819,0.2136992787683019,0.04031053903737175,0.004728184583768094,0.001398109955951122,0.002788317810624428,0.002892448033785347,0.40983208401695725,0.0039244872533698546
W2c589b5392085eab0001,0.002805233555944264,0.0035577821196248562,0.03815009981892336,0.27047337403323873,0.13512396981906727,0.10223258123737868,0.037517060064125494,0.0038445434564112397,0.0006124875102301025,0.0018900170167513717,0.0019748280544523576,0.39105531149597805,0.0031028874980663225
W2c589b5392085eab0002,0.0027680096741073013,0.0029526305500957454,0.04001681875161475,0.30211281810893176,0.12323299456623961,0.11731435151046787,0.03784212842894519,0.003711320778718892,0.0005792771002921838,0.002377869628061757,0.001980528102709514,0.3551016974085901,0.0033353254376810443
W2c589b5392085eab0003,0.002761845377261441,0.004081658751072499,0.03861471335436529,0.3361186501058058,0.10397499737120654,0.08077558498896403,0.036701269484189954,0.0037772966309793728,0.0004812138996113479,0.0018305345464234308,0.001690659893411138,0.38000806960740446,0.00232065444834656
W2c589b5392085eab0004,0.0036651737944753044,0.002666182244528039,0.04037033367477716,0.35550566477022005,0.11239787770469764,0.04536452305804281,0.03852724581817861,0.0038370954500692046,0.00038850141316960327,0.0021042376914100574,0.0017449809773417097,0.38465211996086457,0.002414651692897419
W2c589b5392085eab0005,0.0027378210493563216,0.003492938070245036,0.04001712057073881,0.31936161749050557,0.09551104228826472,0.09213480101565008,0.03306162931404807,0.003126589505896223,0.0005551410551903968,0.002910502648942735,0.001943250977466497,0.39504800753660857,0.0043920808399006295
W2c589b5392085eab0006,0.002912746822421702,0.003179816016336483,0.0396869613133999,0.2840151832041278,0.1103208687646637,0.12928874216210154,0.03419734184298448,0.003027781935936364,0.0006194742099755667,0.002588456525887159,0.0021305389054227884,0.3776515884601144,0.004217721365263804
W2ceaaf5d76ae865f0000,0.021243734909802473,0.00019203803795940944,0.21918816124491183,0.03798061085788455,0.08245125138331405,0.5748541312757103,0.01855080563328056,0.0006874323224077542,0.0018079773659770869,0.00021781262560166106,0.004034853769543879,0.02628741305176175,0.0037822243401160337
W2ceaaf5d76ae865f0001,0.02360278780244489,0.00013947226378718672,0.2405124469633466,0.030855443477254742,0.0738538439050539,0.5677571038202743,0.016959553402533335,0.000651393916517511,0.0008559146539406972,0.0006958574661625252,0.0037669756149513334,0.02817706535530118,0.0027209065740210077
W2ceaaf5d76ae865f0002,0.006853844162005782,0.00016612871358649608,0.23753460796331602,0.035014594291727166,0.06792436283318859,0.6061060170179068,0.0042129402694683835,0.000664107110659904,0.0006778796758440259,0.0008122169873363442,0.001422246047401349,0.030957978164838407,0.0012960727669726892
W2ceaaf5d76ae865f0003,0.004176460734772282,0.00017975761287766624,0.24961501648007914,0.038064209745887916,0.0704590899985937,0.5948488413072525,0.004855560369507984,0.000675627797890172,0.0001451914091900015,0.0008201947206446939,0.00147641611127199,0.02859987715162159,0.0005201859737545734
W2ceaaf5d76ae865f0004,0.018978938013591008,0.00015894739630616835,0.22060636156703686,0.03718695234681732,0.06595686512654575,0.6093251446225454,0.0043226237847760595,0.0006594216013012396,0.00011600559422725914,0.0009440567186702234,0.004566991955367063,0.027364307508071284,0.0018638208282666289
W2ceaaf5d76ae865f0005,0.005508310960189239,0.00010859097039071611,0.218394242636574,0.03146159121061805,0.06674838103102423,0.6367816793853155,0.0031754120017651864,0.0006430664422808473,7.942610954201441e-05,0.0008984270828443871,0.0006076991204777167,0.028713883526516826,0.0009927645081209695
W2ceaaf5d76ae865f0006,0.022761598655051424,9.094677755948588e-05,0.17540280299083422,0.03314054369040787,0.06967246123786149,0.6516042791663034,0.008291512289815863,0.0006288687490139319,0.0006219626692318506,0.0008833868025097423,0.004256584429085604,0.022937842429687282,0.0017538638656584406
W2d862e29ffe711480000,0.011675958471532001,0.0049401560159479,0.0609265559104397,0.02799334909903173,0.10751309747531158,0.020697404944371365,0.009450022261280059,0.01200515064526601,0.03946238150881436,0.5261007505641349,0.03125432457497199,0.006705666137099376,0.028621802863843693
W2d862e29ffe711480001,0.00891298999809879,0.01631691758148568,0.09611000921720401,0.02470623425495757,0.08277064704196167,0.019548719860352445,0.0096280012550443,0.01626556231313412,0.03977712674351402,0.500217447076224,0.031045538872049524,0.007219411654437144,0.03159839369786327
W2d862e29ffe711480002,0.009283239435665544,0.003749742826660928,0.08106653934463251,0.027237278526529327,0.0887363921266882,0.023083601747634973,0.01826814858694226,0.009717314994476456,0.04203743544742148,0.49441010346018316,0.0324625259148885,0.00877007890742355,0.025502138422679645
W2d862e29ffe711480003,0.009646971127345565,0.0039019088911299094,0.07702629159161198,0.026916021474080218,0.10799139405740729,0.02416476518177069,0.017896554432407553,0.010348595327627929,0.047857883608807064,0.48069905341384855,0.03314548881076558,0.009285114098037714,0.02616017695985378
W2d862e29ffe711480004,0.009517999878279029,0.003245392470374965,0.10910217822178325,0.026414193936035866,0.10304130881799149,0.021601436068162783,0.008551216332292914,0.010352933427134586,0.037471771172766066,0.4888022658370665,0.03255504281423943,0.0074807849922559795,0.026993786791287378
W2d862e29ffe711480005,0.010396166331101154,0.0031797869499623817,0.10975519811786975,0.02665053810120331,0.10598234968777044,0.023022254194611663,0.008586930753065663,0.010660689181437968,0.03779454673252834,0.4869992541693315,0.033235074433282975,0.007579243356258036,0.025911029401321478
W2d862e29ffe711480006,0.009940209921617463,0.0033055462443608743,0.09522751645105264,0.02606974532608904,0.10756513522129028,0.022923660466437044,0.00846298978514244,0.010730961312929397,0.03902774877136941,0.49849850045136573,0.03389442724874883,0.007652350142205487,0.024646278381747665
W2efa997a9b7c98ee0000,0.00398467103678999,0.032190240081253124,0.16041647266935077,0.007921992161623138,0.012162138803474139,0.01361231010420652,0.007048265899539253,0.008717461105339594,0.03373619758802768,0.5745849609349232,0.041453615718603044,0.004355222890504731,0.05057126832368215
W2efa997a9b7c98ee0001,0.004600956297942019,0.03131580355168566,0.17053424026379094,0.008759573987463212,0.012756373561456447,0.014016873114564886,0.007047865268863689,0.009687124655613874,0.034351787294653394,0.5639461693137402,0.04205219899961338,0.0030353393963189765,0.05036492261816235
W2efa997a9b7c98ee0002,0.004077458229414094,0.031090828926590222,0.17377969801639245,0.008893473464577676,0.0136346138600255,0.016609529960616955,0.007999459569337805,0.011573276594927066,0.03765885475546452,0.5539977287366072,0.04126673146833852,0.0030655393179938486,0.048746607354952794
W2efa997a9b7c98ee0003,0.0025507495315923398,0.046124461507935005,0.13272822118301095,0.007331920957308089,0.011845069870757173,0.013633145413320663,0.006996571646645589,0.009646827657114701,0.034409603780159455,0.5975251815963237,0.039012545464984456,0.003029507386826871,0.05120342868898737
W2efa997a9b7c98ee0004,0.004449722176329207,0.031214009731492794,0.19808799190876328,0.009187404989646772,0.013784884081441491,0.01670083919270033,0.01785091993335401,0.019678632008355422,0.037942855168467085,0.504815285430293,0.04104604718653366,0.004283099624777332,0.05060482018097167
W2efa997a9b7c98ee0005,0.0032859162413419046,0.032377135533724614,0.20036591406002,0.008012158518857504,0.012566877680100267,0.014605765002636837,0.017165226164777916,0.011005736925857316,0.041690831724416365,0.5075371937376563,0.04273970274685596,0.004323792313900809,0.05388069298297906
W2efa997a9b7c98ee0006,0.0027232243897164507,0.04676598028668012,0.20287135683742086,0.007007123704769768,0.01186246910968321,0.013066558428109155,0.007350939030198994,0.009527213131198168,0.03814667717860329,0.5052547187604399,0.043437286786553155,0.003760958845273166,0.05843543965509269
W2f09f36e113015d80000,0.0004901296883821454,2.847599591691221e-05,0.0038885730441289967,0.001727233556238281,0.0019789959951319264,0.10824316960667946,2.4188332777024872e-05,0.00025753229169248016,3.0503030319864924e-05,1.5606873455777452e-05,1.4451269050495512e-05,0.8775902740738455,0.005145833770596567
W2f09f36e113015d80001,0.0004866325274932315,2.755518565612681e-05,0.003995221655263617,0.002039052187247557,0.0017985854551428831,0.2111838497405079,2.3096416544428718e-05,0.0002565379727886088,2.7357766221706034e-05,1.474814873953417e-05,1.3315619087217297e-05,0.7754235878383006,0.0041497656054426905
W2f09f36e113015d80002,0.0010444755137825885,3.0265865964405922e-05,0.008011999365880476,0.010661341928878859,0.0012920257373556533,0.1953650440438516,2.890117637585439e-05,0.0002583919724055506,3.0108022426774766e-05,1.6286083999439402e-05,1.484807086987009e-05,0.7789101014974792,0.0041419646400966065
W2f09f36e113015d80003,0.005488166323097465,2.6487953805882145e-05,0.008608486869692886,0.009815693188090053,0.0030572376733047587,0.241900432381194,0.0011338840854452303,0.00025539128639463115,2.634993798484036e-05,1.4219749489577274e-05,0.00042948812313798576,0.7263003432539602,0.0023848385602285565
W2f09f36e113015d80004,0.001139110762588227,3.268917096624722e-05,0.012622449461759125,0.01437135558207487,0.0061128420663585925,0.2494389170240308,0.002253427099396029,0.0002599821617906114,3.484876059371757e-05,1.763165022195237e-05,1.5806688376270307e-05,0.7093788064161326,0.003754367535681193
W2f09f36e113015d80005,0.004655946578662075,2.7807904201252754e-05,0.01037452453522089,0.01259837881146704,0.005380604236892156,0.19295770759624933,2.3213945235591485e-05,0.00025851901399642074,2.7502094301176238e-05,1.5036901569986977e-05,1.3507835427908635e-05,0.7700097865013978,0.0021700945805513214
W2f09f36e113015d80006,0.0029935424900098596,3.237822003417458e-05,0.017993124396827063,0.01950721510707005,0.009898294952732579,0.37890763569692415,0.0011391154794339095,0.000259064281257964,0.0005875016038419199,1.7070882807535144e-05,1.583529420483766e-05,0.5587072366933089,0.0093760992681569
W2f994ecdb980801c0000,0.39654499239927027,0.002414159541725458,0.0450962332986027,0.07831686620183242,0.008433580327224514,0.09400036952704698,0.03666234629999175,0.0020865393099371407,0.005043956514211586,0.06939582867805866,0.015349088913610181,0.009937080833748575,0.07566651009265196
W2f994ecdb980801c0001,0.27564376897964643,0.0014767222818255939,0.053209411336581115,0.15284234718803652,0.00968062679645789,0.14021141457020692,0.046496530589858365,0.002705838231021941,0.0050638826873969115,0.05193835495379049,0.018355528121444174,0.008182546822094666,0.05173462222007852
W2f994ecdb980801c0002,0.23336197938273603,0.0012191878172024718,0.04929995348752916,0.14473158081796558,0.009921430845870173,0.1774288863984587,0.12682139285117403,0.0021371481231624886,0.006197463170767774,0.05769958196843033,0.0184124245833372,0.007896099068556576,0.05641403006680312
W2f994ecdb980801c0003,0.19282340492344235,0.001644201288311398,0.07587458284292592,0.15508876119605297,0.008552127396115642,0.20288109348041444,0.11555669957138057,0.002341448669681785,0.0053637493333766936,0.05897486637180836,0.016929814579085448,0.00818232658407261,0.05669567883677809
W2f994ecdb980801c0004,0.22035357301897052,0.0016900971474651323,0.06560321037743162,0.20200702472231538,0.008820022671554316,0.1008081300495954,0.038082755448657524,0.001998596474150221,0.005218819263360684,0.06502961988786077,0.041296245595378867,0.008282058165052206,0.05109912559998118
W2f994ecdb980801c0005,0.23570479942515626,0.00185325954530647,0.06840079042209325,0.17920087463304893,0.011395545357200436,0.18309980803470818,0.026829900345968535,0.0020907896485745847,0.004947160285966854,0.08512233984053427,0.019170216642653767,0.009978693626450433,0.06131287524870768
W2f994ecdb980801c0006,0.18706860461858266,0.0018176346626807662,0.06142030513622981,0.10275700900729583,0.011831643639045155,0.3856673400789279,0.022112396497259722,0.002969087792932234,0.00506621717374183,0.0601619505761359,0.021622707061992177,0.009858507074466625,0.05803715311877574
W2fef388ddea1a5470000,3.6663603833657507e-06,0.004755732009292744,0.022068278602591754,0.0018100312524836721,0.0022408914450068804,0.7996653716093767,0.0017858119240581002,2.895945868037991e-06,3.136913899633275e-06,3.2613522353015982e-06,8.969387629054988e-06,0.14688261622825294,0.02076432553653492
W2fef388ddea1a5470001,0.0008367266803235243,0.003623747834241057,0.010198095900571004,0.002391310596373695,0.0045776954625282255,0.8167214559107635,0.001773130981876556,2.677897037839148e-06,2.6871675191987676e-06,2.6591906436141496e-06,5.181145578065839e-06,0.15394494829779187,0.005916181469210179
W2fef388ddea1a5470002,0.0005691280038935725,0.0008388808411236658,0.0023072933901665577,0.0023613082156569275,0.002038146519029019,0.8390190428251032,0.0008620227960802956,2.8971283595401163e-06,2.9375929024844956e-06,2.8396313089086126e-06,3.885980955804342e-06,0.1449499564654781,0.007038087642060141
W2fef388ddea1a5470003,0.0005592742507203971,0.0036238206183360484,0.0021655971121762427,0.002185859236730318,0.00293796244403779,0.8036586082686821,0.0014212916004977775,3.498008043566888e-06,3.415128127808175e-06,2.715477567543212e-06,4.094329622681446e-06,0.17813627733854362,0.005288599740820326
W2fef388ddea1a5470004,0.0013923495284046353,0.0008389507898017157,0.011869633279977131,0.0019458760384927906,0.00532591770039076,0.7949068823279317,0.0008442327230508644,2.984079396187417e-06,2.8616374030940153e-06,0.0005578666264496343,1.1451184120016475e-05,0.1757361995101516,0.006557397871363672
W2fef388ddea1a5470005,0.0013925392630047715,0.003623280234028656,0.004356794891201599,0.000886632658629853,0.003290660046281249,0.7976344438825853,0.0008426918332246491,2.826673346921524e-06,0.0008363885561232489,2.463038575618731e-06,1.5398502433510413e-05,0.18152373936516572,0.005584075552015322
W2fef388ddea1a5470006,0.0005584909502606466,0.004176288906539642,0.0011836709832934369,0.0009030160920209957,0.004324181940152326,0.7726828265628792,0.0008425864718590467,2.247862762703612e-06,2.2754225755332217e-06,0.00027974810803527893,8.950840655133683e-06,0.2086393913210872,0.006389851148335423
W31929a826970ecea0000,0.006733125131648631,0.005076873549481132,0.269004527033989,0.054202294660851406,0.0897658928176589,0.016246040594485478,0.02269919453729258,0.008222765552096285,0.007847742874557369,0.052586039793326676,0.00916281470423859,0.011477329467015575,0.12235498115577545
W31929a826970ecea0001,0.005709162397400373,0.005586547685982271,0.26748499746691934,0.1504822983779549,0.10182186685718815,0.01676008952884109,0.021683304573963145,0.007708794923702918,0.007953410700552712,0.042026012786271466,0.015126239502273172,0.01310141047148091,0.06440112236409443
W31929a826970ecea0002,0.006134508213929683,0.006003315717472995,0.361773409007042,0.0699827830226411,0.09064183643949565,0.015402329915529743,0.019104279344695874,0.012077225110076337,0.010118542622577827,0.04286709671590789,0.013109428727047987,0.01486863064224863,0.06434419097592538
W31929a826970ecea0003,0.005327886542120363,0.005696155750930001,0.2479524446790989,0.13281373216947398,0.1141458407432223,0.018991514676875144,0.06778976044666661,0.008484637861844295,0.008719344963096237,0.04702687827363814,0.01143388423768818,0.014255118090869247,0.07517971632096998
W31929a826970ecea0004,0.00701510235833774,0.005027681961228029,0.23771382372909738,0.11425244133522452,0.11382863917739827,0.019572994152750864,0.06332104150978654,0.006592298417620675,0.007988603904932615,0.05392009054685014,0.011975273631793315,0.013185899467664644,0.08648206463087961
W31929a826970ecea0005,0.0061244624477603616,0.0056771841848442485,0.3432422587336545,0.051806812113072476,0.09403329218712259,0.015773455382324896,0.016909758615544522,0.006934325294637879,0.008060271468157812,0.05126757571843693,0.013977366572964235,0.014146202803636676,0.07595787151998001
W31929a826970ecea0006,0.004596205983083697,0.00524824804482088,0.25550056722872483,0.14890634728976587,0.10195019372014143,0.016547980369846345,0.019157718461175872,0.006832101765449737,0.00888432515096256,0.03760482872770608,0.013456424650853107,0.013699003595140922,0.08154865754195831
W3200649c2441eeea0000,0.0008359208329912474,0.0002802032797555611,0.004499838040927175,0.015597542471050179,0.003086411652817761,0.13265776810492805,6.713374264220889e-06,0.002485921302209796,2.0804156196393685e-06,3.3886740600993457e-06,0.0005708010741966821,0.8299167571023397,0.008367020813927893
W3200649c2441eeea0001,0.0021489389037689533,0.0002803079767563563,0.011389528335191785,0.003399257561431159,0.0037500325942758524,0.32153607680129487,4.781023150675857e-06,0.0053596008906503165,2.017996807503792e-06,0.0008368820859548741,0.0007089352095204452,0.5580839307599137,0.09233701103111923
W3200649c2441eeea0002,0.0008387073597527459,0.0002804337292031455,0.0061985497339633495,0.001207697009089751,0.005375769268367116,0.3167955198078701,7.545335366352205e-06,0.005915308297059617,1.971838006968903e-06,3.905243002597934e-06,1.62033511442748e-05,0.5973811664512899,0.06484178500051549
W3200649c2441eeea0003,0.0008412392364596761,0.0002808530060427322,0.01529062018378192,0.01880785925910588,0.005998336753987436,0.25863114454718567,0.0002983165555583943,0.0025035548164314405,2.2569307821291077e-06,4.336943122116659e-06,0.0005750200715954261,0.6860938322227861,0.009536902554467744
W3200649c2441eeea0004,0.0008369055438927633,0.00028043275686413853,0.004285559390930613,0.0011710808110713064,0.003733066587632752,0.26884096054923085,1.2883231704471089e-05,0.0024913823129882736,1.950058699533079e-06,3.9848084199847475e-06,1.8327667324388073e-05,0.7035796906486291,0.013052817563259704
W3200649c2441eeea0005,0.0008387070928697699,0.0002812980807693587,0.025277876187753262,0.017163106301701373,0.006341034775288333,0.22300133307654055,4.797058800457544e-05,0.0025099220396556446,2.446692204750844e-06,4.054109008698365e-06,0.0005755768727556498,0.694281593352775,0.028539664376295227
W3200649c2441eeea0006,0.0008376534550356777,2.6018592949352433e-06,0.0050082274214960625,0.00455105832817597,0.0038666382309025067,0.2136064497972466,6.966468162325296e-05,0.0002690040209465206,1.9225950149375223e-06,3.903322108478078e-06,0.0005730419340178273,0.7591743927111899,0.010900144880779263
W3473531eb2823bc50000,0.0201441429841038,0.0005190661919916431,0.6311715138185651,0.11016862231156942,0.09176713787926188,0.01714343069607583,0.03902031507822474,0.006888691574833094,0.003776786531405138,0.013014192452419337,0.0022333553117164988,0.021341010661885606,0.009008796220054084
W3473531eb2823bc50001,0.0168161814669668,0.0010792014196840357,0.6883873667739645,0.0591637180464601,0.10390174401699873,0.015187469651211889,0.016009085700498887,0.012258418321199593,0.002852805786132187,0.012318841247839494,0.003228492222043705,0.024194677220575406,0.00785794267447614
W3473531eb2823bc50002,0.01582899693257133,0.0013190694311316954,0.7005103657553235,0.0616185644783386,0.1117964264664824,0.017057641742104238,0.017460465606368714,0.004276368749229511,0.0028835426434520007,0.00967619709147246,0.00308342810815064,0.025062850979096687,0.004759401476107317
W3473531eb2823bc50003,0.05694726061735327,0.00428971045995428,0.7078525850366343,0.050651465762124315,0.0726364493196841,0.023237428216920614,0.016743869969285435,0.004252491969560459,0.0019701042290532116,0.007107983287043373,0.007156245253936949,0.024032296958673163,0.0037381727802525953
W3473531eb2823bc50004,0.017294066515858644,0.0005466232777650499,0.7290308084977206,0.03641846000287176,0.0990273285235144,0.016723175669247192,0.00889604477806388,0.006862877227535159,0.002516841707778594,0.009732912545832877,0.002072445434698569,0.02698690928086529,0.006599303351766196
W3473531eb2823bc50005,0.018522362759677603,0.0010814414260535339,0.6976601875295625,0.06424862914764823,0.10575361355717294,0.01471051994554428,0.007401680141017362,0.00562229546839606,0.0033258917067334683,0.009485275086111687,0.0030902952204000327,0.02481271021138305,0.006409206858690567
W3473531eb2823bc50006,0.017581137137553125,0.0011757376138890074,0.6781013393159779,0.05753140353438897,0.1348123049076893,0.015273854177808745,0.007517381275046324,0.011368619187545833,0.003422533977843571,0.011134553194088185,0.0017857382683136188,0.0231157092693546,0.004507540736662739
W3546dd5862165a310000,0.005390209122514901,9.32253155888724e-07,0.0010239125666395975,0.0006212466223701568,1.5055259334155005e-05,0.01657823759157466,2.3680698840556897e-06,0.0005561962475906446,9.605351781168085e-07,5.67979037973181e-07,6.298581552459834e-07,0.7799106389140941,0.19534256433979547
W3546dd5862165a310001,7.352763643716197e-07,0.0022243777764344402,0.0019498568604727157,0.0004031423868727892,2.62373318003455e-05,0.01818040130983767,2.2254288563070524e-06,1.8121293828697049e-06,7.940404059999604e-07,4.5271211694749575e-07,5.699436528915936e-07,0.8788428141746373,0.09836582013786867
W3546dd5862165a310002,3.2784316059511926e-06,6.51240110064764e-07,0.001113002349391507,0.0005612779250283906,5.09502987251838e-06,0.013776445993765077,1.1427072939680062e-06,4.4649115175743424e-07,6.815887464808297e-07,0.0002781675713692291,0.00018564227383178577,0.9599679871758,0.024105611610119565
W3546dd5862165a310003,8.7980646859176e-07,6.895083732325921e-07,0.0016830667768776755,0.00029158701406082146,1.245032623599625e-05,0.011151536868282129,1.3897704230582335e-06,4.78113598664504e-07,7.158224505651389e-07,4.0938385873134603e-07,4.860018709975473e-07,0.9725919417140517,0.014263778652541215
W3546dd5862165a310004,0.004004177959845717,7.242116646176044e-07,0.0005576537088908152,0.0005626141046397994,5.597365362950011e-06,0.019689956463781664,1.7742678750933493e-06,0.0005560522004538714,7.580707407309967e-07,0.00027820781811938825,0.00018569314834892753,0.7381770212196357,0.23542353672791072
W3546dd5862165a310005,6.71590439833977e-07,6.913893455311803e-07,0.0011395063189441582,0.00028540060719309637,8.573295290602052e-06,0.01623941319874254,0.0005689637332078441,4.768111415712421e-07,7.137768780639057e-07,4.049010636548948e-07,0.0005560424288509686,0.8477098619035084,0.13348870695699877
W3546dd5862165a310006,2.8176798291363568e-06,7.366295299456155e-07,0.0005580153407636534,0.000283967167197974,4.390030509875708e-06,0.0159038007521733,0.0005713965933735437,0.00023866188751064742,7.714657288822124e-07,0.0002782189932838358,0.0005560824748987233,0.9282080244548904,0.05323372746269708
W372ee4e3091c33bb0000,0.0010514898815860943,0.028179152839078167,0.026076158115997627,0.0024669306218722794,0.005538860875541638,0.0012885272844462565,0.002331523490979755,0.031182443074644867,0.43664381094811927,0.351857531315471,0.08438039143492167,0.0024910169176975893,0.009282600981161461
W372ee4e3091c33bb0001,0.00016420835118825477,0.027991856118429238,0.013537347423312788,0.0002733726036624529,0.00258768644265414,0.00045628166090311067,0.0008694089791566268,0.03667177035444517,0.4235337870122375,0.34710281180923447,0.13147199282061905,0.0005524345167797748,0.005908888368463255
W372ee4e3091c33bb0002,0.00016447123004969405,0.02799219883351916,0.014736904976880797,0.0002822734445419334,0.002157443389640295,0.0006399762836796924,0.0011392583704086744,0.03443983672322467,0.44390008052304847,0.3294876944710331,0.12966377175910196,0.0005503191827915969,0.0050960937134123625
W372ee4e3091c33bb0003,0.0009182044442844609,0.028250562942524243,0.030331523986650812,0.002288682860014733,0.005953947467635338,0.0018080613454519309,0.0026360914464721463,0.03260867176632362,0.396469444635069,0.3822676834749464,0.08841132160207187,0.001310402612083853,0.00833565305581075
W372ee4e3091c33bb0004,0.0009116190679853565,0.02824197759550367,0.02805973669337355,0.0017076780363638965,0.008032157554987315,0.001795405358110924,0.0033753089595736424,0.033998433486556755,0.38820019959231333,0.38784303890984245,0.08900760437246485,0.0013044662251817628,0.00761477621316999
W372ee4e3091c33bb0005,0.00016018079377645489,0.027986605393945457,0.012528503485376132,0.0008221966302614862,0.002624287834327253,0.0004485712933327397,0.0014770303359236529,0.03140253107842459,0.6281410479503702,0.14949992986713437,0.1306197449864443,0.0005381383309159313,0.004762339740924482
W372ee4e3091c33bb0006,0.0009222834209694943,0.028255880684817228,0.027682927484947824,0.0023860127344910186,0.007179648675693963,0.002834418903837352,0.006887071033952519,0.026266967156972344,0.40180874279253453,0.38189755154620797,0.08471919796419841,0.0013147275837080217,0.00871915381088332
W37fe5be573d394450000,0.006339228151099252,0.010496175406061492,0.10388700075001508,0.03299097347049381,0.01383161151161694,0.07328204387290325,0.3002157621327295,0.008185715569585328,0.007740386115081874,0.011900653303219903,0.01768555676014333,0.011548687976091938,0.07056349645312003
W37fe5be573d394450001,0.008035477948022047,0.005468469880196735,0.18683225846708365,0.0342450798542619,0.011912644188585403,0.136687243332121,0.393643496914309,0.004626090446002955,0.006409000363641799,0.013532536534914404,0.05317328036524278,0.009513116571753395,0.06713620558447288
W37fe5be573d394450002,0.00787961910390587,0.005651349171641228,0.1570429557396472,0.04555630080802425,0.011520410323468781,0.09066596137591644,0.4484137710953405,0.005139398014897472,0.005626707129699402,0.013630869796616688,0.044527434096942035,0.009600445416424788,0.05387910840290339
W37fe5be573d394450003,0.009562269216091837,0.008156848651611273,0.27807454872188087,0.037952985766220575,0.013873944526531118,0.09699369566213159,0.25702591586882384,0.010966894987861367,0.006442928866785309,0.014777175907932977,0.035220992913351,0.010101134319533907,0.06432691336082724
W37fe5be573d394450004,0.008173681472452546,0.006241595998395345,0.2846242696317265,0.03712110145090823,0.014450872185274133,0.1103006160786002,0.28159764605920795,0.005981120917059318,0.007731198993905595,0.014525719458501722,0.10797235208872012,0.010554841478946099,0.04666247216871875
W37fe5be573d394450005,0.008238731535533641,0.006242762154754053,0.24380014679050255,0.033182784702493334,0.016419279740345037,0.1188715940135067,0.29903903426540296,0.004496166509728419,0.00742330457115643,0.014457548401041095,0.1193379527402693,0.009755108065498517,0.05740932597542661
W37fe5be573d394450006,0.008018836671743938,0.0072973475319617525,0.10220880927397004,0.03144446339024403,0.014324767909198117,0.10984208599371963,0.35331972051480803,0.010295375082458027,0.005815984144724992,0.015548024249630902,0.04858774934434392,0.009848465050184966,0.2057552090753351
W3850cfe923211d2a0000,0.05625009147556006,0.003965716315897954,0.02669981859330205,0.0325011364258041,0.07065385191036794,0.014281692465875843,0.019268154315651015,0.5453501603525056,0.003082546407350749,0.03800989835097766,0.02966284400900317,0.0066202450242153444,0.01835766345333892
W3850cfe923211d2a0001,0.05488376020063593,0.0042267362270282305,0.02534866641926601,0.030553402622538472,0.04816286521422988,0.013736248598302985,0.08737076252503108,0.5129093389960113,0.002709020600307831,0.053694063586815534,0.02574107945543883,0.004656841832147741,0.01381894521521055
W3850cfe923211d2a0002,0.05254691904354632,0.003278082078435996,0.024399226684057345,0.029169990223090848,0.04610624316828811,0.013209992453533149,0.1367244171308809,0.48228462371014824,0.002361875383884428,0.04714095881084203,0.02453159331224037,0.004100208639205677,0.013656138781472349
W3850cfe923211d2a0003,0.052731515809759474,0.003694480770680045,0.025999221257382705,0.029563378020460208,0.04962748951475985,0.011918863275172541,0.09995503766332406,0.5030744628948637,0.00250582061808271,0.04558358154118484,0.028654574932585667,0.004633408627502277,0.013019671283316783
W3850cfe923211d2a0004,0.05802830162611887,0.004452157320899377,0.022714625479164783,0.031220952541522486,0.04705295702596576,0.014520640277501362,0.016281375667008147,0.5445056472202465,0.0030445473044975703,0.05394774584466937,0.027775114878004246,0.005465453017793411,0.013074665111812158
W3850cfe923211d2a0005,0.05690144699081632,0.003506759930667971,0.021509785842337887,0.027588318669865577,0.04171663877027187,0.01450546091385718,0.019237273959318853,0.5255475074082985,0.002774058360487825,0.04711177736890171,0.026116877760965482,0.005018194253552043,0.012212278642865323
W3850cfe923211d2a0006,0.05717789296082273,0.004632642787478765,0.026906751175133314,0.03191365287285753,0.06400600000138401,0.014586375392387824,0.016820793196302072,0.5449079425891036,0.003175134404603288,0.05664006199617463,0.028373222610441534,0.005676653843559371,0.012659654081222658
W399b55598af37b7b0000,0.003951947940955533,4.236677078426932e-05,0.04240492452618596,0.10525515279660783,0.01872849307704475,0.22858012761805308,0.010440885384896466,0.43954001478736976,0.004416720438276607,0.0373771688229448,0.02065418981523113,0.0031055273754499835,0.009528399336800875
W399b55598af37b7b0001,0.006697249911423754,6.56623926047266e-05,0.04035485705500859,0.20878551207823076,0.021122412575790235,0.06615130553091954,0.012637804591206532,0.42705474125632664,0.0020295834558320676,0.08681736960982268,0.01568737419986357,0.002808360552206575,0.006987824254937312
W399b55598af37b7b0002,0.0063109676713020285,5.061509626972073e-05,0.029730236381378713,0.10418821513530183,0.019155074640604012,0.150207230809334,0.009648335251765434,0.4381736210055085,0.0033165079751119857,0.08015726839088595,0.030179077730300673,0.0018253432896760881,0.007417369837988753
W399b55598af37b7b0003,0.010918869507403112,0.0008134354406314562,0.053124874682935884,0.2151636346826388,0.04146573374521357,0.226557182508787,0.020782139418658904,0.019417817050629137,0.004045330839889411,0.10370835228598797,0.17175715908004788,0.0045138498061976255,0.014353604882832842
W399b55598af37b7b0004,0.010678180967566828,0.0009193551326169195,0.06815335067489849,0.2563423822548252,0.03862365374595797,0.04616921742871465,0.025677739824243387,0.00860143327300997,0.00413305289253285,0.10444386457709119,0.048044644660097495,0.011827979677894118,0.01605909473990117
W399b55598af37b7b0005,0.009227425696420523,0.0002670065864003019,0.04793623342160531,0.11552786902382174,0.024658544012409186,0.04287444405170204,0.01919590819012311,0.2882352036908361,0.0025670599002710374,0.05261407206699658,0.024640118915250607,0.005018728725150217,0.01171585168142918
W399b55598af37b7b0006,0.004844265898511591,3.0122201364532888e-05,0.03613878704856068,0.05100367694136166,0.021495081875272052,0.3126010259689899,0.009616522702561395,0.44803421287819917,0.0019832231811391828,0.023118930745454916,0.013028335711318518,0.002596575058536064,0.008216326052582915
W3b18f3c30c47d8040000,0.8465375709548688,0.11263213725481064,0.0053713955855058315,0.004732710118610656,0.0033488897142019696,0.0030571571328054502,0.000557200240616497,0.000371188500235929,0.0011120378934885323,0.006852969061519511,1.0963920593040866e-06,0.005510387506717427,0.005186438283144552
W3b18f3c30c47d8040001,0.9431065052653368,0.013613611567695895,0.0047236545765618,0.004169000429606898,0.006023711903012666,0.0024090969173224588,0.0025938775400790033,0.0003711435080853065,0.0011119691762942693,0.006575570003726126,0.0005567724984436571,0.005940152866659092,0.004354212527605037
W3b18f3c30c47d8040002,0.9464828673851078,0.012502491585303373,0.0036125586595238887,0.004539468793778596,0.0026926970084242352,0.0021311578058061933,0.00316021131969228,0.00037105247676546616,0.0011120031971390276,0.007964482396296272,0.000782811484937092,0.006120159217421421,0.00435479409703029
W3b18f3c30c47d8040003,0.8599402371045508,0.10194041671022655,0.004537818416211875,0.0037077205612196535,0.0021469870296583126,0.0015752109013666069,0.0026064401184108543,0.0003710069972104439,0.00111190959815771,0.007362275680604994,4.804412143992377e-06,0.0056119187901221695,0.004909537426123793
W3b18f3c30c47d8040004,0.9333725869177902,0.002784328421288708,0.0036234738016856604,0.006018497984372588,0.014596990997809362,0.0015770372971687997,0.0034284651609565644,0.00037175324194777323,0.0016683801766556015,0.01381293426277759,0.0013364045611289372,0.004432961728457548,0.0061153473434975595
W3b18f3c30c47d8040005,0.8552261214869498,0.10315951696101797,0.004260069763008892,0.0050958408198408835,0.004179763753220866,0.0015756258926601068,0.003934432832772329,0.0009265332840559529,0.001111907576100857,0.005556536087686666,1.5089872888330418e-06,0.005057906537801888,0.004353619458077906
W3b18f3c30c47d8040006,0.9252936201315899,0.011947013636739216,0.003612495202732876,0.0031505764557055362,0.004542532086367596,0.009353800239211436,0.002593910749531503,0.0009266063944841441,0.001111985388728051,0.00852040587389676,0.0010570822485744102,0.01797248367172737,0.00491050328784053
W3bafbf7685d60ad30000,0.0074980529682816995,0.032429584813415034,0.0817524431477408,0.009498185176488223,0.016207362006543716,0.010465019638278098,0.023992532835964652,0.015111626834875313,0.10285578196655931,0.5010398482358059,0.07753436713988633,0.007566885012016161,0.029521028203611552
W3bafbf7685d60ad30001,0.006539104719941395,0.03159764005951763,0.08895788299985395,0.007692130506619718,0.017165565796986405,0.009882686724764028,0.011191805101108924,0.01396758417797743,0.09654799522841852,0.5146291221837358,0.08523472155763158,0.008058243153241206,0.027294289247797077
W3bafbf7685d60ad30002,0.00635164607857682,0.032150315806504084,0.14039231602520835,0.00768808990017436,0.017009159504636346,0.010155919593416862,0.009411211994137088,0.013916320435199041,0.09687907250972795,0.4789551667117344,0.0705742916614419,0.007448841262699508,0.027322454720455996
W3bafbf7685d60ad30003,0.006241559373236168,0.03122075869990859,0.07244825041949496,0.007487465016552783,0.015690862529804804,0.010492016723392549,0.017436447964855117,0.011694017633044,0.0827544522767282,0.5787656580972965,0.05930366023686334,0.007444307304152452,0.026517736422725594
W3bafbf7685d60ad30004,0.006105441259703939,0.031165627626952016,0.07536139679812309,0.0063301281944160605,0.014727110197027792,0.009201278158090876,0.022179604074275966,0.010797222143177463,0.07937982805080851,0.5786063936673914,0.059052421613379064,0.007668001715520116,0.027013590247419977
W3bafbf7685d60ad30005,0.006343205834528961,0.03181863142569941,0.08549266935623724,0.007199780456149685,0.017675115081347857,0.011063566807886553,0.024770415323398055,0.018564810472451856,0.10673085038387282,0.48953973452395055,0.07749115085018282,0.00880465323903591,0.029470509942039202
W3bafbf7685d60ad30006,0.007819802146198972,0.03149145290562581,0.08313965611353873,0.009687797267473862,0.021165842941320484,0.01290533668093468,0.013002851564235718,0.012045279907808423,0.10932400726586262,0.4954332645867116,0.07965625025788244,0.008064663216571415,0.02596474174899921
W3d68ba1ac902179b0000,0.0019466024182167182,0.8911138360437275,0.0025018587935994848,0.0033352035637607114,0.005611170756636755,0.0015794897392240697,0.004928599492713353,0.012059085708561948,0.050817022073969785,0.002595110871139155,0.016549178075835086,0.0019457621278927476,0.0018086364411196226
W3d68ba1ac902179b0001,0.0019462977735771679,0.84296771229414,0.0025019968107259805,0.0025432392480195768,0.0054706438790825635,0.0015789236870226925,0.0026953424537820435,0.010952884064535153,0.10508287695642153,0.002692987633857716,0.015902505716623373,0.0025023502352221347,0.0006981980253693685
W3d68ba1ac902179b0002,0.0025035777158187505,0.8874100938421157,0.0019462904753664162,0.0028492332852054283,0.007553755712076704,0.002134507299086285,0.0049500294158225135,0.017030398482654426,0.04499031874168284,0.0031127468459156687,0.018280352176818518,0.0019477063163361118,0.001808848237237138
W3d68ba1ac902179b0003,0.0016711320705032947,0.9015628097266323,0.0013907609991421854,0.0017074039939395855,0.00588696787010004,0.0015790155452802236,0.0040295301365182645,0.013145086731415944,0.04727256251232065,0.001256958982837364,0.01469328495499909,0.001392680294019002,0.0021792157048541403
W3d68ba1ac902179b0004,0.0026903389057544966,0.8857056304200702,0.0018538077482250519,0.0033212067592296823,0.0071471147598332905,0.0029676209364800036,0.007319073239670613,0.020540220423237564,0.03717704580182939,0.003386665979577128,0.01870755338312639,0.00333672690473432,0.001808850296386854
W3d68ba1ac902179b0005,0.0015753997947858648,0.6038071864200389,0.002363154211472673,0.0016677886854783105,0.003944320788960123,0.0011159692142413253,0.002874111378568219,0.005562147939594211,0.3484526773975031,0.004075321783689642,0.018897814824387786,0.0023630152998419906,0.0006979872307774959
W3d68ba1ac902179b0006,0.0013903782930679703,0.6182014110326898,0.0025017503967050395,0.002749441380331507,0.006303716297630804,0.001995206402774239,0.0021363393917027845,0.009857919675104793,0.32273696387284745,0.0034794829906211687,0.021733841263350404,0.0027789933566127155,0.001531455312236085
W3ea9e82425f581770000,0.03426610467970293,8.793209103616814e-05,0.07315038609645722,0.04563549662725839,0.055433918084511355,0.038903069509747965,0.02249848604026886,0.016604145592656182,0.021600323907755545,0.00875746079601383,0.005309165182317062,0.004213952240767989,0.0241501493205291
W3ea9e82425f581770001,0.037250828649068715,9.580080381884982e-05,0.08842775380643307,0.04336830429475395,0.11311623944468265,0.03477833371224282,0.03425797704553836,0.05258674643620798,0.023925791412831705,0.008880740290664829,0.006452977317124427,0.00509926517589961,0.024381435369170878
W3ea9e82425f581770002,0.021561431377058838,8.226623927613606e-05,0.06602169665504935,0.04638590269706055,0.09043424182597753,0.05775800187130383,0.03502704508488729,0.020294140655983613,0.013548417489361655,0.009959132032795482,0.004011926908765811,0.005088255600921347,0.022780497819245307
W3ea9e82425f581770003,0.026740233295886966,7.286487955163427e-05,0.06029483491755334,0.044298304340580574,0.06998822592190128,0.05115460695327289,0.061570184465700006,0.01253725308812856,0.01414096509937503,0.008888989639631698,0.004353371073073005,0.004533389441780293,0.02071376379105823
W3ea9e82425f581770004,0.03154898124453082,8.661467509282648e-05,0.07511372851428988,0.04427769382557431,0.09301531341887137,0.04076915633368036,0.08731133861538358,0.01342407096343371,0.015922767527625167,0.009202041728329407,0.004286942283661856,0.004547173319581118,0.021856186118143658
W3ea9e82425f581770005,0.020852525870342736,7.18676019104106e-05,0.08369902122795257,0.04303704014960044,0.13369444755915816,0.08378811821807897,0.05498388800390974,0.01259515900158739,0.01472185716983184,0.008443765274240943,0.005215892615045288,0.004699146610754234,0.018757907303087882
W3ea9e82425f581770006,0.018744616148315508,7.971128064845993e-05,0.08324696957109642,0.04479350177945521,0.15110259485830585,0.08549090465344912,0.05891527554911701,0.012446324264692174,0.012120021685259453,0.009221557630380909,0.005585475585721556,0.004170706980183875,0.0195774046662177
W3eeea8cf96c231ac0000,0.008931386145063384,0.9742675375045634,0.001668324290299924,0.002965105056099425,0.003753549162765851,0.0017620628733839457,4.736137424409226e-06,0.0007803134169636716,1.3105858393360122e-06,0.0007793174658017079,0.0001423740113447574,0.0007420760138819509,0.0012986752279834886
W3eeea8cf96c231ac0001,0.01193734469661666,0.9609997708700249,0.0033349378198562845,0.004631392165053815,0.0028273667979929933,0.004357779203776541,0.0016725923953435891,0.000780270062995992,1.1863266228863217e-06,0.0013346741318233564,0.002623569934044842,0.0012975780988287232,0.0024123226942123935
W3eeea8cf96c231ac0002,0.008970948003052832,0.9736684284248395,0.0022238311811420904,0.0029654583764029854,0.002642244049794202,0.002876122508031719,0.0005609240546292555,0.0007801073305687298,1.2145666834732955e-06,0.000779058585386815,0.00014299532824009465,0.0007420217466048611,0.0018566880816094304
W3eeea8cf96c231ac0003,0.019075216483877347,0.9472603359056079,0.0039831463486960025,0.0042646236835490806,0.004309053371196142,0.00417334815404011,0.00194991241476759,0.00022421313542539986,1.2229237125798186e-06,0.0013347681980901075,0.0031067983208567323,0.0012975524216288007,0.0027823573641323185
W3eeea8cf96c231ac0004,0.020096624665553425,0.9384526670721925,0.004538659616054813,0.004911376770679007,0.005605260781181398,0.0045463627400826765,0.0033429983138694363,0.00022483598795334657,1.2019781756624291e-06,0.003001472209177632,0.00514599284053126,0.0016679527552642117,0.002227143439015378
W3eeea8cf96c231ac0005,0.007857091947232196,0.9742232422873186,0.0027793822610992554,0.0029690956236482625,0.0022727703235873344,0.002508204727497637,0.00083763120715337,0.000779034516888676,1.2095257416189138e-06,0.0007792050839250376,0.0005127352565911637,0.0010198001630464483,0.001671615642148604
W3eeea8cf96c231ac0006,0.011380939254141572,0.9592118639381156,0.003983089294419086,0.005192346873039586,0.0031997733617947456,0.004730915468153016,0.0025063405566728425,0.0007788789765673751,1.20766656298017e-06,0.0013349331337145895,0.0020867520479097095,0.0015753802811927814,0.002227159291680505
W3f26b96bfa78adc60000,0.0030665764910788886,0.0031133878975088433,0.03711941505934958,0.032410394003227316,0.027873040074244865,0.004241924167057686,0.18446764088815512,0.011345791233248846,0.008273251631496866,0.04946119281363967,0.032497817131415224,0.00836974097570959,0.07231846358945924
W3f26b96bfa78adc60001,0.0032174522127438646,0.0029261715890778954,0.039499450883887996,0.030709421927549992,0.0263270029939433,0.00506564033191519,0.17317412041200397,0.010049574263049183,0.007347028219827325,0.047911994395946726,0.033262182224714935,0.008885209473357485,0.065489536398444
W3f26b96bfa78adc60002,0.003350480082633628,0.003488436897833163,0.04092461826404771,0.02869515082899773,0.02991112399980603,0.00483022881652549,0.08193917717654482,0.008516080462008102,0.007413073590268333,0.05694268519551409,0.03814605439271302,0.010535646923232613,0.07396789138923848
W3f26b96bfa78adc60003,0.0041841089678231955,0.0038745726940596155,0.0368866882972453,0.028967026204785303,0.03194994614430702,0.005863332990250057,0.08552239141106152,0.009675134665096865,0.006236403079071773,0.06549773260321967,0.07214764107476096,0.013917447564307598,0.0747150041159492
W3f26b96bfa78adc60004,0.003309200371871416,0.0038005642473945118,0.043832882103949075,0.028696757842810706,0.03330146509144218,0.004728482656879439,0.04484406337184146,0.008672178767440704,0.008054754829471393,0.0783077936156196,0.05378773072869999,0.008671335254349625,0.08019966348310827
W3f26b96bfa78adc60005,0.0040271635320888914,0.0040929431790696505,0.04331667453117769,0.030317700390208466,0.02951626559566109,0.005444875500378833,0.022237375771100087,0.014907143682304813,0.00797074700671486,0.06605992740178598,0.04134473532360887,0.008860256912631122,0.0734679111222186
W3f26b96bfa78adc60006,0.0035232523183522627,0.003952787009168991,0.03811773815266284,0.027201518837561053,0.029990182740275272,0.003865687920266919,0.021986493405050378,0.013212129983457414,0.007628691712749131,0.06301482630831513,0.03659803536760143,0.008826861783848462,0.07984184137882018
W4067912de7075f720000,0.11645680363896639,0.00445975984790387,0.026344958974375086,0.04876484269790268,0.20995424062391227,0.021608112893738325,0.009388232452723529,0.018367208039956822,0.008107822657479372,0.2852970871758096,0.006750791537862216,0.03573330385583739,0.04280392580918696
W4067912de7075f720001,0.1420974205309385,0.0070831846823261185,0.02176535705742361,0.017002375602445382,0.06696699556328276,0.01916659949854852,0.009005291495000782,0.019613334666443643,0.008024110991147979,0.4484253094419708,0.012273713088349385,0.02965689544720059,0.035935145100556655
W4067912de7075f720002,0.08573948253603891,0.002877229083815382,0.0209359650980737,0.019092700556087683,0.344321027545504,0.01478402207428659,0.009828380632701037,0.01945844372777566,0.007742251698989463,0.19074170310628136,0.010341664853323343,0.023492221493958205,0.04133598943061453
W4067912de7075f720003,0.1096900114224564,0.00481407652529794,0.02371133156696874,0.020941867881977303,0.2549996167830825,0.015253955998089493,0.008667810169020974,0.018433786297779083,0.007964762300477431,0.2558018233508007,0.009654939831089792,0.026256385112993323,0.04019007213920127
W4067912de7075f720004,0.13608713920243928,0.005794112874539316,0.02074466142446781,0.019287412830670012,0.09431604516768499,0.015981244123071853,0.006934273980971625,0.014536440697035203,0.007313217104167561,0.4704326260737202,0.013264378051011431,0.02529219347731683,0.033638986333117855
W4067912de7075f720005,0.0903604132286045,0.003932289623260948,0.02062143175836243,0.019341833011051735,0.2545966815821841,0.014626285304832053,0.009110735541362353,0.019443301916364213,0.007135721716545503,0.3057162801807827,0.0077681685851908235,0.023903656603941253,0.040278403754316516
W4067912de7075f720006,0.08830664401286402,0.00462567448095253,0.02063175882984481,0.02292422640192182,0.19660978332754364,0.016240183448511313,0.009481155061073441,0.015742251951774467,0.007249200196322025,0.3756397179208835,0.007866487698292247,0.02371341078142838,0.041687836411787936
W406d4c539a8af8f70000,0.0005568157819823965,0.9894876063656709,2.9807755974539552e-06,2.58218303539363e-05,0.000559094767563164,0.0004489327488960247,0.004472567008961237,0.0006327905091293155,1.2673213888000953e-06,0.0005596193253972141,0.0009753550573021665,0.0005022596742242255,0.0012091409086419024
W406d4c539a8af8f70001,0.0005568160926045426,0.9901962873980739,2.9581338621441937e-06,3.5874113414287025e-06,0.0005597407608062309,0.0004487109439715396,0.0042022403259708,0.0006327731320929626,1.3176820451926385e-06,0.0005610583987640235,0.000558721547234121,0.0010578171952960905,0.0006535837403312907
W406d4c539a8af8f70002,1.2605372513719283e-06,0.9960354408300388,2.6969932427817526e-06,3.289784599284324e-06,4.05788130361173e-06,0.0004483214836208098,0.0025328155805505637,2.9676361724333405e-06,1.1782982350454171e-06,4.754069729535376e-06,3.124285118704671e-06,0.0009465983384892521,5.342745868576428e-06
W406d4c539a8af8f70003,1.2604603521174623e-06,0.9971432846392175,2.7035587630766305e-06,3.3283131501232793e-06,4.645757744773582e-06,0.0004481981154948439,0.002257556572172291,3.7470691233659115e-06,1.178211732687879e-06,4.014153436889844e-06,3.1154416757754306e-06,0.00011325901664133167,5.349605728808184e-06
W406d4c539a8af8f70004,0.0009734825638958406,0.9913091320503332,2.7317133999393185e-06,3.252410435665315e-06,0.0009760738883303511,0.0004482913017833659,0.003369794061712715,0.00018831699977414827,1.1791785030077852e-06,0.0005603693666473405,0.0008364501991021215,0.00011325827327770029,0.0012091447177964942
W406d4c539a8af8f70005,0.0008345935801752646,0.9907528973006738,8.13891136390005e-06,3.2392422341035624e-06,0.0005592752672790972,0.000448290922755496,0.003920566674830692,0.00018893273062547375,1.1790337190069394e-06,0.0005595954072230582,0.0008364472915220072,0.00011325821574759929,0.0012091288753956092
W406d4c539a8af8f70006,1.2981172745205427e-06,0.9965879377550525,2.710893120233455e-06,3.332307495136113e-06,3.632432690413021e-06,0.0004482905175692329,0.002813511107486808,3.5231368506241653e-06,1.1780489982095475e-06,4.170428714271783e-06,3.124324004930873e-06,0.00011325888299274485,5.33338972382198e-06
W43ee54d0f337756b0000,0.006283452097205683,0.004205970538040257,0.07774714564525427,0.027346703255740134,0.013384186537266156,0.016606441935333078,0.7304330532690488,0.006447327634699399,0.005021736972587448,0.011162777954548233,0.025103896790050317,0.001370301569945283,0.025895283907326847
W43ee54d0f337756b0001,0.005296104864990858,0.002931211636343881,0.1818801601418562,0.03041299612923825,0.015092417449528061,0.05292184798809781,0.5980618446351387,0.006538346426069786,0.005062452287662155,0.009812664282074803,0.022008172651267886,0.0029854821292325433,0.016629424114928626
W43ee54d0f337756b0002,0.004194095208128795,0.002164572117154756,0.06918629629846387,0.02931511400272146,0.012012899482578226,0.01220023759822006,0.7664610422009126,0.006952568986728827,0.005686125094270779,0.008677487727749247,0.019559742838153125,0.00282847529834972,0.012639840040320096
W43ee54d0f337756b0003,0.00563778152273999,0.0017018412022711837,0.07114735641711464,0.027661712392333,0.012299546144176754,0.011299221991571141,0.7651200627007915,0.007510141999094233,0.005266840303519963,0.006947156250816746,0.022186608820338335,0.0017160803515181941,0.012856755408051024
W43ee54d0f337756b0004,0.002976513401718817,0.002311364140896491,0.08084890007543707,0.03177644731345118,0.01361448068558336,0.015771759828437877,0.7451991298065661,0.004853199194203677,0.005446416331341374,0.007727910853302494,0.02499657591710916,0.0034906812991908572,0.012863915301022984
W43ee54d0f337756b0005,0.0014851108722349717,0.0014413134885403371,0.06716691198734025,0.022677405393236042,0.012698218086319196,0.016053686338727502,0.7567430490714959,0.006754864041302347,0.00840587319407843,0.011531587327356202,0.036960785926564876,0.002823269415382421,0.010052592158717566
W43ee54d0f337756b0006,0.0039961653029805776,0.0010854336437074227,0.07218345839873364,0.028828384706724264,0.012892778575613481,0.010691109045554962,0.7622754670842635,0.006430330510966878,0.005298871444816417,0.0071392495115201494,0.0247149478767955,0.002530300461112694,0.013823419761456443
W463dcae88125d0440000,0.001113223615159046,0.6277020707933914,0.0005596803820950555,0.0013909811756960722,0.0011146392194416026,0.002188789385352663,0.0009295810202375332,0.003524276406897504,0.34533806813173085,0.001205959785398912,0.011548809357614273,0.0007791358720631353,0.0022275586168244996
W463dcae88125d0440001,0.007409869270820762,0.9261815923576512,0.002226292743876001,0.0031507316214101026,0.0027802340374201337,0.003396153712774071,0.0025618183685187494,0.0037986075348158503,0.02221347828443372,0.002228867168632119,0.01853389523147446,0.0005012682176318964,0.0016780169775635295
W463dcae88125d0440002,0.0061132176707393284,0.5876516812886095,0.002226707783942688,0.002501471428146622,0.002780212879300902,0.0022286974965947228,0.002503762595147393,0.004393150124894821,0.3578000373586152,0.0025942668179633225,0.021688738380223928,0.0013901564875993147,0.002233460369153086
W463dcae88125d0440003,0.0016687639788936913,0.627002687904481,0.0008378188834563473,0.0016681379432602957,0.0016691017618895524,0.000562007652951639,0.0008378675012362,0.0029648789449538723,0.34645058264340983,0.0009275631561802916,0.010299919689600772,0.0013901564843197504,0.002789002897560193
W463dcae88125d0440004,0.0018545776783905404,0.9140447973383209,0.0011151719026833568,0.002039201985798765,0.001669079666423951,0.0011179009312891723,5.02577457329283e-05,0.0032659865166654953,0.0597805649576556,0.0005599703759871035,0.010502836407310675,0.0008346013445426607,0.0022335589053946426
W463dcae88125d0440005,0.001853964765492171,0.6250906276697737,0.0011150196055422007,0.002260707230328416,0.0020024121806680325,0.00056466755532095,0.0005592095053218784,0.005615333034386273,0.3437461363373267,0.001149629463333976,0.011151781220137854,0.0008346594738082796,0.003122346612612952
W463dcae88125d0440006,0.0016688703957772743,0.9616367047563495,0.0011150067669541278,0.001390502361860271,0.0016690793207428014,0.0016743584391109823,0.0005600976199445927,0.0029273119121557716,0.010219451676301176,0.0005573694236659351,0.012858455866527691,0.0005569195152719774,0.002233706767442891
W464df89a515d6d220000,0.05014911301059728,0.00917603833711713,0.03425482300013542,0.04655384244166376,0.3732537828924021,0.05467939287933016,0.01652257284814792,0.019839190984306372,0.0039803311688543196,0.06852684992719732,0.011012001206544797,0.026153897749186965,0.039742133448776
W464df89a515d6d220001,0.05866274699443873,0.008601000412322231,0.03214299646375179,0.021705785038212525,0.26899252855298794,0.049654615739250944,0.024335489613609842,0.017333607053154655,0.005030121868021556,0.1784621786861496,0.01129416401711433,0.02198457767786309,0.04001821993648752
W464df89a515d6d220002,0.04248047746941867,0.007469562497284319,0.027068305497398158,0.020599849791568106,0.17916977664668726,0.049628175851409724,0.022536585328341935,0.015238419730456719,0.004540226439118524,0.25198088771372024,0.011641851196246753,0.021380804490079872,0.038619922759446146
W464df89a515d6d220003,0.020016478954989696,0.0032906124093943895,0.025755026753289063,0.027356426094073162,0.22060392361491563,0.059158333766912305,0.04081376417250559,0.013004423903790687,0.0048831097944525195,0.24006509255788117,0.009552491911851164,0.021944138590811225,0.0394995932824113
W464df89a515d6d220004,0.04179397263458688,0.006730448537024983,0.02231405949681668,0.019556186828384246,0.0948010865407687,0.048441647875457676,0.12067316666561458,0.02278142987321758,0.004770381897367193,0.25960722153284077,0.011657305772735587,0.020215972144392226,0.04147824292033611
W464df89a515d6d220005,0.04987696192099102,0.008122069417141099,0.020163373421185352,0.01383443660908071,0.08313118731515506,0.04026823715074088,0.023880059795573984,0.014719831625312742,0.004177354653754825,0.35229209823383767,0.009366180479177965,0.018252583171039383,0.03520605981929779
W464df89a515d6d220006,0.03728394592569813,0.007372188069164445,0.014919438988882127,0.015291199932851987,0.051111948328280345,0.0397411897707348,0.016330114661280443,0.01680649871934639,0.0044335602800744224,0.3941012604266451,0.01034779790298993,0.019006505518991298,0.03700642153847045
W46caf6625c92e8490000,0.03860848683570401,0.00020590948790608318,0.0067225926317271345,0.02235556223169959,0.009287651552161904,0.01682753568732542,0.006881230925944397,0.032262306831653646,0.4251402446315426,0.03479072138376189,0.3849877482183466,0.0027767371030077183,0.010857632242559286
W46caf6625c92e8490001,0.032102202915826376,4.25848622698785e-05,0.006124552028527824,0.020328214950814674,0.005899603276676074,0.011845069413491442,0.004466906178573321,0.035007121953988196,0.41200013999534135,0.02495612774438878,0.4279031039963824,0.0027733612414213536,0.009513022571414505
W46caf6625c92e8490002,0.04601626688576832,0.0003608160927034308,0.006437143730413969,0.04989129278070375,0.011329796402444811,0.022648074936256476,0.006476257219051657,0.0333238871093332,0.43445018235844707,0.037627285089451366,0.32373037610524685,0.0033135623469921177,0.013589420994810135
W46caf6625c92e8490003,0.04827652263760688,0.00036011933088328193,0.010212045736988931,0.16086403332148766,0.016877760621347264,0.03230553853229321,0.008876199475913341,0.030763693892546882,0.18131072797082343,0.07185935996698536,0.3934172525335252,0.003648812613303379,0.01795572798578428
W46caf6625c92e8490004,0.04692164110197873,0.00036457603317243716,0.010653025606907021,0.061200299555700596,0.01753045363139715,0.024646071982462818,0.004359568145651765,0.05210472033733866,0.24751942498712837,0.05702418539428584,0.38276467887955745,0.051796547278576216,0.015384612293990367
W46caf6625c92e8490005,0.05117724492884821,0.00037088465117487377,0.01193329166720747,0.07038058904377029,0.02199902079816681,0.025096161399552445,0.0017063104462703151,0.0577968676559032,0.2263650219618415,0.07310614813831467,0.36868608087811094,0.03276936843737561,0.01654556829471984
W46caf6625c92e8490006,0.04993435856611219,0.0003850177257106297,0.008504994169950906,0.025313114907840162,0.018564981805702024,0.024288632851659036,0.0011562564447830535,0.039649428860348,0.45062337914544726,0.03738014340892112,0.3177612579853182,0.003762171461213208,0.014620322713164829
W474deeee09a43e6b0000,0.007457831830804167,0.0003838013196703538,0.48010016165132763,0.006880060331660554,0.011564924545713983,0.24799911436911806,0.007186113971457664,0.00036074448104828316,0.0002887885512578358,0.004577200150029118,0.00028236751231459456,0.22469325466761628,0.0055540844354979866
W474deeee09a43e6b0001,0.01589429366363968,0.0005503683726426814,0.3908289117552138,0.005007807069523754,0.00692014466243281,0.29693633544611336,0.007603225187671825,0.0030884406674495965,0.0009750283134094751,0.011496350639267855,0.00040591697625077253,0.24883847845577386,0.006830724291516099
W474deeee09a43e6b0002,0.00751381161212038,0.0011606840938910002,0.3915250522331077,0.0025801053124285163,0.004047710169706517,0.255711726007325,0.0022797728019352437,0.00178968556017621,0.00020384523185393178,0.008921098614893687,0.0002686027967172665,0.3163750554175991,0.005511798237234941
W474deeee09a43e6b0003,0.0016654402400153414,0.00020913225017586226,0.4217113980190641,0.004969404660116253,0.007250013819698354,0.28291177618255686,0.002852079588756009,0.0003477148914311715,0.00025594799287357114,0.0030300550597517836,0.0003076542126861506,0.2706291575627551,0.0031170791408821805
W474deeee09a43e6b0004,0.012961166296210398,0.0009470120492781346,0.4356619367763359,0.0072766475144621515,0.011255667620109102,0.2677756612013459,0.0033901727163041465,0.002010766076420644,0.00025402083042989405,0.007671165239852716,0.00030697691737493143,0.24197482018778507,0.004729794515874694
W474deeee09a43e6b0005,0.01646753094123664,0.0012258713336818316,0.39663244837543127,0.004294128061592452,0.007727721622615735,0.21498285598363,0.002605252522560838,0.0029394073586947885,0.000738027845691997,0.01036217267503578,0.0002532168873340061,0.32926848523614555,0.0077430523494287735
W474deeee09a43e6b0006,0.014569696695303945,0.0017987148064935196,0.4036728505778906,0.0038288025459143216,0.009173301926847751,0.21339233440937652,0.0027289444594643416,0.0028832614813002165,0.0007509360322173184,0.010113504480181794,0.00026329255058006254,0.32363306257958074,0.008895771895866633
W47cbd528d616aeff0000,0.0064368977890923,0.003321152451330051,0.02503021625149099,0.04022875597182589,0.028856368258674506,0.02140485558178274,0.023200672592733874,0.05934705214082245,0.06094319362580653,0.23045276181278712,0.3040028882362276,0.03753326821761099,0.02574794753946972
W47cbd528d616aeff0001,0.00466929402405388,0.0033536719409743474,0.03181703388538087,0.05528408161409063,0.030669566023738954,0.020432343288845866,0.023902867106198933,0.06856603990538945,0.06550254444754591,0.20760849645079862,0.275341781727169,0.027984644508376347,0.024532446059334943
W47cbd528d616aeff0002,0.004648192022814392,0.0034079401268895695,0.029998487772174603,0.061450599729319134,0.02751250009603932,0.018335171104317396,0.022841268175530876,0.0706935113269818,0.05649064248657982,0.2142197490301403,0.27835467408476233,0.02514368150968244,0.025482505218841864
W47cbd528d616aeff0003,0.004522155583436998,0.00338408212158186,0.045733823340799035,0.0759412290868021,0.029403178877617647,0.019422077736164754,0.02282751377368181,0.06146995569959404,0.06006519213318088,0.2064464752713417,0.286312916180455,0.03535738957118621,0.02262097536462223
W47cbd528d616aeff0004,0.00501723744694143,0.003165597492187503,0.03710882859286236,0.06149541940079472,0.026085452352678062,0.0162198960911535,0.04517131929912253,0.05870052904974942,0.06693823593238492,0.2008384015869135,0.31575909769339994,0.023935574137214245,0.021804340563951172
W47cbd528d616aeff0005,0.004198949876547497,0.003146966446345771,0.02772765101686053,0.04525906480243023,0.02741067602100446,0.015048559878640034,0.04490031471661395,0.06091162756966708,0.06565438797716816,0.23030292296593027,0.30949298952169063,0.02059771421737842,0.021486390944781286
W47cbd528d616aeff0006,0.005804630414207201,0.0035350265493439815,0.029796322640604295,0.03921564956717016,0.02649524919732121,0.018426859301077406,0.024958252053731724,0.062114214154386733,0.07545293533836568,0.1881266345129421,0.3370770944774239,0.02228517349958284,0.021922879354493302
W47e0abad7c6045cc0000,0.003203108910764295,7.126363009549526e-05,0.40487064069642986,0.04687685937251869,0.04284669353920187,0.24502405478542838,0.00565751286994039,0.0015946484096582678,4.7194096717062184e-05,0.0025331611288139325,0.00212206003232436,0.23497031850693864,0.006210311652199789
W47e0abad7c6045cc0001,0.028932852515111025,6.089995523902472e-05,0.23258928691332953,0.04608829712871776,0.03410703384619217,0.4319448639017164,0.003492114757338087,0.0014959416137713317,4.422833990096953e-05,0.0037775771962968606,0.005079837767960044,0.20211744984857596,0.006142464658416637
W47e0abad7c6045cc0002,0.0031050124345607397,6.403154521494411e-05,0.13711207248740598,0.044312096509733695,0.04597378020681223,0.5151071153481583,0.0054992414089573005,0.0014479743505894504,4.65240132412861e-05,0.0024734715933451908,0.003368603302997919,0.23122216603542883,0.006321331542251331
W47e0abad7c6045cc0003,0.0037490719401112303,5.887984552197585e-05,0.3879975410082838,0.05020015659515087,0.0586292291752303,0.2726743562925771,0.007415407969015335,0.0014446705085380737,3.899849404488776e-05,0.0025129536847523586,0.0028101839950455034,0.19940876754925416,0.008838405709762383
W47e0abad7c6045cc0004,0.006376571402882374,5.423576170363757e-05,0.3937983316000722,0.03946632689741722,0.04705843485027456,0.30720756301513313,0.006015282692763479,0.002233194545025123,0.00017480690454312696,0.0034723250407202528,0.0027063615538326403,0.17799077761550575,0.008211240643022475
W47e0abad7c6045cc0005,0.004028750308167647,6.113036537387007e-05,0.40369203062349,0.047231767941849856,0.05159828223590646,0.2625462346713309,0.00602771156625769,0.0014748933890213775,4.048928450121803e-05,0.002717019628363248,0.0017098409228480029,0.20414740692958094,0.009111830490443139
W47e0abad7c6045cc0006,0.0025519825118552057,6.767159749452647e-05,0.40831196175691403,0.04124384729111681,0.0461856115899869,0.2815149823358752,0.005199175113960098,0.0015604374546607821,4.509893572849101e-05,0.003683907302428588,0.0017142564708608646,0.19359063095282028,0.008899912653531452
W48a6edf5a92845740000,0.004075076549962122,0.3940659465552873,0.01497607159744582,0.018523526970766636,0.21713993505806953,0.04730087752253975,0.011729828691722002,0.014220191186210493,0.0017116502273180382,0.061410891607420165,0.03256634321645921,0.013599774923052513,0.02170923200848729
W48a6edf5a92845740001,0.010668816840000974,0.005693635158782892,0.017297241117298214,0.01825742808191977,0.15591209019427768,0.019903580497307657,0.0065524551555564275,0.031062446829001514,0.003088145828176012,0.4447992003922068,0.07377973208867834,0.002461473224593188,0.027450119070816157
W48a6edf5a92845740002,0.004389211009364703,0.390228878913307,0.014351283936163589,0.015501803186371293,0.11637922973814448,0.025972121546932164,0.011865562490018971,0.022679316202524807,0.0014634683843276542,0.11954636756597274,0.02988644862966783,0.011875577237362078,0.019660088286856538
W48a6edf5a92845740003,0.004185526218153455,0.0005314580755775164,0.020541835755482726,0.020953851153445655,0.15184824880402686,0.01327887704023336,0.006100203203135331,0.03272883089552478,0.002379706956915956,0.41405958717314295,0.06807920873956243,0.001611078795503253,0.019845654361937814
W48a6edf5a92845740004,0.0046551046057333135,0.3912926415973572,0.014992872868546253,0.013304418230207038,0.08871096762518797,0.02784617212904641,0.0091658102400435,0.023320183280630933,0.0015702118201234999,0.09226829634118038,0.06720096848977021,0.012340545203192492,0.015097870068310948
W48a6edf5a92845740005,0.015187285937405925,0.00564487166138266,0.01828856279129835,0.016154222635663077,0.1072273336771327,0.014154053165902505,0.00587937793598529,0.04221820469484147,0.001968164197901539,0.38726055998699094,0.12330721048585642,0.0021947171168104156,0.02208995945409484
W48a6edf5a92845740006,0.0040674830306595775,0.39318757800809134,0.01959107176456177,0.01667895265511997,0.13124597517717426,0.030481256111342354,0.006948411319881624,0.016063822999862046,0.0015121523199115863,0.09561395564258081,0.05541562896105557,0.0117044675462863,0.019625524152516255
W4a58e097b02affee0000,0.006784401073423703,0.014670485790134543,0.1930363983940953,0.03430373672330134,0.16178816804509616,0.037406780085852145,0.009440852552054277,0.07088811538144119,0.010477818336890713,0.3274686160043395,0.014648523473020916,0.001774106324764208,0.03200958947797313
W4a58e097b02affee0001,0.006223121519894686,0.01453871868755244,0.3490213778286554,0.03131089546468272,0.1418040390709223,0.031687738161738255,0.007737095786274286,0.018925799295106044,0.010281717764227337,0.24913423623036107,0.015433778596180617,0.0026620168148913377,0.03030218342641284
W4a58e097b02affee0002,0.006980980172109521,0.0012414911006877057,0.24327622672602442,0.034213859442769334,0.21839852409149405,0.03544689722501833,0.013468309740265784,0.0818674938001912,0.009154647654416129,0.21450886654086943,0.017315524635037192,0.0035570676435812726,0.025869073112782373
W4a58e097b02affee0003,0.008455077080009024,0.0015242509388026081,0.30241089484442707,0.03458169584670653,0.1797474734378991,0.03666736936929677,0.013834250001392436,0.03344094018533001,0.009806340413519528,0.24436666228600598,0.016214811430525746,0.0032782168955894047,0.02442033679537953
W4a58e097b02affee0004,0.006595286042086557,0.014957173096619564,0.2551975343963974,0.029865210574770946,0.1775108720457961,0.030676151481374734,0.009777931123523691,0.030447841734901317,0.011479685801093412,0.2958344000183428,0.015174630302357352,0.002841079194312859,0.029772616536638888
W4a58e097b02affee0005,0.007181189457699949,0.014979184132834372,0.2026930528161802,0.027719098670946993,0.1484739817646842,0.030169468560342683,0.008700701834417396,0.041845191080917665,0.012051092165378646,0.3638797831159214,0.015266967860746956,0.0028485559587673767,0.031750344486079406
W4a58e097b02affee0006,0.007698976193385639,0.0012252231416156646,0.22627265032685942,0.03288079759741358,0.17020394668514646,0.03158819995634861,0.010600541648974674,0.024748684797600482,0.012019459892333054,0.3434265655407923,0.016537939461011175,0.0035323148269190666,0.024421678469948607
W4c18d806976b77260000,0.0035363902981461743,0.004552924785102463,0.2056645678755451,0.04256433595156447,0.02043794567607154,0.06875798143831899,0.31434941723626847,0.011734274310159996,0.0048494808817276585,0.010569163485135431,0.018006485625859128,0.002885169475339539,0.05421771273199888
W4c18d806976b77260001,0.0025427054227534314,0.002657996297264653,0.0793012587918504,0.03379719078529292,0.017624170243279044,0.09145941179180522,0.5849314564997671,0.008729049733976186,0.0032029916614004414,0.011363677669307475,0.030447623172695882,0.0020228600138828563,0.022679280930919365
W4c18d806976b77260002,0.0014505432773974098,0.0025840684549212293,0.06764638316509801,0.03523148923784907,0.01582575764408328,0.06265664607893821,0.6731205169728546,0.003352421025088244,0.0029547560394465456,0.01242609882248264,0.019584268372997995,0.0015367415974557406,0.019253852811290637
W4c18d806976b77260003,0.0016706819274224015,0.003999004188476569,0.09670556725820935,0.03920425084609676,0.01828871757487116,0.07026200651389455,0.34300853527210967,0.0028614050577164688,0.0031583323906008713,0.012889829407788527,0.010402820234578595,0.0023059203858707272,0.024725102155258825
W4c18d806976b77260004,0.0019769598898470445,0.0038572439571361882,0.13715782708024182,0.06708812812331179,0.018459598618807666,0.11903047411540381,0.42442999542974175,0.0023263591988058377,0.0033330055464798566,0.009786374216489487,0.017108239267390773,0.0020586341207834333,0.02264624846800164
W4c18d806976b77260005,0.0033778220746415078,0.004808930704272449,0.10584846641311618,0.0685939361084894,0.019669914388293016,0.12736842992479697,0.4052403172684627,0.0036992133090346727,0.0034465877148286504,0.011247297420740883,0.014496113275259504,0.0038970618687726778,0.027158305707677757
W4c18d806976b77260006,0.002819701207860152,0.004109657871689602,0.12624735673014303,0.08765649419774052,0.01637243860386371,0.17631310278324347,0.3480751890052859,0.003314497915807184,0.0031061406227959453,0.010182912116060146,0.014476541777046057,0.002515166809405396,0.030294921239870265
W4d47f4ab363886280000,0.01069543004290982,0.0005987343194331385,0.05329077942515159,0.43086961449607575,0.2427713969312927,0.1776754812387796,0.03152513064409422,0.001662923543861082,0.0016155361194576771,0.0025547674197396704,0.005278658053187785,0.0213985037784673,0.013365728082165398
W4d47f4ab363886280001,0.004440647963575848,0.00011775869503986941,0.04866352058534345,0.4013338964172307,0.18172663915871978,0.2828847132316049,0.026418404416126577,0.001290679492289199,0.0016987277592145245,0.0014796367835741005,0.002263361899873741,0.040608586422844484,0.004804169750101586
W4d47f4ab363886280002,0.00443492251184255,0.00010708878736369985,0.05453064835041906,0.14775215722537727,0.219307329060879,0.4656401273681359,0.04817344550419999,0.00035874379387473284,0.0022544718582013495,0.0020235641591071934,0.002033834053758925,0.04862248270850005,0.0027330661156025468
W4d47f4ab363886280003,0.0044397513994591875,0.0001071409594833159,0.057201210628319295,0.1563384095005503,0.2104679000164335,0.46038857822342594,0.04685180463855392,0.00034749016990616303,0.0016909945348099404,0.0018290737299588645,0.0022645202213247336,0.05217586746359095,0.0038638551988073493
W4d47f4ab363886280004,0.005639391178964127,0.0005161178618054087,0.056351551369119825,0.23375650197269085,0.2095317446649508,0.40064368596475525,0.03017668486813665,0.0005271131795820409,0.002241070419400132,0.002010078609755277,0.0018918798572451418,0.05122534556175402,0.0030445565912049946
W4d47f4ab363886280005,0.005317169061739516,0.0005764015183558143,0.07688457425401159,0.2918890382099941,0.09327948525798094,0.44647118736122354,0.02160020157925737,0.0003870124813138317,0.0017210706649663263,0.001856865636326589,0.0022149676466119575,0.050346839381034444,0.005926688481659914
W4d47f4ab363886280006,0.005472578071733161,0.0005518547805971577,0.1561625816542582,0.2931988814194657,0.1683377848036505,0.30213906041193556,0.0277915280905794,0.0012911851832108714,0.0018924711485437038,0.0039723469712031065,0.003853388009511654,0.023141615296357415,0.007853368546391104
W4db21bcac263f5970000,0.010255740779911033,0.014644356345909215,0.010633242376358903,0.014564137820582844,0.03790429532118536,0.014848483275241154,0.005707630243391468,0.5957777706676645,0.003979827611423026,0.034870560958681164,0.004317389137269493,0.005047131014962166,0.0238166073868728
W4db21bcac263f5970001,0.010711681161587272,0.014756931220437189,0.011194069289668691,0.01748711981629173,0.04448361287911817,0.016909363077168147,0.00500709665641147,0.5862139132929055,0.004920942261772918,0.03424920210435293,0.004587456079757467,0.005084691863461924,0.032510601093121656
W4db21bcac263f5970002,0.012871038000271328,0.0011022979576136677,0.013443263323864514,0.019189741890830805,0.04964873688841399,0.019827785485703627,0.007774819648267272,0.5859350416523036,0.005153126076339867,0.03208969686811667,0.006719329911471696,0.005585123539896176,0.029138250176331097
W4db21bcac263f5970003,0.01199620845408471,0.0004727524463142356,0.012605163713113406,0.017420818032274164,0.04363738617076471,0.017875661848729955,0.006426398990622547,0.6226519749408012,0.0048892123681153424,0.03479592444245588,0.006081587720198683,0.005636311752628001,0.026563164905917154
W4db21bcac263f5970004,0.011377327221124285,0.0004422895540239841,0.011354389127353759,0.01774385371079729,0.0431623495918818,0.015709435899611098,0.011036261046777822,0.6238803507250397,0.003935523319694003,0.032819457379129224,0.005517316058595748,0.004975324838596604,0.026667011351054735
W4db21bcac263f5970005,0.009798871884995973,0.00046090387862500714,0.011436458545637972,0.016905655236850052,0.038426709383535394,0.01631591408756998,0.00994035951598839,0.6423798749378369,0.0037678905736746194,0.03157575813947221,0.004427975693866314,0.0052455137349343125,0.026655674541177024
W4db21bcac263f5970006,0.010715987301120826,0.0004804039412006611,0.01158786580663644,0.01639145681277234,0.0413932707077688,0.014926355198832066,0.004592974840851062,0.6470922946284688,0.004526039107192478,0.03247998312031718,0.005559283469740529,0.0050341922318597795,0.027323250728901356
W50234e213d2d407e0000,0.01317169512554503,0.09025109691829292,0.018323056188794703,0.015283081915941995,0.01523300394026523,0.19648921741573627,0.586572114452865,0.0024313168756325888,0.001040989880633724,0.005023385180360005,0.014675924645359476,0.02079777018103013,0.008391027368971182
W50234e213d2d407e0001,0.012477271290342254,0.08546433779849305,0.018632361860191106,0.016439664806601837,0.013510573568192378,0.04812880851628178,0.7378903806871764,0.0032671424949721494,0.0027132120763955127,0.005583025833337116,0.015517304161682063,0.019233172958925966,0.009689083512579216
W50234e213d2d407e0002,0.015423995786423969,0.09718718021665473,0.02266372839466947,0.02054785432259285,0.013946579662801406,0.02343951188444744,0.7376623899009492,0.0038551698846629443,0.0028512728924156815,0.0077404854889776276,0.022695906026703322,0.0064304769356767115,0.00887853016819058
W50234e213d2d407e0003,0.01314018831137292,0.09013428837030464,0.0173589707098718,0.014120148494934698,0.012676868536764304,0.05656894770215053,0.7249317800719923,0.0035570512305770755,0.0023844575666553364,0.008828593527839042,0.022830776809248235,0.01433774850945159,0.008119398180857839
W50234e213d2d407e0004,0.011658189849126803,0.08509779641857562,0.016376134771438122,0.014725098767281331,0.0129579911845819,0.052648746328421536,0.7359472748582692,0.003831941425331307,0.0017169361055892932,0.006698117191362592,0.02192886862255085,0.01591085664914796,0.008952012407436857
W50234e213d2d407e0005,0.012217999348993707,0.08825309912340747,0.016009520621813857,0.014355172109598429,0.01303849306200556,0.05022245494131447,0.7292968229653608,0.004382835042465915,0.003937181003588758,0.008366094945016271,0.02469660557388169,0.016464387024916854,0.007563813105754785
W50234e213d2d407e0006,0.012220307251773373,0.08701840797511164,0.016603691426490826,0.015439044030083164,0.012796405548616115,0.056955826833165274,0.7258077168457138,0.0035493128073006888,0.003380918059736782,0.006975939116891755,0.021338414489824244,0.017296115153894297,0.008859456792944226
W524e3e385f318ae50000,0.049707579504229285,0.0005752136756199352,0.114173623909251,0.09371063089988776,0.015413394885525395,0.009630899999022802,0.004473334817395598,0.032967331477791136,0.2949252398241331,0.05550297155020127,0.23482006584250278,0.0023952324842069477,0.007636348388008454
W524e3e385f318ae50001,0.005295126232770205,0.0006375348491549145,0.12449005080806445,0.04224035753700616,0.016663236904489502,0.009563908964038654,0.00617995388507748,0.04344502129039634,0.17123788726933362,0.09483533220043992,0.27646205053194384,0.0010355541147498196,0.005596988150045723
W524e3e385f318ae50002,0.0029838951141749116,0.0006469392564296319,0.09871186808895412,0.041307540860775774,0.016116737506550634,0.011681781975416585,0.005682245018063476,0.039995102969888036,0.16549796633055025,0.08036758204385057,0.2782343785655592,0.0010424111381184306,0.007030049732010296
W524e3e385f318ae50003,0.003657500668585665,0.0007567456111617376,0.10151153043487741,0.04772734852994231,0.01644636524465933,0.008017037412745141,0.004610767064133961,0.03918275856731538,0.17279283724619163,0.06733227071880708,0.28674393684997834,0.001124958645364538,0.00679757972237796
W524e3e385f318ae50004,0.0054160285078479024,0.0007835006256589648,0.09461178183559689,0.02994500304415385,0.017169643986955,0.010184391800841085,0.006583784560398251,0.04084189078610324,0.1319306836484218,0.07268866005854559,0.2866154508878712,0.0017020760285013728,0.005664279027018399
W524e3e385f318ae50005,0.004217130652018173,0.0007333573274899136,0.0979091550203366,0.029123203907481972,0.016434964559903894,0.01149931936348411,0.005971434613677833,0.037195192551951944,0.18587060460430427,0.06497923256158007,0.3091830634848905,0.001136482636561283,0.007746037192741975
W524e3e385f318ae50006,0.003551997427663061,0.0006912508324970325,0.07544164661081909,0.04630537841172687,0.014616901948747794,0.009747439076174234,0.006942834944651253,0.04104651870635126,0.1137820664505198,0.06393754987636234,0.27835167814544126,0.0010772143206455504,0.007298080112187627
W534b20232e0659880000,0.04396848452000692,0.00180745374472972,0.031502945648527056,0.0364505745579464,0.6985215879364399,0.022524001965214032,0.03456091111133827,0.014469710432031557,0.004265972219526763,0.03014631329563416,0.00286303777199119,0.02352250467981688,0.03058516964213794
W534b20232e0659880001,0.06271213102191846,0.003253348850001126,0.038539086381051205,0.04128988643884833,0.6406786036217894,0.021850181415576042,0.05314068295719841,0.01569656830452557,0.004649879258734632,0.029288496655591984,0.0014001293040871098,0.02903178419611398,0.02938505836593908
W534b20232e0659880002,0.050740503435205545,0.003240429904143181,0.03924554434473533,0.03247564557048039,0.6567819290603947,0.022128711456173497,0.04370180528466239,0.01824789433639485,0.0050126880058178995,0.034615900487520376,0.0019061052863925728,0.03220495515906267,0.02674663522376202
W534b20232e0659880003,0.041927934961677404,0.004320111734300622,0.05550282222715899,0.0336713799715444,0.6324354457207876,0.019169604752021323,0.044594043655007985,0.02246107587871428,0.00541088300991674,0.03757780766411722,0.003175531552584265,0.029538558997263913,0.02927405975943645
W534b20232e0659880004,0.06951530158125409,0.004669388197827423,0.04799690341564339,0.031791267503516275,0.6364212637607546,0.02122800695162265,0.03589223403280831,0.017955627184519953,0.005212430094065531,0.033873848165017144,0.001674703580539109,0.02310322494821159,0.038861373526702075
W534b20232e0659880005,0.0655903030101006,0.021116984285683385,0.05656331332604603,0.027583307480747415,0.6005388670451126,0.028233952693536617,0.03467259185110133,0.019726424727680235,0.005469424034012155,0.03743140268773208,0.002645902478816918,0.032699150744131794,0.03588270922561378
W534b20232e0659880006,0.04145986398460553,0.0037122195796621712,0.05190296392751656,0.03316561588763227,0.6369821052948467,0.022067920577783253,0.03978151500451498,0.022066161615879862,0.0039890781313972005,0.03677965476927736,0.002760978157049964,0.034193361905442386,0.03007489406923798
W54ad0480a569cb320000,0.0020702161781796665,0.8022309819082132,0.002051804813584805,0.0013927844390427366,0.002413164087123274,0.001115126622092862,0.0038667138482507864,0.024196040722516313,0.12560814209045984,0.0031024267921514266,0.023055198295578685,0.0016681491125583932,0.0024091636142177754
W54ad0480a569cb320001,0.00140782794425731,0.8272997393507242,0.0016810058809465498,0.001122656697932393,0.0027837544682029975,0.0019488852210347305,0.0029802975766832895,0.06449197796648011,0.06749802043276476,0.0017425526285988126,0.01823716700756759,0.0019459235759212564,0.0031498641996738873
W54ad0480a569cb320002,0.0027161409644747793,0.8597117801060515,0.001495818278238485,0.0014157197769587501,0.0018586073024028807,0.0005599602644886983,0.00424438467621437,0.03260529817431077,0.05963316589808355,0.002604388946198703,0.024534531457452068,0.001945929551093161,0.00185337949769951
W54ad0480a569cb320003,0.0025028276637547604,0.5841119217441763,0.0009407669218085985,0.0013903809124402248,0.002413091856507204,0.0005598500890485922,0.0018555956370260207,0.008223376375278823,0.362511013973298,0.0025971094052125903,0.023347689950189855,0.0019459191282319144,0.0027795226131793554
W54ad0480a569cb320004,0.0025028087829911463,0.5893504549051444,0.0009401739608430417,0.0013903726325812634,0.0018572277245379146,3.936529403826213e-06,0.0010222506461240628,0.007590017252217976,0.36314420038122636,0.0020415127740436015,0.022555079778138806,0.0016681644494926284,0.0016684001391444744
W54ad0480a569cb320005,0.001472175337108952,0.8427090392004971,0.0014958706155266223,0.0011513727820319814,0.00019140795426148991,4.127253336513166e-06,0.0016355270705106402,0.008135704191696189,0.07976830124918019,0.00032872179005963954,0.05726513033478293,0.0011126050527313829,0.0007423195538073653
W54ad0480a569cb320006,0.002589992146717725,0.8537884993075165,0.0014959288364946887,0.0014508759928092824,0.001858978355661588,0.000560240222091491,0.004832732586712541,0.009378618387450587,0.07784163289630051,0.0021148229129168577,0.036022795472403696,0.0019459293904421067,0.0018536182596483655
W54bebce4609783090000,1.3929745136688005e-06,0.9730238603638776,0.0005621754727208302,0.0005708128402980019,3.7569761918882364e-06,0.0005583289054130578,0.0030598496201283934,0.0006981790461334603,0.010587430086588096,3.709418640772202e-05,0.005165805453293589,0.0008350056055707787,0.0011122276490436623
W54bebce4609783090001,0.001112561904528279,0.9708234252269919,0.000561517927625314,0.0005604506486096377,0.0005598591088519382,0.0016708220240496219,0.0033373013179484852,0.00014431938915324393,0.011466090875781154,0.0006618452009272408,0.0041866083209858955,0.0011127206977708842,0.0013899519188135582
W54bebce4609783090002,0.0018069742001045664,0.9561703957548581,0.0022283565810195956,0.0008366315075948175,0.000559885158647577,0.002782140444241304,0.005286015298600774,0.00014423727923774254,0.015826952533078247,0.0005888079393251625,0.006910338629224938,0.0008350258027155324,0.0030566186634776718
W54bebce4609783090003,0.0013624529545380802,0.8816040786366375,0.00241298253967277,0.0010586733656452606,0.0007063892260105275,0.0027813953918044685,0.004296812539026891,0.03544620484773521,0.05346734846538471,0.001758628177926424,0.007023339535039531,0.0013904482850499028,0.0033899076574895612
W54bebce4609783090004,0.0018068753830505914,0.9380401729031035,0.0018574625958107508,0.0016142843616846424,0.0007069511714889521,0.002780184418754836,0.003990209234881506,0.00043698102690387526,0.03136188378795984,0.000801648641025475,0.008577020679509773,0.0013904332243454768,0.0031121295010725788
W54bebce4609783090005,1.2689311274193728e-06,0.6376484924955491,5.55017183797761e-06,3.875165496453577e-06,3.236247036963331e-06,2.1609730145626182e-06,0.002225976449224301,0.0002444653694722431,0.352666699958845,0.00038445486466857595,0.0030091309352513165,0.0008348704917750333,0.0005565744027433951
W54bebce4609783090006,0.0018069892023190785,0.9461048717628535,0.0022278505844920255,0.0008362447119972943,3.2367352937655775e-06,0.002224322193433433,0.002782467410263965,0.00015884484917987125,0.03157738207080046,0.00015500775568606331,0.006930722348719365,0.0005569642156709603,0.0016676856488742951
W54ee2ed2c75bc2f50000,0.009518983131432545,0.5108503818783388,0.016972542405685492,0.015588411309541467,0.014789311985264944,0.0065604406269896,0.04029708413475081,0.004083173092403396,0.001131158523182698,0.005929502935452698,0.016212276251763653,0.32744169676173207,0.011836640362407043
W54ee2ed2c75bc2f50001,0.009898786483483203,0.5576266402734807,0.021318852372097116,0.011125811346294505,0.014586791621501246,0.12849289887862167,0.06212655456682031,0.004687282302820744,0.00011288522974864429,0.0071025658629386215,0.015206860646942334,0.1268425887246431,0.015606887648588856
W54ee2ed2c75bc2f50002,0.006909568412307976,0.6054184374190263,0.018201997438430477,0.010198235334186123,0.014734310871070994,0.0620783252831275,0.040505463154123345,0.0038394325104126837,0.0001132409096168149,0.006679173816914887,0.015868958665836257,0.17725852615002452,0.015257377889208806
W54ee2ed2c75bc2f50003,0.009779091059493922,0.6154828738693713,0.01782870027518046,0.010710714160771559,0.013038506465498163,0.03202356981909299,0.05326505982391456,0.004552608828336243,0.0006689111229149942,0.00815505938859053,0.015538566499088146,0.17704320777117022,0.017876133935242015
W54ee2ed2c75bc2f50004,0.007873649978347712,0.6597551410810141,0.015681715234267035,0.008866216756094137,0.013212856005184301,0.05251890536808447,0.034541576909180784,0.0033041718549440104,0.00011377908276139204,0.007430151854672895,0.01651586801086556,0.13895520749134865,0.017384685570351693
W54ee2ed2c75bc2f50005,0.01258579628858121,0.5570219826701486,0.01789387682027727,0.009640753780419243,0.014578565545517277,0.22452392952348832,0.04841744835844524,0.004361778985228221,0.0001130329152077287,0.0075098724296400856,0.015856314298058147,0.04956626589350561,0.016184403386275543
W54ee2ed2c75bc2f50006,0.009729213543905442,0.49868081666031017,0.019352760102923243,0.011306399300494305,0.013276958064835757,0.3242252248436669,0.049654714301452525,0.00435422032176515,0.00011262833449558963,0.008338107739444683,0.01621921730526047,0.005247114862518477,0.015275738705966404
W55036d5bf29e8bf00000,0.0011829083573888994,0.0018397762039125015,0.010636465218279163,0.008695247518622466,0.010517675902959638,0.0028691848690681,0.01039872292109284,0.01995468912069756,0.047644100387763635,0.021467979300477454,0.2036036528047674,0.007344193206755082,0.021183661981217655
W55036d5bf29e8bf00001,0.0007675139273690566,0.0007423400439881107,0.01187672098390326,0.006913531489262083,0.006309711222429451,0.001484202985360848,0.010126105081262694,0.017430353002505963,0.0495503323129859,0.06516494219136774,0.1681218353880242,0.0061730950732555925,0.013624631567170673
W55036d5bf29e8bf00002,0.00045235279968814035,0.0005764913149739413,0.010898323254049934,0.00521762226868041,0.006295880947779169,0.0012789603594535917,0.009234154653645242,0.017314237514618372,0.04543360653964789,0.04962140089741546,0.14070886345409564,0.006066333208830053,0.013004608126285675
W55036d5bf29e8bf00003,0.00045476647490432957,0.0005776787643365848,0.011738453298842402,0.005786839721584908,0.006582813467430978,0.0012552598119433562,0.009225002747834405,0.017151486885714006,0.04782229225194178,0.0759829508174098,0.1347468066664977,0.006621132994236777,0.012452075324418086
W55036d5bf29e8bf00004,0.0005172755767768041,0.0006574983507676357,0.011563068099848948,0.005336518702677982,0.007076909494379992,0.0013502924675521926,0.009069447320485912,0.015891028333698685,0.04799569689120857,0.08328052193846947,0.144062881813186,0.0070429436339980115,0.012892669265236165
W55036d5bf29e8bf00005,0.0005255976199074884,0.0006635098006287119,0.012834422462920471,0.006459648614810853,0.006601029264311646,0.001967248015260277,0.01035946730186062,0.018130838370066592,0.0458875769833815,0.07126859959285707,0.14311276816328,0.0071499923075363766,0.013387966868398805
W55036d5bf29e8bf00006,0.0006492169461877416,0.0008223382215498746,0.012856557048884673,0.006486681268284462,0.005855902609163526,0.0015524229147925303,0.009493380061764117,0.017375422017298893,0.050852055077709464,0.10578185003729398,0.15238694289984805,0.0075227754570584005,0.013746582323742172
W55377da729846c8b0000,0.008181175034333221,0.0004967225867295857,0.018648215328619402,0.006951601386639135,0.02788807816287589,0.00934834504956889,0.0032146160660003163,0.027728097931604984,0.5451809166435971,0.1765030231433652,0.09009021919099164,0.0028532591875473595,0.008738298744767206
W55377da729846c8b0001,0.006515138572024606,0.0005008652853988871,0.020422542377366567,0.00639103112941502,0.026376518678090696,0.008915196744076185,0.0018107176648263252,0.032504368041846816,0.42051479202517666,0.3034488887499234,0.09620914275287949,0.0027890224667478764,0.007900776652206754
W55377da729846c8b0002,0.0061301601062807515,0.0004998211614224783,0.01460419697439505,0.006423882878605263,0.02545990909859558,0.008729968732503,0.0028268994781246123,0.02891378791791112,0.495733499773451,0.23232164690873688,0.09717157561283647,0.002291038201934031,0.0077253090841429865
W55377da729846c8b0003,0.006353445764069422,0.0005063513495149888,0.012453725299974348,0.005877352166300605,0.025856414872045475,0.008999337927994377,0.005577428228465907,0.029295911434333965,0.4370576827627599,0.2969172894476631,0.09273500073511869,0.0028200684735070745,0.007767158823480485
W55377da729846c8b0004,0.005972615793628884,0.0004976732432004157,0.008376267321799562,0.0061004887628816045,0.028206858736570115,0.00946962241093448,0.004990446495000304,0.03599118772754971,0.3751170072065297,0.35650480566654125,0.09305792387559127,0.002786708438813422,0.008150709304824911
W55377da729846c8b0005,0.005871019729298092,0.0004944619631643677,0.008587623692090195,0.0058299280186856345,0.026494460023167396,0.008350441450563769,0.0022694752866926136,0.03135331425938607,0.37886480991199006,0.35777938156272876,0.09448750596137995,0.002223922352644117,0.00870376649310131
W55377da729846c8b0006,0.005614639550531684,0.015592677342485189,0.008895080778505048,0.007264174518969274,0.021846805003203504,0.00701212727883662,0.002288378878486217,0.027678105722477434,0.3875362341888362,0.3442367975618196,0.08717866474639605,0.0027929056857775745,0.013658597609429213
W5626f48fb9a65fd30000,0.009035464253958594,0.0053532982660947775,0.05487789080307129,0.04030273725297503,0.029313554869313405,0.008039299026647368,0.03224927026704047,0.026879304314599634,0.02109856292180572,0.07124603825034227,0.2328108525085444,0.003968565409068007,0.0180276493656677
W5626f48fb9a65fd30001,0.012343889795478196,0.006556460175738269,0.08309485988901487,0.07288791893478593,0.035600094668926156,0.008925737745783409,0.0393833569919545,0.01662350069659973,0.013962072479340159,0.08530068103273676,0.16730025735597254,0.008304332287485908,0.01968250822221669
W5626f48fb9a65fd30002,0.009727818485048305,0.007250689048774937,0.09043274728479267,0.0810931371731927,0.039853376739256985,0.009265027637286203,0.032041442595955844,0.014813627886608087,0.013778544492884083,0.11086509475393601,0.16842453956143733,0.007330400927665348,0.019372743911432476
W5626f48fb9a65fd30003,0.011182725486001245,0.006576930554291316,0.10444279321424021,0.04262401485178505,0.042661461119664915,0.009615257170884895,0.030619572452122427,0.015987608549284736,0.014096618812522542,0.029700627694695673,0.2146887362073152,0.007264324496791227,0.018814567987699357
W5626f48fb9a65fd30004,0.009557527635497495,0.005176026889238869,0.09990931218951214,0.041704452600325105,0.03644374815919259,0.009496643300390425,0.10612280143325802,0.015673381223799736,0.014226910231443493,0.028123218156475133,0.1812768983422341,0.0047695807605326775,0.022766058025061618
W5626f48fb9a65fd30005,0.009091829115395514,0.004786044697387339,0.09440019507900389,0.03887301896537753,0.03135267311326025,0.00982916443436603,0.09660436326454172,0.021811816734189027,0.026183838041581246,0.030622704228115492,0.21185645646648593,0.004365524696844446,0.020509126954793705
W5626f48fb9a65fd30006,0.010191876646728201,0.005078614475222696,0.06046794098011429,0.04235585006884762,0.032033547166905714,0.008510466029770299,0.07039423858866134,0.016730142090438726,0.013236044554053188,0.03997790469640141,0.1437175452082632,0.00554193254283927,0.017953178236478025
W56ea264a95a55a780000,0.008313441848058175,0.0016875958595631074,0.2735437918284134,0.10955216013058539,0.07914404108968931,0.21303641604054005,0.04892435228489946,0.17440991613043696,0.002950312309465049,0.016639296182196252,0.008761659762262217,0.017287435819309666,0.026147722362914044
W56ea264a95a55a780001,0.00721083819032536,0.0011672066111151564,0.2735036736610941,0.1761476363685679,0.0709232065612439,0.058628347736103245,0.012445901618965732,0.32455128016161805,0.004332047779455688,0.016291721002222023,0.008258859917065538,0.016168339146897706,0.009236597453843594
W56ea264a95a55a780002,0.0077591667396211565,0.0019105830003095297,0.3103704054348171,0.1006886166328587,0.06999043248045435,0.06037914687940003,0.008008620577030695,0.3579224045941734,0.005935214395145032,0.018057535536703005,0.009509894104090427,0.0168480313788873,0.009070708547850066
W56ea264a95a55a780003,0.008187811768665025,0.0015788587263097465,0.25492090908900067,0.14992462817815058,0.1176648198065179,0.04000098155286715,0.007543807125712416,0.34845256459406704,0.004753424495448978,0.016842077512882945,0.007539824793250573,0.013064335832923116,0.01008466174226612
W56ea264a95a55a780004,0.007727452505525703,0.0012167714342052362,0.2156824657194729,0.18752805056941266,0.09279355113897761,0.04125990730007824,0.007338781591464885,0.3729742777503278,0.005350810270946128,0.017269336855833466,0.008011909469520476,0.011167489490635592,0.012066623528020947
W56ea264a95a55a780005,0.0067728425039431045,0.002341840230692561,0.3364904533946027,0.09212961236164975,0.09211561575331191,0.03854466007715173,0.006851636466637972,0.3426192944033939,0.00563354170407759,0.01816619439518682,0.010460209750631408,0.014996231365816909,0.009687479669383657
W56ea264a95a55a780006,0.00696346727265613,0.0010253298174183732,0.5401074704640325,0.09843276867693661,0.06736172186475335,0.034803208309208175,0.0076852502659783386,0.19301294439605407,0.0032344070204063454,0.012452272260265384,0.004173965559567146,0.007124974552720028,0.008956255391110293
W59dad39ee79c5ee60000,1.0289205005514791e-05,1.1584075873105505e-05,0.001143295261467526,0.0006127619978617723,0.001164241732873768,0.3762352899758074,1.1823230185521338e-05,1.3834383789917268e-05,1.0913677565536395e-05,1.1927441137198688e-05,2.1331798467872847e-05,0.6027843068461335,0.017951741241842387
W59dad39ee79c5ee60001,0.0005664296769060468,1.2251223784883414e-05,0.002250309971753476,2.3117241223835004e-05,0.0014345157148850185,0.38467203294097707,1.1811575332137105e-05,1.7820612915648982e-05,0.0005678503706473563,1.2665002854857198e-05,2.4961178097865442e-05,0.5958532743540903,0.014533611504677382
W59dad39ee79c5ee60002,0.0005665835887440909,1.2400388269859262e-05,0.0020069633528260002,0.0005776039551150848,0.0014482850383137722,0.3794218847161421,1.3636180059046996e-05,1.5141898367903032e-05,0.0005650319359797844,1.613165916630961e-05,2.515464681705189e-05,0.6002682523981828,0.015045942971453284
W59dad39ee79c5ee60003,1.583548601415889e-05,1.2371760118071141e-05,0.0014597520480878826,0.0005753970996044062,0.0011656780884493003,0.37630679999064076,1.4955666180718396e-05,1.496351526406878e-05,9.44026371701385e-06,1.3741904022423255e-05,2.511564648835704e-05,0.6062534881002644,0.014115159172915401
W59dad39ee79c5ee60004,0.002610546360915922,1.223022842493587e-05,0.0011782563784109188,0.0005751750565823196,0.0011643412023938664,0.3678917135239854,1.2807282561401898e-05,1.4471062498329096e-05,9.33180538286704e-06,0.001122082041012982,2.5053728531851337e-05,0.6100866500764707,0.014724693676630927
W59dad39ee79c5ee60005,1.566943796731264e-05,1.225126416188282e-05,0.0012056247198021647,1.9581081492986195e-05,0.0011613029287787734,0.3787630895391194,1.2205354611818353e-05,0.0005709854585411797,9.348506572449831e-06,1.0949496775360751e-05,2.509994393087762e-05,0.604049828554216,0.014126078854501824
W59dad39ee79c5ee60006,1.1755294963872802e-05,1.3247413114849596e-05,0.0004912909695772169,2.1735014195910484e-05,0.0011592242835826991,0.3828924303448751,1.5504367534059437e-05,1.9875069857285035e-05,1.0108772893056298e-05,1.4581265643617366e-05,1.1971197193772927e-05,0.600526884905377,0.01479205904805235
W5a0d1356e71f9a420000,0.947932359886806,0.004077183668279932,0.0012081035861588737,0.0016734910017851487,0.0029577471286555477,0.0013021825924490976,0.0002804782252436281,0.010420898285363066,0.0003733578411610828,0.01490745683183344,0.0002825092321956648,0.007186844282046598,0.002688450213389041
W5a0d1356e71f9a420001,0.9575359400769027,0.0038899641290835694,0.0005572838309722976,0.0016684103223208162,0.0023689486623080826,0.001112863507313909,1.4012071581030508e-06,0.010418217574687161,0.00037162815539199825,0.008345429286899374,1.862857226192202e-06,0.006628043133933028,0.0032428548558444525
W5a0d1356e71f9a420002,0.9575373337254692,0.0038899624536218092,1.7032918287279406e-06,0.0011128450451267887,0.002527262438915469,0.0011126047598864512,1.33815362439028e-06,0.010259261531001432,0.00037149807208890646,0.009595408005195248,0.0005572592613082571,0.007183631200010064,0.001992833704259236
W5a0d1356e71f9a420003,0.9198777966740913,0.004632717802005384,0.000653394454623187,0.0011159869450176377,0.00227749273936153,0.0005610956779494539,0.0002815754526580736,0.04583170852287001,3.2825971410675914e-06,0.011594772446957221,7.6934799420505e-06,0.007200244544127802,0.001531612152875715
W5a0d1356e71f9a420004,0.9571604038051048,0.004445447097154643,0.00037205801542761994,0.0011127269847755377,0.0022533782931031423,0.0011129098508789004,8.761181441586313e-07,0.01025920579847803,0.00037144125698995,0.010431148225799061,2.6143184454759237e-06,0.007183711006050648,0.0017141638915448374
W5a0d1356e71f9a420005,0.9571659472875537,0.003889891558533805,0.0003720443332346652,0.0011127034119054221,0.002249259446854414,0.0011129018776623472,8.761329839668132e-07,0.010259202882714116,0.0003714412749925863,0.010984857506785196,2.6143626343525797e-06,0.007183762961708635,0.0017145814808741846
W5a0d1356e71f9a420006,0.956322723034596,0.0038899624186906406,0.00037219937937298103,0.0016684175949767154,0.002254680645763351,0.001113037003080229,9.380505901622866e-07,0.010259280582629437,0.00037151695777532624,0.01070815141907001,2.669789264360215e-06,0.007187092908633018,0.0022698652288408944
W5af5022a25493e0f0000,0.005228575941711937,0.0030896211812090416,0.029802692463834202,0.07881441925441014,0.7153791801200956,0.02774202652150923,0.07246654121892514,0.006644693695959451,0.0016374094987101015,0.005621541539727946,0.0035174114165397573,0.020064000796661884,0.008663712974144607
W5af5022a25493e0f0001,0.005372868062554902,0.002542638706420053,0.029133234808744406,0.07260732092615413,0.6885306477073292,0.04235367341154553,0.08145597778274888,0.008360847942688609,0.0023703882085411854,0.007940236956091093,0.004927542700867808,0.025196405600719132,0.010284471331098248
W5af5022a25493e0f0002,0.005265881150339963,0.004256866310892624,0.028470235525284243,0.08871651156114936,0.7051215200870757,0.02870153321151653,0.07363583699981922,0.007233872983067553,0.0022285682540945217,0.007924402264180376,0.0047104400652496735,0.018441749465190768,0.008076864781525524
W5af5022a25493e0f0003,0.004780414723648734,0.0014400545148011404,0.028483840485276038,0.10536857199559997,0.6545969830231978,0.02944318242802423,0.11465820216160082,0.006207040414256505,0.0013725224148960283,0.0077122791321261605,0.004460860892867532,0.019205560957719876,0.008232441411060694
W5af5022a25493e0f0004,0.005527372208267079,0.0014444817399983621,0.029764291405484453,0.12065656226278133,0.630033091117446,0.03624911866889027,0.11393960874122272,0.0067773715292716715,0.0013796063616163723,0.007720415047744161,0.0037949823213339583,0.020926355335244715,0.008119996711894848
W5af5022a25493e0f0005,0.005111300245127449,0.0013044869078351247,0.028547616173595653,0.12834590951670352,0.643588802130403,0.03319618186061321,0.09765654812717284,0.006927897384528411,0.0016549840826060218,0.007637417120319066,0.0039032787023739737,0.02006540805028829,0.007933021061904567
W5af5022a25493e0f0006,0.005312521431849852,0.0028325800344409,0.03260750888927666,0.13348916584649692,0.6358085925198542,0.046199239375397265,0.07810087569842465,0.007084151000425872,0.00255563668893276,0.007205714972479448,0.003985964883588264,0.019969272834601925,0.00922636539465398
W5b73b129e0149fda0000,0.002504002990545034,0.9436401753505762,2.1325405531929676e-06,0.0019466589813692764,0.0015304637151377465,0.00033545724402884417,0.0005601537007064078,0.0049691959730614795,0.018724323101933917,0.0015338023284111294,0.021237380849742242,0.00022344434097392636,0.0007433050373253822
W5b73b129e0149fda0001,0.0030598266273051374,0.9276776810944298,0.0005576475485694946,0.0019474213106785677,0.0009749684002148635,0.0003351585887236018,0.0005600434707929896,0.001080232408597273,0.03782390191055981,0.0013477899527390513,0.022359111428873174,0.00022358961026133068,3.4994008352701744e-06
W5b73b129e0149fda0002,0.0019474416213918107,0.8656475591785062,0.0005579645462072545,0.0011140611511580745,0.0004190492440480822,1.7299550577800583e-06,0.0005597487074044083,0.0010819776726907167,0.11141525704614132,0.0013477980104252905,0.014933353959129973,1.366935431373453e-06,3.3405547234941277e-06
W5b73b129e0149fda0003,0.0025024530319734226,0.60856179847969,0.000557578968228584,0.0016694567876593903,0.0015303548249375816,1.6276329001029996e-06,0.0005597328451081185,0.0033000720627240224,0.3574647113025304,0.0019005200599196558,0.019343073404361887,0.0011124679353801642,3.3703909665534378e-06
W5b73b129e0149fda0004,0.0030601478503460545,0.8942203714204501,0.0005575806302170054,0.0013927745581599586,0.0015307095824882882,1.6326629084148007e-06,0.0005598045955866165,0.0011040886805018767,0.06573550946935112,0.0019036126381566168,0.02695299913367467,0.001482830369759206,3.3117426717258825e-06
W5b73b129e0149fda0005,0.003616307907899,0.9247980219443014,0.000557657014946789,0.0013935408378874768,0.0009751744674631548,1.6689218693022875e-06,0.0005601707398630635,0.0011125582708636339,0.03790288509921219,0.001348705406857324,0.02419635160270848,0.001483194909251281,3.3960555382805037e-06
W5b73b129e0149fda0006,0.001115045587112093,0.93469770851973,0.0005576368356064206,0.0013917482180689483,0.0009748199715701807,1.6688481466049032e-06,0.0005600412552688129,0.0011078696004854056,0.04060583926735644,0.0005147902057113014,0.01641959648140599,0.0005569209055834116,0.0005588658228682457
W5bd5ac8deca7e9a10000,0.001339759551269812,0.00038740261896859623,0.012175711864692422,0.003937874341855651,0.0074152299571928,0.6538259551500445,0.0020257535430791692,0.0005120792074109168,0.0002964759948075672,0.0008723848040736283,0.0002562361590228747,0.3117463166141941,0.003805402511664099
W5bd5ac8deca7e9a10001,0.0003595322421583854,0.00043357791680215225,0.0040675684920063685,0.0034503391349247135,0.004573806859508373,0.47029393166000105,0.0016936520906733951,0.0005425721889800679,0.00039208708005218493,0.001416491243115642,0.00021733635419095176,0.5068894682285975,0.004133398932692894
W5bd5ac8deca7e9a10002,0.005543089292030934,0.0005830401506061007,0.005023489321518903,0.00470109529764818,0.00411035021678627,0.6209175321203673,0.0015889759291426977,0.0007272187555108792,0.0004908682159705894,0.0010773486884246796,0.0009774468804174094,0.34588260713377056,0.005788288688900116
W5bd5ac8deca7e9a10003,0.0021199800326680922,0.0005840375151422544,0.005049288866974837,0.00348495356931031,0.005653500499986241,0.5164839712836343,0.001571258659661262,0.0006381080964716433,0.0004917074845933442,0.0009507952866932463,0.0007239572886929315,0.45505625446708137,0.0047884627010901975
W5bd5ac8deca7e9a10004,0.0011074566836060827,0.0003305794179112745,0.010992710275475631,0.0030247194955732326,0.0033986522248123183,0.6838152694274271,0.001289866842384519,0.0004702405797141226,0.00027831719576335007,0.0007792720763267123,0.0005928758067958847,0.2873550430129001,0.004472148447273562
W5bd5ac8deca7e9a10005,0.006023416298321618,0.0006068788272215044,0.006180405811010605,0.005146365874851407,0.0044039183960015715,0.7129833782614688,0.001548074154861693,0.0006807866623496513,0.000510712239726497,0.0013708902095914569,0.001064227701481326,0.2488021237290254,0.008213632038525698
W5bd5ac8deca7e9a10006,0.001344800639180011,0.0006168068019809841,0.00657569371341805,0.003452820983670115,0.02466427878931726,0.6365761184446527,0.0015289304087453628,0.0006712373801648998,0.0005192912395298487,0.0012507543655517423,0.0007454418487733643,0.3127802312808524,0.006786154481548785
W5cdef46cd88dc3b20000,0.0022121417222048284,0.0009346353123257035,0.04125677279242073,0.24282354780129012,0.17925967053699673,0.060517452514444604,0.0052462688044586855,0.28596283421994756,0.0033355962960927143,0.016295628147163062,0.0041282166865126615,0.00632102343993171,0.030883534443945825
W5cdef46cd88dc3b20001,0.0028269509863892324,0.0015571010259333217,0.07097293021652781,0.12006916309671342,0.08021710138722976,0.04352453824045102,0.006632795719897269,0.44086462773323315,0.003148938457263598,0.019595738837865084,0.007931600819938048,0.008300971856503662,0.03586688755037342
W5cdef46cd88dc3b20002,0.0030877703043923413,0.0014141801695721841,0.03159561515975469,0.10866312730129621,0.10710801715822904,0.04570073291420547,0.007418800038832218,0.4438104493573745,0.00277929014414509,0.017892225648643834,0.0070197954261681595,0.007399591045299983,0.03937223308590536
W5cdef46cd88dc3b20003,0.0030314378786753375,0.0013387062711032686,0.03255417893544831,0.0954316692851336,0.1032092882831822,0.051807518095648375,0.010130794442871937,0.42924614101987707,0.002733597319834058,0.017028598724989314,0.006882454635065516,0.007304546040308071,0.037149561598369164
W5cdef46cd88dc3b20004,0.0025643872186455773,0.0014574838656583545,0.06297243959232933,0.02157352045116732,0.10798970858131411,0.03927379810081826,0.009500773025399006,0.4487471530144054,0.003362892070494434,0.02103072330377478,0.007704422729847654,0.007446838009927594,0.03909820754906559
W5cdef46cd88dc3b20005,0.002779803926767564,0.0017455545105111855,0.07200408101753686,0.021932919595217964,0.13344197494296706,0.04232346204971606,0.010844832429717765,0.45694018016926774,0.0035501173839659417,0.021618721735033833,0.008363556426761742,0.008271705534799475,0.03744127429317002
W5cdef46cd88dc3b20006,0.002988408485601358,0.0020241710329087234,0.09336451453532064,0.022324095544101377,0.09377861947313408,0.07065634675149861,0.006427776060460028,0.4363930025531973,0.0037494632338538614,0.021699174563226595,0.00819882646181303,0.009721978459213678,0.03747992310772554
W5d1f49fb5c8b81eb0000,0.031407864540623505,0.01640095563069388,0.01614748572252816,0.022354314815613716,0.011861116335125365,0.025786773065750453,0.807383015353744,0.0040372682865742505,0.004453184501728647,0.011323922123568713,0.0030647017783868567,0.008576207154157408,0.017338288777526682
W5d1f49fb5c8b81eb0001,0.04177938721655924,0.01667878534957948,0.01558784425530785,0.019017911129535867,0.012053327632461691,0.027479533454334935,0.7920576724218688,0.005982220065244973,0.004454043540249122,0.017239262512707115,0.0011211261573975625,0.008714401793117955,0.01658326630871508
W5d1f49fb5c8b81eb0002,0.023195229850521883,0.01611980501663586,0.015530849504342234,0.022378269678173204,0.012486778710061633,0.027308150807706846,0.8136328534341303,0.004590449707963966,0.005006345587007699,0.012327039539325686,0.0022288665462588697,0.009602573340349203,0.01630190591740065
W5d1f49fb5c8b81eb0003,0.012435361915471451,0.011582788071666354,0.017414866674958403,0.0245186907485947,0.014130994325187812,0.029293048260557807,0.8303606398031337,0.0023677677447580823,0.00445075046556025,0.010753575284125117,0.004404470491523804,0.00923124984111216,0.011996384255332556
W5d1f49fb5c8b81eb0004,0.03596393867181955,0.015842017317540827,0.014187834234292608,0.020297947607462206,0.014064610429416778,0.027550232136861464,0.7922137007180264,0.007367671089060313,0.00445072838072416,0.016391135829725696,0.0022284108051038244,0.008660108398304672,0.017181692547635928
W5d1f49fb5c8b81eb0005,0.03709004411957204,0.01862322557164784,0.015401152703259634,0.018309181099059373,0.012140299224132099,0.025904941880177175,0.7909309665210528,0.006953771434444053,0.004453687670094319,0.017595693921650633,0.001675597487827116,0.00942082743260082,0.016913035036744253
W5d1f49fb5c8b81eb0006,0.019991142537025105,0.016119801406923824,0.017172680945803948,0.022352889805286925,0.011812459032097185,0.027076022807844068,0.8088014771680452,0.0043119344949420265,0.004133273271780718,0.014735068687763935,0.0039878149844862374,0.009694367709514547,0.015607223959824064
W5f5e9a3603056de80000,0.059752488874497404,0.0037004654630077346,0.20243853464332276,0.059270100502305155,0.05697881117728636,0.035052977751677004,0.03632708587727484,0.08077564215914297,0.022581372762952096,0.02641282664673614,0.021901574895967415,0.01996107479390163,0.04523549192494602
W5f5e9a3603056de80001,0.03165688944919722,0.0036508323207445127,0.2629167369996146,0.09914068368241574,0.06269001219489631,0.023939890251103626,0.12896847788826662,0.043918673627287914,0.018668110188898187,0.024925228236708535,0.013324423382954698,0.02967794656843158,0.02481049518108354
W5f5e9a3603056de80002,0.02786248953184938,0.0037698782500127917,0.214042386355374,0.08213947231064145,0.047589264951837004,0.03490648321224632,0.20569961808991116,0.044578711702949546,0.016632074686144083,0.023451423318419977,0.012400993085788318,0.0333075476549883,0.026110734532000638
W5f5e9a3603056de80003,0.029499885336126724,0.005583437026540956,0.2153178542744385,0.029849761157878494,0.07730296324225423,0.04910128213952015,0.05289650863964665,0.049013531448547885,0.0196750989996534,0.02688775054562278,0.014587828891224749,0.04435126247658194,0.026700095281369376
W5f5e9a3603056de80004,0.02983710032805713,0.005086268196086286,0.30383501608564323,0.031047144181435806,0.05605013449099833,0.10852804845299253,0.055037193494017665,0.03389392288724837,0.022737287590723396,0.026598209362921624,0.014229317339935777,0.04269923962847211,0.025159509044540677
W5f5e9a3603056de80005,0.04114704632404538,0.002606847459327345,0.3628839242575058,0.06207228485936089,0.06624387824736222,0.07567102391316324,0.052356107717990694,0.038125078785426175,0.01874888182594185,0.02508431269899821,0.021207512810917983,0.029590405783287657,0.02394571903268425
W5f5e9a3603056de80006,0.04612030751309263,0.003073209828734209,0.3671921164540852,0.06199248503216557,0.06290929961745899,0.029848961330064584,0.04332216781890306,0.06581534094569977,0.02047049626190442,0.02510229388278364,0.02125769264182421,0.029083835508776672,0.022433663783065064
W5fb8219ca01882850000,0.0011503108356970678,0.013718753407118818,0.07045828573465726,0.04616657330972082,0.05356194617940938,0.009224275034578365,0.07448251570264079,0.049853390258211505,0.002144228472018991,0.01171327190861158,0.02459857074765416,0.012727965089614907,0.11469536133793067
W5fb8219ca01882850001,0.0013232769024635394,0.013771080447909784,0.057667368961738553,0.026273299141289178,0.023673141093599543,0.007178871682677582,0.049907808336817905,0.07614925079042617,0.0017486152807135687,0.008231088567821161,0.02532561062504438,0.013897814536640617,0.10607444103084503
W5fb8219ca01882850002,0.001752012367545908,0.014378074027346246,0.05835254122417919,0.025813306043146227,0.030290598477303775,0.009021749033358466,0.04401276057345251,0.099569550470871,0.002422667060619594,0.00963202045988451,0.026238278516208847,0.01406883177169811,0.09199519265986916
W5fb8219ca01882850003,0.001463961929994205,0.012706131235079328,0.05712220597943835,0.018509941029351315,0.02975082359691247,0.008470024397888085,0.04382310614835141,0.06420747231087776,0.0027112288215112475,0.008979281394664258,0.07782749958757845,0.012140114451312866,0.11167941583536853
W5fb8219ca01882850004,0.0016460570938334395,0.015294188525516762,0.06559917143685465,0.025952511086541247,0.03985917130416791,0.007535864049888645,0.04394100506871471,0.07071157044328807,0.0028856416644729346,0.008219368270072433,0.03283418494672493,0.01458143478126305,0.11231472739340385
W5fb8219ca01882850005,0.0015994929369056,0.015553319188876534,0.0647406031204301,0.03277792796048817,0.0648007436400483,0.0065215905144417885,0.06982083626937619,0.06228124843095827,0.0019960175966449605,0.009264690077023652,0.02515209791099281,0.014031336195197438,0.1280444715419091
W5fb8219ca01882850006,0.0016302703177500663,0.01433228606874897,0.059869163397140594,0.035466567345219975,0.04599165652383494,0.007359801936775765,0.08167459443604946,0.069816489497646,0.002009747650626239,0.008101716911358364,0.026342715929349187,0.013508026628928397,0.1217623061319657
W5ffdedad0bc160500000,0.5506240018626227,0.3743577951098475,0.0023238065242461954,0.010506511097926614,0.0025943982653688926,0.014660910499643067,0.0009374714861756988,0.0005589616329233896,0.0002836320674607558,0.011885293182268683,0.0010277742976494135,0.021485852205604127,0.002874179577002827
W5ffdedad0bc160500001,0.9175182277947229,0.008073464312523908,0.0018627194300321513,0.008809826919698326,0.0010001880638136225,0.012015214823636086,0.0006445881874434838,4.764205686678083e-06,0.0008403270143754103,0.016360482374012896,0.002933577044500812,0.0220021603468583,0.002415682850016459
W5ffdedad0bc160500002,0.5394714924299436,0.37444839205626274,0.0029711173676022196,0.012331077799913106,0.0020308182301718453,0.015539991207549982,0.0012855757975818892,0.0007449236804343705,5.226793575941923e-06,0.01443304971251072,0.002937442624003977,0.022647453402678073,0.006947677770670692
W5ffdedad0bc160500003,0.8827391023032818,0.0167758371275949,0.003998518634337349,0.017990136756736698,0.007634987714867685,0.00733291307769649,0.0030356973520132263,0.0023102684021946212,0.001375436796083718,0.019885299917351218,0.006544790764387844,0.01418114412013899,0.008817761581776551
W5ffdedad0bc160500004,0.6757296200311316,0.24598395484458518,0.0012096273800656027,0.00806657704629294,0.0006026468300199246,0.014868900699192389,0.001098283140462724,0.0005577710085435629,0.0010032402793714091,0.015441682931284197,0.0030722171725163037,0.02273677171917641,0.0033817869794891637
W5ffdedad0bc160500005,0.5423350070160669,0.3741421587942737,0.0023244970301679454,0.01029278187912911,0.0023055957038501684,0.013873623755318028,0.00165744028581445,0.0011163809916631736,0.0010056000061659028,0.015181151557833785,0.0028019138865033833,0.023851557593759145,0.003938730530551089
W5ffdedad0bc160500006,0.8826380702682616,0.007796037934043385,0.004371979481328928,0.01959084331911187,0.009511447422545736,0.006677693366745162,0.002233231544489178,0.002385265024505788,0.0018205501986216825,0.027211969549714003,0.007380040197430717,0.011624465303045528,0.008959462315533583
W6000b3b22c11e3f90000,0.014904986374007716,0.0032787081698934014,0.11100843730266208,0.0953856739579109,0.23102655600325728,0.41528165808954465,0.007507041734761669,0.014684996297636508,0.002172993700797301,0.005572202612377805,0.004030415356039039,0.07211246436573962,0.014281563191611911
W6000b3b22c11e3f90001,0.016924852080680695,0.0032037494058104704,0.1925433304898801,0.13111630513341896,0.19304327315475742,0.34403225388274,0.008151900852280037,0.01429605985765402,0.0029488779373883687,0.004958067021397549,0.003989209310537757,0.0671589920066647,0.00961216233956165
W6000b3b22c11e3f90002,0.04989348133718452,0.004019299539572933,0.11623119186110924,0.1198454589785287,0.13816097541672748,0.4084806730743318,0.009773031279644372,0.019702148902854794,0.0036642726633056206,0.007349958923220496,0.01021105741133057,0.08250280054460786,0.02192680365283549
W6000b3b22c11e3f90003,0.016608336380600924,0.002138224169455979,0.14164287591260583,0.11184683621424607,0.2017398445890476,0.36606694370019266,0.06256234290806713,0.012310715248748673,0.001365292882138912,0.0037693737072872218,0.004816513546376041,0.06275683854285123,0.004978645415276036
W6000b3b22c11e3f90004,0.0140559680089599,0.0021276051108432515,0.09036241924071006,0.10519035706384777,0.20096056820988206,0.39855793415729024,0.08686231623308362,0.010115741660904834,0.0011513488618559568,0.003730150626436792,0.004669135178900651,0.06662706801032162,0.008815927395069863
W6000b3b22c11e3f90005,0.014690312336379673,0.003840864917858388,0.1128794813898908,0.1404971150851764,0.13083688571858607,0.4542764923535686,0.007471886382337991,0.02082161424801105,0.0023854186183696648,0.00615677487283994,0.005798171126855479,0.07499508194069511,0.017231740671724425
W6000b3b22c11e3f90006,0.012555865695009567,0.002263604923364761,0.08402904183236715,0.08370196014354744,0.10467967434227647,0.5952781381338021,0.005523401954877702,0.01268164375460522,0.0014418960311811616,0.004203571697779294,0.0037952963533788115,0.0755322116951797,0.006463937147073496
W60996ce94f8e80df0000,0.026897298186185956,0.0020111816229949763,0.1178607155282961,0.012056728585992793,0.005874902077824981,0.42330467983259046,0.0026461830538015655,0.0010041306050796802,0.0018366807627777423,0.0013075291252445547,0.002764126282395598,0.14907138303583362,0.2520117968782833
W60996ce94f8e80df0001,0.24798653758408654,0.0012057096791271264,0.21563136661767954,0.010959542038541126,0.00466583365613973,0.27623526697519996,0.002230706524379462,0.0005682365220122362,0.0006756842475494339,0.001423237338866931,0.0011523390076988332,0.1671337183450119,0.06962131285307645
W60996ce94f8e80df0002,0.03670775791062079,0.0022599775864425094,0.08505549916381883,0.017033346363856023,0.009125868321549392,0.40037751739354693,0.0047903132316248565,0.0013331695201679987,0.0020650692089200905,0.002232211967667812,0.0018057788211102422,0.34836349099747105,0.0875122021496429
W60996ce94f8e80df0003,0.18944664600437483,0.001347695710772338,0.3030537998275675,0.008167956749421276,0.005096611862497177,0.2779905629183267,0.0037679568962601328,0.000829475881272679,0.0007919643998571744,0.001532025296427221,0.00045070399251018656,0.1518180678802868,0.05508524565725883
W60996ce94f8e80df0004,0.028550771205216253,0.00215570557533338,0.2777427441381001,0.013963069279208432,0.007343282089231621,0.4058691250446168,0.008684367803831016,0.0037839531098290526,0.001667612745470875,0.0021504059867658415,0.001466068952243323,0.15635693016201854,0.08898004932967313
W60996ce94f8e80df0005,0.028198340349098558,0.0020935566369868082,0.11932192826933441,0.01365345372621221,0.0067417403194701105,0.4139892118802335,0.003518401154658778,0.0013834410557295176,0.0016029558150344595,0.0021004819608881602,0.0014309119909267328,0.2855104452618121,0.11925839046067162
W60996ce94f8e80df0006,0.009508827981744001,0.002423947526667594,0.344997759507445,0.015198004159476792,0.010261135545780573,0.42465700373135257,0.002640718694816076,0.001519595400006861,0.0019470178887614805,0.0019825981836238027,0.0021179523908313714,0.15855830937476226,0.022734969960440093
W61443c7edeab75570000,0.0012524608944881619,0.9831186889493272,1.0885284685521606e-05,1.864852591437043e-06,0.0026620727539612447,0.0007264225654123755,0.007454311377271324,0.0005854199079918019,1.2332168144536434e-06,0.0005733796381204684,0.001115318738291297,0.0006867190283813739,0.00027946525197523084
W61443c7edeab75570001,0.001391343214290311,0.9824516602918516,1.5164051615875073e-05,1.6085866048458823e-06,0.0022451979031877594,0.0007264669615468488,0.006454259486030644,0.0006982100271956073,1.2656705274747371e-06,0.0005686488024486809,0.0013929516852833922,0.0005755748713591612,0.0013906059725242118
W61443c7edeab75570002,0.002641349018883342,0.9804730841002816,0.0005689114601177314,0.0005575477160560878,0.0026804905219153965,0.00044867130808110906,0.006192669214114056,0.0006982346409372583,1.3251931416169852e-06,0.0005684972448504305,0.001393983677570243,0.0005755759263841506,0.0016683259885156541
W61443c7edeab75570003,0.003196910326836745,0.9622927516257331,0.002790951961708584,0.0008350794723844825,0.0040552382733596865,0.0010042244799475034,0.012752852909566091,0.0007076610234181969,1.2658557682131477e-06,0.002239728002465784,0.0030609216986972826,0.0015015000705028228,0.0025017118521516446
W61443c7edeab75570004,0.0017154163974472802,0.9843235069432673,0.0005692777623884814,1.6100160461723592e-06,0.0026509382888699334,0.0004485219695885699,0.004650977757409621,0.0014188206797750129,1.512310126761882e-06,0.000572389505645086,0.0013993097098128312,0.0002977959793445799,0.0002795049433303666
W61443c7edeab75570005,0.0026413492918702366,0.9641706109099105,0.002235814659953328,0.0013904975775438687,0.0032134541627949543,0.0010040323675905688,0.011644648684159266,0.0007283110252180754,1.3539779886470568e-06,0.002243305033737668,0.0030622985929109965,0.0014089073408380544,0.0036128295503586134
W61443c7edeab75570006,0.003058041534751603,0.9603229779773418,0.002235818583447222,0.0013907050829714978,0.0028174153162780304,0.0010043125695092853,0.015134652882209205,0.0006980038574388327,1.2833974277757765e-06,0.00224107014290369,0.0030610636635077446,0.001223722723185902,0.0036128184039842842
W626cdb6a7e66a7910000,0.04082162664801732,0.001393618841530134,0.0035713889800753715,0.0008382881482216884,0.0025116128316979716,0.0021371495773193382,0.002709411728114494,0.8021339843286591,0.0011158423523825547,0.10673632519075493,9.369627960646721e-06,0.005671853482260925,0.007969599610185889
W626cdb6a7e66a7910001,0.0376042515135806,0.0013931869635318197,0.0033697091129531423,0.0016713021356751416,0.0023506176907516726,0.0018597105836289363,0.003804292229158724,0.7753663038066945,0.0011151668676156095,0.13337797576420185,1.28671562248963e-05,0.005113638907692811,0.00861942882345888
W626cdb6a7e66a7910002,0.027265259723040672,0.001393167100078172,0.0036482272801509046,0.0011155702789620873,0.004217480434087875,0.0018596573936900153,0.004356403036492982,0.7878707990452298,0.001115209272627677,0.1322801279621816,0.00029188330784285407,0.005115073912168743,0.008804408973165125
W626cdb6a7e66a7910003,0.03815984768673101,0.00139327488819013,0.0033714112447513897,0.001671214868668963,0.00405691209418622,0.0013048165295475801,0.003369083221934517,0.7171919518310028,0.0014856447435853933,0.19320240136932998,8.660296625346896e-06,0.005392971287752997,0.009080636968619053
W626cdb6a7e66a7910004,0.036191613172415434,0.0011153468946711947,0.0039380897955145575,0.0019494187189871895,0.0033820060012248643,0.0016784166560293275,0.002782257316438387,0.7606351542244861,0.0014855368876510724,0.15237947025121779,8.59261792094193e-06,0.005300641796771512,0.00917533733501825
W626cdb6a7e66a7910005,0.03425023486455029,0.0033375673088735483,0.0030961895047653776,0.0019489736035437865,0.0036896650679563692,0.0019549265953176516,0.0027816027425212448,0.7887252305798764,0.0005596118377466604,0.1265338687724595,8.740512427247139e-06,0.005023324750352945,0.010375910334274948
W626cdb6a7e66a7910006,0.027403069808458802,0.0005598042269003068,0.003376033961625278,0.001671270418653391,0.004587720262657108,0.0016781928008742916,0.003707827282777056,0.78128196290479,0.0016707628129603528,0.14289657353961482,0.00028722129178187215,0.005439528747914821,0.009917648325510012
W62c2ea531ccd02ed0000,0.008037977360805573,0.0025773475203392368,0.39426856981864616,0.06949848317219764,0.38647696615273003,0.026825771571620142,0.0161204200788967,0.008340453426925161,0.0037858513931902133,0.01096742367635284,0.009066580099317047,0.013056337946286913,0.017411930404565314
W62c2ea531ccd02ed0001,0.04344288041577567,0.001853651422596132,0.393843748150243,0.09484808119137957,0.3254391392488956,0.03003500171054698,0.01059037234119391,0.008470377180634429,0.0020246668197616492,0.013013408110442446,0.021326059740401443,0.010461798084063638,0.017770268065426253
W62c2ea531ccd02ed0002,0.047414593533994014,0.0021164607239465387,0.34696891978853855,0.11309572707316026,0.341513043779976,0.03405846505283514,0.008643178718969304,0.010279988105100377,0.0026071340513579904,0.01664250186631585,0.021357380370271344,0.0095787684662926,0.017610070104438935
W62c2ea531ccd02ed0003,0.009040452901654623,0.0021861878515759803,0.18050162331541553,0.10317768045059157,0.5515824148469047,0.033840047458244815,0.013979405870462593,0.009729660891992589,0.0032433529576160426,0.014280904373814325,0.008157734836975256,0.0113382719271257,0.013916355639708396
W62c2ea531ccd02ed0004,0.013870815145555942,0.0020217743218462238,0.25721793802187337,0.09235082100519798,0.45607809210488504,0.038842860378030204,0.011659981456362448,0.013711057241875794,0.004033449504851243,0.025641976387403027,0.00957617598035703,0.011380220236283399,0.015504860162780737
W62c2ea531ccd02ed0005,0.013400943462124826,0.002287059398346249,0.23195179479836917,0.08563001616055789,0.4943650069664832,0.03626402852887387,0.010917622094336922,0.011204096418574557,0.004111999915478764,0.021711115088468253,0.010000447829483252,0.013111912794517665,0.016463410589671868
W62c2ea531ccd02ed0006,0.05044473126925308,0.0024784823801781686,0.25612366723811736,0.1035049933221668,0.3815093195957367,0.043910442459520596,0.01875565973587498,0.016613749660382628,0.002925907842900832,0.033515833860885684,0.02540932642202026,0.00919570872165247,0.018797328828149388
W6361bf78352c102e0000,0.0011123685573441722,0.6131103833863246,2.591917358526696e-06,4.473597697785847e-06,0.00056136617193279,0.0005582230784806794,0.0016704174577321616,0.0007141769122279326,0.3673321153945117,0.0003716298900692495,0.008252746430050565,0.0016684092607208512,0.0022254030649787285
W6361bf78352c102e0001,2.1230813339896356e-06,0.9041921992575773,0.0003728952645185215,7.344528598327089e-06,0.0005617079466443269,2.617686505822796e-06,0.0016711296560725272,0.0005586542853613809,0.08263413441577039,5.332909250644136e-05,0.004744429296174071,0.0008357236214405977,0.0013920850005129772
W6361bf78352c102e0002,1.3415791776694543e-06,0.9557377551840742,2.6034855366062556e-06,0.0005689654225147264,0.0005610838481097545,4.016920244840379e-06,0.0025038018385234173,0.0001600743973576378,0.03113585046709278,1.5470436091565615e-05,0.004109491923444924,0.0011134904304977826,0.0005586750739965309
W6361bf78352c102e0003,0.0016680278704293515,0.9333373669955579,0.0005581750266436605,0.0008392468441235874,0.0011172422663821284,0.0010224203291260862,0.0028763321264398344,0.0010570184947212278,0.04218813462444586,2.1966863839097645e-05,0.007615923679270062,0.0008350824371968028,0.0022248687983892988
W6361bf78352c102e0004,0.0023161882105768574,0.9052348738518343,2.5310552447566173e-06,0.0016722079958319017,0.0011174230334351507,2.7633954821497893e-06,0.00222627501106921,0.00020495328829877658,0.06851393121042183,0.001127574133544355,0.010254428830153197,0.0008347663460448725,0.001298964433347375
W6361bf78352c102e0005,0.003983011753564299,0.9063056738764687,0.0005580356357900289,0.0013940982278323876,0.0011174176326675153,0.0008360167337551874,0.0022307047667075963,0.0010595014639711382,0.056850042367722176,0.0011840457993595504,0.015210306958958461,0.000556922868847238,0.0024100088343583415
W6361bf78352c102e0006,0.0011125531731665883,0.9296218469505712,0.0005579652210817279,0.0005603075827012234,0.000561862055732997,0.0005580932379634232,0.0016714285906191276,0.0007441718506922101,0.05033809241337364,0.00035226296710692573,0.007057685150384947,0.0011124784238962992,0.0016692565978280937
W64fe51a60c40ad2c0000,0.00475515474524903,0.00044376188711278594,0.3399906298253329,0.11257625449269514,0.2907430571570335,0.13585887522437767,0.026123593548507056,0.002189151363484689,0.003170220322046434,0.009137623899222534,0.009756499727111949,0.015474390765868389,0.02311920389227489
W64fe51a60c40ad2c0001,0.007212002412625567,0.0003823760816003262,0.2558233114432995,0.23317665103383603,0.22489688988889636,0.16355127128788383,0.02096068518142739,0.00398631575674533,0.0033248026871559523,0.008258365933401816,0.008247710798942905,0.016389789632646732,0.02401532554108077
W64fe51a60c40ad2c0002,0.03922063035019111,0.0006423584700642643,0.2298247042193552,0.24119058779489355,0.20069235105086455,0.18525307993512533,0.00965321495210112,0.0029647525418016302,0.003980281506515312,0.009365516770195243,0.019885588867938807,0.01770293828151977,0.01603222331134466
W64fe51a60c40ad2c0003,0.005931536648316172,0.000740649317574972,0.2845799475331733,0.07694510066077011,0.36246472773943145,0.16962017781935995,0.016738994316035788,0.0014280869318092618,0.003253479423470888,0.008814167938856535,0.00966970806580396,0.017820874011454504,0.017636701943944958
W64fe51a60c40ad2c0004,0.0053253361422572545,0.0007823673800779167,0.3857373501542207,0.08441321690829177,0.2785047992083897,0.14727446424036564,0.010788208415002555,0.0012089803703528002,0.003257116925543174,0.010237486187644125,0.009274105219727926,0.015333972754345103,0.01973104490061046
W64fe51a60c40ad2c0005,0.006212375499852569,0.0007505969330157451,0.24976261725175838,0.08899665496816513,0.4463530644650751,0.11128155333748306,0.014414647742597627,0.0019640803636669737,0.0031697269347653527,0.010147510178404465,0.009406134812220105,0.014312308901725397,0.01899019551881548
W64fe51a60c40ad2c0006,0.007015112464775262,0.0002485695830909304,0.19222416876886125,0.08904986056372335,0.48993658932504924,0.1222198652306267,0.014294494788904403,0.0030211717424188786,0.0031215440020527945,0.010011863984827021,0.009627708425402306,0.013931821524980657,0.02015557012294534
W65f9a995382c18a70000,0.007813084710296889,0.0013895127240910767,0.03520693315542045,0.057016756534875014,0.346380007241376,0.0160336886193446,0.015112802870563699,0.45248534083891667,0.0016170123103639445,0.01678849825989851,0.0036093586324843045,0.01987811275068394,0.0065568405033648025
W65f9a995382c18a70001,0.00819315890419466,0.0007256112519387156,0.029632914255355036,0.05554596326014739,0.3514295008629174,0.015933432623229746,0.012062707529477502,0.46287160899867025,0.0015097386487548509,0.014841884463524793,0.0027289126167114783,0.016409793895153266,0.007033201840276409
W65f9a995382c18a70002,0.00791161627616902,0.0007209460997222824,0.03360106248499638,0.053911152775940864,0.3568167130761438,0.015302101669953506,0.011440713060894543,0.4548385823581636,0.0015046550887841694,0.01550961489937037,0.002626219078613516,0.01745456859983501,0.004901116689559968
W65f9a995382c18a70003,0.008875853353188882,0.0007666722737466373,0.03498721087797411,0.053928374764634836,0.3407733828213962,0.015380711730292857,0.015379922356418914,0.4652468543247346,0.0016292419989526645,0.016587937586920207,0.0026872147307473843,0.01824064749186101,0.004671580395683886
W65f9a995382c18a70004,0.009094823139796033,0.00069629978553534,0.029079163444901916,0.04696487613841363,0.3649908333554652,0.016044991176725632,0.015463379221030712,0.45504132550618226,0.0015799864428074947,0.014780283918753342,0.0025917385595450324,0.017238698527666022,0.005150548668941503
W65f9a995382c18a70005,0.009965558651166488,0.0007409218051226399,0.030841691342625974,0.053357780180287945,0.3861813397190793,0.016157744516890386,0.014156105905911738,0.4231586095903695,0.0015186687315168368,0.017496439049249357,0.003763744493391243,0.01719115589387897,0.004895537861747803
W65f9a995382c18a70006,0.009497778300741212,0.0008502381276018356,0.03404718270975022,0.06224141726785683,0.39879403069814995,0.016973072948016983,0.014342822052175675,0.39480350538369324,0.001596268470444181,0.01753227464773195,0.0044549684454784425,0.018513548063561196,0.006347119394171321
W6896dab34a30aeab0000,0.003208600201072403,0.005378240866066745,0.04063782315425398,0.03901439012968431,0.5087619855665791,0.01539138969643977,0.03377312934820379,0.19028296356237043,0.0037721659702927694,0.0334083925451568,0.011037363666165976,0.012573903393243482,0.017139828190986056
W6896dab34a30aeab0001,0.004011831740982215,0.004439679835226604,0.035636950435513244,0.04410435683195202,0.5701956993292173,0.01374010759534428,0.03123471871095182,0.13878427207613497,0.004097986888859022,0.031115966391623156,0.011690274890805097,0.012406436830309368,0.01764994871156551
W6896dab34a30aeab0002,0.004067370963205958,0.004450579926011097,0.03371209013006811,0.05073947130085385,0.6010858799905963,0.012521694171376621,0.032603985635230176,0.09242147676842663,0.004029752959283558,0.030634695985899664,0.012044941136947937,0.0122976493117267,0.017735274555071456
W6896dab34a30aeab0003,0.00377580580328831,0.005482182855834747,0.035709623586405545,0.04886996775787305,0.6185939279877052,0.014742267773719016,0.03354253295574429,0.060751412707352924,0.004041498469769678,0.028371534186152403,0.01288097261787024,0.012286629329411306,0.016354260104422803
W6896dab34a30aeab0004,0.003326458116876971,0.003576948296710284,0.03694365389812764,0.03648921104902605,0.5651912294124811,0.016056645466176002,0.030638727546746486,0.09595081604196992,0.0041421369424812435,0.029607322470648414,0.014414878205717109,0.012987043856770714,0.017399626154704497
W6896dab34a30aeab0005,0.0032792506239643572,0.006383103722309821,0.03602845987922895,0.04498895403897846,0.6136623406769669,0.017945228628792206,0.029902672362131167,0.053143772361202164,0.004129443855470541,0.028181495004946613,0.014193881798858393,0.012651711532835909,0.0158023517785035
W6896dab34a30aeab0006,0.003291476363525616,0.005487089701637088,0.03647486165036284,0.037758208267616555,0.5558629651095189,0.019794338217787113,0.031728435290260905,0.05142271677114782,0.004134291685011658,0.030449522161957527,0.01565922240032761,0.01285681208694779,0.0166821030914929
W68a746653bc5de3a0000,0.002602951435873869,0.37964060060691013,0.03392566588208579,0.035132845291525897,0.018255239453655592,0.006840150331567045,0.42187868009338125,0.0023845977897368562,0.0009300286980280212,0.009386567207971366,0.013585067971428373,0.008330572832621296,0.024992536946979015
W68a746653bc5de3a0001,0.001758593907701704,0.018446169901163684,0.049141979073422826,0.04178251742878253,0.020733752878144225,0.009623645891476991,0.5816296138775563,0.008346501988783972,0.0023005906647933557,0.10955392189839668,0.014681798634185018,0.0067498510234988785,0.05191319541635625
W68a746653bc5de3a0002,0.002055488643678331,0.380418783688456,0.03309775995908122,0.025273880262087423,0.01917858933052352,0.006723741426664544,0.3784713600764202,0.005706449374394059,0.0010723793351576512,0.027811952238613494,0.014475807407829114,0.011134299079522847,0.035909107665473394
W68a746653bc5de3a0003,0.0014881493497903582,0.3758725215213551,0.030420777604828815,0.021168916701816736,0.01670847629860248,0.006609840565010733,0.41003903894116606,0.00396993761933954,0.0014863057095524386,0.01949633254205443,0.012090273168380348,0.009592863355349196,0.03143738645632093
W68a746653bc5de3a0004,0.001740825594277642,0.004476568506742852,0.04647732182791909,0.03042337753221554,0.02014086933267388,0.007163375985641004,0.6057712411359963,0.009719535684957316,0.0030831182091303716,0.09614562334711006,0.026203436950868016,0.008280245478947226,0.0438863280373863
W68a746653bc5de3a0005,0.0020594028515077667,0.3743710732028695,0.029597462085431805,0.0210814912651926,0.019067969548763438,0.006632389664830399,0.37959077856655205,0.0049986017866024525,0.00149098755607321,0.032769328912718165,0.016796517076236302,0.009250956638658839,0.029506835260155198
W68a746653bc5de3a0006,0.00343628012734966,0.007487059980945065,0.03468772157360402,0.0290029623215156,0.019786512414853543,0.007834635536312367,0.6908251232604918,0.008747114893905604,0.0027596616667852803,0.0483745325802638,0.014894271999148377,0.004242776944304864,0.034180162702814286
W6afe7fefa060e33d0000,0.007298304134039994,0.0006506889135020128,0.14161408758696944,0.22502921333421796,0.1352468372319991,0.2446006112704974,0.02327317285943416,0.05393953159284757,0.0016938971995741332,0.006446830028529998,0.005324970648583036,0.12277337052885683,0.023201877685906102
W6afe7fefa060e33d0001,0.0075833028451848805,0.0009957321618332547,0.15372791084417087,0.1597225544340461,0.1455551652847189,0.3131674870193424,0.017920179292967013,0.05633188657887077,0.001230239815684313,0.0077996028084078755,0.005808587423297177,0.09461178841776996,0.026412568866956795
W6afe7fefa060e33d0002,0.006613553148099323,0.0013863837152819421,0.16925474639560747,0.1345523975900971,0.16947108611723247,0.27201339000614244,0.02998590903213338,0.05848215543266894,0.0014892283894877483,0.008092404672122078,0.006132593123065334,0.10158999111480314,0.03189279342150398
W6afe7fefa060e33d0003,0.006183613785036395,0.0009786139624490026,0.1510430397489873,0.15003277389941358,0.1706771341435564,0.31247413606288443,0.030261644100702867,0.05719557878802706,0.001604706338777931,0.008219062672492205,0.005523455192677163,0.06491219830529663,0.03172370460871859
W6afe7fefa060e33d0004,0.0072010129634850085,0.000967731991384802,0.16008200984429713,0.16734365877251015,0.22233868478872773,0.22233142472818615,0.011108159366405317,0.05730215080863294,0.0021531940908512664,0.008042422778801546,0.005717761222796358,0.09819360017180175,0.027536382742619606
W6afe7fefa060e33d0005,0.006103315025482413,0.0006564385379630313,0.12143152520555998,0.22356411600233386,0.17477135354642592,0.2383360263697459,0.02156346218155332,0.053537902951450694,0.00141907050708322,0.005371019448636396,0.0037558522127658397,0.1148450046208711,0.02611593781870732
W6afe7fefa060e33d0006,0.006828157450024789,0.0008647669179166097,0.1398069738649423,0.15380218906772716,0.1489246542787335,0.34731197071363457,0.024628408588267734,0.05486379222003688,0.0011453370072209642,0.00677852226344616,0.00396567700624594,0.06979191523571962,0.03288495866556886
W6b98e963fa9af6860000,0.004438328955989231,0.003170722585974674,0.02819993285767601,0.057195591341501706,0.01694146601568201,0.029954644359222307,0.19232184459605586,0.0504667145825257,0.0042576481794531435,0.1102373305715625,0.03623732448208178,0.05556603512303638,0.05195179562332722
W6b98e963fa9af6860001,0.0042398581281786986,0.002888957452908937,0.03658637415082176,0.27761015815338447,0.016189274008913457,0.014070327316081745,0.03267087815548972,0.05421984231954249,0.004173836374001251,0.07382927616274045,0.04178700221586995,0.1337678204435789,0.03465427452311446
W6b98e963fa9af6860002,0.0058286539154438766,0.0038747429956308885,0.0582054286423462,0.1172017303311757,0.01641646835175585,0.01585423990203552,0.05715830814958839,0.06221285916595757,0.004827669930607534,0.06111446751377081,0.04941288593762224,0.2087693820010094,0.039757036458404185
W6b98e963fa9af6860003,0.005351646621104472,0.002854259569875677,0.054734587353514795,0.13870536012186666,0.017667525786104508,0.028357051670975558,0.09841306007848272,0.0726839292809257,0.005386898824994772,0.0691501704468119,0.043730377250012414,0.15630855597207138,0.036119249297206495
W6b98e963fa9af6860004,0.005520121205315927,0.0037236048902388338,0.040480783134698745,0.17258046601816482,0.020575624339305976,0.04106177498072232,0.07280331196740618,0.09256903435167736,0.006001242179664607,0.06822254630962903,0.06093647612620363,0.1270502645461186,0.034830730843669395
W6b98e963fa9af6860005,0.005090582213393347,0.003903327647617527,0.08682830567356842,0.10660015308840583,0.022250116060650447,0.03126611971988861,0.07099402463382669,0.10319468373614343,0.006816722693885166,0.061465986530269884,0.08257333669527701,0.10110982215104829,0.04178971072801757
W6b98e963fa9af6860006,0.0044395464208531205,0.002912921948961387,0.036064621408816534,0.13813028111903755,0.01992020656688867,0.04112679436950393,0.08963587995401667,0.1186797611665978,0.00528461004659634,0.05678364201601582,0.06317492185359593,0.11041868063230892,0.03839291953883905
W6d3840bb93b384910000,0.0032100228308630397,0.0008618092675920781,0.02033294569912842,0.022809996832451752,0.016841533818906202,0.009676574466444245,0.002838054770775599,0.022659784849592315,0.025846404735705573,0.039540950807900974,0.4201834571254508,0.0016182265820350512,0.019261089655095
W6d3840bb93b384910001,0.006407346853480087,0.0012162092774300472,0.025624405029487256,0.030881750849323146,0.023193874355326924,0.011203852203024183,0.001911067945112549,0.022634905578749497,0.02575245445732281,0.05207529902518499,0.39195504720681823,0.0014694709437864317,0.017508761949475746
W6d3840bb93b384910002,0.005575344810691717,0.0012945885186468602,0.0196997142068567,0.05070634584678648,0.15916812797284338,0.011456058060720802,0.001711455216395925,0.02357333263035219,0.025432582462834627,0.0716276330343414,0.2258914854807141,0.0015438004867036606,0.023434042522575957
W6d3840bb93b384910003,0.006137051237953598,0.0013203272796910926,0.031604770407784984,0.03833963402143375,0.13846627072801518,0.012638415871135239,0.002295784431031889,0.026508361886361343,0.026385612875423084,0.04959949639199155,0.27393616208923066,0.001562163089100982,0.02666861176073945
W6d3840bb93b384910004,0.006260561980048662,0.0012192693537937148,0.04830589737649941,0.030853233987645386,0.017445287984276137,0.009822887750683034,0.001087638853578281,0.02368993652791319,0.025493607261424606,0.0468206099633928,0.39005174418447175,0.001475593211203251,0.014890818189268932
W6d3840bb93b384910005,0.003980913811859589,0.0011887183424009514,0.03098930783756027,0.03536682195048174,0.024094769633684808,0.01213570214784878,0.002172016013747816,0.023954464241825547,0.023725004347677787,0.052012050892274786,0.37169963942076467,0.001366737724904849,0.01674750763446524
W6d3840bb93b384910006,0.005965732873885065,0.0010169134530155922,0.039308962492635297,0.035721730504777484,0.028664322082434773,0.015515295582222952,0.03601276479906926,0.022183083188253593,0.02728052075758962,0.04178065420658079,0.39399844419343955,0.0016287002043569553,0.01589567589265196
W6d3b2a24032b729b0000,5.778826858020893e-06,0.0016695217385419932,0.0005592367451566189,0.0007164118086233731,8.346690773416765e-06,0.020808454476193575,0.0003716634746076025,7.246312201776824e-07,7.662525097853153e-07,7.227771593701741e-07,3.91485368968543e-06,0.6414890561838599,0.3343645282010243
W6d3b2a24032b729b0001,5.546243536199753e-06,0.0016695827874369212,0.0005592604710185429,0.0007328733390458597,0.0034403595330892473,0.029383641517351206,1.4954448387376534e-06,6.729708027561271e-07,7.116883175416184e-07,6.807685857362373e-07,3.6443221413333695e-06,0.7734105499365773,0.19079024701201228
W6d3b2a24032b729b0002,5.703513610399273e-06,0.0016694687204791398,0.0008366082445504494,0.0012783261331525,0.0020072125727134777,0.028036963011604705,1.5769840118744286e-06,7.649151225872714e-07,7.108902418599836e-07,0.0005562358309582925,0.0005577472765045152,0.8824638714960857,0.08258413287120352
W6d3b2a24032b729b0003,0.006144202451753417,0.0016707183506213439,0.0008424459928635974,0.002491096870961847,0.11284991853570234,0.024890004232622734,8.87756429735884e-06,9.096502028036433e-07,8.505275717355223e-07,0.000556287692647968,4.469441482841738e-06,0.7186133564401231,0.1319259452309312
W6d3b2a24032b729b0004,8.679537960557582e-06,0.0005584582300122061,0.0005596174092695296,0.0007744411746831105,0.010732228585212037,0.02932826853860688,4.186380695393827e-06,7.084572198616949e-07,7.692136056060498e-07,6.467084114564134e-07,3.945212387385602e-06,0.8643824951872141,0.09364469706671075
W6d3b2a24032b729b0005,0.000562662023923625,0.0022250847401197138,0.0005596410905196237,0.0009986835585450197,0.0016971799326024888,0.04496101797245592,1.4885957231758124e-06,7.058426743034176e-07,7.463015885500029e-07,0.0005561892854764773,9.698633082584366e-06,0.8443501073147434,0.10407600420245923
W6d3b2a24032b729b0006,0.0005602680017731694,0.0011141563886720941,0.0009297785358951808,0.0009988056310432352,0.0004527343843046886,0.049072622716946214,1.621275588016972e-06,0.000278541453725232,0.00013971953560212882,6.857414592709033e-07,0.0004293184115948601,0.655583325501702,0.28932635233016896
W6fcba0a340edc8d30000,0.0087613425402924,0.00017722613590830376,0.621521210879424,0.05550882040799333,0.16002569019567667,0.07154283433439763,0.01331837319258549,0.0037813670317294493,0.0073088140137590315,0.005111937172211816,0.004773005474142375,0.014213984486017054,0.013456724582196227
W6fcba0a340edc8d30001,0.007500775144823865,0.0009020091119086165,0.5583772795071033,0.06035585478063562,0.23421502529848426,0.05776458939403503,0.008582990945673625,0.004120809105998472,0.006301778061156883,0.006711636268834291,0.004978570906302276,0.01354343215633643,0.013527311413867723
W6fcba0a340edc8d30002,0.007491865875386466,0.00029046518083484027,0.5614809137368366,0.06866513246086756,0.21537869764518683,0.06312488092518927,0.007048538131907322,0.004102866995580287,0.006254545478827708,0.0069096010330143495,0.006874972832547549,0.013612707864507943,0.01487687138265727
W6fcba0a340edc8d30003,0.0067705138961801125,0.0001272244091536317,0.5083451653089469,0.0440111554218855,0.2889662505011691,0.07355384825894831,0.01248296480291375,0.0023185577350922936,0.00392220095891135,0.00627294403804944,0.005612881114595008,0.01383441856050816,0.013455482309967683
W6fcba0a340edc8d30004,0.006258541228552276,0.000746095900666962,0.5505387446029552,0.05254734208664639,0.24733672361337886,0.06285747711362726,0.009296182399575878,0.00235346680381849,0.0051897965130942815,0.006813648478364801,0.005714896379001532,0.014861540422951222,0.013841226008288424
W6fcba0a340edc8d30005,0.006844490368869313,0.0002317941437246824,0.41196086733522014,0.049769914288258436,0.4092220946592414,0.030792524301352663,0.012283083179544482,0.0029361128199378857,0.0065418760447711445,0.008502737850159179,0.006791835098273931,0.016037714300297545,0.017781741187265464
W6fcba0a340edc8d30006,0.006240691713086629,0.00016895832495373398,0.33091908694536043,0.05345745913400816,0.49727663585709087,0.027880381167017458,0.010950502049674477,0.00233511701122977,0.005141803991685277,0.008048452573004596,0.006709452976155413,0.014654468189747544,0.014651687659590467
W7006f3c66af00e6b0000,0.0020426465681257755,0.0007033510501208523,0.11830162165646975,0.05339039004411243,0.06356262084215847,0.3703476043560444,0.005227120514072316,0.35244549014977905,0.0011164393774629009,0.0009706554868782207,0.0013490111905839074,0.016191743035020523,0.01012192086362759
W7006f3c66af00e6b0001,0.002612593705452097,0.0007067752722919957,0.11259502974915588,0.0701981816832002,0.07408759446276551,0.35340354943341307,0.00445098503887438,0.3549042480623708,0.0005603743345919196,0.0014840247213309904,0.0015281715496172936,0.015485600708895925,0.0044067416147372425
W7006f3c66af00e6b0002,0.003356475801123556,0.0018867075919441355,0.1427878015276179,0.07841344992495108,0.24169136700896252,0.11535836656349947,0.007796909619605421,0.3744622894722392,0.0011771724435093581,0.002020414526110528,0.0021961221788724555,0.01788799647874661,0.005904480040705359
W7006f3c66af00e6b0003,0.004134072822847541,0.0021803922414970187,0.1681236304455489,0.12132944028632674,0.18296736141585657,0.147242861814569,0.007769039695761166,0.3187820856883184,0.0013793543667007526,0.003041236372881773,0.002343637140408778,0.02865476645165999,0.006858014927438413
W7006f3c66af00e6b0004,0.0026041861920631576,0.0006975367242512099,0.16477895692765734,0.07371652871172461,0.20431707214986694,0.14888015064193189,0.01334783878100123,0.3558965317665311,0.0007502659913274633,0.0019005106677148324,0.0013285870374002188,0.020162985597833697,0.0058779514644684925
W7006f3c66af00e6b0005,0.002439933353606142,0.0004793860070042467,0.16540902389669895,0.07496284684789228,0.08551464597679102,0.2983970240270242,0.011156564210209902,0.3279187844799506,0.0006033908864717441,0.001997531603746783,0.0010829786544827636,0.018431851316785444,0.005820448073175481
W7006f3c66af00e6b0006,0.001377169366186927,0.0006402188642739363,0.18961576579252126,0.06425650012158608,0.07828657817045252,0.3387094055573694,0.005678910651547357,0.29117156561355495,0.0007111605672964179,0.0013766742025277058,0.0008959182743867103,0.018565093036777457,0.004672888312359544
W71bc87bb603413cf0000,0.08669809615738706,0.008118965545268291,0.01610226377804816,0.017795052597452964,0.055204993256618956,0.019739461757702085,0.011123188017558046,0.01648212152716722,0.006586335486909151,0.44573678871677763,0.010200604522059493,0.053587564520785454,0.04998045164733573
W71bc87bb603413cf0001,0.09732067261487017,0.004919447521073545,0.016036091381930708,0.016939183401601787,0.04355061416365075,0.009330023121002435,0.00956564311509397,0.01805512165004572,0.006721492433608523,0.4183915870083908,0.007440840220626143,0.030547935415161067,0.21035890022118875
W71bc87bb603413cf0002,0.05617486002423919,0.004030797243740925,0.01809746138073131,0.021121635049653663,0.06720111180927449,0.012672169299348984,0.008635828717182718,0.015917883368045387,0.0075794843422202895,0.40712741375664485,0.008709370084767687,0.04756196488699666,0.18240830667768732
W71bc87bb603413cf0003,0.049970250654777136,0.018566509683785204,0.025362199386458954,0.01956175608669889,0.16852435768936014,0.014673812762754524,0.00858690479016926,0.01479570304419557,0.007442190794501132,0.31520544305172926,0.008427931796054017,0.05573638919066194,0.17073009043623222
W71bc87bb603413cf0004,0.08075654644656559,0.005729843437765962,0.018461174291031564,0.0198123075742316,0.062091571167277405,0.018326475234526553,0.008874706516653738,0.013274828790098767,0.007409562796791173,0.39730006231103304,0.008009090192975774,0.051861854503573536,0.20486326950996847
W71bc87bb603413cf0005,0.10783112688746972,0.004799252994497614,0.02022727653240854,0.018010783009631173,0.05475352387989813,0.016623888502899368,0.010679106133980687,0.01500973172513386,0.007762304317509367,0.4146489861201968,0.0073490358743135455,0.0452191591709994,0.14480649223936234
W71bc87bb603413cf0006,0.040184453325218604,0.01790430208923691,0.018805131871540887,0.02290314076874406,0.13064653179400093,0.0160692068126954,0.00851332644795591,0.016381994848441526,0.00631689493105982,0.36623852238214044,0.009493102862912797,0.042926456539534204,0.15657969538779723
W71ed08969928aa290000,0.0014001412335681595,0.013888305773148639,0.3750063364528855,0.006416298600466198,0.012457988572438888,0.3948849810159387,0.0020769090008862096,0.0003205415469131995,0.0009491971126389155,0.009622053045331197,0.0011981300063348419,0.17057042766241387,0.007417025486728216
W71ed08969928aa290001,0.0006435657942552995,0.00023100439159724396,0.35802055025101287,0.0056215076430001995,0.008676759968290813,0.453382161536072,0.0027784867768397563,0.0002568100638847162,0.0007725986918173384,0.003470631305914779,0.0006693475867142154,0.16319509467515853,0.0007548714714473578
W71ed08969928aa290002,0.0015124099586320155,0.0007133004868346703,0.36036810851084156,0.006870886558793498,0.010563005976479635,0.46025435461263464,0.0023567961159689497,0.00019143614247250516,0.000702812932709066,0.006039043618597478,7.777501144081578e-05,0.14825439586052996,0.0007012894460090191
W71ed08969928aa290003,0.002293450001097076,0.0004462359230709188,0.3821250271309898,0.0055302654995180445,0.016514961636129897,0.40283608629649165,0.0026237086069797627,0.0005247577971259633,0.0009751647764934855,0.004936123406407818,0.00021725044484356422,0.17807050004908712,0.0009622021917520909
W71ed08969928aa290004,0.0006410143116545919,0.0002270240968562341,0.1685071931492185,0.005638058248754491,0.011889286817911753,0.48644334233879966,0.003003797011542651,0.00019309562569863367,0.0008251954101999895,0.022588851296031578,0.0001278346392622034,0.2951356999313737,0.0027755318076391013
W71ed08969928aa290005,0.0007175092159917001,0.0008806062556249303,0.29375998774598366,0.00551595537714461,0.016158587315618766,0.38696473489469335,0.0050148819862165525,0.0002125823618276,0.000875077783770419,0.0067433338205392665,0.00015967802784943108,0.28025828678175485,0.0010130874100308992
W71ed08969928aa290006,0.002116540744929823,0.00036142626581992486,0.3756837422886879,0.006182838627507425,0.017042993450353358,0.3536677569490918,0.0031926134248024323,0.0002994911209279371,0.000895212081034237,0.004205999609430951,0.0007315294269201306,0.2329553395801567,0.0008628193114582945
W72644c30a07b7c5a0000,0.0036179493895073496,0.5655778627191889,0.0011224664910843636,0.002520505361340081,0.0016745287731873264,0.001171786809470373,0.003266512533488011,0.007702796871478737,0.3714299045530826,0.0028740528675149876,0.03128476409924818,0.002557030951709598,0.0011143332661268089
W72644c30a07b7c5a0001,0.003800017961537919,0.8918042315388778,0.0016803752194766892,0.0025190828446140442,0.0005618442402522312,0.0020970959243888166,0.003263606749036933,0.006087834163849451,0.049396777116004056,0.0025092396683196027,0.028507577381276804,0.0025699903464827456,0.0016720824433851653
W72644c30a07b7c5a0002,0.0038001653674209694,0.5638725211839625,0.00112109392455355,0.001948865952705513,0.0008399202933831754,0.0010230155399087659,0.005296384836537697,0.00584397733839273,0.3727177853547576,0.0030593321563883403,0.03220080339306845,0.002890378326690748,0.0011150098811697846
W72644c30a07b7c5a0003,0.004077736417984159,0.5634794979031704,0.0011211606379784955,0.0019616667284815133,0.0005620993301460785,0.001023023248589133,0.005290889583875291,0.005511828730799737,0.37289985085280736,0.0030593177125243314,0.033033165328598485,0.002779217708469659,0.0011149889566548843
W72644c30a07b7c5a0004,0.004077735588666438,0.5656616068019716,0.0011211588349457555,0.001961722954051004,0.0008398755448803938,0.0013933847120158824,0.003078009187290639,0.005057514669873886,0.3729211053016921,0.002318587552401501,0.032478443287262064,0.002223662629978536,0.0016705833687542446
W72644c30a07b7c5a0005,0.004077857650653523,0.8866674608642334,0.0022368642345286806,0.0019568675108550407,0.0005621412616961974,0.0019489465021802225,0.0047875774585130725,0.004759763052605969,0.054422928776548245,0.001952435992089604,0.028635222988946794,0.0016796024797378227,0.0016709491127661748
W72644c30a07b7c5a0006,0.0038925497057225636,0.5666562323953045,0.001120861641347014,0.001961777776931329,0.001395768252397613,0.00046745804979096483,0.00335545484989718,0.006958085964184259,0.37275404062876394,0.002596340635209689,0.0319728225116133,0.0011125470827028012,0.0011150110137216362
W727940b18345130e0000,0.000187112061047465,0.0008448378431921636,0.0008949200937804811,0.00027933120408939676,0.0019653627812697754,0.0002794054396271077,0.0005884568070061773,0.9618835458011786,0.0011711644542750626,0.002700240301884778,0.015614471040223331,0.00037230081362879297,0.0014159583690530003
W727940b18345130e0001,0.00018705135037894941,0.0012182429765649773,0.0011814208158434597,0.00027940039550710175,0.002159343468669403,0.00027961710803034207,1.6930625860334453e-05,0.9637793315791996,0.0011733396155225425,0.0026141399714437177,0.014080074502001317,0.0003723209792796748,0.0005856767999997436
W727940b18345130e0002,0.00018941926203065558,0.0012174729526132158,0.002011550562537559,0.00028709488499330325,0.0018218565175009323,0.0005607904039368663,2.4634421206375925e-05,0.9670379439810389,0.0003762495780948994,0.002817798418749842,0.00876086607610733,0.0009302734617484986,0.0016853872485060387
W727940b18345130e0003,5.0462938912647014e-06,0.0012769262979919452,0.0018220186825846651,0.0007021261690000381,0.0021722477064964915,0.0005707045202560149,0.0028043623984275704,0.9618843429483765,1.3789613649167826e-05,0.0016037266947623073,0.005322483128769117,0.0005601322378927667,0.002162246770813361
W727940b18345130e0004,2.6355739509051707e-06,0.0014352297741518074,0.0009846810142699171,0.0009754363870021473,0.0030527654761301655,1.3987325946579252e-05,0.0054462264743674145,0.9444387905095478,2.549824005253023e-05,0.0025906527050977425,0.004788571574914395,2.204739190897089e-06,0.0029197667887880703
W727940b18345130e0005,2.2454842385474744e-06,0.00129935372785094,0.0006848959239872839,0.0005586088598574413,0.0015042653166142711,2.4888143180485687e-06,0.0007322009138192233,0.9655263090035476,1.3874962653396665e-05,0.0024682631312276564,0.005716880823699422,2.1853392506698742e-06,0.0017846047992272009
W727940b18345130e0006,3.2914126243961137e-06,0.001892793899727037,0.0015335924403320942,0.0005603664109675838,0.003625229793985946,1.3044890841493549e-05,0.00220119533080216,0.9084461547935487,0.00011645973197419926,0.003087789815849781,0.0053741619993345185,3.030937985786331e-06,0.0028456291361991723
W729325f0d9eaf9060000,0.012619063030979734,0.0012451491001378007,0.07884121823280162,0.017090010628781408,0.2670111575289921,0.013862860009101906,0.11948249604504986,0.005421423078866748,0.005852540041414673,0.07538190710967645,0.024956684904254196,0.001684628074464114,0.03703803614969908
W729325f0d9eaf9060001,0.013001704344929645,0.001595483410460514,0.10394504024381669,0.01361589109524443,0.23478192896916664,0.012690835636267387,0.16587032442981114,0.007944169994610402,0.0060508866769127,0.07388434309268829,0.025629967395885328,0.0017626897133855726,0.03608887833079736
W729325f0d9eaf9060002,0.012229276262359758,0.0014511689073104883,0.1018324259984245,0.014299070850519235,0.10209167581930274,0.015244248125726658,0.27735727356434053,0.0075747569916427525,0.00589942730774012,0.06372003958566778,0.02209810228645466,0.0016694263372978903,0.03501296423527295
W729325f0d9eaf9060003,0.01211410234720736,0.0011145022888665386,0.09637824214889783,0.014409710664571161,0.11967264056357102,0.015808090380391472,0.2126537241902239,0.007532961373851311,0.006269945365738421,0.07661127310200579,0.02208829830714487,0.0016110934321541918,0.03244288445057505
W729325f0d9eaf9060004,0.012369078242663119,0.0011762601323394035,0.10294543997504826,0.015177492558018615,0.14677759975769308,0.015831610968066557,0.20902688936016148,0.0078411733187902,0.005785205434450291,0.06813596368151045,0.02293092009157358,0.0016666545892861317,0.03490151637266388
W729325f0d9eaf9060005,0.012669747033330755,0.0011328843546932635,0.09504135502689408,0.015497850960723219,0.1606930868086937,0.014280203907235408,0.21554752179272685,0.007987939182498936,0.005909611512927574,0.06244726871538562,0.02215292653315269,0.001626897756946892,0.03469773414095946
W729325f0d9eaf9060006,0.011982012105822224,0.0017129895466110204,0.08863374693274532,0.015238642462610436,0.13621337097076408,0.015682839948472273,0.2156561668448598,0.0069128129754838655,0.005391964209725843,0.07873812375860834,0.023064140271570742,0.0016493824572422404,0.0352988098518774
W7323d1ca6e11182e0000,0.000190642968011488,7.121540044971105e-06,0.1605880907553772,0.005826077479848227,0.006398281968687508,0.7389939680298786,0.002513669526513125,0.0005634303738597175,0.0002855880338882225,0.002412928512287354,5.846927109526395e-06,0.0798579323295696,0.0021633992118097168
W7323d1ca6e11182e0001,0.00019033911511909759,6.261248075147092e-06,0.061054977057585634,0.006922896610365559,0.006439395928952068,0.8316638501274102,0.002882052035226378,0.0005629704817033093,0.00028419475176740406,0.0029681797916400734,5.070542550790973e-06,0.08405070457519447,0.0022205876709527925
W7323d1ca6e11182e0002,0.0013021559361698568,7.530780919479734e-06,0.15119658526330237,0.008235138664018564,0.017047880187008976,0.742252866329796,0.002945948185266782,0.0011199599519190855,0.0002857686959329527,0.002226905021288485,6.0917076081220745e-06,0.06960507637952455,0.002186621950035566
W7323d1ca6e11182e0003,0.0012999876164229483,4.698486842625696e-06,0.06876270248088552,0.006219381727757594,0.01144684737930335,0.8460318861193423,0.0028219067630865066,0.0005611201793708304,5.022702445310092e-06,0.00018869805392861307,4.634133342904371e-06,0.05958840614471361,0.0013007491265234568
W7323d1ca6e11182e0004,0.0018553136898849796,3.955570818985078e-06,0.10849413672436088,0.005470235497113642,0.010773920874234757,0.7990801062710757,0.0022290118842894493,0.0005613009128553036,0.00028195345857979836,0.00018799766586364444,3.189633720004556e-06,0.06841513131582296,0.0013436063731928718
W7323d1ca6e11182e0005,0.0013046121604534894,1.1081914070324283e-05,0.08443175580858757,0.0053345637314628465,0.011406579038860715,0.8238437823918892,0.0022349689291244995,0.000569224583807127,0.00028940004236292576,0.0001913528079643585,6.374731418971871e-06,0.06703682743424798,0.0020321315642183977
W7323d1ca6e11182e0006,0.0013020990785702203,6.243576412601194e-06,0.19310454083348122,0.00744078446662279,0.018810572892183818,0.6884765044280448,0.0028262419673416484,0.0005628616735306127,0.0002843806222077389,0.00018953615695781022,5.070869369861918e-06,0.064699769968488,0.02015477579037902
W73ed5859f924416c0000,0.0008726247245011557,0.002370419009599536,0.01169123530142429,0.01349706514214042,0.0076597205539537016,0.0014430675240265207,0.007591885875112087,0.005937198385009862,0.0037525893604093896,0.04464104723661129,0.014455317531851296,0.008034553264749413,0.037863061882719914
W73ed5859f924416c0001,0.0008426833931664356,0.001501525901458352,0.010638936272446328,0.01080411856708774,0.004133380133877694,0.0002903535162105286,0.006144260942639981,0.0034594449934215324,0.003901685828873577,0.03657320844843112,0.016185955184526285,0.00911433565900284,0.023388495781532518
W73ed5859f924416c0002,0.0007496371312284883,0.0014953577129421449,0.01095152756834361,0.012830983541727552,0.003486157703452848,0.000844116914859098,0.022301158402964222,0.013235174603154739,0.004596530196054044,0.033221977429072846,0.014565304387064952,0.008281981397957147,0.024081645205132993
W73ed5859f924416c0003,0.0013083569785658942,0.0013135733258616503,0.011269934887960601,0.01232632513598314,0.00469237921234728,0.0008560245891234283,0.02541758185740113,0.003045845784243218,0.005572039718353564,0.032851592234763125,0.013300942361014785,0.006900531266250755,0.022790091127812023
W73ed5859f924416c0004,0.000566391842085544,0.002431076582289889,0.010548753334288404,0.010850222191166162,0.004410540590884263,0.0005694643357423187,0.00822486557705893,0.002114385301701773,0.004550810669663197,0.03656855395976458,0.014030454410639829,0.006520635567534546,0.018141033070218943
W73ed5859f924416c0005,0.0005645922407739403,0.0014982104193041253,0.009355900512527951,0.011219986155667374,0.0045972085087114065,0.0002878092170337988,0.008265622763299207,0.003229072189379664,0.005984910894898781,0.0385463467194617,0.01414017021588337,0.008002153623224992,0.018693805194289877
W73ed5859f924416c0006,0.0016966276880714438,0.0026105558019654854,0.012601459584354591,0.014650757490859045,0.004137037356049117,0.00121916112500902,0.00771700384538353,0.003424079569340078,0.006403887684090973,0.038262496971544366,0.014754361153587732,0.008012325247816844,0.01731021780151133
W74a550cd58cac66b0000,0.0008397121426645325,0.0264515303010084,0.012870512147125666,0.010551623175734909,0.021844601221852878,0.2605445496873414,0.578970310425173,0.029586792882393964,0.0012546497137684075,0.007173126989006532,0.011585427899979591,0.002328324349098248,0.013637771004158571
W74a550cd58cac66b0001,0.0018751643176360736,0.025880266628240223,0.011975175029276884,0.01037268930151945,0.022974936583794865,0.31821305560180513,0.5053213889727026,0.03185979450660865,0.0016710786714820586,0.01054109503157378,0.01296518431336872,0.003423210776771874,0.015606607330897124
W74a550cd58cac66b0002,0.0004690659842038244,0.02642282843781205,0.01159557287505742,0.008329685897417444,0.022153839386077272,0.30095054590737114,0.5374672234487948,0.029675433390877012,0.0012549584916248765,0.008875721400051809,0.009338766599169107,0.0028750445876572165,0.01545662921756145
W74a550cd58cac66b0003,0.000692805516923623,0.029243728942874102,0.012568596003776977,0.010552142656393482,0.02199512364053359,0.296346561268939,0.5279055998522022,0.03192174511193858,0.001115590627544378,0.011520430298335339,0.011215156936813906,0.002400633628165749,0.014634856647222876
W74a550cd58cac66b0004,0.011737290521600793,0.023082117630117978,0.012471182412847084,0.01323839218852584,0.017963242236557778,0.22516591263729674,0.5843634121097232,0.028354778843025112,0.0018100189083534138,0.010503573746456024,0.02104755625969535,0.004539892256961381,0.02046006518094652
W74a550cd58cac66b0005,0.004235943828563286,0.02419510405583386,0.013119076040003605,0.012580066625577637,0.019840250395366934,0.28060898182466537,0.5477665615620578,0.02890904206247311,0.001115611806891714,0.010223562523390092,0.013458859700150939,0.003812426607371463,0.016442798495675585
W74a550cd58cac66b0006,0.0004690591886682685,0.026429694987270148,0.013952094664014692,0.009415914465741866,0.019807643410344182,0.3274943311373661,0.5081167026843587,0.030506042959756556,0.001115621366931175,0.009980468847098481,0.009255804810281324,0.003431390593046643,0.01450789712928596
W74ca5568fc785c740000,4.044111021296428e-06,0.36237090244723663,0.002149030258275016,0.0016015556282205233,0.0024266172039737713,0.10391368072782338,0.0014960783756126329,2.4276734461272493e-05,3.847230857929283e-06,8.465927258736638e-06,6.988717874716775e-06,0.52408308244346,0.0013410034157220134
W74ca5568fc785c740001,0.0007081755733172585,0.006272263069204133,0.006883196484262385,0.006693552116979696,0.05945670138573694,0.28529100908637933,0.002304865456429337,0.004929563169379808,0.0006991330082145208,0.0018880855262235596,0.0016447125289130754,0.5822559141634488,0.03904720235104794
W74ca5568fc785c740002,0.0008408142779355301,0.006718615784480458,0.005484435893925588,0.007265114232960103,0.03538018435479475,0.3235014338280805,0.00330738157031616,0.005886444120002385,0.0007273671828591653,0.003684057684416393,0.0016230564615944967,0.560091907280157,0.043071903350118436
W74ca5568fc785c740003,4.042020231023366e-06,0.36276280996433863,0.0014150834726324255,0.0003053056634845612,0.0018320447817964098,0.10930834926740103,0.001675091834185344,2.9055688922067094e-05,3.496705514543014e-06,0.0005639187022376921,5.966824372031683e-06,0.5200313140185344,0.0014988211903659476
W74ca5568fc785c740004,0.0008435829976700495,0.0011048599708120637,0.008570617130353241,0.008454712076022145,0.026689061836157605,0.33305693364785205,0.0018499312465710565,0.006007189349979272,0.0007297731920071988,0.004169656331523209,0.0013419327426182457,0.5581252358205074,0.04610420483237136
W74ca5568fc785c740005,4.0387173273961715e-06,0.3624626693437844,0.0035422486635550182,0.0006839311246018476,0.003807970907020616,0.11054807252866418,0.001126345352045666,3.0263035816632173e-05,3.494186817530511e-06,0.0005639111610980798,1.878793510254138e-05,0.5147221103043056,0.00247743595457941
W74ca5568fc785c740006,0.0007479505951202537,0.0009796480123682883,0.009430651736578491,0.005755662058121514,0.03384036804555476,0.3304968068422091,0.0011841066141024409,0.005324700976478885,0.0006470432164814256,0.003868526633661114,0.003862716974271681,0.5562279723901313,0.045361944437469194
W7557edb163ff1ca10000,0.001718102576937544,0.00030694880995878735,0.3316367109493869,0.029209721888101635,0.13963229248347075,0.16465183729825086,0.0065014818828929965,0.0010338364869551544,0.0008682074093266934,0.0032205281943234534,0.0011129005133100334,0.31024003253703786,0.0065424800003120185
W7557edb163ff1ca10001,0.00123783828175129,0.0011682587486125573,0.12093797709958379,0.02803118161610606,0.04755134353594495,0.18031357908562368,0.007387050065126088,0.0012135296976709042,0.0011744852653655788,0.005116770416831435,0.0018536385830827016,0.590545683247445,0.008956694770794624
W7557edb163ff1ca10002,0.001210218385799778,0.0011322347008314573,0.14847810938763978,0.030102518302132973,0.07159675015690475,0.16978866299129897,0.006196631302729037,0.0011869017384254787,0.0008702093700281765,0.004474243370530952,0.0019055293833494646,0.5509002177085474,0.006795912766542605
W7557edb163ff1ca10003,0.0028211267435210687,0.001058715112288082,0.1209768448346274,0.028517398178581125,0.060403647002862854,0.23651304890138164,0.005946327845052708,0.0006026595451038661,0.0007832808043675432,0.005960899561072011,0.0014198959025855254,0.5225253111341279,0.009427624016067051
W7557edb163ff1ca10004,0.0016981423825369942,0.0010440642802520825,0.2371396804907083,0.036511241043520326,0.050198860208157274,0.28868582970911705,0.009827705731462027,0.0011240489342042089,0.0007719844386722131,0.004225839994529408,0.001117176134636515,0.3567612278342509,0.00791707751442626
W7557edb163ff1ca10005,0.001210489210589597,0.0011324883187070216,0.23570765083512016,0.0302173563576532,0.060386296516433215,0.25658947142952593,0.006737487069150898,0.0011871965683205679,0.0008793853386343597,0.0045460771138853655,0.0012463620424163387,0.38911332055188597,0.008229804563300346
W7557edb163ff1ca10006,0.0019164551774775642,0.0009653236915167612,0.20557977753855047,0.0355883383699238,0.2074185896273227,0.10786193348955676,0.006022427179514522,0.0010047107674468047,0.0006889453404421694,0.003405624487435604,0.0011139483437084153,0.41938013622469034,0.006109469046744501
W7575a97fc8a0191b0000,0.0005782465260436478,2.4985731391851243e-05,0.026039041582564183,0.013765419643517298,0.005028904040312197,0.16750530971142788,0.003219916745872196,3.7485901269477206e-06,5.1148862084111564e-06,0.0008375051256361396,7.025809910550435e-06,0.7771113486418707,0.005867819385088988
W7575a97fc8a0191b0001,0.0005646353215477734,0.0008402930913536447,0.011090575404269222,0.01741043752674685,0.00514410384173375,0.15150130026641206,0.0008445579159122509,1.4957200645849239e-05,5.456712164674666e-06,0.0008373678484270964,3.5137076107410837e-06,0.8081732450559352,0.0035639805487418176
W7575a97fc8a0191b0002,0.0011166651279360697,4.121088779562058e-06,0.021049867464761934,0.013557164872318206,0.00407311607943059,0.16114906836162748,0.00112426184330518,2.6827798386233175e-06,3.404398218839202e-06,0.0005578066578991268,2.155124040476281e-06,0.793627835813254,0.0037291769722488104
W7575a97fc8a0191b0003,0.000561036561887635,4.23220165643696e-06,0.02818502121608117,0.013320830632372044,0.002957998080565146,0.16872695542336832,0.001127025155670512,2.503234970208598e-06,3.0516586982531958e-06,0.0005576897738845413,2.7068424338080327e-06,0.7816238973376707,0.0029244777685153126
W7575a97fc8a0191b0004,0.0011160908878460542,3.762289969679797e-06,0.010259022337269453,0.014606034200397716,0.005134216359607807,0.15433876979691563,0.0014424760897286514,2.860840577030209e-06,2.973335142955136e-06,0.0005577287219082103,2.0486971435405856e-06,0.8085265841814295,0.004004841616616851
W7575a97fc8a0191b0005,0.0027943792496596346,1.1748751603026104e-05,0.08734073754570087,0.015173543980982878,0.006919865992842956,0.18295973801155502,0.0018704438740676076,2.8114439767347296e-05,9.257569457441252e-06,0.000562193064146566,5.88651572352763e-06,0.6982486096450196,0.004065673619169423
W7575a97fc8a0191b0006,0.0011173676912921945,4.452702093235191e-06,0.30643537081566175,0.018120622854865376,0.006439549223146807,0.16648070927716643,0.0016868212997297352,2.5511206608023198e-06,3.1332892056528297e-06,0.0011132718034273124,1.995000049396529e-06,0.4941173762295187,0.004473944250419734
W757e2d1c9dfbee5c0000,0.0005713492997814117,2.003987254050919e-05,0.009087549827933404,0.000927210318276087,0.0015658670253755227,0.8391713328963636,0.0031064074253754786,5.847353465793454e-05,0.0002013460286544088,1.3972073061251533e-05,4.826464020304001e-05,0.14231929302093452,0.0028809991837463176
W757e2d1c9dfbee5c0001,9.522412194177387e-06,1.2731038114915045e-05,0.005660502294693879,0.0012676608666650259,0.0009194477573296222,0.8804114941064363,0.0046838376763221,9.41252556543751e-06,1.024331209021904e-05,8.853664464598181e-06,7.554654219784465e-06,0.1037329143842829,0.002692956186909883
W757e2d1c9dfbee5c0002,1.3451151748678963e-05,1.7983581459570685e-05,0.007812173190585896,0.0019418433964868342,0.0015103460510319303,0.8726940116325296,0.004985183015009457,1.3301933863426408e-05,1.4469424439760371e-05,1.3683093947265377e-05,1.5233392326915499e-05,0.10663676808680711,0.0028228799408514956
W757e2d1c9dfbee5c0003,1.0117334867227234e-05,1.3479534568050511e-05,0.006253511898477138,0.0012684733100111214,0.001476003757197241,0.8751159817443624,0.004696759291686751,8.807355729393725e-06,1.0835888875085787e-05,9.486727884139003e-06,1.1253001771345835e-05,0.10842399904933123,0.0021297141337211353
W757e2d1c9dfbee5c0004,1.051559482472051e-05,1.4058871664713003e-05,0.006995307856043316,0.001270878108158422,0.0014440758927610157,0.8803716392996098,0.004407658677902572,1.0394392849628542e-05,1.1381297121589666e-05,1.0206476262463456e-05,1.0854367796778869e-05,0.10218531884691391,0.0026835189708496166
W757e2d1c9dfbee5c0005,1.2474345831003438e-05,1.6619632900844564e-05,0.007643750047286638,0.0010098791430479133,0.0015268374809551863,0.8753516731394004,0.0021015303922248714,1.227903009545336e-05,1.490131497428282e-05,1.169669136424254e-05,1.9270859708949236e-05,0.10954037351180358,0.0017935308040149033
W757e2d1c9dfbee5c0006,1.2408082385585782e-05,1.6531434298879786e-05,0.01196138254785913,0.002119495198956057,0.00229893012556083,0.8756441491097118,0.004144261952255817,1.0801428847796344e-05,1.3289028480040386e-05,1.1605557251988667e-05,1.859547673873674e-05,0.10157946017636464,0.0015939515793996265
W764bbe99e72ba4c90000,0.0029378377749808195,0.0009614126040491536,0.19550189145767752,0.022409808935805863,0.013234320716005749,0.010699337158366145,0.00745451090720543,0.006627329625464042,0.012794390731517622,0.009728466964197073,0.037630703434723,0.0024865306145632642,0.032540043700446226
W764bbe99e72ba4c90001,0.001308243793249895,0.0009831844800776062,0.31414658540871976,0.010324519709458961,0.014514102319004449,0.010203016674045636,0.005442756366607754,0.008186540520119584,0.011124884051814594,0.009166636516939249,0.04184772240950874,0.0023887695413111823,0.0298807082263657
W764bbe99e72ba4c90002,0.0032932649366368724,0.0005500428912072828,0.2939524962483509,0.008562936990227511,0.016023238982892988,0.0046066672275032255,0.0069767443980736305,0.007181066212020964,0.01202678552051127,0.015500894046963835,0.04475844207912166,0.002046022473168986,0.028935469913721184
W764bbe99e72ba4c90003,0.0023645506371974853,0.00014685319680408967,0.22511639366856384,0.008400374176980146,0.013464733753314901,0.003446839265765752,0.015254783527993185,0.005185996475374945,0.008669494618940512,0.010605991856540022,0.04054644706815901,0.002319727723503818,0.026941778892593266
W764bbe99e72ba4c90004,0.0018195325932716542,0.0005493320509535867,0.19980179069872495,0.009434590029352903,0.014222212824863946,0.003614107613362601,0.01513595406527809,0.007126849043048694,0.010079970599468174,0.010783518757833116,0.03923573528088598,0.0026233676425142347,0.02768609188466628
W764bbe99e72ba4c90005,0.0026233605161932096,0.00019892882458751734,0.194248196022489,0.010664106106190105,0.013345439091585743,0.006975746070145475,0.0076977787356879756,0.007386812241535903,0.012045830636604894,0.014344113900191491,0.038211499318634504,0.0015242391913826434,0.025578329207172557
W764bbe99e72ba4c90006,0.0015232927564162258,0.0007253659886699375,0.22369290974202705,0.010325545630006944,0.013000836754602313,0.005584797544429633,0.006033308538763708,0.006392727058355749,0.009116978712218088,0.012700508650667098,0.040915564478277544,0.0023280548421047015,0.020375829510915364
W76ffa8ac18f801550000,0.0005629983375147631,0.00028607519870131636,0.0072653014400572225,0.0022326648849466976,0.003898685582318851,0.3514220571582992,0.001123270722679646,0.002470345336744218,0.00036104134134942257,5.56882199952203e-06,4.8379281932348065e-05,0.620127934751993,0.01002769914152426
W76ffa8ac18f801550001,0.0005603179027881851,0.0002807673796052532,0.010696831946193567,0.00046540213688745185,0.0019020709241215168,0.5263128356571491,0.0011141798360838145,0.0013922525649769065,7.269627469088233e-06,1.7399150548832453e-06,1.7342931268603534e-05,0.45127320727908865,0.0059736292884137
W76ffa8ac18f801550002,0.0005582694145871335,0.00028061578657108426,0.019792685855635987,0.001227957857182293,0.004287878227139131,0.6913584787825927,0.001113940847402727,0.002780770064990406,1.0734692435459395e-05,1.6602724039398254e-06,2.4396296036405674e-05,0.27463841535370676,0.003922259658216226
W76ffa8ac18f801550003,2.7311027350017477e-06,0.0002809619792705445,0.005984449260956652,0.0005862110433834759,0.0033300932453807866,0.6788730732440919,0.0011251865322912987,0.002781270125526036,4.1726110130458775e-06,1.8408648118639151e-06,2.5320837084934485e-05,0.30230564919406444,0.003585405267869607
W76ffa8ac18f801550004,0.0005596611279429156,0.00028089193011010603,0.008714610593137643,0.0020299407103122106,0.0058159680841032985,0.7210450054658258,0.001686074767459156,0.0027814724356960453,9.22116008706231e-06,1.782314841128644e-06,2.838271846719505e-05,0.25222209090736036,0.004821961239668166
W76ffa8ac18f801550005,0.0011152790738904203,0.00028149068042291676,0.006626002246035118,0.0003044656517937277,0.00447763023772958,0.6646122742235733,0.001672304628088774,0.0027820208496357676,0.0003557481433648889,2.1194145907993676e-06,3.591937402298915e-05,0.3132337044764334,0.003386392183142136
W76ffa8ac18f801550006,0.0005631944742188458,0.0002813209458627748,0.009313176328746448,0.002001068535900271,0.003966386769338249,0.774222507718003,0.001119689376009572,0.002782698863527189,1.5013214229984682e-05,1.891498925535302e-06,4.420440202835821e-05,0.19914995028921384,0.006535662761418829
W790478c62835aaae0000,0.0067000184672018565,0.0011762087819458251,0.024393345031170598,0.24780423882382854,0.07623012752798874,0.019223550283949238,0.011482787274720425,0.5382091670097969,0.0016509429108490362,0.007561683058358705,0.006708051525355406,0.008194216611362142,0.021063682509454507
W790478c62835aaae0001,0.005580936442412688,0.0006771353067443464,0.019710092722734506,0.26295249660416076,0.06622980563331947,0.014355396776638253,0.014856550765803363,0.5331923299737948,0.0021767091780453872,0.009153263176322136,0.0059047739131696505,0.0048505213582860345,0.035659234767055126
W790478c62835aaae0002,0.005610379973134902,0.0006361368679420101,0.019137641230947914,0.3264420010009555,0.06238281845109308,0.017621486828013285,0.01679800043945051,0.4903288454866867,0.0016129304198592709,0.009319892867505897,0.006269258084006386,0.004262873648470775,0.019959762365207023
W790478c62835aaae0003,0.006353473652014536,0.0007836763964707414,0.030811727495605963,0.2910650390730153,0.06731340419793665,0.030039689882112006,0.014519089753495553,0.49563709183570076,0.0013474557784889085,0.00940578163615792,0.007360495932828474,0.004351986976923371,0.023690703813077512
W790478c62835aaae0004,0.00791162756717078,0.0007094065728351381,0.025797912265515956,0.30779528057637395,0.06456753318060163,0.02138018857671193,0.01633265770253324,0.4978873130946108,0.0013387878905705532,0.008851235506440906,0.007305303975056107,0.0036325704077862183,0.018692720106993785
W790478c62835aaae0005,0.009562287795110992,0.0006565871339788181,0.022361844032720662,0.3198622830658957,0.06735083914218132,0.020204608641798082,0.020946341667301343,0.485911191348727,0.0017040178368962673,0.009946160609459392,0.006712297792285508,0.004765654694396117,0.013508535705612472
W790478c62835aaae0006,0.024213258853667825,0.0009659421654993488,0.0419290339326543,0.2931392015945272,0.055468450463748736,0.032638454992901245,0.008916883461948076,0.4716266789716666,0.0011786546573736363,0.011993805364667433,0.011298531874364845,0.005071430724325922,0.027341346007041932
W7a583d6765fed99a0000,0.06086495203885938,0.0031049516933244832,0.01209672610173783,0.004358353611315932,0.012274053944996288,0.004401747560237906,0.003557006503348598,0.04058148509552665,0.24762451068531086,0.4262709351021361,0.12030247332120901,0.01545298808156686,0.013056038244405209
W7a583d6765fed99a0001,0.09197797066869653,0.016521914636248473,0.009849651648656955,0.003935425765400609,0.012682729756250235,0.005473448807156509,0.003962683226264399,0.035771961933315846,0.1996408867822719,0.44556132842675594,0.09898060142261163,0.022030462542996426,0.018589116874091167
W7a583d6765fed99a0002,0.04347353136478497,0.002035425672995348,0.007159091671065907,0.003812880785679914,0.00883051867559511,0.003671030983469719,0.0025740265268699163,0.044691841020392704,0.49667353025487976,0.06780616272242673,0.2652738628620633,0.013617102398585884,0.013734662892196029
W7a583d6765fed99a0003,0.04719836006457752,0.0025358886703962854,0.012592522273196207,0.004958038838092712,0.011645177291368693,0.004960883750607398,0.007191486614579607,0.045445223535185764,0.4795039923181237,0.18015201414066387,0.12676465667366998,0.019921683144460654,0.01650092205563693
W7a583d6765fed99a0004,0.07869374685025761,0.002625233824814416,0.00798797250272716,0.0035744188878836956,0.008404593950845123,0.0039026476024017166,0.006915975463010146,0.045535876260451136,0.4812890314137298,0.06440786484721243,0.2419980111404089,0.012680990194481934,0.01526767385637156
W7a583d6765fed99a0005,0.06082826305596617,0.003078260238310239,0.012930235338994463,0.0051372118047722385,0.012231335647196629,0.005033931082004667,0.0029130567416804313,0.0466420269408848,0.2768260108760154,0.3853447293005879,0.11868848136584279,0.023265320818746816,0.014786578003003273
W7a583d6765fed99a0006,0.03880517702825121,0.0020774511454579743,0.012806550016738673,0.005636339288846777,0.013527215382155585,0.00599808323554021,0.003159904274978278,0.047535147929147266,0.20852643464480725,0.4372673807706067,0.1478494500139458,0.020990682921939615,0.01599781382294174
W7aebe5708c8c9c110000,0.0066654253648967595,0.004332516906709962,0.19925267146418615,0.09602565415193257,0.07656693128007527,0.025631849010149078,0.035935187358572346,0.022075342624292456,0.0049814843383658505,0.06886733863967409,0.02317576156932974,0.22983260486391147,0.021980185268342275
W7aebe5708c8c9c110001,0.0049695885816780925,0.0025412955372343016,0.13352227801943883,0.24826998961525884,0.059781108060184295,0.010659426630727345,0.029058804787166954,0.00991209729932212,0.003234133738337873,0.06243073715005685,0.011466926718283407,0.33239372602162076,0.017297187349749683
W7aebe5708c8c9c110002,0.00562883151864959,0.004392721751202733,0.16318805810370204,0.38538892630178,0.06742793599772598,0.022509215897943313,0.04975910550913978,0.012162755970708511,0.0046334332369992485,0.06741785319993027,0.015386373677986467,0.08615245449964554,0.01916161159374759
W7aebe5708c8c9c110003,0.004192773160549721,0.0023840500432982382,0.12877563760066035,0.5161858652820888,0.05634417424774583,0.010654440874703835,0.0876629166632773,0.012498671258749929,0.003876147129329206,0.06708527680114057,0.01025101831900407,0.011190400712784614,0.01684653009421125
W7aebe5708c8c9c110004,0.005977469371735372,0.002634558204150157,0.13918118025609508,0.5068215154483587,0.05805920779873037,0.0164222820524907,0.07318747899446842,0.017510672789154916,0.005109412307260507,0.06323403993507191,0.023696051951823,0.011260703188456333,0.014505618467461795
W7aebe5708c8c9c110005,0.004382833647925284,0.005900901297186487,0.10709796627134771,0.328339733663395,0.0726685391516586,0.07181170265042786,0.0252459828501825,0.02686819622323739,0.006825654683917758,0.0657148335941142,0.030347367481532238,0.1094911313017421,0.015808166015225982
W7aebe5708c8c9c110006,0.003980439639119579,0.0045588392322946595,0.09852127358147937,0.21857051486999804,0.06173238984085252,0.08943138430631249,0.18465478303166394,0.013186996960711161,0.006320972601252948,0.06663843177482716,0.0239427194340181,0.06045661600610606,0.015014253396816645
W7c0ec7abab1d4b1b0000,0.01450637025634978,0.00042093310111898565,0.11811081548531616,0.05396674133583596,0.4327990335384579,0.25311817451904495,0.04229071676581106,0.016868827884039178,0.003005487103681727,0.013978073344017046,0.0059234555866087115,0.013833015356440381,0.013033973002433119
W7c0ec7abab1d4b1b0001,0.014521745519732598,0.00041673985426396524,0.11198371673076842,0.05388217901755316,0.4265187433597415,0.1626897295831032,0.14773883118024642,0.013112204962597058,0.0034106916573990293,0.013579058854756838,0.0059172632498045745,0.013269895709073712,0.011483162237528313
W7c0ec7abab1d4b1b0002,0.010064468400688599,0.00038672059857706824,0.12036458194929273,0.04949729069636886,0.42769469323845444,0.2179770786967027,0.098377266036072,0.0047132071250602665,0.0035372959904436713,0.014957684167744149,0.006734736738160177,0.013792778558644742,0.01134966334652287
W7c0ec7abab1d4b1b0003,0.03702778550503483,0.0010974545981376196,0.17931399864378086,0.05503375300584821,0.39217840120258385,0.240875785948409,0.017892032836497665,0.0031175429074887036,0.0024472396494069765,0.017628951831566805,0.013394150682836716,0.012229987657527188,0.015126293642825557
W7c0ec7abab1d4b1b0004,0.03389618558068531,0.0010276781298385342,0.14902884793806848,0.04443667051107985,0.39297648517783196,0.2760350107440932,0.007183340788391868,0.014616188673986766,0.015202127619262625,0.015691587227226782,0.020515691624512247,0.008879961738231634,0.010556254216202383
W7c0ec7abab1d4b1b0005,0.012302188372854198,0.00045390586154630446,0.2116742298697797,0.04539243745835664,0.4221566718076541,0.21328219493597053,0.009377334707590298,0.01813681128300122,0.007622095749594723,0.014789278756812576,0.007882179317029739,0.011196472350265434,0.008431018211432653
W7c0ec7abab1d4b1b0006,0.010373789249467654,0.000547695289323508,0.22421858383008536,0.048691226150777686,0.42971805502516797,0.19939783305545714,0.012232689116131878,0.005812733006698623,0.0031142014997188323,0.016855987808059934,0.006876849905130436,0.013060715897598597,0.010138558198043369
W7db60bf6517a53a60000,0.013429041051021913,0.4743312358160129,0.005982730758393619,0.005747098622600716,0.0105108077266053,0.008582647309655817,0.009922622355239724,0.020634568552239847,0.3791617975743734,0.010700177532035149,0.047277324617567576,0.0023160000467101352,0.0024086725519538825
W7db60bf6517a53a60001,0.012319510699826512,0.4724244926492531,0.007533656505182868,0.0076881975475426,0.010510798133788442,0.0070556666386403415,0.013799203611922141,0.021131289189567224,0.3767046392146667,0.01126383333689513,0.04705557273743503,0.0017606766322595668,0.0033808975051667326
W7db60bf6517a53a60002,0.012317320390854487,0.47042642593462014,0.007948949565632649,0.008057656369842943,0.009122165721330924,0.007933173468974451,0.011033072882316797,0.02285200285471591,0.37807230062197106,0.012369823224051904,0.047262885596422596,0.0023161416307537503,0.0029642269343802025
W7db60bf6517a53a60003,0.012319581824419567,0.4693340604680108,0.007804657597417071,0.007503191664727728,0.007871877469334973,0.007101664964760617,0.013534466110327196,0.023169451542557847,0.3750988156177045,0.01071641874979672,0.05238559207066701,0.0023160723221304336,0.0029642624710417634
W7db60bf6517a53a60004,0.012320848742605826,0.47130414353400985,0.007526929990217927,0.007503661039961621,0.009816358320399853,0.006545633358608815,0.011855447493683086,0.022147720784485167,0.3729988832967094,0.01128123934560317,0.05252040802941915,0.002316034786343627,0.0029641638296273084
W7db60bf6517a53a60005,0.012872466028229777,0.46450915339311477,0.005030788720300425,0.005556718732627224,0.008371904191138445,0.005153078636906662,0.007965749606636615,0.026170113027792232,0.3873896014008136,0.012734681523131364,0.054143201210468804,0.0017605065376873376,0.0029641326075918084
W7db60bf6517a53a60006,0.012872735191947504,0.472108712447519,0.006972518887963393,0.006390369417221022,0.008705145429805244,0.008486809449979333,0.010465827415081466,0.021839943772729666,0.3783007271375459,0.011810319692205144,0.048609960059049474,0.0023160295469973743,0.0029641323944564766
W7e5726e04f4f70af0000,0.004920680444178022,0.0010240293717624252,0.04269003748762868,0.08745060756452701,0.09337955229240666,0.0850175048219266,0.00964345953021288,0.030372549354696337,0.0015664007305077527,0.002503316482376227,0.0034908178124696,0.6228090777999358,0.006051912862514325
W7e5726e04f4f70af0001,0.004531709541877118,0.0009167546389533049,0.045258244851354774,0.09270324729864433,0.17038884126852297,0.3357919269837046,0.09004065402297402,0.03056301856740493,0.0011438044192437966,0.0015928756378066726,0.004413710502883614,0.20996548373102844,0.004695164350841095
W7e5726e04f4f70af0002,0.0032234453223836438,0.0008595743073331403,0.054521192669872286,0.08010084797223767,0.15307637957399386,0.32409497733778336,0.09388518209470126,0.029900689581167674,0.001395250850752491,0.0022896735464954117,0.005339703056009359,0.2379955549387205,0.004204692031973452
W7e5726e04f4f70af0003,0.004246497151337478,0.0010941843946034372,0.06561609551312103,0.09527441068314534,0.17529510930642989,0.33217233226976833,0.009114410156270998,0.03007198745411253,0.0005287619464799806,0.0014484152207699483,0.004749549988728347,0.26982858484921785,0.003487557853304017
W7e5726e04f4f70af0004,0.004889715110763795,0.001178027269819301,0.044416654422393564,0.09531832608088046,0.2941445846287551,0.2905843728287155,0.008077824394275936,0.03039206930484264,0.0005826553268032551,0.0015119175858428057,0.005361136259676584,0.21029901297036693,0.003859908357570184
W7e5726e04f4f70af0005,0.004014065075242075,0.001282829392602035,0.044749843388989935,0.09183671860251767,0.2018007664061304,0.24225566096834095,0.010161452361007432,0.03052899810597357,0.001487330406384467,0.0015915541977486233,0.004963288455048731,0.35077427617813733,0.004355463456512356
W7e5726e04f4f70af0006,0.0038761351299640857,0.0013425898819531545,0.047090041804996215,0.09742252628980384,0.1741559730877841,0.3260756332364613,0.010052770404580993,0.02999064595736731,0.0015227443120978646,0.0035993577083070602,0.005640199720795102,0.2851823448025119,0.004419199469083987
W7e86cb0d38c2eb570000,0.8783529616486585,0.0011594654580016966,0.02084978565935619,0.014752251732155035,0.026252143633342138,0.012199449507978848,0.003400792950163925,0.0011145167026232756,0.001408068431333391,0.008614312256925678,0.0058390885731099025,0.011307703729793846,0.004692839493923559
W7e86cb0d38c2eb570001,0.8738681263560385,0.0011471547336385712,0.02546271766076268,0.012460257013096963,0.02625306852855165,0.013688875800989703,0.0029666930751573767,0.0021336687864068025,0.0017693458271706504,0.008522773108533475,0.0061159809382435384,0.012606251719761647,0.004460311434025197
W7e86cb0d38c2eb570002,0.8885662131973208,0.0011398431884220995,0.01691302964375446,0.010673002968033382,0.023087355270727947,0.008984853223769351,0.0029533188260847435,0.0024100370637689717,0.002322391442796601,0.00926392321665291,0.005748110359326959,0.012511173814923107,0.003902358165470019
W7e86cb0d38c2eb570003,0.8907367626036491,0.0011270088503531007,0.015353323853135738,0.01059423772251738,0.0229833264434822,0.008651829018852445,0.002940359392004877,0.0029657433758924377,0.002319251416674338,0.009541887491349939,0.0057505434802014675,0.013062619837194315,0.0033421769272993637
W7e86cb0d38c2eb570004,0.8877555380825883,0.0011324165033683635,0.016225122229196247,0.012872312828445644,0.023978499422994896,0.0092476029826837,0.001821498487527795,0.002410825121791972,0.002319467758690938,0.008987468613366155,0.00630677554318215,0.012138694354994586,0.0038982197722568644
W7e86cb0d38c2eb570005,0.8847274466057419,0.0011419779421422748,0.01736276724215309,0.013518455397692126,0.024590819325818986,0.008292760102970942,0.001819010639658702,0.0018549175589665581,0.0023206856020157097,0.008987399617542663,0.006479858715992268,0.012695243626985216,0.004455945132404595
W7e86cb0d38c2eb570006,0.887980021314018,0.001130950445376735,0.015475824415628914,0.012076682382116916,0.023927303724844647,0.008415536352298355,0.0018176510976475816,0.0021326622906067544,0.0023201378086713347,0.009727663700238991,0.007208978453496026,0.012695010658220906,0.004455274458670999
W7f4d678f74ce885e0000,0.019577604884964125,0.01777741569083412,0.14849908180697546,0.026757383671381963,0.02750582245834862,0.02346205064006301,0.008784540907230421,0.00815428175550847,0.006659388948998298,0.44190483668011554,0.03353456739213886,0.003922863132946478,0.035112606751057145
W7f4d678f74ce885e0001,0.02429427048299268,0.003453482368102045,0.22738255855222445,0.031036795170120757,0.046847717484099806,0.02423661912649171,0.009179957642681633,0.007848646197374132,0.007019081401278794,0.36451440861525236,0.03729237483375227,0.004764777591960332,0.03550219536309459
W7f4d678f74ce885e0002,0.02149951464447629,0.0034488954042304577,0.22948557109154985,0.03251103368910428,0.08267437424202849,0.029607605751950757,0.01142197718575249,0.00770420705231678,0.007200518654194171,0.2975309280573558,0.03947091657200602,0.00494911564126361,0.03232562612942949
W7f4d678f74ce885e0003,0.021453349900265248,0.0033940431066425366,0.22019049260308488,0.032458861474861565,0.06546251312346484,0.04613280760101276,0.023260841490491457,0.007660269580875435,0.007311505242132057,0.19672643870133322,0.0404534094372507,0.004385861689999313,0.031890490274938045
W7f4d678f74ce885e0004,0.019603977912821095,0.0036495405028869766,0.19957846818171632,0.03240412076010844,0.05330841522260505,0.03691874198018164,0.02174560788731974,0.007142413355797837,0.007305203096091235,0.32782777818732783,0.03946258294811293,0.004893753201840045,0.03179139399734325
W7f4d678f74ce885e0005,0.020754527195632717,0.0033721315472519044,0.22941733137311096,0.033758271641805955,0.07128256363114026,0.02794884922404121,0.011113179705746767,0.0065378621792663615,0.007474323260284417,0.3110963396269,0.03835966776110344,0.005174847406049326,0.03194975944866529
W7f4d678f74ce885e0006,0.020704253319445576,0.0032370314277962806,0.3191155367022673,0.03625433409088378,0.07879723332383054,0.023730723626844887,0.010943081160650835,0.008008752400471565,0.007988811683365831,0.23048416646519368,0.03817167305754323,0.004805502101012527,0.03255260518044175
W7f6c80e36d4f87700000,0.916439086005328,0.0016677228236893784,0.011669767508861392,0.011775086013501423,0.010234542207494184,0.01360305705049013,0.008099616612501382,0.0016674830713816517,1.1219272312237162e-06,0.004815764358495201,0.0018075525420783263,0.01196571395647303,0.005141189798491951
W7f6c80e36d4f87700001,0.9163650230304373,0.0016678491703816876,0.008521890591559493,0.01149761049366348,0.010791089867506327,0.017198259382521855,0.007259230593074219,0.0016675227780808453,1.1385524491056807e-06,0.005186528861699435,0.0018088819873828548,0.01159574818574147,0.005604604599186346
W7f6c80e36d4f87700002,0.9227999818274989,0.001667857212775323,0.008336837608339647,0.012790884594111505,0.010235521397247108,0.011642081555925339,0.006980932170407583,0.0022239528915477358,1.1404752032016037e-06,0.005927265945570135,0.0022307477526962776,0.009001288376181162,0.005327071535496744
W7f6c80e36d4f87700003,0.9199232990675517,0.0016678526028399783,0.0068920688220959776,0.01223825836873595,0.012699116122993634,0.011640637146476923,0.007824894883759703,0.0016676156584198762,1.196577206744415e-06,0.006112444017255777,0.002225116764164715,0.01066804791422289,0.006160538918862238
W7f6c80e36d4f87700004,0.9195376252022923,0.0012234078353266205,0.008188377072136332,0.012053623203268278,0.011958394822784522,0.012140387833539617,0.008379574363014938,0.0016674665440117495,1.1353798808305559e-06,0.005001332845712934,0.001667611594049317,0.011797033713619998,0.006382856969319614
W7f6c80e36d4f87700005,0.9242693106379566,0.0012232786228448195,0.007410573132397084,0.010664145940324787,0.01106853850239094,0.011028827617540076,0.007820371065761455,0.0016673600061367219,1.0127656973426446e-06,0.0050011862541131874,0.0019450889923963307,0.012072715900720074,0.005826520799846758
W7f6c80e36d4f87700006,0.9198061969625927,0.0011123075068230097,0.009300939740719744,0.01412779148251586,0.010753738078674692,0.01275349926567541,0.007808714755653442,0.002222995590847202,1.1356890366905536e-06,0.004445775230794812,0.0011120699924578813,0.012058622496998283,0.004494973342555143
W803bfaffc17fce280000,0.0007798858186057502,4.400286098029039e-05,0.0036192496566312326,0.0068203773863767985,0.0018647781665699656,0.0554324084540915,0.0005227667910144003,2.9473617648774666e-05,0.0006041342452413601,2.8006012931770166e-05,3.161314498544221e-05,0.9198865016528301,0.009785902164268796
W803bfaffc17fce280001,0.0007799662412315765,4.0066691648893824e-05,0.007505024578181215,0.015600078476264406,0.006670257999103461,0.06027890971733377,0.0014409987325144328,0.00026497061723319723,0.0005990449708985362,2.480340345954474e-05,3.533277874605382e-05,0.9004907701272739,0.005566429980703402
W803bfaffc17fce280002,0.001058468433142964,4.554139678168125e-05,0.012920917859469533,0.028405315263054027,0.0068043143823713036,0.06397584215541592,0.0019100727185716575,3.283531581405342e-05,0.0011606004591101394,0.0003025608205265405,2.207863435504754e-05,0.8772965203923521,0.005655915237645544
W803bfaffc17fce280003,0.008013714195266535,5.1847953499353584e-05,0.011007108970130547,0.026217913194308856,0.007611797247493585,0.08954858098617813,0.0017334700317227115,0.0002718306068933219,0.0006125673278111007,2.8317584292430577e-05,0.0005013722589257992,0.8481962188977835,0.005630761327039033
W803bfaffc17fce280004,0.001069951852617083,5.802264483673673e-05,0.010669366622672519,0.03154109212878312,0.006632142065346381,0.07715359336639371,0.001371270117756448,3.860392937259196e-05,0.0006195439424511598,3.20432757245326e-05,2.861173658638618e-05,0.8632940675363536,0.00623458675874855
W803bfaffc17fce280005,0.0007858609732896641,4.602670155808133e-05,0.0036135532247015658,0.010172060539556334,0.0035549927404408604,0.055691894092501415,0.0003723533913756354,0.00026874907544449433,0.0006056097337197603,0.0003958146870615541,2.25104883792897e-05,0.9166723071170693,0.007089307933100237
W803bfaffc17fce280006,0.0005046487693016339,4.247712119995221e-05,0.004787707669772753,0.010293180694588011,0.004102107116381829,0.05706939317472991,0.0006588477907438832,0.0002663805041185315,0.0006028903203758771,0.0003938486467790365,2.08347127542549e-05,0.9139721459482973,0.0067184656705776705
W832bb66842a232d80000,0.006037091674745054,0.0013777171141803643,0.03611637903461963,0.11780096424676559,0.10011325999329869,0.6506184357979572,0.014507368657282093,0.003110926845535413,0.002050707670297193,0.009051730474379885,0.012447048686696768,0.02083981827718813,0.014545753380317303
W832bb66842a232d80001,0.006387027336421685,0.000675476398835999,0.033417103683580064,0.10332453676326747,0.0791436682161364,0.70449223277915,0.014470814211524519,0.0026748518425749996,0.0006529713233219546,0.007726762894470327,0.009337122137155237,0.015709356416092037,0.012330879392176907
W832bb66842a232d80002,0.005107564461733405,0.0010680822839647056,0.030733541111894375,0.10226252739091579,0.08603657912368586,0.6975479164518208,0.013453044944848922,0.0026030063425094836,0.002516875130036155,0.007360819309006212,0.013150624749118885,0.016967158085478364,0.010522408196101084
W832bb66842a232d80003,0.026778900236517803,0.0007879524027053828,0.026296527004386987,0.09791063504842745,0.07692256320140202,0.69088145761707,0.012525277756353525,0.002703624799154584,0.002884351692890212,0.008986102016040333,0.01659638227081914,0.018373055965723934,0.009131978719025694
W832bb66842a232d80004,0.004190813479245558,3.18598686154806e-05,0.030480669896302177,0.09657527700359937,0.08232054215399527,0.7256740793211001,0.013113244600097709,0.0016874778649566579,0.0015999873745351043,0.003720271708030324,0.006345928108433276,0.018716272562547438,0.008792846960207686
W832bb66842a232d80005,0.004189335399021882,0.00040035926998744774,0.03286028493162003,0.09534417931673758,0.08149292493640027,0.7267678619526543,0.01186418436368402,0.001687230739383171,0.0021552968560473325,0.003167865616550871,0.00696660982870558,0.01687360226583259,0.009207312535219211
W832bb66842a232d80006,0.005360404273621052,0.0010348712040701502,0.03596632261637412,0.08723947970375064,0.08130536992029491,0.6974751212161748,0.03528009367086745,0.002297396741782355,0.0016659397857214403,0.0067602517742648425,0.008543971989416367,0.017626337139530886,0.008726464840162115
W846e69bda91827c60000,0.00575927849557998,0.0009520850759091316,0.1218307579827348,0.06013664302207354,0.36325262263215885,0.19928630329947078,0.01056483392743385,0.028253767916454557,0.002973219950515319,0.003531077241074982,0.007022409766448209,0.17818035354222767,0.006521807273312562
W846e69bda91827c60001,0.0028165216681987327,0.000923589605112982,0.11394996504653897,0.05367449831743016,0.22895784725532806,0.03487493143385773,0.01221272272713723,0.027361181838372214,0.0030036516669831766,0.004961233919819221,0.005877492302339153,0.49589048573756167,0.004964471999051209
W846e69bda91827c60002,0.0035121842100853465,0.0010648984149403962,0.12540117400990286,0.05767654338468525,0.19614524798647717,0.051512611426842624,0.013403207701698517,0.025722330037948538,0.0030999707026905347,0.004684050520495458,0.006518831358785991,0.4935369539280286,0.00548725256338025
W846e69bda91827c60003,0.006639177820139771,0.0011724393694874443,0.08946946326723706,0.06290221760107484,0.21860281252125355,0.12545659662103248,0.013767683191277224,0.0339808203172222,0.003456363194529597,0.00805795755960528,0.007511875633218984,0.4066407681996077,0.005522152003920262
W846e69bda91827c60004,0.004318132889571266,0.0011487496095048675,0.14901376446579875,0.06509051002356728,0.3029944304365092,0.15699172540915984,0.011371867154716182,0.030668675951589387,0.003168292066983953,0.006838253057519198,0.0061184469340656135,0.24635698122201105,0.005236610065130414
W846e69bda91827c60005,0.004546133564747013,0.0009693684699195371,0.11348168473606805,0.05391048903638932,0.21468715064694405,0.29281942752344126,0.012384194644316343,0.027242059457718234,0.0024689451440833387,0.0048516896378338874,0.005718959303704432,0.25237167638499824,0.004996796536220362
W846e69bda91827c60006,0.0033971195413647925,0.0009358930091798459,0.11122283126418696,0.05273476634611432,0.17250960553367345,0.22922033285913726,0.013587061715408506,0.028089273240281192,0.002436072657190488,0.0047348758097657696,0.0070068256987089956,0.36029219730051243,0.003415783622499377
W85284b0ed100de9d0000,0.9165233434514916,0.0011129991284326637,0.004374807383588728,0.002224953966531361,0.008887108031538677,0.005030639250154942,2.4547958687308937e-06,0.018291951642407857,0.0005570278781365219,0.019539878193835528,0.0019930520740093277,0.010671366901744892,0.006192991988534518
W85284b0ed100de9d0001,0.9207938289712502,0.0011126743806096193,0.0041692561193078835,0.0016713678114599502,0.006784515968608328,0.004376987053877847,1.7197706920001915e-06,0.018289124125067776,0.000556864001007289,0.01611310116210341,0.0018077003255649582,0.01452385034083756,0.0053877415327867086
W85284b0ed100de9d0002,0.9206411085902837,0.0011126369462353596,0.005094886384238916,0.0027828885409443877,0.005532917494226155,0.004767848906375321,0.0005573988674148887,0.01736292694666049,0.0005568552291496908,0.016853764211048484,0.001808816689143793,0.011466348579533115,0.0068711599437042414
W85284b0ed100de9d0003,0.9161987416941574,0.0011127245805150742,0.003987319313363087,0.0033418405922278497,0.006828196362520035,0.005036038421994959,1.846552500284381e-06,0.017363328287474944,0.0005568930780546947,0.017965058041138734,0.0018089048635708245,0.015632649579438766,0.006316946519741654
W85284b0ed100de9d0004,0.9186455685148186,0.0011126469663622152,0.004355965761003464,0.002229215136238518,0.008093373846806393,0.00428002344777209,1.858705578819184e-06,0.01775973178135229,0.0005568250305033695,0.01676120382387193,0.0021792675698679258,0.013858508993193696,0.006311321146373182
W85284b0ed100de9d0005,0.9194896562027876,0.0011126416053876928,0.005097008451852472,0.002781737906838004,0.006918057049644424,0.004869998083057649,0.0005578140439154683,0.017918466017339166,0.0005568160839394304,0.01676122660625586,0.0016236491700025598,0.010848299179072492,0.006869917525603121
W85284b0ed100de9d0006,0.9183244895485877,0.0011126563370096126,0.004540245413154221,0.0027833814517994842,0.007849377727349545,0.006122743097064309,0.0005574156801282444,0.017918474083846402,0.0005569073219772271,0.016205723239825765,0.0018088564669444948,0.011313160422989122,0.00630949648603922
W8660945c824e57580000,0.00513843690745041,0.003360444657490303,0.8540243573757665,0.027296388975994818,0.021960305260774703,0.011772583644598275,0.02654498372564312,0.000573267468458015,0.0061089343862472355,0.006310734886259962,0.002430056855587361,0.008026973728065207,0.00744172625000663
W8660945c824e57580001,0.004305590298174354,0.0033608712063306124,0.8579291136884765,0.024935272529445756,0.022093336339089917,0.0126297970949562,0.02726441983656967,0.0005736335344148788,0.005825890104822565,0.0059548103468981504,0.0025191077311301907,0.008006942752696916,0.005459011931177655
W8660945c824e57580002,0.005413195448526427,0.0035436022307177664,0.8624863390551657,0.02390025242780568,0.023052430251485217,0.011958806515304751,0.023308690798355222,0.001128705191951999,0.0053595352490751055,0.004887297665939688,0.0008512258465640847,0.00916289290505448,0.00849826510537603
W8660945c824e57580003,0.004840797885813099,0.0035480768372026347,0.8561890815063116,0.029130039002669035,0.024428495270920746,0.009980056132683435,0.026390606648202565,0.0005789843331790306,0.0043365753206834785,0.0065034333004605665,0.0028003840476500887,0.007635706674083536,0.006450402595895421
W8660945c824e57580004,0.004856474102147205,0.0028010710992880123,0.8529695972633173,0.024595765469048323,0.022230918376535624,0.014565496185795305,0.03134280805612332,0.0005744052425266875,0.004513309459495099,0.006292965323446912,0.002239330180962375,0.008171735775537502,0.0064755263118010204
W8660945c824e57580005,0.004878670706206254,0.003000344908356954,0.8390332587286492,0.024043227990046018,0.024099858598617196,0.01792444106436321,0.03293663475612025,0.0005823674074036785,0.006627929528851297,0.006985656001400508,0.002436483762558391,0.010250009998899868,0.007460148103181776
W8660945c824e57580006,0.004853375086944466,0.0035404776863176327,0.8563599888685957,0.024479017548129714,0.020278684857538136,0.01118758157933965,0.029803124657741726,0.0005800983033880575,0.005161538193354697,0.0072156772357703505,0.0029810266846913677,0.006723888469995915,0.006707661741337307
W86ffa78453432ead0000,3.7156687034146446e-06,0.0002826863315363687,0.0025305299376322168,0.0009434568355530779,0.0030991186002173963,0.12908354862251165,0.0011150815285228737,0.006673353188952724,3.985903647047673e-06,1.264340917518698e-05,0.0008524290053131578,0.8498004074358644,0.005587140558164876
W86ffa78453432ead0001,8.310717721137457e-06,0.00028875704873160214,0.003958048111311487,0.0009550847713637231,0.004282869971608621,0.2099211202686477,0.0009396898771644644,0.006684766358784846,9.203658576131751e-06,3.246191128526183e-05,0.0008781926965253564,0.7654613104066605,0.006539246917466503
W86ffa78453432ead0002,8.115410507827022e-06,0.000288498247076995,0.0032757918750432745,0.0013979804559779427,0.004428188896418587,0.39518618357702895,1.528198521140288e-05,0.007080975226475973,8.905560515310151e-06,3.136504138084325e-05,0.0008744870365073456,0.5807974767646005,0.006107320523594904
W86ffa78453432ead0003,0.0007713547624159411,0.000288534446372293,0.004177982328570025,0.0020926577068327307,0.0026058609819162846,0.4240526795461189,8.580693968324833e-06,0.006684745468641455,8.935104944401022e-06,3.457107432029972e-05,0.000875737004763303,0.5509155863444232,0.00744189402054853
W86ffa78453432ead0004,7.970915997639911e-06,0.0002883449290375751,0.003307660191570526,0.0006568622436247681,0.004266957180764326,0.20472803118512595,8.380737340838257e-06,0.0066859383924967875,8.777843990764293e-06,3.1433061757068645e-05,0.0008743146150091719,0.7728460552662882,0.005785322591034915
W86ffa78453432ead0005,2.998522228415622e-05,0.00028831307997945855,0.0033438899353249274,0.0020933005322057168,0.002592709673542106,0.210802070085655,8.348072344495476e-06,0.006685856896071184,8.751452793426991e-06,3.3987449144761705e-05,0.0008734762692536968,0.7659841357686502,0.006755083581948388
W86ffa78453432ead0006,8.15576895087738e-06,0.0002885516173684497,0.0031044318292423544,0.00047165180785159325,0.004239436924671589,0.14597813075689886,0.0003788946759358702,0.006686452056141026,8.949560741921997e-06,3.1554957704131904e-05,0.0008734847918443371,0.8321083788330083,0.005783286856260003
W87d770d630701d350000,0.008245778049552488,0.33848531381206165,0.029120729114939136,0.038553941925917636,0.475612110895687,0.02183758535387572,0.018306595585513133,0.0016740003309158604,0.002966631434191073,0.004545354594177104,0.004690235130651653,0.038400724044779073,0.007689551650933899
W87d770d630701d350001,0.015026810409360046,0.002372524673715973,0.03471370536644754,0.05841745030447748,0.7466059312150097,0.02345738942466978,0.025884506102967456,0.002627386423551394,0.004230488135912108,0.013946846370549474,0.0052922469251461554,0.04381718373779062,0.0077789827847155255
W87d770d630701d350002,0.010578675126045484,0.37143481739600914,0.030232229654213263,0.052830494771122886,0.4364994931177472,0.02469388299123267,0.022214398254771398,0.0016809798644646416,0.002503453972657701,0.00606886202335195,0.0031562975906219803,0.03142604449835469,0.0038945259509166243
W87d770d630701d350003,0.00630293470081374,0.016397634550900323,0.036045010425577464,0.06193328389962205,0.7562862712035857,0.029745675531585886,0.02251910771348863,0.0007344317475996131,0.0035014409344501143,0.00646473492030334,0.005577408552257247,0.044064190612651453,0.005076187749110137
W87d770d630701d350004,0.008524634262295877,0.37103271183090486,0.028750839174879975,0.047433624234189405,0.4263724461901435,0.023128955886045962,0.023118042746866244,0.0021404659714871826,0.003059041464068895,0.007598164320155036,0.006683288626591063,0.03473417245834661,0.004912956820606677
W87d770d630701d350005,0.016134389124102214,0.017146439625896216,0.03044016169544892,0.054364616704286946,0.748762792067907,0.02960180226732795,0.022499697302516226,0.0033670904346993513,0.003271881448902768,0.012143866599282307,0.006946004810925472,0.03308957648362342,0.009057924566987206
W87d770d630701d350006,0.014750355671101592,0.01716482929366169,0.031857205688083506,0.05198046881200806,0.7504849894242788,0.027873637246177287,0.02247225552735407,0.003463500581107426,0.002721226448165492,0.013264275293765029,0.007244407683308129,0.03484154836894451,0.00932966097728634
W88df56cdedc1c9f90000,0.005611752799437534,0.001470844751390223,0.05971063321980306,0.020009705395065323,0.012024396909997091,0.010212522378877443,0.0063580705473003235,0.002468024442851601,0.004548773332589776,0.060359998519066094,0.013738664229094213,0.0007496709476198018,0.3075535888317193
W88df56cdedc1c9f90001,0.005130048638631455,0.0015277348250460985,0.07119276417225164,0.035502923633183636,0.09749841847503328,0.014165740240411008,0.007023467438023127,0.0016474392466203863,0.004005625842706764,0.037834963594835576,0.01601911532212876,0.0010665540310854484,0.18862188075441727
W88df56cdedc1c9f90002,0.005117937945199011,0.001548630901843708,0.2055007927450293,0.014689455159968756,0.06152302170235414,0.011094053540190404,0.007553038558219641,0.0013307662915530312,0.005082697855906818,0.03895654189510519,0.018048675347133974,0.0012986405021352834,0.12176094111702063
W88df56cdedc1c9f90003,0.005430557414966655,0.0015493366921519396,0.06965865940263416,0.0224722936982912,0.18328911404757914,0.016079703024091254,0.006702935484104015,0.001680714672087065,0.0040413114395153864,0.03852548296221647,0.015098116332930256,0.00043216708617814807,0.10406074901219528
W88df56cdedc1c9f90004,0.003467793866820065,0.0015552147787484738,0.08311608532427343,0.01317360015602666,0.14828114488350527,0.00968811608004882,0.005308644162314289,0.0013988217823526813,0.0035968779131758948,0.05980520476003609,0.018797007073073534,0.0007998270423491462,0.14146489321241137
W88df56cdedc1c9f90005,0.004574606994180118,0.002100467504632816,0.06778503241688422,0.01703744222159857,0.11481949008864863,0.011876364437664481,0.0065841835903079305,0.00141621294467634,0.0035301355264883275,0.07132325070953294,0.018189247756598192,0.0007973161667275088,0.14301091602577817
W88df56cdedc1c9f90006,0.00489911877167898,0.0012701439511103355,0.04867753849094676,0.022318203920138297,0.16797244202336217,0.016652241247054937,0.00920438939903189,0.0021636456460515092,0.004101975511276202,0.04531325412587725,0.020829966980822838,0.00043508272796472094,0.13085829488133646
W89dba8cf45fe1eac0000,0.013892757824470048,0.5078090280560529,0.00547994576604005,0.004039861711482418,0.004187819552566279,0.020913940220094695,0.3943033117041308,0.0011867252667497336,1.1366667631315922e-06,0.0016682967227129063,0.0031065750124093217,0.028010592156558125,0.009051369390404943
W89dba8cf45fe1eac0001,0.013753809005211741,0.5047614414490652,0.004786059765989867,0.004595411297315017,0.003632093554897397,0.022024448670394447,0.3982831594983683,0.0010215904614497597,1.235536748007078e-06,0.0020386355246482723,0.0026408515427854425,0.02762174383291332,0.00960403148405759
W89dba8cf45fe1eac0002,0.014587193087643809,0.5081850099572204,0.005063911111316439,0.004039869872002797,0.0033550133239808474,0.021745206940646276,0.39620335232618015,0.0010220797736134508,1.2460532238705342e-06,0.0014829104682322822,0.0028260651345751626,0.026510644412186656,0.009601366633800032
W89dba8cf45fe1eac0003,0.014309604621793854,0.5228001554263941,0.0045085048784020716,0.005156211945012929,0.003910000488000134,0.022581327525309742,0.3790811881737374,0.00046457294279342635,1.3044889916631442e-06,0.0014829838616461858,0.004215018637304329,0.027066207946063736,0.009548177035889283
W89dba8cf45fe1eac0004,0.014031846325005135,0.5263054958581683,0.005064167122590345,0.0051510986598662925,0.00390997494358254,0.022580851804948888,0.3773828496543956,0.0004668095821104674,1.1832462692005852e-06,0.001482987769265745,0.0031039068790153865,0.026510689381572552,0.008993968986347434
W89dba8cf45fe1eac0005,0.01222711909127107,0.5378878518999403,0.004786451286228935,0.0041329160743705075,0.003725593592814557,0.021802400508698385,0.37154051670065263,0.000743924752034848,1.1832453595853975e-06,0.0009274322122722625,0.0030576466341465536,0.024695880006622286,0.00876912091674628
W89dba8cf45fe1eac0006,0.013893004751993933,0.5272317325073224,0.005065661509246611,0.004132572827853563,0.0041879888604820096,0.023690782857567958,0.3769201270670879,0.000742268030287393,1.2904664442033226e-06,0.0014829877593417172,0.0019465275990543142,0.02614031377959744,0.008770831487866962
W89f090125bfffe9d0000,0.003251321479011046,0.002055806619814883,0.028718395503255577,0.17307362593493064,0.16537315935747807,0.04227639496756945,0.019225170176567472,0.38869683612731043,0.0038455187404830234,0.053433270150370776,0.014335463208390707,0.006458447331664483,0.032964197348121664
W89f090125bfffe9d0001,0.002407413544001389,0.001403716962182339,0.027321309607696093,0.3027703302362168,0.08220864052890739,0.033469879485970265,0.0163737389444844,0.3871384693437833,0.003966061603619954,0.04180598014374988,0.014752643781403523,0.004550645053667167,0.019536557908734632
W89f090125bfffe9d0002,0.003236426582268907,0.0013872167009327339,0.018794135363663915,0.2966085862275323,0.07475021681252259,0.032663774288704615,0.01142675686411474,0.4036445321162678,0.003961612296157463,0.0479515344128282,0.011764630183680591,0.004480445966539614,0.01992444584168051
W89f090125bfffe9d0003,0.002736716815198925,0.001464048829150526,0.019561603256154036,0.25963507923623474,0.0971860882234495,0.0318031992773034,0.011436934060011478,0.4031726018040277,0.0037086338574379945,0.05893389078489993,0.01265223773734567,0.004071972144287424,0.02080147013371477
W89f090125bfffe9d0004,0.002615551694190531,0.0014359930223553675,0.02104749307446779,0.28789361808097474,0.08340973458973328,0.0331035300655515,0.011815665009186084,0.38983105624305914,0.0037112950923093705,0.057398503596193,0.012191750210298356,0.0036775937305664505,0.019104740503825577
W89f090125bfffe9d0005,0.00282451058656082,0.0010254553601242765,0.019166941611206714,0.22738096176569625,0.12419743079104002,0.03234268259796375,0.011885737839300086,0.255268056053577,0.0038190271671496227,0.06033254808108924,0.012016209038412858,0.0036988049306120215,0.019380672889818786
W89f090125bfffe9d0006,0.0028244807956217394,0.0015772653408592675,0.01722818182913016,0.22664851188702662,0.12004970309993603,0.030681740528995784,0.012705215455610097,0.2707715111504503,0.0038185797142063355,0.056049684095140974,0.013048792214771511,0.004726830220036345,0.021547817817012763
W8fdaa6f350b04e640000,4.436436939725141e-06,0.0002797536524258326,0.0013414854017356516,0.0003404947004588275,0.0019191543967572485,0.15085089399627213,1.2951972332347835e-05,0.005280048200678587,2.6406668310776048e-06,1.4476874967552742e-06,2.690314059398899e-05,0.714669608045912,0.12485082952657478
W8fdaa6f350b04e640001,2.4829914130915137e-06,0.00028366470085251056,0.001520636741310411,0.0006595857748382687,0.032689152429704216,0.1678096169186159,9.184022976900425e-05,0.0025031960295509616,5.2375782681626456e-06,1.6891648243977692e-06,3.8438896126375186e-05,0.7349440859186884,0.059030390009433706
W8fdaa6f350b04e640002,2.635804095540243e-06,2.694763724028055e-06,0.001291656039954339,0.00030920292785622123,0.005383795443147775,0.13547034011572548,0.0005828504075341686,3.630449056952729e-06,3.0979479058810676e-06,2.015628578156728e-06,5.235152241129991e-05,0.7827359446449177,0.07415603970793637
W8fdaa6f350b04e640003,2.7057526173423122e-06,0.00028056072412977373,0.0012975605966935922,0.00025725015736047306,0.03204955516270528,0.14938188230946178,3.633579422199678e-05,0.0025040839853208946,3.6617442671166417e-06,2.080337807373002e-06,6.682792091722475e-05,0.6795301709019658,0.13458356630558807
W8fdaa6f350b04e640004,2.257693169659838e-06,0.000280037478551945,0.000204229474844298,7.503157932217168e-05,0.006002951515664532,0.19880194952902291,9.200400771872128e-06,0.0025029248212050503,2.1320504820007158e-06,1.5622571001418048e-06,2.5527408098339777e-05,0.6638508554982093,0.12782172463064928
W8fdaa6f350b04e640005,2.55775611651738e-06,0.00028038444599281256,0.00018106297909215082,8.595421841284245e-06,0.0022137921184282373,0.1376001494551667,0.000560172800565621,0.0019477220527843845,2.3191920413569515e-06,1.8057564166212061e-06,2.8318103647151946e-05,0.6361325716048108,0.22061975463593095
W8fdaa6f350b04e640006,3.0578051163118742e-06,2.24855710426977e-06,0.0017216805411461925,0.00015745272881462186,0.14354207099934282,0.05813082374441666,1.4738579281980198e-05,3.2496600225486605e-06,6.635048739484443e-06,0.0005574042328391468,5.8438844308681826e-05,0.6170477323084218,0.17833463232686905
W9167103c2a2f5c940000,0.00015325565680447838,0.0007596330408201247,0.0018314981893121517,0.0021154692884798854,0.006424860946588601,0.0008431965643281933,0.0008021045985948002,0.034729074907019944,0.5811464848714648,0.002757191085464183,0.3466233773104996,0.00017496853109006394,0.008771394492802927
W9167103c2a2f5c940001,0.014180742331464902,0.0005815822480906721,0.0095150475267351,0.007727943730465801,0.008012220420909268,0.00349852333660329,0.0006687411684529378,0.034014799265683175,0.6182014179775399,0.00794512988461913,0.25515222946157723,0.0031879774353910963,0.02062966429779523
W9167103c2a2f5c940002,0.013330655349857884,0.0010964392650060237,0.009385899751582064,0.007921716824879993,0.008315404823141059,0.0026281836697049435,0.001187439871757916,0.04175622210101217,0.6315784748265126,0.007675373517493428,0.23374768343309849,0.003156568252719748,0.02156909867454367
W9167103c2a2f5c940003,0.0004392981635077745,0.0005873217412324455,0.004691008565983132,0.005645979638456115,0.009630506776578927,0.0008924373931181684,0.0008728640456229548,0.04312423749554822,0.6364282767423739,0.005071942831051017,0.2506379018121705,0.0007688332479212823,0.015693430084241525
W9167103c2a2f5c940004,0.0010663748930460689,0.0008313949186700994,0.06871333286657148,0.00805064453779531,0.01368857145992517,0.003957153858085441,0.0031419623819589275,0.04195329817879257,0.32554429045894,0.01008802013765417,0.32950320409434025,0.0023521161738370563,0.03744577541864398
W9167103c2a2f5c940005,0.0008584830109113095,0.0007709100097271455,0.022871077124002093,0.008153819032089763,0.012318051000505837,0.002910107519474362,0.0057186708269701585,0.05420148844473787,0.4227239696270293,0.005712986923270894,0.25009429803035627,0.00203427296385052,0.02304169081950147
W9167103c2a2f5c940006,0.018418546352557172,0.000885813726311443,0.013447427475441307,0.008890407890835976,0.011018988567765437,0.002662422198628186,0.002968146167533306,0.051390262810941424,0.5183590165265223,0.009236359165228783,0.28141343359862975,0.00440281781449661,0.02869601523715316
W91728f6dcf9532870000,0.004516011093923257,0.0015823205579425413,0.06477477347623684,0.020710665910157782,0.029487221784657947,0.010432534294844746,0.01419376342868669,0.006319068689377453,0.010277335487149418,0.01630112261642909,0.01932147029803876,0.0013163579910850025,0.3521451227897601
W91728f6dcf9532870001,0.002136657088953994,0.0017416685687515086,0.10214024357005118,0.014506914705466369,0.08716178563983452,0.012964466706474373,0.020121367523677193,0.008190079109311308,0.012611292685543582,0.013124131409224193,0.018888940450199457,0.0015227419628347936,0.2617083143246771
W91728f6dcf9532870002,0.00270699284408106,0.0017500212885500207,0.09721578654824177,0.015040007676846963,0.10481101431377195,0.011945530559075,0.02084943745291777,0.00815230669295144,0.011985237072348914,0.01338694603214731,0.020696705070156154,0.0012536337030161807,0.23497454346597013
W91728f6dcf9532870003,0.004507407860084509,0.002093457028565603,0.2475846794433737,0.015076061333464045,0.035133181849835014,0.012785490960611464,0.01472863587602446,0.008270736983199928,0.008895457476070429,0.01988818976662845,0.018773855820082796,0.0018509017373899166,0.21577112160061038
W91728f6dcf9532870004,0.003371344167087791,0.0018633880366288895,0.09296353177972436,0.01811791201225657,0.08881825310058869,0.011936876044084858,0.017631782351544938,0.008856246117880306,0.009270736519773627,0.01715982967547593,0.017233028021408768,0.0016113016670658458,0.2761248065314116
W91728f6dcf9532870005,0.0026867363200177834,0.0019140685275978678,0.08545536464569234,0.014518088649783604,0.06901163215498075,0.010312153118257467,0.01733880427922662,0.008002013718094336,0.011382382573781918,0.025682953397334903,0.0204852830097848,0.0013661537236985492,0.3078272562768541
W91728f6dcf9532870006,0.0025238099294538296,0.0018833040065283164,0.08976078964618472,0.014886102593882759,0.04096739355029925,0.01025775561543339,0.029885580189748115,0.00942785800070658,0.010559244612285136,0.026234653393281623,0.019407321241614397,0.0019008042445911321,0.3396116742469504
W933dee989fcf34660000,0.002600317333776532,0.0019104877791880272,0.34007548906015905,0.09267270362449545,0.0406666272537103,0.024744161521260986,0.01787256791110509,0.38454954344243625,0.002287558710218895,0.03157614749019437,0.009359450132505678,0.005189414838174311,0.013150568539127246
W933dee989fcf34660001,0.0018476561748007334,0.0012149330297850762,0.3526876376107242,0.0797763828601914,0.03506283353541838,0.020672140971264536,0.01284891247118958,0.41265305269939795,0.0033413630309968943,0.024062429338234027,0.010862655034486735,0.003444154655671182,0.010640037861182495
W933dee989fcf34660002,0.002351316153032124,0.0007303132961701471,0.34250164006625383,0.08705661231284142,0.029769215620045565,0.015461668335742548,0.010707095302323045,0.43045079079004905,0.0021509842059741604,0.030065726669771125,0.008859520261171453,0.0011079049626949553,0.009455659614147755
W933dee989fcf34660003,0.0026592050592393413,0.001186722431108385,0.33562941421692977,0.08932678419744543,0.03908356512910879,0.015568147179732634,0.014034982039707652,0.40803784893531964,0.003102347195198285,0.03786705607754405,0.007486839956471518,0.0034066991701575075,0.012651975895991005
W933dee989fcf34660004,0.0013630032410088225,0.0013090584050948297,0.35002088128546244,0.07973370244481318,0.037596560178556365,0.0228683235589168,0.017013690897783613,0.38747281480846474,0.002534706849137193,0.045325330212697135,0.008331108239829342,0.005223745133761653,0.011653325056272153
W933dee989fcf34660005,0.0021015992718953166,0.001183016556542997,0.3608155232289889,0.08112243798530087,0.08839551084294982,0.019781453966188457,0.015365255178465506,0.3341525874065981,0.0030999520217194383,0.035802581656794986,0.008429019300407079,0.004536188221387869,0.012978182624761145
W933dee989fcf34660006,0.0015337623425958533,0.001166681425969381,0.35905736458240095,0.081236165917406,0.12219066766724983,0.032227308579605915,0.01780876729200621,0.2956058574016668,0.0029966557536998785,0.03507061120977944,0.007271032372779947,0.0034297735508854654,0.009610196369920181
W9344c87845ff6cef0000,0.002941906100172054,0.007048501833681353,0.011702604216588954,0.01283881765181001,0.022258279247390322,0.002217334409757777,0.011486493750959517,0.20690290335458772,0.02156092770483291,0.013939296136818808,0.48613038426992183,0.0034492727107657884,0.1349094622764811
W9344c87845ff6cef0001,0.0024543986089837614,0.004844380706970005,0.006368552317184217,0.010834069787981548,0.025051386296915026,0.00193796454164003,0.011266753735306742,0.3370805095142279,0.03585439444310776,0.013322098960174347,0.4463354819398024,0.00313618286182546,0.04214315308260606
W9344c87845ff6cef0002,0.0026660581228808936,0.00510610325621514,0.009654518593374394,0.0104669747588857,0.04405317282484328,0.0026679338169660794,0.015792620271846056,0.2859017648392875,0.021201514975866323,0.01309209873595324,0.39472416934782895,0.0025767597155333523,0.078810364724539
W9344c87845ff6cef0003,0.004062983411425676,0.008825506691101277,0.01311835402733451,0.026201854345798317,0.06496823477799131,0.003951275067495669,0.021269268327569157,0.14152637940102172,0.016763813375487723,0.017302381165016315,0.25358580468156927,0.004510858561954751,0.13553833265334533
W9344c87845ff6cef0004,0.0023621579907304843,0.004227685343399574,0.009124277940347338,0.016193665553277753,0.042010519183880796,0.0014286224850183532,0.018813573861193124,0.231268302061137,0.010880657585037343,0.010682771000966786,0.4506346011242492,0.0028731170502969625,0.08809379396383973
W9344c87845ff6cef0005,0.001780519513053116,0.003857368074901163,0.006324400104737896,0.009937908214510321,0.03137005560377708,0.0014067407776546326,0.020360785908742417,0.3179819275055185,0.009660009460454559,0.008982907649165242,0.4328623698587947,0.0021985944610429277,0.07296957163542679
W9344c87845ff6cef0006,0.0036518979697800933,0.008006529828663558,0.015715938007623578,0.05056734885061498,0.038893264330204264,0.0035518064250975073,0.0301472211257987,0.37154435012119225,0.0116932874987541,0.015057827956836408,0.21564886420197832,0.004368827452891575,0.09214122451772855
W934d536e0a4fa75e0000,0.0031918668229018628,0.008175895533466458,0.02379925738269327,0.008667719391334188,0.0334262409855154,0.013689430304886842,0.035615837216664004,0.00666895898106034,0.002866174362272953,0.018476933493302688,0.17822708047316382,0.0028984911809409705,0.31450754311915247
W934d536e0a4fa75e0001,0.002548626696186589,0.01052802715970654,0.025376746270253756,0.008818232608941828,0.06205980183656707,0.01671734405078851,0.02627099963946396,0.0041281838203652095,0.002382408678868115,0.014831241142887247,0.12310595027605141,0.002876179390965891,0.259653423734368
W934d536e0a4fa75e0002,0.0019819815267693133,0.010506170195629652,0.04014545403655218,0.008366103841586078,0.14445790686277443,0.0194985541747881,0.009584857855096536,0.00420542863737452,0.0025721226360867623,0.013710622887078602,0.31607450325510017,0.003239223210035626,0.12088360771634332
W934d536e0a4fa75e0003,0.001747804365444125,0.01077382813802275,0.031237184512196325,0.005676282079574797,0.15680947657141558,0.011625493689912635,0.009123955621905573,0.0039055438465327823,0.002873156285249638,0.014025126401602117,0.39160764146235366,0.0024033378809852663,0.12763317789315576
W934d536e0a4fa75e0004,0.0019525436135669084,0.006392558090134136,0.036600525692576956,0.005834234637706068,0.11045604131968147,0.011734355520656999,0.02133650458991443,0.00370838616070795,0.0023724232069750263,0.011379622374599255,0.414281937980173,0.001572754208383838,0.11426780181893277
W934d536e0a4fa75e0005,0.00213575300032536,0.0074080401498014935,0.03267553398067344,0.008652226256060819,0.09167750605409747,0.03282984358070704,0.02304848887941765,0.0042959514173542095,0.002601427039433598,0.01335058481189499,0.12506826504942833,0.0028815518299717697,0.14297719422353694
W934d536e0a4fa75e0006,0.0019721626106714604,0.004689490106454059,0.021704129703754235,0.02153463035571015,0.28214785714542867,0.010626834161586905,0.00616912645360454,0.005126998438990373,0.0034994591794054973,0.024544493439694653,0.13543646297595602,0.0022290846479232507,0.10344756864144163
W94816ea9aa4a7b080000,0.006893286092946372,0.001213237027273233,0.15633555322497078,0.17304027026116445,0.020110619397742314,0.10506425255375013,0.3690845056314292,0.0018769394968072832,0.009707491398641079,0.0049545606328470415,0.014264145402318788,0.019727155350368505,0.04457723576349307
W94816ea9aa4a7b080001,0.005528313438656202,0.0006563159898669973,0.24751552077844166,0.07300755640071659,0.025685404561244494,0.14307997971847242,0.4056605945193004,0.0019091534839147707,0.009198925554269061,0.005864592022149035,0.008709370282938557,0.01663140586447672,0.02003932844188499
W94816ea9aa4a7b080002,0.008809022143469817,0.0017846403843262899,0.31348005083757724,0.08366026526028146,0.023521676689417254,0.16689487404397482,0.2960274369792922,0.003001523932451452,0.00535721305220533,0.0072609656935486615,0.00798880999451881,0.020960891855602636,0.025991977730835017
W94816ea9aa4a7b080003,0.005642784235322459,0.001044405343203016,0.3089295952399563,0.06339521322298558,0.02242836795663794,0.09106984075576857,0.42794024496239974,0.0017416785412093954,0.004834460906939692,0.004562078528256293,0.00665787759937786,0.015114715663240639,0.018108352992172748
W94816ea9aa4a7b080004,0.0085314432030786,0.001230421876617065,0.27781789358749054,0.050786860089762166,0.02531881116215069,0.09665848183696363,0.45711198203955217,0.00185536839321011,0.005050097707620505,0.005571147967850939,0.01266335732640877,0.016376951295354023,0.01553379963124678
W94816ea9aa4a7b080005,0.00794304026999147,0.0012750750599006084,0.3611638203413927,0.06662306268483482,0.02493065916104256,0.1930729251355284,0.25657501069280625,0.0016115920152489107,0.004527579491148691,0.005314499930284174,0.00787642370727658,0.02047379630054774,0.02238049976631634
W94816ea9aa4a7b080006,0.007578737047933088,0.0007149564740272114,0.26360686119236376,0.08690179498540157,0.027172090703864175,0.14816414111429801,0.3714339675886729,0.0025240546176967006,0.00694867088810243,0.004987486559950087,0.013934303205492379,0.01676110409089108,0.021927979009972037
W95f1ffc10b00a1510000,0.007920907729687088,0.0022095226324370548,0.07188039644904708,0.025008433047441977,0.2932895664624256,0.01462498748711081,0.016276215816803424,0.011233669297107523,0.012372446827757332,0.04039556810766575,0.02720526955565225,0.0023657068681765922,0.041579539347749196
W95f1ffc10b00a1510001,0.007325550418960652,0.0018928076129621745,0.07721089197738559,0.02317947668715682,0.23208156951405923,0.016724454910354968,0.0207005367183698,0.012355153092571949,0.013396858673818617,0.03224421268852873,0.027614922005678666,0.002341703812103618,0.03822190903457164
W95f1ffc10b00a1510002,0.0067757396085356345,0.0009498583177502654,0.10411623418485128,0.02226766814763761,0.16799712519542753,0.015539114848388637,0.03674164966653689,0.020469693095139598,0.012658193008729663,0.045319754583790166,0.026585908295891626,0.002117300531031943,0.0427215111093307
W95f1ffc10b00a1510003,0.00719387853054285,0.0009338014877465565,0.066039546478159,0.022106445740584763,0.21918495481826142,0.01359731300937324,0.0278568403595421,0.014526200175487017,0.012691518350620323,0.0553024724865093,0.02668230013892367,0.0021011791500181024,0.04418286287626844
W95f1ffc10b00a1510004,0.007448278151120381,0.0025491378704820635,0.1203780966595677,0.024086302895766017,0.18988456250930225,0.015737128974495595,0.012197634236557854,0.014867607304903968,0.014380078213395561,0.048754727295513035,0.033701524976305804,0.002402613194724956,0.04264981528545355
W95f1ffc10b00a1510005,0.007667715506023719,0.0018943698367020227,0.16638020950346116,0.0217561941847994,0.12508321048944113,0.014824746007243714,0.012321944005905514,0.022228688367278843,0.013209709952210972,0.06157607292769283,0.030287497302083133,0.0023188070166218384,0.04771820665964266
W95f1ffc10b00a1510006,0.007046355354173527,0.002222941956522585,0.21120969956554855,0.022269988641896152,0.08232108627922859,0.016010381637416755,0.012285087477832331,0.014783115941742028,0.013938310130425484,0.04127640751281221,0.029033153671835055,0.0021114705365988026,0.04240945642859363
W97c45b19745b94df0000,0.002127038496611945,0.001801167088359935,0.12558851039495747,0.022040221079498434,0.03158500011197989,0.5040812529513027,0.0023724257049058685,0.00019407671442893466,9.491593981688413e-05,0.006119067199372825,6.620233011961827e-05,0.3021478509156139,0.0010654506830972976
W97c45b19745b94df0001,0.005964393160175424,0.013697774792379998,0.018055894786562523,0.014520291784703395,0.013870227109304118,0.5644299507055358,0.0016767917738423213,0.0011423247704669761,3.919506876764131e-05,0.014739240981235632,0.000579344049378445,0.3393683867685154,0.00787450732083765
W97c45b19745b94df0002,0.00438889360677071,0.003476738623589335,0.21328004525706723,0.01731291201487403,0.025192056769531977,0.5191535404819768,0.0029167101433646863,0.0001140388556473566,0.00010523085065644507,0.007606292912623614,6.680313355150112e-05,0.20372954439968832,0.0017559179765175461
W97c45b19745b94df0003,0.0014195773603647272,0.0022463881349328147,0.17874160185651725,0.014968578292938958,0.17182516040188658,0.5292157075885292,0.0030783608326085507,3.269064516737734e-05,1.7410864173345904e-05,0.007463191607057395,1.1245704747919742e-05,0.08773934699911279,0.001800182137975455
W97c45b19745b94df0004,0.001144336383404184,0.01293451222458595,0.24653410503323248,0.015494722952464348,0.06092978019385798,0.5348715431628557,0.0019712158808005893,3.193123107926837e-05,2.1276694188664035e-05,0.011979766177539462,0.0005679109993892207,0.10573063349403639,0.0068973509305418875
W97c45b19745b94df0005,0.001416640602836159,0.0005751017709210924,0.17148174238673838,0.015542818311835358,0.01882590703581859,0.5843060102457915,0.0031386838948044816,2.9272119677155437e-05,0.00010688673877090551,0.00452396277118927,9.463277481901677e-06,0.19674888652979924,0.0007608075574379731
W97c45b19745b94df0006,0.0020298327036482196,0.0006188047420787839,0.33766500672578725,0.01588460895570687,0.026615601554773376,0.5129499360410505,0.0029230892191673187,0.00012864914680945537,4.850987564648021e-05,0.004721144691167778,3.066829754974329e-05,0.09456229498726994,0.0003204810614877119
W98363a8dc28d4e7a0000,0.006671248157626551,0.9388152917104948,0.005187252536894408,0.0024464816687925672,0.00408850641035189,0.003492707739544956,0.01985106419020746,1.2081977355694358e-06,1.1775443755254544e-06,0.0030586219839623357,0.004153535216044969,0.0019457700496773053,0.0038919278805172285
W98363a8dc28d4e7a0001,0.004447756951241311,0.9654185961462592,0.004029842855040195,0.0005635870512347894,0.0019956804084241167,0.0007090128078646866,0.008663410610978356,1.1746708307745814e-06,1.3023188403835972e-06,0.002225682438709515,0.0015160042600549037,0.0018069275144696215,0.003336988947896336
W98363a8dc28d4e7a0002,0.003346012434177407,0.9654880459713556,0.0038906800930685027,0.0022299216664548515,0.0013010835626079704,0.0013953185273884166,0.00905423499678576,1.4322416508331525e-06,1.1805189028650639e-06,0.0022279560929370315,0.0042945586178957836,0.0008346745580883852,0.002873264169508988
W98363a8dc28d4e7a0003,0.0033565446678662583,0.966216722856767,0.00426105017220752,0.0022290721232924786,0.0020412306554912344,0.001393052219812423,0.007386041564332593,1.3642050785168114e-06,1.1847457061738383e-06,0.0022273609413172427,0.0028196308314164015,0.0005570010613852759,0.0031516603304870077
W98363a8dc28d4e7a0004,0.0033420532651663166,0.9712236783828062,0.0022240011885276993,0.0008434967176103324,0.0019948494556403995,0.0004203445701737666,0.005636665195593417,3.5918792320148607e-06,1.1924585677500718e-06,0.0031991542100902803,0.0017914878873432614,0.0016678940601898991,0.002228741848541785
W98363a8dc28d4e7a0005,0.00669216883482701,0.945039118924551,0.005372148762170951,0.0022257147975224493,0.0023646682432050137,0.001535874847721614,0.011811980144851549,3.826272783929608e-06,1.1825928785060727e-06,0.0050526849157519794,0.004843649126104699,0.0022234219419799963,0.004447677139393842
W98363a8dc28d4e7a0006,0.003904487821383274,0.9709407030833003,0.002224049864950821,0.0011217719947442916,0.0023652829606611602,0.0006982054669380889,0.005624432282763915,1.2001476893248567e-06,0.00027898569409171107,0.0031989470035958686,0.001158400405262184,0.001112317219822612,0.0022262448582909974
W996235ea48a904bf0000,0.003400995625693441,0.0019109915110113714,0.31041948120547247,0.01753392402705162,0.05242352213868529,0.01583798672138617,0.008712396792062486,0.038574115161319145,0.03639608977041775,0.33649454393057704,0.025961503367237786,0.003169419852871172,0.09871352977494953
W996235ea48a904bf0001,0.0035564204095588597,0.002069239338970838,0.4887190560350594,0.018716409355121442,0.051812401565586315,0.01622946082578829,0.006172124821220787,0.01056230689373862,0.037257159500364935,0.19765720026768815,0.02670227364652601,0.003744950706692278,0.08848552613021866
W996235ea48a904bf0002,0.004431614891104551,0.015649313710519048,0.5242321546164995,0.016473434137058353,0.049597840347142395,0.01607801329259678,0.00460109205449238,0.010382146401670912,0.039348078106024885,0.14716669680337544,0.027323437549485758,0.003319918938570872,0.09706447736622453
W996235ea48a904bf0003,0.003237965112811577,0.016069729313885173,0.4761162005730448,0.017871792224597602,0.049096874288903594,0.015078105273553098,0.004258247207320108,0.00733012274551517,0.037940460206962665,0.2012789072503535,0.026579454215356832,0.0032696267973529756,0.09630844478929296
W996235ea48a904bf0004,0.0027289847389224235,0.0015801522191786523,0.34041545822258684,0.018389205567898918,0.05426953372730528,0.016878006300778493,0.0049050295568437915,0.011364187726267573,0.03866801622525332,0.33257392556617754,0.028215378759500715,0.003817465250253005,0.09428655994717454
W996235ea48a904bf0005,0.0027490316277707957,0.002163519851794948,0.4075256856358202,0.018770794526274424,0.05241930459775431,0.017400260668654088,0.005073213148012164,0.013645426056560802,0.04092015057541307,0.264176837231379,0.02699256006578807,0.003481758020850651,0.09433052839923704
W996235ea48a904bf0006,0.0027410748666110408,0.0021581188711977386,0.348838923132147,0.019141951175177706,0.0547758417137508,0.017748879847674717,0.009927195226445818,0.007300529075292668,0.04081972995489496,0.3166491844104182,0.02605907501571109,0.004323221677237017,0.09732754967844544
W9aa5c5ee10122b880000,0.008591844483955228,0.0034399556835311203,0.05611469103792688,0.02250249897216394,0.01791594743303208,0.017725056014688538,0.007464590023651369,0.004734601234199995,0.008998419178103585,0.024692351479131458,0.0201937064108048,0.006254952206121347,0.45241919255281776
W9aa5c5ee10122b880001,0.006391193955695213,0.001488444665533318,0.05375792149212293,0.013912707528582188,0.01744868250238475,0.017355438572947374,0.007964863881097047,0.0036483081196059196,0.011555680557429789,0.02833580845020189,0.023914552302558286,0.005532044666758344,0.5533014748133325
W9aa5c5ee10122b880002,0.006981586003712751,0.0015775777038979496,0.0804213447726993,0.013390492515860825,0.019616842438909696,0.018451361675918397,0.008199491027599584,0.005391786851685495,0.014081025534813078,0.022385099188220754,0.021384869931351958,0.006164104962598989,0.519384184566451
W9aa5c5ee10122b880003,0.006708492948320974,0.0015761850352770366,0.08711650610793853,0.013809316730811627,0.02243058330199647,0.020908268103226654,0.008004194098611877,0.00894294250672388,0.014301710933271363,0.02156212264377338,0.032510077647622926,0.006347088463787599,0.4888064830421531
W9aa5c5ee10122b880004,0.006750276800549707,0.0016436846041772365,0.07057361826643885,0.01445548741108658,0.017151247968149857,0.019703926171247596,0.00910995573351093,0.004855771927374783,0.013005456009300542,0.023143885168368034,0.024579002426774417,0.0071637048238132675,0.5239367272659942
W9aa5c5ee10122b880005,0.005835976916410589,0.0021024987066284914,0.05024340550403222,0.013101310194880257,0.017414185154158525,0.015450470349104751,0.007836032710915273,0.0033041693784794345,0.012370567303817618,0.022005758543121867,0.020678834855937297,0.00613533940883259,0.5753738860219865
W9aa5c5ee10122b880006,0.007155420069255249,0.0014500051982672501,0.04348635695190384,0.014276909554577664,0.04126508897243883,0.016853212133551752,0.008169965951213764,0.0045905639634902535,0.011302502046950186,0.021091857777820827,0.03495952643450215,0.006007599060507052,0.5439406798586046
W9be63e50209fda370000,0.008897308595526468,0.47164077226112316,0.01781929597739986,0.011613245712439492,0.012192234329975071,0.004037462130978924,0.3784117277209161,0.0030127127848207096,0.002325154215615829,0.008521026968920927,0.02870293339933518,0.005281518973739703,0.012639137527601235
W9be63e50209fda370001,0.018468990986394596,0.48112196227156245,0.016693246197044275,0.010579082784822127,0.007171236084402052,0.003591075007963254,0.36743858506609356,0.0019522109096854151,0.0029701634547130936,0.014410053652072569,0.028120460095038373,0.003614733551694205,0.011055777718255794
W9be63e50209fda370002,0.013064359507251391,0.47580859000659914,0.016479080336365887,0.010236872218613555,0.0076581270645519105,0.003978924860247639,0.38428730359195634,0.0021786407775264416,0.003528329524337531,0.011715551631010028,0.025384239952632053,0.00444802300703777,0.011115959716879193
W9be63e50209fda370003,0.009176081233721623,0.46089393534887246,0.01756836311483554,0.013797630621171455,0.007815411991017908,0.00431633717742411,0.3865617421765903,0.002512959233935531,0.00319784166887033,0.008575874617220165,0.03191292858102602,0.004725908862839409,0.011268290627625709
W9be63e50209fda370004,0.00862133499772187,0.46600321702254155,0.016837615585449706,0.012872046497512552,0.007260046384187727,0.005187627520418814,0.37184219832736753,0.002797751067636073,0.004219389367483127,0.010381576876824582,0.03508840306543082,0.00417092548518043,0.010807870630747226
W9be63e50209fda370005,0.011955158786218561,0.47724514180919114,0.016391360588214703,0.011149138612047211,0.008028952464188463,0.004101401494549154,0.3767281230407221,0.0019044171336308738,0.003019100236065949,0.01393809942450464,0.02785751702065114,0.005003671173983703,0.009601881974697402
W9be63e50209fda370006,0.012933522621341571,0.4704457522048935,0.01551734598212029,0.009319693174533662,0.010871348724744757,0.004100506201852947,0.3646380358346973,0.0030624954794183108,0.0036659825254364052,0.01468812055954403,0.032150415489409064,0.004170239725618137,0.010261131069396254
W9c32d29c5c5991240000,0.01532001582004866,0.000695614732278375,0.36267697758819345,0.049457713991107426,0.10161886357486671,0.0253312306527943,0.008377685519141127,0.375019038234431,0.006168339936576798,0.009162194066393776,0.0056756137555738296,0.008401222991462254,0.009751636556074366
W9c32d29c5c5991240001,0.015157777115443763,0.000706049624063439,0.3618083754246414,0.06055031128167564,0.08684647963371603,0.027174045965733435,0.007010884539299217,0.38196193384998245,0.005000031449248689,0.007621542421638558,0.005512530857915317,0.00873230457460884,0.00979192437812006
W9c32d29c5c5991240002,0.013414149092429705,0.0006586531501799613,0.36807421480015723,0.061649261277662855,0.08226224245195404,0.02620650924260321,0.008864725267751571,0.3769830292534611,0.005188888277630893,0.00857548400200044,0.006060747386737059,0.00975075001502178,0.00778070214766382
W9c32d29c5c5991240003,0.012846153416783917,0.0007905396105061714,0.36851566117129786,0.04939327445393191,0.07873341338118968,0.02590120864042325,0.014597292523343589,0.3842064430206145,0.0043573984323002374,0.009619639597448769,0.0062352666018786656,0.008964636282958334,0.011116871079464047
W9c32d29c5c5991240004,0.011319766957977576,0.0008128220541939008,0.3579066168392052,0.048397368537662855,0.07562690225767484,0.025918926295659526,0.01798841810846181,0.4045413181619385,0.004586263985672126,0.007649514022017674,0.005562155040684325,0.00761343402336156,0.009446808848911512
W9c32d29c5c5991240005,0.011603338518770658,0.0006857804179331522,0.3731564957161256,0.05025971573398794,0.07715125174086583,0.028658960833601865,0.018864862202994426,0.38239817789377395,0.004867534247816517,0.00848487355311857,0.005053169174342154,0.008707856735787403,0.008394250886662857
W9c32d29c5c5991240006,0.0134102974141313,0.0007268796385788251,0.37082014281360764,0.052404742628070405,0.0830372996621743,0.027203283903814858,0.016933188206806567,0.37504106797036757,0.006747143899182282,0.011096684131891821,0.005871377340893527,0.007722620848536562,0.00836694956433004
W9d4441fee3e033450000,0.01709415877644223,0.004889898577200923,0.09309537650608662,0.04175774553840767,0.0394830771046909,0.278137298007036,0.04048865089359773,0.009397513197326164,0.020485271858708565,0.16457851751236213,0.02782805480534008,0.0072824636603183585,0.03226961575637496
W9d4441fee3e033450001,0.018363938609706344,0.006118888252963709,0.11465188042250168,0.04451546393936157,0.04264008430835045,0.34584584880433233,0.034244533791880284,0.01073430453620899,0.023905439344981867,0.12033052893819046,0.02637014085727555,0.007228796286519483,0.031226956373416465
W9d4441fee3e033450002,0.014044888361021156,0.00515784450087987,0.1592930070078628,0.04607827368723895,0.04196035176628951,0.3254288808106296,0.037220379175934334,0.007931847246903328,0.024403038846682837,0.11323908600728805,0.034034718008683,0.0070161555853570125,0.023813134526922467
W9d4441fee3e033450003,0.011004419827407312,0.004194861374161672,0.1931071796367524,0.046587151782876424,0.039776260345206836,0.344470991677941,0.04882857881591365,0.009367696057846568,0.021766542130119807,0.07631297522874608,0.027811594025729764,0.006952289176100454,0.02080287020066426
W9d4441fee3e033450004,0.015512792755422283,0.00397683666665778,0.1875416667361606,0.041005231596936455,0.04392045573661948,0.3488149313227448,0.05805263610484829,0.008812112757132366,0.021260722858185366,0.07284329436466411,0.018747903067190343,0.005891568934825893,0.031890993534488134
W9d4441fee3e033450005,0.01658613049210308,0.004633393330794151,0.11724324733596753,0.03724967301420489,0.04667970838948324,0.3540165731688276,0.05802373255031635,0.010562637787621938,0.021525621253113168,0.09748919111205073,0.020654585705510178,0.00784860534191966,0.030633425406121333
W9d4441fee3e033450006,0.016875992191513735,0.005377574777499049,0.12756121020021824,0.04132975593334574,0.04246790593317789,0.3548833342983767,0.04183626886739171,0.009201639146800687,0.021645743747605306,0.10118019978831874,0.02681129655056436,0.006148252340196577,0.027378624766725233
W9da0e7068237f0450000,0.0030116247398109443,0.016545994811474885,0.7663821775053884,0.05924919752689579,0.08540855508207314,0.02232712676071966,0.005202565943750117,0.0018711042439676774,5.904072244487059e-05,0.010682080692687551,0.0011452443045757385,0.01322590516171661,0.011072648433843599
W9da0e7068237f0450001,0.0036528225872450907,0.015146755318771547,0.799846163874854,0.06307261151372047,0.047768537767745936,0.02728703739064179,0.004906577787354565,0.0011728990137274851,0.00023268685221444814,0.008631022699688152,0.001971382776762914,0.012146102065836184,0.01036529171270551
W9da0e7068237f0450002,0.0036489739179494064,0.001161175659705161,0.7712243845512229,0.06502920980136748,0.05520096242037747,0.07434506065828715,0.004534074268228098,0.0011515171294022223,4.634223158975593e-05,0.002171100176740961,0.0016935822748343412,0.011960378556426931,0.0034818451998651673
W9da0e7068237f0450003,0.0031089138644981983,7.081769026508608e-05,0.8250620778122357,0.060747424142679536,0.055048900834795654,0.02531511329639718,0.003997844313045436,0.0017552475175218235,5.989335199416645e-05,0.0017507102810870997,0.0029546135617949903,0.011331678764619628,0.004433552608087514
W9da0e7068237f0450004,0.0025379000709232313,5.017759137705534e-05,0.8210041373968457,0.0625653040135222,0.061987624035080895,0.021624897719016174,0.005928014297063367,0.0011883205427623454,4.162676558302323e-05,0.0017295357053128296,0.0022486595523791295,0.012278548243081366,0.0029290167754390793
W9da0e7068237f0450005,0.0030972784727262876,5.54779731108993e-05,0.8244845803425279,0.059928730166624054,0.056963115458288194,0.026698074300879556,0.0042684834589938716,0.0011909103636308937,4.648030769257358e-05,0.0029696504618772733,0.0011402819247362023,0.012147399442109864,0.0026563751667631635
W9da0e7068237f0450006,0.0036554971132207264,5.8323371821691556e-05,0.7795372699583114,0.06237856945865613,0.05298370064570783,0.07192457445760672,0.004658319001455403,0.0011572187751598237,4.967910460855429e-05,0.0031584429977767,0.001836337178184789,0.011271852055751982,0.0035317035469861337
Wa057a5b77f36fc860000,4.809331473189896e-06,0.00028413133045019105,0.0015957235351523763,0.0023466803313289173,0.0014236998949388496,0.15937006636480824,0.0009350393654630697,0.006676147987446109,4.702079848917963e-06,0.0005605980709432366,0.0005653478310082384,0.8206869875348064,0.00552442327592662
Wa057a5b77f36fc860001,5.9440211736139555e-06,0.00028563033441065524,0.0019714707486848527,0.0020723437399928013,0.0008678730522724175,0.13370740434146283,0.0009374433726266593,0.006122921566778617,5.6676510574264715e-06,0.0002838082667030074,0.0008435526676415171,0.8459449681613171,0.005535886275608105
Wa057a5b77f36fc860002,0.0005616264419489854,0.0002857979661450921,0.001540104339242449,0.001906011642171624,0.0008725566649232401,0.11599151406926582,0.0003829276131101307,0.006676431519352116,5.788615111779431e-06,0.0018117129547676602,0.0009826646472464926,0.86287461206099,0.006081465907028383
Wa057a5b77f36fc860003,5.825975936747599e-06,0.00028547429463362845,0.002416260479501924,0.002186167260984283,0.0011918664169876774,0.12584163945621565,0.0020489567105790186,0.00667603787638909,5.709905296036804e-06,0.0005621984760101593,0.0005662929111719772,0.8533883842375662,0.004793608433300311
Wa057a5b77f36fc860004,0.000595105723195034,0.0002864633183910858,0.002184036959596843,0.003280817298005319,0.0008962917946604918,0.22140649144674449,0.0005728525260288935,0.006677277326326998,6.443641818972026e-06,0.0005660134308628867,0.0005676545993261322,0.756247346819363,0.006677943664135932
Wa057a5b77f36fc860005,5.813875185235071e-06,0.0002854583464286649,0.0019146166890119485,0.001648706664875135,0.0008892054320723445,0.187763021116894,0.0007451117792045022,0.006676018139011647,5.842677151157914e-06,0.0005625043033866796,0.0005662512588822404,0.7932855139383607,0.0056221226505793545
Wa057a5b77f36fc860006,5.644801779401744e-06,0.0002852350149568671,0.0015394775423342602,0.0010180634199993053,0.0008957531374590215,0.1289053359878222,0.0011184948984582941,0.006675765208232182,5.6294565187162e-06,0.0005623275743499472,0.0005659389705690597,0.8519303946134559,0.006462982698292606
Wa0c609cd1eedb9570000,0.0011518107554023488,0.0004404883676453523,0.007445748671364473,0.012348020062896125,0.011996238977088925,0.007262176033565715,0.018565472112289965,0.05021866977115414,0.009094504260748463,0.015162633246021245,0.04619908367790218,0.04652111216398965,0.1676855966924149
Wa0c609cd1eedb9570001,0.0019078815080685225,0.0004236299309216327,0.00664619700945703,0.012607599951117791,0.013466057166569843,0.008796670436258473,0.023637251294851787,0.04920540272092018,0.007549814014137512,0.012447026443715762,0.03545434244179417,0.06263762662419539,0.14998522488352756
Wa0c609cd1eedb9570002,0.0013059086066643018,0.0004236047795559024,0.010136385234854111,0.01453749226385394,0.012312488616630667,0.007710807635806408,0.09292901691036247,0.04660928451980939,0.008597219606343924,0.016279716384858103,0.03578565233558617,0.028330226175461198,0.277463883040567
Wa0c609cd1eedb9570003,0.0012994518495863408,0.0004031332220973307,0.009438262161211462,0.014142208748020286,0.012308544065666893,0.011990835563825098,0.08023539532137089,0.04777730889963095,0.009645730292664953,0.01511743033557933,0.05229007065653432,0.036157768874754394,0.2513755338815759
Wa0c609cd1eedb9570004,0.0013083864771406344,0.00040666746878237174,0.009537364263925416,0.01426710089150595,0.011257561592623816,0.01278816109726433,0.07956026893085948,0.04843168710865661,0.0073267435533595875,0.01753605537010548,0.03501753639357153,0.04152854078062751,0.18649515235435407
Wa0c609cd1eedb9570005,0.001967653508186922,0.0004167478283901065,0.008615817002547798,0.014309739526008832,0.011620873599471608,0.011647695392936476,0.07746485538218961,0.04819249292632914,0.008450222106375305,0.013177530117811961,0.04111222551234559,0.03221638216414125,0.24385653907905594
Wa0c609cd1eedb9570006,0.0013849820428557813,0.00040661773302137755,0.007142476966197269,0.011304639435600878,0.011714590800232906,0.007272292622305193,0.020657755959154284,0.048446925726241215,0.008759651912973357,0.01505449902826707,0.050945672552364624,0.03039558079997089,0.18320668431118337
Wa21b3e0948b305ef0000,0.9120337824863008,0.0013027445455429942,0.0062991300742321525,0.015610700199034735,0.01434967792805237,0.009068234559399667,0.004947949687819578,0.0023594196280770263,0.000835184477845713,0.010664972316634106,0.002409178437410733,0.004398115523964877,0.013018214274392585
Wa21b3e0948b305ef0001,0.9339806550770035,1.0998937038314892e-06,0.004446008584532981,0.0105625544278166,0.011588373245738949,0.013432381632717608,0.002229254336181206,0.0005625944293703983,0.0002787646591539631,0.009170375722198611,0.0008340223538099974,0.006243195571372319,0.006112752405888698
Wa21b3e0948b305ef0002,0.9258397710789613,3.8094235510501756e-06,0.0052924737005590455,0.012810720794103331,0.01331836758736243,0.013802293817120012,0.002519513877467322,0.0018364812551587921,0.0002798363847690441,0.009187423348827464,0.0008344737891055396,0.006471727600743484,0.006672385703758416
Wa21b3e0948b305ef0003,0.9373543593287177,2.5448223729036592e-06,0.005561382453121201,0.009038711407798211,0.009475157543557185,0.01036035326996884,0.0038153591116727114,0.0006785838136177631,0.000557301302000204,0.009173516527719184,0.0011122384481772596,0.004241702451479715,0.008060847404704613
Wa21b3e0948b305ef0004,0.9350599343055803,2.0958159027346327e-06,0.00518759103595348,0.01141673031847197,0.011599271888990325,0.008416858238558209,0.004493514971833543,0.0005637773596604674,0.0008348805289399167,0.009177991264863053,0.0005572445042365941,0.004069107780781881,0.008062166887669616
Wa21b3e0948b305ef0005,0.9393746313024145,3.1095847841392384e-06,0.004354507157369108,0.010859543264682369,0.010772627889191989,0.006852122244566,0.0036753519713087,0.0008410983699571113,0.0005572043950822544,0.00789418894791431,0.0013906133834029886,0.002296269858465203,0.010291211232263111
Wa21b3e0948b305ef0006,0.8901521122406405,5.214571235680971e-06,0.004354675276012688,0.057503218404886126,0.011860485232355283,0.007603025358862471,0.003090779817144862,0.001415131994106077,0.0005579877454359784,0.009173618630433741,0.0016678377545103053,0.0020058202480145596,0.009755268247542841
Wa2a75addcf692f5e0000,0.00042662191415890967,0.0006996018321645015,0.06157186193052882,0.025675113984397455,0.016947285665063122,0.00474503994047941,0.018492623348650615,0.05589719206245192,0.009783097093620127,0.05031015094784672,0.02485816548604748,0.009817602721346463,0.018211251578390143
Wa2a75addcf692f5e0001,0.0004293117967422003,0.0007003446010039189,0.05181575951966392,0.020818399437676362,0.015375398960296277,0.0036235654428366446,0.014302256813239876,0.08295119296158306,0.023423863602585443,0.035930429830664884,0.046908530351347795,0.005617532203199292,0.014741538768018377
Wa2a75addcf692f5e0002,0.00043759377081447297,0.0010804122431921567,0.05457175822877707,0.024775129850094817,0.01870463843724049,0.0037697991499343725,0.01648562332119703,0.085342403066643,0.016138873939214017,0.03545128630813711,0.04004501808093796,0.005658164136999359,0.01367933433436417
Wa2a75addcf692f5e0003,0.00048657335444863935,0.0007661731482125842,0.05871655734637374,0.029886883593972558,0.021771097173708,0.005730037163257615,0.01884785425373686,0.071285474831413,0.007284105980820647,0.047230748566858625,0.023301517537516154,0.00838125982226919,0.01768109866539006
Wa2a75addcf692f5e0004,0.0004710212879548514,0.0009351684615209742,0.059436612408342956,0.0301280195907007,0.02053567639157619,0.005053617741989006,0.01781592704546768,0.06960703695812248,0.007273677979160181,0.04907142801132345,0.023493606864717905,0.007806838237757516,0.016379693295943742
Wa2a75addcf692f5e0005,0.0004598039972267716,0.0005513889062114559,0.055629449726215835,0.025736524199559324,0.01864365017171901,0.004299897354366945,0.01619471248239351,0.09186482131836099,0.017081194657857863,0.03990009851895253,0.03781206702949947,0.006772989250707639,0.013625214653089432
Wa2a75addcf692f5e0006,0.00044976286906602485,0.0005375234411555912,0.0516816400352677,0.023600090985252366,0.01655998792157935,0.0053158707664010775,0.014029214118707585,0.09372103521981906,0.025036300174460707,0.036492694882075905,0.04427601546368645,0.0061993757355047535,0.011877689723289035
Wa3a325220c6dacae0000,0.0309218508367595,0.002235379020517343,0.5042081435734149,0.060178799672180545,0.03757085682399569,0.3049254037557493,0.0047731817516576186,0.0012447602817878157,0.0012653998465940335,0.010231808803722285,0.012049068707916524,0.020350394160171717,0.0075600098173570504
Wa3a325220c6dacae0001,0.004171053431994277,0.0015475735312267165,0.548288368757568,0.04755128784630403,0.03784212841052496,0.24501714014973536,0.007433411115290774,0.05796117612761374,0.001830712718028496,0.006256435669878966,0.002752968487250364,0.018702325421219343,0.012638479061285946
Wa3a325220c6dacae0002,0.003963584353930864,0.0018239856346098885,0.5393448696519122,0.05318522003821857,0.04126039461947071,0.30662122656968266,0.007305332128527183,0.00330795017279356,0.0012343885280172492,0.005663735883601097,0.0024283018584238124,0.019179105838885022,0.01184509282735386
Wa3a325220c6dacae0003,0.027775490380888595,0.0023459396021042094,0.5326450522837214,0.06283437122521915,0.03690594079849344,0.2723131475136083,0.005560703537501077,0.002127229935077739,0.001482594070095217,0.007631758868721956,0.01219115622998505,0.017105216007860358,0.017038177375822763
Wa3a325220c6dacae0004,0.03030469858576157,0.002533816051595177,0.5327958607414246,0.060715682833438596,0.03950788275547406,0.27483066649022675,0.004242074195061895,0.0012798282747936713,0.0012822918216197595,0.008794017771413509,0.013802170596246747,0.015496470111811675,0.012010886424201403
Wa3a325220c6dacae0005,0.030591019478710374,0.003055004201680188,0.4486112890179694,0.05890833261803228,0.032188017003234294,0.3611802612419867,0.0040736356457443,0.0009892310097763886,0.0011731083797660573,0.008424356310594341,0.014042959523630355,0.01822422710650485,0.014552356526201335
Wa3a325220c6dacae0006,0.02906373416545256,0.0023017823865496044,0.5898084520013729,0.06013959034950319,0.02988768359924708,0.23511691623979494,0.004515447490612891,0.0011131121480906193,0.0013958992437124557,0.008266094207406515,0.01160119022620451,0.014165391469712832,0.01062906910787557
Wa3bc913035208cb30000,0.0011727749527874517,0.004313819368360796,0.019607941086676076,0.01581928226793294,0.020648022147653478,0.0017523441930343707,0.007739235748880809,0.04217492880848853,0.37956951768482655,0.0066440941967306965,0.3695979584419287,0.018713760887623384,0.052039459913548074
Wa3bc913035208cb30001,0.001161185274793714,0.0031656905966384818,0.026247354532755764,0.013353846830290204,0.018214757523834148,0.0027675375599538043,0.009704773788577562,0.03417891021069567,0.34375806769028394,0.005818845746805796,0.4019933506168495,0.01571878990938795,0.07270119469422738
Wa3bc913035208cb30002,0.0011564522873747313,0.002780099335248367,0.031034573967336002,0.008560360380656794,0.017656379421293573,0.0011211159945110625,0.008087662793970427,0.035232301876715104,0.32186160185691787,0.004207093297319762,0.40750251266947896,0.015243315290415378,0.09748195926730967
Wa3bc913035208cb30003,0.0007989165008299239,0.0029987659399337775,0.015521691775639728,0.012120282623027006,0.016737454250762184,0.0010746000196611655,0.008269634494044387,0.04686691794827089,0.35108760166024594,0.0034065044293825047,0.37778962336331884,0.016859806410998372,0.0872410043768444
Wa3bc913035208cb30004,0.0008800836408220901,0.0033222368129767524,0.01502530961408563,0.008330589962710919,0.015877654276766982,0.0011646261622603182,0.006112043899669947,0.0613505022277994,0.36543252717851876,0.004064226772046413,0.3632296673505723,0.015087960343464877,0.08271476042416427
Wa3bc913035208cb30005,0.000708070619520538,0.0030858908233426852,0.013963436216061649,0.0114436707690611,0.01734308515108562,0.0027923843096080564,0.018052262276326905,0.05741990449113673,0.3376427801493808,0.0035041302487590245,0.38504421186177673,0.012834360713053555,0.08909973745977547
Wa3bc913035208cb30006,0.0005740103160252479,0.0027322807198422116,0.017776799979671815,0.01054042303649221,0.015114508765856733,0.0020339640124826795,0.01998265784753864,0.04980541679905101,0.2955289366064371,0.0030497116846375668,0.39215057475980813,0.012843008989070731,0.12997100387173668
Wa433eaf242aa9bdc0000,0.008061837235056036,0.5191888466462682,0.0022240814454837694,0.0038928590083291666,0.0006403967915380032,0.0032082047819332895,0.002502920202940632,0.011516534818590624,0.399170239638766,0.0019462242965991507,0.04093546944115928,0.002723510423698914,0.0012510204529486504
Wa433eaf242aa9bdc0001,0.009173065424345338,0.5160021188877447,0.003335094602155159,0.001945988426137151,0.002029291086172403,0.0012081918265296554,0.0027805271803832874,0.01152572914599756,0.40019066441766893,0.0031961795274703052,0.04195682096232534,0.002779027611820894,0.0016954163394942217
Wa433eaf242aa9bdc0002,0.009176222713187883,0.5905767639876099,0.003640427972336001,0.0030624234318976907,0.0018996923894422553,0.002041396642373532,0.003908418099888338,0.013338659869636968,0.3137100311825199,0.002110312237542287,0.046894069284475697,0.0027798099502852644,0.0012975084963574664
Wa433eaf242aa9bdc0003,0.009180970353444382,0.5684563353656549,0.003076692116161758,0.0036457592564483852,0.0007885657502619783,0.0020412666818865307,0.004186677354644713,0.021441011339919276,0.3224649082005281,0.0021401751271400856,0.05293377660689664,0.002780207976749824,0.0012975711450424047
Wa433eaf242aa9bdc0004,0.007599093600674062,0.5370496888952616,0.0022241256980469687,0.002177749852760541,0.0017516369813511752,0.001115593010436457,0.003613864104542283,0.011052883457402626,0.386873580184499,0.00319618366852262,0.037304379334968815,0.002640128454985644,0.0016954186674162457
Wa433eaf242aa9bdc0005,0.010284100004624234,0.5110023928941693,0.002779675964624532,0.002779342830246081,0.0006405229476743193,0.002319167049704684,0.003058483667612681,0.013484883678048247,0.4009962257195823,0.0027795511785264067,0.0434973539565687,0.0030567951414108368,0.0011398694820710705
Wa433eaf242aa9bdc0006,0.007784090269610304,0.5198904443595579,0.0022241631847424283,0.0025016978785543445,0.0006405071942929661,0.0014302781564883374,0.003058304952570504,0.01156567088738156,0.39763652344660533,0.0025572937804720485,0.04349937932919052,0.0027794144563620185,0.0011399028685547528
Wa4794774ced410db0000,0.005920078071948812,0.0015000147584925511,0.22436728230299025,0.09060638984904401,0.10653163247288688,0.4211043751012647,0.048950715551973514,0.004036565158438625,0.0046769880977083865,0.006426950303031875,0.009971979876365653,0.03321389185255314,0.021920195601683613
Wa4794774ced410db0001,0.007197816438120112,0.0010646186847728157,0.22368027903405263,0.08162005307353645,0.12445577067749763,0.44101743988710185,0.015489453909814453,0.005358849570741655,0.006449285746910797,0.005071546261056904,0.016958100192868038,0.041166131357733074,0.014214457071079606
Wa4794774ced410db0002,0.005632195952245189,0.001572949842659946,0.2001407564542073,0.07422642911417825,0.12568269140631494,0.45960318043496534,0.022154930934673016,0.004871661159421323,0.006365400329970049,0.005869130138252557,0.009657358869482092,0.051670127604646836,0.015687758026596946
Wa4794774ced410db0003,0.006647782873146078,0.0012623353634413587,0.17141325209192557,0.06600213043431129,0.12065178705669438,0.5035609631406154,0.018342021457868254,0.003679678497914224,0.005799700235469139,0.005108279985306668,0.01262892351051269,0.0521138587871929,0.016376466675657387
Wa4794774ced410db0004,0.007388550008343511,0.0018795429279447355,0.20645154823564985,0.08832560893306769,0.12273139569556164,0.1346568812127063,0.01390350957515489,0.004210346931217711,0.006616506510056374,0.00597578213531683,0.017864107732745094,0.35272896319232916,0.015026134607120874
Wa4794774ced410db0005,0.00629883482153013,0.0011078358056446432,0.2314471816508409,0.07369943421095651,0.18229248635179165,0.05716445659180717,0.017702255486915442,0.0047726642891797915,0.005317165246211939,0.006556332678888028,0.011654311224986865,0.36842251317559427,0.013774898283379747
Wa4794774ced410db0006,0.007389865697245707,0.0010769032795150911,0.23114819472988604,0.09743978915127015,0.17839244645641755,0.36040666193523835,0.01763096645135707,0.0036319776575050038,0.004706144332680755,0.005660217671088877,0.013875711268889862,0.04645594241983943,0.01428159320649781
Wa5b0c38fd83642d70000,0.012067341053505898,0.00128050324978661,0.05413025989287253,0.32250729938757944,0.07279676247961896,0.01931868695807136,0.11140838720892463,0.005031426018714485,0.015752556509833014,0.011718989437513332,0.013080245746407097,0.009018012672128164,0.01330316200410704
Wa5b0c38fd83642d70001,0.01314899271243466,0.0021134765914184958,0.1153045923228757,0.21009320166260326,0.0744931214745788,0.018364471060738633,0.13274893005807312,0.006539928194976019,0.016504611373876297,0.010732520400072429,0.012920987653155065,0.009587853705600493,0.014449402695433905
Wa5b0c38fd83642d70002,0.012912635441695469,0.001150347261540506,0.09313158701156099,0.16137449017126898,0.06127156496691428,0.01750068246753,0.24071059325341435,0.006877969116102931,0.012884928964176855,0.008873959764938807,0.01060687727516863,0.28935762907185947,0.014796169138515307
Wa5b0c38fd83642d70003,0.013717893065392943,0.0015953934665727256,0.09861667477859447,0.22069997086797022,0.11402605409716883,0.01991959631905658,0.3534330521619253,0.011957038798103467,0.015070432883428011,0.012925702954301599,0.01238707401109431,0.013379714707633666,0.020958487809932657
Wa5b0c38fd83642d70004,0.013227979709777272,0.0012784552747789038,0.09479018777669583,0.17907483875003907,0.2517078308227683,0.017724791686511816,0.3086261198754899,0.00777581183339901,0.014299318445473407,0.00940284691612127,0.010698705720549768,0.009586669613512948,0.014689573172892217
Wa5b0c38fd83642d70005,0.012786857404832283,0.0016460785473142632,0.09282380980073825,0.20511741328715213,0.3166172154939072,0.01954790246870677,0.2187578071241303,0.006688814808359822,0.016867397222676276,0.009687977878166132,0.011168438052866473,0.008766396357961385,0.0138540049523139
Wa5b0c38fd83642d70006,0.013199949498125725,0.0022330365853018455,0.15255884900976494,0.155700281278118,0.27116099496065466,0.017977997030293184,0.2402603957729741,0.005560450980538252,0.01534515274070689,0.01000500414881595,0.011029296002187041,0.008489911468657565,0.023759009849494927
Wa61f059ad132aba60000,0.0007605032199140329,0.0003039695673472916,0.30318708542544653,0.017569566150684366,0.008842666718857743,0.5662911743243724,0.010018439338692408,0.0002050048527006774,0.0017797404805633711,0.0025537219054756538,0.0016483054268937134,0.07729299163418182,0.004016751006182214
Wa61f059ad132aba60001,0.003112578770435397,0.0005697708445597143,0.05168339911587248,0.014444534876039321,0.01475695063160363,0.8078761721673431,0.010456102066236352,0.0001962102880724911,0.0013078295228157993,0.002342346852420194,0.0020408669259507984,0.08281742829229041,0.0030748131125545495
Wa61f059ad132aba60002,0.0070918691461970135,0.0005668581542376287,0.03226681755565537,0.00933211997836551,0.011028833000532756,0.8219445815601829,0.010368001563192501,0.00019355668355555637,0.0012134781323995029,0.0027948416919060005,0.0009310731793357927,0.0939274918714665,0.0040914351084599095
Wa61f059ad132aba60003,0.005009450800144377,0.0005680540314893935,0.029681064264058716,0.009433822139020371,0.010039835543577636,0.8249574644511967,0.00898001953988948,0.00019423974672963857,0.0014912037453175028,0.002795060233420661,0.0009748548058770693,0.09749111021550265,0.003565733803785626
Wa61f059ad132aba60004,0.001305354986132184,1.168571438866296e-05,0.04756207842759029,0.014882901243483944,0.013974110006115922,0.8091867595531207,0.012405399502171356,0.00019286065385968368,0.0019541558693349503,0.002888533330477254,0.002148167143395349,0.0805910489611953,0.005862563702573059
Wa61f059ad132aba60005,0.0024183019200469955,0.0002920158069697195,0.05631779308267284,0.01228047892844193,0.015814698812032808,0.8017235459821596,0.010611459820782336,0.00019474861087262558,0.0008449695538151951,0.002778257677612745,0.0020470975376444336,0.08561752908445362,0.003459696766219811
Wa61f059ad132aba60006,0.004082859405690282,1.1617203007909873e-05,0.05599993961562432,0.009652534823685936,0.01378296431665904,0.8051882545832945,0.010212258726530771,0.00019355117113284485,0.000935422497394192,0.00260809012126838,0.0020241364093347026,0.08628334159403224,0.003564664621646935
Wa857080b36e8cb110000,0.00030637234212347637,3.7186833987007484e-05,0.0053677469152973,0.011382598395807514,0.006123352555544413,0.3582593503557605,0.0005888890048077563,2.4163776199142228e-05,3.633941544401284e-05,2.4276265861964008e-05,2.044713781509842e-05,0.6127379016582671,0.004679331649035146
Wa857080b36e8cb110001,0.0016206396941468048,5.647689215493573e-05,0.005627296259254418,0.017244025213094104,0.006413179683813765,0.29515724643012886,0.0006070522554128964,3.6838628013372705e-05,5.107856742107302e-05,3.6907008670061486e-05,0.00030828801762008756,0.6704799702981197,0.0019308460400900489
Wa857080b36e8cb110002,0.001338548670022671,5.1094375083597464e-05,0.008229190386962843,0.01323405703471609,0.012724231760039088,0.20223144593633846,0.002271348335783068,3.679840751427657e-05,3.664946715104281e-05,0.000587925330073526,2.7620604308309353e-05,0.7557686817519128,0.002483770391488821
Wa857080b36e8cb110003,0.000504161430981749,5.620362096168642e-05,0.010606258378233946,0.013110095074095005,0.017760756199398573,0.23223706644683362,0.0008812049949898058,4.2773853721419586e-05,4.682453328850339e-05,0.0005914900705502433,0.000586823098197191,0.7210852684634322,0.0015098256624736753
Wa857080b36e8cb110004,0.0016355261211588098,7.455629842845036e-05,0.011603355294110822,0.021693012227026753,0.02776376064563976,0.18877801961435403,0.0009016888063499445,5.160282465935139e-05,5.988388918609934e-05,0.0006043069415955048,0.0005991008015136301,0.74334408048087,0.0018808339770605422
Wa857080b36e8cb110005,0.0010598955514059356,5.5679293974822594e-05,0.006196733666503318,0.007385931762693279,0.01942545819393184,0.19927594619653458,0.0003303669550133692,3.927126597008978e-05,4.346825361648341e-05,3.6155378550646255e-05,3.007558824176147e-05,0.7638859001176137,0.0018077985718068905
Wa857080b36e8cb110006,0.0021681634365521645,4.6704165495464804e-05,0.004037149856812437,0.009152223434226286,0.010308074895295479,0.19089362550894876,0.0005978834485457441,3.125576335580877e-05,3.606382661290418e-05,2.9541960825648964e-05,2.5267824465316944e-05,0.7807911976287615,0.0014644579877548768
Wa90143ff735b972b0000,0.0016186652440307418,0.005241256280363555,0.018269831824481705,0.01484967707464363,0.017299820203230423,0.0015035762685733272,0.0376662319917606,0.2926878949624742,0.21300884793563207,0.011729201044030767,0.2517955017880234,0.018479729949775908,0.00815427430981009
Wa90143ff735b972b0001,0.0022082531220283456,0.0055638060888402565,0.023543320914993986,0.03655867094028991,0.019334110230446424,0.0019754708034035264,0.06626636060853379,0.3224847219623385,0.13516487364199994,0.01947923697431705,0.23431073228119423,0.025924567659079287,0.009160456679095805
Wa90143ff735b972b0002,0.0012097808905529633,0.005184764147201413,0.019367570381170592,0.03240927544016226,0.02165948059970847,0.0010563585431921062,0.00803914793009903,0.2787019923144742,0.2807478874490286,0.01265673572049929,0.22001244447380128,0.015815041409152058,0.008675155124359972
Wa90143ff735b972b0003,0.0013470070323451419,0.0048328067679201695,0.018919873697587037,0.02026653286486768,0.018713035175693404,0.0005925496249959903,0.008746569981970072,0.28329839920740724,0.19104383577776995,0.010992585331830618,0.3031165578605527,0.019004921636670693,0.010031870784886087
Wa90143ff735b972b0004,0.002121165628139142,0.005723756627217973,0.020758875275454444,0.02758281799589148,0.018051183519698207,0.001356680416467723,0.017684028294717807,0.21804016212971233,0.20622504232416508,0.014643955286787655,0.3025394038007954,0.029067808616707613,0.011504448218545743
Wa90143ff735b972b0005,0.0014010921670075654,0.004516925606771376,0.026739505124876745,0.01308527119592723,0.017629196932792298,0.0010053703534206762,0.015554436669861551,0.17730958786097217,0.2530879873025031,0.010630567636634945,0.3410104472465813,0.01975981164881441,0.008967400953624511
Wa90143ff735b972b0006,0.0016221260144279085,0.004954865276448915,0.021789089432687783,0.010705970789940643,0.01869929624819165,0.0007273329604125323,0.006093733673408329,0.12953950353511864,0.3132022715988684,0.011056872691958151,0.3488685226651801,0.019337075188770043,0.007040940118476716
Wa93c026225e11f340000,0.8153462868715249,0.11496811601704422,0.004821117033080619,0.0034282453436313047,0.0042718488382748375,0.005650234517769797,0.0016674504601280442,9.002506309579574e-07,0.0009270848487684109,0.03129421891499254,0.0016756126801398623,0.0017608009152743718,0.004449606887190309
Wa93c026225e11f340001,0.9125609100416512,0.0011123165568855918,0.007321167614055912,0.003428596913308149,0.0029662123206943723,0.01796588755877766,0.0016681634117188618,8.211116311773411e-07,0.0009272364677186379,0.02211872089218367,0.00222983702219409,0.007872051973344067,0.005559318429478797
Wa93c026225e11f340002,0.8327456857849803,0.1106696455005746,0.004173180349054256,0.0033359349747500142,0.004823522940748455,0.004725005869518429,0.0016675726629947843,6.993607981489062e-07,0.0009270801483809066,0.016269167455898504,0.0011129185525034012,0.0023163554376085453,0.004075789496815214
Wa93c026225e11f340003,0.7051084125186213,0.0022270693852017,0.006218271048371058,0.002788262001538284,0.009194626763623698,0.0038921121737092,0.0016684232023252193,2.2010577160747573e-06,0.0009289782654613617,0.24181327155953355,0.003005826754281996,0.001670720443332064,0.0068329553828626625
Wa93c026225e11f340004,0.7709077518181616,0.16736441205072478,0.004086532595692638,0.0033377570854228114,0.004368309401466295,0.006023358378235312,0.001668138271935535,1.5003664980859161e-06,0.000928017925595122,0.020921050782017395,0.0011150082354676265,0.0017617714676662036,0.004911418031055138
Wa93c026225e11f340005,0.9205466751906192,0.0016739751360992418,0.007483563800618895,0.0036276951178212786,0.0035429673058700417,0.005294913828073886,0.0016733964069946606,4.771533917319138e-06,0.00037811827138306276,0.03208634601090524,0.0030600725667275426,0.001213097679403549,0.005295291243596269
Wa93c026225e11f340006,0.6819168053372187,0.24349389584853112,0.00515005520124057,0.004637368572781414,0.002887151290541577,0.010564547200509013,0.0011136559997385418,2.0849516947476657e-06,0.0009292555947222344,0.0247125429590927,0.0028004627680775244,0.0035226216186997365,0.005837686016034418
Wa948226053bdb8340000,0.004291766026863279,0.0010345935166821486,0.3262896603160059,0.1865915406128382,0.14442296197147655,0.10292602088566634,0.0156261500219436,0.05923873918504543,0.002098922377521788,0.09885291158821863,0.009421225724803585,0.0013576883912387238,0.01190218187921445
Wa948226053bdb8340001,0.003987442398580024,0.00029917262586318837,0.4051573197657643,0.18697887104092356,0.11873827562613833,0.04747403570640318,0.011560291414746057,0.07221185519396663,0.0028478767297580297,0.09160227451473373,0.010429631878638093,0.0028091294907899036,0.009642792538035523
Wa948226053bdb8340002,0.00198826539394858,0.0004551144462569045,0.38006342852318664,0.1296087586237984,0.08911334070251178,0.05121405785972331,0.012020167937586592,0.05932948425076132,0.0035519868223417733,0.21785250495454073,0.010384534219421095,0.003217954011448458,0.00911933921533436
Wa948226053bdb8340003,0.0019848137690895414,0.0004418687686353597,0.3765888719074879,0.1265859258935391,0.10492790046916334,0.06403478117437607,0.013417226985332239,0.06507737963008348,0.0035436218600524393,0.1894623635240953,0.008819271019910065,0.0037691182983687357,0.00825282492626849
Wa948226053bdb8340004,0.0041281018816337195,0.0005242495917646292,0.3736158377757494,0.12800281862881174,0.08790083565921845,0.038451679329222284,0.011689565682509064,0.09110424784657518,0.0034986803073837583,0.19575448226243028,0.01166422867199647,0.004908438104143228,0.009322434714354557
Wa948226053bdb8340005,0.0029507870417208584,0.00043622688695238063,0.3919010223776317,0.12563887376802024,0.10063604867396393,0.06560045121621963,0.013993220676847053,0.07200800613241072,0.003649444631857511,0.16767021697756196,0.011001449674454253,0.0037520404242931326,0.008490495620797426
Wa948226053bdb8340006,0.0030627641089615095,0.0004128272997350971,0.40956483979545355,0.17051507402850657,0.09267864878352515,0.04323592199152387,0.01166861902469354,0.058699361582599564,0.003493689921395486,0.1499754826113407,0.012336059869771687,0.003440776529453646,0.009242196511635025
Wa9b31ae7cf2469740000,1.4634573562371817e-06,0.0005574888186785784,1.3738427341496148e-05,0.0009830952054082445,0.0005650241285390594,0.35273726718821447,0.0005615447771176889,1.3539879799197626e-06,1.6266989334109457e-06,2.1190993438341153e-06,8.414186559961928e-06,0.6405346516899435,0.0038906747676209705
Wa9b31ae7cf2469740001,1.5099340224693038e-06,1.9947499133943394e-06,0.0005727967641178625,4.472521482476549e-06,1.0778069314748176e-05,0.3503007281786289,5.196397620541885e-06,1.5281425882868767e-06,1.4453082417050947e-06,2.0500572333915506e-06,2.5619856793274448e-06,0.6459229759082306,0.0031698841887896436
Wa9b31ae7cf2469740002,1.4346680973060489e-06,1.8951921263128776e-06,0.0005667827922408269,0.00028237331485052487,7.039718870648625e-06,0.34988738582999174,0.0005765130036289416,1.4470639849083671e-06,1.3660007880519653e-06,2.2672333992242293e-06,1.6391364708947924e-05,0.6451706628966362,0.0034826270172409976
Wa9b31ae7cf2469740003,0.00027922204143341717,1.9073782504659548e-06,0.0030667535750688478,0.003895969475159984,0.00390772303184117,0.3375068772054475,0.001694868717117866,1.408581800436375e-06,0.0005569626856203797,1.7329707777088132e-06,1.9849071834973285e-05,0.6442806173340091,0.004228182522108681
Wa9b31ae7cf2469740004,1.5813029020027835e-06,2.0888364978759027e-06,0.0005670269680126125,0.0005606481064388164,0.0005645182177992806,0.3181923793983665,0.001692720055880402,0.0005569583418787934,1.5465845845389272e-06,2.2287149217665794e-06,1.8713431354292592e-05,0.6740363411870499,0.003800882025500716
Wa9b31ae7cf2469740005,1.5536564411219648e-06,2.0524775289798435e-06,1.0300073521380749e-05,0.0005601041495230482,7.622406685186629e-06,0.3261398539040941,0.0011248872186281828,1.7402509618408813e-06,1.6666662707714263e-06,2.1899461075514956e-06,1.0481894804172966e-05,0.6688797881842269,0.0032557137952380372
Wa9b31ae7cf2469740006,1.5393066325626871e-06,2.0335199603636428e-06,1.3626068137194396e-05,0.0002832365420207706,0.0005639109772723335,0.3494798305922796,0.0005816177868687876,0.0005571133962217266,1.5001498027257512e-06,1.8061281310797552e-06,9.090907924213e-06,0.6453560518453972,0.003146578710336725
Wabb35a3a44185f260000,0.00010537626870033496,0.0001337149488252405,0.01948263877914355,0.002154419264955165,0.00480761545727378,0.030931219090451333,0.0004523172633334302,9.141054683177831e-05,0.00029578987698290445,0.0016821602948375919,0.00010304311655806569,0.9207947571609959,0.018809787827402804
Wabb35a3a44185f260001,0.00010954152028354762,0.00013895351868826772,0.021718269347552235,0.0018941636764637304,0.003830908663991788,0.03343817422993984,0.0004589625284568419,0.00018796393498154854,0.00029158024593630886,0.0017474286047258712,0.00010708004090038136,0.9177479266248459,0.017604707171997833
Wabb35a3a44185f260002,0.00011208460590047849,0.00014063947259104303,0.023278512159057397,0.0025312560540172117,0.002665214285574903,0.0356365168428624,0.0004388749850244249,0.00019100125030563846,0.000292871144430544,0.002156508437092931,0.00010837925007928267,0.9148513783544219,0.016876916749833486
Wabb35a3a44185f260003,0.00011577067346307663,0.00014374009838641466,0.020960136779315137,0.0023749378774744557,0.002999425149009446,0.03441170983919436,0.00018395219653329835,0.0001590581554346883,0.00011006009744899279,0.002352277445638807,0.00011076867355475683,0.9189083356111809,0.016446522091940082
Wabb35a3a44185f260004,0.00011206166866468735,0.00014061074358951586,0.020772247834631222,0.002530437606871773,0.002969859430074757,0.03207170502858266,0.00016106428703843804,0.0001808278107607998,0.00010766398295754797,0.0017702752660986242,0.0001083571322885986,0.9217520599260852,0.01660410453859924
Wabb35a3a44185f260005,0.00010980521167802065,0.00013928798442702426,0.022472007685819573,0.002619311183053402,0.0030679123360410655,0.033160753367387025,0.0004567918835785099,0.0001666777796645566,0.00010665116209500649,0.0010221706734559858,0.00010733779121416323,0.9188148600175247,0.017595258817921986
Wabb35a3a44185f260006,0.00011432861046754932,0.013326008026459593,0.020575493100137527,0.0027427463377201144,0.002764795791740679,0.03183712595294243,0.00045799660613548334,0.0001353231809789573,0.0002936033022924235,0.009003110511072799,0.00010852058166620087,0.8969046008837235,0.021552608558776377
Wac33d09a667cb3570000,0.003343343002211597,0.0011845903142954205,0.008626734254753602,0.06956345794680446,0.02537608152502194,0.027383964604924645,0.0017824770066708097,0.7293652410970639,0.003945244931987588,0.030237602694419944,0.006719387613638257,0.004146565113252204,0.008509526061032389
Wac33d09a667cb3570001,0.0016719686358402728,0.0002824504572905343,0.003076676584772716,0.01613711870038437,0.010426064171655,0.010400406977589732,7.632043091219856e-06,0.9212767936948809,0.0019479595267107733,0.010416748024014884,0.0036276115090186863,0.0016731484255369286,0.00463393358925304
Wac33d09a667cb3570002,0.0035746311274828806,0.0012710685328305123,0.009188558545787642,0.0837488850049838,0.025979894269003465,0.021627491523620396,0.0012073069345824945,0.7353219024979176,0.00267968850832156,0.04301560318947778,0.009008199815404086,0.003598737556544744,0.007897991894745061
Wac33d09a667cb3570003,0.0033411059513684,0.0012299357681691961,0.009216960931487871,0.06597155757058998,0.024378206937632027,0.02225664363079406,0.0011572842602988688,0.7329422895747588,0.00264920335133198,0.06390725099827191,0.008640577407714121,0.00413239435864731,0.0074968164192463745
Wac33d09a667cb3570004,0.0011683270716420578,0.001097023305553328,0.009723807943297094,0.06047704451495758,0.022187483184003664,0.020996432041025557,0.0014232177940388781,0.7219163592046106,0.002274792245357852,0.05512834773250741,0.006504494636577655,0.004522620360533339,0.0067985994183151445
Wac33d09a667cb3570005,0.0029986301595171577,0.0011713786982667975,0.010819828996950102,0.07894257771650573,0.02273495694726517,0.023417128646614976,0.0011965402613484761,0.7329228882083718,0.0023280784046412874,0.04885801415707976,0.007822602199774712,0.004012922074296358,0.006709017212425802
Wac33d09a667cb3570006,0.002945759248085921,0.0011265637141852673,0.01063021932941339,0.07691729941232678,0.025939762005063573,0.027469230661710996,0.003367259829133416,0.708515134710865,0.002850446754052551,0.04878963329156033,0.009009839999351796,0.003987181554590604,0.0073805548746633965
Wadaf8416360a220c0000,1.6328952184269315e-05,0.0005620724632967531,0.0014403687286723402,0.00106994251089879,0.05668278351463616,0.27298615175976504,0.0009323375991248042,4.008890459317212e-05,6.067763429021547e-06,0.00029519319049488936,7.893993158267908e-06,0.65343545372244,0.012516429302554971
Wadaf8416360a220c0001,0.0005679005180404079,1.2709393966797199e-05,0.0020446254955636066,0.0008577827291323985,0.03807857271395244,0.2963524538253041,0.0009381718861011705,7.985626017199067e-05,1.2695922760849197e-05,0.00032420478315697365,2.2419186466345433e-05,0.6378135935907527,0.022874911560716374
Wadaf8416360a220c0002,1.2639313874805597e-05,1.2983401665043906e-05,0.0027225178365821424,0.0007501892312521579,0.09742503228523093,0.22863475202882508,0.0005699813552691185,7.94631812992259e-05,1.3608818832514916e-05,0.000320801497366904,1.9460007747606146e-05,0.6493399557191459,0.020077027918795627
Wadaf8416360a220c0003,2.772086266064842e-05,1.3257368469295498e-05,0.0016564481176346599,0.0008621975567498888,0.20001253114581316,0.1540965801079499,0.0005686606976587114,8.126619348980989e-05,1.418739295253414e-05,0.0003337205656062545,1.2849822113750416e-05,0.6247986321055068,0.01750065731045715
Wadaf8416360a220c0004,1.1587739950947496e-05,1.3689409579528173e-05,0.0008095183212109069,0.0008590863367020614,8.214178232847342e-05,0.3416289299264292,0.0007078776629335029,7.885168195616044e-05,0.00015354355423451645,0.0003205831125392984,1.3265866472205438e-05,0.6306616255133128,0.024636286227977953
Wadaf8416360a220c0005,0.0005671594147743892,1.3708565802103696e-05,0.00101942350265793,0.0013035619319351766,0.00040329585690279657,0.3546309004099107,0.0007076906531493794,7.622430513778012e-05,0.00015243775523107516,0.0003223538141824339,3.134007436409985e-05,0.6169710064286923,0.023778018278037192
Wadaf8416360a220c0006,1.903677061401201e-05,9.553255748560828e-06,0.00047777312656282616,0.00029700974650076603,0.12063001086531068,0.23681321380613993,0.0005650215625051643,5.634243187403268e-05,1.0016728790075392e-05,0.0003085224561946956,9.227816316516995e-06,0.6286856927669273,0.012102869622326666
Waf4284369bd947370000,0.015501089546006932,0.0036959908288069572,0.09915877660190821,0.07055962423467221,0.02513075216485003,0.32775446622640453,0.07768021630597412,0.009751426138546104,0.006943489449490823,0.05340452471684166,0.022487449650709146,0.005571750654423348,0.029358964700009826
Waf4284369bd947370001,0.015602871849657841,0.0037928357022848154,0.2365797645818233,0.0642393122065708,0.02420727950123149,0.3600905795055754,0.08085881962039297,0.008541613407939734,0.00925964496591493,0.05759594720140116,0.019968274076918594,0.005637204976861623,0.024226332954107897
Waf4284369bd947370002,0.01880948344970074,0.003793411289625123,0.2715716584743761,0.06131865800325247,0.027286182266050882,0.3485550923834464,0.06545096439976078,0.008965640849582391,0.007540278672420904,0.05265288154079764,0.021208909737252812,0.004117536154188333,0.02412459459442923
Waf4284369bd947370003,0.015554532314958656,0.0028650946603204297,0.2046172204977073,0.05319304124991229,0.027117134083964094,0.34622849956659657,0.055134599869970755,0.008530286509630659,0.006524260348327014,0.049119847002077395,0.01758467960403695,0.004960139906594396,0.030920901864492843
Waf4284369bd947370004,0.01832803650836045,0.003987564247994735,0.23991819120714966,0.08140670234692282,0.031268747061783925,0.319319804578284,0.02228095848921144,0.01027257271357973,0.00887328216967569,0.06263363974885033,0.021749083999307216,0.006181385153433014,0.03517524640742907
Waf4284369bd947370005,0.015152610325410182,0.0035850582574231582,0.10439355644663523,0.05644667629766121,0.026164018101652604,0.3336987576417343,0.14292729616297553,0.011609095931880838,0.007405239655464163,0.059135361338437074,0.021920214944883682,0.005773382195635922,0.03336945644579991
Waf4284369bd947370006,0.015537579536513142,0.003267495062703659,0.10046214650972331,0.07207990143250263,0.025340409077449496,0.35047010483089774,0.12914263310202548,0.010475152418021279,0.006567759470089749,0.05454145279129216,0.021040142248705925,0.005425977098522788,0.030817284717130137
Wafe031a9dde0317b0000,0.005280028729006552,0.5956379632387039,0.00111706620776116,0.0025027339595030183,0.0011128169755491991,0.0011143947000006778,0.003800639780009211,0.0056323643410235305,0.3490168096823474,0.004263841341879026,0.023829021372407277,0.0022420028159400008,0.001667797502134484
Wafe031a9dde0317b0001,0.0058383557094536425,0.9287536732389151,0.002783705680130471,0.0019472863954828952,0.0016685175250681326,0.0016683647072836222,0.004979085715575432,0.005247115817802229,0.015677594692652636,0.005004978225574067,0.02131309405669641,0.0012234035756992718,0.0016677926300439601
Wafe031a9dde0317b0002,0.002224522867620478,0.6330040812864791,0.0011169826952644563,0.0008365032764260995,0.0005572414381243195,0.0005573624404639931,0.0005602377719784751,0.006140484853879529,0.33758512202959046,0.0014855989190829552,0.01138785128463523,0.0008345082930929021,0.0022233364963171183
Wafe031a9dde0317b0003,0.0016689091751273262,0.6322620903724212,0.0011169826840654053,0.0008360247201302077,0.000557241436510309,0.0005573904353647116,0.0005600821769906582,0.004504558821516377,0.34163534855079913,0.0014855893565684536,0.010271795200677652,0.0008345136168955743,0.0022233471584608595
Wafe031a9dde0317b0004,0.0022250372864066445,0.9550563219100501,0.0011170163158555197,0.0016137621095866541,0.0008906730651276452,0.0011128186840613321,0.007759118219714144,0.003178731223575648,0.008968205460291855,0.0013377836445025062,0.012139984422263238,0.0005567399125393605,0.003112225025129419
Wafe031a9dde0317b0005,0.0022248991130701984,0.9657735156651516,0.0011170246122326468,0.0011139549337397003,0.0005573590928059753,0.0011147163938130468,0.0017745423731524768,0.0023842041694928685,0.006690478461829041,0.0011153098122866334,0.011589105488540296,0.0008345191403638765,0.0022233386642558843
Wafe031a9dde0317b0006,0.0027807190317856367,0.9647485922573779,0.0011169923383403447,0.0008360282812489541,0.000557384969726175,0.0011145492316133197,0.002548052709633048,0.001825476175462547,0.0061132357583650486,0.0011152435882329698,0.011866383433327266,0.0008345165189071409,0.0030566710790096946
Wb332d3101cf4d1c00000,0.0065097482840782775,0.004310036933930717,0.03791865013278171,0.3663398385364481,0.08807754779457642,0.0195801358414394,0.0775270197481204,0.019249917986003565,0.005663922397720102,0.05620607279235961,0.02498059496168328,0.030460871062708176,0.07141159565772612
Wb332d3101cf4d1c00001,0.0030443319416324087,0.002893165492491339,0.03746150471461114,0.24554230914488742,0.13303178146440403,0.01809892244600296,0.021411651896485098,0.011729886562941593,0.0037399319664509142,0.08372656144969406,0.02409873588283977,0.032482261403288054,0.06077075408524628
Wb332d3101cf4d1c00002,0.0028686778580596897,0.0028431600981458608,0.03760780815219549,0.0409734166189823,0.04475718015587873,0.0198563772211072,0.1680085043340568,0.009769275982032291,0.004457286211917671,0.052163502275086454,0.030026291833272104,0.34636984955678457,0.06266964200796937
Wb332d3101cf4d1c00003,0.0036601136534267003,0.002973034080263013,0.038898772247454715,0.04188945489406129,0.046015674594800104,0.023002700544802763,0.15532930870502773,0.009514158067389467,0.004440664194408574,0.05691558600451755,0.031135108850045293,0.34600475904156336,0.059570334974542345
Wb332d3101cf4d1c00004,0.003918350894024769,0.0028783736475898256,0.06461136319850791,0.07018409365786069,0.06231126389856891,0.034069697555291975,0.03752746277004957,0.014687190415890337,0.005303691462045695,0.20005923175405133,0.027907192433727118,0.08227058119473968,0.07144366753403195
Wb332d3101cf4d1c00005,0.004240378294701488,0.0025035356561639932,0.04997594954777286,0.11548446823291311,0.06131947611976097,0.0395329329339923,0.12566155383201472,0.01411750424100714,0.004413637336932406,0.17930521382967235,0.03427352809239808,0.03836825243261323,0.08223699460070405
Wb332d3101cf4d1c00006,0.004705774101319925,0.0019371962280180812,0.040632452458421404,0.06324375862222054,0.04389946175138823,0.02584819000104024,0.14073493148891827,0.012409693482243434,0.005342998371101591,0.30435925863571395,0.031858950921119,0.021128027254120413,0.08328582725663164
Wb37ad6ce89974d2f0000,0.005585392662245786,0.0027933839533278095,0.044700463819906625,0.04216551004498149,0.14126208301219095,0.03958793614063433,0.01450724809678631,0.0165196062874807,0.039331528413258446,0.044198692815285934,0.4114396611640386,0.013885868103424855,0.009464888116497858
Wb37ad6ce89974d2f0001,0.005312170755072508,0.0029689893145700167,0.06153074598020341,0.038874468478301116,0.0820297404336921,0.04350055682541794,0.020628613917210915,0.020032418293721328,0.03595057605154768,0.0539607761853979,0.40515159296448006,0.01632988210099378,0.009081093573242242
Wb37ad6ce89974d2f0002,0.00726275052520789,0.003076805214785192,0.11079590252980542,0.042382558708071096,0.0826740556766084,0.0359645897753015,0.016613144306567244,0.017000843878148587,0.03092135173865715,0.04942334080219616,0.4076554956490504,0.010040876686607575,0.010471154384411362
Wb37ad6ce89974d2f0003,0.008386675387199564,0.0021951390462984295,0.03793865478848416,0.03263583673697236,0.03228589636680257,0.03035318657084593,0.010591248257888777,0.024754226878355184,0.028342146642092798,0.03865985182026006,0.4517129529295378,0.01030469164779428,0.011582348017272369
Wb37ad6ce89974d2f0004,0.009843996793130104,0.003082025240834912,0.07066056698330547,0.04118128268945089,0.04633293510896038,0.03792503727517223,0.012471383413472505,0.028752773822174397,0.030765997818617365,0.04106917883107253,0.4186305687364534,0.011926843572654344,0.013896095235885348
Wb37ad6ce89974d2f0005,0.008612145745353352,0.0041951974524856335,0.08343601887648643,0.043212412651090916,0.0431754293444467,0.03612981763944863,0.013348435087482891,0.020687231815946772,0.0338882619258135,0.044030869990250986,0.4144707260310336,0.022788754043393596,0.013511864299977114
Wb37ad6ce89974d2f0006,0.00929632360004551,0.0029248550994340847,0.07637111204394724,0.04355717256166647,0.04118971682008629,0.03258042685761142,0.015043783094373932,0.023336458297777297,0.029262165432128232,0.040815055466160884,0.4254451396098154,0.01894510348215118,0.014304048766381389
Wb704079f55322cf10000,0.22753493998790264,0.005229405426367028,0.07816481006953863,0.04377376757625851,0.032280644609328,0.05157160414907868,0.0073340396524555354,0.06616017106737508,0.12559592533281524,0.07747446331237784,0.17801751983419825,0.013760243870175493,0.026638149675674915
Wb704079f55322cf10001,0.23241097266387462,0.00443884643535219,0.10969652144818529,0.11185989935624309,0.03218994465966105,0.050427838252496214,0.007108999824515257,0.06562797780252713,0.07923371490816375,0.06809800001742074,0.15118082950267925,0.017519452070615976,0.014277968379849234
Wb704079f55322cf10002,0.219018436843358,0.005471190688356473,0.08044172226196543,0.06425277500837147,0.043743162510096224,0.03802304125684186,0.006509469012477746,0.0693435115921659,0.11534792875097273,0.06629932999152173,0.17449861401931857,0.014001937552541326,0.01833388397265516
Wb704079f55322cf10003,0.24743204365576768,0.004819679736686666,0.09491744458244494,0.08908142996567651,0.040671784485063346,0.044545480905312074,0.007761171028782346,0.06314486902212889,0.07148598493630566,0.06465057651802035,0.15337008176408704,0.012707675395638636,0.019365682484790245
Wb704079f55322cf10004,0.23421712794388702,0.0043142680206111825,0.11343616201393196,0.03700729099326458,0.03297916655546157,0.03365658873294358,0.007256315854446542,0.07064538528036465,0.03961526694716974,0.05271702019691076,0.09383743544792515,0.013354131954053942,0.015913350424366313
Wb704079f55322cf10005,0.22692831621323703,0.0037627663118379707,0.07609294100722287,0.041523041220476765,0.031140881257766692,0.037358686272803955,0.0058672971084643075,0.08187740457431045,0.039955230206219494,0.048011908124625864,0.09390640870101082,0.017909140503911358,0.0149563067297792
Wb704079f55322cf10006,0.2177910037309482,0.004514507126612215,0.08611200986772094,0.08873819126694023,0.04151420992348128,0.04870786624786966,0.007461544711228713,0.054770445390748,0.09395034993134478,0.06521534737775661,0.19152367039820478,0.014818942646929466,0.017825991522430494
Wb7130727df9f1e840000,0.004819744858417799,0.0024308805763616896,0.030206878768091517,0.013780951418961305,0.019866862475754782,0.004383582282848042,0.03786891468763138,0.00428697462557166,0.006770206978578474,0.01665727916150446,0.02986641198915504,0.004388791212186741,0.30819776006622546
Wb7130727df9f1e840001,0.004638681094750549,0.00403356247135718,0.03336471053043242,0.012937297772973552,0.018499974288899847,0.002095435150249269,0.023669461101480008,0.00493942461378015,0.005127700937299484,0.015824146317119727,0.03228644397895976,0.0042153227369630016,0.4460607229786726
Wb7130727df9f1e840002,0.005434990037891625,0.0031668415092554617,0.032351580523038666,0.010976627846921246,0.015237532166528489,0.002828912205891076,0.03143127418091164,0.004763311105892505,0.005092149156137668,0.008172279760194537,0.03363069241488678,0.0038991381199733823,0.4218954175082395
Wb7130727df9f1e840003,0.0035992245172184584,0.002350116494154528,0.02828809780595556,0.01270743121254606,0.01708676044829917,0.004398529116757138,0.03811751232579295,0.004383447333033087,0.00539629102857131,0.013902143497815682,0.030240145977550825,0.003585830442636263,0.37691733413252343
Wb7130727df9f1e840004,0.004164529599004582,0.0018020133005025396,0.029758286488898483,0.013278250180786667,0.0175664799599232,0.004141501282805322,0.039314367117342174,0.00536315196119877,0.005810070908077187,0.012371019362519727,0.02893442880787463,0.003608145079592127,0.35565532065847266
Wb7130727df9f1e840005,0.004313349537510096,0.0023317509439732954,0.029046769667385494,0.011339650757054238,0.01665968086436059,0.003538799251882121,0.033587029368590655,0.005985937388536498,0.006019399651375704,0.012195673127353758,0.031118251700365158,0.003805033519841339,0.33867921812032115
Wb7130727df9f1e840006,0.005978265039477053,0.002879533386391161,0.02384933250447235,0.01216758506259599,0.013480186260102415,0.0019435661927909307,0.020431999107244424,0.004830093874943645,0.002556103682213104,0.014568257650227663,0.02380549646020921,0.004014624903301204,0.398297830750112
Wb744190a6f40adfd0000,0.006937065368570996,0.00036034660901105014,0.5863742968290848,0.14448843322434698,0.048648276894749105,0.026341108691926383,0.020123199726969278,0.009971635271062942,0.008942729144444338,0.024173087871131413,0.012916359423892078,0.005270321774682382,0.04430766324564709
Wb744190a6f40adfd0001,0.008078318405243015,0.0003988943828972572,0.5794884065279727,0.14275507261312567,0.0440758751657126,0.030931585785830107,0.0224781245077048,0.010045535988138081,0.008919658668188508,0.02514144159305098,0.011823329871445748,0.005748621567232126,0.0412051108672039
Wb744190a6f40adfd0002,0.00955049930800064,0.0005765422335894111,0.5400152800246782,0.1668454862401073,0.04525887477309798,0.033219306658923906,0.023861501294088032,0.009327738679784111,0.007166497191828313,0.03786923842027601,0.011124602695082851,0.003276470196275752,0.04027271705944538
Wb744190a6f40adfd0003,0.008544501726821876,0.00027799856273191977,0.6678705390327146,0.05858453009742735,0.045100336995685185,0.03235703431695382,0.020176325949954353,0.008241165524418195,0.006498632694848428,0.021911077330164376,0.011733239369081406,0.004137033592665254,0.040297718271063765
Wb744190a6f40adfd0004,0.009051299208404712,0.0002118371518405753,0.613316392491174,0.08423890786984041,0.0419865413431217,0.05533170602581123,0.02514438540534021,0.008420788080297316,0.006568060115050418,0.021744532994932307,0.013108670586460761,0.003757079500961847,0.04787039334406627
Wb744190a6f40adfd0005,0.008769737731464331,0.0005805301428727575,0.6246271536753448,0.07652016732736107,0.05287457361031279,0.03164033102980002,0.021563736904294622,0.010054352438290786,0.006798410420695015,0.024633895946653318,0.013248351014782863,0.0044061942765628226,0.04731373703534276
Wb744190a6f40adfd0006,0.011433027167142056,0.0008640700637122926,0.5872268601020412,0.09134688329243079,0.04841780201598409,0.037534498644177974,0.023656864833338388,0.011196061946221577,0.0071823143527347255,0.042871304822530605,0.012442240615719894,0.0029667889617298574,0.04832743663358888
Wb778ed4071abe0380000,0.001922377805094267,0.002546874077680896,0.010310333193863744,0.009765192562038135,0.006167624666147963,0.0008668595771458514,0.00997700493767269,0.011496143926425279,0.005905771007600465,0.09560606325618638,0.03844196230934855,0.008892983527931888,0.018870140475566226
Wb778ed4071abe0380001,0.001244085611655721,0.002034467007735529,0.008845021277614808,0.010454864385173896,0.006990286666997596,0.0012012279411314306,0.010097977377590753,0.020972464433968656,0.00603505106670267,0.2821879537656045,0.045514352659294446,0.00838282368063361,0.019052680110251574
Wb778ed4071abe0380002,0.00098491791228218,0.0018251047919721453,0.006815500990687824,0.011325619535371947,0.007027783249591081,0.0011231784585650727,0.01434826368235666,0.015339701186519259,0.005652458570581709,0.09025018421017426,0.043782615749196084,0.00972292503879171,0.020976290726354496
Wb778ed4071abe0380003,0.001413853799529516,0.0020354104508433276,0.015536934213933819,0.013839540475951458,0.00750887249614262,0.0008121833852761203,0.1546693920403098,0.010499020496128893,0.005113427920378764,0.09709794017003293,0.04215901081850404,0.006361739765836674,0.0250708987183054
Wb778ed4071abe0380004,0.0009033890217533579,0.0020941292470067277,0.01611254226760602,0.012725245855949719,0.007566265988552018,0.0008491962394154658,0.06821922231439832,0.011674729381923587,0.004266723859199114,0.08148910168049907,0.04724657777436231,0.007129457751714276,0.02320694693359294
Wb778ed4071abe0380005,0.000932155585173339,0.001748256690446816,0.013042588900932238,0.010447738682562014,0.006729897734764925,0.0012730332665045465,0.01659782549801594,0.013462615664542849,0.005911067514238468,0.1133692664662952,0.04373081313212268,0.0073535037739548,0.020073490768192596
Wb778ed4071abe0380006,0.0012691076255199215,0.001876362048957587,0.009435400165592973,0.010633445464448686,0.0053816950817009105,0.0006625073930093307,0.013895006112020318,0.012395899285074567,0.005509655423012681,0.27405474996431145,0.04125590420980916,0.00627323751801107,0.018848101758329856
Wbb8c4883dd3019a00000,0.029684953732833027,0.001554547691566336,0.7281948257987451,0.06813917408580433,0.058943383946495245,0.02751996972086203,0.016988605898705683,0.014067393171496186,0.004212365052058818,0.01334071345806966,0.004360993142577006,0.007826456228872989,0.004821703943998003
Wbb8c4883dd3019a00001,0.02141204558325784,0.0015372116798404694,0.7276731697658864,0.06036423348999321,0.07236434312435402,0.023712606787327575,0.014999472685204025,0.014458819160741975,0.002895576520101094,0.01684015327888907,0.006311163415470737,0.008707001449718853,0.007386249049709828
Wbb8c4883dd3019a00002,0.021140100852786784,0.0004249584936592706,0.7171868686244296,0.06021157122438847,0.06896510183606641,0.025295360395602342,0.021499242428324263,0.005835138579986582,0.0029636443651196915,0.030586530072371998,0.005362345802192682,0.010714536327412115,0.006370001822577587
Wbb8c4883dd3019a00003,0.021174273348280755,0.00036167686271374957,0.7241386890128579,0.053456921505546484,0.06425082570095052,0.025373791390587264,0.0217056623752736,0.006276954113679146,0.0026152105950727708,0.03792484730725052,0.004855505603597699,0.009580006818146285,0.005442046846794772
Wbb8c4883dd3019a00004,0.023826255849819733,0.0010088787907160258,0.6923861991253402,0.056796848973020335,0.06403886286477582,0.026105463296098284,0.018275898354237183,0.009743725843299715,0.0031702145789931813,0.05590509234832286,0.005965453664804242,0.00847528382100954,0.006178495617388226
Wbb8c4883dd3019a00005,0.022877172475954496,0.001542535247894109,0.7108030576162755,0.05550977770669155,0.06772007313235745,0.02334869344716685,0.015600624302098317,0.01588843141177549,0.00339166005695426,0.03960007336408958,0.004390997246406855,0.008877379343749717,0.005307275877003287
Wbb8c4883dd3019a00006,0.030894515187142698,0.015401030351489226,0.635563165066548,0.04584514661432555,0.06462199875325114,0.02036117502070014,0.012193456582587322,0.012007865370121483,0.0019721502742290732,0.11939087583276073,0.003789141111498242,0.006336200562738532,0.014221264282305583
Wbc1297dd69eb83c70000,1.658987681628601e-05,0.024621867685385542,0.026190462368737132,0.013976165940529866,0.014213230384599247,0.008556791467454127,0.8313133299550296,0.0019083552006353758,0.0025109474547423956,0.006134977527528657,0.018342090061459624,0.002327140077314976,0.01890013728134173
Wbc1297dd69eb83c70001,0.0008487705884892982,0.023672632012141873,0.023243289149035173,0.013532108435581981,0.01365672724977374,0.00974133251638726,0.8483765844297079,0.000752232363547632,0.0017703622541362055,0.006213150726405058,0.012538079270503025,0.002144757158871762,0.014194939938956406
Wbc1297dd69eb83c70002,1.673093130963944e-05,0.02380622401386136,0.032661598984954805,0.012463291699013182,0.013999766266440684,0.011684531392347318,0.8329435847548345,0.0004282262776764269,0.0017703173608963469,0.00613369828221529,0.01460605140600315,0.002054126745618279,0.018631712773885766
Wbc1297dd69eb83c70003,0.000587367813184898,0.021577574231483897,0.02756130076293371,0.013110681682550512,0.013994715376854221,0.012565792342112811,0.8360760547068803,0.002094469311831498,0.002658294266556291,0.007338080503908389,0.017741014887860503,0.0015018961457135102,0.014544140772322174
Wbc1297dd69eb83c70004,0.0005890613855911871,0.022744990821767647,0.032979952153258454,0.01332946988021127,0.012970582111048934,0.011948682616668168,0.8277187126914101,0.00042767236137768427,0.002325628540981753,0.0062456589476964685,0.017860311057931635,0.002616114140009951,0.018171257014014983
Wbc1297dd69eb83c70005,1.8287963900148043e-05,0.023498379241765874,0.020012889988065174,0.011863296800813265,0.013986642540711141,0.00924436010701052,0.8519648669060048,1.3694334911411607e-05,0.00177254366064115,0.0066804924822133635,0.013158849158004358,0.0022399369069215735,0.014749334631651958
Wbc1297dd69eb83c70006,0.0005690827912411053,0.025430954731902575,0.022296392435863087,0.012377572677025066,0.01310303246623406,0.007485754271485713,0.8522450607355723,1.1112999074555817e-05,0.0014923532301389002,0.0066815143139064455,0.006699756338225907,0.0016796990913768557,0.017554725565615322
Wbc29bbe3ceddcefb0000,0.00046269638222280507,0.004815469675698134,0.06809268245528245,0.0025043072039782517,0.002811255431395252,0.0005823075929986906,0.002827727833291589,0.106539837488739,0.34938923363183205,0.16172672632239973,0.26452666245771017,0.0014063155805238191,0.015708241736495324
Wbc29bbe3ceddcefb0001,0.0002681105886924192,0.01961773094936869,0.018783145739359665,0.0020884826085267537,0.002104654853220945,0.000737678918070855,0.006034394145264845,0.0789421186964346,0.4145826229635278,0.1408002135732207,0.25857978704442935,0.0013508443698835807,0.03907408256889915
Wbc29bbe3ceddcefb0002,0.0003057338568777446,0.0054087632677813245,0.01487888991819263,0.002141271397115715,0.0034873517004557473,0.0008116511850198116,0.003268701564853878,0.08874699645921812,0.485205470734796,0.06658159613410941,0.28201912317109057,0.001422398322638875,0.027573619023466004
Wbc29bbe3ceddcefb0003,0.0003023339132320858,0.004848654567076531,0.11660782149618065,0.0021412770859609094,0.002500193832790653,0.000616859995492095,0.0028510469023175933,0.10274990802658952,0.3471617483676791,0.11788051648085693,0.24876276791082189,0.0009200706633862257,0.034454272546129136
Wbc29bbe3ceddcefb0004,0.00026792710704699984,0.005358213947910583,0.0365544696232663,0.002082590794546857,0.002409434884379939,0.0005475665671055709,0.0027155013376055407,0.11205745080874857,0.2812901490961384,0.17065669881879653,0.34184074106854573,0.0007948401268412843,0.026619417292092443
Wbc29bbe3ceddcefb0005,0.000236799373194431,0.005316591401024536,0.05346517863216285,0.0020363347980338798,0.002325563701990188,0.0004799234966186381,0.0021023152418117763,0.12951765912038393,0.21781283116942585,0.29008448840907447,0.25101238599575176,0.0009341903347905501,0.027105515433624255
Wbc29bbe3ceddcefb0006,0.00024021062505891194,0.004765592989559729,0.04379560962281285,0.0020627766884096697,0.002756127995679738,0.00048751457301872484,0.002717297658411156,0.25236034780187516,0.2369678033978692,0.19135055954835972,0.21960563723020823,0.000959133318951856,0.023871886733094056
Wbc43cd69cb14bab70000,0.01534335143661372,0.0031822950750544175,0.1956428522543641,0.0031491658735493307,0.01256852446536121,0.4970747459266152,0.0008203841440060372,0.0022192184659818905,0.00016589633584950132,0.007420350945736097,0.0006823277990680245,0.25427014540986453,0.004915091425125939
Wbc43cd69cb14bab70001,0.0053657841959407265,0.0006911547700884771,0.25781072405473654,0.0038335057300137227,0.024781382452393794,0.48641575725013936,0.0018044273576592457,0.0002365181025378569,0.00010314406281480055,0.0062895636975498674,0.0006339600314098713,0.20628439126530107,0.003887538367822767
Wbc43cd69cb14bab70002,0.0059158869297523,0.0012421333499472403,0.04001942911533139,0.003267718522017181,0.008818218136985226,0.5549686057150656,0.0018177533573646158,0.00029283467607955883,0.00010999156814949196,0.007354155413773344,0.0006326809400137285,0.3662934483579808,0.0074160960266397
Wbc43cd69cb14bab70003,0.0022713254009769156,0.0012188769054716083,0.024592467611911677,0.006767568188200016,0.013203543449671458,0.5896155007332567,0.0021355472777978887,0.0001453372888995401,8.144023721555771e-05,0.008777589747016878,0.0006192230658108264,0.34630507836765806,0.003745307833986694
Wbc43cd69cb14bab70004,0.013116769545887353,0.001966550378081272,0.009634366926079843,0.003049159497124885,0.003159044701539584,0.6988707481379934,0.0012526585316618914,0.002581984953654677,8.72400626041826e-05,0.006896694521300268,6.648265228461763e-05,0.24960480185693038,0.006233268182769212
Wbc43cd69cb14bab70005,0.005613027418394979,0.001408469070600979,0.15007702845582596,0.0030468368032255584,0.005291960639476311,0.5237412402419738,0.0020789582727001868,0.0012741188887642947,8.68892392234463e-05,0.008348479685511351,6.601991957022986e-05,0.29014195061335357,0.007554725810718193
Wbc43cd69cb14bab70006,0.018792469357422372,0.0025594012706533858,0.23268348476248932,0.002933588518449968,0.02432989659154669,0.47241932157882904,0.0033830893111399217,0.0028657540926085253,0.00011728196716505156,0.013986982874545167,0.000644029452440515,0.21178432550364534,0.010225751834433118
Wbdd0baed9376e5c00000,0.32567599550800097,0.0029176010599185434,0.014229007472494818,0.01555904631979639,0.011329584314288994,0.01272750498868611,0.010021470596393143,0.01559677312772561,0.0014802206850352473,0.47634127459546555,0.006107264058520344,0.005183938134350469,0.03406961033833012
Wbdd0baed9376e5c00001,0.3146472253354036,0.0038687887538389424,0.01429157118060378,0.015128271932427703,0.01257895555446046,0.01072155669821985,0.006564110509912818,0.012282384853223294,0.001084918125777645,0.5172780797820349,0.006176967488379364,0.004796769408223972,0.0315380399104595
Wbdd0baed9376e5c00002,0.0698224265219669,0.002927143320373576,0.028432319807960217,0.018800267902235133,0.03649550009208822,0.016311071045927314,0.011758780284543852,0.01702970517647122,0.003234064956805656,0.6267044257687585,0.008849629274876359,0.010009171151609963,0.03925592452452056
Wbdd0baed9376e5c00003,0.3082566695473562,0.0033033194144163006,0.01324946353697851,0.015224305478656735,0.0174481932508627,0.010752375754399907,0.0068566900053172565,0.012477843337919625,0.00198054965868496,0.5145391410102303,0.00402387853331931,0.004799769012142095,0.03044507613336392
Wbdd0baed9376e5c00004,0.3086767366908993,0.003302081968923573,0.018911152233651814,0.0144004461710513,0.014400794724635364,0.00983325939589556,0.006818543324422213,0.011180908058854735,0.0010534646939336372,0.525583289957855,0.0052905002879484984,0.004961837947783023,0.03003609524765519
Wbdd0baed9376e5c00005,0.07342777691231774,0.003091305757029986,0.02404113775268885,0.016801015597223443,0.02460359556475342,0.01524098885656742,0.01337107664728883,0.020648983837310102,0.002848506081368858,0.6460544428577201,0.011967706284917994,0.010517858110701578,0.04145274560357277
Wbdd0baed9376e5c00006,0.29950352322228363,0.003845590100195567,0.013200281820802335,0.014909457557093641,0.013936075099466996,0.008451771866100537,0.00680132880702027,0.01215341699955762,0.0010419868617502007,0.5286395249522275,0.004163231423298732,0.005403345029916874,0.03389102424584004
Wbde569410fe8e49f0000,0.01528879661650932,0.002592721625677891,0.08206769978847311,0.10452657363974163,0.2369125991955269,0.023121360043940446,0.005068296209042198,0.0029135692618682167,0.007496244844320999,0.062446230743978405,0.013332534773642917,0.0023998479087920166,0.029688167525333646
Wbde569410fe8e49f0001,0.013449664788961535,0.002602026236725735,0.09767797713287407,0.15090418701959568,0.2245984069444835,0.01932353364044979,0.004680090315411949,0.0030150783200974234,0.006682278877228511,0.08907759967785012,0.011447387380635584,0.0016114203788869161,0.03087414468217635
Wbde569410fe8e49f0002,0.015106231876067657,0.0022696987294544384,0.19076919774423604,0.1335439164374368,0.13778287879522466,0.020190341849560766,0.003774643657786704,0.003362813823185006,0.007326345965850742,0.08252148396109671,0.014002919103884789,0.0015535156900539258,0.03272308560527716
Wbde569410fe8e49f0003,0.013340697207479666,0.0024712972365790145,0.2096146203122116,0.11721700814430748,0.12664782644745218,0.02352614486447289,0.004288091003444528,0.003069366365116373,0.006435958358255444,0.05497864026918418,0.010705112380212533,0.0025565405247244526,0.03058301904270165
Wbde569410fe8e49f0004,0.014359955200051438,0.0031542529433322627,0.18082232527902337,0.1393178907260504,0.13821751156192344,0.024461078717279837,0.004934764777343779,0.0032164707117822936,0.007091517991253498,0.06660032812873398,0.010541399595475872,0.0022404052868914255,0.03157687039337312
Wbde569410fe8e49f0005,0.010534481927154641,0.0028304275504151023,0.0795162710714698,0.11778950438342405,0.2261063726719946,0.0323937456942277,0.006076881845226985,0.0018056927992869173,0.007876348614553216,0.04783382504248931,0.009553014321825525,0.0013171885154890349,0.02970361555968507
Wbde569410fe8e49f0006,0.010681563944778701,0.003070513423255343,0.16908644364871817,0.12967494874534075,0.17201001913575678,0.026757574492499325,0.003383850160581185,0.003745165664506804,0.006892912094632574,0.054142898303734595,0.01441062700142356,0.0015055170007261239,0.03184919516557818
Wbeaec377d94993050000,0.003035601123056312,2.5967024441284748e-05,0.004909128255614285,0.0045854484813743525,0.002421089892616126,0.5818984943363953,0.0024392740149631856,3.6117252429528696e-05,2.3037880933787987e-05,0.0011525828341672293,0.0014548046807715362,0.391583040853122,0.0041900394603452094
Wbeaec377d94993050001,0.0025044991284900644,0.00031307078565941294,0.006651259910809415,0.0026459448051725596,0.0024455726281295354,0.6544874746237397,0.0021585602724829046,0.0047665431203629425,3.205149040730619e-05,0.0011676367581022029,0.0032517496591305153,0.31592516085048417,0.002507860865142432
Wbeaec377d94993050002,0.002467327145911711,0.0002999031218121042,0.004849222918392335,0.002409898236699871,0.0007456702797618933,0.5797154246452384,0.001453132231942814,0.006416243101346505,2.027108294368703e-05,0.001146829594117758,0.0019560352232141716,0.39437215500939277,0.0030170972546637643
Wbeaec377d94993050003,0.0024673153124704812,0.0002998863772686576,0.005158344531788255,0.002861003541657396,0.0013350251566316012,0.6037978939016181,0.0020082104625203335,0.006417087389990651,2.1878276782486697e-05,0.0011469874675926154,0.0019567795649907864,0.3683336915876345,0.0030651235203079724
Wbeaec377d94993050004,0.002506877342745858,0.0002985731061368196,0.0037600527700417563,0.0034779684225345257,0.0007666916420694073,0.5971520703277575,0.001968864559894363,0.002255091501341091,1.8985489114186895e-05,0.0011441217264830071,0.0030331845212163296,0.3795988273773427,0.0023342148717613457
Wbeaec377d94993050005,0.0025535732084192965,2.148836471796913e-05,0.004519259624440674,0.0026690009879875164,0.0012263549896812163,0.5956243483883068,0.001973123890358024,3.965657342726982e-05,1.9734286722058057e-05,0.0011451988347510906,0.003011347142449767,0.3830274226239306,0.002484885403073505
Wbeaec377d94993050006,0.002509137693122178,3.707440889345961e-05,0.009309061569447063,0.004554073498523365,0.005492320238843192,0.6690998335026179,0.00198431441078628,6.187811956366002e-05,3.313839876499049e-05,0.0011707614372309847,0.003288524810781319,0.2984936136013171,0.002267573317767062
Wbef72f581e29cf990000,0.003695963872215956,0.005228692310762291,0.08123896645537915,0.02527460007988536,0.026655764958217795,0.01544656862882188,0.45391753752149594,0.014208885782392912,0.009224063500176282,0.015743658076837697,0.05587280996100428,0.004102526834140341,0.011779466322116135
Wbef72f581e29cf990001,0.004650505398849044,0.004898928574565825,0.15210997957369385,0.03910501308499761,0.026116398995035883,0.02409690726804221,0.40388548436957117,0.013580539156010827,0.00864071069707718,0.01555212929374477,0.05758848112298065,0.0036751378971113437,0.01241586736425957
Wbef72f581e29cf990002,0.0023517285914935195,0.004669101245664198,0.0917078406112541,0.12546615346174422,0.024566958588501126,0.021000057786116837,0.360978574452898,0.020763836965963674,0.016420302710383954,0.01651803740868549,0.051993375434153076,0.0037223352461055546,0.012211785718671375
Wbef72f581e29cf990003,0.0019873227481301448,0.004620393917980102,0.11297463021462448,0.07661354400853945,0.02234302959845782,0.022396508766297587,0.3868680586739575,0.025873083696378897,0.020898000305154964,0.0159787411259645,0.05807908574074599,0.0031688970944957805,0.012366507628170853
Wbef72f581e29cf990004,0.0043702492274172635,0.00642616273762867,0.18484456710979905,0.03280173215468202,0.02301824602123022,0.019970012436759194,0.39156558659244955,0.014621583547034722,0.011409035357254483,0.016870892541287534,0.043084873128620645,0.00350819828007594,0.012866555665854085
Wbef72f581e29cf990005,0.0032271015341139376,0.004466175517482422,0.19495832842857813,0.02506231362574484,0.024153534323777523,0.023063209468619165,0.3673802239187483,0.019887672048048192,0.01822306327727933,0.019154843203810622,0.14835626712517294,0.003437579395857102,0.015623020029836204
Wbef72f581e29cf990006,0.00275672784137818,0.003671651866693235,0.07225918100793033,0.020656136644613333,0.022124191477354452,0.017622209264753674,0.2912888208679809,0.02125025158035485,0.017349012894972076,0.017221289828013072,0.42982291870838896,0.0029295125508471847,0.01410289847567434
Wc132f976421ef79e0000,0.004223776076957977,0.0022524014006158784,0.41686141788430775,0.020388644504650062,0.01355042333851687,0.007454050051499529,0.012887273662238474,0.012165167378132698,0.0987635855650973,0.17177811329410353,0.02618157880577055,0.0030712634743629186,0.14797033653650238
Wc132f976421ef79e0001,0.003089340428684797,0.0019572874667243144,0.1612603165793589,0.011823706611649205,0.011560788434309703,0.0054617680366680745,0.012069638039575182,0.007850899784484245,0.07451063224073472,0.44636310651833594,0.03128313979181301,0.0019121248534082064,0.15433096976869626
Wc132f976421ef79e0002,0.002746592681905645,0.01545566775100775,0.22977082326014056,0.026514659887081838,0.013488499949039568,0.006563854359515541,0.010321907113390351,0.008983099820469012,0.06829391887497753,0.37071626369691413,0.026433518663503842,0.0024861043849116037,0.14221731330127793
Wc132f976421ef79e0003,0.002584575115713617,0.0014694442908272543,0.32682580992985655,0.013520283772792486,0.013754233102255119,0.005396335338962891,0.019838517252935207,0.006860338055017589,0.0848682057551508,0.2821753226742211,0.028989111633382626,0.0019221349094306357,0.1232345599529986
Wc132f976421ef79e0004,0.002853097183231894,0.0010840732204807789,0.27643817293814105,0.012251803508903694,0.011902160035284097,0.004982827294410759,0.016765417580752385,0.007701707683929458,0.07498612084487138,0.366296065507417,0.031090564932728635,0.001051738436690266,0.12168814146579211
Wc132f976421ef79e0005,0.003210669127935854,0.002119143580627884,0.29261349079114624,0.011186922397919645,0.013116282109362292,0.005327240018066393,0.01791688593069897,0.011619855649842097,0.08789306428301435,0.33417523877976885,0.033459746094206544,0.0019973386835063656,0.10470703392423503
Wc132f976421ef79e0006,0.0030968391131144402,0.0016894918183241981,0.19295519615267234,0.010144878108680663,0.012874282622970593,0.004249824512406646,0.011941130560097954,0.0108826448046416,0.07643796968672467,0.4216680487800321,0.034123851451211905,0.0018745029758768586,0.14142660244960653
Wc446c80bb89bb5ff0000,0.879781147332212,0.0006569136012385779,0.010949090413166461,0.007625565866329964,0.005138863263588124,0.004316532482428966,0.003591141752575148,0.002339255721898454,0.003637409952816133,0.0370851051035206,0.0127145040538759,0.003962983159301738,0.012342904005784182
Wc446c80bb89bb5ff0001,0.8845157223516568,0.0006563750546036088,0.011251580412267903,0.007079734706215666,0.0048976191546619965,0.004499371843888877,0.0041708164983531,0.001783504008126554,0.0036334237177121803,0.037692036898974685,0.012041164521969818,0.0028312023118156025,0.009839857971798927
Wc446c80bb89bb5ff0002,0.888855483353168,0.000935589434671918,0.007440589787369751,0.006224600901071319,0.004538856279273279,0.0036614193158548765,0.0035426951183803743,0.005952035280683621,0.005023950980714316,0.037237611177405816,0.012240429757113796,0.003019787437065363,0.009375252148737395
Wc446c80bb89bb5ff0003,0.8869258474397004,0.0009355060990449999,0.00856881397732783,0.0065925730079679536,0.004716045454332637,0.003512896842335595,0.0035172293593543937,0.007642608809178414,0.004195938250325558,0.035845530267404876,0.01209921751389478,0.0028348023823709005,0.009376542310759428
Wc446c80bb89bb5ff0004,0.8797456923034148,0.0009340505229844688,0.010601247142539611,0.006857802098147178,0.00548507306985908,0.0037683156823862048,0.003911947277454931,0.010395378126377358,0.003638617247530049,0.03466468667754523,0.012086054399856523,0.002830139421781321,0.009571921012411753
Wc446c80bb89bb5ff0005,0.8790950637183534,0.0009342547480628788,0.010535927936245294,0.006486680310000867,0.004991652115837117,0.003749776261860303,0.003695338409926105,0.010395617124254884,0.003912418659526271,0.03633916496608191,0.012242385774609944,0.0028314433487546965,0.009570702239258221
Wc446c80bb89bb5ff0006,0.8833859200155392,0.0006566337960969044,0.010763430099447186,0.007779097282941243,0.004883941785264759,0.004506168251472023,0.003480175201350666,0.002339361444751357,0.00558475274260322,0.037456443287350115,0.01196774438426573,0.0035729484281381897,0.009290447718888928
Wc4d73b3dd10bb6550000,0.009382029086767394,0.38796948900910794,0.004041228574082132,0.007086085517384007,0.048994600719359106,0.01742473235869275,0.00667434169898965,0.13141653765615227,0.03023162135724524,0.022185010684277376,0.3001339753070351,0.011141526324193844,0.011096892213701854
Wc4d73b3dd10bb6550001,0.01898365767803086,0.005964755070752384,0.013434630112459581,0.01146922052102938,0.08952976265605321,0.029013805605123327,0.011995374586950538,0.3121217244021815,0.032194413567217035,0.08075939721132262,0.33864159461195115,0.010998840139367918,0.014412045884902434
Wc4d73b3dd10bb6550002,0.005012444041591048,0.3855502721588296,0.005292903224564492,0.005933353198712738,0.03686343618271776,0.020670808021098802,0.007786273265227519,0.20088753500549095,0.027797041649307457,0.024368810466727113,0.2483407175487678,0.009325535796547867,0.0074403503715295555
Wc4d73b3dd10bb6550003,0.00382833279790703,0.01903654367537332,0.015672588736945676,0.008811922262657838,0.15336452247924381,0.028407729089531045,0.015204284842452655,0.19883333505254372,0.03367918025788843,0.04146151121892545,0.42482715321318204,0.012125101516742967,0.007878845057355525
Wc4d73b3dd10bb6550004,0.014481699416764238,0.023673191843553758,0.019202606092330318,0.007557714001356159,0.06748604672550924,0.03141448182778282,0.011472690948034027,0.13231822714828023,0.028694361325387933,0.06982137367043977,0.5255318589825797,0.014270234945996605,0.01564230806329464
Wc4d73b3dd10bb6550005,0.00806472597307634,0.38763425468085727,0.0048173518666609514,0.005485380962469409,0.028093059200787543,0.01929769408383417,0.008341137081450766,0.07775729264071342,0.024279155970537026,0.02647224571455173,0.37357371851974097,0.009829740708905467,0.011375789862833418
Wc4d73b3dd10bb6550006,0.003186332644685127,0.0018072608139018808,0.024715701692522837,0.009024673630183538,0.18673476647652876,0.031297271049675286,0.013272802687220949,0.1667911495764287,0.033598599445138176,0.04618439303743679,0.4284321927850774,0.00888309144301855,0.008717092662918596
Wc57515d8229271fc0000,0.0036134896514705413,0.614758582654589,3.2490274287378874e-06,0.000849714384457838,0.001114122875563858,3.4307032783523944e-06,0.0016713833263752283,0.005420926443761407,0.3511996072104878,0.0012077941019692712,0.017822416420394904,0.0008346339618048956,0.0005568853926898369
Wc57515d8229271fc0001,0.004725936315547453,0.9487039616774849,1.956064440196663e-06,0.0008399199589380694,0.0011140798607489294,1.4643710382411235e-06,0.00056083510230213,0.0011151860433262996,0.020929701754995235,0.0016715682200156383,0.018279587786843896,0.0005569181235563448,1.3261252585183454e-06
Wc57515d8229271fc0002,2.71230250363197e-06,0.988803920437515,1.956798519911989e-06,7.005050754782859e-06,3.0276737441526843e-06,1.5080378138564558e-06,0.0005600122800426356,0.0010752849290158616,0.006072882566879753,4.863270578475913e-06,0.00307784101289291,1.3001541482621971e-06,1.3278923326018274e-06
Wc57515d8229271fc0003,0.0030584872027150465,0.9561356520379864,2.889626807666576e-06,0.0005625231625259155,0.001114177246307719,1.5080145979817933e-06,0.0005604642642911498,0.0016311868281991542,0.01837941904055971,0.0020416615783429813,0.014455811499099773,0.0005568556721435432,1.3411945252249454e-06
Wc57515d8229271fc0004,0.00417139350291218,0.9446452408577699,1.918020474060275e-06,0.0008435182138603047,0.0011147794552096204,3.951791672146319e-06,0.0011162915918167936,0.0011047285449145153,0.023691105515823697,0.0020416299501821843,0.01883932598248126,0.00148278066857581,1.279458754628544e-06
Wc57515d8229271fc0005,0.0019468944793688255,0.6319335928083882,2.0034863644214205e-06,0.0005623781632848133,3.0204987829720844e-06,3.2098987232919253e-06,0.0019491591734147782,0.0031253130015337542,0.34718303194937594,0.0014860623524631863,0.010029168780289883,0.0008346598759735663,1.342196418701405e-06
Wc57515d8229271fc0006,0.0022251087054282175,0.9656962196245193,2.48321316687992e-06,0.0002850676392308952,0.0011141751654091194,0.00018821368986399363,0.002319979873913986,0.0010811422305597206,0.01428956710210647,0.0009308017091245978,0.009717955555127307,0.0012050324999024556,0.0005568933514611454
Wc5996b4fa3dbcce70000,0.00804903399726665,0.0005889333593826961,0.11273562356533634,0.09531890754579363,0.6477290924011688,0.024211127965398815,0.024710625949586607,0.006359706558602731,0.0041425428371991875,0.005330290862259872,0.00337833051591693,0.03140005647061211,0.019427788335862287
Wc5996b4fa3dbcce70001,0.008352646800870509,0.0004899706389574675,0.16222129235855046,0.40952895831007924,0.2819846282650325,0.02452519999811443,0.036512971599887825,0.006832654451182217,0.0036987754973884695,0.005561398592925309,0.0034558431166409713,0.028981550188923445,0.012750940874980224
Wc5996b4fa3dbcce70002,0.007152306662253486,0.000532501139916559,0.11288598532914239,0.39916854241171235,0.3300193363967563,0.025229464295214662,0.05362946291739117,0.0068788543111457335,0.002716802223314584,0.0058167026328913955,0.00419582990343018,0.02842783147251085,0.00991852015907928
Wc5996b4fa3dbcce70003,0.006232095393880555,0.0006566753625313767,0.07403930082503096,0.3636914369952927,0.3850839576549428,0.023470792860453716,0.06803727770243044,0.005543755637811609,0.003670659613963273,0.005291096017649463,0.004499033810606115,0.03053907217387026,0.013740723018529742
Wc5996b4fa3dbcce70004,0.008132091409879843,0.0007490327730930175,0.11508293176368208,0.3824585744117222,0.3340369743215541,0.02469507372011489,0.060410780619420165,0.003564796431975304,0.003468069016982642,0.00681402927708652,0.003438494924432733,0.029532154531158324,0.013136053438780148
Wc5996b4fa3dbcce70005,0.00756987864453147,0.0006487433696381348,0.14625981326357795,0.3043844640126009,0.34439110852172705,0.026973464135841563,0.09811817178349148,0.004032466460870134,0.0028104958414043287,0.005627646638141964,0.0026364055965803976,0.029780912453756983,0.012349046759814658
Wc5996b4fa3dbcce70006,0.007405396547616813,0.0004431676351480097,0.28394318492781523,0.10083356300114862,0.44256263212237373,0.02546651459294986,0.07133640302223443,0.005014275942468605,0.0029060079581197957,0.005640442700612992,0.0028665118622497633,0.02789195287569534,0.010184681089900224
Wc5dabfe82b90ea9a0000,0.00668776125556833,0.0003642276500691634,0.30702015084917805,0.08805013042308757,0.39577111884761834,0.10279401374815778,0.007868220679373842,0.004937598440500946,0.003228012356661558,0.015299521693872713,0.008237904448021211,0.016571927464956726,0.01738670697903286
Wc5dabfe82b90ea9a0001,0.04312789279133914,0.0008292959109461672,0.29635280838630146,0.10369536883352681,0.34482763359833685,0.09952349348564837,0.004521982501080899,0.010085033655865784,0.0024349487723573345,0.02437285355831789,0.021491573571965874,0.014783221609290244,0.015928778239324082
Wc5dabfe82b90ea9a0002,0.038638835320903696,0.000535342388053988,0.18284869032063125,0.24235074312510482,0.3188437118648943,0.08682307415853292,0.021376411352828247,0.008213667097484693,0.0008354970720742963,0.028840795724634122,0.020398437282296785,0.011717935132577966,0.017782131390853502
Wc5dabfe82b90ea9a0003,0.0063193063882089244,0.000306354241983598,0.1740104877977212,0.1441721908527182,0.4742361342105346,0.07175032634605513,0.023071169759023354,0.007807370101380808,0.0017331972460895718,0.032510899073059714,0.005639309741014644,0.011134571203061966,0.017626977304958047
Wc5dabfe82b90ea9a0004,0.008233843465344032,0.0004136737251869582,0.19316672355158984,0.09104162210392637,0.5146910473189698,0.0589489885848474,0.008496862332411767,0.008670729297577538,0.002551418787430013,0.04439573589689874,0.009664583641624305,0.013089847916893093,0.01801934573907067
Wc5dabfe82b90ea9a0005,0.032943860365909954,0.000631160964735546,0.15487168738320237,0.17720846614657199,0.44693431209991086,0.06415566485829713,0.004428251114381366,0.00921636539816325,0.001653422118388398,0.03528323779695089,0.02501102156453225,0.013732294658353763,0.01523743677833234
Wc5dabfe82b90ea9a0006,0.031761841660213806,0.0005833217012774305,0.1556784153072026,0.24557417837438936,0.3557611982342375,0.08938916460554366,0.0038972797625457995,0.008648183785198278,0.0010589210192911006,0.034309491590135306,0.02715985227689876,0.012550156201328962,0.01461257793227641
Wc6ea7f21070970a90000,0.0163930601376431,0.45876922460577213,0.015069213841077025,0.0160771181061012,0.013472113913165398,0.0070748419543181125,0.4082563207242355,0.00323275385582885,0.001114621254952042,0.011230402228021746,0.005794288735818707,0.0055598122275292775,0.014712668981170912
Wc6ea7f21070970a90001,0.01565239675458303,0.4571177956627302,0.01462814757222128,0.017481068064230054,0.017192363985483995,0.008444244319977909,0.4070592190506387,0.00334352469585709,0.0007446987599666535,0.01264908084352256,0.004962401825385037,0.006115847613406546,0.012265756788175227
Wc6ea7f21070970a90002,0.01528194992384787,0.4568907881150257,0.013526262601895713,0.017016493838408784,0.01717545541592779,0.006407217677734602,0.41563141794660813,0.0029725423499108385,0.0007446030758239715,0.009682353775025979,0.006628613864464014,0.005560240538056496,0.01140199435862809
Wc6ea7f21070970a90003,0.01305968619475175,0.43487014633567944,0.016023846931391094,0.021302864775484043,0.016453705472472272,0.007245978897028631,0.4260463031887039,0.004746547928216864,0.000744601876592288,0.011071934511860811,0.006350587993637372,0.004727326285913738,0.012512381863666181
Wc6ea7f21070970a90004,0.015837487863534814,0.4500928463755464,0.014725593780168165,0.018492338148994328,0.01754033903977039,0.006322491438379876,0.4182210595055678,0.004931282712085175,0.0007446014841451786,0.008849567005562857,0.005794939212779899,0.0050048351309684895,0.010803542972804746
Wc6ea7f21070970a90005,0.015282023154487725,0.45241261483939493,0.013802207042699091,0.016999535892845804,0.01911116648674349,0.007246898430936466,0.4158241197810398,0.003806571921546636,0.0007445689903425218,0.00996511188464618,0.005795248498447854,0.005559602963549355,0.011775403718234885
Wc6ea7f21070970a90006,0.021115361007668813,0.45547779618398965,0.016808195563636066,0.016099259028046944,0.0194037746963925,0.008357927079971381,0.3976681514639636,0.0046306153518807245,0.0013001258512320825,0.01061331683066542,0.0076008995600194505,0.00556002730422288,0.01121617901830245
Wc71266a645637d7b0000,0.0052875767510285185,0.9297758358524236,0.009833259618372843,0.0019646178088088603,0.004394723361260037,0.0008388878273460186,0.01165646609952875,0.01006987956941599,0.0010217523566969154,0.000696654167674377,0.009293907345063959,0.001968383700615098,0.003916930276680188
Wc71266a645637d7b0001,0.009739562494530672,0.9070530814037009,0.011730522808800518,0.0024146283514727353,0.008237210193818087,0.0013935978490615508,0.023522463119794227,0.006081446873264371,0.00018745329248704126,0.00222391340080194,0.005561819781325822,0.003082203011354451,0.00587678315021255
Wc71266a645637d7b0002,0.00639514183792199,0.9265648216747024,0.008722974272429886,0.0017508363751431054,0.006477867343317623,0.0013983034539573125,0.018842158213723793,0.0018435980802211475,0.00018732273216758878,0.00222389176422526,0.005653928324162077,0.003174818012472131,0.004478808143424579
Wc71266a645637d7b0003,0.006684394807710098,0.9142206957028703,0.007889176013332997,0.0017165220250484532,0.0070337604302394465,0.0019587993150393225,0.02524801302899399,0.004546837650780585,0.00046682173365441995,0.0025015258753742714,0.009829842908130874,0.003341474370541068,0.0038071915333023868
Wc71266a645637d7b0004,0.006124167702693601,0.8995969871272287,0.009277059552543668,0.0025457882995880963,0.009117507928480558,0.0015363578802312485,0.027192285257743476,0.005007536266456479,0.0044132199215014345,0.003334860364977269,0.011583167597887413,0.003063688061140022,0.004368474430700287
Wc71266a645637d7b0005,0.005003914309508902,0.9389291162305435,0.009278441758381916,0.001691819343395057,0.004671951645584968,0.0008362148844179799,0.013032715904635324,0.0010687450548632032,0.0004669472291404336,0.0013903728696101274,0.0074134827797391,0.0023230260435158872,0.0040849885121793635
Wc71266a645637d7b0006,0.005561136835309986,0.9342985866366283,0.008444504083002588,0.0019718884363275997,0.004394269027036086,0.0013921076336997251,0.017396014920391112,0.0006797837097364194,0.00046605863317828323,0.0013904144689202815,0.008087684494724069,0.002600732486925617,0.003972810572068218
Wc7ab4b9a55950dab0000,0.004776632981123923,0.011602410696686872,0.07632742866606369,0.027331186025123584,0.05913029920500863,0.00619740390252745,0.09753089628702657,0.018663953105052988,0.012671820851247738,0.01722960804018897,0.4513906402369669,0.005080153074806552,0.02606164917728713
Wc7ab4b9a55950dab0001,0.0033113505679498276,0.011243053975318594,0.08638674138361946,0.037814308175259916,0.0805986309183496,0.0069445330407764665,0.09085034307653356,0.014354547122850215,0.013331417892394715,0.016900401482338456,0.39607148620134947,0.00676484651720978,0.02591785119896129
Wc7ab4b9a55950dab0002,0.0043069693060321665,0.0086162856225395,0.03589290740368959,0.031880567065993126,0.029970776829778452,0.006814945622739514,0.09233220603077746,0.015237446962073381,0.020960093045351933,0.018516310734900017,0.5638096293535384,0.005030036955396628,0.018571851869581192
Wc7ab4b9a55950dab0003,0.004670599611504737,0.009158864889594808,0.03505574335796711,0.029742980278553797,0.04802777716481802,0.0044182795862601956,0.0845928152352206,0.015642438146751748,0.014764932536087851,0.014527044234930583,0.4689594992618485,0.005913895126819749,0.01873397399387072
Wc7ab4b9a55950dab0004,0.005820972532262904,0.010160187041518639,0.05422992860631414,0.07246809689846641,0.13254579082330462,0.008044981752519333,0.25620674931100457,0.019645701834663448,0.008845180757832602,0.0178301718986972,0.06525050270795717,0.009125480428811289,0.027841373127922103
Wc7ab4b9a55950dab0005,0.004463283474868872,0.01054362702807279,0.05978548192084072,0.05349304649066366,0.07168796680534957,0.006882536668530669,0.24816168329414515,0.018974179234241165,0.008834057592653176,0.016678523778711256,0.0863367747063765,0.007884543523987538,0.029134200711064474
Wc7ab4b9a55950dab0006,0.0037556177557495707,0.00893407123466041,0.05572644476499036,0.03480766573724185,0.0689174078992219,0.004209781603566245,0.11867950699104536,0.016275817017391385,0.010439237836589003,0.015253368560158145,0.2622219394054014,0.005572007663618782,0.02213863399210584
Wc8ea48ec838d9beb0000,0.0036164292813348343,0.0015769676507606546,0.08444640177433645,0.030642494989658407,0.011890581658388568,0.01802873999462511,0.576197286621674,0.0013781546013619686,0.008406402865963539,0.007247273615066978,0.016124499414871207,0.001243567763153739,0.03364664620886536
Wc8ea48ec838d9beb0001,0.004514684003052771,0.001100912586773001,0.09307139099900207,0.028506716158793258,0.01584271644503427,0.022080536666209044,0.6712643469381422,0.0024867905170173833,0.01062231542463433,0.009958928297465546,0.018125474722513437,0.001803493742149469,0.032882296588917205
Wc8ea48ec838d9beb0002,0.00450774260393846,0.0007399838563417607,0.10191066211507659,0.02779041828791445,0.016729051153431904,0.03189443345918793,0.6139279272178243,0.004156179487774369,0.008062117116342492,0.010257177027750634,0.016133498017404928,0.0019296592474973508,0.07250674030791393
Wc8ea48ec838d9beb0003,0.0032459640769267706,0.001734784031592211,0.15701240979233128,0.03326342193488006,0.015052207917336254,0.051875616406959285,0.5091031653751202,0.002796689012462674,0.014267726502123655,0.010692706842050616,0.03617282495550772,0.0014496393036917319,0.06445100776248562
Wc8ea48ec838d9beb0004,0.006693002829202011,0.002645746481777813,0.1738177219468025,0.0247859101525996,0.016880794295849808,0.03159830932837106,0.23844907754236389,0.007131866244588515,0.018303674254148104,0.013017676184805458,0.038628091274915,0.002151644110852029,0.054701364003309806
Wc8ea48ec838d9beb0005,0.005095539978406254,0.0024322791293298115,0.21847087600842932,0.025475801955102257,0.01890924364860867,0.06515745518454695,0.2822461226576539,0.005750476476914082,0.016940960351633706,0.011356897737322898,0.018602315639940914,0.0021290577999834174,0.03963314554617247
Wc8ea48ec838d9beb0006,0.002512010716711133,0.0009496241833119359,0.16005121065692565,0.020459028258029584,0.00932205481927039,0.152584275529959,0.5068780980827357,0.002490273713967503,0.007309106537860206,0.007875155358142179,0.013002009049191653,0.016667295944304442,0.0386277201511434
Wca152ae15fea4f2e0000,0.014248162614415055,0.8988763959079976,0.007873779216403073,0.0053452906794897335,0.00463191068536043,0.00859027914287283,0.03041666382031032,0.0007961853174798353,0.000556978873476474,0.005686764091155285,0.006491818820892007,0.0023423930292001136,0.004769642436937843
Wca152ae15fea4f2e0001,0.009871044978248197,0.9432901078213077,0.006490296186384363,0.004791611447086298,0.001837323315187385,0.0036207822621961297,0.010142840753046015,0.0005790391378402194,0.0001900350378731922,0.0038062306290469845,0.004741143558966685,0.0023423999566603033,0.002687185501567012
Wca152ae15fea4f2e0002,0.007646588945326705,0.9474310192066504,0.0076017139809754905,0.004236533948132773,0.0007135012164991898,0.0023938649159582098,0.010190266514643742,0.0005728043659439945,1.2108258061443442e-05,0.004367842269802429,0.00478873897175842,0.002712807330915995,0.002412502973705962
Wca152ae15fea4f2e0003,0.007197977192449866,0.9531847287773619,0.004821054278304248,0.004084349503786356,0.0013649078490002675,0.0024764767981874007,0.008979223084796822,0.0011370545178676647,6.992867097520623e-06,0.004351404435949546,0.0035449451060066105,0.0014826356545875447,0.0027795785738507304
Wca152ae15fea4f2e0004,0.006617723890998152,0.960209290252665,0.004821256960964442,0.004707834498409081,0.0008670873818796097,0.0017595898306972176,0.007339311854147365,0.0005748288663473296,8.044469749224183e-06,0.003456234056317748,0.003561319388974336,0.0014826047966136947,0.001669149686244832
Wca152ae15fea4f2e0005,0.007111363632497913,0.9599845582216823,0.004821524378468331,0.004636403364008444,0.001266271481391484,0.0011625399533524209,0.007468605904653421,0.0005971858305357509,6.499922138167424e-06,0.00339740573690768,0.0031828623642133065,0.0014826091358348477,0.0019474391570177445
Wca152ae15fea4f2e0006,0.015015892930946718,0.9313315697265555,0.00760054779381672,0.00517484482348641,0.003360624953184333,0.0018162792621007437,0.014676006569641626,0.0010321277550714575,1.0187040769951784e-05,0.0043285408245174175,0.005449880944891795,0.0024349938951372043,0.0035230704373440396
Wcb6954925b3070d00000,0.0017182871090308768,0.0015630210508934717,0.01923370136207197,0.00727423325414557,0.009796810038466075,0.0029622720772267967,0.00768021791167387,0.0932797994853933,0.14959777518155032,0.026975271581962747,0.2568843499810805,0.003868743755325583,0.006099622464600965
Wcb6954925b3070d00001,0.0009144227961451203,0.00048331160299110973,0.015021086978082085,0.0061839219290769284,0.011781359691041722,0.001750396554087469,0.005910997846391725,0.08532717222681198,0.1063500655708613,0.01251286372496305,0.3930031008179087,0.0035242542224249796,0.006568657360247106
Wcb6954925b3070d00002,0.0008852048000172651,0.0004410977295877313,0.01450676292741056,0.006137017615557057,0.012004336766944757,0.0016855685814466807,0.008430714941450883,0.10028260531255062,0.08288639729164884,0.010170854547432133,0.3611962350284979,0.003462809941818523,0.005482266187515176
Wcb6954925b3070d00003,0.0008808841744744562,0.0004352234516245708,0.015463010424563951,0.0064214205761974645,0.013714566088146063,0.0016695897200480023,0.008150781496393896,0.08239647872686176,0.08538630813018443,0.011921415625005588,0.37328774281067684,0.002892093606718347,0.004212102119442017
Wcb6954925b3070d00004,0.0009079883747306897,0.00047751033326140214,0.013835044288701847,0.00805505402804545,0.01301197862027596,0.0017246243660388536,0.006110996831320902,0.08934133923352687,0.11021788923244605,0.01256450235558281,0.4028658513435276,0.003491355712277353,0.004820957674382684
Wcb6954925b3070d00005,0.001486941988006112,0.0005044513551802147,0.01501983544230808,0.008191527447190183,0.012580994237386187,0.0027104918015593248,0.006427946433429653,0.07841929931893878,0.09952797715396594,0.01310305525626574,0.41064599845236477,0.0035790208051919756,0.006778963253887022
Wcb6954925b3070d00006,0.0008437804948264112,0.0003907218859919695,0.013854058917609722,0.007024490722697498,0.010867085199972232,0.0015420480823255826,0.006143884816954538,0.1262837254509394,0.11064920505221724,0.011783289089878262,0.3996336006176168,0.002033632846099249,0.004774027054214628
Wcbfffdfdecb25d9f0000,0.003171330117150262,0.0003197714527242766,0.4744219867185831,0.06635411780905678,0.35136113398809377,0.0319818956439849,0.0027086366077993225,0.001339259386932285,0.0005623237799874175,0.0016947159175738655,0.0014215157198794123,0.0589767165160729,0.0026174157090858873
Wcbfffdfdecb25d9f0001,0.003340930584373214,0.0003407992220637687,0.48441179620151104,0.07299824273374443,0.32579837463248046,0.035617178964206714,0.007909132601899635,0.0013542546346369507,0.0005870231507392956,0.0025620848654319974,0.0014416431466200731,0.057371655301127845,0.0033394497129006235
Wcbfffdfdecb25d9f0002,0.004016705171005748,0.00033417825425527485,0.5247926983971581,0.07102752761685488,0.3017793045183397,0.034325209723258754,0.002842631935828109,0.0013807251122505057,0.00040113919744764586,0.0018038533522517976,0.001302851488514816,0.04945907465140447,0.003681295798170464
Wcbfffdfdecb25d9f0003,0.002449991964908858,0.00028546106733881354,0.5518144060757817,0.051587444963840844,0.29389658089430604,0.03500396978841861,0.003154857812225895,0.0013205202337438155,0.0003502956870824202,0.0021865365878353284,0.0013364418572236224,0.049677625081139994,0.004115444830693847
Wcbfffdfdecb25d9f0004,0.002177147976027028,0.00029186725939736054,0.5939574683629775,0.049186385408200424,0.24988327742538283,0.036568307807992965,0.002608480784811276,0.0013299632623130107,0.0004206442850384271,0.0017747919603189409,0.0013975142809441279,0.05413324561706693,0.0034442748343553454
Wcbfffdfdecb25d9f0005,0.003186693335079695,0.0003386273991309606,0.5193805423211458,0.0734847078944433,0.28698903978388474,0.036676993867231535,0.01555200610506728,0.0019399624128462474,0.00041070963033158764,0.0018139812056707039,0.0013948617627036772,0.05183122713661859,0.0030288264969378148
Wcbfffdfdecb25d9f0006,0.002367181657598421,0.0003568210528651503,0.52287410698296,0.0699036148501122,0.2775760590620957,0.04232558177597112,0.017539262749683995,0.0019545858270746614,0.0004258239689324568,0.001654997850735598,0.0017024046639817834,0.0536168757877986,0.003435513878418146
Wcc1d8419a2bafe770000,0.0010229859701403824,0.001435378162274059,0.18870246367190188,0.031179044513577253,0.051250864090041814,0.008133703783857435,0.015718683296275196,0.03895376208518884,0.33410377141605657,0.16326968285393437,0.07362071819126186,0.005872002157948229,0.015693713306611384
Wcc1d8419a2bafe770001,0.00164257962085587,0.0012308998826065808,0.07437883153983031,0.013945525127257519,0.030631544978228408,0.0102554883818238,0.025864197941924055,0.0754979847218376,0.3299215592203638,0.26506294176114814,0.07539439862269293,0.006406100320894053,0.01571767107084543
Wcc1d8419a2bafe770002,0.0010556782837412983,0.0011757496139561561,0.0841705224369885,0.01804299570219358,0.0326243036107306,0.009111552754563237,0.025296477311277772,0.04769978983618882,0.3402777851632413,0.27460295231092713,0.07511782085437879,0.005516410905823108,0.016485933431168703
Wcc1d8419a2bafe770003,0.0011166582787286345,0.000979995362952452,0.12261957363154205,0.016453781815558857,0.030889158738090724,0.008619624009561483,0.00942828493464161,0.03370254320579122,0.38333976056151997,0.23224826880421093,0.07728716110638362,0.005238233863000421,0.012674182629093476
Wcc1d8419a2bafe770004,0.001118638551652007,0.0010084777275715963,0.1019857643800608,0.01700970303496164,0.03256770246993206,0.009092652918903123,0.010336438151431543,0.034355831868315104,0.38966318707345354,0.2418550139798366,0.07711926652108983,0.005866662867063292,0.013697897381966143
Wcc1d8419a2bafe770005,0.00106342763209803,0.0014767980136148608,0.08466327549295113,0.025222484687335532,0.030496720656815548,0.008551821360223654,0.008203972844271112,0.04037898869759193,0.3505994188943828,0.2829269337374255,0.07591794384667755,0.005074469449142855,0.01646864807668682
Wcc1d8419a2bafe770006,0.0010607173178917198,0.0014717052258500177,0.07283114361249454,0.02539984608066785,0.032777138013609625,0.008725359912400903,0.007697262070607937,0.04125419724504398,0.3497175044839925,0.29385775318324253,0.07477471916503814,0.005620899695626031,0.016375434345837468
Wccb0089e24aa28300000,9.389021072406579e-06,0.38691103770856755,0.004882835442654097,0.03421224539082283,0.014999903358244873,0.0018604206307149733,0.007759695987792265,0.020247074255266978,0.0597023291644841,0.004749891256170881,0.3531240362967245,0.011693827749981916,0.01281408285999344
Wccb0089e24aa28300001,0.0009017647844695782,0.020033511657800828,0.006511431125212189,0.010243196866526326,0.01602551731329672,0.0017091635075886036,0.006438857587204815,0.03285034911698211,0.05892324408151911,0.02631292300314314,0.6437534793257846,0.0077126960045269,0.015947968419318875
Wccb0089e24aa28300002,0.0008051143223203214,0.020023329175033865,0.008577600430886954,0.008243686334196696,0.016446808511555285,0.0021665082347097084,0.007276002020905919,0.04244552988130179,0.0556449432805158,0.03102679026717618,0.5774173148040169,0.005649535635547865,0.015942144024510992
Wccb0089e24aa28300003,1.0112964807280755e-05,0.38696263403545367,0.003965179050642428,0.006617858288898315,0.013476012103693855,0.0014852451206990088,0.00802304007062929,0.03543514821660831,0.05482493256556196,0.012451303655491797,0.3274607922045351,0.004172958677587524,0.00910323028026756
Wccb0089e24aa28300004,0.0005758103861516774,0.0010256765692351424,0.004623175852088596,0.010468380821651397,0.016671279549272267,0.0009011725841004352,0.004548339254144685,0.06307090455740559,0.059178647438602495,0.05365566077826874,0.5689011255490708,0.004024301201636835,0.020540394941415442
Wccb0089e24aa28300005,7.3045383091162375e-06,0.38573640522114455,0.003761586470846647,0.006551139801825721,0.012906427231882053,0.001491390332351489,0.0050597767895023404,0.032547700096651234,0.0547715909145543,0.007316842656914167,0.37582742537193103,0.004775100223195756,0.009798466105665033
Wccb0089e24aa28300006,0.0009062496155123957,0.019867511379427664,0.007574678121705682,0.02319452964548398,0.017165982286333318,0.0024104352207253814,0.008362170538358324,0.040856395766392016,0.06316722230150341,0.09991224265144498,0.5295992137599733,0.005547502678386901,0.023060030510199173
Wcdafd0c1c160088f0000,0.005098769923456531,0.0002824678174207172,0.021244001784246687,0.00520170298823592,0.006016313742906493,0.0035514329136783914,0.012585429394968059,0.9343736505229974,0.0010035811770571954,0.0022513393046524554,0.0011157003990681152,0.004034580412154378,0.00020181274954933704
Wcdafd0c1c160088f0001,0.003618993860696652,0.0002830899303973065,0.019237588231320293,0.006908062624031486,0.008288030459621343,0.004376178105718865,0.013617937497690807,0.9314082537050075,0.0015828378017090992,0.002241886594793278,0.001116677917849684,0.0028455330132987435,0.0007849810517851679
Wcdafd0c1c160088f0002,0.002506601395960647,0.00028267761129585313,0.018440250579936996,0.008425205581404438,0.009606979305017265,0.004737443872143344,0.014732313677852445,0.9286292611641741,0.001027230806352447,0.0011288783037518206,0.0011147289561457576,0.003203071696800643,0.0006891134286032135
Wcdafd0c1c160088f0003,0.0019506076639891807,0.00028271704834942666,0.019883914165204554,0.007185808998697797,0.006471867370839369,0.004650208968961371,0.013508598737300545,0.9320508345311316,0.001139440821224963,0.00251740434719038,0.0016724807479882179,0.002382898379090645,0.0008853128968749182
Wcdafd0c1c160088f0004,0.004174488326608996,0.00028289630712365304,0.015850572180373484,0.006625163376536385,0.006449427750778908,0.004709350301321115,0.017828233858975136,0.9297966714225149,0.0016153229021403492,0.0025161312630096852,0.001673198987941729,0.0027783984754108527,0.0009856663118043743
Wcdafd0c1c160088f0005,0.005506943732004648,0.00028346781586868487,0.01993154928006629,0.005599734857634892,0.007218180598822809,0.003173972316296001,0.007465031900383622,0.9352789761323171,0.0016596709315438896,0.0028877291461693703,0.0019515767139875108,0.003109235930020393,0.0012635848056001466
Wcdafd0c1c160088f0006,0.004175404793454462,0.0002843568555943911,0.020901339615930204,0.005596542281104299,0.008083808200606132,0.004959848770690136,0.007205141996745123,0.9369056070222678,0.0012174980596634719,0.0019612415426150847,0.0019517998969535214,0.0018594443597692916,0.0015417253642943695
Wce11436042f2d8240000,0.0018864824923271008,0.0036291517405045563,0.11887943229485398,0.01901249716889297,0.027260197075281222,0.006810436266324064,0.025564132751430945,0.011074192613800195,0.0050256379753372835,0.012292119190770057,0.01709477586578233,0.012060865764688213,0.08593444131725292
Wce11436042f2d8240001,0.0020803993235036086,0.0016318081819322826,0.20584031283894724,0.018730475895299383,0.023895548463664984,0.00583608661644446,0.042445187178247044,0.0070951622799632665,0.003486751180068333,0.007788449343386814,0.017751300817232172,0.011338459094608759,0.09721256318410583
Wce11436042f2d8240002,0.0027621321467695345,0.0014050589851482113,0.21796301046793867,0.020540636003043625,0.02386777123630675,0.00868131079425266,0.06113478776183796,0.00529894415973153,0.006853219250936262,0.012153640043554405,0.016220613484776516,0.011696704984876632,0.0925303884541485
Wce11436042f2d8240003,0.0025731425047998864,0.0016358369188337661,0.14374149619623136,0.015884793251150824,0.02435834038572019,0.007124662778054178,0.02587274281705665,0.006576620566141046,0.004395225357602204,0.008792884317157102,0.01409756756771621,0.012460554263510339,0.09854323471633508
Wce11436042f2d8240004,0.0026599197545982872,0.001852619733195775,0.13459555976825371,0.01695597974729858,0.029295807192383047,0.01912037490094822,0.021374725388063738,0.006986234116489808,0.004456016720019286,0.007269018333906469,0.02033718084813002,0.013232420776787534,0.10692293780523171
Wce11436042f2d8240005,0.001736148605368502,0.0013022806795042763,0.12982309887908228,0.020061351950417368,0.023159150302378747,0.026553843185061054,0.023719266186749438,0.006933020667729352,0.007006898829127,0.009931171078245093,0.01672773923598841,0.010381595278903423,0.09585930870284137
Wce11436042f2d8240006,0.00250920165085432,0.0009141983904144654,0.08632926014499546,0.021673886681742128,0.025307017578124535,0.00937402103635329,0.014599160295039576,0.005054390443298668,0.004791915635112067,0.007931500888448953,0.015854393180719486,0.01643988865538488,0.08406728072905216
Wd14ef862c437481f0000,0.005003794751695719,0.00023344347990834576,0.006225763732802884,0.007482654564881435,0.0024812028610277904,0.13392665377714136,0.000678341271369373,0.0013520920825214444,0.00019738549839276,0.0015758918757547199,0.0002841416865590451,0.8259267112681705,0.012449144846493045
Wd14ef862c437481f0001,0.00010912285246615653,0.0001381926821747274,0.005841254715331903,0.0033559113442263168,0.0030901562620921728,0.16352834324335208,0.0005935106756887214,0.00072169541233436,0.0006656301117900265,0.0013656418851176648,8.566558550296844e-05,0.8075469048911962,0.012176779416678144
Wd14ef862c437481f0002,0.005342537857264417,0.00043329557513052365,0.008845459560978304,0.007697763966987735,0.004715419432272011,0.21374393136159286,0.0008553275215065851,0.00252432955734626,0.0003438703156654786,0.0018552638279637093,0.00040265811827798573,0.7393029970568031,0.01246846945438382
Wd14ef862c437481f0003,0.0017696169632837524,0.0004497850454810897,0.011801967108482166,0.0068647469064350595,0.008482055834689495,0.21009972984771363,0.0008264832144342374,0.00307432939192235,0.00040979759006612627,0.0015839437371421364,0.000709821577338694,0.7414453558190166,0.009959423382967921
Wd14ef862c437481f0004,0.0012188657541554015,0.0004554606144991094,0.011475682823143167,0.007071892356994778,0.00912543657762766,0.22845113652985463,0.0009140939445563206,0.003157480070898468,0.00038383836229144474,0.0015830861002854423,0.00029483546487035875,0.7240325961549453,0.010242979230617741
Wd14ef862c437481f0005,0.001524431904255939,0.00047377871240254825,0.01160506133008396,0.006652815243314983,0.009746404700138362,0.2321511967909697,0.0008507862021969403,0.003205934949819796,0.00038945730076487346,0.0016138620496279263,0.0007233600346141654,0.7156134182350592,0.012828369544796435
Wd14ef862c437481f0006,0.004036545004752514,0.000438283761110948,0.010839470209723725,0.007700881616153494,0.004791118938048481,0.3065189651833983,0.0015699638618245945,0.0029945956077448706,0.0005228373046225838,0.0012038345100606608,0.0004226051474723338,0.6395729846913223,0.017749401875495088
Wd1c5aada37093e340000,0.02385053868451259,0.013086760251780606,0.061506388159873415,0.021564902494094713,0.03953382153011678,0.010008915885672667,0.02282733084307924,0.06765817876074853,0.24912443137744428,0.024221738280393677,0.19219011527356594,0.0447390302134445,0.05475358471515168
Wd1c5aada37093e340001,0.021870970679449785,0.013259590031125985,0.07937024341248068,0.024109333232404974,0.057379574059324145,0.008657379950846311,0.017798509801422058,0.06969376073203878,0.22588807104979264,0.026876266018315817,0.17954600317685482,0.04174528280142269,0.05624410305113895
Wd1c5aada37093e340002,0.0239981592279087,0.013081746738381925,0.07368600358776857,0.021154166630577943,0.04659906019320179,0.009588690639768332,0.01566895246783195,0.06702302613599793,0.22171341509479894,0.027176956580656175,0.19930357907050386,0.04500008120287228,0.05284964329852027
Wd1c5aada37093e340003,0.020127651372397356,0.011417373000977506,0.0441512949502909,0.016853472270519556,0.04510371078669518,0.013028111515954096,0.016280755927085767,0.06678853737769765,0.052296141767776194,0.022744803042044737,0.4319979762628421,0.041885458542222455,0.04149417101370754
Wd1c5aada37093e340004,0.020267302661867808,0.012779673384212403,0.04466340043355586,0.02075427489976132,0.04175134319471194,0.009606598087025393,0.01685814098225203,0.0568820979419031,0.05360492309913759,0.02198103430522197,0.4377961261719556,0.04245106829397424,0.0620081445624106
Wd1c5aada37093e340005,0.029875786847785888,0.01238097634797076,0.05338966612415697,0.029088916830996847,0.05012298242372399,0.00836097118338297,0.017768174988562084,0.060804802990207234,0.2904790858842217,0.022054874922962306,0.15079051791227022,0.039315993887159915,0.0553005647978303
Wd1c5aada37093e340006,0.02024360405665847,0.011706210508558391,0.04765756920921356,0.02791125897996777,0.06315589419628387,0.010012083125680473,0.016912061984507582,0.0740499715729061,0.3025683898224183,0.022424347388214513,0.13562638919656997,0.03915720422141842,0.0482445235372886
Wd50e6c5c6ebd461a0000,0.003382959153462372,0.0010691757646465485,0.016835378434381168,0.009775328866333097,0.007735178865907174,0.006846118691925804,0.01294289876495698,0.05197708451583927,0.0069491130624257024,0.009678349101925679,0.03397898616942607,0.3293224919783861,0.03651652683196916
Wd50e6c5c6ebd461a0001,0.0023017861222374464,0.0011081981197271656,0.025948517002036865,0.0102097421308261,0.0055815702882761825,0.004018216224449903,0.03379887317848325,0.05367357182026369,0.006778873257883944,0.013963572228067463,0.042902234488105186,0.129685124313198,0.0938588458250785
Wd50e6c5c6ebd461a0002,0.002400069868525397,0.0006282827124546399,0.025424710627392065,0.011081438737623104,0.009413810548259037,0.017790903263686087,0.03911057592587506,0.05450004390318043,0.005975548143594409,0.012290139622529537,0.1139532735150692,0.0036648147620839283,0.08265428312103418
Wd50e6c5c6ebd461a0003,0.0028649759460425703,0.001189301540452246,0.023223749511736145,0.010509775512402725,0.0070368048068975364,0.0124198165917679,0.013962917813995898,0.054061643729002726,0.007388784492861506,0.016544611390014452,0.15628795643180202,0.00567839112872341,0.07680146104599689
Wd50e6c5c6ebd461a0004,0.003676202332642662,0.0016439353166616594,0.02344641483562607,0.009594825901326941,0.006687983204922502,0.010095282725327646,0.012352417277259118,0.05687689008424041,0.006114572011923103,0.01480430156719075,0.15220933423575164,0.005284781635906434,0.08636781848687378
Wd50e6c5c6ebd461a0005,0.0033519611590588547,0.0016352557235587723,0.021516502946448936,0.010467324975885052,0.007466487664113175,0.008054206250636914,0.013858878724739078,0.054500547128835675,0.005864852064194321,0.013310506957828679,0.13516297448158646,0.006227775934763987,0.07791947908645011
Wd50e6c5c6ebd461a0006,0.0019433974852442238,0.0017370333745223361,0.020939784542385445,0.00979976708545071,0.008798894704048373,0.01123307050234567,0.018637595354952692,0.051976831216493845,0.008926689428889713,0.016372729284305852,0.11268043980338013,0.0038272626419593313,0.04566423177913941
Wd5d870a7ea096bfc0000,0.00027956958955672984,0.19003038407202136,0.0030768958123709137,0.004733454638429797,0.0022373192085803836,0.006856970135213781,0.0016703134636121245,0.7657543087172053,2.8898896029362033e-06,0.008108107576825313,0.0013096931817557231,0.010467137578849546,0.0008417627272157235
Wd5d870a7ea096bfc0001,0.00028065681284310197,0.0004204878907481296,0.0037294403229042217,0.00361384737827686,0.0036226901074443763,0.0022295591396001946,0.003340423569782904,0.9650806210484285,0.00018863760957756886,0.008123708005494683,0.0005858882364231429,0.001117165766878586,0.0011324225114318013
Wd5d870a7ea096bfc0002,1.6064125221557207e-06,0.1751668723431351,0.0027926602968980233,0.004168371301404469,0.0025067167896145335,0.007829069852798015,0.0019484133294291254,0.7776307188100043,1.7519348010060487e-06,0.01238249900149321,0.000780720875590553,0.008567956664317488,0.0008396867766957779
Wd5d870a7ea096bfc0003,3.0238695935475573e-06,0.0006985094456702798,0.004476177243531334,0.005003096259705913,0.0021502798570604007,0.0044533746221031185,0.0013936424266400276,0.9623059213086285,3.359107223846225e-06,0.006310422544532282,0.00230500390953408,0.0011170658752661102,0.0009489186514851367
Wd5d870a7ea096bfc0004,1.670844731839633e-06,0.18233724244754737,0.002797754216380434,0.005001674385789564,0.0025087385873787315,0.008432534905112381,0.0008360155825757155,0.7733198392260648,2.0120946223496365e-06,0.01078115762794959,0.0011514979863886307,0.007132918504220241,0.0005624177412119736
Wd5d870a7ea096bfc0005,0.0005603346762857889,0.0006982844372477674,0.0036409879844011154,0.0044477738229028885,0.0036241499938274332,0.006955505450742893,0.0025043469345070297,0.9442670075447773,3.3258327815355825e-06,0.014972393024542759,5.2005510146755705e-05,0.005005451046812983,0.0022419699379636654
Wd5d870a7ea096bfc0006,1.6715446029489471e-06,0.18229621859298561,0.002801481408965965,0.0038908863526359856,0.0030623457711503035,0.007044457036264286,0.0013915346997716211,0.7700292179719702,1.8763393554773603e-06,0.013826189360837604,0.001151016445450769,0.008244046519733175,0.0005617070948001051
Wd62ebc7d6eab5fbc0000,0.034922532025064554,0.004252228678472188,0.4549720912337749,0.10269410334767563,0.030670083134010904,0.21975373546769347,0.007286703589561781,0.00220435236272026,0.0019331164972242049,0.002952699660343736,0.006940524894065415,0.09808538391081385,0.029910283815063925
Wd62ebc7d6eab5fbc0001,0.014369651675305264,0.0043229842653102705,0.4831250640832472,0.125680313091389,0.031472262506397494,0.23567486294792972,0.009079114591378407,0.0027834336872766545,0.001326308069741965,0.0013335398266011288,0.0036195509923551508,0.07322062663057563,0.010789743827576331
Wd62ebc7d6eab5fbc0002,0.006810848542069512,0.003083904173576861,0.5102137936260374,0.10940187088844484,0.03428090519997466,0.2327465034425278,0.008954396598502225,0.00340058124296609,0.001823681182319111,0.002180405945910039,0.0015399473545860932,0.07005488548209368,0.010653127745714912
Wd62ebc7d6eab5fbc0003,0.00410535827514438,0.0030158344516302144,0.4821807599922905,0.11804818642412801,0.033711321829083596,0.22610488391185857,0.024498793900704533,0.002445146838458121,0.0020821034140692694,0.0013117484560500328,0.0008148530051942677,0.08675931625354584,0.012013676021981785
Wd62ebc7d6eab5fbc0004,0.02650017048162905,0.005336316873392543,0.47744467756494663,0.11408771813523767,0.033921770906310336,0.22558554633045927,0.01828397406847146,0.002527348231269042,0.0012059287237528742,0.0026597719071999497,0.00419192277150777,0.06831601977224973,0.01574224882858081
Wd62ebc7d6eab5fbc0005,0.03930152056079708,0.003010493239435133,0.4218612928523527,0.10517347025429925,0.030302004312223445,0.27840826540109176,0.02057330780509568,0.00156224415491763,0.0012149095054336781,0.002762742557728681,0.005023452922981088,0.06675608469916611,0.02126174918972089
Wd62ebc7d6eab5fbc0006,0.2413699796903529,0.002226853788274454,0.3867906109969043,0.08487674164978243,0.02131291626891471,0.16038229566548454,0.01029393347792558,0.0009843570336745815,0.0005148221125644895,0.0036637201705399126,0.004013093256139288,0.06306905753192164,0.01877099292332149
Wd6c28a4102d20bda0000,0.0008361204362080995,0.012874127225857061,0.010096497169722815,0.0022269223337739808,0.0027869518125732255,0.0005615070300005268,0.0025052918878549343,0.8113551775857999,0.01958239381828713,0.09757626605660194,0.008824994407618955,3.535792786164476e-06,0.01545663710188908
Wd6c28a4102d20bda0001,0.0003994837833271949,0.00037393049683281157,0.009173923441342413,0.0018296956336477626,0.0022291656201067008,0.0005607020286981531,0.004735506669550147,0.7816809777770106,0.01908391175833327,0.14387931773119955,0.008262935958653421,3.2804422869038822e-06,0.0086860043405578
Wd6c28a4102d20bda0002,0.00039944634942414497,0.0006516529800129352,0.007113359931765598,0.002385132515434541,0.0016765331109662564,0.0005618085670377407,0.002512419969730493,0.8222919971496738,0.019346324010579407,0.10740401171575857,0.008540157757166225,3.775808684680406e-06,0.008480703154542931
Wd6c28a4102d20bda0003,0.0004194675431788599,0.0006518971389363569,0.006466248862010946,0.0024582325558579715,0.001675098592662172,0.0005624122747533085,0.005560611913888395,0.8150953339558596,0.01828927895261739,0.10741178507842714,0.010447017801185761,0.000697881211369382,0.008612819006379705
Wd6c28a4102d20bda0004,0.00039968658679405617,0.00037419645628724066,0.006269033150263878,0.002941080733900941,0.0016781810668513664,0.0005624215861572957,0.0030607199464847456,0.8714089030370734,0.018226386989182112,0.05894071855442332,0.009668046961061183,3.510941112393322e-06,0.007913986642223106
Wd6c28a4102d20bda0005,2.6003108225246962e-06,0.013707180772403635,0.005477947316196593,0.001948600379506573,0.001678814236119941,0.0005617952360484053,0.0025046710012229197,0.7990814274218665,0.014872232664366119,0.11690319691947386,0.009113735634786103,2.395092396619737e-06,0.015616980029502693
Wd6c28a4102d20bda0006,2.5250439408186164e-06,0.012595969449663947,0.007047868905256209,0.002781813331586381,0.0016782019836332593,6.693988540467954e-06,0.002504636232256931,0.7794004177792924,0.015809159379514312,0.13878449937421306,0.008544512927400308,2.3816609153874873e-06,0.01256183286171771
Wd6c781b1a87beb650000,0.001401012867131562,0.00029390578982830645,0.012350001635090105,0.005345170417320456,0.00461184012856923,0.8947579636680475,0.0057729425342624595,1.249203713555072e-05,1.2027483959188207e-05,0.0013992070300244347,2.3598723628371183e-05,0.07337577672486312,0.0006259678412423472
Wd6c781b1a87beb650001,0.001401948332747708,1.7306574780695916e-05,0.027941952211233665,0.00884384271548677,0.007913746185111453,0.8693680237669319,0.007900999408021985,1.1893801005559235e-05,1.4122403565015518e-05,0.0005663628559903137,1.616700848934877e-05,0.07548690400357505,0.0004971885723929214
Wd6c781b1a87beb650002,0.0014056531855263447,2.224517480800189e-05,0.018827545144520542,0.0031554971307121483,0.0026277600988183552,0.8826630841300436,0.002978365120509647,1.4533846250232822e-05,1.6596496529709725e-05,0.0008472537312027517,2.0743344705006944e-05,0.08682151832714219,0.0005775790152578632
Wd6c781b1a87beb650003,0.0014098354838230232,2.7758641871599008e-05,0.04281102436344017,0.013651834473957439,0.011660505333242114,0.8379544246109034,0.008039564418555918,1.8659869434240726e-05,2.0735771446119747e-05,0.0005734584702242274,2.571200116328629e-05,0.08302095462449624,0.00038611989803123204
Wd6c781b1a87beb650004,0.0014045140786253252,2.072675850896112e-05,0.024368577011839424,0.007661004695420908,0.006674538557868119,0.874084463214121,0.005380569344490033,1.4244516435645604e-05,1.6914514382475058e-05,0.0008469054125819634,1.9819930455018285e-05,0.07867860020695125,0.00043748285958067655
Wd6c781b1a87beb650005,0.002518880030606775,2.499908113225246e-05,0.027214661100736785,0.006918857302726675,0.006143151426168105,0.8697510760980058,0.005449057253165614,1.6333924020071403e-05,1.864920585702736e-05,0.0002943079347217004,2.2892746498427608e-05,0.08039981910473026,0.0008307145119422808
Wd6c781b1a87beb650006,0.0014079902837663514,2.5285690340885557e-05,0.029457357174677467,0.00861772296126161,0.00678321266934885,0.8670716923997205,0.0037480225189539477,1.6521117222556792e-05,1.8865312295315116e-05,0.0002943269164940915,2.3019560342505246e-05,0.0812680671113071,0.0008719188923084561
Wd70ef012bf2c69f10000,0.006949188517229316,0.0031851287600450505,0.017940262125302184,0.31519038246190384,0.2315367739705471,0.016600229946495414,0.02256571118478028,0.013420568143744425,0.044702504995285275,0.01168650827944696,0.2590233637759156,0.015999248954344018,0.00982401247264911
Wd70ef012bf2c69f10001,0.0019640684331476356,0.000302500488689616,0.003949902922760742,0.01138794113892152,0.02328525626343128,0.007901621554489832,0.009940348344500206,0.03646093877872414,0.566433984100224,0.005325186874479822,0.3135831562404577,0.005964768366825901,0.0045690854062291125
Wd70ef012bf2c69f10002,0.005514833283978067,0.0031792645276701443,0.016637126120229828,0.21461954992862162,0.27332527662800915,0.01497345970061409,0.018937148584285367,0.024901885885522734,0.0513306706121162,0.012941671614580376,0.3102260278635609,0.015283250938699791,0.009604902046220562
Wd70ef012bf2c69f10003,0.001963928234911412,0.0005800943705494515,0.005377752446565364,0.00811149869992513,0.026689262173809156,0.00845811574936207,0.009522701239088653,0.01792252940344845,0.5420580149574438,0.005284139818541263,0.35634459885553366,0.0067067802506112426,0.004571969145247469
Wd70ef012bf2c69f10004,0.006348641508390606,0.0027036358780958523,0.017811702618552586,0.1749047643111894,0.2592932263999985,0.016078722194817593,0.02127555613554813,0.015854198876270775,0.0525357789026585,0.012915361896051006,0.36440600203731716,0.018492922250438717,0.010827810824414566
Wd70ef012bf2c69f10005,0.005446923001079474,0.002558541709525107,0.018557997796615464,0.18453986096556668,0.24245985382021423,0.015655364974920795,0.026570460504938546,0.016579477986425215,0.051468662984897856,0.013854923636861369,0.3678468420237753,0.017624036392881966,0.010463671102100051
Wd70ef012bf2c69f10006,0.0019667188159363212,0.0005835724963711335,0.005941424487295804,0.010920788715742431,0.02709078688829146,0.009018189149894372,0.011493704038645426,0.01531600911038111,0.5725764828429143,0.005559036413095225,0.3197976263286721,0.0069980773675319095,0.0045762529107621465
Wd921f572535536ac0000,0.009325765765769743,0.0007191943995408937,0.5180893531227974,0.06686996480924286,0.2313929627553896,0.04975855463248672,0.01631246818486266,0.003014777138663541,0.001710557229427515,0.007534499346668023,0.0020273769788373224,0.07605104633853159,0.0070687132378433985
Wd921f572535536ac0001,0.010648153584421878,0.0006412036038357147,0.5057290034537022,0.06632732269486759,0.2428128141076762,0.049666097521008444,0.013354712447747772,0.004294338109632389,0.001575363356506437,0.009728159398107195,0.001431888236751161,0.07255902959216044,0.009975303061644297
Wd921f572535536ac0002,0.008952280517440575,0.0005023952503286267,0.49067889007843185,0.06910763626683372,0.2914821690519487,0.029177863482846143,0.014167053710258167,0.003097629133188122,0.0014752999547995656,0.006632443268671223,0.0019180041481480802,0.0654233017470161,0.008087602320553852
Wd921f572535536ac0003,0.00692868017660235,0.0004232519785570441,0.4902431684158417,0.06035289518410326,0.3019415982791334,0.029399811677062886,0.01286288784905588,0.003636279989197796,0.0010475587458412849,0.0049593061591137275,0.001185873708304489,0.06907559658918923,0.008170166705208712
Wd921f572535536ac0004,0.007758056530142922,0.0004669382145154058,0.46725933004751163,0.06560403715143656,0.30793145670291394,0.030415262202527688,0.014164362704355685,0.0037575283548998556,0.001497802436818058,0.008403679276713793,0.0013489079052226131,0.07160133825569806,0.007758182635716771
Wd921f572535536ac0005,0.008726068843608055,0.0003343509132915417,0.4494669097653041,0.06178257253596516,0.33394899154516144,0.03316252449710982,0.012850210970683876,0.004739396542062529,0.001688799861690575,0.008447134677338397,0.0011467897130302757,0.06426588136468635,0.006470302001340114
Wd921f572535536ac0006,0.008431092175963873,0.0004935317393106305,0.4795375501467535,0.06558039686236229,0.30082526036907553,0.0319434985037048,0.012998900057483675,0.004289134634582539,0.002075390933403834,0.0066812332767666825,0.001635335370686095,0.06540743544416423,0.008725491578653101
Wd9b6b05204cba6da0000,0.003427467811725791,0.9809273677723956,0.002780253799716333,0.0011163746209581066,0.0019465307535938428,0.000897879549494309,0.0019520654027990495,0.0005568026901652833,1.2164921184793854e-06,0.0009739373245124174,0.0027820706044230257,0.0007801392802071779,0.001019771392022529
Wd9b6b05204cba6da0001,0.003983026967210157,0.978433352791661,0.0020395144292571733,0.0016688223596590124,0.0019463610194271781,0.0013047142998412842,0.003617140727439558,0.0005569848328842683,1.1948389394469042e-06,0.0015295476491851863,0.0016702580925897412,0.0013917998706768798,0.0010197371759774023
Wd9b6b05204cba6da0002,0.002223680543865957,0.9769046140724884,0.0014839711504086308,0.002502312717310425,0.0011135107703535113,0.001305241358676669,0.006396003656688952,1.3051565924855145e-06,1.1761921682834679e-06,0.0011130363161741604,0.002224618491558937,0.000836243314680954,0.0011123060375082812
Wd9b6b05204cba6da0003,0.002223619668400606,0.9796833119996228,0.0014839878935908803,0.0025023641707630005,0.0011133735439589898,0.001305215163619502,0.005839397681578318,1.2926269497762468e-06,1.1779669605698151e-06,0.0005575504634138934,0.0016691729373447793,0.0008362432840026557,0.0011123609873486702
Wd9b6b05204cba6da0004,0.001668076443310845,0.9873694242672908,0.001483987595736352,0.0016692389056950719,0.0011133715169456963,0.0007499254522184425,0.0019491813926316682,1.2888753358267273e-06,1.1799432135392395e-06,0.0005573362652464233,0.0016694582324467465,0.0008362435113503223,0.0009271167406275831
Wd9b6b05204cba6da0005,0.002223650160788338,0.9855176256027968,0.0009282061879398049,0.001669029274558932,0.0013911525289060497,0.0013064564602359244,0.003059902544308557,1.2798484316118234e-06,1.1853346725365938e-06,0.000557312721899769,0.0016699339284147647,0.00083558157720553,0.000834506611220228
Wd9b6b05204cba6da0006,0.0028717950615997578,0.9850991243368573,0.001669148899795863,0.0016692453659171937,0.0008356519583851766,0.0005640459188814437,0.0025051139070033732,0.0005569636574038602,1.252201153345495e-06,0.000974094791682227,0.0022255863267417637,0.0002818270731172702,0.0004641965468664542
Wdafc86efc3092c1a0000,0.006731208736198125,0.003899408620971471,0.04973108245161656,0.07900637583586749,0.1255283117757017,0.18876747266020275,0.03244628880656746,0.012770232590478483,0.006454548399793509,0.051358229030503334,0.045943335453821815,0.033827812147267926,0.05509640160591183
Wdafc86efc3092c1a0001,0.007844706873260839,0.005414711177016978,0.07284596598829532,0.04887464193439601,0.16913065421822415,0.1416376220914315,0.023542380026552755,0.01748207211043755,0.0071742705684590385,0.07937424903936968,0.06389456971635402,0.06411698901919084,0.06399576017961242
Wdafc86efc3092c1a0002,0.00760151113136744,0.004843125487657864,0.05795235081157021,0.04972705237753098,0.1072051053049986,0.2204583977735405,0.022692188336685515,0.015562819511261148,0.006095413603175021,0.08367908695449071,0.05658221954350675,0.03929719921342234,0.0645613176778521
Wdafc86efc3092c1a0003,0.0213377483338808,0.006115578617187271,0.06340192116605048,0.06297764379792054,0.09451648916064528,0.251888121165802,0.03213076234642562,0.014714116007830251,0.00743800424250544,0.09396575996634356,0.06927347450042372,0.026076653708656545,0.08076309589047971
Wdafc86efc3092c1a0004,0.007593674041745637,0.005856703097523797,0.06298872738562156,0.059312879631184735,0.07602713209601504,0.2671821790075383,0.04584994288279703,0.01591895222077411,0.008564698619565906,0.08440450360655387,0.06933788706580411,0.023780456871700256,0.08378758229082946
Wdafc86efc3092c1a0005,0.007724613588115366,0.004983291901052171,0.04640323559461695,0.04044156129217693,0.057498169107707865,0.07524358673815716,0.0702704595452788,0.013417398889036687,0.007413846149018942,0.07267692479075799,0.06172610380668909,0.25798536970382535,0.07524989190384804
Wdafc86efc3092c1a0006,0.007802596099615669,0.003272957465798444,0.04077929046486536,0.036816175871955625,0.048143733752129346,0.06680323026469646,0.051813225225775236,0.014550261938671368,0.00551418502970966,0.09064812594724708,0.05064402139466727,0.19983047411117888,0.05830063401853002
Wdc2fda9c98784d720000,0.004920698307387412,7.401251090215546e-05,0.4748264711923171,0.04628520927810046,0.3427032080873544,0.08147441902154996,0.007219700488194587,0.00035171292906928777,0.001796700600191573,0.0035174726667787904,0.0005177786818209379,0.022399887559040293,0.009211187839730734
Wdc2fda9c98784d720001,0.004930331241888332,8.913067628837325e-05,0.48609059343730276,0.05407142600837589,0.3613819644724354,0.04334283048260037,0.006952892523941938,0.00033594156683904383,0.0018196392970338243,0.004540932280926952,0.0007018518910724296,0.022403134733768513,0.007630160485358209
Wdc2fda9c98784d720002,0.0024050809040941537,5.7168944867502835e-05,0.5454840274677998,0.0472343870656483,0.3136892548144781,0.04584575471455463,0.004637052465054058,0.0003148713830609455,0.00176840587003907,0.00341633382546218,0.002038691428525798,0.0211636961982636,0.0067767851223162695
Wdc2fda9c98784d720003,0.002701491739874072,8.096454405495097e-05,0.45903602340035676,0.05362907931825558,0.35635980184722515,0.06794329181177028,0.016897825125703977,0.00033591620905970386,0.00180466087719625,0.003888246182944366,0.0014686568902341247,0.023618987267235672,0.007514938941221418
Wdc2fda9c98784d720004,0.00214073310623923,7.451191835077781e-05,0.4819634672241431,0.04705988724781659,0.34733468352767644,0.061747892697844316,0.014597904166601774,0.00033128038129173314,0.0017922607139687022,0.003918837905379964,0.0014903927674908312,0.024757993177516188,0.007463244498351423
Wdc2fda9c98784d720005,0.0024252960385359817,8.211105760980262e-05,0.4877150403768648,0.0550747890941821,0.3421913160323176,0.06841748836586649,0.00652308938685771,0.00033836501896887343,0.0023659461628507067,0.0045905067725828105,0.000752764714818376,0.018503696797552927,0.006615225978548922
Wdc2fda9c98784d720006,0.0031173243225161794,7.860292332448419e-05,0.5077137139857874,0.057002788201397474,0.33952992714957725,0.05044603534940554,0.005247386004937838,0.0003357670424770709,0.0018024009165696438,0.003768424369004961,0.0007541221085029606,0.01827947058838636,0.006963213809185236
Wdebcbd1cb67fde3d0000,0.0016360828701894724,0.0003182018048212638,0.008885299458853448,0.007235213843369732,0.009940707836239586,0.002103787752416973,0.005586034918696851,0.2881280334080139,0.5096192420217247,0.00565978566093302,0.04777853085901717,0.0017242544985724346,0.02931109390324647
Wdebcbd1cb67fde3d0001,0.0019459428642323302,0.0006289381342544989,0.013003247992729451,0.01826697099883607,0.012393240249908061,0.003109527837207473,0.008519833267896456,0.3425741476992811,0.23239168038549476,0.008757410053386473,0.0721521381733968,0.0016941477877091434,0.05126734882456311
Wdebcbd1cb67fde3d0002,0.0019234358478853486,0.0012230100450700274,0.016500081290531366,0.017622690580390933,0.01577978322651205,0.0031409523917280157,0.005028430604258748,0.22062135717481682,0.1735981793417927,0.007213482276419364,0.07699403030899621,0.001503966953133384,0.05688632528626472
Wdebcbd1cb67fde3d0003,0.0016679299260475733,0.0008725266063019716,0.01166864612374278,0.048448582342426896,0.01145377385576301,0.0043312616069540386,0.09277988739388357,0.27138653374877264,0.1417903777183412,0.007046985224970752,0.07506049667562203,0.0013688322738246398,0.02333257563947411
Wdebcbd1cb67fde3d0004,0.0015890704517590242,0.0002527051124829812,0.009293360802745431,0.006342204657323637,0.010248910684421724,0.0018858185306223343,0.09344839217754897,0.4248433555154765,0.3186039131347737,0.005335615177486579,0.07215831964143556,0.0013034157944236148,0.022580506783806218
Wdebcbd1cb67fde3d0005,0.002587003666982406,0.0006011039844200039,0.011821270372570187,0.0152697575468489,0.014400228496774553,0.004595830685737726,0.013286323519621406,0.45655142226659323,0.1739429339795564,0.007431523300849541,0.07810513924629173,0.0015593323842551055,0.053787795812085475
Wdebcbd1cb67fde3d0006,0.002211482789723244,0.0003373508507203501,0.008012575724214096,0.005926966460508566,0.01110783953887192,0.0016092041743544171,0.006818970643279798,0.3341127178397261,0.4922603005579186,0.006408712171463951,0.06987997828743826,0.0011725745391815597,0.019485153397500565
We2227b7d75b090040000,0.7824013188213382,0.0005855227755149311,0.03449102350616413,0.038730822825883346,0.020968816264627186,0.047279441164698725,0.02321362256386631,0.000598642161054452,0.0011439896376808773,0.006689182036818802,0.005391714994487424,0.025833812386426614,0.00967190159372766
We2227b7d75b090040001,0.788003747105214,0.0005832259403824163,0.03767378649714461,0.035579827937672094,0.02753731436270727,0.03498646460593672,0.02703514673668095,0.0005954944339370863,0.0011397067738567262,0.007245549656274546,0.006401334878801734,0.01931403716635631,0.009737595096791712
We2227b7d75b090040002,0.7909500658669535,0.0009535167793617747,0.03815599392776026,0.03501744629335933,0.02142022142817144,0.03870559104658325,0.02535088196387924,0.0005995134548432285,0.0011408746896799553,0.008516196396234408,0.007239807465533012,0.017964826642907248,0.010651170958756869
We2227b7d75b090040003,0.8067343348157416,0.0016927029141390053,0.03504141528577883,0.03109003159397227,0.018351214878764538,0.03706906693954576,0.0211670863127167,0.0014929231457685543,2.7332817883802536e-05,0.009096539996743092,0.004861754699897377,0.019404531094204893,0.011809435085882615
We2227b7d75b090040004,0.7753269570988441,0.0005851259490986235,0.03596817383804787,0.03783777947400752,0.022406744953580686,0.047984606834918696,0.02661699504514355,0.0012093139652514138,0.0005971956656201334,0.009003417965229408,0.005040290832932572,0.022682112250151643,0.011016565394441517
We2227b7d75b090040005,0.7888168038306606,0.0005815367626508676,0.03667064631969418,0.037381112466595,0.022515298769603943,0.03767742688718224,0.025314863298995918,0.0011358816083647724,0.0011442046488677107,0.009559038515276733,0.005895089414422573,0.019720051840198687,0.01014144674957406
We2227b7d75b090040006,0.7527108889741468,0.0005820152004222518,0.042883607021605076,0.03663206086800249,0.03500186802313087,0.04901151832040091,0.03223216683826163,0.0005716765418893681,0.0016922971527546713,0.007244023941310647,0.0035555310741616918,0.02646239473422471,0.009201306747945058
We61939a9c41ce45d0000,0.008639260081715687,0.0003425151772716731,0.09450304944025348,0.009817522974058027,0.0061518272661312216,0.7522233829249058,0.010294422130565454,0.00028039365654007793,0.0003410448800452479,0.0016029144341246162,0.002178765913505535,0.09542427437973719,0.007831118475201362
We61939a9c41ce45d0001,0.006209067529163424,0.00038783855593794276,0.22644569197910216,0.009773894905160542,0.007288390637170149,0.6211582651546399,0.012709118588052345,0.00031369739504163096,0.0012036228387750977,0.00230109075974931,0.0017815917978380414,0.09092404316922123,0.010829131623847413
We61939a9c41ce45d0002,0.008897530634904734,0.0003365486710980246,0.07188687393178968,0.007999506364836135,0.0057253397024005885,0.7837712648610666,0.010706240098672994,0.00028710521626091435,0.0011601878864098396,0.0010044377851451645,0.002106325491059689,0.08894900798966784,0.006843333220417093
We61939a9c41ce45d0003,0.004385417086192047,0.00032438033976587183,0.05192089547077992,0.007314425237449149,0.003954702199468218,0.8066207669440196,0.01745497981439201,0.00027058962984658944,0.0014319882719088847,0.0014516462741046478,0.0008916874224473504,0.08989448602394594,0.004746175333164707
We61939a9c41ce45d0004,0.0037915228002712528,0.00033032714459495054,0.057261224394438044,0.006663694333068415,0.004087022448087396,0.8028001867034124,0.010474970727870684,0.00027339790052348227,0.0006041555993857637,0.000642556754272571,0.000365229948687658,0.10178517833814052,0.004765755181739899
We61939a9c41ce45d0005,0.0031040110367549674,2.812794114561387e-05,0.07034226894387811,0.007049133125552747,0.005690267266672103,0.7943383797867298,0.007555706148454338,0.00025688361246393375,0.00030762770504148444,0.002627537912244062,0.0008688780996398832,0.09876615535053018,0.004584487033192533
We61939a9c41ce45d0006,0.003129487822916507,8.720550476948998e-05,0.09556303420190593,0.007456428776845111,0.006546713006561542,0.7626078051323457,0.01117775568460138,0.00031081738640908844,0.0006288948000575968,0.0012280903396090202,0.00042113125904688197,0.09649063420082349,0.008098540995387569
We756706426cf12a00000,0.01806676293004485,0.0029219831513945162,0.19234297503255057,0.14908139376595286,0.08715705403357199,0.04762919296549359,0.065621961369382,0.04038687882260324,0.03507436130826758,0.020974304756307616,0.0339526484567224,0.011125120610382627,0.08791367741624519
We756706426cf12a00001,0.019232915582589962,0.002136897078439065,0.16474983354880424,0.04569331634118876,0.07356299330721991,0.06655454811714691,0.05344071728557317,0.023500863014089962,0.024642470274961036,0.022101893011526985,0.020245805450374486,0.007277118685473378,0.29305639471151856
We756706426cf12a00002,0.018409046291300607,0.003613318232127558,0.2654922934556447,0.05356097878878819,0.06943522715452585,0.0754244241827741,0.021007169505212135,0.02793991845597288,0.011216661945114632,0.018320365574753375,0.017608508702238714,0.009828403428954899,0.12083705334254281
We756706426cf12a00003,0.021547279401059976,0.00325231604288898,0.3221985493306971,0.05158886495361314,0.0580718118753862,0.06697752352647908,0.016211252702513328,0.01721678986607195,0.009662169925205532,0.01756078900316679,0.011544656959872432,0.009309075429674898,0.12858846207882577
We756706426cf12a00004,0.016027782825303573,0.004239955589169424,0.28165368424639864,0.047516426564894784,0.06005071375034553,0.048783793445895486,0.016360785507032072,0.01798218947549584,0.010886088070290522,0.017820449483583804,0.011760656518120227,0.009815476300761638,0.12189417726426069
We756706426cf12a00005,0.02144197455231098,0.003278549729717252,0.24772057301452055,0.04845768899204298,0.05943107801318956,0.08891721067663587,0.020376865836209273,0.032895680765831235,0.011021329232071506,0.017490731807396073,0.01629642221777212,0.011204520370814583,0.1089728054632048
We756706426cf12a00006,0.021763073518508272,0.003499003936461483,0.25986941288200194,0.04776328079486361,0.060577000211144295,0.07168573030411786,0.027678466044088676,0.030035722953237223,0.011427804716581178,0.01900667447976591,0.011598769939269645,0.010874625506204475,0.12283419932484747
We81a12f0ae5b8c360000,2.5366000462769997e-05,0.0005742559589217331,0.002579199825647194,0.00480734169587459,0.0036996146474732607,0.0019665203057505245,0.0016099950020117863,0.01903328575573893,0.8697316524834887,0.0020672795520594012,0.07212029424869897,6.0031402956946526e-05,0.008099424957995137
We81a12f0ae5b8c360001,2.7004242076296106e-05,0.0005755560835821316,0.0024786656615145976,0.003921669687457854,0.003960162356802678,0.0014075576942913868,0.0034428997403334895,0.01657404168523736,0.8765114075661901,0.0010570061661112318,0.06606138142397881,6.384269597317344e-05,0.006022631765584368
We81a12f0ae5b8c360002,0.00021042682832955848,0.001129814148529025,0.005794543170971883,0.005310472420245484,0.0029895912139311785,0.0011279983272531235,0.004777173175188254,0.01630509257817632,0.7572017046005496,0.0035281961215026625,0.05932905782201903,6.04228229271746e-05,0.011164997272180732
We81a12f0ae5b8c360003,2.568280382865241e-05,0.0011301329239188631,0.002134548509564647,0.003921163320646927,0.005175466927914774,0.0008500200929674777,0.001383930142160765,0.01743764799365081,0.8842829118358391,0.001985662804653555,0.06431398986146715,5.963429502533051e-05,0.005020332867943544
We81a12f0ae5b8c360004,2.566023451557553e-05,0.0011301162996785422,0.0038020846405492203,0.004476370133168657,0.004852967060264964,0.0014050783997490862,0.0034852901152261947,0.016030238338984575,0.8737135794553512,0.002914224999312065,0.05951670669281711,6.0061417889296205e-05,0.008622894296497421
We81a12f0ae5b8c360005,2.519494986299948e-05,0.0011296984946155039,0.0021885289813968057,0.0033650825689423855,0.0025734054959000415,0.0008467409289138323,0.001719225412617483,0.01856061418440548,0.8844962444617896,0.0014281152716673297,0.06453462660196933,7.029612081023511e-05,0.003998912947087667
We81a12f0ae5b8c360006,0.0005824596947382544,0.0011310379781854546,0.0038228585213382063,0.004199072896641134,0.005411764550991901,0.000850874490794224,0.003761137132735382,0.0163545745096809,0.875045998823831,0.001595519569232513,0.05683189042796491,6.331719409196395e-05,0.008322361114560108
We86a577fce5463880000,0.028103354992612198,0.0006878924959279779,0.16678796557214393,0.10206745480392194,0.025752905722610915,0.17760155783060882,0.01585980429301497,0.339870622712279,0.0003260079209618781,0.0780621849953794,0.014855856390581408,0.03019052516424628,0.00849027744900737
We86a577fce5463880001,0.030994807408896447,0.0006229546858312406,0.21321915129481975,0.09043645228308478,0.026302124669086185,0.12139254627278417,0.015475355110461194,0.36333991386852027,0.0004880237753058345,0.07279304278306756,0.01652518862033845,0.02787949380833818,0.009219692026011455
We86a577fce5463880002,0.029242924959586292,0.0006508240976960812,0.19241806046057403,0.10304000424834497,0.024004598843929845,0.22319405486711277,0.01535276415901787,0.28201208043988846,0.0002950565814425039,0.062305066863665194,0.017014560197287504,0.028621431580527143,0.009328230230772339
We86a577fce5463880003,0.03657478463776265,0.0006452446034277742,0.22631464246867847,0.10794658942636441,0.022799308345055717,0.17613859755378128,0.01293622803461609,0.3008453011771555,0.00029062387283645356,0.04733440258996362,0.018665049974154167,0.028119697838048133,0.010336707691991402
We86a577fce5463880004,0.028082240212436983,0.0005852034716085627,0.24208043930047632,0.0968607010440001,0.02150999173742581,0.18198021800533917,0.012580583237325405,0.30499456787922785,0.0004283751124348001,0.040888095572499505,0.01797575299314519,0.02965417733824397,0.009919614044359338
We86a577fce5463880005,0.02667565509046701,0.0006657935002957738,0.1979509180779625,0.06639797502690142,0.02215854565076037,0.17942435827964653,0.012891668121199228,0.37644876623973583,0.0004920622018493673,0.04691401329350532,0.018085135902751282,0.030387437875017537,0.010526818719034645
We86a577fce5463880006,0.029147957954614768,0.0006254041201199684,0.21920551929396598,0.060365548931234116,0.022908599460337856,0.1919785719725126,0.010970473690986835,0.34663262091703456,0.0010157829619127814,0.04799577590349863,0.018018096966595218,0.028522263369530967,0.00968334303595655
We904476167c139f90000,0.00555800274369399,0.6127686607937487,0.00328175549545108,0.0036713598984644542,0.0015864808470567634,0.00871368394003885,0.3277793807873843,0.00018641204283058058,1.5461254489852318e-06,0.0017640468682210376,0.0040338421988869696,0.020001319890587278,0.005598337424435727
We904476167c139f90001,0.004446947338309587,0.6973991266353106,0.004115240256340523,0.003393427587888345,0.0014472413354318216,0.01010227613260814,0.24152943261143467,0.00018652506123313176,1.679420081240365e-06,0.0023192082596496903,0.0036163160228615283,0.019538293279601247,0.0069310369355288
We904476167c139f90002,0.005002137095970395,0.5752675238727015,0.0038370264733393615,0.002282279888518019,0.00200271588586552,0.012602895998401474,0.3581059186767493,0.0003716941604661671,1.4943384799282157e-06,0.0028751516303952562,0.0041712729547213724,0.020927350680765264,0.007357034894266447
We904476167c139f90003,0.005002491958757555,0.5863260111131413,0.004392418562775338,0.002282649111909617,0.001447167493632858,0.011769640465044957,0.34760215648469,0.00037168921990529284,1.6557457438144727e-06,0.0028751531771650644,0.00417134914538916,0.02064964183800019,0.007579246097993213
We904476167c139f90004,0.008891368068694887,0.5402776498801558,0.004225735086627264,0.004504574692064333,0.0032990369047189755,0.014214187272211805,0.3729841921699287,0.0009272125802685388,1.6551375498465753e-06,0.003986262532799694,0.003060817686169858,0.0270940198070474,0.01004216932512332
We904476167c139f90005,0.010703338349447686,0.5405626084301284,0.005337364804094201,0.003949022753141962,0.0032989705369957253,0.015044081401388425,0.3699204476034888,0.0017142866283612413,1.4954543536002643e-06,0.0045418257542087235,0.0030581448738844458,0.025705069960554838,0.007671819884031503
We904476167c139f90006,0.00944693099474588,0.5466313546674568,0.005337342734342313,0.005615636876307058,0.0016330534823179243,0.012547133851837092,0.3702342778760353,0.000927097610695792,1.497836023279731e-06,0.0039862739329241705,0.003623371892747674,0.023482849914241564,0.00841251628020876
We96e25bbbc0bc26b0000,0.0071032361214217405,0.0005248866639071614,0.08295222985161436,0.14408893772599665,0.03367065645650835,0.2558530599210056,0.012824417487645777,0.004585221386236405,0.008473797903872,0.016471963857749957,0.2348803390114136,0.02073946567718917,0.013394240312973734
We96e25bbbc0bc26b0001,0.0068550180733524995,0.0003195263834515766,0.05651473413986221,0.09204860844674857,0.023065281572739717,0.08715455237988004,0.01795261975891925,0.006450271474170371,0.013110323493118078,0.016907727467626178,0.3258773007601547,0.007277286822139669,0.009973241058305236
We96e25bbbc0bc26b0002,0.008396209890076818,0.0004964664535776282,0.07765993193093262,0.10272330016722434,0.024711488614556562,0.10812462097383659,0.022002194362096328,0.004401510697648497,0.007543276088039806,0.019080613336429218,0.16066755178150488,0.008141745537170775,0.011669015018847446
We96e25bbbc0bc26b0003,0.009717253262054273,0.0008400998070607811,0.10093838949186737,0.16937162927795138,0.03215106030574358,0.2560409684690649,0.018777388675816242,0.0033007956243327917,0.005648951674025336,0.025357083985369074,0.04041412658229014,0.012047589765836468,0.012560913440242379
We96e25bbbc0bc26b0004,0.008931182896332426,0.0009644257443821155,0.09782677958006235,0.13746761986688863,0.03816859063178923,0.17614877302902,0.020640358878236693,0.00511873240490503,0.005602081972760255,0.021239242250243526,0.038383962931283336,0.01267259616602011,0.01606088489291901
We96e25bbbc0bc26b0005,0.008229281390519632,0.0005876656877124557,0.09168396250455287,0.1468438590051279,0.028573771189525508,0.22031635349955328,0.01736731847058705,0.005738793733790051,0.005053268195631534,0.021428581946331956,0.1411594994269307,0.010121258042600771,0.01120307182394562
We96e25bbbc0bc26b0006,0.011601886488420345,0.0005595430394660895,0.07835902932479316,0.15607254272351836,0.028107432521717192,0.17858981179522831,0.018873388330039882,0.005670827091679823,0.0053741788933781625,0.021619811550269357,0.16168412343998118,0.00897804858927005,0.01176247643621677
Weabcd903c499c6ca0000,0.002009890278742565,0.00040025279630408195,0.14262184744044573,0.1046864244670259,0.26388700793090897,0.17044505098323617,0.011862801319167266,0.0013589525952649338,0.0013569864130766182,0.0016378112539582367,0.00034564609633693557,0.2803919201695854,0.011043483117863172
Weabcd903c499c6ca0001,0.0037206670056674517,0.0006069115863562305,0.18145617283855175,0.2139731896659475,0.2761373122532205,0.24911210038727657,0.014808802596180962,0.002073705055220308,0.0015794500082420948,0.0012520261410857321,0.00033101569270789174,0.04284695510585487,0.007193106853898002
Weabcd903c499c6ca0002,0.002977573985861596,0.0009303217551141567,0.12284985619540373,0.15214349611169772,0.3623527493971612,0.28045332693489405,0.017419371791171447,0.0027565330517563534,0.0007953073685347135,0.0012566469946946471,0.0002914373024025068,0.04372373086856062,0.00646546318440666
Weabcd903c499c6ca0003,0.003046860481557322,0.0003269853782889875,0.14165058488996163,0.20423781801125152,0.25002394074359674,0.26637170127728943,0.04565416965700075,0.005618962920321389,0.001360725911276823,0.0008489332995412483,0.00018193790736236695,0.0704052790328485,0.004921316001233012
Weabcd903c499c6ca0004,0.002587102012669356,0.0002906479212293716,0.0661861224650845,0.40975755568996286,0.18449467911808715,0.23480847019682763,0.049165238930220935,0.0018683998537250407,0.0013438457405538756,0.0009644064385526515,0.00022625939539993307,0.03829349006417274,0.004227076952915872
Weabcd903c499c6ca0005,0.002995182708234732,0.0004620948400676818,0.07931017284600571,0.42593815332937407,0.19337258105915545,0.19728229967055236,0.048120249219207024,0.0014441978416098067,0.0008928482608420751,0.001206971461148756,0.0002613237123673152,0.03451162988468164,0.006938340553251899
Weabcd903c499c6ca0006,0.0039282634077737605,0.0004475659628086188,0.111376939903116,0.31021871615964747,0.24309172564107917,0.18464615373972432,0.08829144839468622,0.0023645441596317016,0.0014309328314931725,0.0009691436254432285,0.00024059837531779712,0.03978016403158352,0.0073021515821133
Weebdd07a3de3cd1c0000,0.0027400135259404747,0.0005579971567607402,0.008102263778712536,0.003451689073657564,0.0037193411590110124,0.0025244622376208717,0.003897249026001222,0.9627764437849594,0.002227230094835541,0.0008564520735602927,0.001716463398719542,0.002457478190615149,0.002054478547650152
Weebdd07a3de3cd1c0001,0.0019464284760167948,2.5160518076689126e-06,0.009416608199587508,0.0033654958200899734,0.004040401521777323,0.0013009998326369433,0.0035270965117062234,0.967549614685871,0.0014867043189302686,0.00028072047928061,0.0008363492876396059,0.0022728303880180096,0.0021600533693174376
Weebdd07a3de3cd1c0002,0.00213161232692952,2.490898489168718e-06,0.0068747926337112625,0.004191068241176266,0.0038988940533392514,0.00236577078078013,0.004116721652620433,0.9657312560502447,0.0014866980284088786,0.0011603487396416676,0.001400171850350235,0.0025498572129735502,0.002248895753363552
Weebdd07a3de3cd1c0003,0.0019464254267947591,2.4943055058055118e-06,0.008290500898153088,0.0044759207658106965,0.004613432804445838,0.002041787196005886,0.0042023025744785695,0.9653743628592713,0.0013016811327523146,0.0004659360654828944,0.0008481711275240921,0.003012831131519312,0.0018437106492499298
Weebdd07a3de3cd1c0004,0.0025020212691663772,0.0005580482232400726,0.009684926910091122,0.0047483044130981625,0.005025843856722026,0.0016714522375418804,0.0037934917661273902,0.9607553695275065,0.0018576254163816495,0.0008560818601841773,0.0008377140541932257,0.0032906033351381963,0.002846035193447841
Weebdd07a3de3cd1c0005,0.0019464261609153522,0.0005580618454462139,0.008288105842898722,0.00414181946128492,0.004380111745216133,0.0021806830742188512,0.006203955480067228,0.9596157306398835,0.0018570930864149151,0.000697480709358997,0.0014074220361204063,0.0033832191655789887,0.0023701588155145784
Weebdd07a3de3cd1c0006,0.0019464132234280525,2.5065177587051277e-06,0.00878850198476764,0.003864067093234531,0.0036812646291030362,0.002180699554704132,0.003980695586550517,0.9656076411202881,0.001671896182313518,0.0006975026983449403,0.0014480544023274438,0.0019024482403526076,0.002349375425030475
Wef2cc15f16103ef60000,0.9053384815225664,0.003897574224902972,0.0015607994858544735,0.01903181804621176,0.006557367166362092,0.006410308832596555,0.0013059065881898602,0.003064137411028515,1.1718362979687843e-05,0.022840522620025856,0.001827195779622019,0.014880940628281415,0.012243005570997513
Wef2cc15f16103ef60001,0.9053133835968037,0.0038993611638136767,0.0026012343495663667,0.023818872391981095,0.00378141792179215,0.005669209229814992,0.0013665402008246838,0.003065365736389879,1.3942712188592064e-05,0.018117082234779067,0.00266395114935902,0.013217443959087423,0.014883994874458253
Wef2cc15f16103ef60002,0.9015250741697857,0.004177065384029885,0.0024158582770479574,0.0248275800302541,0.0033187236349975706,0.005574526885048383,0.0012614498906676971,0.003065296779779561,1.3786946160311054e-05,0.0196133107707268,0.0029818181036958924,0.014328392832301922,0.014605665243677136
Wef2cc15f16103ef60003,0.901154504696678,0.004177588164490511,0.0020579907448093023,0.025950078034676038,0.0037830997032113193,0.005856212783164328,0.0012619063217227898,0.0030869320535542454,1.4393142450556268e-05,0.019055544358050843,0.003540652496501233,0.013773984811316193,0.01432862988306825
Wef2cc15f16103ef60004,0.8950500238314987,0.004918366916683147,0.0022456792583110284,0.02762108338478663,0.003783757566468955,0.005487560262978756,0.001262387644681884,0.004479269280424291,1.453053978537245e-05,0.018612617573168636,0.0029829264187471983,0.016181475236390637,0.014328193282990039
Wef2cc15f16103ef60005,0.907197564326042,0.0038983462625517555,0.002587691732715055,0.023189633839246437,0.0036824401570674597,0.005571455456132984,0.0012602388289405094,0.003065309661167265,1.2656700374188772e-05,0.018473052853611494,0.0026945020283883,0.013492992106429392,0.014603690772006279
Wef2cc15f16103ef60006,0.9045252602404944,0.003897598181418083,0.002122358355506838,0.02463265696383026,0.0034895453064376354,0.005568000613988416,0.0012594289473286135,0.0030647930953044333,1.169008838197159e-05,0.018458176468098046,0.003219548237625742,0.014046905173654393,0.014880430212497884
Wef4a3d6322b8f1560000,0.01235865175681047,0.006146502734097339,0.06475849312296164,0.0564160403195008,0.06071474330830797,0.19405456835344245,0.013377185714549886,0.008054226038281018,0.004224940678110986,0.1330576410400437,0.08308702240333384,0.014315623778179307,0.08439044779741812
Wef4a3d6322b8f1560001,0.009223978275270025,0.00583655458859479,0.09446668213651983,0.06629613586507481,0.0508138853106035,0.3087630470227374,0.014626592318080474,0.005316831027554239,0.003009965187294598,0.1792316426387023,0.04636198233595977,0.011902887989386553,0.03113035995565808
Wef4a3d6322b8f1560002,0.009881219564000706,0.004519379885552743,0.0823622724640114,0.0654689856769936,0.035721557537582216,0.3125148431350103,0.015392395707445638,0.005351782094546373,0.003009896693352743,0.1899247621232214,0.0485792643521481,0.01764725225502536,0.03157105476937944
Wef4a3d6322b8f1560003,0.008328374212683589,0.005950041981077924,0.07988542244706198,0.0629418812509276,0.03742363664978327,0.2900605710355877,0.017627370619127447,0.006260066120834796,0.0036795415623515253,0.13632322038746764,0.06617171847712291,0.01824477170284954,0.03319467116654254
Wef4a3d6322b8f1560004,0.013089916527156555,0.007066978843871345,0.0863557393898179,0.06096087677916434,0.03748116243834307,0.21449361863932015,0.01732385709194605,0.0065164138697516175,0.0038250101605012024,0.14107980212976737,0.06115114877039362,0.010464954046032773,0.03305134821230215
Wef4a3d6322b8f1560005,0.01045207045557944,0.004369408823267788,0.06324210917370661,0.05982349597587587,0.03160432638528167,0.23482949373245557,0.014857220992456326,0.005700015783996428,0.003191260033499592,0.14114019828391902,0.0638917576660945,0.009908066031252438,0.033085097373495936
Wef4a3d6322b8f1560006,0.015090314258385982,0.006690044682694481,0.06969530101494527,0.058118179993108476,0.03748034348451281,0.12383738023384065,0.014594373517767293,0.0095916844931961,0.003741110330032021,0.19485292902963317,0.06834601531895458,0.0110263116992484,0.04081075397871157
Wefcdce98f521c4be0000,0.002244763605004281,0.0006799623747185685,0.2026224024440682,0.06963919586930528,0.06089954525070479,0.15853256817156614,0.003740436811889199,0.4647488498539225,0.00031512219796028,0.01043736189629741,0.004592869664824658,0.007408186370976448,0.0056458946627164185
Wefcdce98f521c4be0001,0.0025706168176493523,0.000744141517934863,0.12860173304059289,0.08534326623661877,0.04204114768179177,0.1812672221560329,0.004187863890260084,0.4972279395200474,0.00037694623245752964,0.010644017130649061,0.00526245314647936,0.005320090085868452,0.027414825156915762
Wefcdce98f521c4be0002,0.0025042089938477185,0.00029257928314897037,0.13220280367250492,0.04053215863997451,0.024149083401117388,0.04920056022994704,0.0019790167072031104,0.6996721638428953,1.136187380200439e-05,0.001873194331362428,0.003367176803273315,0.01971848117215529,0.01446280295324937
Wefcdce98f521c4be0003,0.0031751061979607242,0.0008151624216814381,0.18403679017612543,0.08621792329719796,0.042801889996077064,0.15684661633421598,0.003969656524956441,0.4428960140854485,0.0004289135765271018,0.013046644405542457,0.005512501087123819,0.019259684997035023,0.032062272154356926
Wefcdce98f521c4be0004,0.0019814258837973814,0.00033099396303320783,0.06983180342210112,0.03863098806076005,0.021773745860351506,0.36411758914396236,0.0037428841459165862,0.4654347702003984,4.1506932449889964e-05,0.002863190745214964,0.0033496058825064905,0.00842468426785371,0.008655454728739072
Wefcdce98f521c4be0005,0.0021536302032087668,0.0005598810792648774,0.11361947561848108,0.05065073681833575,0.03524226227626116,0.29929177512228716,0.0035396540395625153,0.4332776084152574,0.0002256593952139506,0.008656589457593953,0.005461406468351434,0.008488623501439078,0.02820694772831913
Wefcdce98f521c4be0006,0.0017090914166125748,0.00033584169628627356,0.1047814704570256,0.058360111373352654,0.037672728644241815,0.36771369422045297,0.003065742633664203,0.39207354061475036,4.701649072029848e-05,0.0034034656849948135,0.004420005182947421,0.00702223924294053,0.011467937971007112
Wf1d9f9e8929c4b4c0000,0.007480901804243341,0.001751564259943525,0.04168689920627699,0.024334581385717553,0.03734414081926959,0.020000838122207862,0.020016187185102733,0.010128127693193333,0.007374062222585389,0.02265025170126355,0.010075118303789578,0.016531413651171414,0.022027320949822432
Wf1d9f9e8929c4b4c0001,0.005429328200786453,0.0020022196409316775,0.03968578448693546,0.01959205317270407,0.031288505593901186,0.01467469619880393,0.11083815434140663,0.009061106922351247,0.006861675489578912,0.019615267915258118,0.010130342763923387,0.005051322785568562,0.01724296526103829
Wf1d9f9e8929c4b4c0002,0.0051791340682050165,0.0012655463493774497,0.03419837503330798,0.032086511711650396,0.031159155114206607,0.09651999135241647,0.2420953347315499,0.009981273648292264,0.006898553520901484,0.020270116576843914,0.010970026323234279,0.0016308051477561807,0.016278083025269192
Wf1d9f9e8929c4b4c0003,0.007557161244363871,0.0021641762588008656,0.0384529525470243,0.04322185157637891,0.054447332729288846,0.11282646175319921,0.023568028441770035,0.009868948770438504,0.00851168518977204,0.02584365662883685,0.014925867353981286,0.0033371642355670803,0.016044269507140396
Wf1d9f9e8929c4b4c0004,0.005162184507325072,0.000535646696045372,0.040691252509633874,0.022115628629479474,0.040964713550462,0.17058660734749614,0.020598638935464687,0.008357517880084717,0.007668433745997256,0.022413883365105403,0.014764677871165331,0.003119820896728479,0.023460653579527053
Wf1d9f9e8929c4b4c0005,0.009786465142873837,0.0019175178025570702,0.038189390221194386,0.022834154818123665,0.062292242779843916,0.19012917233172477,0.02191728172723294,0.017033831461380152,0.008817414712186925,0.02404489033715089,0.014182975272292045,0.0026345794126080165,0.030180570201976495
Wf1d9f9e8929c4b4c0006,0.007731739642004743,0.0014825273533186788,0.04184822643922146,0.02731779089993804,0.04287028666899085,0.16057915240564477,0.023352240009947962,0.008248290519484926,0.00754531233362623,0.023298982683234583,0.014962784015326993,0.0028369592246258197,0.016781630541847996
Wf4758011109bcff40000,0.02213512242126835,0.46011156323651514,0.006483642262640868,0.008557743810282365,0.00709478087968115,0.03319587186193732,0.4011298645761619,0.0008343723251204822,0.002705051812068036,0.014169577799819139,0.003336642247977585,0.018473327499602805,0.009546691465026954
Wf4758011109bcff40001,0.021161755049084217,0.46324689593068363,0.006261048238620816,0.01030562606704269,0.005427726631397313,0.033637508333970445,0.3991126538817693,0.00111217096212193,0.0025940713910925692,0.01361405495045185,0.004586623126989767,0.019677021318926537,0.00953806287619832
Wf4758011109bcff40002,0.021718349497599432,0.45578948344478576,0.007649900235847943,0.008972070352792648,0.005427711607813972,0.03339687926938801,0.4078190299683967,0.00111212654468772,0.0025940286107115377,0.013197362552088376,0.004031160773673883,0.019028850582467866,0.010649152832637298
Wf4758011109bcff40003,0.021162896605307527,0.4612074986996358,0.007649926816222441,0.009526722887726057,0.005427733263683155,0.03467661497458139,0.4022612098297413,0.0005565893867471053,0.0027051649855382386,0.01222470089518534,0.00458666092875283,0.018751058785163435,0.010649168049194796
Wf4758011109bcff40004,0.02431107972590418,0.4648879050389325,0.006538829498803918,0.00952056679312861,0.005057359999561464,0.03606293251848439,0.3977560463226501,0.0005565996448171799,0.0027051636255530456,0.01305800758952923,0.004586702951631588,0.016806622551669616,0.01009362274849597
Wf4758011109bcff40005,0.022088844067990308,0.46566615059472916,0.007094379974265581,0.009520532290672809,0.005057359327520253,0.035972354277801856,0.39808649956933423,0.0005566391624386346,0.00270506022133568,0.012502661414254308,0.004031073233543125,0.017454795979717948,0.011204737946935439
Wf4758011109bcff40006,0.022218211136021432,0.45796310202400964,0.0063165314250454305,0.009521344995295998,0.006205536586774262,0.03411967604383943,0.40739618320291443,0.0008346989289918713,0.002704994588886137,0.011392416282542046,0.0043129714435111354,0.015528817200997615,0.011204768490223754
Wf59b57b9ae65f7be0000,0.010798248707537745,0.01600179009581383,0.43419056108551546,0.2406204713904115,0.07827100422581584,0.06104388280967147,0.012707346039441582,0.01706461650782021,0.0043222561720571645,0.03746539617831381,0.008029568139841103,0.008309399931374467,0.024190593741513663
Wf59b57b9ae65f7be0001,0.04306575041412405,0.001586796480130836,0.4050484429228791,0.2585836651500627,0.05320146867718595,0.05887930847698786,0.010334099720369923,0.016212143862521778,0.0025048387555249444,0.03615223423815501,0.020422875437028514,0.005815506215531017,0.04764174688464462
Wf59b57b9ae65f7be0002,0.01076686924679761,0.001145680192730788,0.4274999842782698,0.23632580667177708,0.07884001664513024,0.05962331400861882,0.01430205293267932,0.020374955015921473,0.004037008461858098,0.035958931187356845,0.00970200012196441,0.007336591036902963,0.04906020423562921
Wf59b57b9ae65f7be0003,0.007787875337689436,0.014684041346343782,0.39704569314479904,0.22374530114361244,0.10373997129545426,0.06621133463863887,0.01360854365948129,0.022328416123950836,0.004050910818799171,0.04641999482677023,0.009108643516540523,0.007425980966991226,0.044692180622918014
Wf59b57b9ae65f7be0004,0.036388024891658335,0.017276645017630123,0.38393645399823,0.27300205520280124,0.05260152570942597,0.055004757764870495,0.009642722816175843,0.017784247233295407,0.0019799180831275034,0.047520721439549767,0.0200685449315719,0.0064735006487995385,0.04250019667338364
Wf59b57b9ae65f7be0005,0.015229625452411457,0.0010302252919123789,0.3999894643726678,0.2529111535763743,0.10239166700488517,0.0565767654469233,0.011770916983714153,0.01757685052483054,0.003331717484780288,0.03802008244575486,0.013741051751421388,0.006148869901640947,0.037447711936449905
Wf59b57b9ae65f7be0006,0.007391505155670865,0.0005838024328278815,0.39781337930554045,0.1870368194592099,0.18089949839614686,0.05549330029077096,0.014805147701743347,0.018567258735802974,0.0051521038967894655,0.03301750028431261,0.009982028428224389,0.006640475061127919,0.03162954127551608
Wf67e1729784c92fb0000,0.0027848782671918214,0.0002829319638005635,0.014786539592338365,0.013449540939855663,0.004869604020034808,0.008161168223787464,0.0030606904630024025,0.9234267537876997,0.0002823500504075927,0.004440081994226352,0.002114483045707226,0.005938877326521037,0.004060324121597736
Wf67e1729784c92fb0001,0.003988130650633472,0.00028260252234444213,0.018039904923361112,0.014096463263247044,0.006443192543824582,0.008484745472920338,0.0036161298957708,0.9182870258760291,0.00125434968144311,0.004690298355221217,0.002103382857958268,0.005664647711731147,0.0029488092664212533
Wf67e1729784c92fb0002,0.003988056204818704,0.0002825248209671536,0.015489723965734142,0.012615504331206112,0.007693353890591564,0.008623149606570884,0.0019494413728813873,0.922217367082816,0.0008376707619879741,0.004967981723874295,0.0019559409972367556,0.004922168439948594,0.0037819807853848014
Wf67e1729784c92fb0003,0.0034317230852781394,0.0002819879078237979,0.014244321714006919,0.011837063754089253,0.007414737705721915,0.008288614618263121,0.0030601092627534966,0.9218840693926962,0.0008371512816515187,0.004667422711182765,0.0019264803853146315,0.005478165412654167,0.005448339632351372
Wf67e1729784c92fb0004,0.0034316836144944267,0.00028196912143623414,0.013684762420987165,0.012059301817787485,0.0057482530272332764,0.008344074034192945,0.0030601287038010457,0.9250405864676745,0.0008370780309077748,0.0049257065101177425,0.001933634860145537,0.00565833919956956,0.004337223369214893
Wf67e1729784c92fb0005,0.004543617992895608,0.00028253696078290154,0.01812351873677485,0.014152865249134956,0.006304473601281967,0.008292270607589627,0.0022272979736276616,0.9189833717214816,0.0008377246825055627,0.005998091887984627,0.0025474028748998525,0.005477704622503678,0.0026710358719729895
Wf67e1729784c92fb0006,0.00454364025770037,0.0002825265303293325,0.018480334397863202,0.014374797809918169,0.004635576204475984,0.008070569591595887,0.002505055494228703,0.92158932031981,0.00028207882415903556,0.00544049403177275,0.0018975878908013984,0.0054773165899511984,0.002856052115662889
Wf6efc5aaecd330440000,0.002349759959283239,9.864332750075557e-05,0.0062755924001410565,0.0018415241571592663,0.003938016921796847,0.36113868599663995,0.0010082357390530509,0.0006285559706765291,9.104548458413167e-05,0.0034912385806160078,0.00016636570382386832,0.6136969162777807,0.0026073618857476275
Wf6efc5aaecd330440001,0.005094080285994766,7.060362142793735e-05,0.006538613453076901,0.0019058895667545537,0.03555657139665292,0.3116366797700929,0.001999930109534333,0.0006079449034006415,6.524584217766734e-05,0.005114619506259259,0.00016456616373319548,0.6242378930062684,0.004269744479567385
Wf6efc5aaecd330440002,5.2740445314276034e-05,7.027316147448439e-05,0.006773202765486732,0.001524091892426003,0.0025873714265937883,0.3538630602218962,0.002393959053015196,6.264722085866275e-05,7.030424017199369e-05,0.00012877555801718235,8.651096243367886e-05,0.6270448578751502,0.0040350402923077094
Wf6efc5aaecd330440003,0.0015923002717472753,0.00010003408581791721,0.004979399968447903,0.0026509066495479126,0.0008756087157429254,0.3743171743649484,0.0008030390147326257,8.695458539280925e-05,9.223120338874209e-05,0.0004606150153448593,0.00013846761458862224,0.6070274441937136,0.00601254736965742
Wf6efc5aaecd330440004,0.0005637002362887782,6.356706124072482e-06,0.004305788332510298,0.023407128932085058,0.03207294288164919,0.30637434188981816,0.0011512096322631124,7.394480257818514e-06,5.94989991747805e-06,1.1446312826611854e-05,1.6616568947879926e-05,0.6268006190602545,0.004333298211586002
Wf6efc5aaecd330440005,9.235774202214102e-05,7.218412353085044e-05,0.004853669079471314,0.012470930946548876,0.04260845386949935,0.2696879733689842,0.0007504183140662357,5.248883889645264e-05,7.100278636389602e-05,0.00011906873098160556,8.849632587903075e-05,0.6660801999659804,0.0022518765297966387
Wf6efc5aaecd330440006,0.0006456680677196288,7.044604436218893e-05,0.005055618421399571,0.023628486074962866,0.004153164493354357,0.35887780985888856,0.0018961021601543626,6.125506465499588e-05,6.399874902166756e-05,0.0006712423459436331,8.611614560923494e-05,0.5996839003751487,0.004313566971655481
Wf71d5a82e2b2591a0000,0.004269597276387889,0.005946266368240915,0.11299529975827573,0.1511908773572049,0.031583581221146066,0.005071850795171101,0.057567631423458554,0.062220487196043235,0.10315718070662232,0.021323775596698385,0.0883809665337597,0.19420919591781727,0.05253083100362783
Wf71d5a82e2b2591a0001,0.005427764134713115,0.0064281782038443066,0.06371358889680175,0.053403163473907,0.032652043826806615,0.006538365812704933,0.08577707534973378,0.06389607776354887,0.09897349750993169,0.03290985741471419,0.08908320629091167,0.12828143831445069,0.187945910264091
Wf71d5a82e2b2591a0002,0.005595219806502357,0.006966477579132321,0.06153184974671655,0.03441170011888113,0.03409926057179125,0.0065532971524121944,0.01741645735672739,0.11040129670000709,0.14684139067667187,0.033480118456352494,0.0877624497724907,0.12268846429972614,0.17801627641023554
Wf71d5a82e2b2591a0003,0.005424139607740532,0.00800355934291032,0.062173269617936434,0.03630612957758799,0.03663334098749399,0.006566255347376554,0.018107335722803028,0.06683454158515155,0.14073445858401493,0.04408389169435923,0.09646231086974795,0.13160134238473778,0.21314720497752293
Wf71d5a82e2b2591a0004,0.005315411729989592,0.006910972963245559,0.26612923188792215,0.029531843053090374,0.03338178704412592,0.005818731784332502,0.017389658235739777,0.07015772959200456,0.06461615537633283,0.04030077290652245,0.09481825934263222,0.11682384891297398,0.14362191059670673
Wf71d5a82e2b2591a0005,0.0059256147400754714,0.008332119252701855,0.09071520634531542,0.049599758505067267,0.05179406073453508,0.006355166601540528,0.019352334144628693,0.060863542514450523,0.14100455751878802,0.036306519843643734,0.10141417456549652,0.1451262811681547,0.17144113298858601
Wf71d5a82e2b2591a0006,0.00427047472882947,0.006214639119483029,0.08274212891330353,0.02920427006673634,0.03467064014437562,0.004533281538484635,0.01429537428766296,0.13654781708335828,0.18517514216635253,0.031259690325721824,0.08370627618393811,0.10740246708919038,0.13952687841196337
Wf9376d0a25f5831f0000,0.0043101386514007725,0.8509899711049665,0.010580676056529872,0.009276352875778897,0.014660427712237044,0.0037567262839641076,0.05340885984229603,0.001986637733836788,0.00028784600190973747,0.004628427455626901,0.012413295362727098,0.005002227276523741,0.0115544964750332
Wf9376d0a25f5831f0001,0.0036619264430668573,0.8565569547347295,0.01028202382439637,0.008513912922727832,0.01679223620488089,0.003939985431619678,0.052791731454001754,0.001883822898260368,0.00019520236068416166,0.003279075745173448,0.008015761598028416,0.004836247066867384,0.010242845575034772
Wf9376d0a25f5831f0002,0.004634993740760045,0.8535148039920265,0.011302040000507422,0.008527265840975495,0.017388973420079758,0.004404574579799604,0.04833910549458251,0.002487433590161728,0.00019734922804179482,0.006056905043271555,0.009544006630427369,0.003983549230247778,0.011350827818720613
Wf9376d0a25f5831f0003,0.004494921575993932,0.8463522222341208,0.011681440366917293,0.00882115217833942,0.01704877800479638,0.004270470756683723,0.05885817478167401,0.0007818390765351161,0.00019214353484072545,0.005871823670671338,0.008940619563947972,0.0039835542234817785,0.010434278380965504
Wf9376d0a25f5831f0004,0.002782152474367026,0.8824960593162577,0.010234210388194593,0.00751274266841575,0.01371217575933274,0.0046339485329235175,0.03984324096765061,0.00022364780673152825,0.0007478771370416415,0.0027235671939763585,0.00792057602275677,0.0038961498485228277,0.007681339543639829
Wf9376d0a25f5831f0005,0.003198420881508108,0.8764134232401574,0.008413414781010068,0.009010340614412552,0.015339358045508135,0.0046348290823079305,0.04176431983597492,0.0005056440754861927,0.00019595455841697656,0.0029087746867032557,0.009083436329727121,0.004077340594477484,0.007940382696320846
Wf9376d0a25f5831f0006,0.002966589142431792,0.8853291159081885,0.009511882138142304,0.007925524497704476,0.014244328723218383,0.004077420462400363,0.03865150278029438,0.0007856664686372388,0.0002015056605732181,0.002908746894122467,0.007274049377101192,0.003613585093261965,0.006823579743856202
Wfaa483cc9bda9fb40000,0.0010208833460092822,0.00148635579818652,0.22888157676654122,0.017640082469519914,0.01684292509348955,0.00974629909817301,0.01667281896625376,0.022136217750469183,0.0034655932991344337,0.009137769866547902,0.014462680851263926,0.007478972215579675,0.05644645992507919
Wfaa483cc9bda9fb40001,0.0028244524474822954,0.0003212432579377362,0.2178124119171791,0.022326241818185606,0.01752203917929384,0.01296467787951273,0.02700459602387848,0.018060112026701183,0.004194727282337765,0.005891936519942415,0.013564583855599556,0.007848654469337066,0.04232381477460079
Wfaa483cc9bda9fb40002,0.002872390078766834,0.0007921581666325848,0.17331175234433865,0.019502180554589493,0.012469995351178109,0.00961528996873502,0.059201589113570666,0.01615647751912549,0.005694903099208189,0.0049755338688268775,0.014468790087295827,0.008040275306474054,0.04345142748065474
Wfaa483cc9bda9fb40003,0.0008355984059160382,0.00022286811756608069,0.16171881030520432,0.020777525232069504,0.01854011567676361,0.01133235204423077,0.01983820146075253,0.015024567787324297,0.0029715895288916594,0.006329681132984446,0.014926704394588444,0.007290448035766288,0.03948383632561736
Wfaa483cc9bda9fb40004,0.001199352681502776,0.0004333850378224192,0.24279197532901522,0.019140540334701233,0.01747872588859478,0.010060036768601163,0.020481357294988234,0.010262204156693818,0.0030158781912338188,0.006149215537596751,0.014032011290693286,0.0059621628321130495,0.029100762428545562
Wfaa483cc9bda9fb40005,0.0017940314520701898,0.0009981015832979119,0.18934755901758268,0.020495871268183398,0.013822101320798348,0.009502590845203756,0.02273801136953646,0.009194170308800289,0.0063786786915526255,0.008855453686455747,0.011744369792586447,0.004583031401412556,0.023098243216049273
Wfaa483cc9bda9fb40006,0.00230678768933044,4.051554971523903e-05,0.0927931821231677,0.01724985866806093,0.01421795457120666,0.010077391294343244,0.014085055799345738,0.008344294732432887,0.0035617405349265825,0.007492366374900335,0.010118754155862796,0.004376547969652957,0.02152214395641706
Wfaba63e098f23be50000,0.0043563116907699,0.9521977773431602,0.0011187764906866139,0.0025407719512594885,0.0011711533681373649,0.00033877502920392805,0.013603181969468898,0.00043331521537246653,0.005638210488714258,0.0025504557383789774,0.009834600585878376,0.0010606302301603265,0.0025569770314880945
Wfaba63e098f23be50001,0.0038007069430919414,0.9532783806822057,0.0005632630741260418,0.0019854867627601075,0.0006165590113308263,0.0008918438369538588,0.010356640374142533,0.0009834299653190368,0.007938512912917969,0.003147923468855877,0.010959937231184188,0.0005975599240229889,0.0020014231501665936
Wfaba63e098f23be50002,0.008059886177807389,0.6048405171998879,0.0005631239280670787,0.0034323174998119707,0.0022292933831733136,0.0008388323823471856,0.006621028052362076,0.004706812921322096,0.3418903646193607,0.0039148389686538,0.015204776918583697,0.0017641642473801421,0.002223621794643947
Wfaba63e098f23be50003,0.00917102078648832,0.9075393163001172,0.0011186758182744796,0.0034297045381669407,0.0016719539977485176,0.0011166991396762127,0.022498457349893874,0.003225642426682746,0.02242436115066404,0.00296497003827322,0.015196610782734278,0.0014863820443723017,0.0022236241618203813
Wfaba63e098f23be50004,0.0021339637232395347,0.622157592569818,0.0005630951236596808,0.0017631227019378822,5.528287022255991e-06,0.0002810283876504377,0.0033564105845131846,0.002500905116710803,0.35111584887116065,0.002416649845937712,0.009618723806208356,0.0009310009091781421,0.0016680680998943543
Wfaba63e098f23be50005,0.008059871806822846,0.5815975007148243,0.0011185495424552762,0.0034297145734471135,0.0011165294504582419,0.0012069542302755292,0.005782153019534193,0.0045012920653121945,0.3605785703439229,0.003902449390404402,0.018786127161706006,0.002319713481917588,0.0033347346367061247
Wfaba63e098f23be50006,0.008615454401009135,0.8907813079609522,0.0011184588979363497,0.003985328729642593,0.0016721630135348154,0.0013943132579549045,0.03314932736903239,0.0035480832104942705,0.028195565916470124,0.0031569608449958414,0.014833057665753735,0.0019493396252470887,0.0027791793753198287
Wfdd58305c41484a30000,0.001469552112105549,0.0012227814512018374,0.05969858320672959,0.011268848742139789,0.014889489810863072,0.013164100378495688,0.003534361422697223,0.12157220151884442,0.4171615694398473,0.04118217923778747,0.239449829367024,0.00526876032643293,0.030242014551732078
Wfdd58305c41484a30001,0.001411079906919326,0.001144771779445078,0.07558110695411335,0.010694495745640643,0.013176069779936357,0.01563519951343739,0.0035959021258722946,0.11349741614419073,0.39065978572399146,0.06581841578468685,0.2343389953317049,0.004895294055306381,0.027203725655832938
Wfdd58305c41484a30002,0.0014779890372215085,0.0012338736222796327,0.09813252590881875,0.005743869395868598,0.015432153071109157,0.01558129151818212,0.004098185715460477,0.1115967033836705,0.3569844346431874,0.07269039403413395,0.2374884875920926,0.004995708110695235,0.029403623453143662
Wfdd58305c41484a30003,0.001426525330248352,0.0011651822829041936,0.06884945244520226,0.007712314488141278,0.015616903570867084,0.014520301794732897,0.003557962093474191,0.11031418383157308,0.4055090863781193,0.057871242306200395,0.23707963597183188,0.004428257749813858,0.030155681791482317
Wfdd58305c41484a30004,0.0014081977518930564,0.0011405422203181865,0.057380941692712295,0.009979417038729354,0.014128292042561469,0.014454194877644051,0.003449496642374437,0.11377597646704905,0.42128075491283373,0.05483001727393849,0.2314434807397742,0.0043556894807388015,0.030943276355049818
Wfdd58305c41484a30005,0.0008801053042901613,0.0011770732720806263,0.06947264816709513,0.005469773068036444,0.015107241479892711,0.013181541769837117,0.003389942316383784,0.13222146225233158,0.39675547461214006,0.0568095434224781,0.22853262478749525,0.004355849056471061,0.030735795208642596
Wfdd58305c41484a30006,0.0014761745215893139,0.0012311507634061268,0.057868752454361995,0.011026094369415948,0.015526410899888312,0.013362584987896211,0.0034465784156826845,0.1165587830904156,0.4092305748701877,0.05559926141392288,0.2375211508991488,0.004426684403928604,0.02929615762399404
Wfe087e60becde77e0000,0.000445765574832629,0.0011612230078208014,0.030024615996819982,0.007982528900397329,0.012285460069515695,0.002538688343499342,0.007163105648040781,0.15453233168144864,0.36752817304272156,0.006065332713514019,0.10587599153970341,0.013345407653365629,0.008563954572620913
Wfe087e60becde77e0001,0.000370159828105846,0.0010618113054189353,0.02852860651132085,0.008753625205843248,0.012830922252221141,0.0014261922023595744,0.007373603409544159,0.22018419620982707,0.3272246787023512,0.0059327989298635225,0.12626830479874904,0.010453612866526034,0.0080740554494405
Wfe087e60becde77e0002,0.00042095490260966997,0.001122245834128736,0.028991099535395432,0.009002844288411752,0.013654897731458686,0.002702845781940718,0.007997054297413344,0.20014797635145945,0.31627625470086623,0.007698695981372495,0.11513028194756107,0.004944209516559477,0.008291399806422923
Wfe087e60becde77e0003,0.00046206363131167397,0.0011776363530783122,0.030551294613965472,0.011329013514598864,0.015452988946163492,0.0027958689551047765,0.007793227545667898,0.1555424568252905,0.33615657954579153,0.006634609289176285,0.12847408150887002,0.004792714490053612,0.007944245917421171
Wfe087e60becde77e0004,0.00041234678033129184,0.001113253813286575,0.028499974520686443,0.01490576247411669,0.015999375739035836,0.0021271968220925685,0.007082716861869128,0.15021601436159687,0.3582690086159136,0.006925259978240549,0.13337613477437743,0.006201711746028066,0.007838299560776349
Wfe087e60becde77e0005,0.00047078374978535247,0.0011894541552027581,0.029416704895891085,0.010487480098861057,0.01629229435405939,0.00231110612854357,0.007870381215769683,0.14184569691047422,0.3541686551118633,0.008134145147710997,0.11889024144361031,0.004790395299742264,0.00876606494598422
Wfe087e60becde77e0006,0.0004276981332136123,0.0011290027856881535,0.030557660497828296,0.008557858577194119,0.013765251867623595,0.0022226169062554133,0.019245996059501266,0.15449284418816805,0.3208955151012526,0.0074872263903680404,0.11305144376258565,0.002392640187824154,0.008275421221843892
Wfe131a9a23bcd6b40000,0.02309277548270619,0.8221643336858017,0.009415574622178596,0.004392972870095046,0.004827369455762843,0.010230034558987126,0.07915996186519395,1.8663745517708175e-06,0.0005569554409167918,0.005371692880421896,0.011246740344565125,0.007112404375359283,0.006768371271977465
Wfe131a9a23bcd6b40001,0.025768684313896797,0.8746731519396752,0.009877326800453376,0.005695688149673944,0.00589294746417201,0.008551352526613779,0.026800501037097336,0.0005606937801783123,0.0011128002035902054,0.006066177367498081,0.010836843693953283,0.005075385562523337,0.0053727045798729655
Wfe131a9a23bcd6b40002,0.026649948241401485,0.7766986872240103,0.010340067995180101,0.005510562465109823,0.006448539432632645,0.010229309946842272,0.11856522073139975,0.0005609818345915742,0.0016678848355350159,0.006529142471760483,0.011942804571560802,0.005630819454441323,0.004816963696150401
Wfe131a9a23bcd6b40003,0.024953526451037693,0.5756151188765225,0.011674188279277194,0.006114893405082631,0.008671418018580143,0.009808801319915352,0.3126466571285581,0.0008352771292832237,0.001112291660759064,0.007834698111446447,0.013561960964922626,0.005538228932641478,0.006391059505523611
Wfe131a9a23bcd6b40004,0.021484406968350175,0.8406177545422692,0.011214667463447688,0.0061137285592547655,0.008132443980286404,0.009926335517321321,0.049290057244433576,0.0015295494811627833,0.001112364923269213,0.007232901194511029,0.014506171894622602,0.00655674545302917,0.007457060436648796
Wfe131a9a23bcd6b40005,0.026710845144993948,0.5672144830650527,0.011303799170393546,0.00634842421665509,0.00890226820614177,0.010122824721965965,0.3194375768415786,0.001112540799738413,0.001112289703995453,0.007649522708752328,0.013700979563397228,0.0050752968838756966,0.0066225597914815375
Wfe131a9a23bcd6b40006,0.02356684033658675,0.8831754738211317,0.009324852334054038,0.005663965296824309,0.006671762179779006,0.009347151658770274,0.020148572019387034,0.0008347049663059917,0.0013901133944813984,0.007455084523686036,0.01028923455701161,0.004890089429672363,0.004267582678224482
Wfe5b5fd90a0f32520000,0.000561004375838056,0.03243096187323004,0.014829545781403284,0.02313090625573143,0.015994086724271238,0.05968568417229734,0.8036917812173549,0.0008393951066513537,0.0015796553405430542,0.006665701064189487,0.007897629614346606,0.018674328935048525,0.003098162851201193
Wfe5b5fd90a0f32520001,0.000559397035532347,0.03029438347312287,0.015054271610364107,0.02198564729228305,0.019780689377541086,0.07227752635190131,0.795809548967419,0.0005601261108910551,0.001717238326520546,0.004949507797484127,0.004201322356057468,0.017833522375265646,0.00536867311709348
Wfe5b5fd90a0f32520002,0.0011149444510746489,0.031590644509606504,0.015234139372409345,0.020081056400630213,0.01769754025161055,0.06006041218655811,0.8086441002676078,0.0008371186419914721,0.0017167161487232996,0.005088413225019895,0.003645996713146551,0.019963823830788797,0.003981193076799968
Wfe5b5fd90a0f32520003,0.000558861300533449,0.03084762324794845,0.013473496023816417,0.021003585904868675,0.018717854190713416,0.055261444186614085,0.8060330280387792,0.0025032031317395297,0.0022714773274576158,0.0075879584334015895,0.006064756108739251,0.020195527305321814,0.00388326436675951
Wfe5b5fd90a0f32520004,0.0022256100206138286,0.029736866873353796,0.014968188688131755,0.025066587013264842,0.018904234963204154,0.0532072179255894,0.7976410106950612,0.0025031084792820515,0.0022715508013887997,0.006615305437564331,0.009021388982619302,0.020331709750979227,0.005086723164818415
Wfe5b5fd90a0f32520005,0.002226317164859393,0.030480659090268113,0.01501559805649422,0.026242482325195066,0.018259333886388226,0.055935556078011525,0.7943533754900515,0.0031519762481661702,0.0017169315893364513,0.0074499596483769285,0.00903505360659763,0.021213375954585507,0.0036985345013092687
Wfe5b5fd90a0f32520006,0.0011151985919957467,0.030295446238513716,0.017184864185026287,0.021702115003519862,0.01811984641429895,0.05493303034431474,0.8010011367884472,0.001949270645561966,0.0017165852231907678,0.006061274190142543,0.008107459756296759,0.022003504858062475,0.004717491378368409
Wfeb1d9279b09dcc20000,0.0039946217266605055,0.40313525869566663,0.015136909742011666,0.027587308827860525,0.023236018630341183,0.0017661673210600968,0.015068732975474905,0.002682943579790098,0.0019819440356924744,0.011891261991559097,0.05066733118007332,0.014650822995106574,0.03871333154135064
Wfeb1d9279b09dcc20001,0.003854015511900327,0.026129032247998535,0.01940443202300493,0.030242408876854143,0.02064011004912285,0.003655476178255117,0.0259396597500951,0.006528011117485702,0.0034310881186828887,0.028785854893434503,0.06775639939158283,0.011437234557625818,0.03993723871200091
Wfeb1d9279b09dcc20002,0.0023962175134899155,0.028700014829858542,0.021270057388472808,0.026333810838015573,0.023050517047883176,0.003420190800936177,0.017458489041482145,0.005818592517392385,0.0033366951811349905,0.027969057138518653,0.05915249800151407,0.010922809005772404,0.046534692831467134
Wfeb1d9279b09dcc20003,0.0028824668671112905,0.3987701146747969,0.014083560997446174,0.019993256819213684,0.019633423664782948,0.0020504218522700954,0.01651812951192678,0.004438940709371023,0.002388012594396642,0.025508148278121635,0.05368800179830873,0.01151627200357788,0.028863173694044588
Wfeb1d9279b09dcc20004,0.0026286747071307868,0.004420387528080762,0.01690270313683192,0.02927210345575273,0.02667278702078253,0.0015160589228445636,0.013349230928894432,0.0069809004690840415,0.004486825243385441,0.0660244771248729,0.06125305124192212,0.010584788575568084,0.05063915410748746
Wfeb1d9279b09dcc20005,0.0034465790079260036,0.39624035489166476,0.01437767397201048,0.019592643230510298,0.019589977366307684,0.0021017460674778877,0.017791413591562177,0.0035186037967320045,0.0020226967462362547,0.013952723167260124,0.05090199621741301,0.011497017042748494,0.03247031829310258
Wfeb1d9279b09dcc20006,0.004165494517218314,0.007122800358902898,0.017408757286402888,0.024195699489122872,0.01997695880137356,0.004419990629527719,0.026288720799371914,0.007462246486923904,0.0010948261031979436,0.043817512782329836,0.06882326840151283,0.01051280294450374,0.05201841202008923
Wfebd5f1c4ad913370000,0.04733635873255699,0.0011824172737181747,0.028974300729367904,0.32807413692597137,0.05615194160398878,0.03403084264379519,0.006644340942325757,0.4180182677032046,0.00024324129026963696,0.013473735427332578,0.018863963356762728,0.011573502129525298,0.014744614232039167
Wfebd5f1c4ad913370001,0.0475223833431772,0.0010629141612267122,0.027163865515243007,0.3440497408411303,0.04841497755111288,0.03299286983185586,0.008777778805064208,0.4156368876899685,0.00015983041185398694,0.013031500449811795,0.01699501374954268,0.010400321179105538,0.012795459864149998
Wfebd5f1c4ad913370002,0.04371556660771354,0.0013397789805789913,0.02854210497513164,0.3396271177422528,0.052920070002588866,0.030384425854857275,0.012559622396053986,0.41068830855151184,0.0007148618733469028,0.014722598972282624,0.01640699472275125,0.009842739459272899,0.01362489347939518
Wfebd5f1c4ad913370003,0.04793561729353866,0.0013633610407449304,0.02658646033189889,0.33742458399784103,0.051283172662337125,0.03106613128946202,0.012449639899010323,0.41288892231476226,0.00019485725893973046,0.014961099389900624,0.015927054183162627,0.010447803874420389,0.014104075685105435
Wfebd5f1c4ad913370004,0.043955513853901104,0.0013666646200517249,0.02456627125742712,0.3432410434780892,0.05222125133137442,0.03283749353294981,0.010565480639544175,0.41113868658467034,0.00019733579843545616,0.015462619581577037,0.015750796330784664,0.011192860800841125,0.01515067992112443
Wfebd5f1c4ad913370005,0.04560533491842205,0.0013826667507380018,0.02622655588795714,0.33906433501858,0.05071275449524156,0.03453361539031845,0.011176441505803608,0.4131199314114873,0.00020954521558228661,0.01425923285869496,0.016074399332394924,0.008992566404653308,0.016221568353331463
Wfebd5f1c4ad913370006,0.04598967737265994,0.0013422644465520106,0.027399494199071363,0.3402966165496687,0.047959081958118856,0.034011869778154506,0.013978519107125062,0.4114938231656565,0.00016097349310657043,0.014337715778439538,0.016701544433071445,0.00873340390172008,0.015516731422520925
