window_id,F01,F02,F03,F04,F05,F06,F07,F08,F09,F10,F11,F12,F13
W000adee795ae7cdb0000,0.9197381017276047,0.004261100443515278,0.0037104462465386047,0.0005615663439242298,0.003062227932137996,0.026163113173322945,0.0008358996102889983,0.0002236512458529016,0.0011131744552747398,1.0577258418698098e-05,0.00042565793731593984,0.03890645545565933,0.0005629025680367753
W000adee795ae7cdb0001,0.92181343504089,0.004816684293285069,0.003154657630038866,0.0020426007856696182,0.0022292714760348375,0.02700620563451953,0.0008371239412608486,0.0002238390244749089,0.0005575702851499267,1.0798992237473897e-05,0.0005646734095856156,0.03644426303694088,1.5143168631226791e-05
W000adee795ae7cdb0002,0.9194540150759376,0.005742732474586807,0.0030608611796935892,0.0014861528009549167,0.0011186437183970518,0.030144189417604415,0.0008427532802684011,0.0005570632204206872,0.0005575801108570339,0.001122560499143002,0.0002937813215550666,0.03533234526815491,4.0177984302466055e-06
W000adee795ae7cdb0003,0.918927244202527,0.004538946776541888,0.005006621304264351,0.0012094852614004186,0.0011182223256389662,0.02783387122017815,0.0008383720955996045,0.0002236782154675923,0.000557474245174387,0.0009565930720898786,0.00028896580711190956,0.037283807869390555,0.0009335574187109481
W000adee795ae7cdb0004,0.9256089968799401,0.004538881749487099,0.0036174862195664974,0.0009307400328733454,0.0011177963009970516,0.02643798205434588,0.0008357118133563735,1.4099364548428847e-06,0.0005575311048874824,1.064986668311771e-05,0.000301933111369093,0.035103706875660244,0.0009315489751620315
W000adee795ae7cdb0005,0.8844956891212469,0.005094497118710493,0.002228898301057684,0.0009313165159512684,0.00097928273045017,0.05375437166397227,0.00028093189324878543,1.4506593268752008e-06,0.0005577494833033612,1.1056659323849418e-05,0.0002949924831997426,0.04816012825441487,0.0032031434563272033
W000adee795ae7cdb0006,0.8774869260417734,0.006761177363828618,0.0037110177433385926,0.0009685659467551538,0.0011182415050228509,0.053969674741764735,0.0002938434473849082,0.00022368802366198862,0.0005574580707312728,0.0005664437745926314,0.00028706872896113323,0.05070255587851297,0.002791757974820068
W00d9b92b429254d10000,0.0070851921668642825,0.6039847118891535,0.001206629965011209,1.5100309321805621e-06,0.0014915604859712034,0.0006955592786265953,0.0037558495111249947,0.003823032720240409,0.36673842987941874,0.0016682486272831883,0.006059959589948383,0.0002824052497403412,0.0011664023384727119
W00d9b92b429254d10001,0.007925816869657785,0.7931213839118009,0.0012066633061667547,2.7340826246318738e-05,0.0006592333934913663,0.0018066438056107256,0.0036641207603123923,0.0038723169422242277,0.17789741442281715,0.0011125791712896919,0.005739937756004468,0.0002822903216328691,0.0006376555473530539
W00d9b92b429254d10002,0.008474211519861871,0.6049919801118404,0.0017622006254520983,1.1866033886843094e-05,0.00010273175032251778,0.001251085418607236,0.0023646048098240717,0.00969375875254188,0.3587829229380329,0.0011125523849969691,0.007943469604613354,0.00028226903871698646,0.0006304069532823869
W00d9b92b429254d10003,0.007363190309130043,0.6086805180078616,0.0021789135974882618,1.910265941953735e-05,0.0006582830069616771,0.0019455283669462984,0.0013930180493413986,0.0037031842261831737,0.3623091394254194,0.0005569916037983288,0.008780480545039056,0.0002823091704529381,0.0006446219299596418
W00d9b92b429254d10004,0.007363157921111126,0.6053191046083295,0.0021788855791065086,4.5101810957592636e-06,0.0006594539317246497,0.002501078554515848,0.0019492314997163354,0.003961808164155212,0.3647211912026533,0.0005569827733644782,0.008372559765097527,0.00028223184403557524,0.0006450814957550968
W00d9b92b429254d10005,0.006251901683107681,0.6129062953721467,0.0017622546018545451,3.6336574707553875e-06,0.00010433926657069011,0.001807452962947633,0.0005585424829008018,0.00216062010441409,0.3641704323120509,0.0005570134737969457,0.0073042795225591204,0.00028225720235012776,0.0006461942531112759
W00d9b92b429254d10006,0.007828351969476103,0.9582837845071701,0.001207013959482773,0.0003782798875458888,0.0017738661369189213,0.0018076034552319729,0.005750545166411475,0.0033485371536580606,0.009909941148611382,0.0016684939675656084,0.004302934032430662,0.0008380773782731578,0.0006766349459897006
W011c5210582bb0430000,0.01738185295317997,0.0020696485219895517,0.7149432291484388,0.035649217963916346,0.06344005276446753,0.03599514752770912,0.02264552028180384,0.009340488003164131,0.00451643807299517,0.004961580245658803,0.010184889923926384,0.014096303622404258,0.017386874600640624
W011c5210582bb0430001,0.019225527848170332,0.0018148807046917317,0.723817640001126,0.02929138113836733,0.06842431061854609,0.0288729381616745,0.018358030318092945,0.005040490546769534,0.004459794718435929,0.006267511479967296,0.00944529133698454,0.010908993562384216,0.01564968807746895
W011c5210582bb0430002,0.018032361930576116,0.0019695561912958758,0.7018276138193316,0.03792677413201195,0.08387141985287887,0.028841305437032214,0.018791219605892497,0.005195257580946136,0.007972397014182446,0.006093841536876479,0.010620483213448701,0.012190754532764483,0.014894358005389156
W011c5210582bb0430003,0.018316944826244918,0.0016200565947866834,0.688842243955923,0.0535616387219843,0.07325705859545956,0.03096702535249364,0.014866530138240068,0.004847126325326016,0.005397186672141199,0.0031700511360927244,0.00861118985466469,0.010202738651461063,0.022287077568178666
W011c5210582bb0430004,0.017514580544428178,0.0013629592631778657,0.7116913990885451,0.036523452465441066,0.07667367208848395,0.025985881165080913,0.020946168750290463,0.005959055251530379,0.006219535645439049,0.007645738750186645,0.010053384274043585,0.010280879700711176,0.014484946433264548
W011c5210582bb0430005,0.022261077515862152,0.0011706220395652765,0.7154345108505236,0.04022436502724949,0.0636352057545227,0.029775373648118525,0.018950008339682765,0.007966745949493967,0.0032226393616096223,0.004602899028924674,0.007853629879181702,0.010325834320407777,0.01407204576800903
W011c5210582bb0430006,0.018300489774488504,0.0018494404790076306,0.7074962086493527,0.047398260471070215,0.07515332460851093,0.023930987980363676,0.020527569089795847,0.005731474134540125,0.00468668904293931,0.004577359014690202,0.006680737751924253,0.010721657498359249,0.014691213560581859
W01dad0ab3839cd3a0000,0.0016155292125033622,0.0012773488874846912,0.01709577978100005,0.013235220988280167,0.00897616640231084,0.0033592416516814235,0.005262938937224192,0.3530857053671123,0.42855607284084735,0.005173977686684514,0.07238070055916115,0.004516407236486656,0.030359723801277067
W01dad0ab3839cd3a0001,0.0018994013786986774,0.0007342992430801109,0.016078273390894727,0.011230746711550289,0.0071537441770277,0.0016329544474090018,0.005961870413022629,0.35088691974899733,0.43897421578712265,0.00863319448555606,0.07152883403904,0.0037750004313779075,0.031570217441972914
W01dad0ab3839cd3a0002,0.0016915610620359715,0.0011427043079778071,0.006759604578104804,0.0053534807444459345,0.0060524060358148075,0.0007679293280909295,0.0017202320902794917,0.1123820658440324,0.5785925365259874,0.00523797751611939,0.048294701328547296,0.0005848337884044936,0.015480827376358617
W01dad0ab3839cd3a0003,0.0022480605315142897,0.0011405618853445832,0.006650918373709742,0.005851308442656938,0.006051316660487683,0.0010479594881352239,0.002008287420138059,0.08897346563294739,0.6258425201041404,0.00485601423018749,0.04560814533976623,0.0005830853742287285,0.014118986141412293
W01dad0ab3839cd3a0004,0.0011387330528553996,0.0011453569780473128,0.007553460385172197,0.0059577411226567805,0.006054978670287321,0.0018808787817221615,0.0020301297089531673,0.29091246546190613,0.5995509983941735,0.005090070159303207,0.04304785249516937,0.000585045889688152,0.013720887453282102
W01dad0ab3839cd3a0005,0.0016962302428119587,0.0011486429485334391,0.007276072954725157,0.01708922237206191,0.006360994005156052,0.002433997019856871,0.0015054988302635863,0.29823177912732307,0.5475965796447521,0.005276156613420783,0.047776088497768925,0.0005872407286020407,0.01719156929356842
W01dad0ab3839cd3a0006,0.0007612545026092582,0.0012646211905487283,0.015457974920244125,0.013618337106442604,0.007501318210506046,0.001872429966823826,0.006971485576521979,0.19221582828130127,0.44213070258059034,0.00859824096246751,0.07247913610576878,0.0032023257714498044,0.04226964000978516
W0257b7e5d137a4440000,0.0005601462376373721,1.4013629725870216e-06,0.0028486833867904424,0.002036349189399633,0.0003745341342402641,0.09425857790411703,0.0005621501350676603,9.770963639075676e-07,1.2777816201602606e-06,0.0005566352321125797,0.0005568084527199567,0.8961828308777958,0.0020572782721000544
W0257b7e5d137a4440001,0.0011236893229785733,1.0437288479304147e-05,0.003325763920503663,0.001016930811659426,0.00141057070869553,0.08465777049906033,0.0015701238216766008,0.0005628134804653713,9.72664004415173e-06,0.0005636725186717084,5.891633339014262e-06,0.9009925565211003,0.00307096651459543
W0257b7e5d137a4440002,0.000587259955588708,1.0424036845801968e-05,0.003313593923999289,0.001002921703836289,0.001412000288700042,0.06807913857787863,0.0015040655550863995,8.190265198207642e-06,9.092529761105443e-06,0.0005636927001922304,8.343514388145942e-06,0.9212821693614418,0.0022060707598599524
W0257b7e5d137a4440003,0.0005906162484021328,1.0524044870030015e-05,0.004127547034246777,0.0021469370914094406,0.00030358675835312563,0.2220708995101939,0.002398120683536108,8.82836551065168e-06,1.5798512245887072e-05,0.0005798401015875347,0.0005635483659100212,0.7633112737590709,0.003854799781819986
W0257b7e5d137a4440004,1.2538486723994776e-05,1.039614080603079e-05,0.0031741644499366783,0.0011033902742774348,0.002168113975334375,0.08368476156596,0.0033686971813603134,7.160731425031382e-06,1.2259539444543479e-05,0.0029716996603671966,8.300000835016757e-06,0.8995354502355238,0.0019819501777021704
W0257b7e5d137a4440005,1.239476391178057e-05,1.0420462092288304e-05,0.0028912362351941386,0.00040319876031001233,0.00113520420261904,0.0656528099081789,0.0014822811421847765,7.186179411331281e-06,1.0108103152679695e-05,0.0005638357173961606,8.483888621683983e-06,0.92506442433237,0.002741529138740503
W0257b7e5d137a4440006,1.2383848586848944e-05,1.0272944030937778e-05,0.00292884159110275,0.0004614342288483775,0.0011457883898366857,0.16257366306622995,0.0009801429617698114,7.0620121675732085e-06,9.66058455482166e-06,0.0005637191530533909,8.343772065123923e-06,0.8288709654938126,0.002415303187925777
W0290b13796da5daa0000,0.002789276564505052,0.0011354502318901098,0.009013292915669298,0.015149195368101179,0.00849244246306599,0.012706337037450421,0.0019091954506873083,0.017992139336178443,0.04273957419670771,0.632144027377735,0.05384073204849554,0.003913373661454893,0.022740058143618135
W0290b13796da5daa0001,0.002000852355373872,0.001132768725859231,0.040259825399812446,0.018006200905866576,0.018894284236320925,0.015505166665769511,0.0016324983373326764,0.029385267348513974,0.04647770391522638,0.478386540634005,0.05292500818237157,0.004273951960068348,0.03741043827373977
W0290b13796da5daa0002,0.0022706888243535853,0.0011258469280623433,0.022635678699001537,0.019712261905524376,0.014447502653389259,0.015105603164077058,0.0017722521934814112,0.020678274682109553,0.04746522338754268,0.4803175944065619,0.053990980005233925,0.003536725830910797,0.03832333984981726
W0290b13796da5daa0003,0.002825206282628436,0.001127819242540831,0.016154549708057235,0.015520753174266898,0.013782420513716614,0.015179446638787708,0.0008638379568569098,0.01681874778130193,0.053483311888893555,0.4418247577334206,0.05902465350123159,0.0035782867129746185,0.03369432985745251
W0290b13796da5daa0004,0.0024476942231845327,0.001121556092027151,0.021960065716135603,0.01694235933470064,0.014913620197981769,0.016410058762343156,0.0016074036631907175,0.017561497148027766,0.05375621819891569,0.42548539178399103,0.054140756891730826,0.0036089022440241774,0.027218756504595834
W0290b13796da5daa0005,0.0024600666248148183,0.0005647259995240498,0.021099727823449564,0.01640856906388178,0.012185866184094446,0.012895062066588104,0.0016432996542888282,0.018764455871580665,0.0551797184106884,0.44789945836315115,0.045647033033030096,0.003521728892698979,0.030417102025185425
W0290b13796da5daa0006,0.0017642612865551052,0.0011274529019401566,0.023497386826326676,0.0160559085944809,0.0197099782829903,0.0169620483465054,0.002456379178200504,0.017388107829790687,0.07903613194999798,0.4378696335169542,0.05945804582508897,0.0029859440535798063,0.03624850434850033
W02e28fb5a87e30ff0000,0.003892878750691828,3.872757435561157e-06,0.004912427195414389,0.006299580775211284,0.0019515826944982919,5.467623313523604e-06,0.0014719226058466054,0.9548366273927062,0.0016702565663435712,0.0011154614593156245,0.0013024408154533674,0.0009772888226692008,0.006571522928510987
W02e28fb5a87e30ff0001,0.006115457191872377,0.001115406701504428,0.005609133574181024,0.0052340532646321155,0.001414560612047428,0.0008413393931771454,0.003384973581992027,0.9466023452634521,0.0016710329297222855,0.0022260241749107222,0.0031080205713910213,0.0007000422673517056,0.006392552226761633
W02e28fb5a87e30ff0002,0.0038938168483882156,0.0005592851719989575,0.004176423376217872,0.0050952121968598895,0.0017809160401750317,5.025893938937026e-06,0.0026935135947913236,0.9572532948453285,0.0011164135964356753,0.0008371926927422332,0.0016702620975910536,0.0009778296979266134,0.005607324916057801
W02e28fb5a87e30ff0003,0.005559358276134797,0.001114658879328423,0.004684808659042042,0.0050950705959229925,0.0019985494033945453,0.0002818346894362804,0.002283318601948643,0.94996393569552,0.0011151076083601764,0.0016703981217253067,0.003338748746736023,0.0009776724175072722,0.007045005518880075
W02e28fb5a87e30ff0004,0.00250373091191238,3.595532636718834e-06,0.002879098887351536,0.0024099019264230736,0.0025664651092293217,0.0008370907344016818,0.00114080475751647,0.9634854735916782,0.0005599239567927065,0.0008373935174544425,0.0005612991945344157,0.000561098893914843,0.0073202975251842085
W02e28fb5a87e30ff0005,0.0044494471921393405,0.0005592144904305239,0.0038038254034264483,0.005280301201329167,0.002164272086727986,0.000559540798265562,0.001185344823396382,0.9170019228078421,0.0005631917029983771,0.0008374939432628155,0.0005607887625766852,0.000977960498965423,0.005893495607205603
W02e28fb5a87e30ff0006,0.0033399132630412068,0.0005593410021806522,0.0038066421660252563,0.0037990160764430985,0.0014078141889141901,0.0002824849826824568,0.002542965375499468,0.9024051247135846,0.0005649582333043849,0.0030607893661524117,0.0016718584115341783,0.0009777533407822926,0.006931763275028098
W048d92294828d32c0000,0.06923912600117049,0.010363345412985173,0.3500051067507186,0.19018086875677412,0.069168994755815,0.04896272254067251,0.02411340090553325,0.04104323512293902,0.011296657133679224,0.03144257862723224,0.019367383687203844,0.023082374694498593,0.026814209516166483
W048d92294828d32c0001,0.06254321608058169,0.008515824979358873,0.40072271800177545,0.17299261307141114,0.059520706705656075,0.04314641091247765,0.02508853589997358,0.04248185037963095,0.010339457019628774,0.030455092608831988,0.023029707597275406,0.017734755718603168,0.025156494070041422
W048d92294828d32c0002,0.060178426579713305,0.006962088422707359,0.251610742154495,0.19935937901134898,0.05376534766702445,0.039106689367259265,0.022220727578357302,0.11984969819174565,0.008744420630604387,0.07573213903428405,0.020280955434483224,0.015844781273074683,0.025798710410873563
W048d92294828d32c0003,0.055025621990145074,0.008283655700710591,0.19280084435114297,0.16936086035945466,0.06881415798680635,0.051585544502789446,0.02681590069230924,0.16958784120529624,0.009667099072174553,0.09903342095357771,0.02297688691432468,0.01969558667478659,0.02657076316263706
W048d92294828d32c0004,0.05991491070381158,0.007671063090441289,0.28200930830406473,0.17463680976205953,0.059617071788149185,0.04284161705223963,0.03716589457090718,0.12837278441502534,0.00800412337302355,0.048601184385961914,0.021278757659091218,0.01789772448401899,0.025154449327253445
W048d92294828d32c0005,0.06438840773971521,0.0081982637501462,0.1871547453382815,0.19330090032452024,0.056568974807691665,0.03825739854668816,0.02897918791059852,0.22656446992760781,0.008178714418290635,0.04909436098444833,0.02199288457294882,0.016986259576598866,0.023787948065504348
W048d92294828d32c0006,0.062239752159739425,0.008933317726234843,0.24209213362916315,0.2291242921461729,0.06096627354577202,0.041553446846826096,0.024759553326673286,0.12832768638167433,0.007742665697925252,0.06281279802243735,0.0208234102254704,0.01886951538381592,0.020340415085244427
W0490aebc1737e82f0000,0.012372889331506922,0.004828249560634342,0.028599019828039137,0.016761529360055212,0.00917535730813489,0.011954254619664527,0.878145325096798,0.0020486358363696147,0.005579959529142143,0.004153523131332267,0.005182370092443022,0.00877159371784126,0.003634359262212982
W0490aebc1737e82f0001,0.012372923561034541,0.005036605295858917,0.03214670225373019,0.01872360908513378,0.011410099760442398,0.010325411191965474,0.8725622363202288,0.0015081015728784424,0.004618161508992436,0.004619003783623039,0.0047404392219161946,0.0065449511336367625,0.007110337430578683
W0490aebc1737e82f0002,0.01237181264389905,0.005290990683730342,0.023421609982167888,0.01208426168269304,0.011505060772356402,0.013298537282695054,0.8927315987593045,0.0011217702497623907,0.0036235730107271784,0.0031019924109063697,0.004469488214516746,0.005164365288241114,0.003808486418383733
W0490aebc1737e82f0003,0.011816216197010095,0.005288530528696872,0.020432241794493697,0.010553144981995086,0.011048946389146101,0.012769987435718997,0.8940562694007899,0.0011205391185751517,0.003343547503395474,0.003366568519139752,0.003121986064311691,0.010245257879800634,0.005754086091682056
W0490aebc1737e82f0004,0.010705518383808512,0.003955243340156846,0.01879802938282179,0.01177960840828104,0.01266936621633276,0.012430262459885346,0.8934250932065291,0.0011194948508976865,0.0047326454303319295,0.004663100901070174,0.00330771848745593,0.010613365043651145,0.00415886782676185
W0490aebc1737e82f0005,0.011260467920256428,0.005288563913103937,0.02199650476424352,0.011181003531331404,0.012153088014121252,0.013575027830134319,0.8895290592233082,0.0011212462608808278,0.003621654387555313,0.005057119663189205,0.003137659810501103,0.009141882577289847,0.005287372691773242
W0490aebc1737e82f0006,0.011818098886948035,0.004735077490672931,0.021611895034006658,0.011159977668303404,0.01070853705899558,0.012474483232587897,0.8920592104361976,0.001120764427539973,0.004178477305398792,0.0028178802364195337,0.003680884421443105,0.010827804999785473,0.005714035694218405
W04bd8a749e25fe910000,0.014546866551150076,0.009338611738516526,0.470723181055658,0.029104169392183462,0.18901570687812982,0.04060140036614739,0.022324554460527293,0.01890556034480533,0.009763676938551858,0.01219858097842682,0.012210615118582098,0.011922042158695146,0.019895744637639094
W04bd8a749e25fe910001,0.019715215305703315,0.008822844445296756,0.4308615049416903,0.029977594501218233,0.2025580711954678,0.04166374813857125,0.02329595659546498,0.014473211287527635,0.009034101257590875,0.010142041498038164,0.01186258886581098,0.011688029259949752,0.019934626079511526
W04bd8a749e25fe910002,0.027898506871401163,0.00939223095368811,0.4020593322984101,0.03533867997088241,0.1979856436977721,0.058642485452366166,0.025848121643941596,0.010794963944903598,0.007468695302925341,0.010909402883523761,0.014784521610637466,0.014758774762596981,0.021230390769794497
W04bd8a749e25fe910003,0.03194727418598662,0.015490733455073931,0.29150897577608237,0.05177150847071833,0.23127906009966875,0.08669719870945732,0.02148048945535812,0.011958511207209099,0.01093552990462699,0.012086925525770115,0.02984966967783991,0.01616027416308683,0.016536312561588194
W04bd8a749e25fe910004,0.026927627708429203,0.009449226163987143,0.36389437233144734,0.030222925245909454,0.21320702592711913,0.05875052549892442,0.020064023058758484,0.014186612314904555,0.008825198156557858,0.03112037550242176,0.014708327732613996,0.013553607873210352,0.016472568714665684
W04bd8a749e25fe910005,0.01567115952454899,0.008173878807968259,0.3718488637648947,0.03245712256146278,0.23938257689931566,0.03900707958678202,0.01804391461889047,0.014785323580382703,0.009315234397586946,0.01351140336385912,0.013623201012964554,0.015458821467128977,0.02035319354958478
W04bd8a749e25fe910006,0.031614833024460484,0.00839756993753727,0.38799408169548755,0.05128724250893623,0.22239139088242368,0.04868004969908552,0.019633212336859125,0.013045409639272785,0.009229986565049683,0.007643713376984609,0.013663134213101462,0.014191050313708275,0.01744389669182112
W07c81bc1aa9fc7f00000,0.004721457507217153,0.008401554040647892,0.018835121963869147,0.010878764926477776,0.020977315588606205,0.00409517498097577,0.0029287377339395015,0.009344053379648188,0.011140195914286055,0.05929304599057622,0.20896971338516743,0.002717142857019074,0.07665388173106073
W07c81bc1aa9fc7f00001,0.003830530455563161,0.009948430551440868,0.0245508551912235,0.009935368993799683,0.04205094227287954,0.006449319521874804,0.006541407161134206,0.011465862464125676,0.01229088219918695,0.015227858586347169,0.15258393640708243,0.0034269802635703327,0.08090867095199933
W07c81bc1aa9fc7f00002,0.0031465076881562596,0.009391861275661604,0.02119472937859033,0.00789458970413805,0.04036306665227618,0.00602722192999652,0.0051112722808069186,0.010751032197439206,0.01256858166105738,0.015109929591734218,0.5250602940545568,0.002936792734435674,0.07359364535250844
W07c81bc1aa9fc7f00003,0.0026301436585386747,0.007681007035005618,0.016966598075340344,0.012301810734060588,0.03477869763814848,0.006023830322936055,0.005201534806103032,0.01067793887301186,0.010687566805577564,0.11588847497782521,0.23547523348262492,0.0018455612515477198,0.07245113299711327
W07c81bc1aa9fc7f00004,0.003990206089259117,0.009299474144228662,0.024404445319274996,0.008488487162354934,0.03089494019375014,0.005231292663621005,0.006741675731433509,0.010484947720369581,0.008406702929787327,0.02889245662335068,0.18546633012419816,0.003654822074328146,0.07696212300993938
W07c81bc1aa9fc7f00005,0.00285351955084601,0.006420085474582619,0.0134520606670438,0.006938022291301081,0.024380759576786468,0.0026199851270209415,0.0026485875318869646,0.00928834606876765,0.011435567623001347,0.027630675408579546,0.5640828795967985,0.0015234031169361582,0.06210457976462318
W07c81bc1aa9fc7f00006,0.003011149922186154,0.005430488576826381,0.00965590245422428,0.00792523371095219,0.02541244880215137,0.002926291641231456,0.002516446266145528,0.010225162693840103,0.012958950732242404,0.11853259313531885,0.4768579065648911,0.001577591260864179,0.059219738701681
W08bd29d9e33fae850000,0.18543952202877922,0.011369813827392085,0.042859861152223025,0.055789048417800184,0.12138322365678623,0.06643877842817637,0.017758221110753772,0.01532723739392358,0.008127485399317166,0.09526615840485413,0.2913244604290069,0.012757009727232229,0.01849729739713024
W08bd29d9e33fae850001,0.16709935080043192,0.0127809970428748,0.0454495921717055,0.0434857866054572,0.15264331595911879,0.07071137278782325,0.020888613712852014,0.01739000255425786,0.010480898256555212,0.03753144856631353,0.2085034637893231,0.009814991848096997,0.018554606271008058
W08bd29d9e33fae850002,0.22060640565624276,0.00903121344913944,0.04769966304015605,0.039823854543344854,0.08440242730394613,0.06790731059655838,0.01513695396151568,0.015599832285947001,0.009202075775362155,0.04448508564613709,0.1760431954446641,0.010178534993964887,0.015905737806194486
W08bd29d9e33fae850003,0.07330534023470078,0.009017174584784671,0.042993356319689875,0.04690512795538119,0.07712201845980257,0.12268852171698048,0.022972308451184476,0.01860230844011014,0.007562042917530512,0.032514420481750156,0.21520074299925446,0.011899518525620528,0.023613600278140835
W08bd29d9e33fae850004,0.2490615902657193,0.008356729514750139,0.039974891150051824,0.04010168333603125,0.09394280142456006,0.05080428607959514,0.01878337401578017,0.015922313439455403,0.0051450451646129275,0.028228862568301056,0.18862612884198615,0.008614192177840645,0.016710152465304957
W08bd29d9e33fae850005,0.2319634209064145,0.008440427609284366,0.04296923144544118,0.04397776413227921,0.130951835284466,0.049572126063780926,0.021660519660386155,0.0159925646083683,0.009019327475604707,0.03482847061765311,0.17298753538873715,0.008856762552190783,0.01637044292401098
W08bd29d9e33fae850006,0.04982374640986309,0.010979920598940603,0.044556447860466586,0.04645185576614882,0.12454970817745807,0.08418587976873547,0.026290397463940962,0.023987389092947075,0.013280590827738728,0.025615074279114105,0.29267731226586907,0.012829261862821621,0.019130033736737568
W0b460f4a0d46f8570000,0.5661637891045284,0.02296106573765424,0.07686053515019253,0.026678768398118287,0.02211234573235693,0.037344527977548114,0.1269415459007285,0.004852536803053233,0.005812829684587689,0.013455579108045122,0.008981460247519089,0.033423006642254054,0.022406795187029795
W0b460f4a0d46f8570001,0.6411124222139062,0.02034099346527854,0.06504219122954918,0.022216321915427557,0.014451801719332222,0.03049367059801191,0.10961890281188669,0.0046930690917637765,0.005119078501957956,0.012694076843689998,0.006185798463987612,0.030802525344437105,0.015529814849564543
W0b460f4a0d46f8570002,0.6905084959201608,0.022427462583744614,0.05745806606377862,0.02484578405755811,0.015099333487204792,0.034819966219883626,0.049204523576188645,0.0060615083499428275,0.006216782383121758,0.014418747113730776,0.007351795867771319,0.03277134414782507,0.017153501668514346
W0b460f4a0d46f8570003,0.8652291308724778,0.017876337674947153,0.01742646824009428,0.02015374187013756,0.006972168542508804,0.009026489926545289,0.025792348536124488,0.0014546111293681227,0.0008311520238622345,0.006906438858978959,0.0018684998797815762,0.013638320862466068,0.005823656587676762
W0b460f4a0d46f8570004,0.8779989054225809,0.016765314436373226,0.017644220267012553,0.016004183618208864,0.006723866141672507,0.008678435513870812,0.020961351515088107,0.0016188121384856336,0.0007875205437172636,0.00404866539155813,0.0029865083125046135,0.012559137823241808,0.006525769842415526
W0b460f4a0d46f8570005,0.6974336122650558,0.02473714972918372,0.05961653654034738,0.023559766929662183,0.018202136862735856,0.03306310231980785,0.02941149114403591,0.007328068707395484,0.005212661477865582,0.015121601044274851,0.008215585195664614,0.03243178880270534,0.018496837594890216
W0b460f4a0d46f8570006,0.6985337902322266,0.04153332912367775,0.06077618664894186,0.020818632659192798,0.0161706707117988,0.032635583571392374,0.020951185176519893,0.006704575341876399,0.004358947356636975,0.016836784290462273,0.008047712119286796,0.03075197617188209,0.01592273615966686
W0b4c6c6d3c8992600000,0.004163702795049228,0.0006076209718837526,0.014273455127011054,0.02637437010240683,0.044786545689009534,0.005573584633023408,0.0026976100526866728,0.3147735127823219,0.3718268673312011,0.007456262614501563,0.12661586752480494,0.004058766607246557,0.008429604951782228
W0b4c6c6d3c8992600001,0.004052073023881303,0.000896019928739682,0.01826976489785156,0.011325850089506352,0.035688003326416994,0.0027329777761093427,0.0040083009035215365,0.2402247070028102,0.3680162283578902,0.006632707303013226,0.14870333810056438,0.004585450234484696,0.0069351832570027664
W0b4c6c6d3c8992600002,0.004402630184044624,0.000576128538479807,0.01684812796832331,0.014064158787381528,0.05216417955826944,0.003289524856715312,0.004234285674216248,0.26573487876531093,0.34042258808384557,0.003937870488300194,0.1481508885151253,0.004958433164272234,0.008122847683251088
W0b4c6c6d3c8992600003,0.00351656037198873,0.0012281843905817735,0.019547252529719106,0.011791630500508223,0.06588794934380905,0.003932658115949002,0.0028721135501784726,0.19490469896390336,0.4342666177482783,0.005926671627248369,0.12363712921688501,0.004804248863244332,0.008906962926429696
W0b4c6c6d3c8992600004,0.005435047085298932,0.0012315193696852522,0.01746933407417091,0.01831122756237317,0.05683735291795721,0.0037002326129265167,0.002755059826447735,0.3066389944886928,0.3418481439476557,0.006262914329804582,0.11490300023169515,0.004261126056041921,0.007383207401128443
W0b4c6c6d3c8992600005,0.003416190418644001,0.0006805739309485087,0.019967902784528473,0.011301555452304962,0.05007397278178637,0.004123348555476609,0.0022970525341042135,0.1818943947859846,0.4074917547342963,0.0057994068625571915,0.12223607708439288,0.004477229881455374,0.00813065509879145
W0b4c6c6d3c8992600006,0.0031684221496719,0.0011456791993821756,0.01854965651922843,0.013751908310251892,0.04982160580408935,0.003256364162548994,0.003826713738563966,0.26995909044950134,0.3617049526459725,0.007106177751923417,0.12329909456808037,0.004403867739694805,0.008528907776379152
W0bc3a2bd2bbfa8550000,0.003965526457373258,0.002127825969213546,0.03614599046416229,0.05425299496628387,0.018888805084025947,0.06753253424586668,0.729275288174617,0.0028183133262466597,0.006798699064750548,0.0064897737100678195,0.021395182617794314,0.016644064903034994,0.005725354620292715
W0bc3a2bd2bbfa8550001,0.0024772910511880538,0.0006793417640958707,0.04276962711781823,0.22695268440618932,0.020038621749127964,0.08333223402571631,0.5497202106282337,0.0020388767705858237,0.006065935440893914,0.007021695654750621,0.007740590497934972,0.01818627473356972,0.004651418224624178
W0bc3a2bd2bbfa8550002,0.0030088390382626874,0.0014936390678532818,0.053526981570707476,0.082281602819283,0.017016372946414567,0.07521934427474129,0.6990239233732908,0.003693231985590635,0.002903655598502353,0.007435854648863094,0.006635272211301481,0.0162918987595387,0.004634109563458515
W0bc3a2bd2bbfa8550003,0.0024339004466808574,0.0012791089154495956,0.05474772936620699,0.06346959674343976,0.022044152459755623,0.03406861156266833,0.7569865406027915,0.004681601378226509,0.0027323360271883793,0.00570704738862564,0.009329569953294965,0.006718802105793552,0.004873718319278651
W0bc3a2bd2bbfa8550004,0.0028073615364779146,0.0015642691103052186,0.06088976778207249,0.0476578702011535,0.023692589010812684,0.03303646398093865,0.764077534672883,0.005517322068211592,0.0025942127744851785,0.006020969129826676,0.01139799666597577,0.005045637189981028,0.003546908291800593
W0bc3a2bd2bbfa8550005,0.0072389453628694785,0.0018746504221235337,0.06882342542323737,0.04662094044345983,0.021208573294765595,0.02921944928984606,0.7654909269581909,0.0027545676341463724,0.002474803654497466,0.0052681567010416245,0.008170707128816066,0.005554009795100126,0.0059958672010246164
W0bc3a2bd2bbfa8550006,0.0044354067215378965,0.001056160482996079,0.06069944459991646,0.04361683835835804,0.02418878148709423,0.03657457630296434,0.7696898934787572,0.0035474205781977357,0.00195357996071011,0.0056487264089717625,0.009183157976512896,0.005651909341550257,0.005310808500697565
W0c9deb460d4cdf680000,0.01014833307489998,0.005044198103218184,0.29297800105571303,0.02255987360250157,0.08521909966950686,0.0133570699755543,0.020745268660155546,0.025555401447953034,0.009976370494760831,0.007978435827945742,0.02043571597777937,0.009240219105897063,0.06274001589866143
W0c9deb460d4cdf680001,0.012706113243588842,0.006277182546759502,0.20785567122020873,0.027191273639766107,0.2019911923534451,0.016160424259901555,0.01570468432288688,0.06143320822460313,0.016232373159077624,0.01166340435441863,0.02509177846154442,0.009792280132084578,0.048551704484797925
W0c9deb460d4cdf680002,0.014912540928383263,0.00565177178821139,0.2963987906975593,0.024133756821956925,0.13859229636205045,0.017326493069831167,0.015790428517428103,0.025079539049729708,0.015669365750299907,0.008402402641427328,0.024064296720553394,0.006849604612190798,0.05252770137965954
W0c9deb460d4cdf680003,0.014047712160823166,0.005414778452899995,0.2371017829905475,0.023065006899020826,0.14800891748055456,0.019054556706038447,0.03900931076602846,0.017420269687033717,0.011500163357903936,0.00905489226504805,0.029116083303847077,0.008708034677369853,0.052573134836010844
W0c9deb460d4cdf680004,0.014530431888089439,0.006268082792321226,0.24683036347244244,0.018784444989260508,0.16357749967652888,0.017945478437492224,0.019944667913514045,0.015804575397939186,0.012231299213990571,0.017088221805402298,0.026943442037679736,0.006979753028559112,0.062439709199202935
W0c9deb460d4cdf680005,0.013372181239958567,0.0061495452186045,0.3160859716838613,0.02032420914805498,0.16746305538342027,0.015253253038086457,0.018964801772229194,0.03828437604908647,0.013407962290819399,0.010602504468829323,0.02411718966853832,0.007341425862484174,0.06958818982947644
W0c9deb460d4cdf680006,0.019426902960965834,0.007016927778229924,0.3372227798383734,0.026925933723640466,0.1971372848902022,0.017993156164139577,0.01833092229298096,0.01592857002242647,0.015905838706684015,0.013771683784001912,0.025783517508515794,0.006823067171625668,0.05608415800362165
W0cef648f9afc97ca0000,0.026414638996345614,0.016262800723948694,0.13697453459718528,0.16917013846911538,0.037316550137988014,0.09547043419238656,0.0720086292358112,0.01899654378702975,0.009006311659131391,0.01456791218702372,0.011258308460930587,0.024373763146836706,0.07223575713635427
W0cef648f9afc97ca0001,0.01820474441216367,0.011718042837376545,0.10323918374151239,0.37599864144332995,0.03515985495665144,0.031229761159973005,0.02825954826349464,0.008815080476252228,0.007184958939119181,0.016453937094761072,0.011885757120211502,0.01796391477003186,0.056325998461924695
W0cef648f9afc97ca0002,0.01886264818444776,0.009247738342124804,0.1441361151964854,0.18737657242610836,0.03796116553182253,0.15615580854234742,0.08286010028686298,0.017725430512862354,0.006598472916414037,0.015915149834990032,0.011245467693795424,0.051357580996891916,0.054670450651088116
W0cef648f9afc97ca0003,0.01999673936427776,0.009314612571215257,0.10441953363862554,0.11277923501750806,0.03366745530679144,0.2869978362797157,0.053670974217149704,0.01065556546481102,0.0059331218167125045,0.02008178151581096,0.012938945749130033,0.023114234264079526,0.05526911900638449
W0cef648f9afc97ca0004,0.019158192097509352,0.011268793396590787,0.11923803221732517,0.08551543826418762,0.03808165193058453,0.33043600425307745,0.04364079359840553,0.01072456052800387,0.006634764147847242,0.015230304502052856,0.013816846231337235,0.015695240891623566,0.058584484137504104
W0cef648f9afc97ca0005,0.020190586790532226,0.008842308989610713,0.10531122155104194,0.06769892054181953,0.02919973821536322,0.019387474291353936,0.04959727646645369,0.011950715996034353,0.00683156494599171,0.023236060137244052,0.011436851254907194,0.3228376836366233,0.055622620722467625
W0cef648f9afc97ca0006,0.019697169867312115,0.008099010473367032,0.10449776738966056,0.0582948770456465,0.03310949731820891,0.014470974886433006,0.07209702435564129,0.009679136184898764,0.006676039517918363,0.01589244747958593,0.012357462158075804,0.33153819566974047,0.05329176429070295
W0e5a0e62ce08e1d40000,0.023525250225468676,0.6999447796582985,0.006162761331614027,0.0021133943162150413,0.0011141754031215663,0.003148100788383028,0.2426509780555079,0.0008889398158201863,0.0006497011707368539,0.006362495522179075,0.0016226175291171514,0.0022236221960666405,0.0015792021986465326
W0e5a0e62ce08e1d40001,0.015439662381406148,0.8598455205713458,0.00347777226978977,0.0011866723405119697,0.000743726667624512,0.001506287361239631,0.10061712132376517,0.0011175689613737052,0.0003716034427434902,0.003071268176573884,0.0016689361400214404,0.002223441713906981,0.00111492386838334
W0e5a0e62ce08e1d40002,0.02288322096545032,0.6838089231449966,0.005838815741610195,0.0029327029654312798,0.0015902823930588588,0.005367285896513056,0.25610169853170417,0.0017694241053590703,0.0006492922913415192,0.005803004479157004,0.002039290101124971,0.0011123508690440978,0.001670541718069046
W0e5a0e62ce08e1d40003,0.014588882098291402,0.877420107938933,0.004300790820865526,0.00014053839312284743,0.0007438587522575583,0.00369486369119362,0.05390397676012493,0.0018258806567617507,0.0006499652942283751,0.0036610834738702567,0.0008357077619886048,0.001668028555196712,0.0019501140481728472
W0e5a0e62ce08e1d40004,0.022184709201936235,0.7237400542678192,0.005292939703190424,0.00271990158499391,0.0018681970956683012,0.005404933751134292,0.21879846091817318,0.0012230290405517953,0.0006493675344490674,0.004692742294039548,0.001854087869855964,0.0011123818391203355,0.002781857177786809
W0e5a0e62ce08e1d40005,0.021152812754678608,0.8306208417808378,0.0046352126360403815,0.0011921242092077745,0.0017756447457068915,0.0042431012014984065,0.10882249987470478,0.0022664880152890596,0.0006493612549253818,0.0061400751582316,0.002246120474383487,0.0011123282248310523,0.0019485374595731393
W0e5a0e62ce08e1d40006,0.02259908792056021,0.653783050990109,0.006857463176775414,0.0023032676791366734,0.0021461257569375036,0.005083700738036583,0.286239382777936,0.0017698635680960283,0.0006493122346250694,0.005525611866061654,0.0025948347399367445,0.0011124037436660256,0.0027816913824798904
W0e9796c7c593dd980000,0.00318256216244358,0.0003225822501651557,0.028492819743436933,0.012024508220850424,0.010157628734297089,0.49883196382796197,0.006962925204260607,0.0011407726672776836,0.0001721749412922226,0.002440697341645419,0.004489187886886745,0.41669499337061344,0.00717687834824985
W0e9796c7c593dd980001,0.0030616368389349657,0.000524307118504716,0.054596758106655596,0.013325958835632071,0.02920835531810312,0.3279387085383913,0.008069443388157625,0.0008596249145635459,0.002143135324286613,0.003204503133147598,0.005432411343061103,0.5315802791303454,0.010613739587953397
W0e9796c7c593dd980002,0.0025218838036151978,0.0003115957948841634,0.04652707464201768,0.011031078736774353,0.030309197685809804,0.445839259799926,0.004344693438468328,0.0012721231229022249,0.0014119494020611851,0.0032170027468354664,0.0046600136804416815,0.4335715086583089,0.006738665900800676
W0e9796c7c593dd980003,0.0031739593096383363,0.0009886227766745617,0.05146418811709098,0.011881106175995065,0.012912468528950687,0.5059592365260166,0.004193903365520587,0.0010917427191010798,0.0006813196073695247,0.004016409596332096,0.0046055353366818794,0.3820449335551098,0.007933282337303161
W0e9796c7c593dd980004,0.003638858581485768,0.0003146654896594998,0.03886812661586449,0.013619374918308657,0.012858294166338144,0.6014981194026489,0.005503972624728504,0.0005791518482867289,0.001194574934395697,0.0039110544155994235,0.004483628141292226,0.29554524147856487,0.009189012404600194
W0e9796c7c593dd980005,0.003638797381504496,0.0003218828847476115,0.05024489512584097,0.010513532800747488,0.016092538250986547,0.46250946947763955,0.005638957167133409,0.0008570122892037837,0.0019746760131477805,0.0024403609025553555,0.0041626317631422265,0.42388581087338634,0.008268839215942974
W0e9796c7c593dd980006,0.003163741024715615,0.0004163358873853205,0.04439617113549587,0.012097976455724106,0.011929745031827326,0.37492090690019153,0.00556166250127223,0.0009268620294723412,0.0015977326123524302,0.002493079497657732,0.00458368608704652,0.5198322343985163,0.009183501382586032
W0ec28fea344854cd0000,0.02540032123234741,0.010336916275356996,0.04614211197867635,0.0552169564225713,0.233015490809136,0.054940606236599986,0.01529680897584433,0.05635371076409193,0.008262565457038662,0.013152693080353153,0.055449266461551266,0.05050334517571677,0.1713041035650612
W0ec28fea344854cd0001,0.02728612392588303,0.011743147435699344,0.03653018494417057,0.06007164943151654,0.2721189637636624,0.052696538190373225,0.010972428869949681,0.047541368029530726,0.008039967799532134,0.01674315181845635,0.054372128475042955,0.04210059920826614,0.08296098452555062
W0ec28fea344854cd0002,0.028101399015460816,0.007550594683568165,0.0389694850709302,0.056331327471883005,0.2757353470283274,0.06033795412587192,0.011547345842942168,0.04818875504468195,0.0069818026691007675,0.014308310252104672,0.06072245753198671,0.04083911033281375,0.09195025219159106
W0ec28fea344854cd0003,0.03172719745364499,0.010696139228375695,0.04026489161819969,0.06868609809623878,0.2816635190679111,0.05212625658758124,0.012380690784690089,0.05402158455960806,0.008990796550076804,0.013975710137795817,0.06972896909894842,0.03590700735619921,0.12034819168723516
W0ec28fea344854cd0004,0.02713011291400285,0.01245285790425461,0.04137627743400257,0.07063319252553629,0.2695531003492004,0.034173874461398523,0.011138519302121083,0.07743214641113344,0.009304159883504453,0.013896444601376965,0.07499573332923465,0.02813782271434707,0.12718992699631754
W0ec28fea344854cd0005,0.02717510135165619,0.011760291797809637,0.033055955962840826,0.052356341462332014,0.2381598429851139,0.03396908082731445,0.010553511858800144,0.06721154119861278,0.007457757135114609,0.011493878794585934,0.05680941131960887,0.0320671960839841,0.08466279587427683
W0ec28fea344854cd0006,0.024539035472394402,0.009647009058125263,0.043773389556541975,0.05633352150641185,0.2623002414528567,0.038142814046584296,0.01088313854335555,0.0702708997953405,0.008288971728190953,0.014554719148151957,0.06259373568402084,0.02999420439390153,0.09852768890883368
W0f4adaf45b7388430000,0.021632742816298737,0.000666471829102559,0.6046519380594233,0.05102215223432896,0.057492277898995504,0.05929111819665964,0.02278980711475662,0.11198063562946159,0.0007504884617510125,0.005824618164974147,0.005984519036858406,0.0404293538394887,0.009611857745264137
W0f4adaf45b7388430001,0.006927272307064708,0.0011226718244734257,0.5987343076435651,0.04363028541569441,0.05773141106760409,0.06040649390942682,0.02037716237223406,0.07263400173457486,0.001504931354250399,0.003193015866738299,0.0020440682452715396,0.11622142330717526,0.006642113214753011
W0f4adaf45b7388430002,0.0072145575314719965,0.001111706475037813,0.6692816356929003,0.04686025417473159,0.06556257940933935,0.08429685993371974,0.021060275267683642,0.060694629154821586,0.0007123519531190697,0.0034483608984158714,0.001589468697030955,0.02265187101825946,0.006721961569816394
W0f4adaf45b7388430003,0.00719169712486436,0.0010293850148743774,0.6255347908458897,0.04628040954819797,0.07454768502244027,0.1345111302674628,0.021707393633445933,0.057005795515432646,0.0003764702722154661,0.0029774006428510023,0.00172983074382518,0.013940781775116753,0.005874579768721379
W0f4adaf45b7388430004,0.006109969547882257,0.0010495275440280322,0.5687175157930731,0.047795283480598895,0.06834417194665338,0.18384338913039816,0.024412383409449824,0.06337555153569113,0.0003652667615274856,0.0022248754654843675,0.0017413773865116316,0.017773797246503978,0.006436149111203976
W0f4adaf45b7388430005,0.008038784191728949,0.0011754959713550018,0.5268442865913248,0.04826470863328027,0.10322695942349629,0.18061684129837594,0.026204279547079306,0.06396700136119053,0.0013835006709349011,0.0038393737868762158,0.0032150930266849503,0.017923187989154335,0.0070271234621214354
W0f4adaf45b7388430006,0.007787959741824105,0.0017941680041418052,0.5026668669112615,0.04667900452866982,0.08352762537137444,0.22216237982612416,0.02724854243529877,0.06615833730430142,0.002249700062376737,0.004847946935843784,0.0030982000620192155,0.014534856151900028,0.00843822500603982
W0f7aa67121ad4dab0000,0.001969915798486878,0.9966117213827761,2.2068599507363217e-06,0.0002791803707652957,2.0842853465544967e-06,2.0338783101471377e-06,1.7655234666521748e-06,1.3848199095127251e-06,1.5836966189210545e-06,0.0005566057257489878,5.278737014410978e-06,1.2589845525529859e-06,4.100786792903344e-06
W0f7aa67121ad4dab0001,0.0025352396581884906,0.9947765486810755,0.0004187831757487478,1.5929410689605948e-06,1.979728898270843e-06,2.3184066336031225e-06,0.0005589610396894021,1.2221783716486296e-06,1.5855619412131184e-06,0.0005567656490689887,0.00015707253708668667,1.2164457468938824e-06,9.635755503315651e-06
W0f7aa67121ad4dab0002,0.0019707133233021683,0.9966056217868489,2.3122941575336225e-06,0.00027916348050485555,1.934007201070831e-06,1.9554126004316958e-06,3.313892792306571e-06,1.205841143657077e-06,1.499482585942044e-06,0.0005566022089409538,5.405818121623524e-06,1.214456736085734e-06,9.003162822567895e-06
W0f7aa67121ad4dab0003,0.0019701636568344844,0.9966023120623708,2.3358367032311045e-06,0.00027916283445524964,1.930845634198416e-06,1.9529024214128813e-06,6.581774857497742e-06,1.2040585513916108e-06,1.4985335856037406e-06,0.0005566014650668956,5.38529312775786e-06,1.2177493038707425e-06,9.009709758682775e-06
W0f7aa67121ad4dab0004,0.002526511756484158,0.9960462859333943,2.294801390111242e-06,0.0002791950765379792,1.9475529852237207e-06,1.9815849205792826e-06,3.399482955393323e-06,1.371307728758668e-06,1.5937471723434258e-06,0.0005566019657157462,5.442732776548788e-06,1.2144491822589215e-06,1.1439291868031842e-05
W0f7aa67121ad4dab0005,0.003081946861399414,0.9954934924394548,2.279872278657363e-06,0.0002791441074370878,1.931228413527646e-06,1.940500223983726e-06,3.867020274573349e-06,1.3801515246142324e-06,1.5157799399631992e-06,0.0005566028692620319,5.4047670539393495e-06,1.217764726027972e-06,9.109261356067026e-06
W0f7aa67121ad4dab0006,0.002256548378802102,0.9953414261817168,0.0004189351155602581,1.8384533070734106e-06,1.944390204939632e-06,2.2114054671351447e-06,0.00027935465184487473,1.376651541230201e-06,1.5046137214148508e-06,0.0005567392949812846,0.00015271473313034308,1.2144341154054774e-06,7.653605119628187e-06
W0ff1fcd1013fefbd0000,0.010250500235344195,0.0031579206248673916,0.06381298474778663,0.0054977326997788295,0.0019386252459156366,0.45289194487206347,0.0054671645685646485,0.0011868020125820151,0.0006766647789736224,0.19125600839630527,0.0002645055949581728,0.24325123404301302,0.012259218827183584
W0ff1fcd1013fefbd0001,0.012817734169425622,0.0008259401512576751,0.04060648903966755,0.004440601078583713,0.002773968172081131,0.40619868456921604,0.004907553503221399,0.0020898889239937025,0.0006398631485619966,0.27040877777664274,0.0003224072455203568,0.23518010170133222,0.009861792112084112
W0ff1fcd1013fefbd0002,0.00941952655433238,0.0002504775064708886,0.01718450860060428,0.003611455023491919,0.0026882962677041763,0.42534423615520234,0.006217660663833694,0.002069443627280103,0.0006276801791513878,0.14227563419530617,0.00025014390258658423,0.37302084117955514,0.0075949231042642985
W0ff1fcd1013fefbd0003,0.010632202424008731,0.0001830804391877612,0.015052753082771366,0.003884862750091515,0.002963186101165799,0.4953587725229526,0.0051580961014648635,0.0016159729984831716,0.000565589759567582,0.21121537658611217,0.00018366327685409857,0.2342303212143398,0.010061885923382039
W0ff1fcd1013fefbd0004,0.00902614448138438,0.00013720117026684898,0.012761229683483727,0.0025655139982325202,0.002168915353287697,0.3739351946759815,0.00609625002902997,0.0021362122397066666,0.000528726953410961,0.031200672059983826,0.00013895036732956972,0.5421333800034959,0.009268327137091288
W0ff1fcd1013fefbd0005,0.013045141678650127,0.00015836097378990927,0.016594073685494978,0.0065418186441032235,0.0046500580229537946,0.3574470917716219,0.007783743844225344,0.0019060799100554528,0.0009212183832258439,0.014930024550283437,0.00034513431300247006,0.5569339926928817,0.008897784610943734
W0ff1fcd1013fefbd0006,0.012525979734887291,0.0008168059717226698,0.01905996879443789,0.008115677276234872,0.005434830719159558,0.5002334439060117,0.008972886403535435,0.002159679453099577,0.0010074410081708225,0.013226754993642854,0.000258493860876792,0.41018061279887286,0.008646328729120106
W10d509cc954647eb0000,0.019543738826087155,0.000256467963973106,0.03204589172212126,0.013546200344703255,0.013829012586191269,0.012712605208500647,0.0075026537588244015,0.008605842278166157,0.0098067614156234,0.024924419658755345,0.026682417941219828,0.0022988327718435446,0.017373575032124645
W10d509cc954647eb0001,0.014800872651892207,0.00032654752069927786,0.05009677379313221,0.016849989825288375,0.011757529481816511,0.04101622658058726,0.007328770798947341,0.009281206657031098,0.011877869796057932,0.01357576542990323,0.02488744807435581,0.00273571724677894,0.017712577406569025
W10d509cc954647eb0002,0.015596351811647277,0.0003341332503243775,0.04872873725855406,0.014407316911812434,0.01825231853647021,0.021346838408978806,0.009225371486196274,0.0070873212877504525,0.01218958409931085,0.021258025446725528,0.0285867641488597,0.0032146523360522135,0.018065661691709162
W10d509cc954647eb0003,0.013242993724024458,0.0006983604373455922,0.0531752990486215,0.018950364319050082,0.02010917873033256,0.05172856732672039,0.010002493976326202,0.011054026909172468,0.009995984572917862,0.014519698387010593,0.035801739950439185,0.005998820580658001,0.017600038285791257
W10d509cc954647eb0004,0.013353026110481248,0.0007033503311077113,0.0646444496518307,0.016333250499800424,0.018842096191434492,0.021587374596158834,0.009062806471755645,0.005303811115281736,0.009037947747354225,0.014001074224021113,0.02817829906540372,0.005302680294839667,0.013575257588220395
W10d509cc954647eb0005,0.018744613932089833,0.0004001022500436489,0.08348138532534316,0.015980426285300053,0.024072814002371767,0.04100107436119406,0.01069224293571402,0.00940177878727022,0.01070115016472629,0.0122046678586921,0.02782857554372857,0.0035344099773326984,0.017712055268176367
W10d509cc954647eb0006,0.014316595442136227,0.00024250390465685296,0.04884680783734921,0.011699587648656931,0.01747876867627937,0.03417840076761128,0.007236017747601031,0.007961379871607586,0.013805998180792357,0.012933925715101623,0.027951081130796224,0.0023997440663604593,0.014236930253905024
W10e2051532c96cc70000,0.0014372698197524833,0.00037815655783675806,0.015972271501488448,0.016312728531029056,0.014984160060975351,0.010836322857872718,0.001850904610375545,0.022905334217185352,0.03208553796039649,0.296529905038077,0.206864343784124,0.0034685121603544953,0.006638760149838875
W10e2051532c96cc70001,0.001533024753117136,9.929861321553592e-05,0.018279392061724516,0.02294120368018638,0.016155160625243477,0.011264139725512826,0.0009570233481903391,0.025483322727296958,0.03147886744706174,0.352505077913286,0.12618368704493213,0.0021217480431615517,0.006302534729864641
W10e2051532c96cc70002,0.0015542271339469308,9.043308971482204e-05,0.015795376224316034,0.020057836664946305,0.012720169634157388,0.009006527524201892,0.002031101589382989,0.0181738106619288,0.028096962217152768,0.32141840989982184,0.17229119290648762,0.0023360684996963205,0.005550127109556344
W10e2051532c96cc70003,0.0015560284047462325,0.00028772471903518637,0.019024591269905487,0.022654473032714152,0.01901531756766804,0.009699100130260173,0.0013242598394286199,0.016912761747885596,0.02784514671543372,0.34010931065058303,0.1709586753863483,0.002875450528667299,0.006479523171529459
W10e2051532c96cc70004,0.0018699400346665366,9.554754382844877e-05,0.019225050410229302,0.01856442136867518,0.018751685481388308,0.01427941358748048,0.0007881569716723418,0.018931080028392947,0.029947947733501092,0.3541705362351417,0.15780870143549433,0.0026775211538076914,0.006931560682788701
W10e2051532c96cc70005,0.0013568978795774616,0.00026553870861485105,0.016211878879494778,0.019152822773693,0.0157156904007836,0.017183596629099376,0.0010564085030619352,0.01573923467944758,0.0306330019969803,0.3589763533682074,0.14355822798982698,0.0024772990446772576,0.006467691094484688
W10e2051532c96cc70006,0.001361819973234723,0.0002965312265152935,0.015302044079621713,0.014281806388205216,0.02109659436540666,0.010914344473111418,0.0004271531494945321,0.01606364603003703,0.025552157633082363,0.3456618421583031,0.18829131144419267,0.0021035201225960143,0.0071477861707125705
W112dd88bc24030fe0000,0.008150937720067223,0.4241719396020385,0.01849368737685682,0.010841214810760372,0.012661373505432961,0.008068862530556435,0.012044687333715333,0.045706307649276745,0.3742951861160528,0.008071906667009804,0.05863818892623526,0.0023162248468860656,0.006628058132526415
W112dd88bc24030fe0001,0.011584493617614471,0.4264736535561115,0.01828144735097713,0.01602260414904345,0.011645065278914742,0.010044983125919208,0.013141224399108071,0.030402795885983432,0.36917853487588903,0.014143540462235978,0.056083910994001715,0.00356480351101822,0.0048523184391298935
W112dd88bc24030fe0002,0.00870568570186158,0.4239311383898255,0.02086367119231483,0.007855781104370367,0.010716558331203357,0.006678494626337377,0.010837947510922763,0.030550046873415993,0.39516340863685023,0.010272385161183246,0.05348146180122474,0.002130979334008829,0.004961301930009253
W112dd88bc24030fe0003,0.008827530356341021,0.4186026234092551,0.009212769841694913,0.012965418814700622,0.008740344303133455,0.009376914590359619,0.012503682080837759,0.03484912988333089,0.34994687051895634,0.021439170792572487,0.03778521346181409,0.003519986734387109,0.003954371341838232
W112dd88bc24030fe0004,0.010100403973519318,0.4234373572207404,0.01610426605229786,0.013575551148823627,0.012885334394801579,0.011900939413851473,0.011965280774899197,0.02646178291797333,0.38260270752671754,0.012387492064491511,0.056205744197190766,0.0022301535084733545,0.004518311399900881
W112dd88bc24030fe0005,0.010432504192064512,0.42587046916755383,0.01802442908784163,0.013218176619837204,0.0122800537286387,0.010344173097812092,0.009743844589718177,0.02689931913762413,0.3750680771931602,0.013471871301457782,0.061779623440288915,0.0027899838631905397,0.004789269196333312
W112dd88bc24030fe0006,0.009395154924037153,0.424188147565796,0.017836949196823507,0.01190387089160643,0.016404121700479127,0.010542303350209895,0.012554912590570925,0.026905725116857893,0.38198822070076627,0.012230704821325097,0.05471627575024372,0.002241862131444149,0.004511130016570165
W12dd826290532eea0000,0.010256941472593385,0.6125618043116834,0.0005583973253068687,0.00014030669125961659,0.0005577196020705472,0.0017805384229804585,0.004448216493951017,0.003594446292658646,0.3446552343126873,0.0014829608235844877,0.009675520801503046,0.0013901850564222943,0.0005603227127540837
W12dd826290532eea0001,0.01432052228191194,0.5947940042558773,0.0026417089758881897,0.0001406009900996112,0.0005577573100686532,0.0013914600406003564,0.004727049378835045,0.004876585700534259,0.350316869130062,0.0008345861629409712,0.0106681932121062,0.0027790195622897813,0.0011139438965267361
W12dd826290532eea0002,0.012130257260891118,0.8255982240160873,0.0030585412034808087,0.00016879810861128734,0.00133559349120825,0.0011222419994070321,0.004080804677472194,0.003298324924285815,0.12329109349024057,0.0019869882853282986,0.008622766547336137,0.0019456946268634403,0.0011189998545358055
W12dd826290532eea0003,0.01393334898038444,0.8634303727982926,0.0034289287473979356,0.00022571028396576494,0.0015895744761210626,0.0020725781203595646,0.006865021114595322,0.0038274503971543845,0.08019828471130626,0.002856558031112395,0.0090562266388663,0.0018068012789285734,0.0005596511286823031
W12dd826290532eea0004,0.013579740912148157,0.5962525641567561,0.002502767208634261,0.0006955538255053853,0.0005576716441774199,0.0005661829839543099,0.005558972484451873,0.00425546807980131,0.3505379095016996,0.002223529545824399,0.010899940942629041,0.0023623626442487553,0.0005583179686369735
W12dd826290532eea0005,0.013943598496331063,0.8291113903805936,0.003058407765888606,0.0007334301008385198,0.0011132520413884807,0.0011140384075623646,0.007416259133651181,0.004449760049123242,0.11451950153464399,0.002428740749703056,0.008873227004949434,0.0018068035672651722,0.0005623579918568656
W12dd826290532eea0006,0.008857560832558387,0.6139843455140117,0.0011146140565310649,0.0006958040794065035,0.0005577302425725178,0.0002802741239799596,0.004450594186665574,0.008783502872331263,0.339533873390276,0.0014860940469154944,0.010107769661040981,0.001251242531391988,0.000558314742892553
W13f06082619423f00000,0.003580982405684092,0.0009103788929323693,0.0186130610321152,0.0067551623301050105,0.009415788356517631,0.32392666583399615,0.006186259598427449,0.0010273137524309578,6.248107440778796e-05,5.08046888170362e-05,0.0006103835980801819,0.6199877785009479,0.0072442848303279845
W13f06082619423f00001,0.002329101023382713,0.001128931051207887,0.019675581406663402,0.003688398924896407,0.011023677107754874,0.13528588617470874,0.008307930211029647,0.00042901035359337616,1.4414840099434347e-05,1.065202719760909e-05,1.234689545077371e-05,0.8145626674046144,0.0032251360236679265
W13f06082619423f00002,0.0037418023084519404,0.0011300408726571747,0.014734284309576335,0.0030793561511065753,0.003824818501469176,0.1384039692728077,0.007584555346729579,0.00015171023069417364,1.538934226546378e-05,1.1402135891752763e-05,0.0005687134717685479,0.8232613478639084,0.003185579488017863
W13f06082619423f00003,0.002604732580425139,0.0014040374677499327,0.020531075884156386,0.005115111479839042,0.006975310895407418,0.11440017271297266,0.006328229840004648,1.0299803877837614e-05,1.229386807409925e-05,1.1231541872674664e-05,8.759088470507437e-06,0.8383335195152832,0.0028581850592058044
W13f06082619423f00004,0.0017271340740281822,0.0006308914396430906,0.018545028237712743,0.0033852375386967883,0.004589260659619574,0.28793427504442576,0.00680918967972325,0.00019666080356307348,5.903615362570807e-05,4.516207034279514e-05,5.227409829959388e-05,0.6708377105630168,0.004234780234970057
W13f06082619423f00005,0.002094846977594942,0.0009053798697065605,0.008769525181921032,0.0012087922392315276,0.0045660511571220565,0.3528850991431632,0.005105087169786259,0.0001875630016413638,5.608641383856434e-05,4.3088369942868085e-05,4.997806366404323e-05,0.6206783749424514,0.0033157758151135365
W13f06082619423f00006,0.002083379589878956,0.0008906706293497453,0.009840101212491466,0.002022427469777157,0.005084515682240199,0.3271989981577676,0.005348042086036885,0.00017764242560382672,4.465339637944305e-05,3.435386026526781e-05,4.072371200980645e-05,0.6437975325322935,0.003348408498332489
W148bf406de84e96d0000,0.14507860309113063,0.0012918529328160965,0.05554916510243222,0.04783839626504691,0.05710841604055559,0.2318259983889893,0.008944490036700158,0.008842064148522495,0.008338328904320005,0.013690722087500792,0.015306572465589209,0.0025528572292813304,0.04030874144236729
W148bf406de84e96d0001,0.13676721133299855,0.0008984619849577683,0.07045854610948911,0.042451610113534925,0.04926933890460896,0.25027109614631865,0.012531186944439677,0.00858326593819239,0.009091236024449728,0.01175202169700276,0.013321979879342019,0.00275993770260732,0.030397206108641394
W148bf406de84e96d0002,0.14505120226205065,0.0009235589130799037,0.06605532315695317,0.04579984431098635,0.05364967796475663,0.2981899011378412,0.010644336382911795,0.007955448006088606,0.008990562424921458,0.011687311044210075,0.013167585808457965,0.0034362324383834446,0.026196858707771963
W148bf406de84e96d0003,0.0896207163143846,0.0009719140758109713,0.06993947710577696,0.053071674612139796,0.06221682932947656,0.25172663937258904,0.009823395656062087,0.007222556854824938,0.008396507386789384,0.01015913025894821,0.01166648205209545,0.0021500212467720314,0.034973976544767395
W148bf406de84e96d0004,0.1391564831673551,0.0009130869963414838,0.062050670637352534,0.04457662146884003,0.05321059976321535,0.2584728310744876,0.008424576021967112,0.007859868358991285,0.008556653844432017,0.011883099077240444,0.013262490118931335,0.003081607142755372,0.028478419147940928
W148bf406de84e96d0005,0.1406875479598004,0.0009046188247204824,0.06092579452749105,0.04357301257451222,0.0636268226183928,0.2523867416658095,0.01036153059785347,0.00916303628490822,0.009768054642959973,0.014540915392434683,0.015170129306338917,0.002941612728582865,0.02672141030137401
W148bf406de84e96d0006,0.08228622314465417,0.0010053672187262512,0.06682854925675828,0.051850268398498524,0.06135740652454844,0.2531074535176361,0.009841537001263362,0.007715697276119636,0.012925191973623336,0.009993249057296028,0.012881964889826413,0.003126261891023247,0.02951421884148051
W1677b368f7a7d4cb0000,0.0006747648225557093,0.00014752940870134802,0.019768962023401546,0.005068656017309049,0.006020686535243067,0.5140830955300045,0.002423465579011821,0.00011353005887825556,0.0005344531122439589,8.43158712048406e-05,0.0006343139018027391,0.4462405527671503,0.0026905851792080626
W1677b368f7a7d4cb0001,0.0006174439449042174,3.047531770138038e-05,0.016368075983071415,0.006584445170368113,0.003549207859587851,0.36999649214739605,0.002568700546911155,2.09340705050675e-05,0.0004450392267250875,1.9890498815674703e-05,0.0009300452566902752,0.5939864252409381,0.0037946655975106378
W1677b368f7a7d4cb0002,0.0006446999266244475,0.00011041599419129937,0.04888098157590671,0.004972880092930437,0.005290888206328972,0.2272872590015084,0.007557375638021651,7.521312262978043e-05,0.0005452540504546024,6.0184854494357594e-05,0.0006152803018799856,0.701904069347475,0.0011217765005765777
W1677b368f7a7d4cb0003,0.0006475903466303852,0.00011389365512672067,0.018816498583231884,0.003963340981344452,0.004656685397546974,0.20068262471548395,0.0037112594666466607,7.770211691443738e-05,0.00053960280013805,6.216238395016442e-05,0.0006170548740807984,0.7632053986306181,0.001426388813564062
W1677b368f7a7d4cb0004,0.0006508275704253619,0.00011793161554798882,0.018659417026076874,0.0026504462167106745,0.00670486482468059,0.2001148383404198,0.0012354275063958832,8.119497798989605e-05,0.0005264155315003599,6.472567841681216e-05,0.0006194739160578386,0.7658366640001514,0.0015306923353867114
W1677b368f7a7d4cb0005,0.0017464902586418706,0.00013061622402141558,0.019083903863030986,0.006427651223737787,0.006538205911768179,0.2299780992722668,0.002298286600538942,8.904036811600952e-05,0.0005243324875945761,7.134003268560691e-05,0.0011824080887507524,0.7262956433508093,0.0044169374430455145
W1677b368f7a7d4cb0006,0.0006082344330343905,6.543914034011184e-05,0.0264532481836387,0.0045271992271271174,0.0046144245522823975,0.5085712663931696,0.0021452299812774163,4.443668405184139e-05,0.0004722530192964971,3.605562599443054e-05,0.000597016137288429,0.44873129321161387,0.002244251420784278
W16c71d34f644cae10000,0.0005152981219538412,0.00030718829759666,0.006499988406317778,0.012886585301504865,0.0023788494265503065,0.0005902999138987876,0.0011262970488037476,0.07891891811841775,0.5582960699657815,0.0035651786279174104,0.25256512805281095,0.0023724611596679848,0.042961565699549654
W16c71d34f644cae10001,0.0008358894972851272,0.0004980332223194051,0.006745431198308669,0.011630733138349298,0.00146555261589742,0.0016466975158447622,0.0011863405907940995,0.08368190420925282,0.6435465126163777,0.053127548067194885,0.07259581835111857,0.0026380785646149506,0.07817632021263282
W16c71d34f644cae10002,0.0009220372703905138,0.0009725219110687595,0.004887185122785949,0.012024387472604576,0.0023834216554448214,0.001241980354808321,0.0017681769805133157,0.08710917247947579,0.592902043583198,0.011556898709932772,0.16422300678048846,0.0023196481100521355,0.08170293093117154
W16c71d34f644cae10003,0.000826570158299784,0.0009199141860665844,0.00604400426111296,0.010830874049177154,0.0023394211179092583,0.0012380281538715322,0.0016142836590220995,0.08572997471417305,0.5742011951771475,0.00894793999494665,0.20534054890087225,0.002066589652228529,0.06520966181515252
W16c71d34f644cae10004,0.0007977045141195359,0.0004809323647582333,0.006757490157384342,0.013239510024572994,0.0014658198119732865,0.001450370311176924,0.0013429446810435377,0.08249415300027264,0.6520061463225932,0.05169738766556573,0.07465333591143677,0.0027129070240579033,0.0716010939129097
W16c71d34f644cae10005,0.001314485675684758,0.0006023127046232301,0.011564233183474314,0.017835389109984175,0.00389481193843619,0.002663896654743251,0.00448180074035892,0.08043991813660856,0.5938120213709045,0.005739241092463294,0.11101221686554287,0.00479806731154844,0.09677502131358223
W16c71d34f644cae10006,0.0015311274263743197,0.0005695039541015272,0.012039802741435285,0.017007727010118802,0.0032023118306971823,0.0028187970220303255,0.003511490990168556,0.08381995535568139,0.5628297213376283,0.005103132570715045,0.11579034975555755,0.005625510707740343,0.12743185776607807
W1733af1df1f936590000,0.0005872107598214128,0.00039022811114994055,0.015311933903893217,0.012806249976152134,0.026397225460708655,0.0066670411729791105,0.0014657026777762877,0.019535871838507232,0.0417152765819433,0.31457117367162674,0.29906584805343256,0.0033730000567305817,0.006719777269728984
W1733af1df1f936590001,0.000861565829006259,0.0003377415033104423,0.014775713738342475,0.0162087493528164,0.02310758702076162,0.008542289997599605,0.0015185812972849148,0.020822672554459826,0.038255051143492425,0.3146294203393607,0.21523183775171634,0.0024635368115720133,0.006506743903883309
W1733af1df1f936590002,0.0007937439620132219,7.534632313626896e-05,0.01436536539758911,0.01627169562470186,0.02265610812210674,0.007079926221782978,0.0006588384692386432,0.022465405807062442,0.037619225140855334,0.35279393070100656,0.14795927920231167,0.0025580272913184963,0.006652161199699042
W1733af1df1f936590003,0.0008006630446256465,0.0002853615652903026,0.017327014549829267,0.017852522276139635,0.021353907996388918,0.014240888358125411,0.0007086674368498013,0.015394257154675855,0.03373147904110582,0.33219186079492957,0.19344419152800632,0.002648142163864738,0.004912923516350603
W1733af1df1f936590004,0.0009762594424212153,0.00028153179695274795,0.019502619145893116,0.01681683124319145,0.015880183048134478,0.01051771591546226,0.0014174087659930372,0.015238412391347628,0.032185576579920126,0.3375050657324628,0.1712140642308347,0.0028270168131324484,0.004977985224831069
W1733af1df1f936590005,0.001551457745987037,0.000296534221742049,0.012892059475089618,0.014081062983290905,0.02522228193459163,0.007872495166484418,0.0008691882967205584,0.019853555822414753,0.04023878740588424,0.34056807913041337,0.22561138894296864,0.0027815822173460265,0.005941526050752034
W1733af1df1f936590006,0.0008061104081546787,0.00030424119920553533,0.01316407933696975,0.013507372266728703,0.02105901252450472,0.006845641693994877,0.0012504397771413676,0.02117460655114839,0.03894515017466557,0.33713516870151594,0.2687755936647004,0.0027713956029729054,0.005857009741368863
W17e3988fa13c94340000,0.9740863445018462,0.0022238605666467636,0.004853596253021741,0.00035977446325030594,0.0017570437975178176,0.0014895907365284483,0.0025215517972273956,9.386671747776247e-07,1.6201620493093494e-06,0.007318521696875423,0.00027886593325367035,0.0017412610371419703,0.001139539560926293
W17e3988fa13c94340001,0.9710716813542631,0.00305830981339866,0.005606069785937109,0.0005767282482543007,0.002298594821655436,0.0016336803666632059,0.0019484379209552228,1.014718683874832e-06,2.6856391786267906e-06,0.008911974914300498,1.1777793222048436e-06,0.00171727858652664,0.0011293093335676373
W17e3988fa13c94340002,0.970010757197346,0.0022239378044529917,0.005352858864831355,0.0005868596996794511,0.0017691187067368072,0.0012105987908994898,0.0014334431919969712,1.107994309316638e-06,3.3540850275137392e-06,0.008150063469438838,0.00027888128857262047,0.005245572488166658,0.0011351144275261907
W17e3988fa13c94340003,0.9717653295104114,0.0022241912614153563,0.006623345177509148,0.0005835285236027691,0.0021591175702252055,0.00120712830924866,0.0014046416626729734,1.579539684167331e-06,2.4430868524505365e-06,0.007565662665480144,1.0754707556087406e-06,0.0027353156936252322,0.0011286398953217036
W17e3988fa13c94340004,0.9742252751918424,0.002223956657065565,0.005241975086611637,0.0006181615490769997,0.0022358269742751235,0.0017657179677338381,0.0005579835119069705,1.0724338201499896e-06,2.872932504080186e-06,0.008454153325015274,1.0822329059581736e-06,0.0010860152085151724,0.0012656047400811366
W17e3988fa13c94340005,0.9812395820018732,0.001668619674594808,0.004418262902333382,0.0006205838719001982,0.0011298837561751428,0.0014485857770664384,0.0005586116785400051,1.0116998758702498e-06,2.779275952828469e-06,0.004588766686495746,1.2192987083708233e-06,0.0017103468171959068,0.0005685407617111072
W17e3988fa13c94340006,0.9729396911155052,0.0022245365833956105,0.0056625249148244,0.000570843507380354,0.0026221580708457597,0.0014464469849928066,0.0025037962709189305,1.1611956113161773e-06,4.799866366862429e-06,0.007252474229083719,1.1963137317128483e-06,0.002160556734572911,0.0011226023621302454
W195c4af40eae77340000,0.010816282327955921,0.011079683176198474,0.0972468437655683,0.08152852168381804,0.05339389233605423,0.2095754226816573,0.013729419368500933,0.011838028439266466,0.008475086622314469,0.07025051118973154,0.05696167867436081,0.008811011365855192,0.20174970579972706
W195c4af40eae77340001,0.009974307930455588,0.007616414120678803,0.09763814165300522,0.08545798580441306,0.09043060172350476,0.23894382919287538,0.01104246425304646,0.010381737746952063,0.008160398048431964,0.039754459503498964,0.06636808497332874,0.00894346713636696,0.19818281314283373
W195c4af40eae77340002,0.009104035276964663,0.008463629046986871,0.0997421406244637,0.0678398022116275,0.08641866861457528,0.28918233972339913,0.011154344599708219,0.01055771424337475,0.008544086818845043,0.054765313877897286,0.04566260249584003,0.01060934076431891,0.14500096933244994
W195c4af40eae77340003,0.015952572637511913,0.012081040606774942,0.11953210410804792,0.06967035508921345,0.0726911206028205,0.27940956680250456,0.02104083349416506,0.01017688817344584,0.007928830901728466,0.08263124730106614,0.05413312024397778,0.010086542058161951,0.11921341436744386
W195c4af40eae77340004,0.012774126759734064,0.008160339382044399,0.10333428633077853,0.06375333888284437,0.035216797022096825,0.3253223558559702,0.01272982930669578,0.007979876931173406,0.007967834864235603,0.042372792780605247,0.05363332388255511,0.009808181409173555,0.09299045425151137
W195c4af40eae77340005,0.013495012316343175,0.010405046584061413,0.11195653286190965,0.06943147123235728,0.06098214499130398,0.2390562869856002,0.01601969514661549,0.010942665831985667,0.005836529704270146,0.05323674559835945,0.052076308620900756,0.008326262782379577,0.1495578344180373
W195c4af40eae77340006,0.007250307517619543,0.006410664312875323,0.05851904498249647,0.05072063392386179,0.03395468532013746,0.4478641067084404,0.013884879796902724,0.008426205789423592,0.00650491305158267,0.0675153208803137,0.05178766546622206,0.007348664958782749,0.08870142283585815
W1981eb76c9c18c3f0000,0.026686430946774625,0.0004260324216520578,0.06264668933893178,0.2752015010806794,0.0105061822278882,0.3818347269205625,0.009226825152727589,0.002271972024073334,0.005844701219088148,0.008123768054674362,0.01759799968715995,0.004979916038075717,0.03994412705898743
W1981eb76c9c18c3f0001,0.03228523732223491,0.0006890277363746203,0.06404623719239277,0.22495054063352843,0.008160707168593817,0.3761452510366034,0.012390091746045136,0.003424583711790341,0.006319771859528548,0.01947511295693674,0.02067223540767584,0.007558029061221833,0.04844439285175333
W1981eb76c9c18c3f0002,0.03444390384742461,0.000688228825385106,0.06391251679788255,0.2393088920869001,0.007477901535909413,0.375479325179668,0.012915656478674764,0.003169403607371967,0.007438369153697497,0.010480174423183218,0.020323386904130644,0.004414273033268097,0.0479307646569064
W1981eb76c9c18c3f0003,0.030794316583101656,0.0005704791338935385,0.05951596760997769,0.24663691134601906,0.010742493158264917,0.3571262190599678,0.011576698429492806,0.0032542569915625604,0.006095519881809908,0.009736603224517915,0.031831763895810584,0.006241538448546251,0.042454434742910316
W1981eb76c9c18c3f0004,0.028884634925702167,0.0007039924468729051,0.08085031740816406,0.24782492254122696,0.011123647991196695,0.317651733280764,0.012982416373490242,0.0027998356488570823,0.006043886535693283,0.008479554003362675,0.020376385766470377,0.006507536857704686,0.04609818058606609
W1981eb76c9c18c3f0005,0.02973465573684212,0.0007048935903953391,0.06805079339554185,0.25541294554466715,0.008627302768423196,0.33938041004849906,0.013897159508198859,0.00303002975862115,0.005931911945503433,0.01037906883986542,0.017796054865548614,0.005435381699115396,0.04565106310204922
W1981eb76c9c18c3f0006,0.022361439389002397,0.0005156819193347457,0.055019942796541994,0.2758931921935913,0.01004476871822573,0.3766250764418509,0.010379231371614443,0.002147250268034351,0.008398674196221608,0.009501176479109402,0.03207515173900128,0.005122208404314129,0.04021892802930195
W19aeeb61c88250180000,0.0010417973357104663,0.0001300006268450982,0.02195668537522916,0.013506244246236435,0.007839512655380531,0.007142854010419852,0.007067441719973345,0.05619497073800062,0.0057538548224404075,0.00738544054797713,0.02280886124666803,0.0033328156939788495,0.390922315269105
W19aeeb61c88250180001,0.002008760181967501,0.0008469321953696545,0.02357859941813689,0.01712809464466487,0.007000182097757862,0.005138635905463806,0.00827075426918578,0.05744085135035079,0.006592166175534906,0.008105647781004595,0.025404260996242062,0.004684882046759796,0.43829644847743454
W19aeeb61c88250180002,0.0020068790863658377,0.0002862994101899644,0.022990886604486976,0.017106410903811996,0.0073787547399405615,0.015672596127712962,0.00818130872434065,0.058633680023659734,0.0070052102118026436,0.0077093441322514215,0.03043925430019473,0.004108994075316174,0.39123336161981453
W19aeeb61c88250180003,0.001231309509455031,0.00022683327722002026,0.0230935621675053,0.014255982791091946,0.008603769109769878,0.004998212258945131,0.008804073388234936,0.05701338883954191,0.005944464185885624,0.007951324880615583,0.02401428100370337,0.004003128322071102,0.40597773288698985
W19aeeb61c88250180004,0.0007994944961110253,0.00018941362918370376,0.023058577380876983,0.01365694117290384,0.007999163071345173,0.00398899280145853,0.008833162811807209,0.057380874765819864,0.00532901437693978,0.008454858422373302,0.024852147003953703,0.0037307524446229725,0.40540639729933786
W19aeeb61c88250180005,0.0015367428874421866,0.00016981157516757477,0.022306960164874757,0.013440395268486243,0.006226529207470956,0.007315597405923695,0.00909221703465065,0.0575134320370228,0.007401951350326507,0.008115370729331774,0.024200041683183498,0.003951959949964283,0.39951716336717896
W19aeeb61c88250180006,0.0013502478375789241,0.0007437718094466488,0.02319491160227656,0.014509188856937338,0.008041382475913137,0.0069532070603461225,0.009314702261615347,0.05608997515837382,0.005927233271451817,0.007934303778165846,0.02230766126648945,0.003820741505827738,0.4053640193001624
W19b93dad2115da5f0000,0.06732571073724408,0.00245199258206748,0.024558838916728176,0.03230429509346727,0.12012193445154228,0.016180609037814854,0.007688729169618861,0.04531429165241105,0.012813374948713185,0.024507606302595877,0.01850307777645694,0.0025626906865073903,0.02040585124897165
W19b93dad2115da5f0001,0.06971696071289311,0.0018583162902238931,0.02257476180664363,0.031648343730807785,0.12024381076935894,0.02587724847070618,0.008277686423459352,0.044055906369169034,0.013216921104395561,0.021084605945410673,0.01710163472121723,0.0030498952156441197,0.02010198165944043
W19b93dad2115da5f0002,0.07125468313065583,0.0018228695400358457,0.02848981937722491,0.048126149431465565,0.1656385067949724,0.017636340050187264,0.0070421713301026655,0.04113237359276118,0.016579263354038486,0.021077505489367824,0.02576959020333926,0.00450587804393053,0.012811607654977075
W19b93dad2115da5f0003,0.06863619275007718,0.0015084889480921596,0.02369314426904635,0.03262782264978737,0.12356557367094526,0.015048957889735483,0.00520092816951968,0.021286994034817385,0.015429825553751211,0.020593881890881804,0.02291354801282893,0.002991492036531903,0.018183777398668083
W19b93dad2115da5f0004,0.0709736175335937,0.0017416632272798328,0.025946423209471478,0.028250326851213873,0.154543929822405,0.03311343674249632,0.008196070812653127,0.021233192228825654,0.015538622509590492,0.020567871803946907,0.023004845594767745,0.0032516382466628805,0.017227580993185474
W19b93dad2115da5f0005,0.06262805359507743,0.001964904106448341,0.024369735858767096,0.034481882530812996,0.140277925357671,0.05314917087099547,0.00822739027372408,0.04544318118922817,0.01314114615655953,0.02030651406005396,0.0213149713193271,0.0026370779136734397,0.015103208121881227
W19b93dad2115da5f0006,0.07189851327538466,0.0018007439561854145,0.030369227749493865,0.029894832215095212,0.11801220599329039,0.046809474218541425,0.007292420330265413,0.017069822771382488,0.014715248217322736,0.02093787970659351,0.017791297508718336,0.004097450795737213,0.021452944032175323
W1a7eeab32d8e40880000,0.0017004260965120797,0.2629169773279636,0.047698204113748276,0.026297447168067194,0.06493268497632573,0.01799154721167509,0.5157364898106974,0.003724773872899844,0.0038425332333200508,0.011676472853443552,0.01393320122850472,0.010819263705808832,0.0077504814120308635
W1a7eeab32d8e40880001,0.001790253089354736,0.0031051465935824185,0.06507862272123133,0.03239462334995634,0.21330064119086675,0.021967954942921315,0.5815462756661234,0.004539351248692575,0.005729181341200431,0.01909594175656324,0.015702774288272915,0.01098315622345637,0.007383373118959033
W1a7eeab32d8e40880002,0.0011562995806782513,0.2570740813623708,0.04801868496242622,0.025196024043369448,0.0763828792508503,0.02263974200136495,0.5076855143701725,0.0032056593162459296,0.0033515840989706276,0.00985110745846681,0.013919058765215856,0.011932002892147832,0.006295660403282419
W1a7eeab32d8e40880003,0.002152291477138337,0.0031767952795699367,0.06043190338766283,0.03308443543579976,0.11975456773839145,0.022848349570344425,0.5732985064540531,0.006919227718384507,0.0042388482477172616,0.11832361245179185,0.018867895791214173,0.008090837333780743,0.0077473067934696405
W1a7eeab32d8e40880004,0.0012072515043456728,0.34067031208894855,0.05441438983764736,0.022841649027558815,0.16179708659600534,0.022906594901483102,0.3368240257248095,0.004312397687042637,0.0049178893560720555,0.0058351994856831214,0.01394237530704005,0.00920174135540494,0.007816729484712187
W1a7eeab32d8e40880005,0.003202990253159271,0.02007029160669249,0.05448782749678463,0.03030265680183384,0.07858845501838062,0.024117212606334305,0.693000761788898,0.004480149011149992,0.005861541150814492,0.0323033641430213,0.016142164609379693,0.01239868032849806,0.008043472362600109
W1a7eeab32d8e40880006,0.0016197422916039072,0.31251924929041497,0.05199565910016335,0.025567914515017803,0.17644785250425857,0.019936630180818468,0.3111455305014848,0.0029639253142059734,0.004257541901199813,0.029497668731312755,0.030323064596181136,0.009570691532972159,0.006256287977272535
W1b68e1996a189c2a0000,0.003792383102414755,0.00011404638969223612,0.0062767921544502345,0.004205286863078049,0.00026067864100744686,0.5214192794355845,0.0033677907126251896,7.772828094987214e-05,8.602826689639676e-05,9.978944307381115e-05,0.0006456524574667067,0.4554399668699947,0.0019519905029307624
W1b68e1996a189c2a0001,0.0030276824502052796,0.0006462201124728266,0.011581478488730677,0.008812456884708627,0.0032466077663885437,0.6829343642112806,0.00461447326692648,6.206121743783076e-05,6.472704353967411e-05,0.0009131646764889918,0.0009638120686777517,0.279888415418617,0.0014800074977753602
W1b68e1996a189c2a0002,3.893679402403456e-05,0.0006052169556782031,0.005494299736305458,0.0032890368375583356,0.0023292575785435607,0.6788508778822907,0.002059305548463087,3.4170957185598604e-05,3.440927592377456e-05,0.0005964296453334517,4.6406678863251864e-05,0.3027752476520251,0.001174641644557503
W1b68e1996a189c2a0003,0.0006479320277104944,4.1318145407207555e-05,0.004367831334214585,0.0028724342090604652,0.0006314610165696543,0.6822817159016373,0.002090813493515357,2.8430185651264226e-05,2.9472019294265087e-05,3.523225341359173e-05,0.0005958154282322145,0.3027284267963687,0.0018150447260527826
W1b68e1996a189c2a0004,0.0015148577718463523,0.0005951982024723354,0.00689612606324684,0.0024007197429354705,0.0012510150580947216,0.663198716532227,0.002052166467965116,2.7111769787659453e-05,2.7323085286962235e-05,3.40593405829392e-05,0.0005867126599983227,0.3186091427704008,0.0012131648363072015
W1b68e1996a189c2a0005,0.0015194355832102845,0.0006006284367490409,0.006237177396006998,0.0021725381203536467,0.001221458939336004,0.688436825051202,0.0020668520250991095,3.0578978160624795e-05,3.0668228193087126e-05,3.782926748567508e-05,0.0005909875621778217,0.29329337647977916,0.00273478820127019
W1b68e1996a189c2a0006,0.006046223241087773,0.00011423447690998412,0.00622243704561254,0.003015014384611978,0.0014632856926093776,0.6486907884239366,0.0019298142557635125,7.795674200492027e-05,8.24876648708699e-05,0.0012074473658467144,0.0006453563061187798,0.32231987824929365,0.004693108429559112
W1bc9d460ba90432d0000,0.006887733771468979,0.002148654429179578,0.061663256749844776,0.08201183826395167,0.028517588254247925,0.020414081211747228,0.008981913062196823,0.5707763122985959,0.010341113980246834,0.006203076125523371,0.02313860057308176,0.010306823768224354,0.02651880259184627
W1bc9d460ba90432d0001,0.007057007342673696,0.003291503883190375,0.0528286516521114,0.03326888763562704,0.022078461961625738,0.018110529073881738,0.019184599695179744,0.5763234937914896,0.011643669738442736,0.01570064821502618,0.021506699099936327,0.019547642361822756,0.03492854294794438
W1bc9d460ba90432d0002,0.007331466813023486,0.0030295989147798683,0.060349061947561684,0.052234936243266895,0.025258501568434902,0.0209918243403996,0.01604164968581522,0.5700394194570214,0.010287089560614852,0.007657477703348195,0.020479175898963812,0.012603802828934753,0.0329238942719129
W1bc9d460ba90432d0003,0.006907377279579211,0.0029567950195425615,0.05316690888983934,0.05396203699669734,0.027774649931042457,0.021598622310571778,0.012985069519683574,0.5876696093380416,0.010908684536755121,0.00897489068516704,0.02387058232042696,0.017457613156519475,0.03750446613646578
W1bc9d460ba90432d0004,0.0065281965040975155,0.0031845508537820875,0.05550065189929113,0.032184120539494265,0.02533919171638097,0.020785546041293006,0.010050170544264832,0.6047186994568678,0.011243351961215326,0.009956782717784834,0.022774698857293135,0.019141319803950226,0.037449721956828066
W1bc9d460ba90432d0005,0.008288947839214427,0.005404334005523471,0.08608143047445149,0.04530337962911926,0.028026388002870297,0.028989268431664116,0.010400963721348418,0.5089334908788582,0.012354260789543605,0.009588513049033742,0.0257956360697492,0.022741230849524344,0.05420152577809981
W1bc9d460ba90432d0006,0.008143501851629726,0.003137483304209045,0.056877676275177154,0.0687912829091701,0.027512971859195323,0.022502288439787438,0.009413307679769937,0.575555673990856,0.008973963364375346,0.0080985482784679,0.020752767686709615,0.010075024155211148,0.03792681000815717
W1c9fd97fe8e874400000,7.915116250567188e-07,0.00027876380131163566,0.0006981857344814896,2.1447553943384337e-06,0.0005609607617263973,0.026383483732227677,0.0003796039367835918,6.692445635789925e-07,7.553458279463228e-07,5.8544825175456e-07,9.281461755592657e-07,0.9572205013050629,0.01447150086274062
W1c9fd97fe8e874400001,1.8563823345116636e-06,0.0002788461629496144,0.0005589393986273012,2.054051391935922e-06,5.520773326929079e-06,0.01716445649806529,3.9159704641675845e-06,7.238293440273438e-07,8.85788985253043e-07,6.306399788751858e-07,9.97648896119318e-07,0.9715419518828197,0.009882434354694523
W1c9fd97fe8e874400002,7.895818467150175e-07,0.0002787543606390131,0.0007444481439398686,1.7850810691117782e-06,0.0005602916414585406,0.015909465873368722,3.403468068262461e-05,6.609050846419111e-07,8.087936984491212e-07,5.75858520067855e-07,9.282571211444777e-07,0.9706287937379178,0.011282011242320884
W1c9fd97fe8e874400003,0.0002784888681206808,0.0002786009783687761,0.0005586585381821987,1.4958750936840152e-06,4.202485987984627e-06,0.023008544585163746,3.4989141080929564e-06,6.311237309202919e-07,6.131782407373708e-07,4.960020429593938e-07,8.04698184518826e-07,0.9643449340376071,0.011518017769503713
W1c9fd97fe8e874400004,7.406037666442381e-07,0.00027869291316405146,0.0005584496827309132,1.6723523026156712e-06,4.6120938238518115e-06,0.018891317430296893,3.712171851964074e-06,6.218397551379171e-07,6.737099864048065e-07,5.401243971531552e-07,8.69590181811635e-07,0.9702620707215472,0.009439403590864632
W1c9fd97fe8e874400005,6.660964893785012e-07,0.00027860643471705547,0.0007436796614795473,1.5939809359324265e-06,0.0011147346051781685,0.017388593226819148,2.918727605957939e-05,5.600286439431184e-07,9.325775121763057e-07,4.937281415828288e-07,8.285207958207418e-07,0.9677475096451416,0.01269166606115681
W1c9fd97fe8e874400006,7.728159980892685e-07,0.00027873240930210763,0.0007469185921955133,2.0368524250250815e-06,5.591064320769222e-06,0.024810224412613734,9.684928053664178e-06,7.296643519257929e-07,7.539910374515799e-07,5.677429792085626e-07,9.044439221366991e-07,0.9644830486874102,0.00910340458970172
W1e2f5351ccb6cc030000,0.0005761105193831596,5.303523243830349e-05,0.005531935709714483,0.0017318451785595162,0.004217543840247424,0.5880686300221387,0.0016781899835940002,7.921075412730067e-06,1.0858159085389635e-05,0.0006772157061551046,0.000691018947786068,0.39633902082876193,0.000399085307125017
W1e2f5351ccb6cc030001,0.0005765685151080866,0.0028396379425384847,0.005329477801782109,0.0022503091789058635,0.003281396231211842,0.5536752075166892,0.0016777130369795444,8.085960937956365e-06,9.881060544076496e-06,0.0005641268748808237,0.0012340243524992624,0.4285149230581885,2.3684319286977163e-05
W1e2f5351ccb6cc030002,0.0010134478892256608,1.0811136063105634e-05,0.004820773068897612,0.0025389887928787434,0.0028723397256529976,0.5497712129036356,0.002233475780520839,7.2914976417875575e-06,1.0333847849046837e-05,0.0005655673301854531,0.0006922285078258834,0.4353848854361178,5.919005655045345e-05
W1e2f5351ccb6cc030003,0.000575331221265572,0.0006065178045282239,0.004720392631099934,0.0032224935647206018,0.0038366394332628555,0.6024763681674007,0.0016837478455832824,6.7428825471170165e-06,9.27901613952324e-06,0.0005765599909959034,0.0006827056773566378,0.381023654538144,0.0005591575494401445
W1e2f5351ccb6cc030004,0.000575973414351596,0.002837899233409361,0.004445627256558135,0.002667418225786336,0.003813496521922981,0.5509000988067453,0.00168427575151213,7.856885642056298e-06,9.722694480955832e-06,0.0005735922535443961,0.0006531519649179621,0.43170489402759454,0.00010796744779789526
W1e2f5351ccb6cc030005,0.0005769256969875023,0.002840690063985402,0.005146706149979799,0.001974460341631088,0.002285699820212401,0.544751268302273,0.0016816982635555551,7.287009277512768e-06,1.032435527268573e-05,0.0005640642871995178,0.0006671051295211695,0.43945701460758996,2.0837821291799692e-05
W1e2f5351ccb6cc030006,0.001398185363347938,1.1780683410660135e-05,0.004038563233157823,0.0011418260637527846,0.002947206363754734,0.6562341240232116,0.0016789328551963464,7.960463003972786e-06,1.1505120187810825e-05,0.0005662270242458769,6.857119998181731e-05,0.3318370849247138,3.614906199348448e-05
W1e83f9c972bd3f8c0000,0.003860821416690422,0.0022767192790151716,0.04701824039444343,0.013882291647497755,0.007255091517199691,0.7112140894120534,0.04007384597916635,0.002750518901377431,0.0016745188572943992,0.0009669261400025809,0.001084237468908153,0.16204961543413945,0.0034206168851373866
W1e83f9c972bd3f8c0001,0.008213216300621195,0.0008343072474512685,0.044186896837964375,0.011827904442781171,0.008950121470115483,0.575433717068333,0.19857400693800195,0.0006414538373840031,0.0012917413406949723,0.00046533505030093187,0.0016505944956260131,0.140922582820481,0.004860589254850179
W1e83f9c972bd3f8c0002,0.0078834812993919,0.0017399720703340337,0.04228717615876297,0.012618763340940016,0.007604750931027368,0.6539071751556862,0.09055916589204813,0.001245223702952197,0.0012761198826550645,0.0029270578892281063,0.0021166905349950687,0.16818181556447429,0.005292607737736894
W1e83f9c972bd3f8c0003,0.008477418112949692,0.001093912594975432,0.02905408295392895,0.008220983969905254,0.006695704773962569,0.7662457469207997,0.02071214103413483,0.0006988819019817063,0.0007121311874946367,0.00046000483603885525,0.0006274186678233368,0.15131923670177716,0.004558211581488059
W1e83f9c972bd3f8c0004,0.0088726816805681,0.0021081778121803812,0.05879709458637377,0.01476092606349673,0.007258467775554868,0.6946934120060172,0.02791317845904953,0.0039618391751046955,0.00175964266280078,0.0011605147887865299,0.0015025605739902579,0.1679143740932805,0.0061135302906848675
W1e83f9c972bd3f8c0005,0.010689858726849265,0.0019491924656721935,0.09649646091615789,0.021635741814376344,0.01017439294788726,0.6597572681522496,0.030621514517788002,0.001285456019658277,0.002004917493360376,0.0010799554514992152,0.0024946343334521478,0.15257828537767187,0.006811259844071855
W1e83f9c972bd3f8c0006,0.010450309039631853,0.002170441359079364,0.06661464086170267,0.016473767630960853,0.009322380709532892,0.6806092000087545,0.03250091379329602,0.0013042353375938185,0.001696597223241693,0.0010572077662057064,0.0019359715895085523,0.1667091284298711,0.006102033147199695
W1f1289746d5fbec80000,0.003467662878824188,0.0006259160028650349,0.07125193338170523,0.06895202332311304,0.3745958921618152,0.05041493934293036,0.011045931406375649,0.3273964424870294,0.0037927272718345133,0.003717185280463961,0.004069591443283761,0.05443302143906313,0.016816567215295498
W1f1289746d5fbec80001,0.0036693516061906536,0.0005368404736331899,0.0853082787403739,0.042199740094724714,0.3502593658967631,0.05315362962317764,0.011579471824007963,0.36812220736677603,0.0037035977469352284,0.003669160306820002,0.003489149702032079,0.04463170542076779,0.018377935126278312
W1f1289746d5fbec80002,0.003163815939244514,0.0006014955887547838,0.07813510600325439,0.047279760528122855,0.33801005199314704,0.0767168795356782,0.01198723424653718,0.3534360235442979,0.003748768177453692,0.003154335680967227,0.005268274814880156,0.04712652857147251,0.018821746173165888
W1f1289746d5fbec80003,0.002070182835909583,0.0006164268891599137,0.06689514651622075,0.045014078918512765,0.36144697651799984,0.036458128138048634,0.012350512854619107,0.3850082607188356,0.0028236223538202435,0.0042736749774718585,0.004754431900430488,0.047055388374272325,0.018612658703816475
W1f1289746d5fbec80004,0.0031551004003011274,0.0005590531726722789,0.0665786965079889,0.044461777629597146,0.3949468979448575,0.04657999145356417,0.013361611625048822,0.33835099978397154,0.003208406404047157,0.006602915578910803,0.004635734828467511,0.044691351567513964,0.01960361733430984
W1f1289746d5fbec80005,0.0020659852340840818,0.0006127575421128813,0.059254974904856685,0.048809574809536384,0.3171630760787853,0.09671722784128554,0.009770951891266168,0.3395689614682582,0.0116024160769718,0.0441972952452053,0.0036216629320466828,0.03687765101151424,0.011361768953715
W1f1289746d5fbec80006,0.0037123424864075106,0.0005902071604775266,0.06741178862080978,0.04328207867899617,0.3476474011337137,0.08445536444955994,0.010295033354824873,0.35708503698218297,0.0033854788856608024,0.00393664676656982,0.004889825077539562,0.04238327983814331,0.018386497749696064
W20f15f3c9efb048b0000,0.01664284837965095,0.0022941812226184646,0.058689108279111564,0.04932331957433716,0.30649258281398084,0.054243705336952934,0.005866399624604352,0.01432580692169474,0.011246415409110299,0.26932986292985733,0.01165154487301579,0.0574603570575652,0.04917401517753792
W20f15f3c9efb048b0001,0.026773294344448122,0.0023019967354688023,0.0848554887223293,0.050873724175604595,0.5748715947052255,0.033773474428663464,0.010249001928458753,0.012700372535637461,0.006591178964427503,0.02214215126846088,0.010041009502299324,0.0418633259062434,0.04118528078372042
W20f15f3c9efb048b0002,0.020330198926710393,0.002046255234758756,0.0698226955921905,0.042440069820172094,0.5824215362240253,0.045094508886525046,0.009233310037019089,0.015113293568789675,0.00816119988524217,0.04193789020028706,0.01045018692447232,0.03791234884733532,0.04756795323097492
W20f15f3c9efb048b0003,0.011233883043691481,0.0012907550125446795,0.06606121393951002,0.04599131084696161,0.5981565460135033,0.04471252122459312,0.006409567925792896,0.009586099627011195,0.00858655231379973,0.0407563421504084,0.013440980592933827,0.02868171377487194,0.0444983712852823
W20f15f3c9efb048b0004,0.019392971044727807,0.0023697736949040973,0.06160062347898736,0.03924015371606612,0.5315299630230025,0.04102906258950195,0.008627044423541216,0.014190412738090494,0.008161113054499092,0.12010345172089713,0.009702929767584969,0.03221533703876511,0.04454340373404424
W20f15f3c9efb048b0005,0.026616352714773635,0.002099142570774447,0.11603094114762523,0.043712517973187925,0.46913392847084856,0.04197264602158271,0.00956394906347962,0.011814587543058785,0.007476082572651336,0.07285208066597021,0.009223969844500877,0.046373207816758924,0.039253318631135944
W20f15f3c9efb048b0006,0.021431056854714338,0.01423325999120179,0.040828531960550134,0.0343590403336472,0.5825074669164236,0.038845228868578094,0.009219904530516208,0.008757615594022071,0.006093515409604745,0.07518553758531313,0.010211913402754794,0.024618612929929336,0.04860775865383044
W227eda14227e98e70000,0.006957064849559548,0.0015286887745060303,0.11376406485450676,0.017609174732178327,0.016759327170695854,0.0060908694523616,0.014555246522882636,0.008503359876530522,0.008621791802950918,0.00609633701669626,0.021402017255607832,0.005538992317375275,0.01531731207414894
W227eda14227e98e70001,0.008164673245685676,0.001462408421914835,0.08349526592614316,0.01523282509290324,0.015078440592765913,0.005185340296338971,0.01083225006830736,0.007581975650067113,0.009155594810367632,0.005427072375819165,0.02016662512706957,0.004253415518604379,0.019680414060802946
W227eda14227e98e70002,0.00984761852083897,0.0008795727798495529,0.17829175263348804,0.019243845677466297,0.018497019936402233,0.007029662509147657,0.014477007136997814,0.00707055270651095,0.006863738879544344,0.007247748140062246,0.01828494462626804,0.0037088386958717048,0.0199394459669839
W227eda14227e98e70003,0.004609349252496582,0.0008690447512275621,0.1464254594102161,0.016488633418405476,0.015693699213979923,0.0055233272647200425,0.009632000064637289,0.00857892378461043,0.008702982565547716,0.005986340100724543,0.02023359405173226,0.0025805048260925233,0.02177267225873555
W227eda14227e98e70004,0.003956426876102003,0.001699940050554616,0.19321357824302068,0.014283839143880633,0.015726841013161755,0.0057850715684847655,0.011224820146044298,0.00659343022061915,0.006645165465159654,0.0050026250764957005,0.020543266247104015,0.0041588479235922515,0.019155340333625183
W227eda14227e98e70005,0.006074044675829835,0.0019802399504071874,0.10645958090327944,0.018133178584958807,0.017571333120937248,0.005190918697096173,0.00789223259904104,0.007108612191558526,0.00792308172992131,0.004741066971643591,0.01949683872598668,0.0036980666160607058,0.01965843617394744
W227eda14227e98e70006,0.003716211436307249,0.001409644007744983,0.12082978040221755,0.013328118746951027,0.01860800547180438,0.004451085081304858,0.009601761215200663,0.006896565673672577,0.007169816365057858,0.007637968203268646,0.017412211760748267,0.004228642666694891,0.022073915538666358
W241e39bc4686316f0000,0.008651105431723217,0.0009499709164796711,0.24076599618631916,0.03280743966826317,0.01769898347540644,0.6074362334213222,0.03173749245056068,0.0005468284013536188,0.002441450255122565,0.0045132885181537,0.0019319783542679474,0.039322653027800844,0.0038979154093682815
W241e39bc4686316f0001,0.013079205617991132,1.5577548419027036e-05,0.12237655202872255,0.028396126020599627,0.014879844939960864,0.7320761829701338,0.024388002833490463,0.00038240914495515796,0.0016786841008826691,0.0042700880216199645,0.00213976728541514,0.0435636724697866,0.004765566026705722
W241e39bc4686316f0002,0.011191033656589383,0.0002478555985234709,0.15299905597131427,0.036296513535137784,0.011661875363161758,0.6759782808880096,0.03788866854606824,0.0005595414898691022,0.003370790211612485,0.004423374583763426,0.0026871618867938094,0.05156124621786822,0.004528980913423969
W241e39bc4686316f0003,0.008660013851338995,0.00018201659821778088,0.14129199844653179,0.026908177060904478,0.014388179663394063,0.7173937900303547,0.022410025973024824,0.0003074859191586102,0.0015595012725047033,0.004289624153131169,0.002513348732034019,0.04618054539420851,0.005377279964627133
W241e39bc4686316f0004,0.007429512261273669,0.00031645269664577476,0.16640696420101864,0.03855947688185216,0.022093058830379143,0.6867069425435314,0.030401891544315315,0.00012110035359627935,0.0021590207249201332,0.004649885742153715,0.0021635944704185037,0.024312747189741458,0.0030528406294822808
W241e39bc4686316f0005,0.013605573285149074,0.00011024250537725279,0.15912388831069088,0.03659037984847683,0.017030018077705916,0.6810409169860611,0.0392717944578596,0.0009087323636415602,0.003935687825946771,0.004612701779730339,0.003349197315018884,0.024863707649604796,0.006074412602915254
W241e39bc4686316f0006,0.018583590514388963,0.0004509647261423755,0.2563266729563202,0.040025567962174394,0.020473985255022156,0.5844112575049307,0.027836753934998307,0.0010829925718651666,0.0032210590617991596,0.004384439149499711,0.005202418236757448,0.021053234462896628,0.006626379782947493
W24630876331b3bec0000,0.02916734794840587,0.6096552508345114,0.016901764901217135,0.008893488184609511,0.006126734004146807,0.017124953964329028,0.03238847170336073,0.0014574314766482238,0.0004676323209907123,0.012253493143689152,0.0203092666968507,0.006734401678843856,0.20685673965660686
W24630876331b3bec0001,0.032880016649852066,0.6416221223687151,0.015981752346111457,0.012240320904712927,0.005836273468104481,0.14389770287312226,0.04327453476723092,0.0009155744254012644,0.00029473989374233884,0.011208387764764322,0.018800654824655098,0.009600918935681135,0.03365388613216647
W24630876331b3bec0002,0.02997635842598244,0.6851851129281191,0.016013805346902627,0.009659314796591453,0.0059460549988908035,0.09251153143453306,0.042398176698791694,0.001428000254522212,0.00030059119431592496,0.011767441465647245,0.01851033699867451,0.009268602056759384,0.04572262789459056
W24630876331b3bec0003,0.026305774916174297,0.735934601926913,0.013984059040808959,0.009336922187629274,0.005180004112476871,0.04853887794045882,0.03492529798802339,0.002000304203757942,0.0003811440416863204,0.008994339701640755,0.018803378050497803,0.007437811654925869,0.049481331827352024
W24630876331b3bec0004,0.033651148782206444,0.6053415402486807,0.017314334193939455,0.011531061643659994,0.007692902274832142,0.2007992239403202,0.012026190773323392,0.0036392743492712418,0.0004705001930180447,0.01130143911990279,0.019106434435843655,0.0038822819366379096,0.03553350863420305
W24630876331b3bec0005,0.034256644228215775,0.6049090978217483,0.017089096866776995,0.011247200956495146,0.008521139224102746,0.2112879523869935,0.011933875237842341,0.0027678524905388646,0.00028328524968468404,0.010650530062208301,0.020148401271660798,0.004240256381814908,0.027516613236444044
W24630876331b3bec0006,0.03346635426197114,0.589234446788398,0.01753068194788579,0.012574272525498347,0.00692690763633228,0.22133504649368704,0.010906158499968413,0.0031836150603416517,0.0002841179277068128,0.010280968121790052,0.01962700581255688,0.0037620609200292405,0.03102950900029982
W24b085596f0cbfd20000,8.266646625375285e-07,0.00027871677409134233,5.659917814898736e-06,2.5977430563880233e-06,5.033344452343038e-06,0.008612365583563583,0.0007549744071818089,6.430989453212197e-07,8.925136596403667e-07,5.085265916126807e-07,9.397969813383072e-07,0.9775004996883778,0.012835241393575903
W24b085596f0cbfd20001,8.521674451480792e-07,0.0002787937004112013,5.330033920989111e-06,1.6949864020122715e-06,5.104031206091848e-06,0.012231760844115024,0.0008569621981640841,6.96014588079371e-07,7.866450352533774e-07,5.5360051623858e-07,9.673584430191878e-07,0.9747457757717177,0.01131409087783252
W24b085596f0cbfd20002,1.7925030291800282e-06,0.00027881776254990825,0.0007471589665227707,1.8485064578292702e-06,4.67473553059218e-06,0.0133044378844499,0.0006634725427582076,7.080747741347989e-07,9.415898037950104e-07,5.633980634506808e-07,9.932991248244374e-07,0.9752435502258224,0.009194370940251285
W24b085596f0cbfd20003,9.080834165997051e-07,0.0002788678322703275,0.0007482949045016528,1.908701545506057e-06,0.0005610244448912785,0.014926658558149784,0.0009059305195757897,7.385605935657773e-07,8.179192519354945e-07,5.946993745497329e-07,1.0478323161437282e-06,0.9678412145784474,0.014175284685794522
W24b085596f0cbfd20004,8.498235899334639e-07,0.0002787980147099216,6.7502641955819195e-06,1.7862168085122355e-06,0.0005598851925125587,0.011703288187008299,0.0008823696954471158,6.988169397274685e-07,8.292936937432716e-07,5.563507230197462e-07,9.727886347144593e-07,0.9719603432585234,0.014045999674832546
W24b085596f0cbfd20005,0.0002786448574246201,0.0002788187756310296,0.00022847463321845664,1.990716497306772e-06,4.484561485744519e-06,0.01459664157591648,0.0006812486141002474,7.869743821976959e-07,8.90837998993735e-07,6.718064075852065e-07,9.95582262994227e-07,0.9706621609490508,0.012373970234910877
W24b085596f0cbfd20006,7.481622692834768e-07,0.0013941289137516832,1.2624189654603611e-05,1.7260826347957838e-06,0.0005596663548731898,0.008638375610191151,0.0005665795612891994,6.067776217874556e-07,7.698849778221629e-07,4.881919612227473e-07,8.565719274780912e-07,0.977542694519324,0.01127979162274148
W254694347e7baa8f0000,0.07187213587301186,0.0037418657396613227,0.3597519030635735,0.04880265445691999,0.050847448572052104,0.06788156045435702,0.00791537511804387,0.008836044100352517,0.009034819098379925,0.03894472542621915,0.02170189865619121,0.010445319496047928,0.13337644166220813
W254694347e7baa8f0001,0.01580830998833989,0.0034793906197086158,0.3902466006711311,0.13606608304227638,0.050547897966505016,0.060125329441234464,0.009196583543807993,0.010145741053204371,0.00832693775684229,0.046524990284991116,0.02436302122245976,0.012647151992151698,0.12449873222326166
W254694347e7baa8f0002,0.035123855031960735,0.0015432785622233125,0.4990465415805592,0.0915780592062788,0.04526258554059373,0.05427941581700157,0.008516812622824832,0.005331265844121621,0.006770474361404288,0.03311490265867587,0.025435916914681996,0.008495919773492863,0.07596315687564881
W254694347e7baa8f0003,0.0668023399464219,0.0025746146459488285,0.3727290099558529,0.11194301827217276,0.0491253978438222,0.059738071600884256,0.00640091025159785,0.006962898130548174,0.00937446210044402,0.06237537867710781,0.020980734561100535,0.009646724963407079,0.10859079148764751
W254694347e7baa8f0004,0.056891208244302445,0.0016541261224515362,0.36506201015398987,0.06300854175300565,0.04327139815161864,0.05597020165403892,0.007201695056641683,0.006579332384771575,0.009056677073247636,0.020496988287125317,0.018605358689894116,0.007757967323203374,0.1467582886784113
W254694347e7baa8f0005,0.20849143945737555,0.0011952099051276018,0.332704245995704,0.09903961376507533,0.03635553099055297,0.08601883377046596,0.00718323539702819,0.006408301155121878,0.005809877624707421,0.02324505181067759,0.021264564461528804,0.008099817391597132,0.07581023166636175
W254694347e7baa8f0006,0.042886130111369,0.0012370500808782494,0.4595564878513668,0.1031986727759125,0.048311705364949706,0.04418309068613965,0.008194079447318323,0.005460338332448847,0.008833939691484778,0.025840326971414404,0.016510520902545952,0.006978526742734197,0.1173720824993122
W26c33f39ec486dc40000,0.0027270019159569025,0.0026682562402843384,0.11333835128227827,0.007079148843667345,0.00958675293628662,0.0022833766308741443,0.007075014007511604,0.07860576582656434,0.4717061836593872,0.0025672656639640387,0.09052084756896052,0.0032783090474121364,0.012640760756199874
W26c33f39ec486dc40001,0.002044766524854342,0.003248343432071616,0.013543258751337299,0.0053219546343898074,0.009657147954431509,0.0033777666127898557,0.007418896118137332,0.07438246942262747,0.6698156795052569,0.009169221453546794,0.03993182429661537,0.0021801615568953522,0.010077797032595488
W26c33f39ec486dc40002,0.002274518625475694,0.003248240467387482,0.00768388192206878,0.0035431265569669324,0.008549874646153234,0.00281328656180956,0.009488757063047438,0.06706202921541267,0.7130578585996695,0.011333792904263687,0.03852640094556505,0.003746930328812201,0.0067684716827254455
W26c33f39ec486dc40003,0.002396748410943514,0.0032370202142842953,0.04392090525410774,0.0062091489207850925,0.009972299033714278,0.003489384882325029,0.006721199203417852,0.0803190977387179,0.42222417917388705,0.0025369954274615694,0.05206018098778018,0.0019491792569013278,0.012597683429077812
W26c33f39ec486dc40004,0.004186679730790812,0.003299814768598833,0.031513294845388846,0.013370080093557495,0.009837274910070056,0.005353517497574172,0.006608134710429573,0.08099972955747498,0.411859609881436,0.005234147059363902,0.07282767461701484,0.002559128873376925,0.011928358319738534
W26c33f39ec486dc40005,0.002128826044752624,0.003293281566773111,0.04089399167631222,0.009547031489630832,0.00779953894246309,0.005455793860789501,0.005769296738844408,0.08153065138365963,0.4056276202530556,0.004887728364798895,0.07469316296618497,0.0019346313426366285,0.012161699452830228
W26c33f39ec486dc40006,0.001527284091763069,0.002698140933217544,0.04544590187132057,0.0063454303585384715,0.012122468585253647,0.007027347743662471,0.005995471054048446,0.07835896779819629,0.3807579839727891,0.005184536696384585,0.05878597566313897,0.001937048463345229,0.011561443009414451
W2b547b8884802d090000,0.012857921396094617,0.001918660284568632,0.49136040453171753,0.17724625175208597,0.07602205399294196,0.1296957119212648,0.01493358118847773,0.016113287012593826,0.004195699870114884,0.004292071622408907,0.006067553680117344,0.019163508441249505,0.023653385256149035
W2b547b8884802d090001,0.015014567088269117,0.00357221083215842,0.5990833887083681,0.05611287326763512,0.08600389711759339,0.10984490652852298,0.01656798387809462,0.012610332448714326,0.005408089134009086,0.005561477457485427,0.006478617584411627,0.015003131861805174,0.03566069137338125
W2b547b8884802d090002,0.013243008569993575,0.0038412364626892745,0.6012388292139926,0.09118319804258107,0.07823804018131156,0.08821712821616079,0.018786436077859705,0.015842815235194613,0.0037695261776622712,0.0017216922399715493,0.005247059412056521,0.01340854479536912,0.03640968525607523
W2b547b8884802d090003,0.011039567282040419,0.0033407696829111477,0.6311899018345936,0.08294508599067116,0.0824661248188308,0.054486680222301874,0.013520804421329267,0.018177002534061817,0.0050589563817881435,0.003276660424429735,0.005186837490793048,0.012632723632287152,0.047330875116795325
W2b547b8884802d090004,0.016288418259950456,0.002989481476459321,0.6052317685178521,0.12131204079149453,0.08303299594411248,0.03901030660943469,0.01650859794166224,0.010587118236189151,0.005059502282838253,0.0027953679262797374,0.00503580602040926,0.015125266055943018,0.04112631674831935
W2b547b8884802d090005,0.019044571081164436,0.00284618816635673,0.6501361621747813,0.0825253810028308,0.0783493881674887,0.04184884166561554,0.015010211364947547,0.009144487029079853,0.0037542606426342307,0.0047113040333272216,0.0061040585812895875,0.014194406464711875,0.03670124212465309
W2b547b8884802d090006,0.015945944420930534,0.002987970288801232,0.5661250832518985,0.06470804661417077,0.08293008561801742,0.12217998706586321,0.014441810910093241,0.026973900462865286,0.00571033992265644,0.004675665365785789,0.007581061022797254,0.015083307517271648,0.03622803299206553
W2b76a98b5fdc112c0000,0.01565789743335605,0.9623224715150794,0.003613550433722311,0.0011130045233574604,0.0005579555106163052,0.0005572396616339283,0.005841190929600524,0.0005580282459866327,0.0011128566678716356,0.001753333981234682,0.0008379885168282498,0.0014364038589698028,0.0005576698243756312
W2b76a98b5fdc112c0001,0.019991283460450825,0.9556798343082233,0.005141412704037245,0.0005603399224103181,0.0005583058590073405,0.0006698708205484321,0.006404717530785128,0.0011153128730860536,0.0005573043066644377,0.0019497202785630783,0.0012530333464240379,0.0006956231948740541,0.0011122860037686144
W2b76a98b5fdc112c0002,0.017453644779398668,0.9633354117927598,0.004030223389115937,0.00028092129740304403,2.8504022028523286e-06,0.0005573525294245587,0.00361700692516955,0.0011154821729240142,0.0005574152304415089,0.0022259864277892594,0.0006992717413674674,0.001251175104719038,0.0005567584977000935
W2b76a98b5fdc112c0003,0.0149442647928269,0.9629344144837249,0.0036136038416778597,0.0008347302090166523,2.737215337153823e-06,0.0005575378016896758,0.006677810732762297,0.0011139359420819666,0.000557282924202592,0.0013910567655703787,0.0008368085048658735,0.0018067306382167291,0.0011122870350260075
W2b76a98b5fdc112c0004,0.016364868454611117,0.9582013657422355,0.005141350503697354,0.0006367013917646765,0.0010348662724638615,0.0006688711771081551,0.0055681154107423934,0.001116746266066726,0.0005572569513495008,0.0022260366251473512,0.001253775593873102,0.0012511750286512582,0.001112273130516293
W2b76a98b5fdc112c0005,0.011150565040412655,0.9720400367952277,0.0016691385342043588,0.0005573863737415984,2.502540293760696e-06,0.0003911313500592562,0.004449767764003891,0.0005579847030686979,0.0005575078132767505,0.002039896174831926,0.00028087402694880925,0.0014363930947802377,0.0011122713168756947
W2b76a98b5fdc112c0006,0.011143514461868155,0.9691669671641338,0.0026413519163159525,0.0009142054983413465,0.0010342527992749729,0.0003918266482302892,0.004456054226640014,0.0005602548359261835,0.0005573000419479246,0.0017633755910324148,0.00042022792451464254,0.0012511750151594154,0.001667822595399279
W2c589b5392085eab0000,0.005149180804647061,0.0026203063581854737,0.224234981798188,0.2957097500956274,0.2271218198259456,0.12087273716429066,0.04305089544149202,0.0007570744594485225,0.0006612217264106196,0.0017432725933819995,0.002789748566345354,0.0689687122682595,0.004561145264261304
W2c589b5392085eab0001,0.004605560871662636,0.0023415299096758986,0.04778283140320618,0.3269799248939321,0.40126290831330896,0.10652132914227891,0.03776117619603067,0.0005261153658434108,0.00048732659860846044,0.00161528392495269,0.0018999579770738672,0.06266144419562839,0.004542723029457965
W2c589b5392085eab0002,0.003911393840703094,0.0027210844686619633,0.04533935962561109,0.38196763496563224,0.3965220282794318,0.06585236713977796,0.03075375340246282,0.0007635910603109732,0.0003260995462693276,0.001440231596200751,0.0022917553810421014,0.06219220270217509,0.004571540806098412
W2c589b5392085eab0003,0.0038005215567950387,0.0028154496981844974,0.06205762619581429,0.3799278998221947,0.3876303626192958,0.056641141882239864,0.03407078619225305,0.0009009753516060547,0.0003877817814830501,0.001503383906973107,0.0024049677887768256,0.06114863689076371,0.005289003591605912
W2c589b5392085eab0004,0.004577111408714472,0.0026258206998302142,0.050361156733052845,0.3979655167476245,0.4010464961162625,0.053315582120326555,0.028687601927756667,0.0012364325223743775,0.00026382782286087054,0.0013827612493513815,0.0021713798227442336,0.0516937385034432,0.0037715809822379855
W2c589b5392085eab0005,0.0032200424684244522,0.0027837971880721336,0.040688351596902636,0.3718622775987722,0.39713323282809215,0.08072897610226785,0.025093799120174478,0.0008084525619391823,0.0004217761918504142,0.0009449421273270483,0.0018100216778876826,0.06942548238408375,0.004089599672920118
W2c589b5392085eab0006,0.003582444197037148,0.0043550731969634535,0.05590797504881113,0.3321242379469115,0.4072224297072106,0.08384681510987278,0.02567618508778596,0.0013521212443815451,0.0006923692318765547,0.001899676360333703,0.0023827233961210364,0.0736011510009172,0.005578219963807394
W2ceaaf5d76ae865f0000,0.01400008412258537,0.0003529958492360648,0.14845337305375278,0.05110589173801417,0.03735682178811711,0.6556109821693602,0.04535165875788064,0.0013584883275266158,0.0019086114004942495,0.0016214360825263208,0.004800566117769578,0.023747825546901257,0.005119348845396462
W2ceaaf5d76ae865f0001,0.014239281343949901,0.0006304105287576208,0.11357536929008788,0.03921682843679899,0.04664311582094919,0.7067518365433686,0.03435179373186059,0.0014425313386708415,0.0015325854474090943,0.0006036608518574587,0.004422389358875375,0.02411374579228294,0.004167124239245322
W2ceaaf5d76ae865f0002,0.00913526906361222,0.0011868318374501478,0.12614031890030922,0.03944834683969014,0.04796298074384602,0.6957106810781593,0.0301438399875638,0.001486938123482113,0.004746509373762036,0.003577290112083085,0.0026951728120046645,0.023967249545601744,0.004043774419801416
W2ceaaf5d76ae865f0003,0.00859573557349715,0.0012069419603310046,0.13050317399679434,0.04255764225490269,0.0356679131280221,0.6984418762290749,0.035997239514585326,0.0014075690363191885,0.005362274979604166,0.003735721726225515,0.001717850245076658,0.022769245152568222,0.0027038324062081216
W2ceaaf5d76ae865f0004,0.01668471617257636,0.001040456482715376,0.1527714178256763,0.07036268631275651,0.032937360580017526,0.6467004183035181,0.03243207477051905,0.0008833691621098451,0.0016145426722501592,0.0025249785189470917,0.0036736502145713642,0.026537005050450632,0.004867925037918083
W2ceaaf5d76ae865f0005,0.006417859259211575,0.00027132443496382324,0.20368741860386608,0.03445309647885395,0.029040537666490007,0.6464240981728923,0.03498979302912542,0.0009547855202748776,0.002403278922740784,0.0012941524586325243,0.003382628637565717,0.02280887070532624,0.004142003115693754
W2ceaaf5d76ae865f0006,0.014385932312652366,4.315067383676056e-05,0.11850598143884772,0.04063732514705571,0.034851706903152334,0.7079321726031066,0.03858418843314051,0.0002197116185950911,0.0016257685291562118,0.0015981623530784055,0.004392041786304509,0.021363727200531858,0.005318382571974707
W2d862e29ffe711480000,0.010656503139862597,0.005297814779548485,0.10959689949116669,0.026475228681323324,0.02133035158033437,0.037054031029010066,0.012091596657167608,0.013590832296536485,0.04869053428931976,0.4117527537694556,0.020841281545619216,0.008782182282846227,0.03589398075122969
W2d862e29ffe711480001,0.009692818904151431,0.01475049658406461,0.12549317674697336,0.023244366373334883,0.018818910823769557,0.03813380229068507,0.010931556552065042,0.016563477998980218,0.04724651078675074,0.4010195112344503,0.023241169106101172,0.007762448866470689,0.040137646215310345
W2d862e29ffe711480002,0.011810626138502407,0.004544062141963514,0.21375500333166159,0.020728522631633852,0.023678916616562556,0.04186553098025438,0.013362812091713179,0.010728454162289907,0.049724630191039294,0.24614151123818068,0.025822271274541352,0.013374149194544648,0.03283832848248114
W2d862e29ffe711480003,0.013256038482759358,0.004911219900770063,0.19854678106976864,0.02227528472933796,0.027783958716734405,0.054892923755107965,0.015382880834286976,0.012489443742212817,0.05634509271902737,0.23797997106286184,0.025981431022125426,0.013473016453269487,0.03359520002734525
W2d862e29ffe711480004,0.01320902325113193,0.00552485544991556,0.1565772372620238,0.024141514091874393,0.02081426279513023,0.04473412815667405,0.01263990986763071,0.011752343932539934,0.05165835200437256,0.354894238650893,0.025841362369363234,0.008285263000291882,0.03466082089653312
W2d862e29ffe711480005,0.011481206212715304,0.004739700659418251,0.146212986166866,0.024590131221662235,0.02184031333821231,0.04236449386500814,0.011807816204891245,0.0126761673218289,0.047439160397393376,0.3383366258318621,0.02480439014986312,0.007527920595051257,0.031103296085311725
W2d862e29ffe711480006,0.012552391527866589,0.004683054659233676,0.15678190651406468,0.026497218572992417,0.022035399129111732,0.041117262827651546,0.011490467341331278,0.011943782647609988,0.04586064387708987,0.3389640058787817,0.02526181719135648,0.00754171853241338,0.03191080301587999
W2efa997a9b7c98ee0000,0.0004826838661571149,0.02840144293948668,0.3180636297112959,0.031014808342832243,0.026527467092135295,0.009419578546589005,0.01805374909718748,0.006718704777390865,0.23564527018180184,0.1625674712090249,0.045269760751422757,0.010676757051435677,0.07048616401870052
W2efa997a9b7c98ee0001,0.0015145200095277715,0.029017249989760855,0.2683519881804933,0.04457503743060667,0.029591341103411908,0.01010691454196635,0.0321127449807553,0.008320075666203349,0.29495695481517753,0.1020854256411535,0.054394602322407636,0.010457188518847534,0.0728062388601799
W2efa997a9b7c98ee0002,0.0006158467518017134,0.028576600647520257,0.3033457953948989,0.03897239908275179,0.02879060709064583,0.009468793992165617,0.020720337138487803,0.007310995280350086,0.0660175591400497,0.3318246384204636,0.043430172318771235,0.01009179210623588,0.06918776159299053
W2efa997a9b7c98ee0003,0.0006634656748619293,0.0378010555859175,0.3005307325554285,0.03742490934874922,0.027656770393848288,0.008444094574372705,0.018984584215239426,0.004430823766712982,0.027766601038020103,0.05514443174218906,0.04332205032948503,0.009128768719042358,0.3916245731418644
W2efa997a9b7c98ee0004,0.0005866104700152012,0.02909047283228182,0.2995546865156493,0.03737598252480307,0.02824131348627379,0.007858054981676738,0.026336385180553135,0.008213543598226196,0.03288856456367718,0.3610918397659522,0.04438423289105172,0.010343264294531142,0.0727274312428285
W2efa997a9b7c98ee0005,0.000570924067159208,0.028514495739395455,0.2990063738501738,0.03778167866537961,0.027168067934014696,0.00772162573732246,0.026945721587788542,0.006923825991770599,0.05294346002666296,0.3444351120331449,0.045959548645571946,0.01152886775221336,0.07051149387431963
W2efa997a9b7c98ee0006,0.0009242299147538294,0.03810064767378817,0.2611259079163199,0.04468500963633856,0.03178538108183638,0.009774734640066502,0.022451810658836713,0.00554793169408413,0.2018563679482739,0.20837579962845168,0.04640509218180234,0.009926769097332798,0.07810952717106155
W2f09f36e113015d80000,0.0009316057347691582,0.00028486038944764336,0.008178951781399322,0.002628521333609249,0.001866080352933227,0.06746329627931254,0.005021525100456582,0.0002825757470660439,6.149685984593221e-06,4.826906158621458e-06,4.990917694510383e-06,0.9105687164974184,0.002749600372650346
W2f09f36e113015d80001,0.0005630750418015283,0.00028716181352478104,0.007947286541544519,0.0012364194445358022,0.003539546775077132,0.07275109380632921,0.005306391585794404,0.00028425708461104213,7.72612011955224e-06,6.276358296235726e-06,6.875302412219847e-06,0.9060379214424592,0.002015377051747959
W2f09f36e113015d80002,7.062529478230671e-06,8.800908318808174e-06,0.013170044399560689,0.0031844669804608644,0.003907379948090524,0.06588400369801466,0.003783695242500251,0.0003301598028370017,7.252800317260873e-06,5.353345296935557e-06,6.4803339637810195e-06,0.9055101990315325,0.0022386542128167946
W2f09f36e113015d80003,0.002050185801597831,0.0005718228460520741,0.01220279056905515,0.00400200954836216,0.004386223069884969,0.10286278711691554,0.008843290185026617,1.1022067610068225e-05,1.2873835910225653e-05,9.851257742741415e-06,1.1977699030618851e-05,0.8598447717673797,0.003598747172842957
W2f09f36e113015d80004,0.0007072253020846494,0.0005714873567558445,0.015356496093568624,0.007755743359927847,0.006945430220701353,0.09392188297096042,0.012361939929932985,0.00028879227088068866,0.0005690000854879876,9.66364271610757e-06,1.1693737296505624e-05,0.8564855550875344,0.0030529481430395314
W2f09f36e113015d80005,0.0018133252061344543,9.649579865418232e-06,0.017305362662155776,0.0076371580705419185,0.0048680203146251,0.07855061054911998,0.005206588300814556,0.00028514437573619013,6.6959850895021494e-06,5.854570145681245e-06,0.0005627630835922205,0.8786583242334601,0.004524479992828351
W2f09f36e113015d80006,0.0023798663867859796,0.001134511167143621,0.025560685504285675,0.011603946093561714,0.008304826301138178,0.11285392732264546,0.010708491486452252,0.00029360588206936124,1.7544607951257784e-05,1.4727968412745504e-05,1.6151349850114744e-05,0.8211785300533646,0.004680277388357752
W2f994ecdb980801c0000,0.47009856887457563,0.0011068632246607872,0.030514851554384707,0.10765472873667505,0.006885234472614208,0.17625548274449418,0.017374149802219387,0.0045110409710265986,0.001661423763003895,0.06332019472646616,0.009683598135186301,0.0027421757153785484,0.05883700989884207
W2f994ecdb980801c0001,0.4089361135397569,0.0016756110711410423,0.029358746440471206,0.20410128071994735,0.00835902326218278,0.19566585406436218,0.023939198961124022,0.004987446074939483,0.0026165014266767723,0.024595521843372072,0.007771826154602508,0.004759541778032976,0.03816444511716844
W2f994ecdb980801c0002,0.3903123172707244,0.001680290743301552,0.03078108432026092,0.17578254352518533,0.009009872557437328,0.21009103488931696,0.03168097913829182,0.004730862403162833,0.0020494245636059334,0.0316825129872946,0.009988840884526142,0.005406073345679621,0.05228003970180345
W2f994ecdb980801c0003,0.34749246585855653,0.001946108627730316,0.031030296547868916,0.17273357698960937,0.011835679556113213,0.2839200755432218,0.031112434192984862,0.004515993662491735,0.0014596880869681814,0.0209153408113278,0.006409977326460561,0.005493656205102135,0.04147488553978536
W2f994ecdb980801c0004,0.4034934996806841,0.0012112530699248884,0.028537740953100712,0.2293326726704145,0.009510396421856552,0.15773594992418685,0.02672669173806709,0.004175438522531158,0.0014741375898944217,0.023887176250275376,0.013327659941775314,0.004862690395010037,0.048515106283087674
W2f994ecdb980801c0005,0.3624920411394538,0.0019021246824700057,0.035722268821892826,0.17745975534855538,0.010814836986070539,0.25155500288771415,0.019585372153151624,0.0036209682130974325,0.00203624536118717,0.03315669699432627,0.010669158929692307,0.00544885132674339,0.046927818068586286
W2f994ecdb980801c0006,0.32378601812425484,0.0014315150060128243,0.030563540303119866,0.1318838235551309,0.011652013508429876,0.34257670237020976,0.019141970315366904,0.004711919778910404,0.002016854140984192,0.0310630231680904,0.01101152935267049,0.007348113083247485,0.04493119164682321
W2fef388ddea1a5470000,3.7965906491460226e-06,0.001695430676980367,0.002091095280187447,0.00377156957463903,0.0036694205892745884,0.5554533178554052,0.0014164143530793585,3.354054685469949e-06,3.944847670661174e-06,2.6831369424710322e-06,1.12513069701861e-05,0.4270948587977843,0.004778885723709908
W2fef388ddea1a5470001,3.5223054579907477e-06,0.002248259366533035,0.0008137893934061099,0.002016423343430384,0.0020536335726304656,0.5943838959025717,0.0019662123795988647,2.9997193337239e-06,3.4927860878079363e-06,2.4489880092571615e-06,9.657339329879954e-06,0.39110073335709217,0.005392059885594443
W2fef388ddea1a5470002,8.429342875248215e-06,4.738884787552605e-06,0.0030132774543627375,0.0017226541821702595,0.002564268415321576,0.6066148361770726,0.0011326784638377074,3.137704848092021e-06,5.0935421392534e-06,2.5640478685804123e-06,7.977450582730356e-06,0.3803625921347178,0.004553859789510417
W2fef388ddea1a5470003,3.426489805508523e-06,0.0022475633953005637,0.0012684038364016747,0.0030130487801360854,0.0022845314020733995,0.5728848482849876,0.001507072820105485,3.327495614969198e-06,4.772197014297732e-06,0.0005582706949115521,8.58497412997378e-06,0.4105520083402876,0.005657200940751905
W2fef388ddea1a5470004,0.000558719505430721,4.139066420947091e-06,0.0015466332593563699,0.0032113842026183824,0.002003576194417371,0.606272797390386,0.0030779695331919995,3.0591408722578573e-06,3.181348057887478e-06,2.2025748116985422e-06,2.276314821986481e-05,0.37623617715418767,0.0070512901655039265
W2fef388ddea1a5470005,3.2819693044880707e-06,0.0028020267625557655,0.0017465925900881293,0.002273212390938958,0.002030078559430844,0.5940627481215874,0.0013963381938558762,2.7954731691148697e-06,3.2995863856751634e-06,2.283534167415249e-06,2.2630526771385472e-05,0.39054546148649516,0.005103212194763162
W2fef388ddea1a5470006,3.4818825877786678e-06,0.0022478732373903375,0.0010851231257361525,0.003574299641226838,0.002447868190563258,0.6088400856652814,0.001116030833553794,2.9653208123636074e-06,3.4186219172301735e-06,2.4228455593785967e-06,2.2915441643644436e-05,0.3744288732635055,0.006217814232473243
W31929a826970ecea0000,0.0015027796151246531,0.0028423143589202306,0.1355786365117347,0.07203997082756021,0.04959249339906059,0.019884048689532117,0.009596383050110117,0.007909140800354342,0.006677899458748774,0.03574048268829294,0.006749698854817928,0.007322121750096172,0.08168123994835866
W31929a826970ecea0001,0.0021709928369591036,0.002579772432302111,0.15552153409080535,0.2590361413853253,0.047521342219644706,0.017080582549326616,0.012270577560145423,0.00852827360871866,0.003761356948608004,0.011230632993056915,0.008826911722590435,0.009246670482581057,0.03937108477393761
W31929a826970ecea0002,0.0020678102890711388,0.003567609838475204,0.21205870085822845,0.17297610506244457,0.045697525205099655,0.01865188466069881,0.01064054962592425,0.011715495630940544,0.005957456631590059,0.01933614326863401,0.01029996389265737,0.010544882086516542,0.049600921386440205
W31929a826970ecea0003,0.0020292828159853707,0.003399623241216709,0.15536421958226565,0.21161161855048125,0.056401850301203156,0.02612123488249443,0.017341387924101063,0.009306589655492465,0.0034169526131925,0.0155471844123593,0.008438850970902615,0.010165101065515722,0.04671965847949266
W31929a826970ecea0004,0.0019998150475233354,0.002905495417921375,0.1293861226337519,0.21885045865679753,0.04756330380511241,0.021172602534639175,0.018038756560344687,0.00879923876702165,0.002509037920211341,0.013736763980799423,0.007944731730644304,0.009761486523886014,0.04489293337268991
W31929a826970ecea0005,0.002017581706910021,0.0029786391180107973,0.14219220114701803,0.12755081261427312,0.0476892117988891,0.01828937659488353,0.014289809042453076,0.008913812469491687,0.0047617947100261114,0.017356054621459477,0.008859768444484052,0.010073131132834747,0.05335510669940932
W31929a826970ecea0006,0.0022532611136774454,0.0033648999237795327,0.13577459949602189,0.2502120987359887,0.05413671159539292,0.01856707394620302,0.0132608368882951,0.01037565652138181,0.004161028255967073,0.01381180681385283,0.009953769753742032,0.010300841326335426,0.04378841733257101
W3200649c2441eeea0000,9.760162598277785e-06,1.9429379491212566e-06,0.01192077181968875,0.06751813569217975,0.006831487718700509,0.26190523615126776,1.7585625037984842e-05,0.002631270163738078,3.108289324408759e-06,0.000742433180627617,0.00015533613359642364,0.6408039111468524,0.006817277608988152
W3200649c2441eeea0001,0.0005765311273705586,1.9460756429161583e-06,0.0083510734561265,0.003752178274519234,0.004662579106006092,0.36672282244947335,3.2560858231789547e-06,0.004841038662894013,2.4064504074709325e-06,0.0011220683523927883,0.00098300307192026,0.5689609579317064,0.03937842694885927
W3200649c2441eeea0002,7.706776802469636e-06,2.124245864680361e-06,0.007290932211341691,0.0030073452901038062,0.0084538348387315,0.321731874204232,1.8717215655503306e-05,0.006514302886458311,2.9194330191166343e-06,0.0011243679099400277,0.0001505620261288972,0.5999484580286051,0.051105071122333465
W3200649c2441eeea0003,1.852227088656152e-05,2.8287473879977233e-06,0.018669155927100854,0.03588742174945946,0.009474311256568887,0.3519894670428022,4.5712997640741156e-05,0.002632119779625814,8.128672977863138e-06,0.0005623697393050443,0.00015638469827146195,0.5699420743240297,0.009968673784876456
W3200649c2441eeea0004,4.3479152365257094e-06,1.9229920272738932e-06,0.0068896632413265185,0.002413024639986801,0.004638409721944249,0.39851165340218064,7.641127113771667e-06,0.002621024150754863,2.0850634703739384e-06,0.0012993702000406136,0.0001516180200444674,0.5744502483918155,0.008367223972591315
W3200649c2441eeea0005,1.3331356252004593e-05,3.973195010745957e-06,0.01871719153883828,0.03452764909206167,0.008373625594641013,0.31330991484177934,6.882706734065571e-05,0.0026385096596180753,6.296336479571036e-06,0.0011296181761658313,0.00015985190973590515,0.5859870197287436,0.0344216991551371
W3200649c2441eeea0006,5.47137122411936e-06,1.96146713991832e-06,0.007983245182614633,0.0066643217717083265,0.006301622380846897,0.37804073964201956,6.415463186550829e-05,2.9368668454527042e-05,1.906883759631931e-06,0.0011151470405092476,0.00015229527595179602,0.5909527760678559,0.008045208563734273
W3473531eb2823bc50000,0.016173977293648625,0.0022914258676855637,0.6403626609798453,0.042288931444421266,0.11830812720877933,0.025681277272572862,0.02554849955608838,0.010467837967187057,0.00693765954850792,0.005232547353675995,0.011718971659285506,0.014475242654346307,0.010911370931445211
W3473531eb2823bc50001,0.019567139808590844,0.002092820396636925,0.6452666427792269,0.04356249437851692,0.10973293870415411,0.0272611576960029,0.02410607641068194,0.024364963029119165,0.005179728153011543,0.006325872687642591,0.010584744349200459,0.014681619476318273,0.009846878024649511
W3473531eb2823bc50002,0.014184759327155462,0.0012240927774812254,0.700239498470859,0.03445187452619859,0.10838048855642408,0.02888381882074546,0.019463096010278354,0.004234648716502054,0.002958485225157337,0.004061468736659162,0.010336380804624476,0.011609580245010964,0.007977483829274047
W3473531eb2823bc50003,0.06408680121102288,0.0046961145865600015,0.6171990498375381,0.046217136922638354,0.11021683152377341,0.03334194873657452,0.027518798564741712,0.008359557185923544,0.004960827341614095,0.005502277093565698,0.010210652623524722,0.014185512168871322,0.007874981632344595
W3473531eb2823bc50004,0.01657736160514597,0.0014157735231759918,0.6904733358503659,0.03284625491227883,0.10463693786842267,0.02314181418558778,0.016356923141541788,0.009475289465072322,0.005231782616337199,0.0058960578686251385,0.010449745925040551,0.014254430623907147,0.009429813429880375
W3473531eb2823bc50005,0.015898927281679343,0.001345583848810421,0.6821611365448215,0.04033628531420988,0.11097966619708503,0.02385650216034213,0.017924143536498672,0.006693945725550381,0.0043215710040894586,0.003798452034438998,0.012433660749321928,0.013626606424125403,0.009435139443750093
W3473531eb2823bc50006,0.01949196158365975,0.0014661352010145417,0.6515187998659993,0.03840145795327167,0.1154311524820307,0.02521980664148592,0.017599791751514382,0.029088435126393506,0.007200754329667461,0.00492440165781672,0.01032943410691084,0.01348016418664297,0.006972098041670793
W3546dd5862165a310000,0.0004639997218230294,8.589274636779298e-07,0.0005586170532512369,0.000560104004213393,3.6516871869834095e-06,0.019813567969993073,5.497442154810191e-06,0.0005561410485607207,7.438993430364397e-07,0.0005568717991163722,7.389021966884155e-07,0.9641069444100957,0.01003802185922182
W3546dd5862165a310001,5.800871068733519e-07,0.0005596574995757082,0.0011294511292131153,0.0005586673889002845,0.0005609186650784661,0.009994798760745521,0.0002797559988595356,1.1359156761907987e-06,5.589224893479549e-07,3.8714191227557556e-07,6.102654019407889e-07,0.972030197468222,0.014882419798433862
W3546dd5862165a310002,0.000557758426839089,7.177406155092689e-07,0.0013913362289104223,0.0005586503305512428,3.3747640910132194e-06,0.013289287863167529,3.767764520647593e-06,4.891963803260661e-07,5.976491794857088e-07,3.9002773733700355e-07,6.239231875349864e-07,0.9713596523202339,0.01283255641448492
W3546dd5862165a310003,8.338795359706604e-07,6.817810031307013e-07,0.0013925733056172325,0.0005588615997269401,3.4953652289387565e-06,0.015636081555075287,0.0005618136468484325,4.7539672440733323e-07,5.656039269396169e-07,3.7034282773148056e-07,5.918944531221758e-07,0.9710198716278322,0.010823017800032426
W3546dd5862165a310004,0.0013910567589433779,7.07271361518509e-07,0.00139126128139726,0.0009290105904884906,3.004454943741039e-06,0.016314027608319025,0.0007414903683328278,4.822262343403604e-07,5.885600043264169e-07,3.8446144415295693e-07,6.146004693516631e-07,0.965210731521814,0.012904809220976988
W3546dd5862165a310005,5.695442390612525e-07,6.870956002411498e-07,0.0013928146562267195,2.9932844309616973e-06,2.905811226961139e-06,0.010915766824122727,3.089403407505732e-05,4.785878653483804e-07,5.488750136790188e-07,3.802787551140819e-07,5.959725864682048e-07,0.9764149934179893,0.011235708233788444
W3546dd5862165a310006,0.0005569829354647798,6.858754167649461e-07,0.0011134449870645908,0.0014844463480546933,2.883288556710875e-06,0.014295030302985555,2.62261003083656e-06,5.418239986747956e-07,6.052168531118823e-07,3.803008639847112e-07,5.96614319448998e-07,0.9705997545917949,0.011941345969784753
W372ee4e3091c33bb0000,0.0008759349431779733,0.027635541682549437,0.0848586816683837,0.02024899434584332,0.014956604140151424,0.0024084560698823467,0.006066354900833895,0.03233025428026193,0.6551417817536008,0.009455826860397264,0.10594792066028591,0.003886720140226874,0.023861602218330214
W372ee4e3091c33bb0001,0.0007316723072745007,0.027449429329968963,0.03780014365696278,0.008846190289052926,0.010580328242323522,0.0023744118763310853,0.0040228623403549876,0.027437657382063458,0.7171641156660796,0.011863743916085802,0.12710668899072972,0.0030359298485370004,0.01397279066608829
W372ee4e3091c33bb0002,0.000737006891388812,0.026900755887142472,0.03699625360946641,0.007597680103879233,0.010761483502460333,0.00210814926395374,0.004596126742942109,0.024967045818756643,0.7325312435668967,0.022136792637078174,0.11051710166083904,0.003254743973464296,0.011252544300480033
W372ee4e3091c33bb0003,0.0009158219924909668,0.02713144412007287,0.06898667794255363,0.0070494844713483605,0.011426141940122073,0.003000699001437085,0.004552348932932104,0.02726172513229284,0.7432823053591072,0.018183150888402912,0.06391652711033359,0.0020622444358583372,0.01381505764391075
W372ee4e3091c33bb0004,0.0009126602477514565,0.02712736517889421,0.06943614166470032,0.007009966619571509,0.011846917073934093,0.0023454873669288287,0.007645671652074318,0.026464647279555234,0.744851302810053,0.017912188020141148,0.05998970350251907,0.0020591101782949134,0.013345822899828934
W372ee4e3091c33bb0005,0.0007155732764952997,0.02742866007168607,0.03654634129942973,0.009101443102054487,0.011476012312483881,0.0022505017365274807,0.007044163260661828,0.025733713375809018,0.6841671543598034,0.0050738538312009845,0.16649975771046188,0.0023980751797522595,0.014521792071364054
W372ee4e3091c33bb0006,0.000914229213189951,0.027129389285298847,0.06455022775505605,0.007877722337958597,0.01164012257447826,0.002997666628663905,0.008171156401711037,0.02366311070845703,0.740700427171744,0.023672154468770242,0.06476101665487653,0.0020625644454501774,0.013535561895611177
W37fe5be573d394450000,0.01139568385470097,0.011601832113603333,0.047730093218536565,0.033487748427456956,0.016796113493855916,0.09019657241972062,0.14309832937189096,0.0161527587568938,0.009930994217347998,0.007870160713559435,0.03229059051907443,0.014800131435153968,0.06669413742947727
W37fe5be573d394450001,0.010581024254196889,0.010223708560277133,0.22216397424628642,0.038466911251992024,0.01866565633989815,0.1854053763099243,0.06703792815546711,0.009417030366868225,0.011240747602445872,0.009523196498299273,0.09382190739541892,0.013826015369773804,0.09974715261883581
W37fe5be573d394450002,0.01120132263404916,0.009673710718601057,0.19116645473787078,0.049190121780315635,0.016753025708337428,0.16039134235763997,0.07273024875348136,0.008978472141127385,0.012075669276105585,0.014135606977614198,0.09882366734687893,0.01462847267948184,0.08074101121308659
W37fe5be573d394450003,0.013387525679279463,0.010416901583447775,0.18742953869874907,0.03940119805815701,0.01697522517664906,0.1582222801359815,0.05089813885474091,0.02227682473770396,0.01140129441756247,0.0066900523533802644,0.042397993563649074,0.01503745399215171,0.08802194233024908
W37fe5be573d394450004,0.013172063211418353,0.007298629589810341,0.20300010103880176,0.044502458664244016,0.01705295469443785,0.20674030667212484,0.06540939759594035,0.010214483422350781,0.014705542706471309,0.00749165211589017,0.193891701212467,0.01086269248085306,0.06411968593564171
W37fe5be573d394450005,0.013207955972967537,0.007759556735361618,0.17636908777324214,0.040244722763046845,0.017343573445053106,0.19738580156680566,0.06521392418092095,0.00800156484456218,0.014604857400100181,0.008243775765937312,0.21336199712327164,0.010942722229261938,0.09993247559299531
W37fe5be573d394450006,0.014983216117848114,0.01195584551695119,0.0611573585249774,0.03455301274546487,0.013627235195759087,0.14855532351954015,0.06839769513058958,0.0181116751382249,0.010259774018326857,0.009812119816349753,0.09202118202793166,0.0136882288484943,0.2379084497010714
W3850cfe923211d2a0000,0.03872690591329392,0.0023610982468317003,0.019562043722053682,0.01202721628525035,0.020998260223947466,0.011054520884125368,0.0048331341204951,0.5111086098742013,0.005882480878509118,0.010234713369875895,0.01443965008459924,0.006546536753819505,0.022250408176260686
W3850cfe923211d2a0001,0.038636038982509356,0.001503919535301881,0.018883893999316153,0.011372047337863275,0.02090990464587414,0.01088963977350491,0.006988373106622244,0.50487249833819,0.0042747442064307185,0.0092701329412827,0.01578239637392272,0.006391937411240192,0.020827356361456124
W3850cfe923211d2a0002,0.03950407716129573,0.002631889081300871,0.020117185024229354,0.015727172583209877,0.02253186533186634,0.011336314940017673,0.010739224350221658,0.5226544304678687,0.005467865144743632,0.00936805557194807,0.020244472471522407,0.0074885655923327445,0.024910154829246592
W3850cfe923211d2a0003,0.03651881914867297,0.0015250092455112183,0.02085028007529903,0.014743235277931784,0.020327843293216,0.009666299140951264,0.008122533134281875,0.48872672188852306,0.004600521903202794,0.009334386338046036,0.01768341768844343,0.006779032158304489,0.01995582179270629
W3850cfe923211d2a0004,0.039135061843982744,0.001680016467774157,0.0161876656062658,0.01165736916795809,0.018801079236128962,0.009936534924558916,0.003985451655783096,0.47931908001496504,0.004800402880139224,0.009489877071869109,0.014142670124263637,0.006320058939333982,0.018814324416961216
W3850cfe923211d2a0005,0.039144455332009595,0.001434928964663032,0.01783857246113023,0.011488867539094094,0.019516625376856625,0.008735212932994849,0.005836774658002646,0.4712815121428982,0.003919080680434594,0.008128780531238009,0.013852200721808662,0.0055037320118955175,0.01896729139733549
W3850cfe923211d2a0006,0.037924803281086834,0.001653874731396646,0.01974539201091007,0.0121180323342946,0.021710958529762656,0.011471902496139793,0.0044553732504998165,0.5204539101442224,0.0050053340896204414,0.00889434382489451,0.01700870249002364,0.006938569891952306,0.01761398327397519
W399b55598af37b7b0000,0.016079081813452106,6.015035574863173e-05,0.028434459096022387,0.04603618623489886,0.012590701641482108,0.3166320302742666,0.00432949928522533,0.44861055814796863,0.0032991212490507274,0.017814967428078837,0.019434342616030297,0.0014744268319547896,0.020209640862557224
W399b55598af37b7b0001,0.01688970989454112,4.863584097012373e-05,0.054983453724747895,0.08483891134568008,0.0072733160597239135,0.15432931830347946,0.005173956988373152,0.4620659433216249,0.002458576313194324,0.04546252456521152,0.012629052089359197,0.001897093011788671,0.017831532124369935
W399b55598af37b7b0002,0.017231677393713368,5.036776782572123e-05,0.03981841890249033,0.048736088577849085,0.009949790053321878,0.2149801167964081,0.0054204115405996605,0.45330876876907694,0.0030210061339998127,0.03870910475114091,0.028003822106231455,0.0014208043732110527,0.014122192229467596
W399b55598af37b7b0003,0.02277134182813285,0.002039038424659628,0.053665349085887354,0.20494894107051356,0.036216181585408215,0.28553634176060744,0.007234159415975856,0.021237203658157053,0.0074663178158307945,0.028987375301583157,0.13345644421062877,0.0033539665170252727,0.027996035946192436
W399b55598af37b7b0004,0.02373144958636847,0.001637861274583512,0.0593727021559527,0.23751032532378888,0.03307203929395921,0.08840722168448278,0.010655938309617552,0.012063550080026084,0.0055743612140111065,0.03141925367512655,0.037074289489585556,0.006242990704856634,0.031710667587428236
W399b55598af37b7b0005,0.022088460246450073,0.001416291478084004,0.04395479193175569,0.06847766329778089,0.016589084259105876,0.03995101147982318,0.00928507609441969,0.3569799325992598,0.004197155948748567,0.024357328251232355,0.019443030225807095,0.003333040055149243,0.024257766752280085
W399b55598af37b7b0006,0.01681152907194702,0.0008648089377982508,0.03426197321386359,0.0363237937041954,0.007398686610371258,0.3150661865389092,0.006458190067949107,0.4552877942274118,0.002991139291544043,0.01738440571166598,0.011909194037585584,0.001440787187861917,0.016140673798102658
W3b18f3c30c47d8040000,0.8601978683253044,0.11991154314282727,0.000649821020391622,0.0011327076509885876,0.0008381443725883592,0.000557219468401189,0.0008370204240353363,1.0708536521691809e-06,0.0006493528268853096,0.0030567176692106474,0.0016680347834588714,0.0035467554358364485,0.0033379598854813204
W3b18f3c30c47d8040001,0.9644045604416763,0.015933348578868762,0.0006498264170821142,0.0016693793359595151,0.0023638431933222432,0.0011126425050971397,0.0008357848151461486,0.00013987130046999382,0.00037164894220745277,0.003336587341319263,0.001390779070598035,0.0033394078182862968,0.003059668177986486
W3b18f3c30c47d8040002,0.9631298827346267,0.017044638919818684,0.0006498415556038023,0.0016719585005659909,0.0005587706766998773,0.0016682418098156323,0.0014043929006232496,0.00013987451952749897,0.0003715335184482909,0.003336616355312638,0.0015337479195504779,0.002783810764367798,0.0048694700718879165
W3b18f3c30c47d8040003,0.8795247636744286,0.1050177242022317,1.3277237618124013e-06,0.0005698059789893195,0.0011175205798485907,0.0005567871344571588,0.0014029502807215118,8.535821681521269e-07,0.0006491276230359885,0.0025007225613752977,0.0006978984185127226,0.002254759524721779,0.0034797914284180847
W3b18f3c30c47d8040004,0.963810457215464,0.004827112368374017,0.0028912268402971142,0.003692434369776506,0.0029837137393986424,0.0005658856904510196,0.00210075723451812,0.0006969936405805074,0.00037185141605101946,0.004450307089025831,0.003011748411090551,0.0009882440950676754,0.007381370160066252
W3b18f3c30c47d8040005,0.8746015822977676,0.10575137546701575,0.00037170788916038024,0.001119549671263889,0.0011140149631458476,1.3740490554924491e-06,0.0014460264920926576,8.386230198052653e-07,0.0006490812220299461,0.0036118144430996803,0.0006960087484992099,0.0039133467008660204,0.004220023855185992
W3b18f3c30c47d8040006,0.953154637787224,0.015933573789045894,0.0006498930625290534,0.0019464054609988372,0.0008365321035418553,0.0055571697032876346,0.0008351799492864139,0.00013977553111026907,0.000371467379758655,0.005000930178653332,0.001530138321999931,0.009172076649735052,0.004312791709094241
W3bafbf7685d60ad30000,0.0024237904376999513,0.03169355190111436,0.17100310292052745,0.049167750071759865,0.03228892620866214,0.010362112916065798,0.03147061911757429,0.012366980192167093,0.08004304298872517,0.03266830246029962,0.10591455675243068,0.007410090175882377,0.3769278648714613
W3bafbf7685d60ad30001,0.0024157558230494362,0.0311288386119305,0.2316620124980031,0.044505660347296465,0.03662459174209296,0.009399936942492974,0.015710188091155406,0.015516848374567719,0.12887022477615137,0.12083626142825131,0.10407411675117124,0.006841841864058242,0.19557226151825136
W3bafbf7685d60ad30002,0.0016076383307293447,0.03080440108063767,0.24442406450880017,0.03902321131319233,0.03244396071115312,0.009416118252486144,0.019099240152254334,0.017253132528500942,0.22067969281621003,0.17422662552321302,0.09066879220014544,0.006315698106777026,0.0596751963859031
W3bafbf7685d60ad30003,0.0020107031401508275,0.03132205944890902,0.15424822304840552,0.04995949244954702,0.03572939265287269,0.00991730366400465,0.03632815527601389,0.013501021344310948,0.10572270839480089,0.33361507362829024,0.11453331355574507,0.006742624011898379,0.04933517563576577
W3bafbf7685d60ad30004,0.0036857629720427995,0.03133264843972501,0.151855760674814,0.05205456552332398,0.031950221291557904,0.009935532540388167,0.03635139384211788,0.011304756002449767,0.4039416194395741,0.041731012038595264,0.11366520281538597,0.007026019326475357,0.04659850499833594
W3bafbf7685d60ad30005,0.0025234361743138767,0.03126649177274285,0.1469199994434608,0.047046709819557476,0.04051185855525268,0.011028084944804275,0.03505727255167956,0.01779385589813814,0.4191994958105448,0.02719529047639069,0.11280788444659445,0.00618250107174115,0.045116624324422594
W3bafbf7685d60ad30006,0.0025236496570405055,0.031506581487658156,0.1436489662432942,0.05541990782091905,0.042880509132549115,0.01124528254151631,0.02082311517534355,0.010689972171310978,0.41408572786364956,0.03193567778406846,0.1201704553985958,0.006771013495235982,0.047482726493354006
W3d68ba1ac902179b0000,0.013243736268213976,0.8138013795625308,0.003308939114029242,0.0012531735395182445,0.004771651676638485,0.0024568491371819053,0.007720379831952419,0.022616382194466454,0.1096101385196384,0.0043408658015741276,0.010191882471932739,0.0011125002139269987,0.0013078882582324132
W3d68ba1ac902179b0001,0.012966050433855049,0.7431335029061291,0.0017809744440565182,0.001319523537326041,0.0025028097035727412,0.0019470333481792544,0.006609179850675794,0.018442998769426868,0.19445150311745166,0.004733458540535555,0.006957366817140206,0.0005573329627286265,0.0007505006832864352
W3d68ba1ac902179b0002,0.01649931289629706,0.9099539154818743,0.002938882006396253,0.0015923053660457875,0.004169501193052757,0.002085959506784277,0.008837775870812541,0.00991816235331694,0.0235622633446699,0.0016716863271258118,0.01194719144685629,0.0011142632132466928,0.0007505593801651383
W3d68ba1ac902179b0003,0.013349035449622083,0.9227035572007668,0.002660924280455637,0.0005813879823916626,0.003567766570626848,0.0024563316562255405,0.0084749119280739,0.007356007887858618,0.020974172410537267,0.0017179414697154098,0.010305585300506667,0.0013920632228617577,0.000752042849038005
W3d68ba1ac902179b0004,0.01715427047546987,0.9048893526410795,0.003309211437480943,0.0015096140834719894,0.004460848254354969,0.0052343067614809445,0.011013354796045002,0.011726210689253617,0.02013808624245249,0.0015318568696849435,0.011653317978796913,0.0016698449454827717,0.0007515159836837465
W3d68ba1ac902179b0005,0.015094121606552144,0.594932091440531,0.002707028662073591,0.0009732326497608718,0.0036984509850545547,0.0021145082391827888,0.006512467880794633,0.008729619125842787,0.3481104038958416,0.0016678769760452676,0.011444295539579588,0.00039069858627570933,0.001166907820203866
W3d68ba1ac902179b0006,0.015372458326346511,0.5869251103558761,0.0021977009165601094,0.0016647387011864097,0.004308709677971549,0.002086668125997311,0.0059606301221710595,0.013044519238488969,0.34494278699610587,0.004168765780227993,0.013200388198830659,0.00055682407418836,0.0011678652824271508
W3ea9e82425f581770000,0.004190307533378936,4.4717763331248415e-05,0.014451555668884652,0.021702624104115675,0.012653569621541865,0.0033151256397626473,0.002047497747187652,0.011254888189405697,0.025461762612909482,0.4816439710777758,0.003814468750274687,0.0022512306303388023,0.007759929048986519
W3ea9e82425f581770001,0.0054646883927676,2.4144465296577446e-05,0.01174524111146401,0.022723414051681073,0.013870797131056007,0.002357442382613766,0.002312167410283835,0.028658049545055055,0.024524837493755874,0.5486313699614543,0.00486432531434873,0.0027439058097242694,0.00909938799392368
W3ea9e82425f581770002,0.004146783309614472,0.0002989537470917976,0.0124576130594966,0.021148555311939512,0.012701815875292649,0.00472768122432883,0.0034735831139236367,0.01976362887270697,0.026434731527842436,0.558218206319418,0.004382280651929953,0.0024636465833241085,0.008136558113830792
W3ea9e82425f581770003,0.004937625054245821,0.00029830596124351817,0.014430756678786716,0.022236099309734223,0.01415228254133988,0.0037670571126290696,0.0036742492550976913,0.012604733807477638,0.025508864072633624,0.4999882453987107,0.003918711989101455,0.0028401373410537256,0.008621345939519878
W3ea9e82425f581770004,0.0035496991547860394,0.00029897060236712484,0.01502104250190491,0.02273529542710925,0.011288555271316123,0.004426478828425714,0.0038775768351132257,0.011944845833331793,0.02568281499018389,0.5807681847418028,0.0028587968632250893,0.0022790319984604254,0.008774295031136055
W3ea9e82425f581770005,0.0036949302480527918,2.2508491014441666e-05,0.015595561266738405,0.024172756998960574,0.013735737352233835,0.009803635283774339,0.004497465935670051,0.013448187726805753,0.025346251783721747,0.6328471677447112,0.002907483141064762,0.0028365157191213796,0.008421481011433736
W3ea9e82425f581770006,0.005167413795573631,2.2075360461897145e-05,0.015714567444971687,0.024784092107738135,0.014933982082105779,0.007859505954049986,0.0029040061762068514,0.011350287619503725,0.024415038742215622,0.6607719502769646,0.003551993430232167,0.0022833564682473617,0.008922638390108411
W3eeea8cf96c231ac0000,0.011600140034119645,0.9801434184233552,2.5053334813542734e-06,0.0006960023370798581,0.0007167021256201541,0.00028633103457645375,0.0007994781663145182,0.0005585474296399886,1.6834024178816148e-06,0.002233138357387916,0.0011140337774115734,0.0008346604234353514,0.00028090805807069334
W3eeea8cf96c231ac0001,0.01612613632262177,0.9741288979124418,2.412536103408893e-06,0.0011403435839166364,0.0011135842284898173,0.0008421291136022804,7.906788130649414e-06,0.00028066708800944675,0.00027925574742256124,0.0020489748805885537,0.0013913267256555977,0.0016679700836665968,0.0002813593141445364
W3eeea8cf96c231ac0002,0.011129057790185463,0.9828086209260355,2.4433461743059677e-06,0.0006960865252089444,0.000558038738003856,0.0002858345778692381,1.1539224539382075e-05,0.00028055202864012125,0.00027927314584038363,0.0016787429460174991,0.0008365711033139177,0.0005568456024954262,0.000281485355855958
W3eeea8cf96c231ac0003,0.025991068607527146,0.9599709106859294,2.50288176059818e-06,0.001253165422085254,0.0008556470903580247,0.0011191288916781175,0.002467976775215567,0.00028031341815066706,0.0002792849124418738,0.0027891602579948106,0.0027347723039880195,0.000556856882030728,0.00028159619369365937
W3eeea8cf96c231ac0004,0.03194912993106043,0.9536472609319115,0.0005580676950731269,0.0005573184639567515,0.0014111939671022802,0.0008427727223625801,0.0024741436546580836,0.0002808205838541021,0.00027926813492178837,0.0016788049713306757,0.0027360133273648174,0.0022235124209816345,3.6691106443628776e-06
W3eeea8cf96c231ac0005,0.012096616183795065,0.9829496893317551,2.417843759053743e-06,3.2115598538192903e-06,0.0005580331040965409,1.0081972114899765e-05,0.0004197965807604225,0.00027918828205881184,0.0002794105417574857,0.0022331849436495587,0.0005582751125485262,0.0002791320636480327,0.0002828533321490394
W3eeea8cf96c231ac0006,0.020159173566439727,0.9712073324557399,2.408280317860479e-06,0.00044680466588975444,0.0011135826762464147,0.0005654869895928905,0.0004204976282788965,0.00027907821866374037,0.0002792836073155061,0.0026038921850103287,0.0011136871588039736,0.0013901789951347332,0.00028210895602546814
W3f26b96bfa78adc60000,0.005799359664952584,0.004580704611987614,0.037053725147516633,0.03873216188061779,0.010648437760134348,0.014866686977783964,0.020665203614306155,0.03597878165299853,0.004030899618178515,0.010517787332498942,0.02441572871065612,0.013758628907478513,0.11697688629344313
W3f26b96bfa78adc60001,0.006237109909474892,0.0037284671260952554,0.04042358696971918,0.024209741493632198,0.010872338392138399,0.011612148012505341,0.011814057258347853,0.015303356593501306,0.005077954748927848,0.01219035784624537,0.0315414830682757,0.0126067388953474,0.10550584406365025
W3f26b96bfa78adc60002,0.005899880407870248,0.0036540381226912565,0.043332638543815465,0.024740380103797314,0.010857065783211104,0.011479365219015407,0.01068013683873801,0.014376708846863546,0.005288389687494525,0.012892856511235997,0.03649048987358587,0.014820411195610212,0.09969818541577453
W3f26b96bfa78adc60003,0.006518922368084678,0.004850205684209757,0.03627390785427094,0.02604420422733728,0.015770995682776606,0.012799843875574275,0.012571723166841905,0.014147319047466382,0.007996381465616986,0.012633536357390658,0.06659018186482385,0.014568169010701338,0.07569958352090346
W3f26b96bfa78adc60004,0.004215589804412662,0.0038760539127532133,0.041985727076008866,0.024555153283959873,0.012495281340035136,0.011304026722793445,0.008046960875405289,0.013764440410738323,0.005570508885699367,0.012775431353259994,0.026893584839927643,0.014168147617082585,0.0870154035192725
W3f26b96bfa78adc60005,0.004218363891990847,0.0034410034990982824,0.03786917948732143,0.02677593967511822,0.01305665586111343,0.011465212274446732,0.006994699846628204,0.018547502940789582,0.010392097587213395,0.0469255000682302,0.024193775254183276,0.008994202029456352,0.1029232191647186
W3f26b96bfa78adc60006,0.0051406254435078045,0.003811110802915417,0.04245061112332825,0.02629000896571538,0.011791261265646752,0.010986019104639153,0.008780615121849146,0.016683738385706824,0.005159310314534151,0.010559146084019106,0.0265594910847268,0.012450618484317584,0.11585070068846043
W4067912de7075f720000,0.19927519326373191,0.003937871566490996,0.10651442275964002,0.20824767997392224,0.06248478186130293,0.02905276167345934,0.01242717375655608,0.045221682731296696,0.008279149723623357,0.06599268155267395,0.009902573721879212,0.024459980925405453,0.04520788988104182
W4067912de7075f720001,0.27487139017965867,0.009401717515409806,0.040563473585747606,0.15326787059082456,0.04385786488236056,0.036945626555201096,0.015099534875535147,0.026370808626871307,0.008682036792744917,0.15079930119184473,0.021009758402005835,0.04609884540512561,0.052778815275665907
W4067912de7075f720002,0.06181780648491903,0.009011672698898094,0.045627186918971725,0.14480831539295438,0.05986065611619454,0.028871567549503152,0.01775814390039254,0.02609292946945467,0.01078607926520204,0.3483177857168266,0.018804347919678655,0.04581795004643968,0.04864187850228423
W4067912de7075f720003,0.07010371675273638,0.008826996000007262,0.043948544607708175,0.13193441203969963,0.04398183435681295,0.025425725439205564,0.019677869965663564,0.02042387213264493,0.008375996188814253,0.35716387153952495,0.015565682860349117,0.11392828058269203,0.04940572607343245
W4067912de7075f720004,0.1402649210227249,0.01061649977716108,0.042103566734313376,0.15785241494756447,0.03745827924400264,0.029492004939042842,0.02310248639147416,0.017968187329741033,0.008486392976807434,0.31677677747053246,0.018556717696915494,0.04473503859073797,0.0454275298996179
W4067912de7075f720005,0.07919167638680438,0.009852388480819558,0.045358510704052446,0.15907196906045495,0.035821962134442484,0.029820339195251348,0.04380875919413473,0.020161132615972188,0.009667230535974375,0.3476154414584462,0.01840223824441723,0.05285435531478898,0.04972148180580295
W4067912de7075f720006,0.10489425593883805,0.012491788345175617,0.04253422494272879,0.16624818237249217,0.040179331624284,0.04451088145371927,0.03469626917545872,0.01730311083317718,0.009757256795374166,0.3136702496286626,0.01766810631059112,0.037839791263339376,0.04695035791663308
W406d4c539a8af8f70000,0.0005571611418091798,0.9889978377004193,0.00018768010712494763,0.001118963844366008,0.0011125311867383476,5.789623436447985e-06,0.004288178009812988,4.46611277360587e-06,1.3713541271129066e-06,1.6568517105554433e-06,1.8555628258643145e-06,0.003336535514511981,0.000379466718397864
W406d4c539a8af8f70001,0.0007422707772207506,0.9893872508681905,0.00018762517387017034,0.0005578381300836257,0.0011124941653193805,4.324621315364113e-06,0.004832113367533388,4.919090424041492e-06,1.3915546477350855e-06,2.4297555998362976e-06,1.865555931017925e-06,0.0027807606128851634,0.0003789957545432236
W406d4c539a8af8f70002,1.5297420687666223e-06,0.9930369314557148,2.437186255350878e-06,0.0005577493236734836,0.0005569220996910689,4.332570757415882e-06,0.003776512927183969,4.6553238965967605e-06,1.3174331461425453e-06,1.931641601926588e-06,1.8586038557294948e-06,0.0020400519195929506,8.39889152590815e-06
W406d4c539a8af8f70003,1.5298240884323225e-06,0.9936088446680642,2.4160634188571293e-06,0.0005577450907019007,1.3666379718782766e-06,4.309861743544746e-06,0.004314454301211163,5.507045654061713e-06,1.3202496223058546e-06,1.8738476116620005e-06,1.8919849460361214e-06,0.0014844657960460582,8.737562579390836e-06
W406d4c539a8af8f70004,0.0012978258941892034,0.9893326433307734,0.0001876224829501398,0.0011132903436273994,0.0005569267870270009,4.373262677235246e-06,0.004886562111476037,4.68050683386661e-06,1.320385943647137e-06,1.9674859802284378e-06,1.8582470187776962e-06,0.0016696761969445006,0.0003793901834241266
W406d4c539a8af8f70005,0.0012978257952990797,0.9887734204181126,0.00019405692910482008,0.001113287554783929,0.0005569220719935686,4.389706675680907e-06,0.0054385784805794785,5.798211214387245e-06,1.318761016627804e-06,2.0210366347356383e-06,1.9330406341181515e-06,0.0016698790757262443,0.00037928823560881927
W406d4c539a8af8f70006,1.5480134061731953e-06,0.9947562777838567,2.4375656872463374e-06,0.0005577435381655733,1.379395066269275e-06,4.383428055848091e-06,0.003165389323327439,5.763856418814564e-06,1.3145378671262512e-06,2.1026930829290028e-06,1.859366560784236e-06,0.00148465909088079,8.49562620091145e-06
W43ee54d0f337756b0000,0.007258838198780043,0.011712903960503993,0.03650608133282213,0.01884142967253659,0.009556468423226161,0.014304739023601647,0.8397260979418715,0.005009818391035562,0.003703580596585432,0.0017927068187534568,0.010693179123292257,0.004015366954830598,0.011584750918575793
W43ee54d0f337756b0001,0.008370381799036857,0.014491288365997125,0.04384646252490509,0.0203277980246327,0.01236966137913719,0.010754032044706669,0.8281312762680432,0.006379490592715107,0.0031966092253741855,0.0016163977745994762,0.009782821064566762,0.004944536352667081,0.009570774721265943
W43ee54d0f337756b0002,0.007232951830931482,0.008374658486983134,0.039718864722165376,0.018403488150866235,0.007509388784236681,0.010652465865736153,0.8513271058039333,0.00501185187917434,0.0035975629877182756,0.0026793418498199046,0.009312258427280465,0.004733274049662202,0.008853308625177796
W43ee54d0f337756b0003,0.007309984773391887,0.009999681547997935,0.038380934312762384,0.01768147167444788,0.008751944498100817,0.013149756302623905,0.843554405395007,0.005098556503722901,0.00302745160516133,0.0021380906601539277,0.01227804766632952,0.003424630066382205,0.009856582136531598
W43ee54d0f337756b0004,0.008088633259440564,0.0119138291137135,0.041010798211065236,0.017877849492174202,0.008965824586702588,0.018893787769460844,0.8019782814186377,0.004640376098325072,0.008940309867817351,0.024534711084518015,0.011795591440043749,0.005550841830277507,0.012025407385024483
W43ee54d0f337756b0005,0.006405570774059353,0.00978979974246964,0.03863216263236401,0.015089587736051421,0.00909228606652138,0.010943403335703395,0.8336181063281048,0.0036303916905012653,0.008317503907313357,0.004794855244152217,0.020045188605346705,0.005573058925795238,0.008729812056222613
W43ee54d0f337756b0006,0.006307914969199086,0.010598175507174158,0.038998312957577316,0.01368373011663234,0.008588411293203492,0.009780698951831455,0.8480067452179698,0.005012796835358811,0.0037563698431299516,0.0019580857094489514,0.009986027286964341,0.0047344252896805794,0.010616816599610909
W463dcae88125d0440000,0.006953582224232129,0.6349454954568764,0.0005608542209111862,0.0005577987155262868,0.0016685357266465165,0.0002823859487661361,0.0025052116421011676,0.0023236757086461538,0.3366795894130782,0.0014905356797092414,0.006326389003675802,0.0018069974751991611,0.0011168220760355992
W463dcae88125d0440001,0.013809304037269788,0.902424207618517,0.00028213567831866196,0.00028393134193299414,0.0013907006128558257,0.0007472850119204512,0.0045041590228456765,0.0037512254281873657,0.057775395331025194,0.0036239229736977664,0.004211914520443578,0.0021772388355918554,0.0016737401348879911
W463dcae88125d0440002,0.014271284972085147,0.6090445026806974,0.0019487803678006155,0.0006960813503239581,0.0016684819423147441,0.001024737483299719,0.004732784488038283,0.002989428772226796,0.3448280121200792,0.0013956433695606302,0.009101662409195271,0.0021772388742763047,0.0011175939568186884
W463dcae88125d0440003,0.007512024931717984,0.6334699286454519,0.0005599019804120528,0.0002793472064168887,0.0011129292456196422,0.0004691819203129465,0.0029276685064908024,0.00043517978206349236,0.33851206172631315,0.0017660184850445699,0.007434996510927436,0.0012050166504986594,0.0005619472816754932
W463dcae88125d0440004,0.007513721571560095,0.9625036923711434,0.0005597468466159054,0.00028013025911331204,0.0016684826550848106,0.000284190692523479,0.0022319356812011584,0.00015633680420609977,0.013557700649534604,0.0019060473163990206,0.006259568948151618,0.0006957583648959365,0.0005619942715906972
W463dcae88125d0440005,0.007512052004418356,0.636958550899537,0.0005597527568570539,0.0003588814075855919,0.0010335617734820869,0.00028521070239397966,0.0020900279505027845,0.02620867867027295,0.31229514013387666,0.0017660593697380442,0.007445100244186976,0.0012513129047763193,0.0005620577758768775
W463dcae88125d0440006,0.007234381196673121,0.9607555772832592,4.189824359936967e-06,0.00027963507750945304,0.001668482267261247,0.0004691901875335905,0.002370978734144173,1.4783757494616544e-05,0.016833855876211782,0.002007729393659154,0.003939435994510801,0.0010661304004335346,0.0011175733355625055
W464df89a515d6d220000,0.01814883371467484,0.0022172805816579235,0.020471862373886374,0.021438826145878945,0.3420891781170159,0.022868017738248012,0.006491792976208752,0.014654283364466829,0.010328327684859475,0.3350786985534975,0.008336400641270034,0.014165666406666553,0.0357016258229091
W464df89a515d6d220001,0.03416408142221754,0.0025758506773389377,0.03171908400008098,0.02060491434543324,0.24010293034203203,0.02089362426330177,0.013664630371840519,0.011605033703844372,0.008123443645116376,0.2952134597161923,0.004585391671541071,0.010991194284079868,0.04270594891084432
W464df89a515d6d220002,0.023925043227744452,0.003583412546595839,0.028570773474500395,0.02049337793532643,0.25321863845865156,0.025561510642097288,0.009002221796256883,0.015736647763553744,0.008408654952211292,0.2889984517406581,0.010429705794501061,0.010512744339400538,0.05046982811908016
W464df89a515d6d220003,0.01096895634722279,0.0009007384416514424,0.015419684152830642,0.022065208842536876,0.2293966373385257,0.022900162124439384,0.007639407252044008,0.007952273409469995,0.006673097428506943,0.4418707197703072,0.00821989839272324,0.009855592961639806,0.03471510903332699
W464df89a515d6d220004,0.025143916846398735,0.0027425239842607196,0.036309665489167454,0.02138511421290989,0.1482181526536704,0.026206664418019623,0.02094303269126363,0.012475333837356056,0.005809052509438913,0.3438678464102072,0.01345752640387507,0.009265539471581482,0.049873459609543265
W464df89a515d6d220005,0.04023064638331844,0.0019083731017321668,0.0278325592135254,0.02144591589003182,0.10523123385730815,0.02040590548062474,0.008322268199410373,0.011039359399499404,0.005796045817780652,0.4080973080108339,0.007272964582410704,0.008700952366647785,0.046525552311951275
W464df89a515d6d220006,0.0199408867022445,0.0014438675114114344,0.007378179734313445,0.013930011885380537,0.037138029802960874,0.01649515391400541,0.005246522797763788,0.009678031227355105,0.007154438663230196,0.6983086578444405,0.005988389582712139,0.007589874333989489,0.03789591321018506
W46caf6625c92e8490000,0.1915730107141741,0.00038192140849277814,0.009565448001181897,0.043000417762859185,0.007054923674658159,0.012576955656587273,0.0058193236547928965,0.05118994047631786,0.3919813724089388,0.019439740630114832,0.23979157427482545,0.0018088771036675517,0.014449461460020992
W46caf6625c92e8490001,0.07416017570981434,0.0006022695648136863,0.0076960287289903175,0.01655746967404662,0.004830986407293998,0.010081489875698893,0.003386953456786786,0.039785871926290406,0.43027341341572006,0.015848432203345093,0.3742067281232504,0.002147421066671923,0.01316975372522416
W46caf6625c92e8490002,0.20704429955220707,0.000614336716616031,0.009637680869783461,0.07482712528369824,0.007850906694731903,0.01243038038940611,0.0036474611813728836,0.032922473887300435,0.4173009039534766,0.01850036428603281,0.18386073357967814,0.001017417333844918,0.01850202652441026
W46caf6625c92e8490003,0.21896550285573793,0.003034735541905533,0.015201141203080028,0.2343940071671743,0.011151023622289912,0.028595577470933862,0.005522705751805277,0.027301773247943282,0.09422981967415306,0.023042320283292204,0.28688135691254457,0.0018762944453079573,0.02538162398801214
W46caf6625c92e8490004,0.21750721066738185,0.0028004212252321797,0.018619416655203645,0.10927895888021803,0.01042727050448392,0.017166719612231197,0.006340747303378985,0.054318087782444534,0.18895411249067898,0.025669081645871852,0.2803165351762366,0.015188474022792458,0.023908700178508647
W46caf6625c92e8490005,0.2346848456822214,0.00188410806907834,0.017566205555349754,0.1097752509482076,0.009035849481239434,0.01670803587153341,0.006105612750264716,0.04754246685496568,0.17607407589011848,0.022108636461586454,0.279997450623239,0.011365912364122011,0.024382796968631323
W46caf6625c92e8490006,0.20959942348466443,0.0008011233031769245,0.009124378173658217,0.04202533784767285,0.006847346995753318,0.01296243871061375,0.0032456619028218823,0.04124107428191891,0.44086153728665883,0.01662307976852923,0.18674476476345506,0.0018568240995092166,0.01705102003866135
W474deeee09a43e6b0000,0.0019191971713763665,0.0005793218306027381,0.30220920814103425,0.0074732723814150415,0.015890848010155487,0.18736561922113412,0.009688234868860238,0.000765677101234785,0.0004432205976969451,0.0030719998200000754,0.00013701683760515855,0.4613750634876419,0.0067616073305263235
W474deeee09a43e6b0001,0.009997536159396627,0.00019688546183055996,0.10380899297610077,0.0051598499619495905,0.006348208954095384,0.35649743914233645,0.004741118545788626,0.004368530364659498,0.00018150496024863536,0.0047740596383588525,0.00012995662820684427,0.48811243848389224,0.009594712772306791
W474deeee09a43e6b0002,0.007433437288940318,2.577173461186078e-05,0.2856833706009169,0.002569758268246538,0.0048468803686787755,0.1746640617861843,0.0032674222559614927,0.003634727228917695,2.0076965762836333e-05,0.005029009053780456,1.6622045707484768e-05,0.5005706400222308,0.00664976070306028
W474deeee09a43e6b0003,0.0004341866535860615,5.270334087529084e-05,0.34822743765422304,0.0030012143067166624,0.007505665351397197,0.17383049044676382,0.0028400820818217072,8.121613142044033e-05,4.117795063939595e-05,0.00198326793505288,3.332391168789264e-05,0.45931632509548176,0.0026065910615306943
W474deeee09a43e6b0004,0.007111419530483612,0.0004237282956322089,0.35368893597578166,0.0054836854320451135,0.011007473681513037,0.15285573824942544,0.006393204661149758,0.0036941516448154798,0.0003194671693485684,0.004203840839299389,3.395370138162077e-05,0.44225359220275656,0.00595545040254337
W474deeee09a43e6b0005,0.01086539601954845,0.00030355508028812847,0.3412296521533846,0.0030758537738443587,0.00506629887163612,0.14730387608910847,0.004611517982207993,0.004754033486247109,0.0003000284267733539,0.006417680745708175,1.643504249787132e-05,0.4614973482460602,0.008417965779336189
W474deeee09a43e6b0006,0.010584433864523011,2.4370189690599744e-05,0.30091949124624445,0.004777461480494581,0.016842680448813596,0.15127685336353472,0.0042256517075956795,0.0047417461482158274,1.8960984137592055e-05,0.0060541070490902245,1.5448890940248015e-05,0.4864866758646953,0.008172227986650892
W47cbd528d616aeff0000,0.0003103949045186764,6.761530043096832e-05,0.021539182095494745,0.01066672725478183,0.02044084460082762,0.012937368658872865,0.006548497876051294,0.04167809969360339,0.04186378466741523,0.389002908087518,0.34839458766507625,0.013076344612586449,0.008346570467703965
W47cbd528d616aeff0001,0.001839397919282151,0.00012239476808398629,0.08938823602165002,0.040591910901390325,0.027966075787273927,0.011978543157425236,0.009937071982336985,0.043843012957007196,0.04828526591035197,0.3895471522105212,0.1893749689339286,0.029130624738456828,0.009416295096255526
W47cbd528d616aeff0002,0.002468902828311763,8.800297433349689e-05,0.08521444809748782,0.03876303682288933,0.024110724779013774,0.014990312694853486,0.009734828572978214,0.04225692451022903,0.04566982966155035,0.3877144195226908,0.18043868503081842,0.023075198988062005,0.009633752599351852
W47cbd528d616aeff0003,0.0017485397717022391,5.9446441681811107e-05,0.06318167286894359,0.058436910662360696,0.019262503345745058,0.02634108508013219,0.006315817080110707,0.04270130855500955,0.044013077259485334,0.39397463460590854,0.24231279318923268,0.016157042904064767,0.008462239336785
W47cbd528d616aeff0004,0.0018823450026843173,9.229545553683992e-05,0.043016655174544546,0.06522290309418373,0.017888535938781633,0.014946931593798089,0.007849490197196152,0.04314431129054461,0.04286704918133472,0.39779597699122593,0.2530634017232759,0.012242079548133614,0.007980707534605613
W47cbd528d616aeff0005,0.0014350779881037046,3.982942034822876e-05,0.019581404729514966,0.01795908168189401,0.015866256630273946,0.011264721602886864,0.005619657942262426,0.04099438873636361,0.0482753050205303,0.3959172641381584,0.3359842665921323,0.008660214606618154,0.008189358543008306
W47cbd528d616aeff0006,0.0021840409027193493,5.213567662259522e-05,0.04128211941500343,0.027262687822035957,0.015972809925990455,0.020875711851496632,0.004146309746975284,0.04057304514325006,0.0498844832646001,0.39738000454215144,0.2656489016778503,0.01144974160615527,0.008159009217966738
W47e0abad7c6045cc0000,0.004481982851123804,0.0011562334194809944,0.38884451776010087,0.042785433688582,0.029712897196578287,0.16306153757393793,0.01798044659581848,0.0022784218654245034,0.0022028975715016603,0.004948783568277066,0.003592015512910106,0.32529792747790054,0.005924392638903872
W47e0abad7c6045cc0001,0.019973528565073076,0.0011551125746312298,0.22306783804295596,0.050136113990648754,0.024428200592694217,0.309716091131094,0.012526187528484969,0.0029931697970120193,0.001509239432627937,0.007861201489754593,0.004054216862787978,0.32615786044572675,0.005831495855616418
W47e0abad7c6045cc0002,0.007534201491212573,0.0011489850266091397,0.18322952045750623,0.04462078647934212,0.034285934185743897,0.37626234141890946,0.010374917575672056,0.0020131899120901828,0.0015055211150343524,0.004961559947314948,0.002994838052935762,0.31508198927279607,0.00345572530047825
W47e0abad7c6045cc0003,0.007672879532199638,0.0011527390613229555,0.38310775285619747,0.039055119509493925,0.032468586744248205,0.19735518261282267,0.03619499854145527,0.0014643040938028316,0.0020619654369016137,0.004327453447038324,0.003775267944636906,0.27873527055076497,0.0025492800416624293
W47e0abad7c6045cc0004,0.009657047682070976,0.0011681031418163824,0.38103066435491634,0.03760341704293899,0.029523578625732717,0.28552459805683955,0.022010096854742606,0.0030151428367869203,0.0018534995421954012,0.008484970605451113,0.0025982435568680986,0.19808608559276883,0.004955403574439447
W47e0abad7c6045cc0005,0.006973954669501274,0.0011460620865369367,0.3831102874500094,0.046074623361195645,0.037193068617920426,0.19490093209386494,0.011173537851478246,0.002733043351194635,0.0015023721480884478,0.004838788498052345,0.003688033509237772,0.28825843534105894,0.006245997493450329
W47e0abad7c6045cc0006,0.007253277197615407,3.856196895193177e-05,0.3840076501166327,0.04646956123684306,0.026725817278514828,0.18848748153244668,0.020111451297258935,0.0025134866356368722,0.0015057201388604528,0.009491072264943497,0.0021085591820358585,0.29497247051188913,0.004431119413495083
W48a6edf5a92845740000,0.006210389090042227,0.3827670042595132,0.014678693529333306,0.01826616123017521,0.18496443486542027,0.11665796992104438,0.007897038196875825,0.01228942490215719,0.0024654011758230613,0.03808968158008343,0.04341936526536174,0.011344293259937618,0.018523039666700193
W48a6edf5a92845740001,0.009898345989374797,0.006520834016624671,0.027062259093222112,0.027058555633042453,0.21834008401476077,0.027739327415867866,0.004591537543377981,0.04790040596005427,0.0021197763874888473,0.22944681635923025,0.10655030913695795,0.002337915517530266,0.033431337217576254
W48a6edf5a92845740002,0.004638565883339159,0.38137550550752486,0.016217204849285807,0.015637000362610565,0.20777681030020406,0.021213116291780066,0.00810442413447503,0.016593694692263627,0.001138932025724279,0.07140510916675927,0.037249875873434105,0.010337960611687106,0.016993890642480917
W48a6edf5a92845740003,0.0052231315957296486,0.002194322343447119,0.02554277420316964,0.021415991237473574,0.2616075415852599,0.018034749163285926,0.0047493371824643095,0.05613946085187366,0.0025370223539587576,0.17869278970846147,0.09456010267538374,0.0019240910225671029,0.022345454027089286
W48a6edf5a92845740004,0.006585857727432357,0.37943622660042836,0.015657989181599823,0.015046299777716212,0.1871398316898251,0.02079864408689294,0.008401254245577737,0.022465428601179244,0.0016964772719246406,0.05781634161479426,0.07099934222195746,0.011165989055510141,0.015693993870828465
W48a6edf5a92845740005,0.012710338781285725,0.005593850023613209,0.02177786258637711,0.022633149998163824,0.1950275239703114,0.018383630969849796,0.006044656597382986,0.05536452450476776,0.001459710858540464,0.14916847608801034,0.2363668018133469,0.003050195038374525,0.03209510018041445
W48a6edf5a92845740006,0.00465398685791751,0.38306482766600164,0.021874540638226303,0.015257049404794108,0.1961370556016648,0.02867077175217697,0.007389353375480377,0.015740943022393896,0.0022162506594245435,0.07175508465042062,0.04600493560972441,0.010684353083683568,0.014785990770861894
W4a58e097b02affee0000,0.003514522612478885,0.01206984611916609,0.39033043575209503,0.023458492812519664,0.04737395057179401,0.025083207696758744,0.011196169582002667,0.026505888892313256,0.014202571510324698,0.32010096435150326,0.0070821638544341856,0.0014269238464573446,0.03640340482236663
W4a58e097b02affee0001,0.0044406079825935725,0.010720390755495083,0.39264420753871454,0.021682051429721877,0.04487885931857789,0.019677968641992935,0.013553754341514155,0.01131950111197132,0.013169853559277954,0.33463301952512226,0.008551068080226955,0.0017681887449541966,0.03381301053141329
W4a58e097b02affee0002,0.005402754536203931,0.0016233575599284222,0.37247943209804385,0.019260536012701304,0.052310508004080776,0.022446969093701738,0.014570963543299967,0.025136140017266374,0.011497240414396627,0.3333338988479019,0.008236085333479446,0.0025001911444447497,0.027431424305868812
W4a58e097b02affee0003,0.0053916088150704,0.0016108162004797,0.40952608538049645,0.018358802775288292,0.05618781544399551,0.025705378906912144,0.012613197679405054,0.018057079991351945,0.012230347987526395,0.3014800685150092,0.007256477168403858,0.0030414010379315663,0.027758215046668932
W4a58e097b02affee0004,0.0045513487774003014,0.011421355821144386,0.3922357387817571,0.020477291807176945,0.046480314763014334,0.02368351054480852,0.011692051614377436,0.012281168111337799,0.011948751447692684,0.32490213776814514,0.008630709181877727,0.0016560400680868611,0.03286301224318089
W4a58e097b02affee0005,0.004024378688691442,0.010897669028062844,0.3688795293817999,0.022119309862879032,0.04452954407725737,0.02555511206686908,0.012580421058845805,0.011739062612488005,0.012338952726111602,0.3565717193902603,0.008590931413018877,0.0016833310653370382,0.03360532796007498
W4a58e097b02affee0006,0.005410445435964247,0.0010790645179953777,0.3661815744534008,0.022530887399620548,0.05035194855701469,0.025249010656927796,0.013798144833885067,0.013261470864057944,0.011966370548339655,0.3557654596976374,0.008308278424393708,0.0022349413751060745,0.02839555700823285
W4c18d806976b77260000,0.005008893645850337,0.004162483601795562,0.07496771945325371,0.04631650697809339,0.016067273476168355,0.036884782242033065,0.030879721597445967,0.008360231557797308,0.006315751179453642,0.00652862291694905,0.018109860367694085,0.0022593032945750287,0.07775081491009797
W4c18d806976b77260001,0.004449378584874486,0.003919099766562817,0.1259346829709964,0.04102193633747469,0.016254973938752724,0.22927269449429866,0.07055886457871681,0.01634034552518083,0.006002871503360529,0.004916946162623665,0.03231943906354476,0.003008847987966101,0.06545691533410176
W4c18d806976b77260002,0.00517404131695876,0.00491186876294084,0.0913065506981315,0.041652158398061946,0.017485458610302644,0.1781129968970366,0.2077383508052916,0.00773703496686997,0.008372403070576196,0.008276209716999607,0.030359621938005604,0.0033740398042456502,0.043572389152583234
W4c18d806976b77260003,0.006718189989179891,0.0056358655815695186,0.09540784625484994,0.041110429186995756,0.032782137242266834,0.10785229203028902,0.057214909642473014,0.00904351903529287,0.009748874468672137,0.007839670666468523,0.0206306316121084,0.005490249018018535,0.04089255429897434
W4c18d806976b77260004,0.005511473068740695,0.003738408953437745,0.13037704326230537,0.07027916048138087,0.04143595525089029,0.07765627254179744,0.03733025483329706,0.003234853948151642,0.007906481435167994,0.0038331376343313387,0.017824695900334617,0.003914899547849959,0.05098778294941352
W4c18d806976b77260005,0.006583485600623382,0.003897249576710935,0.0953072207906137,0.10394528367490916,0.019263569034742738,0.12197014355590549,0.04156822466148946,0.0037177385406352405,0.0059100430123621645,0.005104218697820486,0.015417661050170051,0.003548448001594131,0.04087888038865507
W4c18d806976b77260006,0.007183872405343666,0.0035258009403951345,0.16462223740488227,0.10109192892091327,0.035666866668545245,0.09790717615599827,0.028699013170665647,0.003485677280347816,0.008028362681537853,0.005432394905322876,0.014697728418693448,0.003695663703566628,0.047968990493226144
W4d47f4ab363886280000,0.009966895772809108,0.0011504230328553472,0.11534498718663326,0.39174824045834816,0.15510358267205462,0.20716405875464353,0.019809323778991,0.003136856687152806,0.003817291960751711,0.004772011190942109,0.006289758018089449,0.022128331153529752,0.029820537428493023
W4d47f4ab363886280001,0.007701117636516279,0.0027050824551921454,0.12149724361811629,0.3763642085692958,0.07578752502277791,0.3165335428565297,0.020994226033532834,0.0016319644059562815,0.0021398930060799346,0.0030998996967628225,0.006035163839756717,0.03461603678810169,0.013620773015725502
W4d47f4ab363886280002,0.0065383601710403165,0.0026372840384706786,0.12911127172560946,0.31221762842958795,0.07392368290415317,0.361490900024474,0.027186757383928645,0.0018591099549461181,0.002603178636138058,0.0035147747394119844,0.007843723484638021,0.0404679394503766,0.012701682361704202
W4d47f4ab363886280003,0.007427160871141518,0.0010953486210075116,0.09269185053643182,0.18694843996919394,0.04694490500039302,0.5643765502358361,0.019682186675694924,0.00039262667535778974,0.002378363079114276,0.0029860951269499794,0.004574606140876854,0.040520167781719914,0.013618831031433047
W4d47f4ab363886280004,0.0049954017544845235,0.0016345616880938058,0.0901883937388247,0.1958761078130406,0.053520325695608426,0.5552488472214647,0.019495722749513777,0.0014164074781815822,0.002096151618402927,0.0035824765316703555,0.004226632344979201,0.04239588801043805,0.012405184354744572
W4d47f4ab363886280005,0.004512539295847648,0.0017904351426511532,0.08871705558345805,0.10064215639809757,0.05199111685499617,0.6527679721264985,0.014898094094527978,0.0005071782796176247,0.002347845250217544,0.0027855387235083276,0.004067237407969207,0.04344780661096303,0.018609461618364156
W4d47f4ab363886280006,0.00804041174370457,0.0013696269465712273,0.1986977820187418,0.28330428738071745,0.049474284043181,0.36020733884723755,0.016330885488798047,0.0022423333060394538,0.0022534136385928987,0.0033516465991802642,0.006362785202360652,0.018866919137750387,0.027308269569674748
W4db21bcac263f5970000,0.026341606696059613,0.011880786847722057,0.010304074481635537,0.010078811613465142,0.018743402814147075,0.016564545131380348,0.0036515602954118845,0.6321197800686661,0.006774472881494136,0.029509566069358253,0.009472366466492207,0.006281907088287273,0.062315013237736354
W4db21bcac263f5970001,0.02865420146935962,0.011930552950865031,0.010531718989019981,0.009309284502959154,0.021900091610976512,0.01840840808965861,0.0029113678701572793,0.594181110345618,0.005786456671662654,0.030349515544474567,0.009536389312294289,0.0058118232451714845,0.09404772238006665
W4db21bcac263f5970002,0.030489631026557346,0.0009709881660621232,0.009664614139721604,0.01264381657179417,0.026180664887804555,0.019377789814336552,0.004622811989828211,0.5807350877275731,0.006207341299704743,0.02787176579194596,0.009460031310244225,0.005947872138819536,0.09919277071001648
W4db21bcac263f5970003,0.02912022636618271,0.0009464870330459259,0.010191457368721646,0.01174529502420124,0.022416191808036806,0.019067715204624493,0.0038633562425236813,0.6387641309882524,0.0050697889805365465,0.024900678077292047,0.009995386259558958,0.006447153752725581,0.09447536501270565
W4db21bcac263f5970004,0.026831514675882077,0.0008038339696771457,0.008124547589024516,0.011576409072704644,0.020864359487682543,0.016777603743461517,0.003836623242085109,0.6263850337871412,0.005248479098511866,0.02143233569791611,0.00988850724674007,0.0050062983235447086,0.08284536244104994
W4db21bcac263f5970005,0.025100236835803386,0.0008500130402511376,0.007495144539686885,0.01124327903737287,0.01884647000255473,0.016578059929682507,0.0038895721042431514,0.6459347275775498,0.0049304606811361425,0.020416873689353743,0.009646353795528972,0.005107877566414342,0.08607051917513177
W4db21bcac263f5970006,0.028157487749550864,0.0009772483113990934,0.009674978582021144,0.010886915974177574,0.019436686948420857,0.017988766364814907,0.002775484713729627,0.668894699261671,0.005840003209504828,0.021204101756906013,0.010032984886410218,0.005401223489040023,0.08555423600451582
W50234e213d2d407e0000,0.05563956753471491,0.1412253264704805,0.01638839013136463,0.008276717897833834,0.02469068071981916,0.3471743282769813,0.34458818329552227,0.0027034279712256784,0.001060372929986746,0.005618879039337318,0.013918737964690845,0.01602755994659283,0.008870755889304534
W50234e213d2d407e0001,0.05632550554826384,0.12974529420881042,0.014856786618673875,0.0077447719095001515,0.00946923683428628,0.07129198124738029,0.6460960133823779,0.0027482215280859095,0.0010200797542156464,0.005690903828106778,0.014253208348562755,0.015883515375434355,0.009615909383794913
W50234e213d2d407e0002,0.06487517262331614,0.15332028189040156,0.017186999444196844,0.010744491840565562,0.010495799563452278,0.21770896101045267,0.4651032967367133,0.00398860101611756,0.0024758530519769693,0.0071766698180291905,0.018113287388404835,0.005569151203742123,0.009509934532023196
W50234e213d2d407e0003,0.06581303847626606,0.13054188859521124,0.01754290987504228,0.009782790499308113,0.0157321023871752,0.13030683363193685,0.5364494097562289,0.004802089236200226,0.004096440761783809,0.00921410945660054,0.032492788467908755,0.015864106201083458,0.01157371693565751
W50234e213d2d407e0004,0.056793964772508,0.11906848865605665,0.012619978840429969,0.006319813955546346,0.01158526637569644,0.09911040825540489,0.6290056290275514,0.0025622612255174395,0.001915894632760317,0.009720405401629457,0.016435350339136887,0.015324583458546882,0.010114486581951614
W50234e213d2d407e0005,0.055656146783449365,0.12233316755902998,0.01458828053657218,0.006194279199915838,0.009332675723608843,0.09276030009127906,0.6357826140696231,0.0026648333521469367,0.0014390661697621094,0.008710525134440344,0.014175111041121857,0.014521079935988031,0.009612335958208915
W50234e213d2d407e0006,0.05493605129326357,0.1255554980863341,0.016121957946219224,0.007980045707036773,0.011595249276882212,0.1409287212207494,0.5800129411888789,0.002463647413170021,0.0015867053426883585,0.005060502682919,0.01643836358502115,0.015525480736771171,0.009482391200964951
W524e3e385f318ae50000,0.028624885809394474,2.6234335519691847e-05,0.03968576566722863,0.017258857660571194,0.004502144370008444,0.013165249184388935,0.0014458740573133455,0.03167510544306755,0.11963621419330388,0.42568546167696814,0.06576955517959547,0.0008524184599830509,0.008694338927947602
W524e3e385f318ae50001,0.005313483379833761,1.2962485680442951e-05,0.02877328344456477,0.014964840810436478,0.003510471372063337,0.010198095275225433,0.0009336598674164702,0.03431860101172314,0.07849188638671255,0.4357853952891127,0.06480772069915344,0.000563285409860544,0.006142340168359226
W524e3e385f318ae50002,0.004899849142533153,1.201068931521659e-05,0.014765604064604388,0.0151467080104127,0.0036151633534794903,0.00971086186837555,0.0009495343473725256,0.03230896575705695,0.06915315407177795,0.4232403837431214,0.06566337698020744,0.0005632080678550174,0.007252634984686661
W524e3e385f318ae50003,0.005194195740486695,1.431206568893886e-05,0.014082262202303708,0.012261487846560032,0.003386302620465095,0.00716146806690799,0.0005704961037964145,0.031763696076863045,0.07282217264981594,0.44310131543818027,0.06488362558235124,0.0005651734604383325,0.006699225699125206
W524e3e385f318ae50004,0.004941625621711236,1.0806994885816101e-05,0.01692222046533474,0.012925036305403663,0.00395285749355121,0.011798043621979266,0.0005867023606333791,0.03160394265385174,0.07283455912023303,0.4230677747496016,0.06100018903141863,0.0005632164335355662,0.00688159832380343
W524e3e385f318ae50005,0.0047166450393710405,1.4012735426383334e-05,0.017386388980288273,0.014730481439178579,0.0035613489049161496,0.012675577365985657,0.0009306291298108228,0.03395551063130533,0.07041884015751465,0.43403304230638184,0.0623948501961211,0.000564832049804208,0.006144730073389173
W524e3e385f318ae50006,0.005010158962520572,1.1881957869940362e-05,0.015392438018565057,0.012745791542259284,0.0034045394026587183,0.009458876709255345,0.001452330345087369,0.03384520649220368,0.06996044075771801,0.43004499683478487,0.06002199395873808,0.0005644279277989321,0.006142957030210396
W534b20232e0659880000,0.015100312607905909,0.0005916697449418759,0.03951401550861359,0.05359840609856145,0.729211096756155,0.018800549392423063,0.01307673355600525,0.011867144351297368,0.0005756199386037856,0.009850627668574046,0.0016872526750798264,0.06054647701102201,0.027546392902843525
W534b20232e0659880001,0.022731977867402536,0.0006461940044581261,0.036247072138475646,0.0501534730639863,0.7000653498708279,0.016800029140208433,0.015247418934651633,0.01264127842389756,0.0011622103918221135,0.01415235664415245,0.002553895681614687,0.07715313246980976,0.03019253807534635
W534b20232e0659880002,0.015709220325363166,0.0025423162819488095,0.0338324206419433,0.04703944249698441,0.7326883040225818,0.018622921979475654,0.018548755510808427,0.012989004857412565,0.0008579758658811869,0.013090350337191517,0.003780538334293159,0.052559281062720675,0.03080488535810497
W534b20232e0659880003,0.013331462475429379,0.0014653148804208546,0.03634349334219526,0.04569057370982759,0.7377507631200252,0.01683541345651213,0.018887479157543092,0.01368752219814696,0.000970611478274816,0.014006752116156202,0.003693236956977973,0.05449311106220676,0.023709676898482242
W534b20232e0659880004,0.021918058426115036,0.001476455131661505,0.03389570378450563,0.0450188931012567,0.7348435172877193,0.020154548257083394,0.0137561330625383,0.012390081967916343,0.0006088939344500115,0.013599144823382413,0.002566147826513649,0.047166267696000075,0.0331281541591002
W534b20232e0659880005,0.02095009191291683,0.014900183400130697,0.03262117057378183,0.03699182252041753,0.7239489061363473,0.021377263722518674,0.013994044958276226,0.01203250791102226,8.110512464943718e-05,0.019326230345860337,0.002758374568008893,0.049303414588236956,0.033746940348181785
W534b20232e0659880006,0.012777015944859277,0.001487740656495492,0.03761231736681086,0.049689455024203515,0.7254561852776877,0.01986444322692765,0.016004133823267944,0.013894087080703907,0.0015388482349405666,0.013182534823769694,0.0029050382799753094,0.06081812750486862,0.025246104128571544
W54ad0480a569cb320000,0.017294608951695437,0.8440429922009659,0.0019915561414330786,0.0013700600444816026,0.003711658297568934,0.0019938184149270923,0.00994901485470934,0.015911769448965992,0.07099029449076909,0.005951000716107937,0.01984532425444547,0.0013902842808771404,0.003096896469584572
W54ad0480a569cb320001,0.01742531360519591,0.8194034095927192,0.0011227648697405377,0.0009950365599745888,0.002739047284017981,0.0014385471054378168,0.009024950189535393,0.008767309650788507,0.11652633071150344,0.00293394904812985,0.013315278976986318,0.0013902920423256842,0.003152508620855687
W54ad0480a569cb320002,0.017516589563064056,0.7927077287106923,0.0023260665564161427,0.0008876533244852112,0.004175387618114088,0.0015311425348810534,0.010643306559826754,0.01031261068482882,0.13112746484836324,0.0036324980113094265,0.016841409491782755,0.0013902919312264927,0.003430096500605159
W54ad0480a569cb320003,0.017966301901022625,0.5728115308152618,0.003251994453518745,0.001807981575156942,0.0034791546233991044,0.001438456605834156,0.011116598686005235,0.007449829178185434,0.34905060454029013,0.00277939586393901,0.020920537526218586,0.0013902793826170582,0.0021339680172493087
W54ad0480a569cb320004,0.017410973293032945,0.5751874139220283,0.0036227029744135,0.001254302718916862,0.0043125145524243545,0.0006050432212182016,0.012135537434483113,0.008832640982683847,0.34497325718293254,0.0033351011017522013,0.0204585673085343,0.0013902810806466766,0.0013004503790472939
W54ad0480a569cb320005,0.017155052540175547,0.8924836545344192,0.003391924359522171,0.0008979218381259546,0.0030653271650198503,0.0004661722895812558,0.00798388458149109,0.002762139175042409,0.035927705360240494,0.002515805300450604,0.029085944236921117,0.001297714313195598,0.001115567408220615
W54ad0480a569cb320006,0.018663509327602072,0.8743924309661872,0.004548841668497133,0.0004787924762200774,0.004551371881607548,0.0020866964997081944,0.010282185286492553,0.004267003410669918,0.04746035639141092,0.0022393175498629588,0.02482284333078779,0.0013903031938053436,0.001856330748489133
W54bebce4609783090000,0.0022254657242043565,0.9686249929920693,5.4624884466523725e-06,0.0005637704124563177,2.38342995945599e-06,0.00027954624365702314,0.0016716252844229261,0.0001454515771060054,0.013674023474899337,0.0017230136389046796,0.0037148234000870506,0.0008810774246372763,0.000558361476705294
W54bebce4609783090001,0.0025026137844695053,0.9675939954768008,0.0005597917318645376,0.0005583375640868099,2.8916489830881616e-06,0.0002807466968431372,0.0022271850281577544,0.00015104869465309252,0.01021246662371204,0.002560672441674916,0.005935407905365715,0.0010662208588886422,0.0005580488851746955
W54bebce4609783090002,0.002502525590378296,0.9607893089856296,0.0004211298439000442,0.0008355574330528837,0.000280486520910415,0.00041951635252411926,0.004588431042165428,0.0001473052263171552,0.013832893843630394,0.0028350186007325717,0.006210456060938509,0.0008810438946376851,0.0005580464904530882
W54bebce4609783090003,0.006391542077620981,0.8929453300937668,0.0009759465893368813,2.052455369005517e-06,0.0005585836911909431,0.0009747372155048508,0.005421643145996169,0.03296539515290326,0.041309137109222065,0.0007885874770209649,0.008862687202134102,0.001992152560405973,0.0005579880040024908
W54bebce4609783090004,0.0052805394476810085,0.9487990702618864,0.0015316017504754381,0.0008354391702883198,0.0005585848293669246,0.0009740625473202307,0.005006585865096918,0.0008520377730061845,0.020315270091955658,0.0006495160947954139,0.004772505499817348,0.001945829913308355,0.0005580007735928909
W54bebce4609783090005,0.0011127334277990747,0.6545768650929724,3.827265274777748e-06,2.8481852700041143e-06,3.0026929145775214e-06,1.6372699648746427e-06,0.0013968649417054248,0.0010148478260718224,0.3292713365928328,0.0002807974581368422,0.003299814242280122,0.0007421071327915165,2.4279784706680404e-06
W54bebce4609783090006,0.003613838801380446,0.9552858072597855,0.0011148093323210605,2.023926972144557e-06,0.0005585843709219497,0.0002794219620847732,0.0027826224260324773,0.00030403247478392906,0.020201213022127563,0.0007937696825292624,0.0056121340242122125,0.000834657001429214,0.0005579888613086824
W54ee2ed2c75bc2f50000,0.014103697346219336,0.526218703854176,0.017757874475462537,0.02945704234748795,0.00807811414467331,0.04596546023092698,0.03681653467200016,0.004739707079277331,0.0008359499958236439,0.007197462407840644,0.010879325769783276,0.27376829536371744,0.012953992365776284
W54ee2ed2c75bc2f50001,0.014169344361150707,0.5759478073604136,0.020509463675271785,0.022827449392229904,0.00870753667153884,0.22750595062749673,0.04056726072325155,0.006611960111904826,0.0007434753147587374,0.006511974921386204,0.011330370180439012,0.0354630518083628,0.013583769032370048
W54ee2ed2c75bc2f50002,0.01430076274226416,0.6310038274624276,0.018384427503684436,0.02173000625602797,0.008799424109985106,0.16292260208095574,0.03130064671412022,0.004546820155473319,0.0005586891706364978,0.006289695348391418,0.01141768754944729,0.05917505198926327,0.012566860071537603
W54ee2ed2c75bc2f50003,0.013606231073853827,0.6558185247992186,0.018790605136446144,0.019678628560099238,0.011507016463895714,0.09791625172830065,0.03608197217079245,0.006754779486716069,0.0007445771379015145,0.0064387772735494285,0.010290012388216134,0.09148804510220726,0.01377267218110561
W54ee2ed2c75bc2f50004,0.013245613673539255,0.6610038339991099,0.015514278314649174,0.019737308957091085,0.011385768564185742,0.15197045940153722,0.030287813209564335,0.0045148768685863245,3.95617773958771e-06,0.005205005562712677,0.009364435108202196,0.043853461466391054,0.013977614787323794
W54ee2ed2c75bc2f50005,0.014797375755649553,0.5740522071685427,0.01706766816364382,0.018651295307658352,0.012833999107239626,0.2539399093256167,0.03609672124967678,0.005959969978909123,0.0005585726057587741,0.005541690550713346,0.011332549975669607,0.014505364477456128,0.013607411721662995
W54ee2ed2c75bc2f50006,0.014193444855193044,0.5180227852985584,0.0177999435871983,0.01980994569863139,0.011223139128451898,0.3229738088299714,0.03704765784132326,0.006498167172355235,0.0008810746007972724,0.006764884900792203,0.01129266762873433,0.004945312186137003,0.01170238091966148
W55036d5bf29e8bf00000,0.004753363165738893,0.002267927538410327,0.005337457212466597,0.0036575831563271993,0.0026101217348446903,0.0025778693441077588,0.0028756751324398866,0.021129296675081302,0.039830165959002885,0.33113872564881885,0.07513899849045388,0.003883365087508682,0.008059452071042377
W55036d5bf29e8bf00001,0.0041606294256637845,0.0022500573246290565,0.005781361951058212,0.004121282318976009,0.0024937614049136228,0.002727540524702324,0.001360190283128403,0.01999061917138816,0.03855687212354387,0.3409657540114107,0.07479204520080285,0.003531131859828027,0.007616174720275004
W55036d5bf29e8bf00002,0.00402894540177671,0.0024621207735980467,0.0048847327926792574,0.0048773901843864025,0.001927440042498574,0.0025545104750021377,0.0017952550103443696,0.02122262444982981,0.03659553120548337,0.3843768709149302,0.06591966846359115,0.003427509419565092,0.006714853704036424
W55036d5bf29e8bf00003,0.003789213906063762,0.002155331134798024,0.00523206532809084,0.00434388868432503,0.0013403546610033217,0.0020541166818996157,0.0017450545611939468,0.019606677849813268,0.036312968876903585,0.416744634309236,0.06302699383067124,0.003389891046749497,0.005937676779367781
W55036d5bf29e8bf00004,0.0033110860096229036,0.002453498129074984,0.005246486275977799,0.005491475023847453,0.0015861579724914246,0.002356871648214048,0.0017819452753880176,0.01914935824892741,0.03799048033491512,0.4071839955089265,0.06685551251506287,0.003425617847335673,0.006519066115277747
W55036d5bf29e8bf00005,0.0019824466619978187,0.002455330827778225,0.005807825541674246,0.005198165886306116,0.0013633947832268059,0.0023712293493106753,0.0017862679999381354,0.01847151027790483,0.03862790865144141,0.4144153946808881,0.06462590197544188,0.0034305263454331427,0.0067930926295602075
W55036d5bf29e8bf00006,0.00346870927420668,0.0021808502147651924,0.00581866003392204,0.003949590187109455,0.0013664158783693126,0.002361855336451874,0.0017991718776858403,0.019190096013271905,0.03877089936368571,0.4140841635502584,0.0648495952724216,0.0034356485404405494,0.006518812321163809
W55377da729846c8b0000,0.015836272916963278,0.0017747557643728303,0.003130404516104735,0.004599928761780105,0.007639024070485874,0.01032676000116798,0.0006188992047553958,0.02403823831530369,0.14459164228871102,0.4077174527029023,0.05721908232116114,0.0006920806548627794,0.003979108245893159
W55377da729846c8b0001,0.013722648696435413,0.0017369963084406456,0.0029755687593465644,0.004709360451700679,0.007109692424824898,0.009697109382068704,2.9125847512542015e-05,0.026549632866873066,0.11114569177154933,0.6962293570716968,0.05636003988714897,0.00044965854589244233,0.00321723957963467
W55377da729846c8b0002,0.013808757518057003,0.0017301271093371042,0.0028404925220428534,0.004243175605554499,0.0070801502070963656,0.011113216602402607,0.0005798042889176952,0.022317814087819382,0.10640484162142778,0.4762891149167962,0.05855088362915811,0.0004686735758989424,0.0032050243841992188
W55377da729846c8b0003,0.013194934882643483,0.0017264964990664439,0.0019036071866563224,0.0043835864067703605,0.006246684525947044,0.01085510641943709,3.693548486649349e-05,0.02154965112142872,0.10899587083410585,0.7216236669562962,0.054913649437629636,0.0004418226165687408,0.0037553349558379374
W55377da729846c8b0004,0.013341387219834704,0.0017299436309427014,0.0021031274569097936,0.004193657166825037,0.007114713462040653,0.010581405268582108,0.0005959076951139792,0.045237197057928634,0.10861427890653003,0.7046454116698279,0.05759769943763122,0.0004434816037252782,0.003764557922485654
W55377da729846c8b0005,0.013232494122901879,0.0017893530973109276,0.0019468942105340373,0.008524093223901612,0.006649752481625178,0.010626094083335008,7.05318592349305e-05,0.028829601047942136,0.1550031643724151,0.6502883174459704,0.04706016512082052,0.0010456111668940866,0.0033134572115170557
W55377da729846c8b0006,0.012813918191961858,0.014687691230131632,0.0024239488123735603,0.0073814469113347,0.005779190703926071,0.01059637405926621,0.0005770826972943057,0.021544067813736457,0.09908414161089962,0.6991679169844361,0.05178203089129755,0.00043978815470499175,0.00877490681427523
W5626f48fb9a65fd30000,0.0005098488958764846,0.0007171883158431652,0.005959482545121467,0.016338213159673248,0.004577582901707166,0.002859288562370174,0.0007296316198777613,0.008325451078209707,0.02141632987414369,0.6026684572018948,0.04619658663234951,0.0027388934310963267,0.006295330028112076
W5626f48fb9a65fd30001,0.0009447233384828023,0.00048038948945036474,0.01042596893666998,0.03197500186073149,0.0072312779433742706,0.0031325866540502303,0.002435919623276078,0.00943272718290069,0.027817725107466516,0.6157100725449164,0.02259256029128459,0.0043143204929606575,0.005622778190659803
W5626f48fb9a65fd30002,0.0012675443418811731,0.0005783724481204178,0.018377353323184152,0.03371797534018201,0.0068413374968018135,0.001997723865755086,0.0025966374457006085,0.00789960369513393,0.0177240319898624,0.5260288971024286,0.014879461681602342,0.0029553016835152704,0.0058853459869116324
W5626f48fb9a65fd30003,0.003345228303566636,0.00039493450958791825,0.016898375507332763,0.022307598881062995,0.006232766534119136,0.002014019191829533,0.0024869345450029704,0.007904481418765721,0.015410669428650029,0.5356695953476437,0.019443263005037032,0.003759181648488242,0.007258170100370879
W5626f48fb9a65fd30004,0.0017075937173242673,0.00029680569223720243,0.01430049109605958,0.023751643397037267,0.005450975435639746,0.0024633188951670945,0.003051324369732676,0.007294581739435472,0.017435809242394115,0.5083207127379127,0.016096054991754958,0.004305967905284616,0.006156962580950818
W5626f48fb9a65fd30005,0.0013244381943471478,0.0003867029441829837,0.011116336049695164,0.02006154405844722,0.007049032852235673,0.0019635078932574677,0.0025486220435215626,0.006126903362706068,0.02351297535078716,0.5213691554748553,0.06523277461677196,0.0036540482701152193,0.005668479243600874
W5626f48fb9a65fd30006,0.0015459192459051478,0.0003023576699353516,0.010323849010575918,0.02076824107517381,0.007266129251157133,0.002499639714943107,0.0018948177661616168,0.006871895624938184,0.016831468295358278,0.5443163429334188,0.022795853186645086,0.004024854647628917,0.006263020835664889
W56ea264a95a55a780000,0.010349345947485288,0.0007444051872242895,0.30801020873683993,0.046466651397421094,0.10396380631266429,0.05868196026435687,0.007152563549338613,0.3531299904204961,0.004169813982850805,0.003911884657890187,0.007777157463024712,0.010333192430172392,0.05001800887826576
W56ea264a95a55a780001,0.011856295746972575,0.0005983878654154687,0.371872352947717,0.0700230404066353,0.06524325453327343,0.10998626447335148,0.006662861845629568,0.27236632762336005,0.003962027420047382,0.00614677018106289,0.010690689504142209,0.008268183100419383,0.024827084044391514
W56ea264a95a55a780002,0.009399851330095296,0.0004532352103647756,0.31714284007806576,0.04507844823803217,0.1357353611391256,0.029816357583168186,0.003623880792129171,0.368146360813176,0.004274661164957489,0.005715614051902301,0.00960360922745678,0.00945748618717312,0.02606343715565486
W56ea264a95a55a780003,0.009878805647589075,0.0006839232586075317,0.1919637428095878,0.05428899441340643,0.24578826960797132,0.031041842932454957,0.0035303031519115548,0.38019831742496923,0.004256658268737444,0.0048708878758823545,0.00973038428029808,0.009064656526562662,0.01858792826031882
W56ea264a95a55a780004,0.010392528666095194,0.0009322469849292994,0.16286409837720642,0.07690746846464688,0.22908290497648565,0.029408792311189664,0.004164126264590456,0.3957568257940127,0.004649167316795299,0.004832164727174765,0.010530375263648539,0.008997787587015641,0.02500024081273313
W56ea264a95a55a780005,0.010092875529203167,0.000910274206876701,0.18992580744286316,0.04950436315858072,0.22302532190142696,0.02607319245896295,0.003685908475436323,0.4104222096413796,0.004702411590523072,0.004957245284073958,0.01179931555287481,0.009394154234749586,0.021679507801345026
W56ea264a95a55a780006,0.0100507703562938,0.0005015066703733505,0.3622282528351583,0.054345712965287715,0.10166080915920286,0.033665708871373,0.005185587042458029,0.36038722852451344,0.0036174105766201806,0.0037592254534219885,0.006102440892747097,0.010617012587170084,0.016326435576564782
W59dad39ee79c5ee60000,0.0006054632461741265,0.0054672620927652136,0.0027517588147060084,0.0004708631971080515,0.001140921272669911,0.34726417587334774,0.003845667227229684,6.728529828467482e-06,3.671784930234508e-06,2.7113785219887664e-06,6.92203847454284e-06,0.6213253822845742,0.01710048412758691
W59dad39ee79c5ee60001,3.5589674540044664e-06,4.286433879718146e-06,0.003249506138659469,1.1585891172010285e-05,0.0005855505606551293,0.3759023158536379,3.350139778580729e-05,7.751282130518222e-06,3.5639850234947673e-06,0.0005584643654021284,0.0005642604872718982,0.6070338484711184,0.012032140317927308
W59dad39ee79c5ee60002,3.681093822993889e-06,4.434490619769256e-06,0.002335898788578311,0.0010119405117715958,0.0005906704088433717,0.3661674357581592,6.270800602744293e-05,6.948010606360018e-06,3.6915369339378473e-06,0.0005587125189507931,0.0005656971689674291,0.6141931878420455,0.014485623052207592
W59dad39ee79c5ee60003,5.321840810480875e-06,4.351111308365025e-06,0.0022216382515671297,0.0005669281330628744,3.667220116693648e-05,0.3654824013305439,5.279671244784518e-06,6.7953842514227735e-06,3.4320686544381237e-06,0.001113909088037592,8.83377517079228e-06,0.6167138973307503,0.013822732757512562
W59dad39ee79c5ee60004,0.0005606801534515325,0.0019486345648652935,0.0016668082816397656,0.0005653985731492037,3.172443843692078e-05,0.3682123465019626,5.011511304392637e-06,6.7370297033369166e-06,3.5439495736553653e-06,0.0011137620549376954,8.577852892826484e-06,0.6114912720149709,0.013265482686300118
W59dad39ee79c5ee60005,5.087552584878853e-06,4.159666569712559e-06,0.00227976464444908,1.0531111584978477e-05,0.0005849401854521933,0.3728974871327712,2.8529721555972507e-05,7.532053947415398e-06,3.3969265100197052e-06,0.0011139945144236867,8.516258948904653e-06,0.6105430925011719,0.012505171943902075
W59dad39ee79c5ee60006,3.4165829552787333e-06,4.1156044658837845e-06,0.001444384965584816,1.053691324461629e-05,0.0005839425908774493,0.36673210690378605,0.00010051542530824004,7.833443916480028e-06,3.239613644102848e-06,0.0011137649799117992,3.5295361211849673e-06,0.6173769754911683,0.012607943914245552
W5a0d1356e71f9a420000,0.9711560617886794,0.008057220235133382,0.0007434000577890657,0.0005589429691752676,4.581436227813729e-06,0.0005577623543105583,0.00027992561761459075,0.005559463035571048,1.8718382204877959e-06,0.005974312832238243,0.0002798570922475795,0.004076796141268822,0.0015770006954829573
W5a0d1356e71f9a420001,0.976645158904189,0.0025014116315679362,0.001743167861912699,1.457545239548897e-06,3.122126855676546e-06,0.0022240551864923207,0.0002788634257029739,0.00555884140369549,1.6033624173583073e-06,0.003891001771336799,2.122361794347527e-06,0.0046336348827109245,0.0013919066455266222
W5a0d1356e71f9a420002,0.9808148342620436,0.002501374799685093,0.0015580711208983656,1.41721872333547e-06,3.0425340854337825e-06,0.0011128357293606346,0.00027909821294066416,0.005558317103761887,1.6850422990671106e-06,0.0011128132355187426,2.0943065910975357e-06,0.00407794936934635,0.0015770213474959663
W5a0d1356e71f9a420003,0.9431104301486372,0.006112778713674174,0.0015583920410081199,1.7191316805046693e-06,4.731508227620823e-06,0.001113454641110749,0.0002796198789145257,0.03556907704801199,2.0657750893950917e-06,0.0056966887098024825,2.3496035262427277e-06,0.004356896398744058,0.0010215695456839036
W5a0d1356e71f9a420004,0.9815495928289363,0.002501312992038744,0.0015578037840822433,1.3771268718313204e-06,3.7185154826145627e-06,0.001112956298043689,0.00027913021319267943,0.005558265211425963,1.4270422323533726e-06,0.0016688153651923034,1.8726425801023721e-06,0.004633587851654361,0.00083574434198657
W5a0d1356e71f9a420005,0.9819206537909059,0.0025013082101164813,0.001557791691357755,1.37215462555251e-06,2.9783042047437635e-06,0.0011129495782592849,0.0002787328216684554,0.005558257023531324,1.5361603267607149e-06,0.0012980684616924532,2.2156311194057685e-06,0.004633547707060919,0.0008357901386170173
W5a0d1356e71f9a420006,0.9799972172982399,0.0025013747884198357,0.0015579422218309445,1.4984773900307353e-06,3.9180399844632734e-06,0.0011130550196585896,0.00027879916744970003,0.005558385693215408,1.7338541168829186e-06,0.0021132785034209717,1.9173421543013363e-06,0.005191081376335518,0.0008358318173271248
W5af5022a25493e0f0000,0.001487712862167006,0.002422304828690173,0.038572002227698396,0.1000331489024168,0.7166136108445055,0.04404559588107325,0.04408252254299122,0.0029212232975474456,0.002710724466187656,0.0008122663569255507,0.0023674509626886884,0.02214621140197254,0.013857505235902777
W5af5022a25493e0f0001,0.0014905356021124297,0.002055822842533965,0.0384336978681342,0.06978720950437818,0.6738477190379039,0.11673702273910762,0.04967993646458296,0.0026442033537039298,0.002351504348242268,0.0013706178509799037,0.001955299271240713,0.02106867695006781,0.011867305076276086
W5af5022a25493e0f0002,0.000538898209522633,0.0015566302326989465,0.027174824114779075,0.2527758308552845,0.5725480762743635,0.06422096896439881,0.03957399460275488,0.002732134132198643,0.001435142307309122,0.0022186829767657586,0.0020326724922982015,0.0204315350124975,0.009348503361177556
W5af5022a25493e0f0003,0.0014267986802066308,0.001790328700702247,0.03368233070587655,0.07978410043575596,0.659571474965405,0.11233477369656959,0.06317202979120387,0.003680843024734425,0.0028226897499244335,0.0016873584083452675,0.0016839488826781376,0.019927702152531132,0.011103694541707267
W5af5022a25493e0f0004,0.0014014092342302105,0.002869445577810462,0.03916519173479034,0.1169933184615661,0.6286542290113528,0.1120466957824999,0.05211627557208161,0.00434530264331227,0.00282565318459822,0.0010179665199121944,0.001970674871073862,0.018032197624713704,0.01282472520103676
W5af5022a25493e0f0005,0.001434309913605728,0.00254053244346811,0.038416253941731746,0.0965950301637777,0.6611990371856065,0.10252073100694917,0.050739170330671324,0.0032309403011447414,0.002273704645401,0.0013167333779495103,0.0026554137365876716,0.017812433600229632,0.012815291256697024
W5af5022a25493e0f0006,0.0010010040450706805,0.0015834626156777942,0.029367315248436224,0.12173132101405705,0.6292565586171521,0.12603979927939782,0.04735126449904815,0.00397932372078584,0.0018457917321730995,0.0006775195306523651,0.0019815438258554367,0.018565135364074795,0.011144336085156822
W5b73b129e0149fda0000,0.008134777520407196,0.9384489475867798,0.0008361098687302037,1.3689644799654358e-06,0.0013908895716321517,0.0026128416412732006,0.00213712005760003,0.0035227349544433824,0.022176293299242523,0.004465806470700345,0.008031991935828514,0.0013902544235410209,0.0018548429108057184
W5b73b129e0149fda0001,0.00758081928598139,0.9075771708858568,0.0008361188757126102,1.5197903795459572e-06,0.0006963214143449557,0.0016681903990900422,0.0008408335642631783,0.00317385677208132,0.05589901533362809,0.0033522261192824245,0.008533119158243148,0.0006958818743260857,0.0016695261099432845
W5b73b129e0149fda0002,0.00621664177750788,0.8641425908747339,0.0008361067366239784,1.3461815841387434e-06,0.0006963197574736509,0.0008348046201085962,0.001115113748930186,0.0020605727190258576,0.018870339562266095,0.0005665211337340701,0.007344742504846471,1.43539222951491e-06,0.0011140481414077471
W5b73b129e0149fda0003,0.009269189947458517,0.6158856110187408,0.0025026786401452076,1.2032282091600246e-06,0.0012518725483999622,0.0016681312151633116,0.00111543410631733,0.002192856233968791,0.345049548112321,0.0016732130620864365,0.011136197492505067,0.00027919518985880726,0.0016693225112766347
W5b73b129e0149fda0004,0.009994418500088493,0.9366056490817366,0.0019471699824694828,2.186549620034093e-06,0.0012518725054868043,0.0016681916009986877,0.0011189848493634831,0.0017878081156175365,0.020592197744102193,0.0016781504624545811,0.012849210782046797,0.0002792787197256375,0.0016693232354263367
W5b73b129e0149fda0005,0.00898050134959611,0.8997735843828044,0.0008360220411887075,1.3306527006391398e-05,0.001251874970761244,0.002223747368002296,0.0013973360201268244,0.003307561805624224,0.05881963307178543,0.0033488471984412234,0.010242315016119247,0.00027999466864733107,0.0016695223038671488
W5b73b129e0149fda0006,0.004616685941939436,0.8580872384954358,0.0005582687897006066,2.102320729256086e-06,0.0005574259333574792,0.0013903803790529029,0.0008407147057692049,0.0009430540868383136,0.1139970373562671,0.003868936536655794,0.00647025709803824,0.0002792234983712946,0.002502843502747779
W5bd5ac8deca7e9a10000,0.001446435324687846,0.0012194296836429326,0.01767750354856037,0.00579652077844531,0.0038128126185277334,0.42102101163829403,0.004924059600250324,0.00045816154111585704,0.0004517331322786096,0.0010185201726853792,0.0011016545544490278,0.5356164244653222,0.0032494929384457934
W5bd5ac8deca7e9a10001,0.0005939551013177348,0.000757543687378003,0.009866421978435642,0.0038105847000993965,0.004575852403680915,0.39223954748873985,0.008622540710881654,0.0005227980229234656,0.0006158789982826186,0.0005039973871351972,0.0009274760593833192,0.566697179325125,0.006985445703023766
W5bd5ac8deca7e9a10002,0.003504188928758475,0.0012997944353129454,0.012318344758156357,0.005313301113924232,0.007003913318951923,0.37734069401942133,0.006686146406194806,0.001012594662316419,0.0009125832545683855,0.0008769178754783241,0.0026422868811227253,0.5705547991424444,0.007054590256171638
W5bd5ac8deca7e9a10003,0.0015689118437768052,0.0015629716082959876,0.01149446117743368,0.0041981432392387465,0.005632495409583795,0.3085254753553631,0.00817126316859814,0.0006981273340892621,0.0007073045796043482,0.0006776132682153257,0.001325106195002111,0.6433596282551721,0.010147449459415724
W5bd5ac8deca7e9a10004,0.0008572925771092962,0.0011765905485896582,0.013556956054676036,0.003916605159959734,0.004895040060784595,0.4012326305510258,0.005801878581762124,0.0004323564637357766,0.0004360245125915542,0.0006900453158279592,0.001030940058790659,0.5568879527157442,0.007531428503836983
W5bd5ac8deca7e9a10005,0.002523842047502914,0.0008676467596761049,0.008136156368966772,0.00725515272199325,0.0034672028848805347,0.6958924210526715,0.007500167294839636,0.0006001591407478483,0.0006160297373612466,0.0005961765782301833,0.0013346679522645755,0.26410680214747495,0.005738904590711143
W5bd5ac8deca7e9a10006,0.0020798208654065698,0.001925816683095823,0.01295569441797192,0.005691841525528697,0.006605597133206887,0.3936273492874462,0.006250009790280685,0.0009426017889257004,0.0009620549482133011,0.0009239504069046074,0.0015840656344949919,0.5569934393035368,0.006520113948274683
W5cdef46cd88dc3b20000,0.004916912643254095,0.0025161754311053643,0.2831858526132002,0.036279673659110986,0.227600612125682,0.04197812873751407,0.005365151101031022,0.25220441956413714,0.005034003666295609,0.015221835034414663,0.007763862160074417,0.009199940393153838,0.038095871224410896
W5cdef46cd88dc3b20001,0.0040007210494517305,0.0015973567397630944,0.29086319643993475,0.02605828771861057,0.06960173094806496,0.041173531238284586,0.005898548253830032,0.41590616486829474,0.004748783129473395,0.013487436303123766,0.008624834002213377,0.006469322865158137,0.04840016032474464
W5cdef46cd88dc3b20002,0.004571504763681386,0.00288649931176359,0.16279226800313726,0.036872818887380546,0.12699448042624004,0.04270154726215235,0.0068910414556753495,0.42192619752680294,0.0072946477059076704,0.01156120091507543,0.009549727108120746,0.00924034140043704,0.057593464496373065
W5cdef46cd88dc3b20003,0.00394230566543792,0.0038998569249940568,0.15407363376341965,0.034279713590532855,0.11732314561807167,0.09162147461492799,0.007074389258961193,0.3920087881809739,0.00685514497861854,0.011219742278277612,0.010841765869734203,0.008431849773648022,0.057115830172176356
W5cdef46cd88dc3b20004,0.004057418158483921,0.003332724765789316,0.288544958779606,0.014120261301746822,0.06154146052218428,0.04644087469771915,0.00515294469231716,0.41821496550169446,0.007334364969092372,0.012512487595563072,0.008838007288290805,0.0067944252012014155,0.04953394280952772
W5cdef46cd88dc3b20005,0.004019063279561352,0.0021790881602925948,0.2940056564251563,0.01497204713784763,0.0684976354478655,0.05441174980837314,0.0065438764115195855,0.40681216958006,0.006206957909607086,0.012340437391853117,0.009440649027380428,0.006388810131256415,0.04816726802185015
W5cdef46cd88dc3b20006,0.0041902314599980926,0.001828521183323763,0.2732266729585804,0.013424448960099948,0.06977377010359838,0.0895798385994932,0.005998080639659418,0.3888911347158344,0.0054491208894604575,0.012660453303701788,0.008828691626795433,0.006479095581292362,0.05158469603705382
W5d1f49fb5c8b81eb0000,0.013441928776037546,0.010781608641583227,0.025982324309429514,0.040276668374220816,0.07341656781617362,0.027149252171635444,0.7295899826514466,0.009849906516370244,0.003360032301924989,0.007534018106150346,0.001786466461411125,0.01507945352618016,0.017140180347907933
W5d1f49fb5c8b81eb0001,0.01797768301085243,0.012401975357043224,0.031507875142983255,0.04318904383934723,0.20850575853672532,0.029467799585700068,0.5673411648071792,0.013305364610608644,0.0028968467447057313,0.008178612666080914,0.0019030836960212709,0.014975185698817764,0.019751122145233894
W5d1f49fb5c8b81eb0002,0.012838532576735078,0.01151179132484531,0.029635283112838955,0.041949295196518514,0.12416404130161046,0.029343731468802092,0.6732016427697903,0.009926304465940604,0.0036917139785075446,0.0075971477107588175,0.001766061783420047,0.011976059781381358,0.01646114531181545
W5d1f49fb5c8b81eb0003,0.006024026668793326,0.009248193242983167,0.02922799055336816,0.04357383507418573,0.2706450020227792,0.031693254696033096,0.544403469376116,0.005807590718566233,0.003106335408467415,0.007279063230464433,0.002194410197308145,0.014341496511751763,0.009661390820411536
W5d1f49fb5c8b81eb0004,0.01613600449473893,0.010876051191410907,0.02194077737145405,0.03406956356923481,0.09138435839618461,0.029373848809387364,0.710707687015061,0.011886466724479584,0.002526593591431781,0.010870203562034305,0.0017976575528297308,0.014768007459892039,0.017679056815552922
W5d1f49fb5c8b81eb0005,0.018665127238258344,0.011964015509573012,0.018758513276277516,0.03660762794573421,0.08288396665442979,0.028510650627525645,0.7146347362483078,0.012052691728784112,0.002512837238678515,0.010293697479831656,0.001726785419853397,0.015275208090152677,0.019231776493047102
W5d1f49fb5c8b81eb0006,0.013954900053177439,0.012069279739265157,0.02680288554878617,0.04295328864393114,0.32460201093823043,0.031545922974163525,0.4722248384345067,0.009083126293343511,0.003688143832186946,0.007599581408071712,0.0019708166404544206,0.011028969349239262,0.01922126838132414
W5f5e9a3603056de80000,0.005570934227258197,0.00010295527732488637,0.013270515467866442,0.013478430611413073,0.014578443527045135,0.0024214690998045417,0.006799887227263134,0.009520448058405025,0.02266762345403137,0.5224961678028618,0.0048872057631834465,0.003328107292839557,0.008049796689609487
W5f5e9a3603056de80001,0.004193158791963641,0.0007173477417533052,0.018613788437866843,0.01297149838890273,0.017285700026066497,0.002175160405765318,0.007624045745377242,0.01085176288787807,0.012401429158135408,0.48432923804274286,0.0021655970154812946,0.004270871954436282,0.008450443167663265
W5f5e9a3603056de80002,0.0038066262494500566,0.00014846512378937152,0.01668696850732046,0.01087865163513924,0.014501114873921238,0.0021228401507907917,0.008950149759265853,0.03106169173976574,0.011242844023305276,0.48111372539495445,0.0016183364524398822,0.004853103850483698,0.006890037639825015
W5f5e9a3603056de80003,0.0031878291295902765,0.0006459206014880164,0.0114853473145856,0.011610776139884687,0.013483896853250257,0.002376902622070854,0.008734264953322692,0.03293162425685707,0.012460282672301808,0.4847685147532415,0.0016861103816078924,0.003919946097920832,0.005242123767089776
W5f5e9a3603056de80004,0.004718563033299496,0.00013352574612687148,0.013093260081167152,0.013122191665533628,0.012734418066553621,0.0038898415654826267,0.007079770846257414,0.011114813522724436,0.013437119107226801,0.5201940839491027,0.0016672086651964015,0.004609575462424107,0.007917587697568892
W5f5e9a3603056de80005,0.004894876589647952,0.0007338969179455598,0.012606824197059887,0.012181785303415607,0.015853550633998122,0.004513839384145042,0.008637897547816962,0.018913139244225167,0.016421557300442983,0.4985228113918913,0.004580136649501284,0.003124396990913873,0.008558725497033896
W5f5e9a3603056de80006,0.004364866084503087,0.0007021601732973192,0.014468592181126299,0.010988944185283282,0.01637934844983973,0.002846979484885493,0.009561469877909828,0.014900914934017635,0.01884179033783301,0.497229369841669,0.004624704020466635,0.0029225781719571233,0.008412607311268933
W5fb8219ca01882850000,0.0032159557219972983,0.009758862322062037,0.06984353476416981,0.06138035317004847,0.1786512981807303,0.009106413848791278,0.024968606852988535,0.04411971538646734,0.0038824341143591508,0.01132576399855583,0.025073063807628696,0.012869400524832654,0.27999761134969275
W5fb8219ca01882850001,0.0030838635052192064,0.008914027414026787,0.06643394362873233,0.03746689486704463,0.024241162052957354,0.005658897870133707,0.011232626482332872,0.04234438277094979,0.0023680838248497827,0.004761555587204345,0.021619458423871137,0.013215252442258052,0.2973157549036797
W5fb8219ca01882850002,0.0038341940729467385,0.008620280494592156,0.06645247642894223,0.034926009760752656,0.02409301692526129,0.0064782103619675175,0.008157734810260098,0.04823393787567336,0.0019600210794715155,0.0057773923143185375,0.023042653143820594,0.012592437108403859,0.24527417974090143
W5fb8219ca01882850003,0.002484391121002793,0.008077059456909843,0.06763450318898942,0.031243099843236363,0.023726863588778895,0.007547761149741509,0.006662612478654429,0.029886504613276667,0.002228454705338039,0.006482062262803294,0.042629353670735684,0.013291822162838923,0.3053241982708131
W5fb8219ca01882850004,0.0023697566575215613,0.01053297810218752,0.07394159541682273,0.03655880088986416,0.05203617823081915,0.007580256752406423,0.008580920277577958,0.02455633638309407,0.0014673380135165777,0.004738058062584633,0.02632699325458795,0.013116731562456387,0.2536223611873577
W5fb8219ca01882850005,0.0031066905728157775,0.010174252238847869,0.07242109990193878,0.0656481109261999,0.0545553626424543,0.004989038968246827,0.013868353929205574,0.02527750104733267,0.0010830930575423663,0.004996185991288625,0.020899297938403158,0.013479642217409335,0.3059868618793647
W5fb8219ca01882850006,0.0034362556947336014,0.009296816774490334,0.07167072190814741,0.0375518965644168,0.060378489643098415,0.007715759799009023,0.016464156297291074,0.02542261417517218,0.0010359725913229208,0.004294441416292093,0.020980492905186124,0.013237562580183757,0.31280747894253086
W5ffdedad0bc160500000,0.6706528365899349,0.2692133678303107,0.002598405797040989,0.005682965262729797,0.002043674367235547,0.010841851708223032,0.005573320725424852,0.00018779985485392923,0.0005593447907808127,0.00926613936684971,0.00250400520775203,0.018251106691914955,0.00111567722553008
W5ffdedad0bc160500001,0.9223566087410807,0.012516517877321097,0.0025048039415428965,0.007011436176056571,0.0005629127013023665,0.014081298216580416,0.006363857727001548,0.00074294592875532,0.0008366231762517259,0.010306320624241212,0.0014873492807693492,0.017226801731592314,0.001672211537040233
W5ffdedad0bc160500002,0.6688455454915999,0.26612765299678315,0.0032467334129051427,0.009144083334055562,0.0018613997063483241,0.011951170263005175,0.006410478558114142,0.00018868873927685003,0.0005604691340137218,0.00824665502807513,0.0037575398290345618,0.016486861998408524,0.001671432331894598
W5ffdedad0bc160500003,0.9139512737731886,0.02145393082481992,0.005297761615971631,0.00803460745045532,0.0015102947076640028,0.011135688592020812,0.009387880452831752,0.0005638804429000055,0.0010649847618915747,0.008127280546013974,0.004485656744313364,0.009738019489627107,0.0046114447177676605
W5ffdedad0bc160500004,0.7729704840929112,0.16853709237662973,0.0021328637573540116,0.008022623497269597,0.0011162732813742643,0.011856130072420456,0.0038097193393254168,0.00018680632440072482,0.0007796139658629177,0.006725331822734006,0.0020415003305537197,0.016299526549634808,0.0034756409389323007
W5ffdedad0bc160500005,0.6687135777182108,0.2679153088593388,0.003524244071465501,0.007940073990999476,0.0014908958563984796,0.01222901055662611,0.00474552148219987,0.0001884358030713191,0.0007812115727009001,0.008672256814301548,0.0033404320100541836,0.015468434476707557,0.002920949549125472
W5ffdedad0bc160500006,0.9283717645866038,0.013112487958058043,0.004556551916970749,0.006687451919286114,0.003180597558409635,0.0073321834437269995,0.005893101040647358,0.0007507129560972889,0.001064988115763952,0.008747117758642474,0.005036829875068873,0.009089955779188095,0.004611174077953501
W6000b3b22c11e3f90000,0.01048379687561135,0.003333692607089074,0.1619426492477046,0.1720763576843016,0.14896871051737162,0.3842907461368147,0.00765584429446309,0.014324417757896491,0.0019219699879968973,0.001973332192556105,0.0033484388618603166,0.06882182582133689,0.017014210504521152
W6000b3b22c11e3f90001,0.011452092518598507,0.003462567675563416,0.3442331011336466,0.21260344259766895,0.12343077963719633,0.19895433069316293,0.009462377663725714,0.012252965239709446,0.0016309743217804969,0.002216674185762391,0.004457836654918594,0.061653045341600786,0.011091754669770143
W6000b3b22c11e3f90002,0.01570477751819211,0.003295221126787909,0.12078753881939276,0.18432369299546478,0.1634382849946783,0.40427699274913675,0.00636741448048455,0.012036486558093038,0.001507530955450458,0.002235838169733038,0.005381029040251875,0.06334236367030571,0.01473802554740599
W6000b3b22c11e3f90003,0.011847813695666901,0.0025364410875939316,0.33681383730908027,0.19381277942358424,0.15487227062873757,0.20363405037011764,0.018094314074060043,0.008497270944984744,0.0008645075363937258,0.001417542974636447,0.0034801793885397133,0.053296248830856215,0.00903057739377203
W6000b3b22c11e3f90004,0.011612487813676695,0.0025931432203304236,0.2720230078463702,0.18437762549775372,0.13730798233039798,0.27708971601334853,0.028855190397185006,0.009812518360799037,0.0008555145523273132,0.0017203627368274474,0.0036181989562706824,0.05606245811322919,0.012517198213199715
W6000b3b22c11e3f90005,0.010243620502826466,0.0029856592503249703,0.29323391131321236,0.18923987583235072,0.12345152617062365,0.27648588478063757,0.010736018715816309,0.013002586178212672,0.0012761037629690488,0.0022111217702878647,0.004745601449981813,0.05899039972400035,0.011183428714643577
W6000b3b22c11e3f90006,0.009412452209483039,0.0022843160202702826,0.13073786933323903,0.12234082167292042,0.11216614479028661,0.5283157906732259,0.006348339030912499,0.0072391911381468775,0.0007096884403931079,0.001532752734825282,0.003934246818083685,0.06621062238310112,0.007149762174930952
W60996ce94f8e80df0000,0.008560097488397412,0.001977642706748179,0.32478717703075244,0.006980894584679223,0.0030569742795650244,0.4788059824503031,0.004867715751745666,0.00040204763844082635,0.0005576595622029027,0.0003276929180755082,0.0014119169428857897,0.13373105321081408,0.033714814402933536
W60996ce94f8e80df0001,0.03028414539418406,0.002097609915726759,0.20216936147879075,0.009238370495522945,0.0037644104090552924,0.4899956338150455,0.00387037025395028,0.0004448315128853195,0.0004019849638967479,0.00024022217058608964,0.000968305507355158,0.24235180444444152,0.013591336717225073
W60996ce94f8e80df0002,0.006801764440979343,0.003023378490710329,0.019400933398449317,0.010518214657019834,0.005477596367148877,0.4829815199975881,0.004853087150133397,0.00047052097043353723,0.0004032602306270107,0.0002940670034147664,0.0010004654595981363,0.45364042197068866,0.010580791309331122
W60996ce94f8e80df0003,0.01354950637323773,0.0010368581096295685,0.33212509564979037,0.007835862414715143,0.003921731907689837,0.4742091457830495,0.012962934346301835,0.000543320394996839,0.0003991569588167307,0.0003068421078154427,0.00040604712911880385,0.1337076549041066,0.01847249538781145
W60996ce94f8e80df0004,0.0029687289548797698,0.00047610506876236076,0.24376262607595822,0.010389922027551035,0.004837229260982041,0.5141177153494602,0.006880805644866334,0.0010990643460436547,0.0004146085823263147,0.0003397958792691333,0.0004065942352830695,0.19071127688033393,0.023094593218786458
W60996ce94f8e80df0005,0.007719527472591342,0.0006830491774250805,0.08776016416291713,0.008698507356912681,0.0031497964122542,0.49407086512451726,0.005032119596218422,0.00041425005181256743,0.0003847501726448134,0.000228290265326299,0.0008996136931843712,0.37871728890222317,0.011805232930125623
W60996ce94f8e80df0006,0.002933291938207866,0.000564704290549792,0.33820223314005293,0.010602254735929633,0.006646894794701606,0.47141350858834213,0.00298444137147915,0.000510816588185267,0.00046576144621245157,0.0003161835272096824,0.001546301433812712,0.15158420951335466,0.011585849995627095
W61443c7edeab75570000,0.002779814736867335,0.9806125407467913,0.0005590054443922982,0.0012980179447415064,0.0036129683898639465,0.0011141849656014701,0.004595526284588636,0.0005588037093524707,2.2668327623728792e-06,3.31106453983341e-05,2.083249982581086e-06,0.0033346903286348133,0.0009280878565070844
W61443c7edeab75570001,0.0024094084407781107,0.9804510300770506,0.001022166353806809,0.0020385335739751434,0.003335243372317508,0.0007437998501585275,0.004816431428937969,8.237437398748722e-06,1.419562103051193e-06,6.068554755136042e-05,2.1400405153510833e-06,0.003334681727062028,0.0017612199182372842
W61443c7edeab75570002,0.002964984054738114,0.9786589211984842,0.0006516453919944589,0.0013905225679632094,0.002779823621067876,0.0008364895292659276,0.0072925618456563925,0.0005597383781105678,1.6122585841925872e-06,3.149501200629068e-05,2.2127188168138543e-06,0.0019457973050440592,0.0017611929673757882
W61443c7edeab75570003,0.0038909349093678327,0.9699408677667156,0.001762756077252972,0.0023904534795877257,0.0027797959321987377,0.001947611938256229,0.009356181125085433,0.0011306497750609148,0.0005577270265625681,0.00046896999451197176,0.0005580361116242146,0.0036124609210065675,0.001483453948563945
W61443c7edeab75570004,0.002779774523867685,0.9843808311601975,0.001392395256584199,0.0013904099342851137,0.003335338129899489,0.0004660360422961353,0.0023751998521851624,0.0010254414902094138,3.0594298586970077e-06,0.00022895894228310666,2.8510677531425183e-06,0.0013902354832183875,0.0009279321652615747
W61443c7edeab75570005,0.00463165320030961,0.9726543296338794,0.0024109052002489594,0.002205246040347587,0.0033353633326338077,0.0015771559666739809,0.007202752171168936,0.000597934697056884,0.0005576793816657251,0.0004372450050611371,2.3461401231939704e-06,0.002501351872840515,0.0017611779277833522
W61443c7edeab75570006,0.004261380078411946,0.9700491494229894,0.0026423378138191035,0.0012794058786880118,0.0036132642590626838,0.0022716231233049196,0.008181037772373364,0.0011152081085714475,0.0005573445936566369,0.0010882393807562585,0.0008356642720395386,0.0019457989316038072,0.0017611268934445787
W626cdb6a7e66a7910000,0.018935929019428283,0.00028236769215253294,0.00439000199967679,0.0036314436275683864,0.004243711741388408,0.0023201740479415825,0.0016884492834438052,0.9014200319109997,0.0033376237031942473,0.018944074149021963,9.635554167897635e-06,0.008363427087112393,0.011912823702288387
W626cdb6a7e66a7910001,0.022903968283081083,0.0008392541848747544,0.004228891610329079,0.0041966480064626645,0.004766545083588746,0.002785777640535532,0.0015527261716536138,0.8932597514931151,0.0033385301052280647,0.01907403597480986,0.0002920487265125181,0.007907391337568083,0.010979960700620397
W626cdb6a7e66a7910002,0.017668246663309805,0.0011158824114766777,0.005220367104646803,0.004510069098617294,0.0050550463565301055,0.001951111501927352,0.0009915265395620458,0.8996814477438327,0.002410846674741065,0.01923746938297347,0.0014046916977187034,0.008179808963956566,0.010700024008067755
W626cdb6a7e66a7910003,0.023943687740405048,0.0008385967585381802,0.0042556898603298915,0.00645347925655487,0.004898831714662543,0.0032302563786576616,0.0011402348210891615,0.8856905458403385,0.00333809210033155,0.022609025343614392,0.0008434866448032966,0.008291321871002547,0.011356959667332136
W626cdb6a7e66a7910004,0.020042770974424088,0.0008377087650860521,0.00420639993296469,0.006172716687589227,0.0032588419907635786,0.0016753408634672003,0.0011147387078998567,0.8956614350894131,0.003336467803510049,0.020427196274566073,9.331376669627978e-06,0.009291613827729155,0.011394144385856826
W626cdb6a7e66a7910005,0.021854203229988885,0.0016710742728256976,0.004103705221718614,0.006445010583235007,0.0038358971773088217,0.0037857876643535683,0.0027815815096656534,0.884979504074312,0.0027808068084458804,0.026449013672850262,0.0005649697611044457,0.007087385560121663,0.01356913471072525
W626cdb6a7e66a7910006,0.018015218769711662,0.0002823504414499675,0.00414051682530554,0.005712234164917797,0.005529878156158243,0.003897708260805687,0.0009792041625189085,0.889899260366993,0.0030588410329008284,0.026786444931268773,1.2603299731237691e-05,0.007070071041191125,0.013126020638188633
W62c2ea531ccd02ed0000,0.0021564058223478033,0.0015225677167069562,0.26182448058411595,0.06418487569485717,0.5637246011250245,0.029662074814028137,0.008849442426122827,0.0036540539778257353,0.0011513887597796807,0.005693347912042745,0.009794370087158052,0.016105824865833174,0.015596982281229653
W62c2ea531ccd02ed0001,0.013898972542749615,0.0016901753330940998,0.24277348692845208,0.0871822775905448,0.5282316889465574,0.0359224957769113,0.013880201335951409,0.00469966862955052,0.00019565818501248532,0.006363492717205098,0.016962981806519634,0.01620237076677289,0.018100660027894032
W62c2ea531ccd02ed0002,0.012865603010850402,0.002201272734402054,0.25621342489527005,0.07942959510346458,0.5188187691181857,0.042659600317931236,0.008155021452931179,0.005898344069688639,0.00012289270605480616,0.007250405976779971,0.016944659615759475,0.016793174110558046,0.01870224106363316
W62c2ea531ccd02ed0003,0.005889020665376426,0.0016868686162247635,0.1410232765335065,0.07563916714177049,0.6670822122263186,0.02968447333717785,0.006594409495529194,0.0029895935759732687,0.0022389189512854496,0.004518293788843981,0.015045538284110038,0.013492971825718287,0.0145501773385911
W62c2ea531ccd02ed0004,0.005606230162426607,0.0011927270277889504,0.108883635059622,0.0760235901555886,0.6941116856846041,0.030565813180624617,0.006256678675984141,0.003942068187593862,0.0017277288412011506,0.004046296089068641,0.014871160532536423,0.01411503537260003,0.017689094522555973
W62c2ea531ccd02ed0005,0.00640082905790449,0.0017155874253109301,0.15780024733057227,0.07913808070241303,0.645812721032348,0.029128040887641815,0.007153330896747353,0.0036106743194638147,0.0022619973210900165,0.005675721714767243,0.013222221934583818,0.01315278083875966,0.017594700895230585
W62c2ea531ccd02ed0006,0.013123286196764764,0.0019167644460292325,0.1587180358285135,0.08226275356545738,0.6052672602517909,0.03639087055286273,0.009032487051247479,0.00551640452005095,0.002231814722857291,0.008689960459516982,0.026927224794336138,0.012417681445533936,0.01911454292297993
W6361bf78352c102e0000,0.0037514450509640003,0.6194675786020558,2.8249432597188275e-06,0.000557853893548667,0.0007807997063106609,0.0006971081953735482,0.0025047768441432182,0.0025355306947306144,0.35786947706161415,0.0006493342425522187,0.005472590019940727,0.0023630894684535378,9.840269173801858e-06
W6361bf78352c102e0001,0.0012533146642497617,0.9571733738130275,0.0005583718938075718,4.799076590088734e-06,0.0005580692795045632,0.00041934828356839955,0.0025041953573216656,0.0006087113024497797,0.027850808386329886,0.0002832918390826515,0.0022411971014119083,0.001114013908596091,9.443761796487675e-06
W6361bf78352c102e0002,0.0012516919785653608,0.9631295734536875,0.0005581304610258218,6.328671751509463e-06,0.0005580876654327388,0.00042019763044972663,0.002920905085222771,0.00034660328037531543,0.022233329340576192,0.0002842859508289515,0.0017434948015126643,0.001113932215735782,1.2077986970205099e-05
W6361bf78352c102e0003,0.003752092042243756,0.9386947764033926,0.00111368172467077,0.000558870956101236,0.0005577695178596365,0.000697915967826709,0.003475598838419915,0.0005654054750377416,0.03805632324513024,0.0006562387262261415,0.005603352339695397,0.0008353014660128374,0.0005664753713714101
W6361bf78352c102e0004,0.00254810475867439,0.9006115874384961,0.000835849096683747,3.044023955314395e-06,0.0011132950714849276,0.0004193657624074804,0.004172037225321205,0.0013070708820725303,0.07640648888786815,0.0008414908660823326,0.002048896847747148,0.002223610665663006,0.0005663120166161086
W6361bf78352c102e0005,0.005325921644590661,0.9386542712178205,0.0008360614722348981,2.6125649307651967e-06,0.0022244102349989322,0.0008824076384047612,0.005285605452472228,0.0013654983621091254,0.029092877467029175,0.00029422406065318304,0.005696803800493084,0.002316205981601719,0.0011209561111564506
W6361bf78352c102e0006,0.0037518835898684324,0.9478177458630347,0.0005583392103469306,2.639324016337693e-06,0.0005577436246211269,0.0006970943219009656,0.0030613684859098766,0.0003304522542519311,0.030354175664096882,0.0006631100980109532,0.005383291400151134,0.0013902801352649577,0.0005665561160050186
W64fe51a60c40ad2c0000,0.004702736634745135,0.000725437787440328,0.35897700607838945,0.17552328761913147,0.26906501456818216,0.1216774126421903,0.013797440152435702,0.0024507340710372976,0.002166553361964116,0.0020733447932352873,0.008530164129585757,0.01609554588203555,0.010462626252690295
W64fe51a60c40ad2c0001,0.004238479673964933,0.0012816898393557196,0.21602778834436207,0.2961652550045137,0.30663680222953715,0.11333510138940966,0.009977384301001348,0.0020015061149423912,0.0019295529613303716,0.0020707818200291126,0.006970238609346515,0.016052872887043646,0.012586740869368526
W64fe51a60c40ad2c0002,0.011270331989164857,0.00018523527172732,0.33608565712804844,0.2600387964220425,0.22667860644218904,0.08565005975894947,0.00816696605950561,0.0019065800151375808,0.0011084180158437598,0.00517913554240493,0.017019730685222445,0.01745956282255285,0.018277202696768167
W64fe51a60c40ad2c0003,0.0029603141542251807,0.0006548829857394025,0.3760416400294046,0.14287515809822543,0.3189312337331818,0.0946073372642461,0.004633375865275294,0.0021349699848464995,0.001600381421671126,0.00201837540299727,0.008949172610525132,0.01510157423902454,0.0161440124966193
W64fe51a60c40ad2c0004,0.004091533245160439,0.0006768721555658445,0.3532941454185839,0.19757325762407751,0.2818950107231115,0.09778017773372129,0.0058345785038852824,0.0021398328262484043,0.0016163515821612635,0.0026047848394633436,0.010577481065792312,0.015133626396001087,0.014519022104796189
W64fe51a60c40ad2c0005,0.0023918844773091782,0.0006381016248578186,0.31390599565014105,0.07366939344641879,0.47219222080746753,0.07198505421527611,0.005643817735640429,0.002555634919502042,0.001449760779628653,0.0030915260612435383,0.013223476134022376,0.01263212280868508,0.01496880021262058
W64fe51a60c40ad2c0006,0.0033886791608838973,0.0017412615601518858,0.24446475162939216,0.07782222419363093,0.4903425825443264,0.1173803152460778,0.00660869648658112,0.0029903481561700807,0.001304784581131868,0.0023887935063491095,0.012207558595551416,0.012554347917216832,0.01486839399921544
W65f9a995382c18a70000,0.018708585057668942,0.0020755477349859,0.059643527143384445,0.06978162295235242,0.1566042093071998,0.02221310096631998,0.010981166917658524,0.5480751010519066,0.004196555789622048,0.007565589747343178,0.009671341719370242,0.02740862162247539,0.01335530740694623
W65f9a995382c18a70001,0.01783517508665126,0.002042555646444312,0.05785966613039256,0.05267249655506263,0.17247064028960182,0.017162133562940912,0.009918907537670222,0.5609327841098016,0.005089388513965749,0.007464573442218524,0.00998978962799089,0.023949854524411906,0.014009746658682933
W65f9a995382c18a70002,0.015945154693893588,0.001934488216458497,0.06034224491496881,0.08329193028990582,0.15794256897053954,0.015853209247283388,0.01100148327076566,0.5448106069990604,0.0042745563007906325,0.006869725202542033,0.00904641168902562,0.02389986480266612,0.015582529564018616
W65f9a995382c18a70003,0.016770637602215855,0.0019253074068669958,0.05802199756563054,0.09030917837799785,0.15932711542945044,0.016606336812894855,0.012818101105107787,0.5362339242008985,0.004753573014445919,0.00739849504035014,0.01005503445619858,0.02477477586767125,0.015311799718666473
W65f9a995382c18a70004,0.01509422844555765,0.000852366243022724,0.040557422082861706,0.04071856364002517,0.3357975191089998,0.014437539319868653,0.010102731193337532,0.459053707625728,0.0038066608763121417,0.005561849566332629,0.008618518440770459,0.016529448706419175,0.012361122877268375
W65f9a995382c18a70005,0.016953064768569764,0.003217633038293421,0.08249892556634214,0.15173622019048147,0.08490381328995966,0.02670001622492667,0.013835004696470114,0.4918346837457183,0.004983729919327246,0.008135499998142724,0.012698681575094179,0.03368733408591506,0.017792115400868357
W65f9a995382c18a70006,0.015769986135671023,0.002235794209839608,0.06740289030235208,0.10371764520010296,0.20974696275149485,0.02086936246740353,0.012001632523146287,0.45517962948837937,0.004606542725935883,0.007502358537045241,0.009884134029850448,0.02981407206922056,0.01543040992827155
W6896dab34a30aeab0000,0.009112301237624694,0.006369394054588514,0.08316323445568677,0.03822331920770166,0.35923622823629564,0.044492326558942086,0.030781482567654707,0.0680858976306917,0.007223513583056941,0.014304904203217941,0.011750788692003378,0.011902897589439706,0.049381658757428996
W6896dab34a30aeab0001,0.009050510678286997,0.010491082665045727,0.0978094100719973,0.044990582468774555,0.42318139962844925,0.06306609403263116,0.030321403142731115,0.05429043965143188,0.008072771673078625,0.014612182625777445,0.014578633594520253,0.013079155701050255,0.04972345988446805
W6896dab34a30aeab0002,0.008063705291138815,0.007232200440593074,0.08537116400165264,0.04285469154864616,0.39812035636050436,0.02270806033528449,0.03083985104470468,0.04718042224596927,0.004762359795888155,0.01262841117508061,0.013528677940253761,0.007895015175468544,0.05398602400449649
W6896dab34a30aeab0003,0.010042296229675448,0.008989018010626114,0.06922846311386421,0.04662761931226701,0.3827420584511589,0.04724386754697309,0.030811696343980396,0.0628229759915655,0.0073297938588132066,0.01044096342877978,0.013612872836596563,0.012365903142153929,0.06012175341117889
W6896dab34a30aeab0004,0.008480950905504162,0.010006462953965851,0.07767854212650932,0.04391959139401509,0.37690867922451426,0.02302629160464835,0.03358961353210029,0.059053584090491405,0.005847429357797688,0.013210471045442927,0.012502874018603156,0.010804579959238288,0.04861790467963018
W6896dab34a30aeab0005,0.008292418803080055,0.008561572239287982,0.07487723070886597,0.04433134459897945,0.39818303986294207,0.02248990657137184,0.027464942217618842,0.029638846126529252,0.00675973892504093,0.012150386902209818,0.013311330006738654,0.009114163488514435,0.04685122557997476
W6896dab34a30aeab0006,0.005841807725462913,0.006464120819154491,0.07739091910489958,0.04225222663016492,0.5168691911161803,0.02014484983444308,0.020784173359257155,0.029355482315205943,0.005579397467005506,0.011506175606230837,0.011221439255701892,0.01060960187954363,0.02635630902669743
W68a746653bc5de3a0000,0.001400362560420108,0.32268035123244804,0.020499994558377355,0.040339069067975804,0.016605464013258818,0.010660925017643097,0.4737967497604721,0.0036559442176552965,0.0033369258890381804,0.0036865108925648034,0.015829297367775545,0.007942128927482306,0.028234937245862977
W68a746653bc5de3a0001,0.00150632574653763,0.012979742821101686,0.026378913913327615,0.034341321840281075,0.01369810895622096,0.009832750543918002,0.7283452891003768,0.006419549805321487,0.0028873115617542946,0.010563255858695917,0.02381679255575779,0.01028977375491298,0.054469556673720915
W68a746653bc5de3a0002,0.00037559183298488673,0.3264080368857989,0.01955736858768756,0.025023514419922222,0.010757721821530045,0.006836307165886971,0.4670314359900652,0.005299764767436666,0.002813603695932063,0.004973006412942539,0.0178486708876592,0.009798910222578516,0.04130262877226639
W68a746653bc5de3a0003,1.3958945280770784e-05,0.3421561423241814,0.019747167818528016,0.026441065774328008,0.01783404689726981,0.008515265140358195,0.4526203529572493,0.0035776760487524774,0.002820249189527524,0.005753897264168222,0.014500583751546385,0.008785944653642791,0.03644000095537878
W68a746653bc5de3a0004,0.0008909976694506654,0.002900903838191524,0.03570617570834628,0.03643862469733657,0.017800184280193154,0.007789361275686065,0.6590215625567989,0.009138030007991791,0.0038982482371353417,0.015665993989573752,0.047381461436514456,0.009315317231069166,0.057821688968495065
W68a746653bc5de3a0005,0.0003819733252917701,0.32802823224585353,0.01846568498947929,0.027756134069300616,0.01652058973563337,0.007546462901629523,0.45617687903410514,0.007287182507674661,0.004762743935105602,0.00713696960195445,0.022983733782609126,0.007450777751703224,0.03403255850452404
W68a746653bc5de3a0006,0.002838031531479372,0.0029128071850397365,0.022347967455096377,0.03131954549243027,0.017889159692861447,0.010740959683438786,0.766481955457532,0.005816395879336473,0.0028473822595787863,0.011704530673571766,0.025519177795413725,0.005307649690341782,0.024397111391758698
W6afe7fefa060e33d0000,0.003892024421969721,0.0004716211853022821,0.08149779270163893,0.2670943883067934,0.1636892639373236,0.19557735460557912,0.016336657287080884,0.04298962835678379,0.0016306064013055588,0.003523218153565722,0.006419122402750118,0.17071118979702715,0.03255370358576193
W6afe7fefa060e33d0001,0.00437028822691731,0.00037444499375853947,0.07274114475693107,0.2895040059275779,0.1327942916205295,0.2966993793102925,0.010732788509087305,0.04277990368013598,0.0015469123511748194,0.004034880465082564,0.006705524981706907,0.09906673863805902,0.02719124943917581
W6afe7fefa060e33d0002,0.004347604587443203,0.0006972140005242777,0.0845483623938736,0.20051104043401824,0.1927847385180648,0.24516132052108466,0.017086603132590843,0.04499328383297106,0.0017593708129822559,0.005481760825248885,0.008741597607210765,0.14927718204878362,0.03297291391989905
W6afe7fefa060e33d0003,0.004377682454475353,0.00038015096197493525,0.06601688957682365,0.2775639986816006,0.15933494810357438,0.2977050103672193,0.014776505064728948,0.041986016254831775,0.0019204013136044304,0.004909026363197081,0.007397405790946143,0.08267835477712704,0.029420625173881977
W6afe7fefa060e33d0004,0.004390214241274113,0.00039132282758757214,0.07074197541298739,0.2819414732386113,0.19479228587429998,0.2326052789664154,0.008467658811440815,0.04076907269234808,0.0010045286293389431,0.005038512804760427,0.006791721623230384,0.11249511341944478,0.029472789065538078
W6afe7fefa060e33d0005,0.003760177621660734,0.0003028893744843229,0.06588207858282386,0.30103365999296927,0.15632978576134846,0.17724009820764747,0.01061240729180564,0.03972062604634178,0.0007682164976679634,0.005042353183347645,0.005653981493100034,0.19479367888766955,0.02762185829544853
W6afe7fefa060e33d0006,0.0029704256915854812,0.00035998453017015744,0.06650856139452865,0.2778033879999608,0.15173297610038533,0.30584215661162306,0.010898709722752482,0.039303047008201336,0.0008101828027558886,0.004988857207693301,0.005754231028104731,0.0925880088445506,0.029599588865933106
W6b98e963fa9af6860000,0.010250227718758588,0.00574521029918325,0.02587262142624572,0.07833699363928869,0.007820035438600277,0.007307838123024836,0.15599987757768674,0.055474656890402506,0.004441441055675291,0.012262154388777587,0.04838235614673949,0.025290816242134494,0.05245272221992244
W6b98e963fa9af6860001,0.008817284402873507,0.007741974757875459,0.02573988420197917,0.331710215777508,0.008523977140725192,0.007428379210555572,0.034718335298968804,0.05673363584940236,0.003571662346724619,0.013215805297301987,0.031487741900909146,0.029123841137787685,0.03702652628179017
W6b98e963fa9af6860002,0.011664006029186852,0.008251857349419925,0.03149420267546795,0.1433274719211401,0.009280371705753462,0.024503191624954138,0.04515638946643142,0.0637991857570912,0.006010552982768097,0.03306232072998373,0.07139235208249026,0.04863365811025437,0.036113116380647584
W6b98e963fa9af6860003,0.009089518800795787,0.008395230677363476,0.026743468626017643,0.15870802861441274,0.009281108855572677,0.03330112749260235,0.07508994193577409,0.1368535663743858,0.004069938319105943,0.01572189022259291,0.06522416944092321,0.03967445829142037,0.03842996046790603
W6b98e963fa9af6860004,0.009958394185203914,0.007462861668907359,0.02924966204170826,0.22723949716377093,0.009968150799501157,0.058117442471943934,0.043762063894769415,0.08792535569753558,0.0057731532405000405,0.012987152868714194,0.038062078304888974,0.03169636058224859,0.038598279674256046
W6b98e963fa9af6860005,0.009118156511975149,0.008147723570719332,0.03844007202214313,0.07191927576706367,0.015484536162759155,0.06111171715251628,0.062265551212672986,0.08748083452111664,0.010348420529071605,0.021379948821503,0.09611718167430454,0.028425682567184876,0.03961032396272348
W6b98e963fa9af6860006,0.008750425902358916,0.008277151094225017,0.02494313628615795,0.14346591683406404,0.010681894563835519,0.05853732827130703,0.061838382898865736,0.1429337638064179,0.005878752815431473,0.014066718229412844,0.05127693289550389,0.03343414820871316,0.0373229722608105
W6d3840bb93b384910000,0.007440572224744366,0.0015027822774023756,0.028633129920450775,0.030834116289306133,0.019395815927174733,0.0157342149539525,0.003662211169304491,0.030718098039986767,0.025610772513124155,0.01688476872853971,0.3928569813592743,0.001693207991185246,0.02296474274225693
W6d3840bb93b384910001,0.009553157000574259,0.002845113414891893,0.04918587050736082,0.05138166791506634,0.02839930766644673,0.02899308255851205,0.003681675336617634,0.030167347623028588,0.027969664820174118,0.019260384844315925,0.3589316037743909,0.0019725969333167443,0.021692821325339517
W6d3840bb93b384910002,0.008428157067976236,0.002033610402200402,0.04122224072546859,0.1203415456566989,0.13565024452124094,0.014697469088881433,0.003255971001593788,0.029667681898712786,0.02961604689066469,0.02149349773035673,0.1457950942467532,0.0008804826770973131,0.03273903194267606
W6d3840bb93b384910003,0.007026957212285885,0.002089152646435884,0.12681159493439859,0.04512940428196833,0.06424152378125997,0.017684512152615316,0.002281316382471265,0.03309295472954825,0.04260264071073836,0.02746161663057273,0.18394903271663268,0.000874200652229135,0.04710440909656455
W6d3840bb93b384910004,0.0062991769606333264,0.0018492762406703634,0.07019481082690157,0.020705002722756445,0.01806654086552089,0.027656695161169333,0.0025700964404375033,0.026959323269142802,0.03120395969677198,0.02005263958012116,0.3487524342451125,0.0008526553986073473,0.021286901654719907
W6d3840bb93b384910005,0.007439970748863086,0.0017266267169597394,0.03390430780759531,0.055621366817247914,0.02183615572675372,0.017791499503157327,0.0036127654708172723,0.02635671859885534,0.026969366083255716,0.021251707894417198,0.35344220196401394,0.0011960728407086221,0.022075984175432228
W6d3840bb93b384910006,0.006941087441610387,0.001811534904168348,0.04552709212287341,0.030573772927855104,0.02326183277094715,0.01801871860722166,0.007736450839545818,0.027671129023029307,0.030196851240988396,0.01959271003800983,0.3684628416048457,0.0008497940016969718,0.024810244366981878
W6d3b2a24032b729b0000,0.00028094241813669737,0.001672828194091515,4.1001832016892075e-06,0.00037853012819610306,6.66834683097085e-06,0.04452733003674388,1.2577171520451344e-06,7.13671747028868e-07,8.698690290491633e-07,5.979946416918263e-07,0.0005592946632531464,0.9342180653961419,0.018347552105892843
W6d3b2a24032b729b0001,3.2735169019278474e-06,0.0005618517484525746,4.1479036474525095e-06,0.000563522681801414,0.0005635616048450435,0.011727663610861349,8.086100713934026e-06,7.292084141287652e-07,8.011474945607016e-07,6.597768127046382e-07,3.742576114991115e-06,0.9658599120334574,0.020700780791897015
W6d3b2a24032b729b0002,0.0005585596211245307,0.0016725157689161162,3.807864958449519e-06,0.0012292985960852417,0.0005622497336181661,0.013025898954720797,7.789756617784333e-06,7.687414756763813e-07,7.718732117583953e-07,5.565091036835686e-07,0.0005576878729130326,0.963031734301218,0.019347273025805245
W6d3b2a24032b729b0003,0.00352169803112639,0.0025061174111818143,4.013945487600541e-06,0.0005660779360948386,0.0006254074427602087,0.13242506966266754,3.3596235623153043e-06,8.035962934873207e-07,8.04368314695744e-07,6.412570684156528e-07,0.0011150025097895395,0.8400738177460376,0.018600477145915374
W6d3b2a24032b729b0004,3.1319602775265475e-06,0.0011171345780225516,0.0004668666022572079,0.000397497565571843,1.467875883440028e-05,0.021847848421180534,4.523973897722664e-05,6.976550298486495e-07,8.793416884619449e-07,5.730988844049922e-07,3.913437480216112e-06,0.9569348569007117,0.019165218392499683
W6d3b2a24032b729b0005,3.141655643779298e-06,0.0022282642907958243,4.1012154452355825e-06,0.000563329725335744,6.718903117015027e-06,0.06588455258806815,9.456657905700543e-06,6.99835994147675e-07,7.651852164268099e-07,5.748882613968e-07,1.164461121059693e-05,0.912200074587405,0.01908552467146877
W6d3b2a24032b729b0006,2.132788663958075e-06,0.0005615978320342182,4.5762187785966945e-06,0.0005637990994565154,0.0002844769267127238,0.10271905698719623,5.081690664788592e-06,6.99850251904163e-07,0.00037135130911175655,7.05819607157763e-07,1.1441287513516387e-05,0.8792612661595047,0.015934629143272597
W6fcba0a340edc8d30000,0.0019578266401204083,0.00034335101798605274,0.5593569638887274,0.06726243792649116,0.22372587856353157,0.07070552261286588,0.012117154473342105,0.000604748059505263,0.005912753154744363,0.0026042028723926255,0.00579521050695161,0.021266461292854383,0.010201586599318973
W6fcba0a340edc8d30001,0.0022542677641846764,0.0003603254002659863,0.5044967690406308,0.12326438361717779,0.25286530834463083,0.0453213912588866,0.003728388871239189,0.0008984632081775393,0.006376926322044059,0.002517253045071799,0.00816635296416953,0.01949573345220987,0.012386299079789645
W6fcba0a340edc8d30002,0.0031212352552947562,0.0003685383717680797,0.4772287730979909,0.13562843852995418,0.25315899760202987,0.051128071107701754,0.0054903938142835855,0.0009424368384991148,0.005413308029982773,0.00873403242374498,0.008344511067648093,0.019816924973022756,0.011746661825482556
W6fcba0a340edc8d30003,0.0012018608542989516,0.00010329042572353936,0.4192316511548652,0.05061988858234013,0.4318719637734226,0.030986612990874934,0.0112445438459046,0.0010057381850178328,0.005181850941219342,0.0026961640076981273,0.007280617835032146,0.018106060084813413,0.008734379132182753
W6fcba0a340edc8d30004,0.0011829040054016269,8.817141871928664e-05,0.4264637227533026,0.05802112688371884,0.41456059503538184,0.033728260766701636,0.0043562386174007045,0.0007098209274349808,0.006327462088222193,0.002562801877864117,0.0076533685830962785,0.018487031136519224,0.012061131468785995
W6fcba0a340edc8d30005,0.001300947685434098,0.0007955788502747699,0.27767717993108715,0.08841945026088777,0.5243160405292341,0.02954756138980634,0.014453277945612707,0.0013695286850064863,0.00496329412383554,0.003371930075422859,0.008304455906244889,0.01826922741757655,0.010460616792950045
W6fcba0a340edc8d30006,0.002153654772899993,8.892075089669891e-05,0.21256641966159442,0.0629813657499883,0.6294166331072172,0.025818517991950757,0.00653481337659854,0.0004322959672549783,0.005995163813899714,0.00242218404393504,0.006666662334769674,0.018368128459730522,0.012109352395332507
W7006f3c66af00e6b0000,0.002159469449894439,0.0006375474343496728,0.12031955928565856,0.04737364427142416,0.08799992781325759,0.325695578875149,0.005624501544536415,0.35795573559451976,0.0015654546626224077,0.0016349975411370338,0.004071456092751114,0.02395086581210976,0.01108797144528021
W7006f3c66af00e6b0001,0.0024781786745166853,0.0005231181504989937,0.16216228444472044,0.050548664640943014,0.10518363776462224,0.3265560897728255,0.005310029742685009,0.2924402039021757,0.0021896727737190347,0.0019453247239647517,0.00355698257876682,0.030428050859337304,0.009061662254032399
W7006f3c66af00e6b0002,0.003448698841308663,0.0017861959376952524,0.12937531216680045,0.06396844880651242,0.254285353852248,0.10704986633581477,0.006030128953570018,0.3759404086068194,0.002639759967486024,0.002100909634786727,0.004039404384590853,0.029584390563438742,0.010391869698996204
W7006f3c66af00e6b0003,0.0037412629384276377,0.002106733560275018,0.22079610053037083,0.08070184351283817,0.1656913494556106,0.13366869037807777,0.008366247172225134,0.3260336206407917,0.0029875674494346436,0.0024904537060386036,0.0038871720377795503,0.030026855242088653,0.011278669523258303
W7006f3c66af00e6b0004,0.004121925171545666,0.001225890033689897,0.24603934389688564,0.058980521401112145,0.1566020682768596,0.15932466257142466,0.009265261484182368,0.3081599699959805,0.0029256311730016926,0.0018340094424514966,0.002618359822783554,0.028607495840729583,0.010996937181857467
W7006f3c66af00e6b0005,0.002250295462852244,0.0009738590995491853,0.1679477525864802,0.0587723692271799,0.10434759285436467,0.3329542048731015,0.00634094693977808,0.26950124775546874,0.0025484768262446287,0.0022107997214779627,0.002208200680744985,0.029077349379485216,0.01167658894486745
W7006f3c66af00e6b0006,0.003338769956657908,0.0009486077226299858,0.1859789312016833,0.055812661431041355,0.0952488513997556,0.2709059189987202,0.008634910155133617,0.32667353561490187,0.002127206503686855,0.0016715178540507817,0.002964286219369416,0.028614474426425687,0.008861063607637751
W71bc87bb603413cf0000,0.045161005277644356,0.001663028394857766,0.050403820810203635,0.02606004732309874,0.08914039234950182,0.019279298949058853,0.004463813948426795,0.016566215010436876,0.009838514905071032,0.26223945025512135,0.008190956427107165,0.0260655911795899,0.14372770847938224
W71bc87bb603413cf0001,0.04157172827023255,0.00212918909416901,0.05647137600981692,0.023080515458065127,0.044767597405476464,0.01407876898838645,0.0058079058249221336,0.01731954332107473,0.006845325042990173,0.30801815861299625,0.007628113206452644,0.03168607922955538,0.15570760231281439
W71bc87bb603413cf0002,0.03045519853108239,0.001154332930265024,0.032226916074874414,0.024120455463696535,0.1431018923155701,0.013429460717185924,0.00537833757158131,0.017410087623309107,0.0068914388713826056,0.23171967010045325,0.005869227571850342,0.025128028093167804,0.30416747682487943
W71bc87bb603413cf0003,0.033875463046010336,0.01235474141673838,0.05487586925068616,0.03063722257151526,0.2415440538662359,0.016252005595854317,0.005676178499068596,0.012898853975558905,0.007074600535515815,0.1180659364807652,0.008933669694335936,0.03715649818968083,0.11581492990270102
W71bc87bb603413cf0004,0.07395743183901159,0.005078967597903924,0.052697035883675185,0.03302874324808778,0.15120909227105017,0.024681437231962238,0.006879931662622456,0.019956227352133094,0.008506350345104415,0.19430544003693007,0.012254406869771908,0.05765983910691583,0.12137865461098886
W71bc87bb603413cf0005,0.11943664835118087,0.0035240882763707152,0.134626320000299,0.03158331274175006,0.11589311169120621,0.02087670422839733,0.005779440405803483,0.017636016494289572,0.008919139599483952,0.0876789472897857,0.008429212196911303,0.042691033328110806,0.10343728223486862
W71bc87bb603413cf0006,0.0279533999714975,0.01385922740608525,0.06713243009431281,0.030007802924428433,0.1941562078856585,0.018065044221565903,0.007305806521312711,0.014899386945889978,0.006958576727583103,0.16051080482938462,0.010185139682403305,0.03944588405045479,0.12433043632646024
W71ed08969928aa290000,0.0027792435108823323,0.011071393671279146,0.3714475521037284,0.009098085235079354,0.007133322482223198,0.3448019628681996,0.005628518860118415,0.00018417681969420935,0.0014559550534647948,0.014001646034058327,0.000234805640430128,0.22263962110238059,0.006182357573745529
W71ed08969928aa290001,0.002455219070907176,0.0001790247861472058,0.29055090569971503,0.00954543596429227,0.0071960466251810105,0.3991362829563745,0.006536862335890143,0.0001897577718171676,0.0015600474300569852,0.05077630443848985,0.0002813303279661189,0.2258149301385575,0.0025568328932904063
W71ed08969928aa290002,0.002427532296047507,0.0006990701113828761,0.20281702010536248,0.008547223251359402,0.006810181152106296,0.41280002163739843,0.007465375064960622,0.00016270665250364737,0.0019761494272302676,0.1716577874258918,0.0002612169966104997,0.179554011184419,0.0013895518396557548
W71ed08969928aa290003,0.0035033451147948487,0.0003344728874289531,0.3363708560588739,0.008724105836485425,0.006199501717702362,0.31834052386523976,0.010790222158880638,0.00035066515671709314,0.002547962913632617,0.05122944842215149,0.0007308495541969029,0.2544392373781626,0.0019089553621655809
W71ed08969928aa290004,0.0038121059754491933,0.0006938031819662329,0.05389514275123668,0.010261746273978946,0.005280390171026745,0.4195756734313669,0.011412470368897611,0.00011422790252472236,0.0031353910601327807,0.21774663349403683,0.00010410917960741783,0.2656418635482349,0.0021939266268546113
W71ed08969928aa290005,0.0021630956889261226,0.0007151236678807339,0.1803630191238841,0.010354360338182354,0.006600720401279833,0.38703286074128423,0.009632430297665287,0.00010956133925837666,0.002556942560849142,0.0320301535684184,9.411779312206738e-05,0.362341991185773,0.0018283257385186286
W71ed08969928aa290006,0.0036506772525347303,0.00019009401616704345,0.3322654778447377,0.010222639365632514,0.009821792543660368,0.34310812423985876,0.006181172924010468,0.0001517544712199218,0.0016397669326450714,0.03294872371068119,0.00010060965645377567,0.25550805703753593,0.0011085596118274902
W72644c30a07b7c5a0000,0.010836999076065109,0.5798322565155313,0.0018615892448923842,0.0005607942772686724,0.002365116980659168,0.001397531194554175,0.004482009883873929,0.25237183785807676,0.11448211840851445,0.00111875409842705,0.020208574973096388,0.003890391775008791,0.002133075840443022
W72644c30a07b7c5a0001,0.011761900806771449,0.8951523747068126,0.0018609988156624898,0.0009272918742838472,0.001670589492634399,0.0025089682648482283,0.013755880041391187,0.016374129397347538,0.026469593181307764,0.0005647224571764312,0.016168733187567924,0.0016707715608934928,0.0021332624445145392
W72644c30a07b7c5a0002,0.011391409235701444,0.5774542361653194,0.0018608724959881915,0.0009272787483696509,0.0016705466865107091,0.002508661125089366,0.008939188674740191,0.19071175269663684,0.1735306371163053,0.0011180349395222256,0.0196446279416135,0.0025015137106833034,0.002133036107416698
W72644c30a07b7c5a0003,0.01157659206315324,0.5786374555623337,0.001860859392077614,0.000930843795291967,0.0016705480810201804,0.0025084038774550272,0.008786780274417524,0.048186315521372564,0.315660460712496,0.001117737571619312,0.019366601943123243,0.0013903691267408594,0.0026886360750720184
W72644c30a07b7c5a0004,0.011391406569504636,0.5792315344825726,0.0018608706727657133,0.0009306762795664048,0.0016705511946662804,0.0025084151365048673,0.0048919285864609295,0.057096054006191256,0.3088835120364106,0.0016736763878647063,0.019366340222085863,0.002779250752797939,0.002688916058417663
W72644c30a07b7c5a0005,0.010280400283408308,0.8938788045256025,0.001861042026791944,0.0008346886655257262,0.0016705427790633437,0.0025103549243487215,0.02430300032609788,0.006308802626754956,0.027415722084867252,0.0016741434521193742,0.016168355601035102,0.0022258337457623347,0.0021334822514927367
W72644c30a07b7c5a0006,0.011113633494729975,0.582518140191958,0.0018610123448713498,0.0005603378060206413,0.0022261962377037718,0.0019528656596088457,0.002964765043580479,0.1237657561552633,0.24314830386022687,0.0011180578213568224,0.02022603475968243,0.0025014603578350065,0.0021334444993093044
W727940b18345130e0000,3.259189887254978e-06,3.114346454354983e-05,0.000947223299940553,3.3886949393867673e-06,0.0017140066527588363,0.00018904518882199012,3.742197677839709e-05,0.9601975060456761,0.0020852240623846084,0.0009287621771972436,0.017816440945448944,0.0002802400427673292,0.0014137320417349573
W727940b18345130e0001,2.753691233422042e-06,2.6022331654737513e-05,0.00040641435629139435,0.0005598127544957629,0.0024129832788489527,0.00018813865155443608,2.247192110339842e-05,0.9636061687109629,0.001240969188751441,0.0009287246638238081,0.014579050009126104,2.3611776200304822e-06,0.0002726767246318835
W727940b18345130e0002,0.0005607279512727445,0.0002904956559581299,0.0007491690852586768,0.0016798952282297743,0.0014926482091475468,0.0002824530270444806,0.000572418307769479,0.963802026425709,0.001322783454854532,0.0011163009806404159,0.0123789753444601,0.00028223663806046536,0.000790438680254224
W727940b18345130e0003,1.0245614428295666e-05,8.072876116487869e-05,0.0006629908804730867,1.4894356239917253e-05,0.0018636982342838287,0.0005870197280894738,0.0003599337481662724,0.9634182374566396,0.00031452710475271425,0.0005608553302526935,0.008096277489379737,0.0002837142550047807,0.0011722474741725072
W727940b18345130e0004,6.511932690187353e-06,0.0002135339271430335,0.0003566343920174116,0.0009300459343574442,0.0031915395995564654,3.416033150073232e-05,0.00044750501258422544,0.9510081452224132,4.831891461096197e-05,0.0005617554036270394,0.007945281073475157,3.5100774101785114e-06,0.0018780993601916467
W727940b18345130e0005,8.404164020480518e-06,0.0003735473015654554,0.0008904198250340626,0.0003779500851539019,0.001647811806311555,1.550464023276349e-05,0.00019656870136233422,0.9539360726279594,0.0005752158472420056,0.0005873466629871717,0.008207125548135916,0.00028275365107182623,0.0014666071761916374
W727940b18345130e0006,8.08003426760712e-06,0.0007646354666373177,0.0005021570216839849,0.0009308712051756615,0.00310813900889722,3.276858801672462e-05,0.00042454169887100313,0.9277467406241808,0.0007718969512411285,0.0011796969536586675,0.010171482489200152,0.0002829667312018759,0.001640465825574607
W729325f0d9eaf9060000,0.019283641185208585,0.005224224072749874,0.07451045708757495,0.018203372914894426,0.10367889505855123,0.010548850279321243,0.6086422743366862,0.004755620539266896,0.0025490518329433953,0.021782021075533516,0.014770472076426188,0.005530341700434818,0.026049754388828294
W729325f0d9eaf9060001,0.018483841248813478,0.005733198447814182,0.04924679793916396,0.019117127768185083,0.026362763777538403,0.00940097018226423,0.6156490987625188,0.008528699245251702,0.00251971891120224,0.1411425606874102,0.014894323771646411,0.0026814678926141175,0.019626712887262046
W729325f0d9eaf9060002,0.018863883093399886,0.004232230566149373,0.06058036006304283,0.015387887402212327,0.01432680953635064,0.009724265193906007,0.7202615982486328,0.007017862987972763,0.0019825687594351993,0.02713673349394101,0.0127096811404115,0.00226092125533536,0.020839969112153623
W729325f0d9eaf9060003,0.018778741501198216,0.005336454743151685,0.05970952054690371,0.018027009034599195,0.024951150435838152,0.010732149893443767,0.6516063249053123,0.006212034260131457,0.0025543756814494405,0.03686549713393592,0.015564487335057817,0.0037962862656008467,0.020610988730227736
W729325f0d9eaf9060004,0.018377085091949852,0.004812877640233577,0.0485526780962588,0.01762089401040494,0.03236469880668544,0.009686813955378105,0.6664842545331964,0.007326192955724055,0.00275065825963711,0.04249092595106436,0.014911586893570215,0.003923314660179749,0.020981246086862908
W729325f0d9eaf9060005,0.018328627114359928,0.004799671650497461,0.05738331288801879,0.017690705973766572,0.0513716937863618,0.00929567632602032,0.6148819517897067,0.006696324717849071,0.003607506692036812,0.07959068881642659,0.0159689100359649,0.0035195761459871394,0.02045044980843146
W729325f0d9eaf9060006,0.01791577441192462,0.005197247954072525,0.05252668262356456,0.022272392986575698,0.06982764096556829,0.010738166965573906,0.5482607404989704,0.006935025846762332,0.0029401633346461662,0.10196532528992182,0.01805672560472385,0.00370457354886583,0.021779518062845653
W7323d1ca6e11182e0000,0.00038547551002286864,1.869219104789793e-05,0.04776595476956925,0.006730371783634419,0.00630007904886476,0.8352259523678983,0.004130352227515442,2.8826150345559798e-05,0.00029768903756082946,0.0025103365729547103,0.0005762600879458495,0.09150116654229173,0.0036709356531319
W7323d1ca6e11182e0001,0.00037744059095933343,8.14107485433058e-06,0.03283651432394179,0.007064006450691691,0.0056302055254466845,0.8495456331410008,0.0030640966453077964,1.2809635774245637e-05,0.000285207546307857,0.002226689575154108,0.0005643276691617618,0.09609042150892147,0.002281414596254425
W7323d1ca6e11182e0002,0.00038563224104086355,1.8604200656138572e-05,0.10014926861466523,0.013260061929150318,0.013602230818266819,0.7850498174180073,0.0028548001923916237,2.922886289520241e-05,0.0008532979566379084,0.0016766924304830045,0.0011310508566269042,0.07660569628688448,0.003804726237546074
W7323d1ca6e11182e0003,0.0003748995034256775,3.6764839072908004e-06,0.08489523558316812,0.005539097356336905,0.010578641955069064,0.8132048093923385,0.0056254033064127166,6.436951398716906e-06,0.0002858464141444205,0.0002796908322969999,0.0005600686169113166,0.07571866364882933,0.00292321005676478
W7323d1ca6e11182e0004,0.0003736798247437768,3.019717165100732e-06,0.05485285862278209,0.004451685575743176,0.010481511295366293,0.8421069203950372,0.00583697669926211,5.391745976778717e-06,0.00028133597385858906,0.00027938907903762253,0.0005588979631207914,0.07597319027406287,0.004236170450909523
W7323d1ca6e11182e0005,0.0012565442143602347,6.732548106673773e-05,0.07945910342433353,0.0055708385044030174,0.010148316646489219,0.810200474919831,0.006476946151633747,0.00010340374804996705,5.995050193690934e-05,0.00031522624002908325,0.0006052554557148668,0.08126425037730262,0.00437407385418029
W7323d1ca6e11182e0006,0.00038306628978289873,1.161286366726729e-05,0.1131988035998422,0.013237858321465974,0.018185749281759627,0.7624364578402767,0.00447195902390297,1.9922673992629045e-05,0.0005666206623879692,0.000839663639078537,0.00112374356612285,0.07473718625911771,0.01077208249364482
W73ed5859f924416c0000,0.004767903663494818,0.0032517543455870823,0.00873394333344236,0.008609470579516606,0.00420595810321819,0.002794069659599333,0.001973697377931233,0.005291852435259546,0.00990036562037249,0.2518674220248477,0.005392338358550109,0.006765379400686965,0.011453876108170162
W73ed5859f924416c0001,0.002529991258206356,0.0025191114988654634,0.006411268210614493,0.0062168931775746375,0.002960950477259972,0.003234844394729382,0.0012229551282514073,0.005422259054684508,0.009471425047732405,0.3176245716853499,0.005422068311682873,0.003213403580242648,0.007977983496134353
W73ed5859f924416c0002,0.0025264103245221403,0.0022381885069572404,0.006138584290944355,0.007601515614592924,0.0031844573983882017,0.002771196839855279,0.0018295336578865423,0.014978252668891719,0.00956528784148919,0.2938999467946518,0.005568448823762353,0.0026484232966800816,0.007966595501598369
W73ed5859f924416c0003,0.002529356182338268,0.0016846661037525,0.006692238209608244,0.008159845428550931,0.00317337066127883,0.00282335290717736,0.002099395425824929,0.00535594425899454,0.007991004037035815,0.31797113695594004,0.005385759010083498,0.0020975379876510595,0.00976991233027316
W73ed5859f924416c0004,0.003086854875037628,0.0016873282803755798,0.006697177044896709,0.00655052457543798,0.0033129961645861406,0.003330081768831567,0.0009459016589726967,0.005145376617672557,0.009156624641967995,0.3046079146276346,0.004812592014655285,0.002380440881246346,0.007828057164461267
W73ed5859f924416c0005,0.0025256610023357546,0.0022391216742825965,0.006410091564706617,0.006073542595720669,0.003589128463395033,0.0023540509104067655,0.001960887651195971,0.0065834204234078405,0.009561458104142342,0.2805376556185535,0.00464330983415777,0.0025522829212320606,0.007594432759594456
W73ed5859f924416c0006,0.0039078346691434835,0.0030688907535762044,0.007702139689550059,0.010929262544996774,0.0028504712572044763,0.0023101687349930396,0.0011232810844714607,0.006068705732469231,0.00872048315033803,0.27052658972572374,0.005195645977595997,0.002354433812466912,0.007573743126894666
W74a550cd58cac66b0000,0.01154913098391548,0.03300154794188021,0.0170129888120943,0.0193542206519107,0.017139864862122125,0.3181335912543342,0.511550399174967,0.028113892766173113,0.0017753943270915095,0.0042565468139363375,0.006231340654349722,0.006683819536515571,0.007711483980109767
W74a550cd58cac66b0001,0.011579099448242466,0.03102192671479245,0.013619789420134473,0.016806443302112978,0.01704875529896477,0.3326250157395417,0.4948270064082817,0.028796577075569544,0.0015900494830779035,0.0041753500940951305,0.009315354369981684,0.006955401476281186,0.011426091066179847
W74a550cd58cac66b0002,0.010436364001159198,0.029475398108304667,0.012983082202545114,0.014765603134629362,0.015232868372163992,0.3151371890712393,0.5391284861929904,0.026132478645552484,0.0016805118964426766,0.004342175670936041,0.005160377573891264,0.005003314207818965,0.008843979658853782
W74a550cd58cac66b0003,0.009539421318688889,0.032792129591996684,0.01409037018199557,0.018103665544565044,0.015548136728677461,0.2940588678424884,0.547363046566497,0.027441742206817273,0.00140082272165479,0.0038645861683347855,0.006639057963073138,0.005562074703029926,0.007895652486923003
W74a550cd58cac66b0004,0.016712008620459684,0.028765958156679372,0.012235841715267065,0.014683936548508462,0.015487197777598551,0.32075006426852287,0.5156294143932012,0.024873313673655823,0.0008468574289229681,0.004206099166655454,0.010533479825204596,0.010191759747630239,0.010474216880872115
W74a550cd58cac66b0005,0.013380940523823012,0.030302045007835645,0.010621580619074028,0.016428994465916964,0.014893413495104727,0.3279594752262373,0.5215291917425122,0.02409647466290947,0.0016814388844336896,0.004208167155073447,0.009344096309814453,0.004833416920247731,0.008515834226477859
W74a550cd58cac66b0006,0.010440191333982248,0.031165228987378363,0.009651931286106585,0.016244649513122135,0.018415385947600903,0.3088946584074546,0.540561865666285,0.0275821279514821,0.0014033447993241114,0.0041446046811356345,0.0053807674179941626,0.005945618251533057,0.00748585196869665
W74ca5568fc785c740000,4.505726561184174e-06,0.3572572580318655,0.0031285319388072723,0.0013229559409461316,0.002662232113707276,0.11139831821308853,0.0021847861352884195,2.1447193230758644e-05,4.244125938074114e-06,6.027611413242952e-06,6.579775308783608e-06,0.5179051949682472,0.00409180125354652
W74ca5568fc785c740001,0.0014871416381545424,0.012839120409291709,0.008123051250753762,0.010421102216381579,0.038573619494578576,0.34182654207919055,0.006251251667816385,0.007019758625782371,0.0012790157856091553,0.0016569728588378449,0.002093981253862801,0.5391948861277815,0.027278964723389424
W74ca5568fc785c740002,0.0004150027389426486,0.005866634998708518,0.004632440815804274,0.005488844274305761,0.017549498855412352,0.4351374156395422,0.0031264182666079954,0.0023036927495121134,0.00040949953372329,0.0006022647198964218,0.0007123514821854926,0.5137128794478362,0.009635676573284648
W74ca5568fc785c740003,4.501217417253132e-06,0.35692573487795415,0.002102369506118105,0.0026203850123345316,0.004071688006043647,0.132342985029034,0.0013071003051570217,2.7224125730201507e-05,4.232219437761608e-06,6.220218678691108e-06,7.234076357178007e-06,0.4976771136143598,0.0028985163003430172
W74ca5568fc785c740004,0.0011894953478829204,0.0015171163876547783,0.008404546067185374,0.011390391114963868,0.03698135184150362,0.40657996759812903,0.0047833043475621504,0.006337509583143835,0.0011175949142667714,0.00595150051283232,0.00232277529497028,0.4878343555078764,0.024314821755874547
W74ca5568fc785c740005,4.500432467340147e-06,0.3568548580053844,0.0032958848714412627,0.0031825296226141763,0.004106732447113182,0.12995122744836468,0.0021931453260324737,2.278268954153064e-05,4.441354865038853e-06,6.443456044452321e-06,1.864483628901467e-05,0.4977328957735954,0.0026214866583102884
W74ca5568fc785c740006,0.0010793042280789465,0.0013766459322215123,0.009736754722043509,0.009681341083199922,0.03320550742649561,0.3810218046742409,0.00648069756148733,0.005294427848664341,0.0010120771321270958,0.006835594253904069,0.004744850036760189,0.516828466050933,0.021634738835759327
W7557edb163ff1ca10000,0.0010808340541758883,0.0003097285646731147,0.21753437263865386,0.11448185024081754,0.1086706727851421,0.2302106926467564,0.004348018483828646,0.0013202673565974683,0.001105494415302493,0.004384517537723297,0.0008895486884718682,0.30619643846355155,0.007967103098845449
W7557edb163ff1ca10001,0.0010185356121184086,0.0005862576927206352,0.08961894441376263,0.09105066153807173,0.06354247180113637,0.12734070219305121,0.004237924965621517,0.001005229643866002,0.00045084661402721425,0.0009724275689211607,0.0012474841918645686,0.6093740299744728,0.007830772587394192
W7557edb163ff1ca10002,0.0009920642948561724,0.0005525671510780683,0.1267576052531343,0.08480071080305673,0.07158228212034069,0.13342073514313205,0.0027729004132351098,0.0009792813333872722,0.000761810409960551,0.0007882774045132922,0.0019907920976539647,0.5640894490831606,0.00834720430843647
W7557edb163ff1ca10003,0.0010767864605851346,0.0006590040050239787,0.10753665228392303,0.049659297078374146,0.061843754628954806,0.19806521962048923,0.002764362101813388,0.0012463426929965422,0.0008071690875071111,0.002100612232258184,0.001809382561721988,0.5626505859384835,0.00856517735014662
W7557edb163ff1ca10004,0.0013085856208506386,0.0005252658904746117,0.16975114432480223,0.12311332285884415,0.05996225178117704,0.32000208716746653,0.006300950877292635,0.0005935482785648329,0.0009889264510740587,0.0012061313074412286,0.0008664411734616123,0.3049262154458154,0.008398468492443141
W7557edb163ff1ca10005,0.0009736755665143766,0.0005292078234105036,0.1834360982629877,0.12141868982178912,0.06736572605370193,0.2199526826236389,0.0033513967761481206,0.0005913889277733371,0.0010549327195565259,0.0014066587799538338,0.0009117815981780755,0.3902804660440424,0.007442783557803259
W7557edb163ff1ca10006,0.0009468339217066431,0.0004941308644932009,0.11818719068514763,0.14257383871977214,0.18073437999671016,0.08933119254017043,0.004391905225860408,0.0005189763219965493,0.0011845477627431976,0.0009372157614600195,0.0008549558303623606,0.45355360328408395,0.0056114414926908
W7575a97fc8a0191b0000,0.0005696317138064831,0.0005726104881201092,0.014308118368380952,0.017773059954277283,0.010917593920783581,0.1066763540448037,0.0014249572797047248,3.451669689143933e-06,0.0005596497927622041,0.0018543443553626772,0.0018666010123844442,0.8368573511514315,0.004943764921365762
W7575a97fc8a0191b0001,0.0016701951037184956,0.0005606592952797475,0.017274130367125804,0.01909035302972596,0.01323454978996363,0.10458800761918453,0.0020424712189968937,0.0005624496701164434,0.0005593019581681666,0.0017155692910750988,0.0005617095389528808,0.8335014196470659,0.004079147938022105
W7575a97fc8a0191b0002,0.0018570544115409917,3.70677958651499e-06,0.01958483450477008,0.01714534104903877,0.012251217759390807,0.1036058484291127,0.0027415611246284495,2.0693825883975223e-06,0.0009285081023131288,0.0011127642374150913,0.0011135421093977432,0.8340455526575447,0.004910795994090407
W7575a97fc8a0191b0003,0.0016714046451541365,0.0005599735715775475,0.023971668096446762,0.015727465869732296,0.011547528370057005,0.10814710109621287,0.0015324514937660805,1.9458545764818714e-06,0.0009301134117044764,0.0016712346718357636,0.0016727086241145827,0.8253297130830994,0.005149724265485993
W7575a97fc8a0191b0004,0.0018544990026845033,0.0005586414590211511,0.014894946482226718,0.02034556882740036,0.011942117684604082,0.10203127164694115,0.0023830008283998705,2.3556391790022445e-06,0.0005589736336194737,0.0012978925206210132,0.0005580813444870531,0.8379647832534078,0.00491067767475146
W7575a97fc8a0191b0005,0.0018597101737403206,0.0005655403183462735,0.020327806480543897,0.020837527069075337,0.010229597950984047,0.11351818347226525,0.003390171784415225,0.0005735594442361496,0.0005661745294671548,0.001301003116262679,0.00056140622729633,0.8193959233655664,0.006307242697940374
W7575a97fc8a0191b0006,0.0018978869083565231,0.0005668451399672422,0.13326976519087916,0.025593678637450417,0.015901710014210448,0.12366963296398203,0.0018552211749829778,5.684954309177904e-06,0.0005649512679460195,0.001297961131467776,0.0005619250628371917,0.6877504822305283,0.006365480888240966
W757e2d1c9dfbee5c0000,0.0011317778442087644,0.0003039560351909332,0.013201297145517057,0.002867871036915314,3.636853481752783e-05,0.7901513169529888,0.009024665271523718,0.0003413300288327342,0.0012719536893771614,0.000598389879714678,0.0005947119287185764,0.17832662835838634,0.002124804024198508
W757e2d1c9dfbee5c0001,0.0027888665008573635,0.00029182463412719665,0.012559671880548254,0.0020734655784006087,0.0022481442246807142,0.827737326387811,0.009724646775886856,1.0943897204590916e-05,0.0005668491217121751,0.001119338803924481,0.00056681998117845,0.13706721602355307,0.003226574303303371
W757e2d1c9dfbee5c0002,0.0017905262205338262,0.0004346779524043267,0.015677667418535483,0.0033766896768203276,0.003024976417181559,0.8085217380495894,0.008509606296330819,0.00012271175000459162,0.00012763145092286427,0.0006703569779438718,0.0007234077194354163,0.15317246937946805,0.003637016784228377
W757e2d1c9dfbee5c0003,0.0016830169391162933,0.0002984885516717954,0.014675524874598403,0.002299914387449147,0.003459244072363408,0.8184357630290042,0.010128128764058511,0.0002918854925520906,0.0004333789049828788,0.0005679749448576541,0.0005728856628801021,0.14240525003258953,0.004452871362896922
W757e2d1c9dfbee5c0004,0.002838757042023834,0.00035502268809452177,0.020000120243184986,0.002966967638813422,0.002959896504107331,0.8108430762052119,0.010205591802271612,0.00033790648224981475,0.00048015611573871665,0.0011573913638113238,0.0006094519415549558,0.1399401567161131,0.006954606778502738
W757e2d1c9dfbee5c0005,0.004458064052894362,0.0002948257102852543,0.015197846124892405,0.002933247407048227,0.0031729764111711406,0.8246517133806567,0.00893334972061851,1.477846183670859e-05,0.000848069792842093,0.0019553855255549676,0.0005765800329440389,0.13454028868064283,0.0021308647757136766
W757e2d1c9dfbee5c0006,0.0007062369941690545,0.00046865160385377633,0.02855244844506319,0.004287379451679215,0.002801040214102544,0.7888824136639565,0.009377314548092005,0.0004079138236502977,0.00112567771022269,0.00015812073423301706,0.0007903343056762705,0.149474060808224,0.012538734838821064
W764bbe99e72ba4c90000,0.003017524126069189,0.0003769206126990222,0.041679526688721526,0.015074371935892046,0.013956012447064696,0.006237899876489828,0.004312545623695668,0.0051995123375299145,0.017580888305719227,0.00540439666906587,0.026278883352793894,0.0029487042545845604,0.0463189982938802
W764bbe99e72ba4c90001,0.0030804164148299585,0.0006778240515450145,0.27311216730972904,0.013549595668876703,0.01563488234478269,0.008950305823974245,0.002581043204928505,0.0065452467247763,0.015032788387130855,0.005182286642638459,0.027860068305824694,0.004313644159048826,0.05082294925556945
W764bbe99e72ba4c90002,0.005532126053475669,0.003371837121590539,0.2427958174241039,0.015035591137201017,0.01799252100778579,0.005480286146615953,0.001913920989290467,0.008716105588251036,0.01224026634887936,0.007728980087144636,0.027041401772155478,0.005950137224643389,0.05189275988284694
W764bbe99e72ba4c90003,0.003030618186134117,0.00035387290392050434,0.1853773970510408,0.01459350810687856,0.015223988406388457,0.004861566324015433,0.003106870690945496,0.007124242067508463,0.010680135967314515,0.005239704821025449,0.02860069559964724,0.003305320207441687,0.04306605470913826
W764bbe99e72ba4c90004,0.003855043812561984,0.0015874599823912357,0.1778330687911331,0.015036097379744377,0.01795826968790731,0.009225661371000943,0.005450964606327848,0.0063764194730260145,0.013995016071745693,0.0060501472641842965,0.03229568661234421,0.0033591915752286205,0.043499227945889375
W764bbe99e72ba4c90005,0.004568089795368398,0.0006571405938636953,0.21725529408815972,0.014255689185544209,0.01675424779609877,0.006981416316831656,0.00334633137202891,0.007809457374965588,0.014188035740097301,0.007176685154129421,0.027431105125918735,0.0036700066748322877,0.04368790127706722
W764bbe99e72ba4c90006,0.0027498346944173197,0.0008101953213567032,0.20423075845390723,0.012188646216349297,0.017517552787118817,0.008035914796478317,0.002042215511133178,0.007443492033148816,0.012710481463309458,0.005604169789177567,0.028393043912330846,0.0018145548927751929,0.03803401793734054
W76ffa8ac18f801550000,2.2430967815433034e-05,2.4267456161741413e-05,0.01367968658301562,0.0033813763648844943,0.0031965060203802314,0.22063039953332864,0.0007632683808838513,0.0020792943238733537,4.467359190770706e-05,1.566595423554804e-05,0.0005934083678571875,0.7348202321955903,0.020725792008546334
W76ffa8ac18f801550001,1.1562947441585866e-05,5.367045544231243e-06,0.02229332758128323,0.0023793028622017195,0.0042005512354282935,0.5107388167622688,0.0014311809068181277,0.0020442829812553917,3.59099967788129e-05,4.774256169559144e-06,0.0004080499785204017,0.44906153210811134,0.007382317495351366
W76ffa8ac18f801550002,6.399730573102791e-06,6.272690029849258e-06,0.04153712630231526,0.003564730511947306,0.004755658198811117,0.6555994775985008,0.0008613592437185855,0.002601037286272064,0.00010976753029849177,1.15531881607249e-05,8.142804355730825e-05,0.2855345979157468,0.00532705041855321
W76ffa8ac18f801550003,1.1096645480215868e-05,1.269416717183782e-05,0.011444769620505581,0.0023675279909796225,0.004037722585391619,0.5032433923413905,0.001754512348119208,0.0026125313562206124,2.7883630739810964e-05,7.566799673276405e-06,0.00013627055180294475,0.46990508052593954,0.004430189424152721
W76ffa8ac18f801550004,2.3371579629263945e-05,2.1926316317077867e-05,0.01792736950944473,0.00266177881525241,0.0065256789856596225,0.5006015774418928,0.0014376129621040826,0.0028157176908555123,4.911398116298075e-05,1.355214872322272e-05,0.0009185360042252966,0.46166615019431206,0.005321143237744671
W76ffa8ac18f801550005,6.998788184767006e-06,4.767258780028671e-06,0.014231372079060063,0.0010411451133179918,0.0049663131255428625,0.7127188419388526,0.0011174576102782375,0.0026005095876397008,4.5255886539943026e-05,3.181795668457404e-06,7.974820098168055e-05,0.2606462594406645,0.0019782957880365394
W76ffa8ac18f801550006,1.1766745235173675e-05,5.0009847468757385e-06,0.015956904072187084,0.00415957962628373,0.00790690369931929,0.7616427610528956,0.0005750969262943539,0.002601341821948023,3.9003877245295136e-05,6.980768966080949e-06,0.0004635729006954948,0.20159487105044396,0.005032759636572688
W790478c62835aaae0000,0.011177348946032518,0.00027036679359467047,0.02978303679377962,0.27111831612958187,0.09175911148295612,0.03490649520630284,0.006352969032955387,0.4991113070727017,0.002549837294567177,0.005823296300371858,0.004427925372209016,0.005877893225667734,0.019743360059212366
W790478c62835aaae0001,0.00809345594173515,0.00011741859174853862,0.02708956825862759,0.26653744829281306,0.08753809348474806,0.031243747982988623,0.009747633916181083,0.5138961200308525,0.0038441719074645123,0.0058896577841326195,0.004958816100576693,0.005745209342122429,0.021088076213094765
W790478c62835aaae0002,0.007007529926437225,9.431952795956255e-05,0.02708584823117913,0.31685796331032895,0.08241669719271884,0.03845605243866126,0.011101291375651726,0.470028458197923,0.00291555784586517,0.005478863599078696,0.004960361794412157,0.006847619987950411,0.015250054947745171
W790478c62835aaae0003,0.0077706805746546636,0.0007654533063720608,0.02630708885286907,0.2429112708323875,0.08592387712002673,0.06920532993710841,0.0097856950043067,0.5085822702152093,0.001973775345704936,0.003959030652333411,0.005561584485339951,0.00711758574306084,0.019288905498116283
W790478c62835aaae0004,0.01007364985932861,0.000713417533676705,0.029695101625181672,0.2895868805755711,0.08249014817243155,0.04170079767569107,0.009909486978161696,0.48983528140705884,0.002090797717640027,0.00534682950209992,0.005847941619186372,0.008057101789977834,0.014974639214226673
W790478c62835aaae0005,0.008836620259640566,0.0006625647029876529,0.02929568611914177,0.3296256112465422,0.08483780220073568,0.04841403041736648,0.009424425939804313,0.4466548337523551,0.002529084685786511,0.006559008978834248,0.00552504868835579,0.0072621024110956405,0.011278537437178777
W790478c62835aaae0006,0.009707970224775068,0.000731327590963371,0.04000676027609822,0.29441892430309774,0.08387361911181866,0.06785392256282664,0.006211376578674655,0.43865070271193113,0.0017381660152034795,0.007663782739170312,0.009240587733011316,0.007458299351069078,0.023738499323734574
W7a583d6765fed99a0000,0.026089069683905855,0.0024499663914974443,0.014550593858962374,0.009789101326018537,0.007200242437311226,0.00519913759075624,0.004327166940094553,0.11340868510710059,0.5362320088662521,0.0983920395853123,0.0759365368767347,0.018191793803707307,0.017394271496386487
W7a583d6765fed99a0001,0.030275091989715494,0.012244197079981166,0.01459027601473472,0.009209902980941638,0.004989280861991292,0.00276275285232743,0.0031696057335261,0.05628923855892007,0.37648359937264847,0.3074536910998923,0.0664992016258796,0.020994636061260622,0.02167077826107444
W7a583d6765fed99a0002,0.017950072180978043,0.000598758708413576,0.007680109401731827,0.006730776623163748,0.009032585474057012,0.00322649360362531,0.00286029364315491,0.03776562075543974,0.5767323500433332,0.0274619973257423,0.22221349594985523,0.014170382162926815,0.022491516888485857
W7a583d6765fed99a0003,0.019333646013041304,0.0015829430273577286,0.01011747567592756,0.01040719853981003,0.005904541917729895,0.004158959334611971,0.0061824898947677315,0.037747234357823796,0.6804180247817087,0.04351892179086613,0.07504821178418065,0.016905761451119057,0.014763417244639707
W7a583d6765fed99a0004,0.030326020126182376,0.002035519887022325,0.014268118757341759,0.008734342179760728,0.00845188079291475,0.0036708177479197477,0.004875740863859312,0.036966362970052055,0.5673964186308406,0.026325547678215374,0.1833821781197624,0.015291525848638247,0.021445026099570115
W7a583d6765fed99a0005,0.024831501474009542,0.002399951182488506,0.016177368858163173,0.012029879587313476,0.011545965847085353,0.004807535501058919,0.0034257566370082828,0.06707465711496302,0.3331042353479164,0.2788905668352574,0.12850684607708138,0.019001633187502528,0.02137109223479862
W7a583d6765fed99a0006,0.01543698853112579,0.0019524173376816241,0.011494246840884449,0.011527074761601046,0.009099636089082687,0.004582626618523782,0.0032221994123590434,0.0875672014615529,0.3904789028791732,0.2054985410291303,0.14611675852246048,0.019358156070228,0.015136813378938688
W7aebe5708c8c9c110000,0.006831336093445163,0.003993321383910536,0.12119619653193088,0.07908747670133928,0.14716925771880965,0.04953896376108564,0.01712526642780933,0.024615239134295374,0.007377106389638707,0.014392426984653315,0.024161145396800258,0.09471988501028498,0.030565448125719732
W7aebe5708c8c9c110001,0.009875700986273807,0.005121326506077562,0.12469333401644694,0.22365245952867632,0.10285131135011727,0.046066575135557224,0.017131015071637376,0.018478493786743305,0.009094972876177105,0.01645695275188946,0.03420721542242041,0.22524628373018166,0.027877281922952368
W7aebe5708c8c9c110002,0.009197807496445103,0.005773059114782275,0.1515797088380868,0.30104974894390435,0.11764583859870473,0.07728059938167844,0.01899621616588958,0.020484908737734016,0.009434609868540616,0.016159447661713212,0.034183127610380365,0.05741321692812834,0.030539092851700995
W7aebe5708c8c9c110003,0.006173021415222524,0.0037911521758180167,0.09956618023010295,0.45103094754260886,0.07923431969348294,0.01821517895689302,0.021993975394854644,0.024675228385207623,0.008741705679220587,0.014156962264845472,0.02288641893568759,0.008937476016932126,0.026368138802595333
W7aebe5708c8c9c110004,0.006315482750752996,0.003464911289730904,0.10820550810006221,0.4334067279563692,0.07345396158739509,0.035464034546871345,0.02078698646059604,0.029076808013323636,0.009644187448109331,0.01667945701802538,0.02830155907852835,0.0095260430890987,0.028774833191979893
W7aebe5708c8c9c110005,0.008417729859853255,0.004050561837324931,0.10105712600937038,0.20317693060194597,0.0758840314721531,0.19207305192392043,0.015613849615613096,0.034013801470080644,0.007518867620114759,0.013974509036456762,0.02849305924507316,0.027340925390741604,0.0305783596232503
W7aebe5708c8c9c110006,0.006804410198621253,0.0027214759189627914,0.10008244115107498,0.1335764433771442,0.08266868230317057,0.20109363805867445,0.022207055353355976,0.02734956888353216,0.008590467331577022,0.01431642915987854,0.034759798067043435,0.03044412959437861,0.030311246951700375
W7c0ec7abab1d4b1b0000,0.020651330278490882,0.0014967631100176,0.1616449362153933,0.057822627385979826,0.5113940424132948,0.15692677812210049,0.01936416656017044,0.015017420864998498,0.0038986032135744798,0.003017943859395009,0.006820934306390038,0.01565143737150577,0.01247110363274389
W7c0ec7abab1d4b1b0001,0.014756783091857609,0.0009230537495007276,0.11555879166109613,0.07088176872118883,0.44036269398063305,0.2694251580415437,0.02780207929372699,0.008272229283217695,0.0038448967637585755,0.0035685585142775193,0.006009511869091293,0.014362614576246449,0.011649904549090193
W7c0ec7abab1d4b1b0002,0.008519907882761663,0.0008615760470225885,0.12608295526836624,0.05396369765247971,0.44421339879009564,0.30044225479933007,0.017126513732256682,0.0023555497867813746,0.003926398613010384,0.0032719569034324195,0.005732235992449602,0.014515188486180523,0.009301284967394408
W7c0ec7abab1d4b1b0003,0.01252101122903906,0.0017817833419447586,0.159240363333928,0.05983254399573522,0.395250363402555,0.294343590565337,0.012629451753045159,0.0033498741889923796,0.003616472297870863,0.003256453835858549,0.010439471269098955,0.01748789854974891,0.014642756951491314
W7c0ec7abab1d4b1b0004,0.011206507031569455,0.0009576996649070207,0.1587623600413344,0.048915797200356936,0.4012848715219774,0.2826812638791104,0.012540903814700957,0.008820417933534797,0.0114499049761064,0.004938660986752031,0.017876522740476488,0.01591615804237767,0.013443992880413836
W7c0ec7abab1d4b1b0005,0.010941483338081467,0.0015218046691350493,0.22779787674254937,0.05922289950753597,0.4186825305149893,0.20885241957343242,0.013876308905913695,0.006029252041637079,0.0057801975349121276,0.0035677891185864116,0.008432218426453834,0.013093160821867903,0.01150463051428745
W7c0ec7abab1d4b1b0006,0.008254096768796373,0.001167109093623021,0.14717821354339672,0.05536602318874501,0.466251497462037,0.25545918185245164,0.014411031056711147,0.004266284241554808,0.00427096393000868,0.0037091708934156283,0.006580476908276724,0.015343082405950257,0.009213640757077944
W7db60bf6517a53a60000,0.018450622371167374,0.4743071299214726,0.00876405903015677,0.006272153388326774,0.010239325134425128,0.004960846244938396,0.016561200227582697,0.02191910385933996,0.3550725752088777,0.010317238023845009,0.053999410463340454,0.0032431807063033396,0.005514050938867609
W7db60bf6517a53a60001,0.01827179365095152,0.4729059953496728,0.009970301756850168,0.005625544222505608,0.01005157935524117,0.005312363085441067,0.015170165453506213,0.02132094582519042,0.3765553978026137,0.01070134652777305,0.034125065628476905,0.002687450314534559,0.006624963194529575
W7db60bf6517a53a60002,0.01827312469041501,0.45530784160007814,0.0064396554276363194,0.004309764942989803,0.007781623491493511,0.002896909491563268,0.015911040333676223,0.02713948591657523,0.40591215119044893,0.011555398035052743,0.02807306101105801,0.0021310502422402632,0.0053745780457915785
W7db60bf6517a53a60003,0.01717375480114717,0.4586637534602939,0.0063937967131618345,0.005121355702039541,0.0062539843625416345,0.003174834371612174,0.012300255626181032,0.02652223703113906,0.4097390418460392,0.013870564326748448,0.025145621185234734,0.0019460694812292003,0.004541406273968763
W7db60bf6517a53a60004,0.0182288974630765,0.4718952968898221,0.010071911566742697,0.006614220000853037,0.010960347467567917,0.005496679450174145,0.016567708688939718,0.02127891628539926,0.3519521493868929,0.012100721918072427,0.05689961530943147,0.0025068508872841087,0.00551475114239822
W7db60bf6517a53a60005,0.016464773763509504,0.4627796446773783,0.010050316074608429,0.0036121031642469643,0.004818639933272223,0.0038218814840657008,0.011371968750858625,0.025384013147396897,0.39745734718586156,0.007557360245676692,0.04107186656050568,0.00240864103060979,0.005235726624853519
W7db60bf6517a53a60006,0.016466394993167446,0.4596557951168488,0.007967577053908883,0.0053728332131950446,0.008476086728173576,0.0040999425132756855,0.015631788266358693,0.025877607616081155,0.4019472162526967,0.009154511623733501,0.027743529542470325,0.002501312730836266,0.005930486330144376
W7e5726e04f4f70af0000,0.0017719582615596723,0.00034726193760114914,0.04495144191735471,0.0855223241284046,0.2925444554308386,0.24956213408270203,0.005610335099774259,0.023767335059107726,0.0013274773403323524,0.0012668943940195815,0.003846160843073155,0.28029799758886026,0.0071894608738192626
W7e5726e04f4f70af0001,0.001637030573472428,0.00019294627203739643,0.04385334799534144,0.0853601265081932,0.43553643646700996,0.3063812688495505,0.010824614050942075,0.022931070250737835,0.00122819628240738,0.001506174411452648,0.0030794690717466312,0.07986661041823624,0.005758663579366946
W7e5726e04f4f70af0002,0.0015815186838391672,0.00016816436127529914,0.04262181788634714,0.07569418568322259,0.4213707875076374,0.3190911406464499,0.011222626653449143,0.02250905164807765,0.0014872389238541886,0.003803394582337363,0.002866747187568494,0.08971173860227967,0.005463567366668137
W7e5726e04f4f70af0003,0.0016760575396138442,0.0002621156145778708,0.05433739510211665,0.08489874606584148,0.38884248643713804,0.3256177650920842,0.005530817834721109,0.021894166689089608,0.001265546306629718,0.0016174638676865643,0.0033775062733838227,0.1014983480497245,0.005555067945821787
W7e5726e04f4f70af0004,0.001562105947689458,0.00013345971695283938,0.04257557698494787,0.07615374222907857,0.49734982405600037,0.27181774498627426,0.00294802134338842,0.02441648763711338,0.0011883567247559016,0.0012169582531344131,0.003043313825410939,0.06924044761863297,0.006077554338542007
W7e5726e04f4f70af0005,0.0015664274760925172,0.00018599398486884023,0.043048901943386,0.084658347637944,0.3919783102661198,0.3493425288523715,0.00495684738974399,0.02363835969050652,0.0012233821958050508,0.0009898612584169513,0.0030372017378026204,0.08709240147797696,0.00640016042567396
W7e5726e04f4f70af0006,0.0016145825327212684,0.00022844256694852527,0.04263146517114042,0.08510049251682758,0.3754685195115649,0.3547867639314829,0.005844855172732499,0.022892063643021855,0.0012492128680844368,0.0009740118918297887,0.003184767988207822,0.0990559801070558,0.004771287193222924
W7e86cb0d38c2eb570000,0.8944922713451452,0.0027895171763673695,0.01707134472127514,0.014394679103634298,0.012535465897443745,0.016309240928946887,0.0021363743725540773,0.0019523666507629963,0.0024171581948734967,0.006317725374948219,0.005891710881799466,0.002511570064468641,0.007294925008687674
W7e86cb0d38c2eb570001,0.9011964860722851,0.003147334304722712,0.01904693610448692,0.010693272974649283,0.011512593904519669,0.01660130035568759,0.0026021254264440522,0.0007467230649832547,0.004083635383041893,0.006137309966419777,0.003927439010206674,0.0005686471874647474,0.009811152435041997
W7e86cb0d38c2eb570002,0.9030587450612859,0.0037803112442861475,0.013247912503433028,0.010261793901331247,0.011041116704645111,0.013288865033508068,0.003226628961252061,0.0007443104223627537,0.0022297278070596343,0.007444466675547693,0.005136246445613899,0.0008443312146313747,0.010495740441482514
W7e86cb0d38c2eb570003,0.9114847842617736,0.003458150231767739,0.01515977878978565,0.008238265251262294,0.010440331906617577,0.011589675607124102,0.0029577146366616784,0.00018843617494278362,0.002228300880115334,0.007525183279793784,0.0038987293096119087,0.0008399864781642887,0.008542163977561077
W7e86cb0d38c2eb570004,0.9101304273969172,0.003454687568545679,0.015195326084052729,0.009165035238172553,0.010987810939544148,0.011632841135869109,0.00309608033043757,0.00018927319034515135,0.00222855201160974,0.00808106723411661,0.003892042866623387,0.0008402177456294866,0.009421212144978746
W7e86cb0d38c2eb570005,0.9100416286065804,0.003745348027883377,0.015718464230152097,0.0092058738899891,0.010343537503274004,0.012187468297120075,0.0025808165110420976,0.00018849039761542198,0.002231479668888532,0.006988286243328614,0.003885687292495605,0.0008408269163174915,0.009702916640222662
W7e86cb0d38c2eb570006,0.9109461592585613,0.0034621469224781188,0.015843018663554965,0.008131978046316914,0.009960689912961035,0.012635274177657444,0.0026475620949454066,0.00018989791555369486,0.002228781701967453,0.006969577461576315,0.003926439015546613,0.0008424808976644496,0.009839437347918714
W7f4d678f74ce885e0000,0.09180205542344533,0.02303112121282117,0.09042853258214317,0.09667500615135571,0.027078959406496895,0.032049983581824384,0.020584272318919128,0.015044995015081955,0.00817632130131931,0.38062859697058915,0.02343777261341432,0.005650242431103097,0.0632434038804916
W7f4d678f74ce885e0001,0.10578215073701276,0.00938554086245569,0.25737540537926284,0.09447714313268855,0.04063455990145767,0.034229874030806504,0.021270155627658893,0.015663110957567925,0.009509980032605132,0.18775120735510373,0.028349390508890484,0.005257864735939455,0.06426250374438078
W7f4d678f74ce885e0002,0.09962894110107967,0.010460714379459259,0.20236416365575755,0.09521388618302715,0.03944103369893058,0.033201450759285475,0.02348788235682297,0.01419633401660446,0.009239084640592362,0.21263976110985164,0.028458084182115137,0.00481413025329923,0.06372887833221907
W7f4d678f74ce885e0003,0.09527833030410553,0.01127611809528403,0.18203405031937336,0.09611666222138864,0.034775354259256264,0.038107182213899506,0.04504056582100552,0.013983313350140726,0.008921390184045771,0.12400553987041901,0.028293493922995933,0.005227874392724017,0.061083699550144914
W7f4d678f74ce885e0004,0.09654605169950725,0.010055085255673807,0.14258570651055347,0.0980003819729114,0.04094626672151429,0.03544142814953798,0.04261612243578215,0.01454442935628647,0.010853689232527466,0.24863803675425156,0.026858540316142685,0.0045436709643935595,0.06035119702338386
W7f4d678f74ce885e0005,0.1004196975187281,0.00996254590289365,0.18579976570385945,0.09942477067922648,0.06241221300080615,0.03308679634152449,0.023244218408251135,0.014238781082681621,0.009794010991621669,0.21281302158181584,0.028552405667786277,0.004858189316198201,0.06213754786429971
W7f4d678f74ce885e0006,0.09533080178592113,0.011263631902496669,0.28708411827167596,0.11753328246113104,0.056010931205922536,0.03299345219470285,0.02061679232381569,0.014262333620817575,0.008689031195125017,0.1328253047732887,0.027555224650485502,0.005316512396355273,0.05724317109260863
W7f6c80e36d4f87700000,0.9603414914992342,0.0025013458030558777,0.004262608195816966,0.00518818244028023,0.003056926708218343,0.008637595450827333,0.00487905325705791,0.000556605348767814,0.0002797321971732193,0.0008421350282077411,0.0005577840260290956,0.004724724924395576,0.003336014898689421
W7f6c80e36d4f87700001,0.961735857185301,0.001668030483281827,0.0033829790192389693,0.00574340784390137,0.0031958560485782616,0.008915917462559415,0.003763402624696899,0.00055678505140901,1.481354775487691e-06,0.0011200783952358094,2.638072943145755e-06,0.004909647977231476,0.003335388646973624
W7f6c80e36d4f87700002,0.9623687558233764,0.0016680429476406665,0.003290308571915858,0.005743541012703572,0.0027791930988941287,0.008499476504425434,0.0032053997027284517,0.0005572543886418445,1.1662501846148857e-06,0.0017814815748412966,5.918575495383612e-06,0.004908810758386594,0.0035224521145968643
W7f6c80e36d4f87700003,0.962926632529368,0.0016680641444513865,0.0031054179325292587,0.005744386582628295,0.002779141931184065,0.00850930241158633,0.0032047670742486366,0.0005567354517442607,1.3873360823308316e-06,0.0002885388786243641,3.2089912974095084e-06,0.005464436036347572,0.003524160795396791
W7f6c80e36d4f87700004,0.9643046248857101,0.002223602986457278,0.003660757455679727,0.004634155084964164,0.0022235421219037673,0.00711854518675309,0.004312141836309623,0.0005565773082617532,1.1554012508807504e-06,1.0172154299122214e-05,0.0005566481504144016,0.005761175579388896,0.00296869275081197
W7f6c80e36d4f87700005,0.966170899424502,0.0022235541303368914,0.0031050218864311437,0.005192719447259335,0.0026401493703340235,0.005860999889303799,0.003759896123555879,0.0005565535987533891,1.1255567405803496e-06,8.763706233422687e-06,0.0005563353271757805,0.004642014717248443,0.003335941629367768
W7f6c80e36d4f87700006,0.9629542289694808,0.002779219842420375,0.0031054938941132686,0.005771622130385474,0.0031958253635757643,0.007821279199819689,0.0029261078174980517,0.000778701417899316,1.1553909063951176e-06,9.235313195958867e-06,1.0837815915364206e-06,0.005187736250316263,0.0032442866409699506
W803bfaffc17fce280000,0.0013957111959911964,0.0011193286380919247,0.014718907837629339,0.005787596850474512,0.004321580423346084,0.04344823460301403,0.006637061621539719,0.0001444803940461819,6.8644546074802925e-06,0.0005605316415166918,5.592412201925102e-06,0.9141799053231158,0.007386295356547397
W803bfaffc17fce280001,0.0019516395796006392,0.001119781168921218,0.017497460313451518,0.007533546154192491,0.007292558912848552,0.04787562109116902,0.00843615359784113,0.0002840848596909755,6.96491684311511e-06,0.0005607261813349751,5.601392402032902e-06,0.9002356961381371,0.006912899781627911
W803bfaffc17fce280002,0.002508390981736455,0.0013992618721274128,0.02218812468997886,0.01423774310716131,0.006361965769604217,0.05167705314097654,0.007650075179021709,0.00028562499845252183,8.076740758146598e-06,0.0005621958906773348,5.04938767690056e-06,0.8818152228216766,0.010455051388931436
W803bfaffc17fce280003,0.003627382530499279,0.0014085079728599931,0.023881877639966548,0.015493188721193237,0.006630868681440431,0.0633087719968784,0.01238545963553792,1.3175220217271929e-05,0.00038640580456649165,0.000845146889700902,9.367686905756083e-05,0.8609683614026644,0.00917744755851012
W803bfaffc17fce280004,0.002793578541119279,0.0008523609316486066,0.027889314985857724,0.018048531057962672,0.005636560916735465,0.052615698917040286,0.013220757465613473,0.00029092202097782,0.0009413546359594889,0.0005669375271069969,1.3301785294725359e-05,0.8652069579723795,0.011624039587768994
W803bfaffc17fce280005,0.0013954772000539788,0.0011190388714255172,0.014289236098658792,0.006544162269149021,0.00728537566694717,0.039853503947547865,0.009613906670132422,0.0006073928618140535,6.672435588090347e-06,0.0005603116599751635,5.620490669479189e-06,0.9128043179672002,0.005628102854050889
W803bfaffc17fce280006,0.0013956873922337356,0.0008415137062149884,0.015554431877272313,0.008113547976979637,0.005988230263402929,0.03820553975354269,0.01132427251909139,0.00032972931982089824,8.040676956989833e-06,0.0005604626282668654,5.851446018169543e-06,0.9104019522237806,0.006426743127607487
W832bb66842a232d80000,0.009851950798448918,0.0022361801448029105,0.04899417588024552,0.10496886007933533,0.07244425018412902,0.6491835386024588,0.02428243430747504,0.00483122293886809,0.0020882120827783375,0.005615978604810192,0.011663776392860377,0.017621130190168272,0.022899561585007167
W832bb66842a232d80001,0.005195801397374413,0.0013394074569582472,0.04434685612439737,0.09129991844644242,0.05255403076349452,0.6894790281615174,0.026918599551358367,0.003908960045049829,0.0002482418412170619,0.009636164025686877,0.0094379637361786,0.02030011019091262,0.021947540555764825
W832bb66842a232d80002,0.007031925279109145,0.00120993996773591,0.03615196672579292,0.07494266203915155,0.05239359655828661,0.7152530390217097,0.023538138821073144,0.0059026008606120495,0.0020861772425760294,0.010236644843849943,0.010401669441565564,0.017220962070608213,0.018921266317457365
W832bb66842a232d80003,0.021508001362538377,0.0017110032092644497,0.033422776599088516,0.06804389817886189,0.04678739563773402,0.7333062770624771,0.017437046515233253,0.004405639400803019,0.0014010883669472484,0.009623938524216022,0.010604727520167919,0.01593882222441719,0.0174813857980498
W832bb66842a232d80004,0.007960882210148824,0.0018860927985562463,0.04810681137752145,0.08841978524937605,0.04614473936329372,0.6933298637767246,0.025384676326078128,0.0028810704440898286,0.00024546700259707655,0.009264800829052896,0.012657128261614073,0.01805904935358601,0.021953329392289975
W832bb66842a232d80005,0.005848970417672603,0.0008515045246788026,0.04269061194092014,0.07302894025056171,0.046554538840905976,0.7333731224075872,0.02135042351422856,0.0025588549660347194,0.001104713379286645,0.008687009445641214,0.008464896031168099,0.021601793062952776,0.01166820803010887
W832bb66842a232d80006,0.007708555405667661,0.0008976226130422395,0.04622475243840669,0.08996966813103591,0.050489735854973204,0.6856264648187981,0.024790325509255792,0.0038284942752719367,0.0009993928315995759,0.0077597191976054,0.01147524362431162,0.01906415783770959,0.02832544717572655
W846e69bda91827c60000,0.003344134230587869,7.403997800939356e-05,0.05017514156832089,0.03255548435167132,0.5504591510388056,0.17294492095174294,0.00226686621683691,0.028016449626067873,0.003513763829440259,0.0065748180810041865,0.004254265413175484,0.12998221951607303,0.006559116658842067
W846e69bda91827c60001,0.002104220273262956,0.00010802890606506834,0.050848107548400516,0.06644570569181912,0.40631032504539305,0.10401449716208182,0.0014243061248745224,0.026016833519630293,0.00257150652223026,0.003817793725959809,0.004110455694784993,0.31747101952483414,0.006132537095870375
W846e69bda91827c60002,0.0029996695225079483,0.0006999474051306286,0.05806211890551125,0.09129106454305227,0.32433793218278206,0.08061833567678277,0.0014603450026551019,0.027392590747029627,0.0025898913675481946,0.007923117121482824,0.0051732981275071505,0.38196004648862425,0.007046835156541932
W846e69bda91827c60003,0.0030282295595815962,0.00014200566863273415,0.06104236189512644,0.05537021550727088,0.39834642147555993,0.09083141299605212,0.001473166514612151,0.02746195416818775,0.0034535490731961893,0.004256004780485689,0.005464842966078242,0.3328533958530334,0.007961575940224494
W846e69bda91827c60004,0.0019557501275052837,6.585649818465716e-05,0.05627375227916187,0.04651197046837673,0.6028695624917856,0.07689951156339016,0.0015174048447455964,0.027239705870419222,0.003106538650902258,0.003650968906181781,0.003784451743156449,0.15946073611431769,0.006989196861513163
W846e69bda91827c60005,0.0019597585064282112,7.68325688984772e-05,0.045765931390633945,0.0425728076867195,0.4157916517462504,0.2312278667566811,0.0015410461750749373,0.025892230343973897,0.0031116973445995512,0.003678756431278593,0.00382291782284266,0.20760874715377134,0.007303608384303511
W846e69bda91827c60006,0.001950647505195631,0.00010319513486353824,0.050679638004073206,0.043837931495370665,0.3049160488358984,0.28513982048686626,0.0013602094619762038,0.028196672708469917,0.002572007023378226,0.003112946527442321,0.003174629474482731,0.25973539255054584,0.008481220326854506
W85284b0ed100de9d0000,0.9478729539783998,0.0025015319613306726,0.0015610871328848876,1.52702850837536e-06,0.004534266183762748,0.0037916575679729646,0.000927194062790297,0.012788726580933416,0.000926990229010747,0.01055715759792779,0.0018904186670559934,0.00548749309777839,0.0037445153086702277
W85284b0ed100de9d0001,0.9496711818988671,0.0027791441227194543,0.0016690222662472704,3.265681484686103e-06,0.004698254765576904,0.004307663347785425,0.0005567124187747007,0.01278080342573037,0.0009269078114332123,0.009815807146674096,0.0013904381156091001,0.0051553229576625295,0.0037271223268525422
W85284b0ed100de9d0002,0.9504463956110388,0.0016680161225074827,0.0016689842483958968,2.945948106757927e-06,0.004923955472576502,0.004433212146450943,0.0008344976128560644,0.012780316564456011,0.0009268841087865094,0.009815792818826503,0.0008349440259029913,0.005139581976253962,0.004282173087261499
W85284b0ed100de9d0003,0.9484905541654498,0.002223612295131332,0.0013941672267456216,4.65767562966853e-06,0.0052200804148385144,0.004600070763315888,0.0005567243671173307,0.012780772008087287,0.0014824284161232076,0.01037137303725694,0.001390897218934587,0.004865741970160587,0.004093287166598251
W85284b0ed100de9d0004,0.9487502238525383,0.0022236051423032395,0.0019477842509292359,4.619915435678452e-06,0.0057859492338266216,0.0038160469846572247,0.0005567372084852853,0.01278030205682851,0.0014824086428617165,0.009815870363350049,0.0008356212330149675,0.004826361548349617,0.004648188384716197
W85284b0ed100de9d0005,0.9500365205066272,0.0016680369331945701,0.001117099539490002,2.4106425954643908e-06,0.005502590171509336,0.004754263920413542,0.0005567518903428763,0.01278030042793497,0.0009268556814548325,0.009815821815361172,0.0008350773668304725,0.004833379556982726,0.005213298711223371
W85284b0ed100de9d0006,0.9484119517119133,0.002779149610829262,0.0016690800741082183,2.9936518584483243e-06,0.005522149140395064,0.004885722772795064,0.0005567269031378114,0.012780342236040314,0.0009269083033338904,0.009260268635825797,0.0008352174446317635,0.0049171392048605895,0.005480047033015647
W8660945c824e57580000,0.009312656050564493,0.00221396398221429,0.8180300778572035,0.030451658692655068,0.0265302475179074,0.021728882356182425,0.04836716365704765,0.0019413817943854624,0.0037618177415824354,0.002989193235216454,0.0014768703718718626,0.009336778872259303,0.0068110700645248505
W8660945c824e57580001,0.01043914586674984,0.0016378180256981718,0.8117732380031043,0.033896852972881225,0.025410966216114342,0.018753390578374576,0.053188810050917086,0.002390959644358472,0.0034550473985649646,0.004620093906787678,0.0014630921834924346,0.009039375716270412,0.0066063513355235455
W8660945c824e57580002,0.009521271153297492,0.002201210124060468,0.8332382088508966,0.03215879001866705,0.026763442075845505,0.022675867330801104,0.031013403200759106,0.0022170986741990757,0.002893337781362874,0.0031178178594342557,0.0020258357425604933,0.007966917923671808,0.006887656875110195
W8660945c824e57580003,0.009686878573524996,0.001515840337183903,0.824120821014308,0.03603995166854459,0.026704268674318313,0.021101264816887576,0.03163751012651255,0.00390436016436582,0.0032714519102738132,0.004419454490701853,0.0031509303314670844,0.007788135842388476,0.008650686293571538
W8660945c824e57580004,0.010381844136909348,0.001626783039770992,0.827249541740536,0.03454251374425443,0.024225149147136173,0.024584647039280903,0.03564507157131211,0.001654979437671684,0.0034617694816027797,0.0045163668483292445,0.0009049799670992254,0.0076622599150782626,0.0076403253843175065
W8660945c824e57580005,0.009645698021477921,0.0025550725188849535,0.8141200051468673,0.03475789279730661,0.028200619776009808,0.02285536428195716,0.03813374900159131,0.002823360932394183,0.0038606813871230627,0.005159076303399009,0.0025030878627260505,0.01050571532191574,0.008010126823341665
W8660945c824e57580006,0.010261323534653876,0.001780264825249078,0.8172605531178838,0.040179461334439025,0.027490104890491928,0.02160758556898338,0.03523192836470457,0.0025119336212637753,0.0038728320906323615,0.004529660836670337,0.0031397506782872707,0.006534415757594601,0.009344889930829645
W86ffa78453432ead0000,2.5710365660938884e-06,2.914852350544734e-06,0.0021567495328737984,0.001684137607306638,0.0047678938955423664,0.13851555656360515,3.3609852615458482e-06,0.007229611244601962,0.001391084331424354,0.0005596478825252067,7.906747719045932e-06,0.8396795161650604,0.003622578058318239
W86ffa78453432ead0001,3.044738090188752e-06,3.651580284838243e-06,0.0026365903563363587,0.0018243914732391,0.005035153335640638,0.19563919196177557,0.0005611994985904905,0.007232969371710419,0.0002806151332487722,0.0005617692516933469,1.3327461879837053e-05,0.7831243946911267,0.003074369627852184
W86ffa78453432ead0002,3.0580514059051494e-06,3.6604140258032275e-06,0.0021750291697881863,0.0018236719004869984,0.004647578621370589,0.37949653546123385,5.822134078501095e-06,0.0066768224958561615,0.0002805048986596161,0.0005741973288106505,1.191845363528552e-05,0.600391419025012,0.0039017386805657826
W86ffa78453432ead0003,8.266173819462723e-06,3.589299161328366e-06,0.003321780877220833,0.002497548274131175,0.002443077885780294,0.32903653211080053,1.0914625809803797e-05,0.005011013230719204,2.6897726711299257e-06,0.0005633517950231912,0.0005688958484098368,0.6534369548366472,0.003088280812159872
W86ffa78453432ead0004,2.9704885447235365e-06,3.5709059213378444e-06,0.0026371011048400396,0.0018224693958443902,0.003550595484750319,0.2197593677149404,7.540164425630474e-06,0.006121813066622466,0.0002805401393582401,0.0005612038864413536,1.1338070032045825e-05,0.7627224063636785,0.00251186314017027
W86ffa78453432ead0005,8.265060264016364e-06,3.5974924599477635e-06,0.0018323760590347488,0.002491253093918213,0.0028627647875649693,0.18917110823589386,8.66647973292666e-06,0.00501068044754645,2.675958982771121e-06,0.0005620732075978943,0.0005670808673925723,0.7935718418453287,0.003900505151360658
W86ffa78453432ead0006,2.9902461404064643e-06,3.5854097478754423e-06,0.0027202760400692905,0.0011260457792130628,0.004542540200540006,0.12809301418948285,0.0005639053042751908,0.006122307141003804,2.8186308393377562e-06,0.0005623910441312425,0.0005698384335293075,0.852615486183906,0.003067448595049509
W87d770d630701d350000,0.0033450671197892087,0.28255354256223464,0.022118996654926077,0.03648084937607228,0.5712258612762167,0.014356948461572646,0.005100964580236855,0.0019509989145217155,0.0023641709354349756,0.0031116001352410865,0.0026608270558477606,0.04145043800278497,0.005559002765706979
W87d770d630701d350001,0.006928347701823149,0.0013943791348162407,0.030031829051848875,0.05296651186192033,0.7984266510993464,0.020284545940006483,0.010680344097449373,0.0017959013237006983,0.002972814095622623,0.004314281210099439,0.003299016041897634,0.05245736919578101,0.006046473707848758
W87d770d630701d350002,0.00513333686442223,0.3026515058504833,0.024578968696195108,0.050775812522715645,0.5339494357381388,0.015737989871382002,0.012555075970575437,0.0011316447133692216,0.0016699771049114567,0.002741073024064691,0.0014008749063833866,0.039347716983489295,0.003060517123780532
W87d770d630701d350003,0.002898456475543437,0.011977171672881884,0.026860961169997193,0.04179701581821375,0.8193390600731065,0.02156784683462698,0.005812583142948691,0.00176920936750425,0.0017686635917250025,0.0050018491140214555,0.0029443182801886097,0.04744963358155766,0.0031446672421520977
W87d770d630701d350004,0.0030746202749814843,0.3459168384332811,0.02112602410004531,0.046411926085164444,0.49081139644796073,0.01718682584217051,0.007894905705055948,0.001860002978412169,0.0022259458105256397,0.0032791100258548604,0.0033667091447902695,0.04236007769334265,0.005283301932158468
W87d770d630701d350005,0.00544403775638308,0.013288168431323275,0.026062503635949467,0.04933877664762687,0.8023585061130121,0.0184679434787816,0.004735170374521304,0.002903480454773501,0.0023453233355670974,0.0034184346162128777,0.004027743288625963,0.05007091536327668,0.006917696774282813
W87d770d630701d350006,0.004595729738408139,0.013104890168746101,0.02700316675884409,0.04961526793888274,0.8040881266465357,0.019692846749727554,0.006017496165631003,0.0028818807727788672,0.0023314105021158787,0.0038504374329514277,0.0040729899651776045,0.04575427369991999,0.006480714240091517
W88df56cdedc1c9f90000,0.003337491692947977,0.002415130667197078,0.037927845647889785,0.01895831690200988,0.010640873203689871,0.00963587585151757,0.006188866165515917,0.004674615524986429,0.00641122603540785,0.4474404405703168,0.010797486778390935,0.00101299932757236,0.33446261471666283
W88df56cdedc1c9f90001,0.0018336935497940401,0.001955983846570041,0.08882798769578994,0.04199567241475666,0.039350828320427245,0.0077926246847370454,0.007680850622875224,0.006579208168008953,0.00514943152111203,0.44643998699389925,0.009081803571818777,0.00038415908506737114,0.17461281678542082
W88df56cdedc1c9f90002,0.002507746620386315,0.0016821538017143954,0.19081451603427219,0.0187247967156224,0.03417937317083372,0.007385477162890648,0.006635302399975121,0.005043893234219941,0.005324342582864571,0.45575079985349676,0.00914090437800403,0.0009307155305702206,0.1231799020298348
W88df56cdedc1c9f90003,0.0025309068756559894,0.0011282849444951058,0.04876074101220048,0.024837393325688035,0.1417742951193706,0.011382283736692304,0.008523691435625059,0.004035375168420616,0.004848983066521148,0.44810084670262595,0.010259442522717451,0.0003820651117079087,0.10517074535671818
W88df56cdedc1c9f90004,0.0019709393574388343,0.0011378604600454968,0.04688855777029843,0.016159820337123834,0.09553444238180336,0.007076639909371427,0.006241261757955001,0.007229449155985289,0.008452105635278808,0.5238760547839861,0.00914390423537525,0.0009361353609519818,0.1294049685561098
W88df56cdedc1c9f90005,0.002526962215610771,0.0014086952896917525,0.05887911669141665,0.018958775229301356,0.0851129520329493,0.008074124439676294,0.008823033625804527,0.006371738680091017,0.00610003263155172,0.4681689094548075,0.008547486193734771,0.0009386616548110604,0.16046034590902386
W88df56cdedc1c9f90006,0.0014543649580439069,0.000571440645463449,0.02988030341171834,0.02659542633902082,0.12313867315051567,0.00945340069036394,0.007480285678456863,0.007790177894044469,0.008569404339106202,0.49956511654249214,0.008230362563142772,0.0011346319253113214,0.11149078594946839
W89dba8cf45fe1eac0000,0.02010111223215537,0.5282292444825366,0.005041373550411725,0.004260745079530967,0.0030386263149069425,0.025395670606481065,0.377840876896062,0.0004186941088465377,1.4885376676861604e-06,0.003022735621745276,0.0014395811887286626,0.022297670816451794,0.005840919265449844
W89dba8cf45fe1eac0001,0.018341854782952246,0.5731322229402683,0.004634307277058714,0.0038904343072927367,0.002983156721138573,0.024038048469859703,0.33494251021401583,0.0015331943340341472,1.5824597962986716e-06,0.003913397478616449,0.0013817444648198541,0.022668024892961377,0.005841213485263491
W89dba8cf45fe1eac0002,0.01806370742236508,0.5345449186437474,0.004819005815583673,0.005080775684702488,0.0012370426811858693,0.02314481838813661,0.3769898727321221,0.0009774032876859618,1.5461176075918136e-06,0.003939454299041819,0.0019369656207071666,0.020723521659150732,0.005839746705904697
W89dba8cf45fe1eac0003,0.017971534474336522,0.5485764770185998,0.004541505351295111,0.005082318663395426,0.002348247965941438,0.024003007989343184,0.35999854727544883,0.0009745461948835009,0.00018710723655224776,0.004282757747741507,0.0013818428215119011,0.02211247572332967,0.005840540570184812
W89dba8cf45fe1eac0004,0.019082688435784423,0.7343133819305102,0.005374917138196367,0.0050808638831724064,0.002070468078265028,0.024433228857860034,0.17160736631476883,0.0009772100301569775,1.4502719154080244e-06,0.003912171659409494,0.0024929605262487002,0.022112483588730383,0.005841354520488597
W89dba8cf45fe1eac0005,0.016958327748331236,0.8272214688854429,0.004819348763703978,0.003970523897195048,0.0023482536846633857,0.022696468450888265,0.08557324644936337,0.0004221980810889787,1.6481823317876048e-06,0.004692493081043812,0.0015299115820383666,0.0221124991276904,0.005840653579992471
W89dba8cf45fe1eac0006,0.01797351759501519,0.7061456157783662,0.004634474467804257,0.004525646111437145,0.0029037059505438293,0.023006190441596828,0.20110534396291171,0.0004194835842395057,0.00018688925855219366,0.007201202924391327,0.0013817915256632786,0.021834682385919874,0.005285364519947596
W89f090125bfffe9d0000,0.0067820112427786254,0.0044694602485836205,0.027506558861239903,0.057966473842943664,0.04413493530063703,0.03478591537474522,0.007927313323371555,0.42274305773347415,0.0037006578544145873,0.022947291366619316,0.028333060042390768,0.005409390201038838,0.051307121817521485
W89f090125bfffe9d0001,0.006414484980706767,0.004434411191665796,0.02929696960174021,0.09310054590685225,0.05337026584393736,0.030688855125329744,0.006371968350220531,0.42141516712369764,0.003731885543803068,0.022866947005043478,0.02839387854252323,0.0071184365085386675,0.04431282328145763
W89f090125bfffe9d0002,0.01397720572493845,0.003159233468269693,0.023440739563543266,0.06628551488738703,0.0505346006736677,0.031178353332422068,0.004592453400726321,0.4203213483757133,0.003938726798555513,0.023400817223942518,0.01954339460128182,0.006603176125446413,0.036603647449492516
W89f090125bfffe9d0003,0.006822398433382,0.003345539110471285,0.024120067969825798,0.06883313886537658,0.06407095960609764,0.026278712276480386,0.005090970650651124,0.4160865314646953,0.00317042982356831,0.020917349287671905,0.020331159039402472,0.006779922454347984,0.03806212007769663
W89f090125bfffe9d0004,0.006573307328185169,0.0034113829273060927,0.023961150137837856,0.06495184982771147,0.06462256466040522,0.028616610955732726,0.00497333327310279,0.3969054801369557,0.004378757119525524,0.025396961682676713,0.020002956619352506,0.0075918057461933555,0.034678668715856294
W89f090125bfffe9d0005,0.005439154204694647,0.0031597303969960115,0.021711341723159857,0.054139929107976964,0.04231430089764154,0.027890846910824055,0.004608265865319437,0.29248726707258,0.004527090300214029,0.018039923273706144,0.021500840570448435,0.007493232589859778,0.03387478814606739
W89f090125bfffe9d0006,0.007024065825673756,0.0032268278094729754,0.020556497401727374,0.05730699416244212,0.03761950052738829,0.028085463775352235,0.005522251443063074,0.33258391430969414,0.004438411619143454,0.020149005803380058,0.021670829310828525,0.007193893179140287,0.03508654828202485
W8fdaa6f350b04e640000,2.0032406106020315e-06,1.1169490431978474e-06,0.0027851861462902684,0.0005610310871170542,0.0022504428586431137,0.06604997353833074,3.3524938472763395e-05,0.005557592499619194,1.9276024487706877e-06,0.0005563771096198149,1.946275772788124e-05,0.8837346060852557,0.038445508625420705
W8fdaa6f350b04e640001,1.0142282186838616e-06,0.0005612992518345692,0.0016934091488355655,0.000604875658040922,0.00984514002419397,0.12581404200352433,0.0002068153929724777,0.0022241758399989104,2.3457745791256233e-06,0.0011119277023354185,2.2694401229877776e-05,0.8142792210501365,0.043631674452129926
W8fdaa6f350b04e640002,9.851072672704014e-07,1.1348960877687417e-06,0.002006448523379212,0.0005620678538218945,0.0024612920912003857,0.08382519357878108,0.00033879601446573675,2.3040247806169678e-06,1.2970020114719331e-06,0.0011120003910441982,1.6286608707656437e-05,0.8888177980624596,0.020853120133764603
W8fdaa6f350b04e640003,1.0047180944823218e-06,1.2275751311604664e-06,0.002015777840269311,0.0005765326314683944,0.013020642538921165,0.07630764712878912,0.0004918190359846035,0.0016694051320152925,3.415500588439963e-06,0.0011133331215429623,6.08179321422192e-05,0.8482494088970208,0.05648768105558572
W8fdaa6f350b04e640004,9.632787216643245e-07,1.0913167635783784e-06,0.002971194559257192,0.0005628825445071201,0.0018913519431170266,0.12704416652672218,0.0001663182492596555,0.0022244593440969448,1.0147599923920815e-06,0.0005563426364287469,1.1992125204177695e-05,0.7953440892835454,0.06922294028484821
W8fdaa6f350b04e640005,1.0091803552298924e-06,1.1435649819969233e-06,0.003120826934846211,0.0005613502976745671,0.0018204772961801447,0.10689241375240996,1.4167264050252465e-05,0.0016687914098007502,1.549777557843249e-06,0.0011118259952618914,1.5272654651978313e-05,0.8015429207388451,0.08324631784080076
W8fdaa6f350b04e640006,0.000834545149375451,1.18660399481127e-06,0.002980040054300898,0.0014091192555124319,0.041431214412266985,0.19351034943266587,0.00028761615862211157,2.418380934433602e-06,5.301350381051846e-06,0.001116860379484386,2.116604252025887e-05,0.6226680045404851,0.1357305962541766
W9167103c2a2f5c940000,0.004601271228519145,0.0021483368067902213,0.009373891931660818,0.004489154948037106,0.007088156407260249,0.0030817395991936717,0.0015272419835308546,0.03972197561956787,0.6302894498438816,0.0020437347589348977,0.26252364166784253,0.0005443261716649702,0.006246694174370521
W9167103c2a2f5c940001,0.019031533063533727,0.002633265253358189,0.01659896210619809,0.0085402087390757,0.005790947550673124,0.004362623728734642,0.0015904110549596706,0.037915494253143646,0.6686715311774424,0.002693591517153914,0.1891901348088875,0.004459897073383185,0.012205131636267364
W9167103c2a2f5c940002,0.018644994604330254,0.003357648013544321,0.014119348416859063,0.008121733206391788,0.00671570657360671,0.005026674952808866,0.0012496215258174276,0.04396248062100549,0.6800100310383085,0.002837256307034708,0.17472015920652492,0.004189622778923869,0.011492702194975698
W9167103c2a2f5c940003,0.00556159695971046,0.0026473980485806517,0.01022238081600042,0.00604293807921995,0.007086096526785008,0.005086321583298658,0.001633074697185628,0.04329092294888203,0.6846971230241635,0.0025095121057771316,0.18725165888597559,0.0009543426490593982,0.008523379217627112
W9167103c2a2f5c940004,0.00796995423581527,0.0031801542811829516,0.017936293596791282,0.009808112380434112,0.005967081944218486,0.004031375128183356,0.002607041294845245,0.049920328446611144,0.5955774994667585,0.011766957863274965,0.22259756883678894,0.0010806947243942563,0.01605404275822689
W9167103c2a2f5c940005,0.010687081326860004,0.00311201977676817,0.04578549445689756,0.007360016527900421,0.010953878540560352,0.007261036185257814,0.004434408171177867,0.049721266661249895,0.40898724314059937,0.004651010938342945,0.293096773829349,0.0011623504209167597,0.012855412533390132
W9167103c2a2f5c940006,0.021363060379364324,0.0030799525894064836,0.02407336474007695,0.010961185926699719,0.009058081507623774,0.00623794338760435,0.0024279094680274716,0.04536312389649741,0.4703986332611721,0.006178334108575315,0.3222966545191793,0.004207072726077954,0.017475606781163215
W91728f6dcf9532870000,0.008814860256480143,0.004423356195363206,0.10379624881907241,0.030954639455553885,0.022278335345513513,0.011015595270734448,0.057785994195173,0.00858900939451777,0.014938760357307223,0.012997948128579672,0.023929941968618963,0.003961031079910696,0.37681864433477547
W91728f6dcf9532870001,0.00789346887346121,0.005923345234415536,0.1487176222271335,0.029474460125659574,0.060663493565509485,0.010598877621604585,0.08086750458390583,0.010460736856668429,0.013744979995377278,0.01597795829786233,0.024571063143167367,0.0068653366314927805,0.30767589857053484
W91728f6dcf9532870002,0.008629696274855476,0.006531506274489805,0.14541531290315354,0.03034875783081133,0.12120443827023615,0.012305178866466102,0.08725867944632719,0.01137680393919043,0.012575845685320967,0.015804660372585832,0.02934269092462778,0.0058748711742144305,0.20324988826549517
W91728f6dcf9532870003,0.008721857815368115,0.004238418411121151,0.34830070861062984,0.023233847323975366,0.02023807687242316,0.009278621341929348,0.03157166929726681,0.010515135534285867,0.01296242306542091,0.01763254978452251,0.02748017877317334,0.005013129153319929,0.25952711227451225
W91728f6dcf9532870004,0.009192901125337395,0.004100188820852292,0.15826477824423402,0.0263619478509389,0.02890014551388247,0.009683017916999525,0.09089896495186982,0.009616376819394975,0.01520792495787921,0.01483768743255922,0.01960405505928022,0.004671091539794676,0.3005034379780532
W91728f6dcf9532870005,0.01027490689926375,0.004681346667368952,0.1692137505896456,0.02676239769458171,0.03160249097325443,0.010570916605253522,0.09915222425395832,0.012261121220504618,0.013161919819466484,0.016908950800932854,0.023748107085057098,0.006690196760934261,0.34324787208920415
W91728f6dcf9532870006,0.008344951169465611,0.003067164801623351,0.12934111337825283,0.023998408625852622,0.022096615518071044,0.012198162193327231,0.19332066436600012,0.010038113751413509,0.011197936548482123,0.013522425049245921,0.02170282864255749,0.004809953812960604,0.35821366953054334
W933dee989fcf34660000,0.0077038429416109505,0.0017540768484858133,0.29860025085448666,0.08483441264796797,0.036569592749420364,0.02424950882877137,0.007993191262173224,0.3901688750216321,0.006865705087318821,0.013823255032991012,0.015337061094111579,0.007367297649653096,0.028746478718871097
W933dee989fcf34660001,0.007958087785545485,0.0013743811588069112,0.32273930299090264,0.04995492785606467,0.03432361229113865,0.023938717399614052,0.007699361436836767,0.41804747994062197,0.005428946812141482,0.014442789262981906,0.01278881323444661,0.007035883687930701,0.022688696307325586
W933dee989fcf34660002,0.006561094347671858,0.0017215234574225308,0.2871756628119738,0.06023117143627281,0.0433478558988058,0.02405317350051008,0.006329357807049228,0.4547467141546271,0.005443289727938765,0.011463831862804856,0.012349983145089609,0.005941363424958152,0.019659389698533897
W933dee989fcf34660003,0.007773887177515123,0.0018441730142944029,0.2730646307757578,0.06258931280206813,0.05090178369837624,0.022406616190131443,0.006682028273085133,0.4240373716118044,0.005888065514796205,0.012654241390592983,0.014696444447682904,0.005248824576731252,0.02435440076654798
W933dee989fcf34660004,0.007617365267043922,0.00199508414233236,0.3199164913765074,0.05909444649163185,0.03233515453784506,0.024865954627219262,0.007702111630344857,0.40035974333976193,0.005267940768892338,0.014013186802108078,0.012977093268423558,0.007950197657499077,0.025741692581392372
W933dee989fcf34660005,0.008591246933944275,0.0018220557932588242,0.30607666855883253,0.06472374256464612,0.09372682702128216,0.023130038272667464,0.008376494183170312,0.33340348021774124,0.005333712460084586,0.012536029299152247,0.014003527824315814,0.007812431278543127,0.0264947806410035
W933dee989fcf34660006,0.006357072240611734,0.0014560486188099978,0.29864353085226786,0.09697361279759463,0.1624574677400993,0.028056494894116723,0.010108510282893945,0.25575062814609684,0.006137097666389158,0.013135654470576385,0.013465254091658626,0.006100245012391887,0.023699975032274685
W9344c87845ff6cef0000,0.005713156755627694,0.006431564668033145,0.012943316456080137,0.010473699681738774,0.025333247229452675,0.0021537204063214353,0.00718661840606889,0.2966217574731114,0.029992630154737455,0.0074346491422938215,0.3415258609489954,0.002770285243783952,0.16692027865105324
W9344c87845ff6cef0001,0.005291259302125851,0.00645465897088006,0.013970164324346572,0.008455342293781257,0.021888868752367677,0.004654801506722205,0.0073113773778165575,0.3632788137739504,0.04988566508506046,0.00670667209246217,0.38024148539780106,0.003450765408492901,0.054370637875622664
W9344c87845ff6cef0002,0.006711484744763449,0.00710707179855278,0.012999636963624923,0.008595478570981101,0.024418866820104093,0.005106073949802602,0.009366503383994314,0.23971411916241048,0.02990197123634028,0.005870030280487857,0.32616884763844206,0.0035604953826530727,0.1737511074242946
W9344c87845ff6cef0003,0.011472699956365828,0.012258743165748808,0.014696631257565698,0.01933310508954337,0.030115573903652326,0.006587330452516621,0.014678058814499883,0.14423536015961816,0.029644590954965525,0.009143275574756813,0.17148022867551083,0.006687149903701271,0.284060820848316
W9344c87845ff6cef0004,0.006443231200411437,0.007579509024411333,0.009043368779257335,0.012677349722187701,0.023884728954161726,0.004755608004477076,0.012175434208641742,0.2997571005098277,0.021974606469488376,0.008333485109165296,0.3500967064953177,0.0032065470234858237,0.13653571478565688
W9344c87845ff6cef0005,0.004176866348871014,0.005528495699941305,0.006199283855351603,0.007324440178166735,0.01927813761230475,0.004564395726757405,0.010370621112786789,0.34272682133135823,0.018952233828104105,0.006451084271316871,0.3927541731804839,0.0026483320737341626,0.10073688706859409
W9344c87845ff6cef0006,0.010207501087735167,0.010902559184580725,0.015190245238109057,0.031486369743937766,0.0248064096593328,0.006464913154412488,0.015002797395344566,0.381887826090487,0.025272872265663784,0.00947170259872412,0.15242808322594567,0.007526052942061369,0.12599579201081376
W934d536e0a4fa75e0000,0.005189733405945789,0.008671790861597174,0.026498369928482708,0.012714633835676956,0.027264094009326226,0.016945324376439194,0.010482824432294417,0.003363576037552399,0.004769954554421694,0.005493326603665454,0.13194251496938675,0.004432706095203424,0.2996954889587738
W934d536e0a4fa75e0001,0.002393022206840103,0.012759375323261081,0.017508554075882414,0.01301304389887917,0.09869838992704472,0.019886474244251356,0.008688255526933518,0.002254159784138893,0.004461979109877948,0.00852275156266316,0.08119662907488476,0.002705280333277015,0.12245485178141252
W934d536e0a4fa75e0002,0.002806616565870695,0.01533339873340611,0.03824025124010761,0.010817587194420481,0.13639624483335971,0.03435352639288307,0.005436459219360575,0.0025911589729991184,0.005732029751412122,0.014088521524096011,0.19102480056460489,0.0071606881753293146,0.07391376223103893
W934d536e0a4fa75e0003,0.0024647455884841776,0.013432319946481718,0.02613848927324015,0.010428060261875536,0.15399351261899383,0.023502537407242213,0.006205240396971291,0.0023812306523933067,0.006624034875119281,0.007839470535208204,0.3341928987600766,0.003496607072882934,0.08497067355504624
W934d536e0a4fa75e0004,0.0023505085291123167,0.008760109678554387,0.03899297727888367,0.009088841212100813,0.11102616396065577,0.015445951356806797,0.00723059093602314,0.0031945000114961234,0.006244142605731758,0.0059973244518696485,0.35147272106658495,0.0028013459604895527,0.07222047314054719
W934d536e0a4fa75e0005,0.002708678377583832,0.006912994322518297,0.04155510549258261,0.022218666338691608,0.06342031697253231,0.06896500413540552,0.006340658408748198,0.002485868522182486,0.004151443951159948,0.006223421200784353,0.1065035814846053,0.0026134990672163883,0.10016639590550637
W934d536e0a4fa75e0006,0.0014646452063199666,0.004271498158066976,0.007598264512916685,0.02056216358339944,0.05286131240348868,0.034250998892143385,0.0009983179946124003,0.005682910904846489,0.018121383964569013,0.38000812335889433,0.04225419639125936,0.001189122409012569,0.03232672301161484
W94816ea9aa4a7b080000,0.006921062228566355,0.00266767892026611,0.18889975637303666,0.06143521940153255,0.027340841010743588,0.08159925877192395,0.20923015934690947,0.004070798427944697,0.01706146751258639,0.004881377092801173,0.03207566542427171,0.021479706778868124,0.08750785686049996
W94816ea9aa4a7b080001,0.004522838187617158,0.0018251485448690134,0.260545623138775,0.050012074307242325,0.01866727845737877,0.13063012572541347,0.24147236865569152,0.0031669199270419977,0.010071237959482974,0.0032934713922615623,0.013740429631545205,0.020841924415111148,0.05128188224584243
W94816ea9aa4a7b080002,0.0063614363313408235,0.0023578152283330635,0.365266958804985,0.08071121174962727,0.016480978272026568,0.08300568664822243,0.17391852778047845,0.003083928268127039,0.013707576805108689,0.005347807730889438,0.014096911203985795,0.02148472837802748,0.05955157423514998
W94816ea9aa4a7b080003,0.006131666900404471,0.0017884853743898343,0.24297647989779877,0.05242630415266675,0.0151369334711108,0.0854569815720882,0.39444723936018383,0.0026231664416754437,0.009249022844230079,0.003955323247010877,0.012821093277001976,0.023619717343124385,0.033356043554412386
W94816ea9aa4a7b080004,0.005633513871712655,0.0021376335068726882,0.2417445798657755,0.05069016360310989,0.014925690786631118,0.08882638540530607,0.3875612381307272,0.0025191631483010655,0.010237528057008853,0.004357941023564618,0.017638382701508356,0.023187012980492454,0.03732302636253561
W94816ea9aa4a7b080005,0.003974274753539244,0.0011964189705947093,0.41400918818697596,0.10713949427289263,0.017058624511462193,0.06941320411442913,0.20071324290588938,0.0019264502223505348,0.007180372115576857,0.0026599881462755844,0.009989158434696433,0.02311192594462337,0.04683890433890559
W94816ea9aa4a7b080006,0.004927339220031166,0.001327000575080574,0.3876430313265943,0.06637460677117538,0.01860913112305638,0.09696757761921661,0.20337558960101046,0.0036472571576638396,0.011745420387622238,0.0030839197292817527,0.01858161906707195,0.020593633579642657,0.06078430528463534
W95f1ffc10b00a1510000,0.004833296214381956,0.0037639214844321085,0.13421464846417525,0.026724854974812827,0.27739439458870796,0.012860428495802285,0.02983593391684654,0.012647658007720877,0.011912696476813424,0.014306506484229759,0.036539159248267186,0.004467918510723602,0.06996721979004475
W95f1ffc10b00a1510001,0.007567740635883641,0.003696846221783398,0.11485602998329979,0.026010580229354527,0.2645929423466046,0.012515434168614753,0.02628140192357822,0.013243871238780479,0.012549458470368008,0.016577523680133734,0.02182091532007797,0.005033290613016685,0.06660285289473318
W95f1ffc10b00a1510002,0.006998127201716729,0.0029218416045159626,0.11547838492392976,0.026031657762179212,0.23682806789926236,0.010843303061109125,0.02097811496960919,0.028119527600722418,0.01233175848492337,0.0230494572550579,0.027268368944203633,0.003752353862638149,0.06808701240266539
W95f1ffc10b00a1510003,0.003934564175248625,0.0029947644668954004,0.10465566502239551,0.024705918891045363,0.26170923516175815,0.010187489840171423,0.01952060067845221,0.019391552828658502,0.011155252899084936,0.019738442471610707,0.022014043164955307,0.0022586733022365744,0.06971548119272453
W95f1ffc10b00a1510004,0.005358536136073031,0.003471854457424182,0.1343111520762378,0.026864039784949122,0.2189021279723026,0.012042450842830866,0.014877710959153008,0.02026830396561631,0.013328859061760815,0.03734917131154323,0.028485774376333622,0.003563473407388608,0.07240766990964095
W95f1ffc10b00a1510005,0.006883456433960889,0.002770402415717019,0.1635787724856564,0.023632060749518485,0.13763783177468006,0.00943449524751284,0.01526126227537393,0.026266965836712015,0.012334810636124053,0.02243792107623304,0.03074800090004368,0.003041413301096657,0.06527175234586605
W95f1ffc10b00a1510006,0.006332909728848471,0.003266282307541839,0.22851866810440863,0.024079951147499855,0.10375891540293188,0.012069932302954391,0.016201570959457838,0.017836455385574507,0.013801926617123117,0.02623094839762606,0.03346956963899156,0.003741495829144754,0.06822855096333993
W97c45b19745b94df0000,0.004361479443041386,0.0020143777813905485,0.08105288850244995,0.02641686885043137,0.048961081757781875,0.5519684251466527,0.010619459755824831,0.0004072286003536962,0.00031977743317365383,0.003570204054545711,0.0023123754184864623,0.2598921569060852,0.003000661805400769
W97c45b19745b94df0001,0.008730938374819938,0.011970932439608716,0.02020507884601982,0.01912519027339418,0.012172386009128492,0.5412187479572634,0.005372915831346953,0.0011236979289437007,0.0006661896398616018,0.008838299604591641,0.0014028950691667126,0.3542231294595173,0.010196897132314489
W97c45b19745b94df0002,0.0045308809235918195,0.0014552741439146407,0.17327603883567919,0.020932366837507873,0.018738380261800254,0.5060058406104202,0.006997223965462416,0.0014210901532443118,0.0006701201552975004,0.003397696639163983,0.001745929997744931,0.2539552605930859,0.0020100101358675065
W97c45b19745b94df0003,0.002243156333397142,0.0014076935663679291,0.29327964999801187,0.020713514428535543,0.056045042114769496,0.49770098910632443,0.006221099632701568,0.0003887958286075864,0.0012134722371193916,0.003148510153271992,0.0017312564707354526,0.10878807101122497,0.00228200623182182
W97c45b19745b94df0004,0.0033151789321871944,0.012250493459389398,0.2737903961652464,0.016892316319451976,0.022991463036580936,0.48540947653126326,0.007559749560645853,0.000308952594829065,0.0006666914856234761,0.008551374857624023,0.001958171891585818,0.15370958104212146,0.007796932693512782
W97c45b19745b94df0005,0.002777042933077516,0.0011432367769821032,0.16615190332991472,0.018387456489524764,0.017466618782046365,0.5344406205437564,0.012186998814444102,0.0003843597094934104,0.0006667026201071897,0.003015762685181605,0.001982989343497746,0.23294759941745433,0.0024944847303873673
W97c45b19745b94df0006,0.0031994684914465883,0.0011531515612109753,0.33320498732248677,0.020336703244790182,0.020386483378827074,0.46324557912475267,0.009735738712191412,0.0010060219385458714,0.0012374402281023014,0.007881375978131634,0.0023031404180101343,0.12890427741069893,0.001692985986542501
W98363a8dc28d4e7a0000,0.016671720495740096,0.940858936562719,0.00500219528043939,0.0005572425317380709,0.004262107170728286,0.0030217616584963473,0.015100129030934944,1.4973176797542588e-06,1.4300479345216343e-06,0.002224586408110091,0.003070441387879388,0.003242052357608785,0.002602137769189949
W98363a8dc28d4e7a0001,0.013430467031545086,0.957803830712669,0.0031967248388107467,0.0011162402191171581,0.0014846692876805498,0.0028812482889138745,0.010560901124147277,1.3357719207185749e-06,1.4523695439402367e-06,0.0017801255100033824,0.0022346500195120954,0.0012975580373216587,0.0010122050190793173
W98363a8dc28d4e7a0002,0.0101036360544893,0.9625225833727278,0.001622408789862042,4.303916354005419e-06,0.002040562803991028,0.0008375731559034268,0.01139730620239293,1.613108856653973e-06,1.3726298107036162e-06,0.003495632992520595,0.001679814102967184,0.001297693412403957,0.0021210422403887185
W98363a8dc28d4e7a0003,0.010206048580243762,0.9622851610698869,0.0018074636926236497,0.0002808798103029986,0.0025965928208216303,0.0012062629214261923,0.009450033533837863,0.00027940808870807325,1.4060222093478865e-06,0.003799158811051842,0.0025151977880453484,0.0007421806937293183,0.002187248972072571
W98363a8dc28d4e7a0004,0.012044951926573087,0.9569605436003433,0.00194631648305719,0.0016711594718396324,0.0016238141335223539,0.00259505529079075,0.01278465494856561,3.191776427302811e-06,1.3914149685133621e-06,0.0019469204146305933,0.0018208072655833336,0.0012975434508280981,0.00150323033873353
W98363a8dc28d4e7a0005,0.01622009249474403,0.9432105231679846,0.0036130966646539513,0.0016693114768434577,0.0032902275540302164,0.002457276531860118,0.013342481686326152,0.0002814032604090362,1.384191305151072e-06,0.0033365505263258715,0.004597633843755932,0.0015753084670605193,0.0027426082742839837
W98363a8dc28d4e7a0006,0.011583857901020516,0.958305997689444,0.0017150252815584922,0.0013951570981758548,0.0014850850537373253,0.0020394561028187087,0.012787053919312364,1.4026116845940788e-06,1.6162372869693411e-06,0.001391521060343726,0.001960339595274253,0.001760517631774112,0.0014946303744198075
W996235ea48a904bf0000,0.003040818943976398,0.004859974271855245,0.3035113186205646,0.0382300897696103,0.02543565064616595,0.016249583654904344,0.0049401921592807235,0.04077687407006526,0.040217116734436405,0.20054528554820633,0.027282743764392634,0.005768043581065474,0.23419802579594878
W996235ea48a904bf0001,0.0036816184138621392,0.004137708704128757,0.29587432473030595,0.036142044562194615,0.023234898727318085,0.017756736631272835,0.00491999137952493,0.011557365297775117,0.04319416394179676,0.25851927959278626,0.028295931791936478,0.005530721219253823,0.20949681604686002
W996235ea48a904bf0002,0.00315777710000542,0.014010548770595314,0.2783116820187315,0.036481845715339516,0.022134875275172553,0.016577617296279813,0.004688917736298812,0.009301817495814562,0.03868246072822138,0.28069872187828065,0.026283933788955882,0.005459874373942304,0.21588602010943836
W996235ea48a904bf0003,0.0031428521519521256,0.01426274994290481,0.3422932041734504,0.035165112223146375,0.0220966895628326,0.017230014211294588,0.004862688680089899,0.009218210620790956,0.04048545671483466,0.20389946282615665,0.026623917802561365,0.005909226740921709,0.22741659610837361
W996235ea48a904bf0004,0.0042277889503347455,0.004679037328801415,0.25056908061775474,0.03808371551151086,0.02449543814740039,0.01673124772701887,0.00484113298407462,0.010446317015439311,0.042927413693286315,0.29330165109196243,0.0293673734685683,0.00634965839304976,0.22123422972528783
W996235ea48a904bf0005,0.0037369727012831924,0.004776796257713554,0.43889257221625294,0.036077102206657295,0.02101567400204107,0.01814193226405947,0.006586462676173559,0.011916075559306155,0.04529531977753526,0.11164999220580103,0.02917101803871824,0.00652332625315366,0.21116701311709873
W996235ea48a904bf0006,0.004259877357404518,0.004743871015889541,0.29385844819454776,0.03930968585076993,0.02254609666659592,0.02122723775366782,0.006226868328652508,0.01026460369122758,0.04391311656651115,0.24368185364191697,0.028987014152633554,0.007433420405319496,0.21943095972381174
W9aa5c5ee10122b880000,0.003774041212704951,0.0018415526133792345,0.08979329979506913,0.0262569170851151,0.02722414521942926,0.016038773968582182,0.0074043744250318,0.0052266559323613055,0.00959505725112897,0.00854602301286927,0.02008341991198324,0.005049420328557878,0.5579563143057101
W9aa5c5ee10122b880001,0.0037312669174626397,0.001171371006610931,0.08425075212342471,0.01797963254315022,0.030743382683348117,0.014196033062689765,0.0067790818664836185,0.004581548793564613,0.008011045576647127,0.008448377298675511,0.02555347695806145,0.00506183707897997,0.5780788117362159
W9aa5c5ee10122b880002,0.00420236854981224,0.0018885161180098957,0.10037492992931196,0.01911467714636828,0.028724685017076187,0.015788550344292464,0.0071676249460236865,0.0038694228597691313,0.007564621103423712,0.009385339368760279,0.023313649350216546,0.005517022234682241,0.5750761355358618
W9aa5c5ee10122b880003,0.003664445124081849,0.002453649594743551,0.10506141598232338,0.01984120938016815,0.029709034738288762,0.018465221583833395,0.007231874727209989,0.008508655856270083,0.008978234692806404,0.008594941546574907,0.045524904054122683,0.005764605126857562,0.5629177176435084
W9aa5c5ee10122b880004,0.004294472936491239,0.0020136372116984257,0.09136179076553654,0.018730938085444394,0.028589553923710976,0.016070174199872795,0.006230024273354694,0.005207212268815385,0.007213503989089817,0.009296138622855788,0.02762090742265979,0.0051544236980065935,0.5689833458870611
W9aa5c5ee10122b880005,0.003651216581639716,0.001907428603074038,0.08614446156706392,0.01885839608567922,0.02810592533744079,0.016321989625700892,0.005831370114203316,0.0034993747363543932,0.005051913586169175,0.009501175042229358,0.024407400073196427,0.004672186267660584,0.6104783200301019
W9aa5c5ee10122b880006,0.003509647121724064,0.0011105705887634984,0.07997996991232041,0.017942893620794088,0.026957329212388807,0.013705359710547343,0.007950249468394848,0.004476379957876756,0.005451737267929195,0.010802088197326252,0.046908881013587374,0.004768600187210725,0.5906611847778878
W9be63e50209fda370000,0.055524020730101084,0.4971815203800963,0.012179479341346212,0.005560206332090592,0.004372355255912265,0.012877409401503382,0.3104395141192578,0.002758539594061544,0.00120796912976883,0.008286827681815455,0.017005775965644666,0.0027894478698366892,0.006587278387803903
W9be63e50209fda370001,0.06173158128355929,0.5205141587510426,0.010933388546587833,0.006114964373478264,0.004453956084626106,0.01644981501126308,0.1823700132919721,0.004109226597203532,0.0014893567843895362,0.011769031769360802,0.015203237761869924,5.430937677442715e-06,0.007700363082858388
W9be63e50209fda370002,0.051650187147708575,0.48880128064241973,0.006206100988125993,0.005754124394203302,0.003527882709004844,0.011005995193928619,0.32402036196762246,0.004811488269202764,0.007968157071952722,0.035874508597149905,0.009045442048673758,0.001115578221797185,0.004565594586517161
W9be63e50209fda370003,0.05436213169924275,0.49090224904415103,0.010792855855942599,0.005281288583557256,0.0057502564052695285,0.014962600113349128,0.31307422552477177,0.0032256838160248415,0.0017638083605573378,0.0091203948799251,0.01881396804650499,0.001396754150986378,0.010288954035486027
W9be63e50209fda370004,0.05239166576167734,0.4949248384912101,0.011207960996366005,0.005836851665594203,0.004509544066149484,0.012289171363235167,0.10915058416112662,0.0038241236525099124,0.0019495547062113943,0.009680143578826348,0.01923981856011127,0.0011196824003310716,0.010473985250733411
W9be63e50209fda370005,0.05747904412867581,0.5009779288560672,0.010097335758793615,0.005639032607432819,0.004295253513906458,0.017944447179007478,0.269859767109546,0.004169889843786685,0.0013927763346433153,0.010091984995669646,0.015184591921249262,0.0027888661971799816,0.008028574756107458
W9be63e50209fda370006,0.06156298262678933,0.4969325224957703,0.009171429516689813,0.005558854515715777,0.00617551517275267,0.018280817040321255,0.12284294101491429,0.005891904308647627,0.0017641100737724338,0.010941288548209298,0.01604010081505897,0.0011153697959631773,0.009506421301560873
W9c32d29c5c5991240000,0.01402701492463547,0.0006126025402677098,0.35006400874564503,0.053602046742916694,0.059428715861185456,0.02237498931442922,0.013203602553679007,0.37695749951741514,0.009142321851802448,0.003486763770747716,0.015293635565320207,0.009285730532134218,0.024663896347077215
W9c32d29c5c5991240001,0.01281548205668431,0.0009141138190700492,0.34837308906192954,0.05388444917483179,0.06178317476050889,0.02727882527444888,0.010741896273081137,0.37657912865965787,0.008501627397733915,0.005359527825356472,0.013592917811910873,0.009094496194005874,0.02343764569234335
W9c32d29c5c5991240002,0.015330061951708844,0.0006601249821744374,0.3583039023955899,0.05972046980114749,0.07432896855996118,0.028585748977679657,0.01048319048400577,0.3340347095134562,0.009933266546447965,0.005942499922857968,0.01434215277333762,0.010543952859528938,0.024754799301432415
W9c32d29c5c5991240003,0.014020169881422741,0.0006194953765960769,0.34431235598113763,0.04928602242252916,0.055468023021956435,0.023874010154639285,0.011534270175553507,0.38893275621454465,0.00991403063114438,0.005411005232193397,0.015921066491818323,0.010696258691105638,0.022237573154147743
W9c32d29c5c5991240004,0.01235951024026003,0.0006953615945904563,0.33922287803239065,0.05354173230933117,0.04977873835608498,0.02406046299235581,0.011869125331372481,0.40373024800635277,0.008429883763306435,0.005437167803712872,0.014871320012453998,0.008446668947807105,0.023941688818092572
W9c32d29c5c5991240005,0.01412195951396825,0.0006258637976224316,0.3596288113160183,0.04984523294965552,0.05814575502611502,0.023042011316597506,0.01279616984199874,0.36978616123287533,0.010873095012643028,0.005741712862557616,0.015169014817783044,0.010980985359810564,0.02326542371291577
W9c32d29c5c5991240006,0.017988297733897114,0.0007235566268488895,0.35303634704529757,0.052413894764606124,0.07224631176556572,0.02303332287915383,0.013198967706166307,0.3533714322380049,0.011301782915101867,0.004442810614042742,0.017045939741424064,0.011986278386668478,0.022634368640529277
W9d4441fee3e033450000,0.014859953051893958,0.009738447770332954,0.1204596569104179,0.044901065453166904,0.03163255894920857,0.29594142716724126,0.05789307853452071,0.012651177856510357,0.04526774565556993,0.022404357621206822,0.052333834993841984,0.009427294275879693,0.031929844916733785
W9d4441fee3e033450001,0.017550346400212122,0.005575851391398882,0.1723226017290242,0.028355020066499325,0.04769863059009328,0.2315925195863536,0.018320694241875837,0.010438120261778847,0.029878791510889336,0.022248310463824084,0.023159011592911515,0.006712082403591927,0.06983573088423409
W9d4441fee3e033450002,0.014078162442293166,0.00557132931184768,0.18578392211570768,0.02823012243099669,0.023424443983522465,0.27009954276269543,0.018409889621192103,0.007728093131809852,0.03002390912018189,0.017074473164314312,0.032678132317722215,0.005553124861617833,0.06519084427028524
W9d4441fee3e033450003,0.014323213514569453,0.005251904467171133,0.22931431124355878,0.02568080635253932,0.03186943146779889,0.27349987051873925,0.02085661938048322,0.007827801359907538,0.024850790714984104,0.015028681901264627,0.031044981340424233,0.0055234433681330755,0.05504891121752223
W9d4441fee3e033450004,0.016555804649681885,0.00418588783059391,0.28985789946811485,0.023367488504023936,0.032096627163251214,0.23638091066459369,0.019147757504262185,0.005963174648883518,0.02345663495812442,0.025570791806015753,0.01960226287780942,0.003718972162014793,0.05704971875938947
W9d4441fee3e033450005,0.014400082448124624,0.003886650285894758,0.21055895643487021,0.022305214324426403,0.054238091729765146,0.24501598033956348,0.01561798052875381,0.008175793341881732,0.018901348619291432,0.012139560284606152,0.024487888220032106,0.0046379248882759015,0.054718670302239786
W9d4441fee3e033450006,0.013622344468979258,0.004371243726413041,0.22127401082849915,0.027097403114620246,0.027638621729932086,0.3555109787825532,0.03496386973012836,0.007024546727775084,0.02480340045581653,0.030331450060227513,0.025825551667154084,0.003796728677122285,0.021526913194764352
W9da0e7068237f0450000,0.007046391399203169,0.014447702835646515,0.7957490530560761,0.050486136642142625,0.032225170148430723,0.021550572627205493,0.023644421415430515,0.002699549036047832,0.0022111214157324345,0.01465311516105419,0.004648586382736094,0.012029176761732407,0.013071164561021564
W9da0e7068237f0450001,0.006517296366799128,0.014021134975509296,0.8148603685237695,0.04552794996949416,0.029280705112863317,0.02415463670693893,0.019155380516702073,0.0019083920637518014,0.0021094312773457633,0.01181119496298983,0.003408682586497767,0.010723864084497789,0.010708210216508723
W9da0e7068237f0450002,0.005266477888515744,0.0007702202107528164,0.784596895540092,0.04649470935066524,0.032420502298961304,0.07097148912706333,0.02402807655783829,0.00036899183361643553,0.0023794810072134426,0.005165707526404327,0.0033972113180118567,0.013692189093214794,0.003709688162912444
W9da0e7068237f0450003,0.005692091583798901,0.0010307812640828623,0.813893791755013,0.047888741403666196,0.03684460308623126,0.029368083613350176,0.02850525915007548,0.0013183561260795439,0.002904494460568207,0.006152086135580063,0.0043414499811672775,0.01093113669548539,0.0032038401136565485
W9da0e7068237f0450004,0.006604733458347882,0.00022541781262830089,0.831698739525466,0.0455071984219216,0.03646647338905629,0.024419480801876628,0.020520905096524898,0.00204900732313727,0.0018262438476491412,0.005202021494595475,0.004381892220427979,0.010017345818434697,0.0044459348584128065
W9da0e7068237f0450005,0.00668084039561656,0.000321473512200309,0.8189316896136801,0.05310959168228433,0.0388164794351321,0.032132896195858046,0.01930019711298442,0.00040605303530407707,0.0018914442514935278,0.0042604521419629185,0.004540985233260871,0.010193688352083351,0.004206387272853283
W9da0e7068237f0450006,0.006066187315342126,0.000240408165355944,0.7949596171327925,0.051457208953151354,0.031616457001677374,0.058345689604286516,0.025004824669368687,0.000196162646039524,0.0023914977360345495,0.004386652348737039,0.004169494511571423,0.008880898366996338,0.004794377197254023
Wa057a5b77f36fc860000,2.18123031972214e-06,2.6216715523290193e-06,0.0012121853209104303,0.0011221506567706634,0.001644470646491855,0.18983323282368691,5.843280077185143e-06,0.006116883978965496,0.0011131085888516127,0.0005571840992636721,2.6172815664329644e-06,0.7949083220478298,0.0034752383980019784
Wa057a5b77f36fc860001,2.6471041622592036e-06,0.0005587370541442153,0.0017243426363147288,0.0016803525529548978,0.002800777801135603,0.1585052585098627,5.7459366768051505e-06,0.006118142111689781,0.0005579461809884394,0.0005575416829086458,3.252703218589068e-06,0.8235871079083253,0.0038925910830390938
Wa057a5b77f36fc860002,2.7627412779728927e-06,0.0001420953279481543,0.0006120294616772548,0.0011231918623381902,0.0031119664036913888,0.119797053489389,0.000976532228575783,0.006117379769123326,0.0011137205644947358,0.0005575674939085354,3.333021353886175e-06,0.861896370268445,0.00454052470939629
Wa057a5b77f36fc860003,2.5706885683092524e-06,3.087915014989679e-06,0.0012644931414854397,0.0011263009265094054,0.0034027659261161363,0.13373559118275874,0.00042084581264373533,0.0061171508991980286,0.0011137665607451322,0.0005577520839394866,3.84835856640807e-06,0.8491871433502615,0.0030590405995803397
Wa057a5b77f36fc860004,7.31499321424657e-06,3.13528812094663e-06,0.0005829107718541697,0.002791985428440431,0.0017173690553885916,0.27504900246467506,4.691146103458164e-06,0.005006132543146707,0.0012986524214930993,0.0005588963121796067,3.5716052465592853e-06,0.7085218833132824,0.00444805758343323
Wa057a5b77f36fc860005,2.5911889878833167e-06,3.1135351044353044e-06,0.0009852670112247984,0.000569691653778806,0.0024413777508440907,0.1830651544793954,1.3275290602488209e-05,0.006117199270223879,0.0011141136423069161,0.0005574842212911418,3.5441565470552226e-06,0.8023401779908159,0.0027813375644346505
Wa057a5b77f36fc860006,2.5919368852894023e-06,3.1056988066722205e-06,0.0011676468661247653,0.0011277560204208791,0.0033929648575135862,0.12072949253763544,1.136253693476774e-05,0.006117298759034156,0.001114058863373354,0.0005574920985238784,3.7214541089031995e-06,0.8623745186301145,0.003392301742726971
Wa0c609cd1eedb9570000,0.0026993847813135408,0.0010960959735271157,0.013302177984861423,0.016047651696040034,0.00873825201204094,0.0035848602035068672,0.014849964884387615,0.059137833256945736,0.0072501880055063665,0.0032936906877958907,0.059926380760669515,0.015796738826963135,0.36599985121869766
Wa0c609cd1eedb9570001,0.0027310600834896093,0.0016267659860423193,0.01242455563634381,0.018384785109362374,0.010981762699006808,0.012660044811669774,0.013397383426022341,0.05815218391706081,0.007858753699192193,0.00404770084538778,0.027039636952269675,0.02391396964964221,0.35373326229688246
Wa0c609cd1eedb9570002,0.00267377068249269,0.0015761885196207053,0.012520482806859348,0.015453780388531948,0.009901908251796418,0.006412725517712548,0.012798640093154921,0.0569373037476641,0.007097119083462775,0.003160585656600315,0.02184199659480458,0.008698694887058026,0.4045234672799242
Wa0c609cd1eedb9570003,0.003304818695159695,0.0010750606802104531,0.012142858069182454,0.017651616921732952,0.010368035564384433,0.008393833601116887,0.01273067870599959,0.059478404377200554,0.007678755702176093,0.0022761058820428637,0.03439702587598243,0.010391907427638694,0.38531605504024063
Wa0c609cd1eedb9570004,0.0027222743799400137,0.001021033704246871,0.012269412855971173,0.02131042718542399,0.00887001123944566,0.009734391267314822,0.011377793998675759,0.056830480113189655,0.00854807832696462,0.003722264365875769,0.030428354830958345,0.014956950948128619,0.36748596274616807
Wa0c609cd1eedb9570005,0.0027713809491353722,0.0010804553028828118,0.012155416175120922,0.018220668894230838,0.010817743353213106,0.014056796419081084,0.011721885014079999,0.05684773089241813,0.00793292907612705,0.004234492760385207,0.030151977854638756,0.011497537447582782,0.38238745113047845
Wa0c609cd1eedb9570006,0.0027148471861558623,0.0010451573212761941,0.013957278737230875,0.015253170801019693,0.010070111396459042,0.012769629662679022,0.011730772251713796,0.05927636614124013,0.0079921442541634,0.0032780125917504237,0.047800700878618964,0.013353589649963629,0.3636118457921866
Wa21b3e0948b305ef0000,0.9556902701215998,0.0028752054806864646,0.005272216660270911,0.007810393291191872,0.006138122347183741,0.0035373525089592082,0.006519770463081173,0.002247072973688838,1.7494601331691815e-06,0.0018555196561090615,0.002362927259041355,0.0005718273644870898,0.00382868184245157
Wa21b3e0948b305ef0001,0.961747784656121,0.0025014481019876925,0.005696271457988577,0.005561987566353737,0.005561441452930225,0.004501348447997435,0.003479806687476459,0.00019547919949519345,1.388544450543552e-06,0.0017620702581395882,0.0012508392547148197,0.0030591202122138912,0.002501594194784998
Wa21b3e0948b305ef0002,0.9665308540636313,0.0019465455588966246,0.0046798298876031905,0.005875724229190219,0.005855355512798096,0.0036686223377298205,0.002086221864318283,0.0005548802436542355,2.0693829145931286e-06,0.0005569621035136348,0.0015595156996918004,0.002136335032064586,0.0032433441251943263
Wa21b3e0948b305ef0003,0.9671417476288794,0.001668752635209335,0.0037530220141857007,0.006522353103894746,0.004605870483924671,0.0013057400287666344,0.003640590209301199,0.000720321970890679,1.7403309538093904e-06,0.002779797054584696,0.0008651323742541828,0.001766393559454206,0.002965788396431947
Wa21b3e0948b305ef0004,0.968390528590127,0.0027794990359705334,0.004308340783838121,0.004358402982859929,0.006125822384054972,0.0013146920153613547,0.003935294147434868,0.00025109830246093645,1.331096503849813e-06,0.0008342961921561941,0.0016990256931961704,0.0016900155936267166,0.0025031874553511735
Wa21b3e0948b305ef0005,0.9712283000046816,0.0019468479924418614,0.0041232585178261165,0.00603863044709045,0.005591041914372667,0.0008647804066616587,0.0025279904478531395,0.00047275736473216084,1.239349827273393e-06,1.070499872995491e-06,0.0016990675759267562,0.000576739728321008,0.003673241808665791
Wa21b3e0948b305ef0006,0.9533088009477901,0.0016691964467844028,0.004030916930836372,0.02250027171196931,0.007377722644839089,0.001325715372297699,0.0016821753805749801,0.0002538446832661044,1.4152060756684747e-06,0.001667810051298814,0.00128176921967017,2.9706016704866292e-06,0.003622355830317491
Wa2a75addcf692f5e0000,0.0020993292119491605,0.0013568985417204327,0.02041545741871557,0.00913862596404816,0.006543432244198841,0.0028255483565793674,0.0028900309494036412,0.016109127909721476,0.010020174226654249,0.4271491482012099,0.018610663044440912,0.004635062740193014,0.009057856027353503
Wa2a75addcf692f5e0001,0.0024753496524355465,0.001825342132162566,0.01988978458203486,0.006218164373367645,0.00999357680789105,0.00116199331147467,0.0032161223194164504,0.04148071480525558,0.026120898829871012,0.4047548182383398,0.031196811439408934,0.004505874781711481,0.005991363328898259
Wa2a75addcf692f5e0002,0.0017214013254976373,0.001812308775848664,0.01882377076542677,0.006715490197587818,0.009571981027137504,0.001151308938825666,0.002220211538238264,0.033181216659819664,0.019564073965167225,0.4233764040698167,0.02484322292847496,0.0058363332578560065,0.00566189824128101
Wa2a75addcf692f5e0003,0.0017385904484337785,0.003370068374828013,0.022112190547896735,0.011210252350747666,0.010647096263953259,0.0019767794040091986,0.004150277043955579,0.015059199770809871,0.007011567772191192,0.44003271112956516,0.016992548502149648,0.0042936124784235166,0.009671099059080151
Wa2a75addcf692f5e0004,0.002297151701258104,0.0028135692745648007,0.019796472578521587,0.010650372520821348,0.01124569501085999,0.0019763169651365858,0.0028491741524752914,0.013918564096920829,0.00812248555716226,0.44622849584329577,0.01705002333399608,0.004848334505260403,0.0074469669316846185
Wa2a75addcf692f5e0005,0.0022977951172302633,0.0035570192114336347,0.019619879821353135,0.008893990120402076,0.01063936654747268,0.0011439943702595842,0.003594473788302789,0.026779643429840908,0.018894773389563507,0.42902304204972636,0.02580351488006385,0.004897239164475819,0.007456858799585846
Wa2a75addcf692f5e0006,0.0022975859729434623,0.0038349370235403364,0.01823000003465413,0.008904229446577346,0.00879128311932364,0.00086610637772735,0.0022977705728026193,0.03689797680237824,0.025230404691425002,0.419611392542824,0.03414861771606718,0.004341429383213567,0.007166203072609664
Wa3a325220c6dacae0000,0.011104245406898139,0.004535191868287192,0.5007987480640882,0.08228457942329195,0.04267705518208246,0.27638286351066416,0.012118928565883149,0.0029192049837171254,0.0020235316645056084,0.005600824729332765,0.009038786984718734,0.030192172617562393,0.015087279502008277
Wa3a325220c6dacae0001,0.006291486995481253,0.004187552962411992,0.5297331620417949,0.0852393032339576,0.058862092268545836,0.16974880971022135,0.019035315935348792,0.06362059342870816,0.003105200114061906,0.002658850935008085,0.00591998596979601,0.02557741607432074,0.01230960977924709
Wa3a325220c6dacae0002,0.004890978460035241,0.003463491767954462,0.579171788161076,0.07155033432853039,0.04996246056427599,0.21293601196004588,0.02117731936217025,0.007117585200554935,0.0025124888992452137,0.0018404272337548342,0.004816236745873931,0.022654458738582246,0.010706888032952338
Wa3a325220c6dacae0003,0.014021776466257962,0.005642144122318938,0.38211875698876185,0.07360739524328333,0.0664856869599531,0.37204152814280755,0.015235000970122805,0.005951583763100512,0.0030343657177069067,0.00507018492152774,0.008853025127430176,0.028072279982558266,0.012184804657726403
Wa3a325220c6dacae0004,0.011635183352375782,0.004580269016791952,0.5385709870509348,0.09305148690992288,0.047812855223780204,0.2252874848917673,0.01473013973499759,0.0030301826078531287,0.0022889900754298033,0.004859048673720239,0.00911729997571634,0.027752636532819043,0.01265341571876739
Wa3a325220c6dacae0005,0.015841390623533794,0.005389785678118308,0.47836626177461433,0.0672998964585716,0.04267038600643956,0.3001415173833374,0.014308145488375229,0.0029425310396658908,0.0024659297114874097,0.006312283252820925,0.01251899095134194,0.031686227064735964,0.015074037801986928
Wa3a325220c6dacae0006,0.01196126233059234,0.004147343644717504,0.5665210892927931,0.08229627981593178,0.04362654688190815,0.2161412876270813,0.012554758890786886,0.002311918852737864,0.0018693950212791573,0.005405329361372735,0.00998890704894849,0.0264193202934848,0.01219875389192992
Wa3bc913035208cb30000,0.002752320432074303,0.0020578506975209607,0.016999167579774394,0.014699672343317718,0.02436932132670916,0.0010198188946234496,0.0023793646131657037,0.04671526467612803,0.2982652268386822,0.2338611157080505,0.15939561190076876,0.012336504726554266,0.12034942995289172
Wa3bc913035208cb30001,0.0017719737370719107,0.0025361141771528695,0.022733222784483084,0.01650175891091638,0.023226416384392063,0.0009084620960190087,0.002220366304287261,0.034800612626005034,0.23763492178793455,0.22816158597982147,0.18169637583196666,0.008422157900634998,0.19113865547225484
Wa3bc913035208cb30002,0.002322574212316007,0.0025482190936707,0.022633468982734866,0.010082355000345513,0.022606870584922542,0.0015737007345356267,0.0027721682821244104,0.03728110694288623,0.18266652005940887,0.2085483751967301,0.20546558737394718,0.011044241342054324,0.24110126558781694
Wa3bc913035208cb30003,0.0019840227232828032,0.0020691687484450504,0.00964344894934548,0.01070826588313201,0.0248355957542947,0.0014599271486877606,0.004075741471337029,0.06061136021439335,0.19023520859355142,0.22656763915024997,0.22209145905787459,0.012158284616931326,0.1682011926049584
Wa3bc913035208cb30004,0.0022253941313611233,0.0015871388784531265,0.01567099624145576,0.00745222719347207,0.024613537838466343,0.001394777710882613,0.0028561398182183942,0.07202988959167143,0.23984013951519245,0.21099897921420996,0.17301036716622908,0.010191967886076379,0.17854099151471503
Wa3bc913035208cb30005,0.0023898735169747263,0.0014083707612336015,0.0123989241992531,0.010478351602827491,0.02637872012772001,0.0018517849903228075,0.005278582764146664,0.05965151822894391,0.20725610267343045,0.2299956034563542,0.1790118972628009,0.008054119003101235,0.2135685616438822
Wa3bc913035208cb30006,0.0012368239917613095,0.0014178617026189251,0.017943532293342463,0.009836944821841961,0.024047627668311856,0.0022834673898919685,0.005035500890539446,0.054482963839405096,0.13083675264359212,0.18950863744069413,0.20683516094999105,0.010048351426224428,0.3015049962498226
Wa433eaf242aa9bdc0000,0.022965885791319102,0.5374604581034497,0.00639132945274537,0.0012990337766278749,0.0013916615928129608,0.0018082065149488647,0.006021430653146582,0.0033467527004869533,0.3840368216934588,0.002362243654937811,0.027073933360457204,0.00046424153085907637,0.0016693818677374522
Wa433eaf242aa9bdc0001,0.022688163523220173,0.5388275715784501,0.004863499673744049,0.0011129964121907505,0.001530606876179992,0.0022253852741050423,0.004168167805065855,0.005006674411793973,0.38120512058263883,0.00222338820015566,0.03132442622354443,0.0002790151681268532,0.002502553197454565
Wa433eaf242aa9bdc0002,0.023008783097621548,0.7347562142595117,0.005872815927456272,0.0014000228452579334,0.0016704039613278248,0.0016698179905437738,0.00550607636000418,0.0063558256124541055,0.1673654303921897,0.002830046109839961,0.04177517447068925,0.00028090186785032607,0.002225919231822491
Wa433eaf242aa9bdc0003,0.025412998061209394,0.6605286220707216,0.005172900929769462,0.001474611948762903,0.0018555232473021041,0.001993876692406616,0.005771798371564492,0.018217792805393873,0.22404794775861278,0.002252204940205325,0.04527206158291286,0.00028290192540054315,0.001670654149440473
Wa433eaf242aa9bdc0004,0.021762328687454126,0.5523037011085972,0.0041227935587737985,0.0014858056562095398,0.0020864117229893757,0.0008364393228454557,0.0030581289921922574,0.022425134368790366,0.3584061217397737,0.0022235239663260867,0.024150293798346396,0.0005568069835550667,0.0019468032525851355
Wa433eaf242aa9bdc0005,0.026854836902778012,0.5315763949832615,0.005696663391375826,0.001112752998623182,0.0013919844489417715,0.002919756306634268,0.006949216685271872,0.011942241405133749,0.3770694897507472,0.002223580175458213,0.027995462553520527,0.00027902558831346253,0.0016690177121365594
Wa433eaf242aa9bdc0006,0.021206637651224134,0.5398091443191977,0.006761503988712555,0.0011126765914302214,0.0016697691612439106,0.0018087115245819223,0.0058348672892488546,0.004640717395753287,0.3806494159511594,0.0023623673425796623,0.028487091005220976,0.00027960021604657664,0.0016690396188157254
Wa4794774ced410db0000,0.008937470977490232,0.004090318356420745,0.17805294694358242,0.06979195032833166,0.05004326121735506,0.4667881217820158,0.02231001872364061,0.007952295983960508,0.008307958674441366,0.019479284662986613,0.01735868551916296,0.05106759657176785,0.03585846225001871
Wa4794774ced410db0001,0.007406748067503638,0.0015536688208817656,0.190374181733774,0.06365457681409149,0.04474794806767071,0.49247530729930195,0.01675472805220587,0.007740576815633628,0.00760474415943333,0.01883816481459568,0.019700577065627785,0.053418094817856636,0.030724921696122013
Wa4794774ced410db0002,0.008095281127211498,0.0024945327793229025,0.22071688257186575,0.053054037022728144,0.04426096932845306,0.4223495638322265,0.019874572914757863,0.00606668972684164,0.0048127006370456095,0.08231287893716045,0.012730262344499048,0.05151441378138349,0.028991062276998044
Wa4794774ced410db0003,0.009394439286087939,0.0023863591104258757,0.19740152597367897,0.05430263864030784,0.05045525502428184,0.49231391115144946,0.01943105455994713,0.004290936567703822,0.004801907397162669,0.008482726087510859,0.018412051787802305,0.06386580977335979,0.032910082302754565
Wa4794774ced410db0004,0.008338934253327733,0.001673654004636377,0.21142315375832516,0.06523878599924854,0.04567622033007737,0.3044709097501953,0.014577071646634307,0.005395153434549598,0.004601697750708964,0.009015746028890614,0.022694139644016578,0.22100777673264344,0.03286044704601261
Wa4794774ced410db0005,0.009768638259583686,0.0027245259653754707,0.2452611357630122,0.054025247262909463,0.04666984721070922,0.15705067635819528,0.015913828099282098,0.00765671681877015,0.005394493958666312,0.00985231967465673,0.015130739561470328,0.34674069741317753,0.03275574989454216
Wa4794774ced410db0006,0.009742843143749116,0.0023561114562955414,0.29821686682671567,0.0643104847331727,0.052618682365776576,0.3890523715717226,0.016280318354318247,0.007054630164719212,0.004062568573781061,0.005948295505557032,0.01943117648682414,0.04420203089314322,0.03622583845280962
Wa5b0c38fd83642d70000,0.015519804142523356,0.008818110406393208,0.12913894396749628,0.1896072570961425,0.05695251116629578,0.05377307905377971,0.03298514563254837,0.011525004591365186,0.021517039451741302,0.025027621350394325,0.03707988368645806,0.00872551521542985,0.025859139557745898
Wa5b0c38fd83642d70001,0.012935929692708953,0.006537602515725646,0.1886655516258249,0.1632146572953549,0.034905938918133546,0.040671040651731556,0.026628079485010756,0.01332621823051564,0.024479447874309865,0.05303035317958065,0.028538482484518703,0.007281396326979918,0.02075011495740325
Wa5b0c38fd83642d70002,0.017902946307034647,0.007080684730546915,0.21455406808546154,0.15496600860869747,0.053477594883845465,0.04478643479508752,0.06487479508972037,0.016428798233155944,0.01632774420407544,0.01257543535205586,0.02465542773993057,0.17002195141975288,0.025463722980381447
Wa5b0c38fd83642d70003,0.018575697760294666,0.005887025027034356,0.22680629099374863,0.23867014744817167,0.13098031785404265,0.043064551701276405,0.08307953036740001,0.02590619690283762,0.015067145574311202,0.029905023224593232,0.02661559632805405,0.01335797753108022,0.028314668205569306
Wa5b0c38fd83642d70004,0.018233719433461283,0.007400316452850035,0.18545630381498845,0.1484084649943761,0.31989694356659193,0.04346028361260745,0.07259389750277433,0.01596375867396522,0.015794640435685774,0.01640509564935439,0.02261202239966696,0.00836896314830576,0.02658948826516002
Wa5b0c38fd83642d70005,0.016191556168491855,0.007688699466718734,0.19132468913336156,0.1424776523122226,0.32718163932959626,0.04534538106707159,0.07020181312238724,0.014178972630090528,0.015780541649891438,0.012403934688083543,0.022881539536367793,0.008635611759185285,0.025941746212532958
Wa5b0c38fd83642d70006,0.016239776265824245,0.007020946158166576,0.2211798880239312,0.14045765706730995,0.19820504739602315,0.04264513329721668,0.14381452388779667,0.011665656678877,0.013420212590692678,0.012387232404328269,0.028133944215177495,0.009870485426665179,0.031574475501791106
Wa61f059ad132aba60000,0.005360020710495518,0.0025983446155280515,0.25657533173767855,0.01972663161133271,0.009459717950983416,0.5765506616301772,0.017517150707805226,0.001280448160003429,0.004865660937634909,0.009309614442100484,0.0034758260511748205,0.0819299052875822,0.0044359998484495185
Wa61f059ad132aba60001,0.004618714501114931,0.003801455461796343,0.07467268606111056,0.016998129539902443,0.007096639554375831,0.7700746908761271,0.01930647754029476,0.000270412085152238,0.003958945924155911,0.0024853349052051535,0.0029588395888931057,0.08663509314799472,0.0036072606347203606
Wa61f059ad132aba60002,0.008175282590308912,0.0017545709463842268,0.06102973744700842,0.019479165650301045,0.005590357723005491,0.7701064043010823,0.01505484276431501,7.61912288035806e-05,0.0021955140600858924,0.002999385710856417,0.0028656242874066885,0.10338388040668893,0.0032153356743081668
Wa61f059ad132aba60003,0.006950231631883068,0.0018952593825667533,0.06687062035123298,0.023787308632911983,0.008033644896076119,0.7441870352682457,0.01346978616462153,0.00038459187678983056,0.00118191967908208,0.0029498787398588,0.003856125246349314,0.1170718869461374,0.00490305476964254
Wa61f059ad132aba60004,0.0061815129951537,0.0023053059264170083,0.08172127657118596,0.022890921640940736,0.008086423795235208,0.7474852956222735,0.01571640360324883,0.0002489987332021365,0.0031171730113878676,0.009022924026388933,0.004450549307731799,0.08834326087294936,0.005514227405044697
Wa61f059ad132aba60005,0.006388661767934737,0.0035542518258524316,0.1166290960237578,0.02082615376332546,0.008506014417693433,0.6837400577635249,0.02239193127746829,0.0003537896489384925,0.003825348869917348,0.002942593152815595,0.004142745459270995,0.11911354387235422,0.003837586717755909
Wa61f059ad132aba60006,0.006862882126464003,0.0030126920933161157,0.08197052541841925,0.024690497732006794,0.00786901628780884,0.7376377661170013,0.016297967861646678,0.0009226259383489948,0.004166518101580501,0.005649131428625424,0.005320709344713007,0.09893660643900637,0.003800295919851679
Wa857080b36e8cb110000,0.001256770453994762,9.13016501632437e-06,0.012148224313771244,0.008913373754225384,0.006784177668395903,0.11210086202496528,0.0066724124772473935,0.00028370192005941144,6.4557052493219654e-06,0.0005615900187702746,0.0005641518292299842,0.8438169584778437,0.004926383505804454
Wa857080b36e8cb110001,0.0005643146438638962,0.0005667782860727831,0.015459599034840047,0.008306148464859421,0.007021770854330879,0.15566572128498002,0.005689330719094075,0.00042416870266318176,8.76733422498406e-06,0.0005622514660943393,0.0010804349662509052,0.7988790102244866,0.0029811565922644033
Wa857080b36e8cb110002,0.001119119282468408,1.0143054118981812e-05,0.016284721957829408,0.008763346605874562,0.005968137675751132,0.11783828977696172,0.00988870529436742,0.0009800443916949165,7.73364637507728e-06,0.0011178720452578437,0.0007493058899811186,0.8319637687832795,0.002799198530208671
Wa857080b36e8cb110003,0.0005640935679350555,0.0005672021623459326,0.015646307977813852,0.008442365219616048,0.009799957207889653,0.11692543918499398,0.009678020903235553,0.0002868358054352828,8.46567180970788e-06,0.0011200057983117278,0.0005621940679282107,0.8312551036523629,0.0021536676015966407
Wa857080b36e8cb110004,0.0005653649639805775,0.0005684792742783263,0.01748747270152987,0.011245307345557641,0.012445808180265772,0.11465215364729579,0.010258307131447658,0.00028754583667383405,0.0006605229075118585,0.0005641155653791807,0.0005633197393949376,0.8225953325473873,0.0026142462466431596
Wa857080b36e8cb110005,0.001120109706971304,1.1750223669590115e-05,0.016053078806355602,0.008390996071180976,0.009488291771405288,0.11547191970182208,0.0047562349132942465,0.00019332054170593906,8.883868286209911e-06,0.0005626471443979786,0.0008953840863243997,0.8389432630606285,0.0021491851860508376
Wa857080b36e8cb110006,0.0005625388015067043,8.929062155109297e-06,0.014810484706393472,0.005938330756881676,0.004291836122067223,0.11538358901482174,0.006599867167431817,6.310743461359432e-06,6.733695308304401e-06,0.0011178883672172345,0.0005608756624167757,0.8468907247819242,0.0015925945845434498
Wa90143ff735b972b0000,0.003295121691401013,0.0011750681525197653,0.01904340846294095,0.01586647698841411,0.04129901031406321,0.0042627555719595275,0.011373252169391035,0.27397443278620953,0.1380471839959623,0.00706029015654996,0.25441284630142175,0.011877886973603037,0.013860530016536532
Wa90143ff735b972b0001,0.007626219240404853,0.001873057386560602,0.02710548380568775,0.061479350024912005,0.05017062187142768,0.004150330260049822,0.027270457538929548,0.20623663486773683,0.14704751735257449,0.006510900167276061,0.26267938756813863,0.011685351496849745,0.01421825652893128
Wa90143ff735b972b0002,0.006999608539786061,0.00197201837915545,0.020597087877931852,0.0515995359084388,0.036279808663415104,0.00474543866590454,0.005925936359543332,0.23315852726931663,0.274645418459835,0.005994084882483266,0.20490792144400363,0.008752363495017968,0.012374838062063602
Wa90143ff735b972b0003,0.005547658919964757,0.0011336481484029647,0.01846189022168878,0.03436748899362294,0.03807690176525644,0.0032072976595491267,0.005100220048978568,0.20217823911104862,0.13304112282647204,0.006026879118023773,0.29998634311419964,0.012213270219181538,0.012623653359893525
Wa90143ff735b972b0004,0.005291182330532964,0.0017635654191808982,0.02218355012549979,0.028290909004208938,0.058112864492963795,0.003311112093945773,0.009489648486446164,0.26621642195908096,0.11761304326821471,0.007737595360992309,0.302916892200221,0.014877999230683453,0.014922691825400645
Wa90143ff735b972b0005,0.003340698532738922,0.0016383272898197994,0.026803380618198158,0.01070358961816033,0.055747919606587315,0.0026964984998817925,0.0058062217410994035,0.17478746712101775,0.1951147193168298,0.011600979759103925,0.2991530260113096,0.012871981086352846,0.015578223238829283
Wa90143ff735b972b0006,0.0034844598273357217,0.002507303822398368,0.023067057394378723,0.01408612704617954,0.05961482593027279,0.003077029622899194,0.004079559676946507,0.19159501279462757,0.17641672733875022,0.008524524293552719,0.29913013567489743,0.012055397502943255,0.013228121965830345
Wa93c026225e11f340000,0.8644415495815858,0.1099320138591811,0.000966344005956685,0.0005636263744778386,0.0005620552250400629,0.002779042159210526,0.0028714202389677236,8.863644265887573e-07,0.0009270490137678042,0.006673079158716288,0.0016143282101213846,0.0022236330253393635,0.0014407611169069655
Wa93c026225e11f340001,0.9535105660282791,0.0018532124504885047,0.004633887052425431,0.0013969194838188573,0.001762592480240636,0.007779814531958382,0.00370609634209885,0.00013981109466617726,0.0009272711172777641,0.008897302060619965,0.0019501239289543232,0.006668315663799967,0.0014906379561728904
Wa93c026225e11f340002,0.8664370245921452,0.10926692037899514,0.001392996889585053,0.0005632579708218343,0.0005587371639932709,0.0022239417074867377,0.0025023366230466477,7.80392362859577e-07,0.001204863853028569,0.005001301381158939,0.0006961232938939963,0.0019458863264187898,0.0018132469469070785
Wa93c026225e11f340003,0.9595368625342635,0.005841711919706364,0.0018646767627756669,0.0008741043841662707,0.0025292088923537653,0.0016701053092360598,0.0016695926979377216,0.00014181408402415534,0.000374295920810779,0.010726255631473381,0.003200835747097306,0.0011159622663495224,0.004870111269008528
Wa93c026225e11f340004,0.8079786759547573,0.16023604745857656,0.003433833488545771,0.002096139355385665,0.0016720563841416717,0.0038916493702979642,0.00306278103681302,1.6310467681512032e-06,0.0009279199002557554,0.0066689746936035655,0.0012527538337946448,0.001391367654931702,0.0018236076807536476
Wa93c026225e11f340005,0.9635839727423904,0.004169799748877742,0.0022320687103291074,0.0016863336761122109,0.000701048171873906,0.003476261652407282,0.0025059293083085905,0.00014099807237629436,0.0009288887806814067,0.008625090665077951,0.002377932742696754,0.0019018882049055411,0.0026614487865927175
Wa93c026225e11f340006,0.8058817693668551,0.16256522155201028,0.0027852821804680485,0.0011235286618701112,0.0005599844172398398,0.0027805576408120704,0.0025033408919825076,1.482280953894286e-06,0.0012056537894643419,0.008057991344978,0.001257437696630379,0.0025023791685352126,0.001821903507837344
Wa948226053bdb8340000,0.005342379765339824,0.0005429038095327599,0.3686362096752719,0.10479729069771723,0.2127899962049337,0.0428984088697661,0.00847704548335035,0.06677144427192035,0.005022885838564351,0.08898937358462779,0.017030967637436945,0.006180743094348916,0.01941618418170003
Wa948226053bdb8340001,0.0036552208016425703,0.0004705975299026996,0.37008646009934215,0.17607732500254572,0.173501580585031,0.06007318622200907,0.010226952603311109,0.07255131474202144,0.003977096149189183,0.03415544762903292,0.012993471173503584,0.007105612841380271,0.02057310639310056
Wa948226053bdb8340002,0.003627094491098006,0.00042617001602280496,0.4055503020176111,0.1205453781255044,0.19749117884682857,0.05127036211829738,0.009825051994151708,0.059761284468892936,0.004948877275581113,0.056427218699192934,0.01291293476269653,0.006298295018983586,0.021147087328156757
Wa948226053bdb8340003,0.0030493511441800672,0.00037866812063657324,0.4117657639477755,0.12079028680962163,0.19490734124334516,0.04776092421954178,0.010612617190674427,0.08003465901793656,0.004734501628228916,0.027698670097312958,0.012645910646722209,0.008086396265624003,0.023313515275410892
Wa948226053bdb8340004,0.0048305452257337254,0.0005082904981975239,0.3920681342413301,0.09259282973988509,0.18557437513626543,0.042370138102893966,0.006747725815808899,0.09208541159120165,0.0049425112291303875,0.08691536811045765,0.014018921463613077,0.006158472812202918,0.0187798703579943
Wa948226053bdb8340005,0.003633709724482878,0.00041585194779992417,0.4119734442960975,0.12944434486686818,0.14847530278290136,0.044233383629871934,0.010771703485555138,0.11485105933814299,0.004186562219507089,0.049492015177105664,0.013212511263043058,0.006693599578174108,0.017273367754942093
Wa948226053bdb8340006,0.003645278700231347,0.0010331682820015208,0.36421767792453547,0.17173838935270097,0.12803488343634817,0.032888002129140545,0.00908056429529248,0.10696495278180708,0.005412199575251504,0.08984684473295736,0.013936978953149966,0.006890322349603896,0.01829867938334899
Wa9b31ae7cf2469740000,0.0015751299789623287,0.00037163912751197217,0.003853218812401122,0.0013933230604132576,0.0011148759024231399,0.3320048834717104,0.003985401643402168,0.00027865444295572194,0.00013998734883510292,9.528345484476675e-07,7.406721988955401e-06,0.6521222684121318,0.0031504184039602688
Wa9b31ae7cf2469740001,0.0019455561147220057,1.2458328277946355e-06,0.004751721025129789,0.000558517791261263,0.001022015254781149,0.3070740314743991,0.0027805790318694485,1.0990232190380547e-06,0.00018627070721141477,0.00018609820867862784,1.14038990433753e-06,0.679726476165844,0.0017631259961532603
Wa9b31ae7cf2469740002,0.001389955394066491,1.2815724001370366e-06,0.005558374748606407,0.0026877619301415505,0.0001887415224681014,0.3094513710750478,0.004170676487844724,0.00027889346152192685,0.0003251080611353763,0.00018620051186609712,8.186222676703344e-06,0.6738903940692224,0.0018613284907323935
Wa9b31ae7cf2469740003,0.0030565153594013794,1.1528063439918638e-06,0.011876240518626534,0.002225181964224825,0.002889193242085192,0.11664470670711098,0.007030245485707977,0.0002787758842194805,0.0001397743927589171,0.0009268095914698175,0.0005623786583442875,0.8498171142918384,0.003993844714473437
Wa9b31ae7cf2469740004,0.0013899091894174433,1.2261145620045108e-06,0.004138732753936124,0.0016696661514938383,3.3996608843461707e-06,0.16077787845179095,0.0036237590855458615,9.405934402699322e-07,9.945353137669325e-07,1.087812297802856e-06,0.0011237080052961563,0.825318200649135,0.0008372144983541181
Wa9b31ae7cf2469740005,0.0013899327941620885,1.2545639843253926e-06,0.004959430065532274,0.0016694544494698438,3.86384078218883e-06,0.21139155880767432,0.0041781128443353615,1.0942705875498758e-06,1.0129917809035863e-06,1.0801253860529658e-06,7.578084857650489e-06,0.7746314648933582,0.001762517512929179
Wa9b31ae7cf2469740006,0.001390056543848578,1.4032851465417232e-06,0.005108054335561527,0.0022259302491996367,3.866050919132311e-06,0.2514448325305981,0.0042015120050408195,1.1053400326776583e-06,1.071592851443209e-06,1.0963840680736195e-06,7.988692928879097e-06,0.7334778042539842,0.0021334860918901166
Wabb35a3a44185f260000,2.8719683898934175e-05,3.6629732114973515e-05,0.00989482707296004,0.0036799516471527163,0.002000680802248321,0.021782284398814702,0.0006701460051155258,2.4836512003612976e-05,2.58665892507673e-05,0.0007701693458237236,2.5404982915934004e-05,0.9500688275487651,0.01096205384462869
Wabb35a3a44185f260001,2.9185240302775064e-05,3.7223636346126725e-05,0.009713478232006323,0.003581472702190018,0.0014446080335708217,0.023640022574580605,7.057145832136401e-05,4.275901763997002e-05,2.576642536136862e-05,0.0005890209665775666,2.581679667886797e-05,0.9490657390034553,0.011703498873521937
Wabb35a3a44185f260002,2.7901447475256287e-05,3.5586251236961324e-05,0.010854125076515926,0.0036025155697154035,0.0019973829275392306,0.02611527450106968,0.0006349780732931789,4.088044205493931e-05,2.4670508036895216e-05,0.000585280173588699,2.153937513578062e-05,0.9442770990736976,0.011749141472086153
Wabb35a3a44185f260003,3.1186731627725684e-05,3.724793777302993e-05,0.009762597210824649,0.0028588993442020746,0.0011716493311724379,0.021527429816619773,0.0002878439961127285,3.763781351275832e-05,2.6100799365140152e-05,0.0005839785997151984,2.6307983255420047e-05,0.9508055573587869,0.01281469051168083
Wabb35a3a44185f260004,2.9525226897758628e-05,3.76572555708657e-05,0.009913313815522842,0.002490437430472363,0.0011635482228590183,0.021691427904213034,0.00065924036079481,4.325695945097733e-05,2.606659735670478e-05,0.0005840296104427739,2.6117546109180254e-05,0.9506759270236037,0.012630057890197872
Wabb35a3a44185f260005,2.893324305513897e-05,3.690214970980599e-05,0.009546673543177566,0.0024867777334289763,0.0014465947492363956,0.024555068679786636,0.000658353175041132,3.9130909373522414e-05,2.554393907442676e-05,0.0005802042550882267,2.5593875258881567e-05,0.948469942856674,0.012071528185505286
Wabb35a3a44185f260006,3.071073714082549e-05,0.012723895876148757,0.009536162578336517,0.0032492594571822864,0.0003343994803170826,0.02384797432395572,0.0006276246539044076,3.446027954845254e-05,2.6618003656228306e-05,0.006325360207684145,2.7858152985855748e-05,0.9285313056687277,0.014665593289557839
Wac33d09a667cb3570000,0.0023949950386059375,0.0012514330786702105,0.012047480490833562,0.11002762414499091,0.01619619474205607,0.01686617041252755,0.0036593537495361625,0.6900403565287204,0.003570473831441745,0.010859134476790518,0.0078526407912579,0.0030019244504171892,0.012859759074435442
Wac33d09a667cb3570001,0.0011146778801517478,3.426909524497291e-06,0.004458176626102253,0.0060748999721296935,0.007141004768046966,0.005144956710435948,0.0016695276686060747,0.9384108645244855,0.001521252479967178,0.005950473980401424,0.0028247185559903206,0.0011164178339926804,0.0031521411330713484
Wac33d09a667cb3570002,0.004272537769999131,0.001375444257600748,0.01269431502224782,0.11030792328603657,0.013759095188571595,0.01395056841380616,0.003190267334426548,0.7103234271387888,0.0027044320027600666,0.012981517836029157,0.010571143719858374,0.005010745624790144,0.010344247930165308
Wac33d09a667cb3570003,0.0031156767897522635,0.0014123839381170434,0.012459366267626082,0.09775042832326417,0.015203633952895467,0.011917492028539723,0.003773746997718532,0.7167694218042688,0.00566606584610636,0.02151523988651733,0.010101725544268978,0.00423493313366862,0.009855136952475715
Wac33d09a667cb3570004,0.00211274888780213,0.0012687874926813132,0.00961454524872853,0.09399753637850627,0.014572878111915752,0.013119649155645622,0.0026704871192605763,0.7086972723675875,0.0038811910383590477,0.016306741776929118,0.008457359599043743,0.0028077774672120048,0.010229247356169955
Wac33d09a667cb3570005,0.004641556811562386,0.0014104806311990763,0.012426701358620585,0.10857354277923513,0.013555340215165022,0.01444585827903973,0.0044500118170871265,0.7154268841103143,0.0041615669335487064,0.012156279743862873,0.010271510539822889,0.003008407500651284,0.011034337190597635
Wac33d09a667cb3570006,0.0035467073865983905,0.0013022130161377294,0.013420842642648244,0.10286642586818877,0.015169543826478603,0.016241056587701853,0.00513945050679551,0.6876418503870096,0.004950124649525497,0.01343216075158384,0.008892631598323814,0.0025951385664362532,0.012197280610182602
Wadaf8416360a220c0000,0.0005608248680307135,0.000836373742055336,0.0026282852429385713,0.0012874529373891606,0.00013034811702754243,0.17429015373145806,0.002532641547235199,1.850785260032817e-05,2.903247019534719e-06,0.00036914402591509116,3.6494654031288853e-06,0.8087563215673526,0.008023675112128096
Wadaf8416360a220c0001,0.0011156000397817218,5.5982846576187245e-06,0.004125558531409211,0.0021262096050779634,0.0005927249175878585,0.03775143462151414,0.002010664094766263,4.3199848287932686e-05,5.61248053550976e-06,0.0012549128285593322,6.2268080223737015e-06,0.9304174643133911,0.019702885345782965
Wadaf8416360a220c0002,4.525592921765987e-06,5.605190126181819e-06,0.010808422813297936,0.0014042362108107964,0.00032802224010322167,0.057362511409594814,0.00294874341686234,3.6667785366559126e-05,5.117673071449831e-06,0.0013549571946202136,7.484574138902771e-06,0.9078468460995575,0.017323994610329616
Wadaf8416360a220c0003,0.005056580378001702,0.001116452760637842,0.008745396417383687,0.002125693776530807,0.01627355632631958,0.3166050411186606,0.003439344925768768,3.609626187870724e-05,4.617109518907832e-06,0.0021351884665798643,5.856931530657697e-06,0.6295182548413488,0.014096923061502002
Wadaf8416360a220c0004,0.002227169969409147,0.0005607892598265454,0.001954338680537617,0.0025120520250759303,1.6317515922262113e-05,0.038968899264378944,0.0014161149037860692,3.3176233207664194e-05,4.642323227502463e-06,0.0005912206742078785,4.810727546349893e-06,0.9300814665552977,0.021341366145338367
Wadaf8416360a220c0005,0.003383777842133678,0.0011163379056351795,0.0016461850238070619,0.0023268122759406524,0.0005802560198012444,0.09897214351962041,0.0043304084318703875,3.3023861093301154e-05,4.042206802652425e-06,0.0005718119907237933,6.659357915263514e-06,0.8663513577825592,0.01983448231799689
Wadaf8416360a220c0006,0.0016748845946239373,0.0005599742639352665,0.0035212293414571363,0.0005662868855004149,0.00457863125957462,0.13743299487881294,0.0027524311927669166,2.8632334644180645e-05,4.3062727083743185e-06,0.0009373971673734854,2.7925637405337785e-06,0.8368989850095985,0.01075507086090908
Waf4284369bd947370000,0.0849949780217409,0.008549712859023485,0.15476133699143294,0.04768091523888254,0.025901400235935512,0.15376550001850336,0.02951192895611939,0.012923168402298384,0.015414696836227697,0.0346761945416776,0.026339641013387684,0.007272659218074602,0.08045477073769941
Waf4284369bd947370001,0.08258314113253024,0.009621832908457948,0.19505862953647157,0.05575952580606685,0.021566279878887634,0.34161929147961073,0.03143853137345628,0.01319844935454819,0.0150178686969963,0.019803345620703704,0.022476875889275053,0.008690984944427974,0.06287372124037889
Waf4284369bd947370002,0.07604153113994828,0.007774917373839489,0.24188825331916883,0.045914218392352796,0.02835689273801265,0.28045075569491185,0.024678505980664244,0.013885049848192993,0.011611319898631475,0.019100778366731384,0.019938151046631748,0.008687856973184778,0.04147706984490338
Waf4284369bd947370003,0.046974540045538866,0.004791976954060567,0.2087425567743311,0.03214399242765368,0.04548459591423875,0.1844149625713752,0.02122003168660481,0.010778276772807368,0.008633393373060431,0.029135536428735415,0.019844874034634117,0.006428301698978123,0.04585566159830432
Waf4284369bd947370004,0.06644483704387276,0.006271993571488546,0.1648461235956231,0.042555081771822656,0.067894965978452,0.18502936901197173,0.015706846379422195,0.012926312555773754,0.010361289662204157,0.019085894692563228,0.02218510414092839,0.005878241617324287,0.05230953197088526
Waf4284369bd947370005,0.0809206409312178,0.008459213548448852,0.13979277904156362,0.04416462991274836,0.0318814477658345,0.18413711323375753,0.0417577507647017,0.01326835400758686,0.012209319288084556,0.0215523516722405,0.026920063844776486,0.00661414346345149,0.09658415431895565
Waf4284369bd947370006,0.08880303360693516,0.009153884621680465,0.1444107974261333,0.04799909947152183,0.023040006799582655,0.3230607469000162,0.04352105862717617,0.013390912569718175,0.012447203855030805,0.023846427665973065,0.022593473107959387,0.0072869096057078695,0.07312842221015907
Wafe031a9dde0317b0000,0.01241224625141728,0.7097733229173518,0.001948957835245406,0.00042288277134522936,0.0008351395553088975,0.0005594045911742796,0.005423368439212089,0.007066707219900045,0.24161775549225012,0.0011192657746019715,0.010247610169287547,0.002455008601654033,0.0005588552600258978
Wafe031a9dde0317b0001,0.01213814107850242,0.9497531323465703,0.001393545887325954,0.0009742366208056107,0.0011127920581893104,0.0007432619177952999,0.006728789454626865,0.0019405205447960857,0.00760685007696857,0.0016748862108278205,0.00865579983055903,0.0028253324969801635,0.0016699866689016394
Wafe031a9dde0317b0002,0.005840406037270499,0.6849928973966056,0.0005601990503833223,3.0374675732749314e-06,1.6770402100665323e-06,0.0002803703612645812,0.003200652439891156,0.009120985739591315,0.2845452538814612,0.0009339962893982803,0.007780840374398739,0.0010660663194799324,0.0005588169281609962
Wafe031a9dde0317b0003,0.00528254369156439,0.7003078898055858,0.0005602181279067806,2.0844247355877603e-06,1.6769834378789756e-06,0.0002803718785672958,0.003201025915719039,0.008153738723601698,0.26945877519896794,0.0014900923008417603,0.00796624822793925,0.001066072708922055,0.0011143931255405356
Wafe031a9dde0317b0004,0.005840059430825421,0.9732261187740178,0.0005603475437465125,8.139562885389439e-05,0.0010334307775273315,0.0002804720706918098,0.0037829389034534375,0.0007168731862265422,0.0032581834200752892,0.0009342371028501098,0.006432796678927104,0.0016216581022877271,0.0011143734026810648
Wafe031a9dde0317b0005,0.0052843974472782575,0.9744571414624624,0.0005603309273468912,2.4103169991513936e-06,0.0005572843462445944,0.0002818407272957001,0.004038328229091577,0.0007198260055291903,0.004662726323447696,0.0015932940050847355,0.004543846839511221,0.0010660979117793014,0.0005588793837298476
Wafe031a9dde0317b0006,0.005286483385154033,0.972037912706997,0.0005603274453023276,2.1097715033834795e-06,0.0008350122366097159,0.0008373967737314314,0.003634941863185717,0.001267014183491237,0.004026873996047597,0.0020064093637133787,0.004543391905609977,0.0016216232675821298,0.0011144191329961709
Wb332d3101cf4d1c00000,0.0016918240842747308,0.0005736495193106926,0.027973756738281473,0.2262343730505962,0.12689088578722788,0.013858653587751697,0.00917420350687604,0.004919653455112577,0.006959537044945907,0.41670158363636534,0.01809682096833758,0.03005588283618171,0.028656753825856227
Wb332d3101cf4d1c00001,0.0019104163826291127,0.0005767064522058832,0.021213531603421345,0.19102087278322094,0.1428516986135016,0.010465546611391261,0.006391624908242094,0.005992804895192637,0.00629667544301364,0.417119559486342,0.017131206928595925,0.04825481084284293,0.0340879438539713
Wb332d3101cf4d1c00002,0.0026109714479484866,0.0005795038134150017,0.028119114857846492,0.01653179360430362,0.023864616254809654,0.013511344178536087,0.014971331987421123,0.004905401148833179,0.005714931169852184,0.41191987066363944,0.021149816828270725,0.3322007366826966,0.029789852377107538
Wb332d3101cf4d1c00003,0.0026050835395301456,0.000903417365536293,0.02977131193490406,0.015067433755461452,0.021490823317217973,0.011796042940871505,0.01592040521518128,0.004732891883800009,0.005246172934337751,0.4172278959740098,0.021970918333400178,0.3162726504366633,0.030632365089882263
Wb332d3101cf4d1c00004,0.0018143180544544018,0.0005969450196885331,0.082748569004904,0.02740146251412745,0.038599532477114035,0.06640480789877752,0.016286394585255676,0.00624071964572917,0.0051898884323227515,0.4247843836553294,0.03149084123825655,0.11853474627171921,0.05596135577146306
Wb332d3101cf4d1c00005,0.0018192026532641292,0.0005983862997189765,0.05225569866990335,0.04976168014087742,0.06751025322082006,0.05099509914676783,0.02936163632268329,0.008756684005236734,0.0052885881881732264,0.43004113184503723,0.038695799525312574,0.06453186014845219,0.06115240788159792
Wb332d3101cf4d1c00006,0.0016084177948152286,0.0005954590427306075,0.04225677005927909,0.04264001830698914,0.05825345011135083,0.0295421493913914,0.030401528369149198,0.00969228171158805,0.005458288389266404,0.4336852907732821,0.04838845658441174,0.05390713724702862,0.08234843229786706
Wb37ad6ce89974d2f0000,0.009480028381135054,0.003832985060383046,0.026025186895836536,0.03294776410401432,0.07711027473784664,0.025544796859984165,0.008563740758223136,0.027079778577159614,0.03107706117193056,0.01480285770806388,0.4708040066371266,0.00432180121658184,0.019240087164797047
Wb37ad6ce89974d2f0001,0.003921069907187184,0.004848628694396806,0.03299767426992687,0.03333202706601748,0.03996366386251522,0.04432269885745342,0.013305904813289008,0.026693294179523312,0.030083612963093156,0.0211897281308219,0.4497861140454166,0.006690477778593797,0.01568785525696057
Wb37ad6ce89974d2f0002,0.006862604850896126,0.0031601341424061153,0.043714262638953526,0.04822641763991523,0.04248132943712213,0.024715534458905217,0.009316659754054574,0.026374746593079323,0.027843223223214263,0.017673619449787816,0.46346968447250525,0.004742146277033923,0.01733139628016919
Wb37ad6ce89974d2f0003,0.005989706092411499,0.0010401261710908732,0.030351343365239185,0.02379468605158272,0.032364445354907706,0.02119786078955369,0.0034408626543168674,0.02068373396305715,0.022990919926122316,0.02256936379953464,0.4867354321607229,0.004291295392920454,0.014789401128810727
Wb37ad6ce89974d2f0004,0.007000478075970678,0.0016542126515739723,0.035893713698565845,0.030924770690148855,0.02593327942948861,0.028885338799208796,0.0051283508829942604,0.016960328252396253,0.030007242885954858,0.0201375775612572,0.45175118110321133,0.00604278743680538,0.01747503744516862
Wb37ad6ce89974d2f0005,0.007819271830015928,0.004603241075764109,0.04146313581645513,0.027933506363950422,0.0217869769420897,0.030868210406793124,0.006603440586608681,0.017807075600545383,0.03420106423982338,0.06074319775651563,0.47109867272532147,0.0071004191736528,0.022529779050123325
Wb37ad6ce89974d2f0006,0.00689165070681461,0.003409579651072685,0.038440107103034644,0.02963344841978485,0.018401684598562836,0.04279952850369389,0.006142454449092196,0.019755714859414804,0.031573791106576536,0.04211779995744575,0.44715096666300963,0.008939345418515836,0.01905731812113517
Wb704079f55322cf10000,0.06327738997711065,0.0033003969568915683,0.035072536535755976,0.02589275783626681,0.07141378583329372,0.028213658301577498,0.001613284347385566,0.06600637065942082,0.08712228753067562,0.2893128152571189,0.1911244165633632,0.006743122191961096,0.023945769421339847
Wb704079f55322cf10001,0.08556688799472252,0.002607415858772555,0.062400858175630826,0.07184490411182608,0.05405746016971045,0.04451062852547765,0.0014706242967104793,0.04558141329654147,0.10783732127297153,0.3109166649927031,0.10101358314607278,0.006215163723458889,0.012095590330538766
Wb704079f55322cf10002,0.06788165980356019,0.0031016639021945775,0.040724693766817144,0.035846685391249064,0.053829418839642734,0.01857908851154476,0.00208777161240795,0.046585687586019005,0.11066907963642392,0.31468060289860844,0.15281283691332206,0.00629076382255941,0.012630415455656843
Wb704079f55322cf10003,0.09179417049588734,0.0031169633425917886,0.06514896729899311,0.07069806651293147,0.05395533473692829,0.0318618436662114,0.0025852741683933156,0.046322457285179336,0.06548097454118852,0.3037979003670022,0.13386677301471814,0.006574764541100148,0.017716338938055323
Wb704079f55322cf10004,0.0477385093106219,0.002050397861701554,0.02275195630014497,0.013031643791854654,0.0492066304244472,0.01507288561418324,0.0011772881400498399,0.06088464712540217,0.047619865944125365,0.3099035179748471,0.06802163864320566,0.006514452353599212,0.012809506412459183
Wb704079f55322cf10005,0.04663357032449035,0.0020363484872610825,0.016994915897691153,0.015298828114392796,0.04922839816571128,0.01988794336260305,0.0006468734205510851,0.06871786343006143,0.03770893729204231,0.30324800169217975,0.058781423575617546,0.006709826805436132,0.012502831687990738
Wb704079f55322cf10006,0.0751813630465876,0.002959428313771685,0.06140241854643906,0.08232368611951285,0.052023065534450894,0.042513716833027244,0.002348779377055745,0.04282494082502323,0.08215308104020665,0.30757110631346984,0.14769915379982823,0.0065701235512500775,0.013076736981146331
Wb7130727df9f1e840000,0.014937927495744527,0.00682085570046881,0.03971407045899542,0.02353765615035936,0.030890762719281806,0.006632523585773918,0.07295202134588988,0.004628331856505175,0.009958712190291982,0.010215934856760355,0.026056542236863215,0.0030634028483913817,0.3654166232212302
Wb7130727df9f1e840001,0.014205496575233978,0.004349728634011338,0.022631189387032558,0.02169467293536838,0.02804031813244427,0.005848213366972862,0.012282739768364933,0.007906359036743823,0.008601039374043908,0.01117474812353591,0.03615339474161953,0.0019195000192832009,0.41957791096826563
Wb7130727df9f1e840002,0.017373250269930748,0.005764772719704971,0.026008012948132406,0.02013346040523831,0.0317958840751641,0.00478477277574188,0.030572232409312058,0.005950550118136634,0.007718346945834621,0.00903246215960065,0.039783755464662104,0.0020888161782207553,0.4474770465291315
Wb7130727df9f1e840003,0.008856805780460596,0.0038859257460274682,0.029881231808635476,0.022521498036532427,0.0244614057313118,0.004383272285262278,0.02447913205169643,0.007151550433860856,0.009315730628204346,0.01027175877068949,0.03556523645978475,0.0019940412975368365,0.39076352082491544
Wb7130727df9f1e840004,0.009780902605477553,0.0035227196729370595,0.030543485149839816,0.022686543655197084,0.017456149098502804,0.0033222247149143048,0.027734528907791687,0.00705721207723898,0.00993444658457144,0.00865352088959854,0.03799340989807309,0.0018171585644968227,0.4031074649818902
Wb7130727df9f1e840005,0.010216233620375678,0.004999729246694931,0.023898387075382336,0.020571640467369635,0.02534890155063094,0.0050103976369488415,0.040998622697782004,0.00751019862418185,0.009262372259810423,0.006092654198039847,0.03268368545140841,0.002935210906232648,0.4134314372366088
Wb7130727df9f1e840006,0.015588805332857909,0.005979029411399106,0.022884992816752093,0.021955090221200256,0.028107188120832283,0.004928945468850098,0.048830500319268486,0.006191158249038993,0.006895151532282065,0.007310373630691121,0.02560065525795919,0.003057633533971051,0.42022249534239525
Wb744190a6f40adfd0000,0.010784496183346114,0.004383019792807525,0.4198580133297535,0.0928156836985577,0.030234574159235788,0.022832335947412352,0.014193447519761667,0.013624352282070226,0.02088663675785245,0.058555700945686774,0.01635097815374676,0.007181134798969907,0.20437284295804212
Wb744190a6f40adfd0001,0.013698049613855557,0.003684718188220187,0.41356313216860124,0.05857907739093559,0.043996388429263865,0.028232578083618374,0.012087028828218034,0.008730103578754256,0.015226717339202656,0.01542052332589291,0.01548624144162262,0.0054851445034302835,0.27232060510390566
Wb744190a6f40adfd0002,0.013556456517781562,0.003972434024569989,0.39510089993185976,0.07824258079972547,0.04475188755884003,0.04501900684146363,0.012657599746653746,0.006637902990783321,0.01547414613704762,0.02297137373987897,0.018302141542419673,0.005920727557779486,0.2465557963457686
Wb744190a6f40adfd0003,0.02164856122197467,0.003757293259013915,0.41754480348740386,0.04602070349772,0.032549935904773855,0.04185442607798479,0.01139322923735363,0.008176026965828864,0.015963940348389338,0.02138562470314472,0.01842198699119473,0.004483820226473543,0.26847291835134907
Wb744190a6f40adfd0004,0.011136575155812919,0.004139971555219812,0.3976109718053073,0.07287836314771698,0.03888548847759855,0.07781703724996224,0.023316083636031923,0.010577496666487968,0.015921888433309446,0.018427896221151034,0.018800626215095033,0.004757878548996885,0.21318141856934278
Wb744190a6f40adfd0005,0.01279570926231679,0.005284733297295647,0.4256158585435881,0.07136210343275147,0.04983197902782,0.03218231565344405,0.012734965340107948,0.013364613423811176,0.01796702582313403,0.021265017143328412,0.019621641354266982,0.00517397666084151,0.21112837828342354
Wb744190a6f40adfd0006,0.014486939434695898,0.004859445571357185,0.43065234248792394,0.05630261071610522,0.047129521073643085,0.03160047700746405,0.011337394528526487,0.021525130127659588,0.016817379682220912,0.02074929838313992,0.0204301644401262,0.005771190820240424,0.22019817062525832
Wb778ed4071abe0380000,0.005611589195417771,0.002534867448302101,0.010121725100925112,0.01076088203356856,0.017267859120804734,0.0023511799374848078,0.009185928578482754,0.01054346177096805,0.010143585569450376,0.01411155380550135,0.028380672039757412,0.008275577071497505,0.028954950139042226
Wb778ed4071abe0380001,0.008245963688645674,0.0028683043464923074,0.011755370222497704,0.013012199175501404,0.023721687599692003,0.004013295328066912,0.008485809815743432,0.018153949234221846,0.011730987702651689,0.009907544210812282,0.03166374376955212,0.006518551793711399,0.027015463985510028
Wb778ed4071abe0380002,0.005693983915506522,0.002770369793737091,0.009488856996271323,0.01414403400051198,0.01801706681283505,0.004952022299477238,0.008756946035543868,0.010963272092184692,0.011764589040640436,0.010670927828558642,0.030971960657309384,0.006825031543042786,0.02982113488329914
Wb778ed4071abe0380003,0.006280060946289479,0.0021703736772426493,0.013431180685322631,0.012330943746941214,0.01772164006133628,0.0023778280388934412,0.015047603774915186,0.008478515484949184,0.010779192351679267,0.014679687901837312,0.03341876916375983,0.00505263592298689,0.02949218647017832
Wb778ed4071abe0380004,0.0036796625749252803,0.002979109662627544,0.011200238240318485,0.012201018188113973,0.028416920505322463,0.001898205166486186,0.012760360794768891,0.010853146134143937,0.01208984186203428,0.010633283814717167,0.035502367344128906,0.006012352641332407,0.031282378292179676
Wb778ed4071abe0380005,0.009901770744023543,0.0033943693611985177,0.00945218715868631,0.012999949306186927,0.021157545278128038,0.0044306471831125635,0.010557638813124857,0.009119811718182965,0.009117517854189667,0.01606937842973513,0.026676949108907243,0.007005613157100421,0.025530125988720932
Wb778ed4071abe0380006,0.0057091312174679335,0.0023477697045716198,0.009492155552575085,0.011161956395344824,0.02582154606714756,0.0030171446736514456,0.009289024948228738,0.012503354457631625,0.01065830320456116,0.012288064959874062,0.03098996133012267,0.007288436120848487,0.02712594518052149
Wbb8c4883dd3019a00000,0.015553860940043662,0.0007776528859762913,0.7196475718557631,0.07265935442611648,0.0315600438946254,0.027363590611223586,0.014792496784480759,0.011345967727878901,0.0055760559263142665,0.009910939819417939,0.006567572572443161,0.006581108985402334,0.04018699908477508
Wbb8c4883dd3019a00001,0.018070093796634795,0.000764676714799926,0.7183562306364099,0.050310329544941475,0.03137752583337603,0.021556867188151033,0.017481601829955163,0.011388276285725444,0.005657841227810634,0.011185810369248046,0.009779793012248248,0.007102753684874469,0.046293663296173404
Wbb8c4883dd3019a00002,0.016108691798342133,0.00019229080250730832,0.7361644799378108,0.046023219846970685,0.03325355094157805,0.022778601359524805,0.016820878685193306,0.013295444250803623,0.007587890808491603,0.021587280441581508,0.008208075171653867,0.008808745092926857,0.02882664209739122
Wbb8c4883dd3019a00003,0.01872628241448581,0.0007704104586235171,0.6661283519140105,0.04640893093664414,0.03054333295543383,0.022220195281444234,0.01860095718698565,0.017446506274877496,0.007259714471090215,0.08439827530804926,0.008867639089576943,0.009981212216610294,0.02462562909398915
Wbb8c4883dd3019a00004,0.019759409877863156,0.0010497820822675166,0.6616055359469357,0.04063066550784453,0.03233789056709419,0.020720595877370594,0.01941215670402555,0.026929572928630956,0.006438248754562463,0.0754136716844114,0.01091847686212066,0.006569499926764936,0.02812014902546284
Wbb8c4883dd3019a00005,0.01811099993946309,0.0007778330958605447,0.7268457408281298,0.04399836843980138,0.028772735833540692,0.020465091568843335,0.016500224044558264,0.016343082317140507,0.005883336469855633,0.028756798752738354,0.009536948650862673,0.008525801067757029,0.02732811598464066
Wbb8c4883dd3019a00006,0.021373559330621895,0.011524230277698071,0.5660561015974334,0.04349605805726759,0.03460947680944013,0.025470836458205828,0.015663929383476934,0.015589120046931524,0.005063041195697611,0.1595469350306257,0.007854180367965402,0.008270809537622202,0.04244904127160942
Wbc1297dd69eb83c70000,0.0014598500537232508,0.02214166902359263,0.021766938544754335,0.037001128867377484,0.025981541043244762,0.029641303034245465,0.7908049432890325,0.002021317627361548,0.0021002824983266674,0.0025112206272680424,0.02325330325190133,0.004414239369609893,0.012560980398628647
Wbc1297dd69eb83c70001,0.0015145674533346227,0.02117534547729046,0.019293704272363835,0.03676777194853472,0.025114592945758005,0.11606752340858806,0.722514762723808,0.0007341097268956971,0.002503705949224036,0.002101018582646222,0.012017167676423204,0.005358547083194773,0.011398076025560172
Wbc1297dd69eb83c70002,0.0015230047228167504,0.021312360691417277,0.04962690135859235,0.03819832334317412,0.028687926222044923,0.17496575679597862,0.6207010853173411,0.0007460426265391966,0.0027635884602890456,0.0018428158659879249,0.01616014546332968,0.0051176088152624834,0.015499159784255605
Wbc1297dd69eb83c70003,0.0014749080390347594,0.02112457053610703,0.0283005641051982,0.04070836566862354,0.027431297648264047,0.128980305990102,0.6898713876254735,0.0021695707685706347,0.0026636659157413148,0.002246156256183789,0.015526306103322418,0.005024145162454606,0.012122885208397516
Wbc1297dd69eb83c70004,0.0014370935237920152,0.02120881302802538,0.02294637395075673,0.045219709751953,0.025078518576299672,0.060443358987618316,0.7623881668090967,0.0017748168950528166,0.0026555247166654473,0.002600427854185816,0.018122480606968805,0.004123683704619105,0.011172906003180168
Wbc1297dd69eb83c70005,0.0014240450009090006,0.021974257231484183,0.02086488167153531,0.03940082864269995,0.023905986113909837,0.024229790371878883,0.8141992076656227,0.0015916189760096088,0.0020670444193025923,0.0008442743772862775,0.01093561276094136,0.00467990147504586,0.010984896192506758
Wbc1297dd69eb83c70006,0.0015470439876494769,0.02141321969115489,0.02174909835132591,0.054799730871545604,0.025172084378054793,0.024378451981821578,0.7923461976882834,0.0013291491446479637,0.0019931381601558606,0.002420262800867687,0.010667383290877344,0.00452128440164612,0.013490619028331903
Wbc29bbe3ceddcefb0000,0.0029182474582440192,0.002168893509402051,0.3047336063162111,0.006285561817793305,0.0071715634539989285,0.0024443589892109334,0.004840366862586835,0.09819775775070755,0.25540835382690685,0.010671985211553279,0.2381470323375936,0.001550523430992306,0.04863480658120393
Wbc29bbe3ceddcefb0001,0.0027985187485802796,0.015246959903768226,0.16129099052695647,0.005016877470745131,0.004384155812934771,0.001516877796704395,0.007717959766079693,0.07519978168715577,0.39205026936209153,0.019261672720363957,0.25315301093029713,0.001540073914504436,0.04452697810099757
Wbc29bbe3ceddcefb0002,0.0028906210494383106,0.0026912711470903467,0.07906757467221266,0.005245761209899293,0.006457845502837456,0.0031205063095381866,0.006104232712208031,0.08383778093729793,0.4694418856208269,0.02052754336565717,0.2257434580007653,0.0015296997638894214,0.0769900348678397
Wbc29bbe3ceddcefb0003,0.0015039814542219326,0.0027290546272132976,0.2835040033924293,0.005351539347985282,0.0052084028203385705,0.002045229952144875,0.006553243286853491,0.08794697196335367,0.26577961166203634,0.01016842412527302,0.2744867308978908,0.002160996918037471,0.03641375646150674
Wbc29bbe3ceddcefb0004,0.002858377968366728,0.0032081545320115415,0.2915856029275615,0.006499955871325731,0.007389799460098103,0.004263265119870939,0.00543507886406437,0.09251064924935368,0.25788032428544233,0.009092388501383377,0.23139765631086648,0.001472325761915798,0.07027881188227364
Wbc29bbe3ceddcefb0005,0.002859972457564451,0.002654564518041526,0.32631593137177456,0.007058790142351685,0.007121501503048782,0.004278601136468504,0.00544049198154837,0.09493495906890942,0.2227133823487958,0.009362495504917436,0.22789978050663698,0.0014662529566306507,0.07098231437088204
Wbc29bbe3ceddcefb0006,0.0028976336521893582,0.003255324091907172,0.2925710477650278,0.006849621810638154,0.007535251120467296,0.003232847822853925,0.005851436966984597,0.13223545431600453,0.20752505812218383,0.012313035476754117,0.23130186474448414,0.001546753268146962,0.07619332748598247
Wbc43cd69cb14bab70000,0.011312770180093357,0.0008048351292250367,0.0801405825843941,0.004163614451948026,0.005454832162152644,0.5839926335786237,0.005013435679449999,0.0027889391717078843,0.00019822836154435907,0.015546330580891303,0.0001614705543845732,0.2765154728100093,0.006256222173971784
Wbc43cd69cb14bab70001,0.005153386857168743,0.0010022595764618875,0.10765350864494766,0.003769759955009571,0.005891399146047385,0.45703831333927725,0.006765202725619632,0.0012642499484466396,0.00014733936019216618,0.1499406966337509,0.0002948671360068071,0.25220673312379926,0.0032413946005910017
Wbc43cd69cb14bab70002,0.004097284902488951,0.00045326703941175693,0.028140252653669092,0.0031134501865402657,0.005438932542466281,0.5003847919506428,0.00466376577053969,0.001232170782675107,0.00014592506894707768,0.051017594145475284,0.00011644064036231092,0.3925656314492127,0.0036290460928835072
Wbc43cd69cb14bab70003,0.0044017885124337085,0.0009546604505099482,0.019826384301211437,0.008845272845552242,0.0067106243527075594,0.4979709637890841,0.007999449636652983,0.0005344099178744723,0.00037397776522976465,0.05714908784185988,0.0010068700296548703,0.38968152825743146,0.0016837004317269142
Wbc43cd69cb14bab70004,0.010326823239189235,0.000172940242510739,0.013860470951152717,0.00605538610136512,0.003890032175191382,0.6453044014683232,0.006704093989291626,0.00234180906240756,0.00015119503859904837,0.003889643799804664,0.00010932170902143342,0.2937504655433832,0.008222901481334494
Wbc43cd69cb14bab70005,0.007612420517157962,0.00022613586417676205,0.0681151533655012,0.005382504981160152,0.0037162664273507275,0.46973660848669213,0.0053671171315256665,0.002111977835699042,0.000175672587650959,0.09982462835581454,0.00014304479070214611,0.3292946923287996,0.004697061385889665
Wbc43cd69cb14bab70006,0.012280049724612309,0.00026111509801941406,0.09702790404870053,0.003968577691700519,0.00460260160069301,0.43874983034670906,0.005698528885135591,0.0031759270517964476,0.00021188172475902615,0.19621744757191162,0.0001641371960619741,0.22068899511648388,0.009153409220504593
Wbdd0baed9376e5c00000,0.07551043280396377,0.00423232188888035,0.18783420855850777,0.03756946180904311,0.09205330548886403,0.02560845477871269,0.02522856377416136,0.022689949013248514,0.0067243469982833075,0.38310555655652906,0.012573363258150155,0.019928766053762422,0.04025939434075614
Wbdd0baed9376e5c00001,0.08031085905583707,0.005009445496345714,0.20836690173531028,0.036782453015907726,0.07430397413113307,0.030105432286605505,0.018938572932126016,0.024207106951078028,0.007709280419364485,0.3888816731145952,0.013773410678249748,0.018979780811354863,0.03575101934713546
Wbdd0baed9376e5c00002,0.055629573742325175,0.006037619410431369,0.13020239299474484,0.03953842340727717,0.10393847318960882,0.03933032856881894,0.022197551690839395,0.02453932255640667,0.008288015555574957,0.40385021686045613,0.023239993924377027,0.021484867399067905,0.044453088250974986
Wbdd0baed9376e5c00003,0.0837065542416912,0.006104276694708658,0.16689965051579578,0.03503761529143002,0.10312439153241848,0.030975344495259016,0.021562547673283115,0.02365331653348148,0.00724120301585823,0.3797543719691192,0.014628754479967995,0.020787449368448913,0.04165818354271554
Wbdd0baed9376e5c00004,0.0791151011630493,0.005519216621987446,0.20793926211186328,0.038571037102111634,0.06738510886553395,0.029427969428390068,0.02132664956741763,0.021674865551040798,0.006288989647517086,0.38791437705334425,0.01714609293982279,0.020740238177287606,0.038429439859704
Wbdd0baed9376e5c00005,0.05948070904268368,0.009001993476093205,0.1331912592572397,0.0474640153020105,0.05504604394000251,0.04590797422498488,0.024994838459605224,0.033897690471788935,0.007155021701967301,0.3924782444126584,0.03396236891552263,0.025923181236567755,0.04596814009827221
Wbdd0baed9376e5c00006,0.07484567560804176,0.007807232006528407,0.16163624956629288,0.033329819021742306,0.12654043545424573,0.028788533937618748,0.018336880312341375,0.022057866327927333,0.006730705139986113,0.389019456989478,0.01755653836430311,0.018776140904095105,0.03807959482609866
Wbde569410fe8e49f0000,0.013910437935190484,0.005216035680433977,0.09922863701405456,0.10371509587059466,0.45344017975753176,0.02872660502583468,0.012007675522114254,0.0064098400023633924,0.009632481549934778,0.1101657148637367,0.019372975936032006,0.007148225639462891,0.02702316090906701
Wbde569410fe8e49f0001,0.014616319571215721,0.005096530938645871,0.12548491341741558,0.15877815514902746,0.4481471230796262,0.026550260916594636,0.013994153056067906,0.006246342806646577,0.00885769583219466,0.02883199205195425,0.0175584809867625,0.007560516524178934,0.029855751021513003
Wbde569410fe8e49f0002,0.015827272906351407,0.004397789408316592,0.2198553496407384,0.08548176132923291,0.3884993815173024,0.02554785683376629,0.013524588796044144,0.006560287527391181,0.007734459592158849,0.07112334473363666,0.022833458847065044,0.005243872966499315,0.0312906884757452
Wbde569410fe8e49f0003,0.014069073977856533,0.0056105940701581545,0.24154788004550487,0.08230131343711283,0.3925901496237094,0.03286787733363085,0.016624235626343884,0.005892008573936927,0.008243295598958275,0.043883862094189506,0.018006389911075307,0.005530976779503933,0.026973909787214336
Wbde569410fe8e49f0004,0.015526899309022728,0.0038824816975751614,0.24093250166752478,0.1062159384198151,0.370051730910458,0.03132682034126295,0.012645000745485488,0.006639041673313861,0.009845500417039578,0.024770598089252704,0.01857100629917022,0.005349110278579704,0.029839272562380146
Wbde569410fe8e49f0005,0.011103783854863575,0.004823449848944496,0.08651240466858391,0.28399950226006304,0.38001365892906785,0.030184025893103487,0.015456213635544835,0.005600116307762921,0.007781300253733736,0.02101815912479332,0.018117133164605812,0.005087810323561554,0.030544828665973394
Wbde569410fe8e49f0006,0.014102695540988997,0.004411914496759539,0.18330579671485792,0.12525976527961707,0.3986225944412891,0.03372028220840749,0.015044899850499775,0.006270597567170792,0.00887166701467311,0.049221392465355264,0.022351632449219158,0.005884060568027792,0.03161133688368294
Wbeaec377d94993050000,0.0006216582104153932,2.487902044266978e-05,0.005024586698827515,0.0084969131630775,0.0078875397434815,0.6727335851534639,0.002958567357044415,4.495064250332176e-05,2.4920262518396427e-05,0.00029956598407280296,0.002106450866711242,0.2947225558935303,0.00406148130203698
Wbeaec377d94993050001,0.0006118977564610796,2.2885554056346872e-05,0.005496327878651373,0.0053697576802125635,0.005318274128074585,0.6769648052505058,0.0026164080537818793,0.0017098471652267576,2.2495641345066438e-05,0.00029789403887358495,0.003456882488629127,0.2947712476795913,0.0029061595465133946
Wbeaec377d94993050002,0.0005778049639184364,1.0606471352659708e-05,0.003955407223522154,0.002630755584831041,0.0013090646332211719,0.6027676049285954,0.001227612150688799,0.0044645252571212475,1.0550294185015867e-05,9.32460738175089e-06,0.0023829686478094845,0.37755906907983866,0.0025288825814276388
Wbeaec377d94993050003,0.0005765416565265372,9.850299440428245e-06,0.004254269957448301,0.0038223758741033733,0.0017705701873246273,0.6043702809506668,0.0016591426877965952,0.004463301639217914,1.3171823301175788e-05,9.317846709822846e-06,0.0019596180206818254,0.37398654866977527,0.0025414992810342723
Wbeaec377d94993050004,0.0005911496718750017,9.627312489761868e-06,0.003966387797027959,0.005056055381163882,0.003775131838506733,0.6133330717309866,0.0006316212893553914,0.0011309766208353104,1.294172510584024e-05,1.13348737520691e-05,0.0018160178338306006,0.3657926794560722,0.003308816783530074
Wbeaec377d94993050005,0.0006019201936886572,1.044793479464396e-05,0.004417529486518363,0.005599312377569246,0.0015852879533334297,0.6015501945608687,0.000569760104608244,1.8384630876204022e-05,9.346084052157222e-06,9.706361972236103e-06,0.0017605807693783263,0.3800433322729225,0.003260742885633715
Wbeaec377d94993050006,0.0006372273060041431,3.467842615433728e-05,0.007585834089585567,0.007806837642194673,0.01288788782024238,0.7687327760533277,0.0006648644141873157,6.556601917978205e-05,3.815244643014302e-05,0.000315424391576763,0.0024104557507957573,0.19500585397610126,0.0028101773664627253
Wbef72f581e29cf990000,0.004919182234564415,0.007780486385897873,0.14536669025023818,0.027317681338607683,0.03360804899556902,0.024461252443428252,0.05854436841025438,0.020554620031208483,0.01260796757133034,0.009058109559402738,0.0518854849562989,0.005245640840340237,0.031376341417835796
Wbef72f581e29cf990001,0.007206500780380585,0.00756251856121503,0.30723308431138546,0.035778703511699234,0.03158980230284836,0.03163176453441835,0.054018984338066234,0.020741055312340526,0.014839734098424623,0.010527197474374732,0.038600956663755466,0.0036672275332216343,0.036116889700935476
Wbef72f581e29cf990002,0.0036119211199326044,0.00719834640257475,0.2650898720844718,0.10352103322164956,0.03245314920968092,0.026372253266497975,0.0421452387158864,0.025590281767266975,0.02324049783597179,0.0143365457568271,0.04854703432085384,0.003657597363701864,0.02556526029981575
Wbef72f581e29cf990003,0.0039012046837006735,0.008348259389700841,0.28921730829782766,0.06123982526740372,0.027434263636722918,0.028824442180097727,0.0596397370721692,0.04405477361299882,0.032515544073651294,0.02613432474731366,0.0652319907499577,0.004505325883446371,0.03542089707699652
Wbef72f581e29cf990004,0.004550427558596637,0.006857767169180702,0.2850870935543987,0.0364434846415795,0.10563333054233401,0.028249429565179625,0.052344867686786374,0.01892502494412389,0.013894977358346636,0.009278193975656237,0.04219456571623011,0.003627409348238644,0.035840551185577336
Wbef72f581e29cf990005,0.00416222923648192,0.008421066393054894,0.3507994897801325,0.04717624000096643,0.06528561998758427,0.031291678618891074,0.04085896099499151,0.026103100480655787,0.023296343280770754,0.008204441416634449,0.07936115820506241,0.005353200381638872,0.03759045170741546
Wbef72f581e29cf990006,0.0034368384038516056,0.006002066365252228,0.23591350849712778,0.02225885589270433,0.05443800551960398,0.02071158385181508,0.032507467426299196,0.028354872732739133,0.019957464603731247,0.008789641734921347,0.3588849920197293,0.00429571338164591,0.03057183915695801
Wc132f976421ef79e0000,0.004041082411965443,0.0009261442996789417,0.3094924048507112,0.02041040727375482,0.017836401488686492,0.007242968728412179,0.013167437458382553,0.009860609802042517,0.06259898769961816,0.03079363395760605,0.03296664973125176,0.005601100885393586,0.4403780072626535
Wc132f976421ef79e0001,0.0022502647454302146,0.00039006983128853117,0.0972571815642765,0.017159988813894973,0.01582200328539881,0.00602200788168811,0.01234501490556554,0.010727343928126637,0.05843930242208522,0.03705543682448376,0.04113368670422156,0.004876479878361504,0.6432685635263661
Wc132f976421ef79e0002,0.003859426131876745,0.011049541832793724,0.1014655419846834,0.017533365084108476,0.012003278906260064,0.004474685025712302,0.01360970958760762,0.008710789042343575,0.05675733365789854,0.05051771242985664,0.03915163034920776,0.003934064703123741,0.6260655019021084
Wc132f976421ef79e0003,0.0032177698654490203,0.0005609218903817366,0.22014088758944136,0.019758592554585636,0.01601666369290523,0.004126133391206657,0.014261344719804094,0.007708300290936325,0.06271688239906147,0.03774259418016235,0.045022706997327556,0.003249471356593703,0.5075280736099486
Wc132f976421ef79e0004,0.003402504116965897,0.00044037535234857383,0.24707439273994306,0.019116866845192457,0.01790142417536155,0.006927678851823682,0.011561778381335971,0.007818154382854102,0.06291615259830116,0.04145700272224409,0.04140864399376254,0.005000834206284467,0.4777966480919194
Wc132f976421ef79e0005,0.002739175768503886,0.001367531446708365,0.3126136756367193,0.015576283498022559,0.017652463301061367,0.007753877977842413,0.013346685911301065,0.01011279833655738,0.08856275938112668,0.05974733074199303,0.043339147146646766,0.004127167831442713,0.3538739848211933
Wc132f976421ef79e0006,0.003179849428586215,0.0008670820243209224,0.17442040274585255,0.016677620045613878,0.027041215437652696,0.006814750957680264,0.011331390003561244,0.00900708481078836,0.07581585845365459,0.04373245172686125,0.036558266759925094,0.003784548979972681,0.5295801914789755
Wc446c80bb89bb5ff0000,0.9391701966848461,0.0030784033914825018,0.004083139873576759,0.0024777884896624676,0.0032571385845555217,0.002221058266140599,0.008150080796245362,0.001144951862418227,0.0011337033457439886,0.01373939859464119,0.003300065102544046,0.0019908374386747706,0.005443377337907823
Wc446c80bb89bb5ff0001,0.9490886058178531,0.0028002820142391882,0.00414406329429178,0.00232676142580309,0.0027419522081749085,0.0013845020634990878,0.004513948538817647,0.0005891950104649215,0.0016887684694455259,0.014300046680973172,0.002504501222023258,0.0003204727877002645,0.0033450065360216647
Wc446c80bb89bb5ff0002,0.9484812051194395,0.002799421765411764,0.003673223118073315,0.0017680409099605388,0.0038553062320326958,0.001383696709717956,0.0044764688897365925,0.0014261743570220728,0.0011319634206157893,0.013182191514978113,0.0025204642937172008,0.0005966180346406067,0.004173293826926016
Wc446c80bb89bb5ff0003,0.9458954933040119,0.002800307601878571,0.0038688453807993023,0.002880455570604897,0.0032917076756899173,0.0013853393463707378,0.004477445159580092,0.0031004984350073385,0.0011337423241775798,0.013458255908081808,0.0019668386830936435,0.0005984033264869128,0.004037249691842067
Wc446c80bb89bb5ff0004,0.9426110830026929,0.0027993943437556166,0.00414113799493259,0.002323706928821252,0.0032457429964163477,0.0013839741941851467,0.005053870958576777,0.005317282960617133,0.001132350825261509,0.013734657178778817,0.0025193573251993955,0.0005965637306836228,0.004047061486495015
Wc446c80bb89bb5ff0005,0.9421798722786838,0.002800267606634533,0.004150895585400599,0.0017705990134802743,0.0035279084066502132,0.0013845299014434637,0.0050448010077296995,0.0053188833659731,0.0011333569337368622,0.013740981232426015,0.0025204366806861876,0.0005982217520025497,0.004742515860345393
Wc446c80bb89bb5ff0006,0.9420166431345146,0.0036340376791809035,0.005648404048639365,0.001770222086619425,0.003372072491141156,0.0013859379602273259,0.004475070980109459,0.0005914326999417278,0.0016888929583579349,0.015404335051465365,0.0030832610500089257,0.0005992587907124833,0.004969600567662195
Wc4d73b3dd10bb6550000,0.008863005032121377,0.37826205971090676,0.013931214334610502,0.009809712328918384,0.09239264599303122,0.0124909990593164,0.00586815134597728,0.1356918282454611,0.02868133987973864,0.0122481910330645,0.2569752913026457,0.01216726245768527,0.011995721716199574
Wc4d73b3dd10bb6550001,0.019640611950527374,0.0077926898646553215,0.0603089034987276,0.018976522652720835,0.12964354006003603,0.018972001932389383,0.007611750402626617,0.25689414458013327,0.028806069470723925,0.14142043622159448,0.23064808603127054,0.011499183659052253,0.02002704123457531
Wc4d73b3dd10bb6550002,0.005347306953730061,0.37651095177920557,0.011649461687520686,0.010058727512987134,0.08144172833195906,0.014574271074044331,0.004611576229193765,0.15803896800101197,0.02890714451998494,0.015150533317158552,0.24985936700161104,0.009376242991441188,0.009219243258370015
Wc4d73b3dd10bb6550003,0.011814399092685293,0.03758577024640947,0.08685310582282225,0.02258717695450133,0.03884654431172341,0.024430361733167164,0.010111348870300591,0.2070005246567786,0.03566006242988887,0.025958616352198746,0.39344736537501634,0.014351282758594534,0.01576738806301418
Wc4d73b3dd10bb6550004,0.024218746470446362,0.04210673999303729,0.09578819905069279,0.02268005163252837,0.06052838853260395,0.025124937917083385,0.008924821459313463,0.12187355235283996,0.03182425617669662,0.027722013117817076,0.4429936565538586,0.015099896149462893,0.023915102812203545
Wc4d73b3dd10bb6550005,0.00985481363784638,0.37789490370612905,0.011873938709736964,0.00832623805433382,0.04487053155542923,0.01585778348330449,0.005062486229040575,0.07684683192846788,0.02612522593479247,0.016075896409150445,0.36244147231952567,0.009554787631488029,0.011729071624858962
Wc4d73b3dd10bb6550006,0.009456287085204398,0.004920406522463447,0.07793882629376366,0.02145624573699716,0.12369203227604579,0.02254204887273042,0.008294793672575126,0.1238944325872967,0.02874640344097162,0.13195203647509116,0.3651902392163624,0.008769376113833218,0.013131482041814323
Wc57515d8229271fc0000,0.008621127738286183,0.6305157132451812,0.0012081058802093606,4.720543648969034e-06,0.00027982890507506007,0.001503120747746726,0.003756951548584042,0.007546348048085294,0.33073718391997975,0.002786638274641265,0.0077016620766448265,0.001251389964813066,0.0007444363257918767
Wc57515d8229271fc0001,0.008438842982077076,0.9517782067918262,0.0006509657180896315,2.212939535717219e-06,0.0006964870999637064,0.0016681121311947743,0.002414971821421178,0.00196937490694931,0.017637576345641916,0.0033465677614628645,0.008082426423394016,0.0006958053165690469,0.0005590376497015909
Wc57515d8229271fc0002,0.0027882544741664236,0.982186411359903,2.6478489565606655e-06,2.493069064237811e-06,2.0895324311554967e-06,1.4459771820700052e-06,0.0008376440547505542,4.184282704286122e-05,0.00756535265798181,0.0012691575609849487,0.004054706423681835,1.361253504906186e-06,0.0002812957739625715
Wc57515d8229271fc0003,0.006307073108860613,0.9566680136081658,0.00028114286286172994,2.41353257819808e-06,2.1373434787486537e-06,0.001112556311621931,0.0019517882998414697,0.0017962057731270443,0.018342033953416104,0.0033478924170809925,0.007389060132720041,0.0006958052228503083,0.0005591047801498815
Wc57515d8229271fc0004,0.010386108809232823,0.9578198642488935,0.0008360013821316689,2.9219117974535665e-06,0.0005576683048125808,0.0011147399969686498,0.0011190127356292905,0.0006858554387603076,0.012616672616672408,0.001675015826605176,0.008948348374217596,0.00027915291464978155,0.0005590053999474349
Wc57515d8229271fc0005,0.0072321272902102565,0.636210687332924,0.001206368250837279,2.3892239844954513e-06,2.0876103286237787e-06,0.0002805020828740027,0.00153471342003829,0.0021407584322563917,0.34178355800424587,0.0011193937352053655,0.006622630008801309,1.3611903302391674e-06,3.5428683347434947e-06
Wc57515d8229271fc0006,0.006029537903606027,0.9713867613990603,0.0003731468250700768,2.3630990113704196e-06,0.0005576490810302577,0.0008361324412755097,0.00250783367048883,1.2872592156581934e-05,0.007948288965445135,0.002508743505228893,0.006336641041287624,0.00027914263860943315,0.0008368816622351843
Wc5996b4fa3dbcce70000,0.0031608727883792745,0.0022219318244170163,0.1347379356259278,0.1842363320424905,0.5094408988899645,0.029225111325808174,0.015148976726668166,0.03390104223224319,0.004655221373869962,0.004197339414002381,0.0028364224207836045,0.031011846545610233,0.02130721213231067
Wc5996b4fa3dbcce70001,0.004079223028479351,0.0024937796402584103,0.16432908605554425,0.4198621215219928,0.26968835944841674,0.025818116840899994,0.021129327678602677,0.009299241530486637,0.004678692253944294,0.003305341566153427,0.0031828524535903154,0.02897525889566204,0.01695334591800378
Wc5996b4fa3dbcce70002,0.004257676399835839,0.003371781169199934,0.15032790094061105,0.4317167552619745,0.2658145420044032,0.03080907747233927,0.027097312383612442,0.006001505974388679,0.004198777650393926,0.004047947873007255,0.0038379482075171193,0.033200887499361884,0.014878588423406761
Wc5996b4fa3dbcce70003,0.004733198076147261,0.0032104038263014996,0.08192505313559126,0.4061254023573277,0.33393940858197224,0.03335278523541867,0.03476485575895837,0.0071991213681746775,0.004969801733699851,0.004260817003588789,0.0051952266900948145,0.03888567892768995,0.01697250748450166
Wc5996b4fa3dbcce70004,0.004985005554685224,0.00295084814565748,0.0769911522068569,0.4492419759875832,0.31109609804919014,0.03137312815513944,0.025598118481020296,0.0050438852010354085,0.004866337148995095,0.003566999624000637,0.004602389269945186,0.03788124107243899,0.018175894553521595
Wc5996b4fa3dbcce70005,0.007856395480469,0.0019290777624691865,0.16703069884162847,0.30074375863201286,0.3839435408658532,0.02389894644832072,0.026154841471504462,0.004460176603491424,0.002702227344849922,0.0030849777429034424,0.0032239431704355207,0.03604019425410448,0.018733993355347454
Wc5996b4fa3dbcce70006,0.004800729074241364,0.0029053492320753865,0.19688651247388064,0.12279048785783753,0.5218333305960207,0.033716857965378676,0.024822689268420794,0.007552373404599731,0.0032254085189243934,0.004276191225457987,0.003426125449885643,0.03327312226710131,0.018267100711644783
Wc5dabfe82b90ea9a0000,0.0033941565679938435,0.00031840459076488135,0.28204456852721205,0.06684856282025675,0.4770316789242883,0.09276250061130455,0.006439118589572826,0.0037993023826507887,0.0022604431906376346,0.0032268365714884983,0.012849800636501821,0.01852293289899086,0.017617706761716305
Wc5dabfe82b90ea9a0001,0.009903291186924386,0.0012486821715290272,0.2058465950190712,0.09141830903965162,0.5089122765974703,0.09728956139674297,0.004062152268866919,0.0029417815104380287,0.0010286861785237284,0.009194954860209884,0.020642685819670353,0.0190615450082633,0.017325795469984348
Wc5dabfe82b90ea9a0002,0.022322987016168708,0.00179448220598685,0.15433521846568707,0.0965700851530923,0.5208538589313334,0.11135562245153845,0.010456540133833262,0.004844882223958745,0.001468605101680723,0.006558567350315924,0.025051636530294723,0.013913114221851514,0.018155582450411146
Wc5dabfe82b90ea9a0003,0.004874478667923712,0.0003151024759889774,0.12663364931919774,0.06914858186890509,0.6690701994009176,0.04919973503186207,0.012441646269492075,0.0027174416215559887,0.0019746621927241243,0.005388109262951809,0.015075774996764097,0.012959400259163081,0.01582528484168177
Wc5dabfe82b90ea9a0004,0.005192916536799813,0.0009729241649239036,0.1429247327984505,0.08764727575820136,0.6358631421710398,0.053597159129029036,0.008447511550665988,0.0035183443400833726,0.0027011642962473993,0.004316898450719999,0.012498396551215436,0.013540975901688073,0.01691937157526906
Wc5dabfe82b90ea9a0005,0.01976808148970818,0.0022845125948314894,0.09503964782939946,0.07098653990028757,0.6695186072204548,0.055150792474406164,0.003448949478404632,0.003673534149996068,0.0009728452677697282,0.007046986517187773,0.025461605858480934,0.014070662706119752,0.01862175955565069
Wc5dabfe82b90ea9a0006,0.011427878660866952,0.0007217980930998387,0.22318611185037285,0.11454638276361741,0.4840132925167355,0.06561596767389939,0.008263216506472661,0.0037097331537577142,0.0006794001324028536,0.0092427306025378,0.027657937558476963,0.01570422564103664,0.021630564108457807
Wc6ea7f21070970a90000,0.010004192079982818,0.5157961207738379,0.01401849191714237,0.016278752039821803,0.015974500282248776,0.011036814146955606,0.3635859399900757,0.00376012816934929,0.0011152641802265565,0.007654475651751405,0.004395053821283644,0.006585366491832217,0.011590291526070714
Wc6ea7f21070970a90001,0.01194876699306265,0.5524341146211268,0.015865889758891104,0.020084925776926065,0.01866647564259932,0.009139743351016487,0.31246832693907595,0.005328102149200712,0.00028192289614830665,0.008673297116689956,0.005184199426254445,0.005285070033230429,0.01380375140908816
Wc6ea7f21070970a90002,0.011115322837790381,0.5070517680314476,0.014435443256201903,0.014416013863692253,0.01718771784073066,0.007249473372612259,0.3741590326163033,0.004360920467822178,0.00046654316940758104,0.00691324796451006,0.0038865153802389242,0.004183572817051122,0.013903738510148487
Wc6ea7f21070970a90003,0.011670865983605417,0.4725302925736028,0.01651028041012455,0.02070245145355336,0.012696512920995126,0.010821886539298687,0.39547978638571823,0.004738923181035159,0.0010227257828541835,0.01057073495852212,0.005785957458850994,0.005193093132225368,0.012509903138050745
Wc6ea7f21070970a90004,0.012782035138275362,0.49477795558682935,0.0133007266114249,0.018958535374155365,0.01399788790688755,0.00883583511711343,0.3729173712781295,0.0049275747541974065,0.001208000944323147,0.008394813959130998,0.006293748719125967,0.005764836960993642,0.016420590564633356
Wc6ea7f21070970a90005,0.01157841630882573,0.4936419446593882,0.01372363555976189,0.01662141373139242,0.016954032536150566,0.008449796668623916,0.3758321128387245,0.0049196635694263476,0.0005598988850439878,0.009783824890505489,0.007221173229870251,0.005194196147555669,0.01473413955346527
Wc6ea7f21070970a90006,0.0138014317702669,0.5940799140565358,0.016225539303806068,0.020364022071494847,0.018636951688932913,0.01156115721947789,0.2586166071833943,0.004931615806625442,0.0006530440955829879,0.00950646800321591,0.00786861359735786,0.005201310601745484,0.015580373183698313
Wc71266a645637d7b0000,0.021535128896152955,0.9218316539230133,0.005448830542655137,0.002233425741215184,0.0022843781426203262,0.0010321093675950137,0.009732555626032872,0.013683613635752415,0.0008364377800786689,0.002167952033237309,0.002703404976874369,0.0019488761759886212,0.005293727690931538
Wc71266a645637d7b0001,0.028603599893315124,0.9169083517353284,0.004948195116814711,0.0034541739242389367,0.0019278225431599108,0.0032545383554402224,0.013174493014847584,0.003876803524899045,0.0008370632313926295,0.004316271666809724,0.0033850877837693157,0.0005606783347748363,0.004703651674778099
Wc71266a645637d7b0002,0.023665129122724074,0.9352994538304139,0.005040748680739067,0.0022560887218547776,0.0023454273299218227,0.001035188734919962,0.010755552786128464,0.0012463846660696728,0.000559347470258848,0.002223569120789108,0.0028388359451565637,0.0005606829724641825,0.0028995898914195325
Wc71266a645637d7b0003,0.025205315439127338,0.9245068065986931,0.0046702607026796366,0.001137092279957696,0.00313288091012341,0.001776458118860764,0.014402178417739712,0.004659522205645023,0.0005608847157561235,0.003464193140128255,0.003543969638503589,0.0005606787998040192,0.0035058400029743613
Wc71266a645637d7b0004,0.024041248039930248,0.9169415881417062,0.005040551325582688,0.0028020786795808785,0.002294333855202699,0.0027912755538349074,0.014450048318980734,0.0050542523221894405,0.0025967016778797717,0.002501257927791205,0.006131536340683375,0.0013939999270163694,0.0044585177396843315
Wc71266a645637d7b0005,0.02148049029711609,0.9351241385792538,0.004299927955644936,0.0025994843015938007,0.0011879592895335024,0.001030827594879581,0.01769545204372361,0.0009918074476833155,0.0005609194264758185,0.0016678740801265993,0.0013120441986137104,0.0023662173380915117,0.003070916771176619
Wc71266a645637d7b0006,0.021482943958088557,0.9333031390168404,0.0048555110037082905,0.0028783447439551446,0.001187593845753062,0.0019197044337499072,0.01887509298593431,0.00044504025689008213,0.0005596606181697245,0.0016679266650884406,0.0016814407131508764,0.0018106605665036486,0.0035697419101231435
Wc7ab4b9a55950dab0000,0.009381080143100852,0.005809612913719911,0.0759426684035421,0.04400509842227014,0.021829208128753552,0.01257180626127167,0.1749202641215143,0.016106625335360385,0.009247500128053287,0.0034538016233487756,0.41530832653503214,0.007433550102672347,0.03172815160651231
Wc7ab4b9a55950dab0001,0.01048312614037293,0.004493790735458577,0.066978375538448,0.06393453677111076,0.03176595349081465,0.013615010671501247,0.1563485019584326,0.009154981104231217,0.009734668754864952,0.004618740353393364,0.4034374202173982,0.008408532443247468,0.032820768841386634
Wc7ab4b9a55950dab0002,0.00877370299020559,0.003014300320677402,0.029008244821942235,0.04409765498989385,0.015264640711965654,0.010741245748640287,0.2173758875814197,0.009868181962978497,0.014619653254968007,0.0063163680884152544,0.50119276183569,0.007217883770418931,0.021764723767065983
Wc7ab4b9a55950dab0003,0.009606314375898397,0.0035809612472697643,0.03360021425807338,0.037512422295041405,0.024648849559243225,0.010965384355440458,0.18425835256675907,0.009270556794999565,0.009360577108370668,0.006794259653904373,0.48430852618882225,0.007395251664564014,0.02310623114528185
Wc7ab4b9a55950dab0004,0.010591952755134863,0.0038771294475145384,0.04363186619496056,0.10484725084886502,0.0741390420880951,0.013378396345518987,0.4031833991579808,0.008789010318148882,0.004638177206367776,0.006105061414833064,0.04701799235538155,0.005500633783679218,0.02904752076132747
Wc7ab4b9a55950dab0005,0.011157227761697055,0.00577803328125095,0.04828565236160144,0.08710934117294009,0.045494167444846245,0.014470218894679057,0.3644733891216947,0.008492249523289898,0.007692323598621564,0.007216163192120324,0.05385357066509315,0.009640879199435676,0.03277926195497309
Wc7ab4b9a55950dab0006,0.011077246315001725,0.004178035402767886,0.0511781221621281,0.05398949514236297,0.03648785961741038,0.013716264480303077,0.2096716492381346,0.009677882090962962,0.0066678895499913135,0.00524732577299475,0.27028046751845014,0.008516627837795226,0.031140523079140125
Wc8ea48ec838d9beb0000,0.004265466234392299,0.0036894755109113464,0.08338067541497848,0.03912188614189597,0.015623946821980733,0.01774938723098223,0.12683154103556984,0.005583639328695256,0.01323288432460057,0.004887699081952201,0.021387632830217274,0.0032759672559912454,0.04230620999539415
Wc8ea48ec838d9beb0001,0.003280502154424397,0.0026644760642222714,0.12612506059365014,0.042221188587862675,0.014634358970098363,0.025645905953168156,0.3382797881610687,0.007186138896610486,0.011824787491555487,0.00598605163374642,0.024697927449486835,0.004954081496455924,0.05858958917130462
Wc8ea48ec838d9beb0002,0.0057356524227839545,0.0039123820342354615,0.1416130033161281,0.034022030346759595,0.015627397804570134,0.0206336544402694,0.29382242330146197,0.006456534181542032,0.00878284295436907,0.004419326822359081,0.021326969978951605,0.0039956736826071045,0.11807384231201912
Wc8ea48ec838d9beb0003,0.004135645703496292,0.004431989219894574,0.20853774694843166,0.03220104166001088,0.01726709617743389,0.04405705027570712,0.2482511575880836,0.00805055751935158,0.014856914445817042,0.004839211578648623,0.05527333522342626,0.004215648291083584,0.11626852489765668
Wc8ea48ec838d9beb0004,0.00668315584739713,0.005394691616239328,0.1747832447365039,0.03099732779638766,0.021766253963837637,0.029586634966757442,0.027131141119132493,0.016778108885150654,0.030251022606807967,0.008038696844062249,0.046257263241301784,0.00606416463215993,0.06986165049583744
Wc8ea48ec838d9beb0005,0.00741971843721309,0.003694415223612815,0.25961161517974857,0.0303367626517274,0.01842785955443198,0.0688104129848466,0.08926582066721385,0.006605693040397396,0.019807662546828725,0.0057703132836994355,0.021432161110426482,0.005764883353685988,0.04230216559552344
Wc8ea48ec838d9beb0006,0.002900682803030651,0.003916740831822605,0.30584964602392195,0.03035482551230038,0.016987416421874735,0.0753658330882891,0.22939246653171008,0.007489729973721402,0.011107477234540164,0.0075104087336294026,0.020657341314541892,0.014384457424681899,0.06527932949314082
Wca152ae15fea4f2e0000,0.02825432098518584,0.9190875042882527,0.006021120969873593,0.0020380849694550457,0.0005599494440104439,0.0035115321423045405,0.021820816561495412,0.0011668400316145633,0.0008354694314629858,0.0019021756469032142,0.0030713968400300842,0.003565992129661039,0.0018541991783219026
Wca152ae15fea4f2e0001,0.019039390608367127,0.9448362886304338,0.004171389311568008,1.0941432022837957e-05,0.0009606601087836807,0.0015479017164233293,0.01189817281969594,0.0009050435551033294,5.268363966071659e-06,0.0026732287893239197,0.003599566662394056,0.0024549227851757374,0.001674219571805361
Wca152ae15fea4f2e0002,0.019489087787686356,0.9494634358634668,0.005097435936469787,0.0008381905696572782,0.0009571707499479632,0.0008697516216045756,0.008606680891671317,0.0008775396894915296,2.543710798983678e-05,0.0026106055634659755,0.002402783606906646,0.001251223112529904,0.0011351117268833877
Wca152ae15fea4f2e0003,0.01703212997616129,0.9569079378749622,0.0042638746558672554,0.0014986877632959977,0.0019291410480262918,0.0007095663223929934,0.006285182945966104,0.0005911763363083221,3.436909210237746e-05,0.0017489204799927074,0.0007567885428729199,0.001991909834443082,0.0026014286199186032
Wca152ae15fea4f2e0004,0.016194224827671567,0.9558634888158464,0.0031986827868505504,0.0011928326309696975,0.001520092788551468,0.0009820615955820195,0.0055618004701179415,0.001200399256768821,0.0005716892749903188,0.003692593602099772,0.0015940308430091956,0.0012511668187266288,0.0011264488820592038
Wca152ae15fea4f2e0005,0.015070095012726362,0.9616227366141661,0.002781975175115126,0.0008444800295970694,0.0009642463777515904,0.0005752617489098454,0.005695975851612401,0.0005849880654132565,9.047415266669977e-06,0.0018097687723615675,0.0011572546235920338,0.0014363871978774105,0.0011224636086547926
Wca152ae15fea4f2e0006,0.025800301175692358,0.9404586858710372,0.005698423343823059,0.0010489365010367916,0.0010730176808522222,0.0006407345117437989,0.007720651909056703,0.0009518829134497342,1.6633131010044262e-05,0.0025263415811960835,0.00251033811275015,0.00236233094380802,0.0011228382315444398
Wcb6954925b3070d00000,0.0009301603790530932,0.00012688282751452347,0.007006085508257808,0.004856182837996517,0.002895654116823851,0.0038427399428510632,0.00012143551478277033,0.05383732746742818,0.07724133607771978,0.37818384042702596,0.07784835250733099,0.0023334621262372395,0.0053185463946487654
Wcb6954925b3070d00001,0.0014058784667321817,0.00014273557708619432,0.007784701233708402,0.006464741992403975,0.005886432326301798,0.0047337312539167415,0.001896521350304288,0.049706738710566765,0.07734530218483114,0.3421060373338629,0.11088436423185138,0.0029281102694019324,0.0050195215096188696
Wcb6954925b3070d00002,0.0014422921855549741,6.804125330679605e-05,0.007941676082734885,0.004666528756340271,0.004296771433405981,0.0029681679323953947,0.002826107646785144,0.048966614918411776,0.0744059350763201,0.36443704181966374,0.09114429953265157,0.002565726510121963,0.004104400750976079
Wcb6954925b3070d00003,0.0014458506715127782,7.269637446021756e-05,0.00963968122027242,0.005717673714174014,0.005903127498271636,0.0026925704200966936,0.0032427922538728793,0.049422710460083695,0.07331399090423564,0.3686262345485329,0.08672926029071694,0.003126677922367954,0.0035570576813394868
Wcb6954925b3070d00004,0.0014531170767420048,8.222297178508301e-05,0.006285669363749938,0.005078096149380771,0.005229566435667836,0.003253605360693055,0.0007038344629533786,0.05327126163571357,0.07938941636770681,0.3765349904081375,0.10113366004166201,0.001743405222489433,0.004712894167937162
Wcb6954925b3070d00005,0.001436633537501341,5.912977029971562e-05,0.007106645508331712,0.005909811453615359,0.0064228517960116275,0.003830908324808001,0.0007897838303571831,0.05484411759743956,0.07866883577597329,0.3812948345464149,0.1233078701766639,0.0017473429982205338,0.0048874898244687616
Wcb6954925b3070d00006,0.0008738693064834178,5.924672053896075e-05,0.0070370214830800595,0.006190713627932859,0.0051746702722854825,0.002683876067281653,0.0013258242515636603,0.05441157599547979,0.07932503432352113,0.37154057409663044,0.11837033971092177,0.0025594397785253147,0.0043436270274629036
Wcbfffdfdecb25d9f0000,0.0025071550578646745,0.0010534180566823383,0.45345960469436947,0.12103371823075178,0.31422050852477007,0.03447150077438429,0.005386008158510001,0.002258539095144236,0.0011581079961296042,0.0013804202598389828,0.0020330646364955236,0.04949212854231309,0.008642444672579788
Wcbfffdfdecb25d9f0001,0.003147855101820446,0.0007300157756010956,0.40491763066934167,0.22380475322262625,0.26105451190025014,0.03545661146007709,0.007693491867979606,0.0020199400235335284,0.001554793323041413,0.0008832730664369838,0.0015769755512631842,0.047068102313587996,0.007434380984502842
Wcbfffdfdecb25d9f0002,0.002856384382969803,0.0007949543514228125,0.4753995345255541,0.09329110547873239,0.329925146951019,0.03448528679710006,0.003408453421472827,0.0017571843016503561,0.0010130636063442465,0.0005241846487169661,0.0011113066520770148,0.044388220125817536,0.008462891608716138
Wcbfffdfdecb25d9f0003,0.0036026375995694064,0.00028101226826698466,0.4962139031892859,0.05339708365973114,0.3630610843083859,0.02755704467861546,0.0029211074583349738,0.0013133803622664853,0.000598699866458785,0.0006025831986083988,0.0008263374122733561,0.04127602387700609,0.006181682307736777
Wcbfffdfdecb25d9f0004,0.0025297586930152936,0.00038461493316393737,0.5848889205881622,0.0832880653348326,0.2338815900101511,0.03095215422543324,0.004328385311623176,0.0008376457223494995,0.0007963888877754617,0.0002555838540284407,0.0010932557472240522,0.04852046344903211,0.005979285512620452
Wcbfffdfdecb25d9f0005,0.0024082838575728654,0.0009288721499731133,0.4807981018532164,0.10178294333993992,0.3006841923215819,0.0392050106804547,0.008331671894538739,0.0013147710261963656,0.001190095934652245,0.0008187133691781182,0.00162904651151589,0.048820811138224236,0.009376311676340664
Wcbfffdfdecb25d9f0006,0.003600941087511546,0.00033483352705561534,0.5643108142142166,0.07928668776420941,0.2479631690561751,0.03704602729202789,0.010087110199782666,0.0013833335471398988,0.0006314034863692844,0.000251738453956767,0.0009487221287412876,0.04450781566147691,0.00739210919202346
Wcc1d8419a2bafe770000,0.011429040247191595,0.0017301159772816273,0.1198679418402519,0.01702935783256656,0.034506677667572226,0.011114404106447791,0.005851678990347281,0.09443607993829335,0.18806535365811394,0.27212507421029564,0.06873754645552904,0.005828949860034471,0.030725848090994507
Wcc1d8419a2bafe770001,0.011047783414521487,0.0015633369423634197,0.01431403593251884,0.012376671746580623,0.012956669366196884,0.013213728103394055,0.004345007368468714,0.29199787131524757,0.21166600778065903,0.28104789730228275,0.0700919531270038,0.006213727545471094,0.021237607560051018
Wcc1d8419a2bafe770002,0.009944038257204711,0.001375414187566267,0.02552351841029259,0.013847364065391802,0.013655765033777108,0.01051676201242433,0.00496558292618848,0.19312514615381568,0.16193110094850663,0.4257963158621919,0.06799384972052541,0.004379387865860739,0.021244252876572722
Wcc1d8419a2bafe770003,0.00930118112076701,0.0021596315361491086,0.02737353910658615,0.01428237133367169,0.010269778565867771,0.010482122858800543,0.0031719414620062815,0.03326257557985226,0.14445634691310738,0.39263685802771064,0.06923582513479065,0.0036550850344493845,0.018516748583896375
Wcc1d8419a2bafe770004,0.009244124473220339,0.001483140742855307,0.020341126518898453,0.012674828227872165,0.009933961348464214,0.011865703245724587,0.004586163731701756,0.03374614460740521,0.11447929188182492,0.3983325624181291,0.07210878399723737,0.0045161054996328606,0.016926842670401065
Wcc1d8419a2bafe770005,0.009820873578165726,0.0017163440390845829,0.05620730246337454,0.014878495619305992,0.01467711717114959,0.010952818952356728,0.0046142012974805385,0.07704760651377768,0.1430293910983546,0.4596430726770308,0.07591347388004108,0.003856134665676331,0.023083219221581776
Wcc1d8419a2bafe770006,0.010569615839000993,0.002859068025076656,0.036669350679422404,0.016277067764308904,0.015469335166385517,0.012236509480182761,0.004947617241102486,0.16517313981321394,0.19364805144798206,0.3478285965739845,0.07810018854051114,0.00403764121878937,0.02346442238787301
Wccb0089e24aa28300000,0.0008802050668224057,0.37842995927935463,0.004655548419130751,0.08675638383585357,0.0064136094974072974,0.0006809999052520531,0.005117227518189222,0.02484616727134285,0.058793186423506553,0.0024529045104393393,0.2833452425233631,0.00827107886700367,0.010434369584625578
Wccb0089e24aa28300001,0.002023541018864443,0.02365884153956423,0.005732589402776073,0.01305716244297922,0.006124754889222134,0.0017235641855727235,0.0029901441385934272,0.0460817926648933,0.06425186502705989,0.004838219397538748,0.6780107269685641,0.00750751054531605,0.02138633792490825
Wccb0089e24aa28300002,0.0017389051883178028,0.021441258553158205,0.0069761341837864185,0.011668463402070535,0.005445151135783751,0.0013636605022101685,0.00388226243281361,0.051337078817061045,0.06025078842528753,0.006164363247060943,0.5710557312634942,0.007816395956293146,0.018883821517908565
Wccb0089e24aa28300003,2.3205634252975114e-05,0.37630360978306177,0.00551657572958051,0.007146739286731316,0.005325150914097873,0.0008545863857540697,0.0038361814135788714,0.053471983966079335,0.06363730605658119,0.002191822115883049,0.3029947787072142,0.0073542334492929335,0.008710004742911975
Wccb0089e24aa28300004,0.0013248287693214467,0.0023925819351786845,0.004797489581756522,0.014558602770974373,0.008743506186758664,0.0022056370672516893,0.0038725339485784407,0.09061845952216889,0.062026912876530525,0.006966606672361277,0.6307940386251373,0.006117483078088805,0.024440597436810402
Wccb0089e24aa28300005,2.024336668899901e-05,0.3755584432378886,0.003226610437237484,0.0062917943042656195,0.004651328190417175,0.0006215741789997342,0.003888095183559901,0.041400237843271785,0.06141176520682873,0.0022422548516431015,0.3880315223338928,0.004533631003821541,0.00845609498518142
Wccb0089e24aa28300006,0.0023387606353733013,0.023969472047300405,0.005608587958308203,0.10778577040861587,0.012285674255740217,0.002400884073340963,0.0065950629714128205,0.04236023930248329,0.07549774416847273,0.004247482750650643,0.4447928664210188,0.00799748067928632,0.054499807501303676
Wcdafd0c1c160088f0000,0.013569394433735095,0.0005612601503101664,0.008741204793324431,0.004645631125517683,0.004068002740398324,0.007318727567974324,0.0127687024280502,0.922471745852207,0.0034403786559417827,0.0016751631904313475,0.004451546171963035,0.004407815657948232,0.00408971097241562
Wcdafd0c1c160088f0001,0.014588050725152681,0.0005615016921882575,0.00856440621034058,0.006323214863471553,0.0025337885025991384,0.0069005209933495895,0.015786905145536077,0.9248762055891587,0.003688557236544773,0.0008406089213092372,0.0036185892395950805,0.004324563143036496,0.002437956800705523
Wcdafd0c1c160088f0002,0.014310165555346014,0.0005611890685577114,0.009881726454779829,0.005393516570891181,0.0034149395280012344,0.006706829296579677,0.013723087402467821,0.9233681654886637,0.004869739551475582,0.001396530985699329,0.004542879237450434,0.0033907873802080974,0.0016061403009613117
Wcdafd0c1c160088f0003,0.01208785298366863,0.001116781771734483,0.0059841830726155305,0.004348151867053359,0.0049706956992045855,0.005087848698045171,0.01735735057014761,0.9014923783932602,0.01068786034181008,0.019313621512280624,0.0038961358781969295,0.004505019453189168,0.0018215091218727866
Wcdafd0c1c160088f0004,0.014587891891634099,0.0016724702782079676,0.010828828459537249,0.003264395199760117,0.004440046083691644,0.008194181358217293,0.026711219275305415,0.9078393074422235,0.0043855313157046254,0.0001922217894291961,0.004915293203236936,0.004330999121973036,0.001604056255522734
Wcdafd0c1c160088f0005,0.015976892572275185,0.002228174391494361,0.00929498648643159,0.003261327391524431,0.004626668286088022,0.00739091951188802,0.019849190228784782,0.9134117102421634,0.004959657314419715,0.0011188317827537165,0.0049220554545649445,0.004327299321489213,0.0027038914194667633
Wcdafd0c1c160088f0006,0.01431023621389096,0.0005615996357942691,0.008324681456201338,0.006318901876456625,0.0025349400575165864,0.00698418589942651,0.015668794747973377,0.9248389423127445,0.004305518853764348,0.00028518902168544205,0.004174090421637605,0.003766980532562546,0.0018683662076771006
Wce11436042f2d8240000,0.0018805194316044217,0.0010088905422376622,0.04431225429567575,0.021561223920289134,0.009398941429739096,0.005782776136701791,0.009935961390978161,0.002465857815132193,0.009789346456360704,0.1591623926804529,0.011196664916087347,0.013967504145228255,0.06803100926388933
Wce11436042f2d8240001,0.0024934389893884502,0.0011682328693221257,0.18859668011330655,0.019301970538776598,0.013193165825234485,0.0066238545661480306,0.0057194872490250424,0.005829481009965419,0.008062039093268204,0.03751305695014642,0.01388053263287896,0.01574222682590233,0.08283537661792037
Wce11436042f2d8240002,0.003174626730526363,0.0006665303421577655,0.2182764323691215,0.01914662891915164,0.009819964464007529,0.027315207271345333,0.007132876145904109,0.006063056489495424,0.008692990098725232,0.13931581881900035,0.013138127346612733,0.012447279376607284,0.07383521526578896
Wce11436042f2d8240003,0.002308634844236876,0.0006481531902535293,0.07775879740155833,0.020018007281288847,0.011586757429639166,0.006259046275995591,0.006309368777498836,0.004161517344951708,0.00638471486001265,0.11724390651554148,0.01267247358014621,0.015788278246904375,0.06400557734944246
Wce11436042f2d8240004,0.0020576974874428576,0.0006794424823101169,0.06745892800927107,0.02191514733708753,0.014591173956956902,0.009655732591897474,0.00349963612041892,0.004165168175311285,0.008746993234815448,0.07768579839816571,0.014053096095637985,0.014560311271640418,0.08998637737165982
Wce11436042f2d8240005,0.0013398174919741325,0.0009929066990639337,0.08213326845839275,0.02102010685539951,0.01456507524165497,0.029720576405840776,0.004833374830848395,0.003278306564145988,0.007357371595994917,0.027652964718977185,0.017889314496016925,0.012953938439378495,0.08912439660656613
Wce11436042f2d8240006,0.002536068558132676,0.001276741526003757,0.05199355071760732,0.017020882141725972,0.0138672652635046,0.012336056995790653,0.004603948600417813,0.004926488068408338,0.009132819146114968,0.08412885084705582,0.011946789023782826,0.015440682105824891,0.09313761937828469
Wd14ef862c437481f0000,0.00266184858365888,6.797756788222093e-05,0.006286475318876665,0.005690852286773952,0.0029080204838106637,0.0886231212039575,0.0018463827362212868,0.00033164359442361657,4.567305125019859e-05,7.400747611033705e-05,0.0006048536627973137,0.8832194412478804,0.0065740464476012435
Wd14ef862c437481f0001,0.0015060144191759008,0.0005846886952238689,0.006725930242413092,0.002216945266565938,0.002838476399073844,0.08227090853086434,0.004523990224936284,0.00014714040912075003,2.0389509685077994e-05,3.396353324173968e-05,0.0011318933542438193,0.8844861580041442,0.012052477712529859
Wd14ef862c437481f0002,0.0017320041104150004,0.0002548325000486384,0.009050094795432362,0.003186404558773758,0.003292282866734847,0.13926739130197438,0.004845822544508161,0.0013525275127992528,0.0001734925038323311,0.00028779693478008276,0.0012908685768951394,0.8222960954916498,0.011147967195744892
Wd14ef862c437481f0003,0.003775790531782428,0.000821318426528427,0.010422360081953736,0.005704223840592332,0.00454177629705729,0.15079181663976948,0.009877322596977945,0.0018140151369437209,0.0002444865500864225,0.0008580658341783956,0.0001430190963593376,0.8015414968860295,0.008562719343225228
Wd14ef862c437481f0004,0.0002069218943389747,0.0008194682700640026,0.009263281066040062,0.006766629876515774,0.004699240659051502,0.15372326413382162,0.008257859485136493,0.0023910650823266533,0.00018660196333772589,0.0008489231746911977,0.00020320340606402585,0.7997551108167119,0.012313361036243762
Wd14ef862c437481f0005,0.0007839947001081196,0.00029135617397393307,0.00988339493805139,0.0055365729450924306,0.005349258129301964,0.1417961951950397,0.00375773279812187,0.003127995486442664,0.0002433196396025832,0.0008837678938975104,0.00022537084746089296,0.8142908312193052,0.011718825175359686
Wd14ef862c437481f0006,0.00234328364735128,0.00027770324108861627,0.00957282294387199,0.0058162307869804334,0.0032929785001133984,0.14934919303015534,0.005673451838374116,0.002483839009918115,0.00018714828863785598,0.00035023783326950563,0.0013191728306134526,0.8037421030383646,0.013624614202189666
Wd1c5aada37093e340000,0.006626148961376842,0.00167604402061403,0.032813156944561606,0.008281480293726695,0.05896219065228231,0.006047424298919639,0.00824761372078323,0.05259749020045734,0.18312775082093383,0.27904901058983217,0.20991769255526646,0.008411010424128278,0.04305613977823227
Wd1c5aada37093e340001,0.00823567385834159,0.0024772162128379157,0.05001963317775069,0.019838543703420305,0.046784955253497455,0.004642193172622722,0.006221495917502584,0.059179065471523885,0.14533376463167838,0.30896520564919894,0.13102426176628254,0.00533917555807924,0.043473106928985365
Wd1c5aada37093e340002,0.009238181329607483,0.0028418044022305504,0.04416152860211333,0.011234862034408015,0.08656897194649125,0.0075735304221451515,0.005297819557800528,0.06405919254035763,0.21193845814990012,0.18851081089690414,0.1896175656077117,0.008090710782257005,0.04582231630424952
Wd1c5aada37093e340003,0.005684620826606836,0.0019389934185054497,0.0258103132450451,0.008140311777980429,0.046662935141317974,0.007903915331718742,0.006283070378324096,0.04441468953990358,0.03728196420354946,0.29777731340827546,0.3925330555908145,0.005622584835143769,0.020694929663863063
Wd1c5aada37093e340004,0.007350860295788664,0.0026123964119339014,0.026546824377564785,0.013576236697050078,0.07479150838217032,0.006735266961252683,0.008035711393437192,0.044835333549406685,0.04581818076631166,0.18670967099668234,0.4137289114822004,0.008475021641046165,0.04538468193188402
Wd1c5aada37093e340005,0.011537432736613009,0.0024922525865254466,0.033244230383935945,0.01654005460702183,0.056051620151453894,0.006439275887570507,0.007697204812003843,0.030172012276239665,0.2773478898779502,0.29203658358695234,0.09940028096237102,0.006833857152817719,0.03769245874751962
Wd1c5aada37093e340006,0.0040326663548044175,0.0028827493600101406,0.02153414670432635,0.04723939650145206,0.12113954668581507,0.006475092235838628,0.00569432459870174,0.06169988471687808,0.13797762006630165,0.2662318685831333,0.1370420192712785,0.006152992172685116,0.07082298833932105
Wd50e6c5c6ebd461a0000,0.0030815213161120058,0.0008955496392375031,0.02637052521696146,0.016080336662676543,0.006123625257959062,0.0063905323431352416,0.013019072020461757,0.0604981521476666,0.009138026934737458,0.017250882602819075,0.04122460004669776,0.19901813353145137,0.06714126109562121
Wd50e6c5c6ebd461a0001,0.003379956094999254,0.0008132475080171919,0.03279864393960902,0.016057802402315566,0.00829527919706537,0.005982335312530256,0.02284334872712007,0.060071926505274244,0.007334865861104733,0.009461912211915901,0.06345415548833565,0.022596606279548,0.09772390318679493
Wd50e6c5c6ebd461a0002,0.003927608008889914,0.0006317877745332552,0.031138336840791665,0.01485105791034603,0.023662154603454322,0.02396166185443444,0.02606714228882722,0.060599238021268466,0.007543164805923618,0.007818531739284103,0.19862356969561704,0.002606153410347493,0.052100975152220015
Wd50e6c5c6ebd461a0003,0.0029709398537194503,0.0018084976851309993,0.0359710548914076,0.01584497338683654,0.014893529143359624,0.017528183257455823,0.012565898406285417,0.06181837960185545,0.00966486682072664,0.008384407379391435,0.1264179308062058,0.0023550787848917263,0.08176937436554384
Wd50e6c5c6ebd461a0004,0.0033017743746183567,0.0012220895316422137,0.04653893236854554,0.01491483613739952,0.01066903133251237,0.021753592439467576,0.013033778744314117,0.06491351115855046,0.011108071403635804,0.008937913507002607,0.11216586627975719,0.002709264001539288,0.08666240973698736
Wd50e6c5c6ebd461a0005,0.0037544947720501327,0.0011866504463419042,0.03653927359458155,0.016422563807752356,0.010477845388329248,0.009812066418659117,0.018326076681899117,0.06061785504506853,0.008381983568574421,0.008757072200905231,0.22298280421415886,0.002807110862157241,0.05728745898324981
Wd50e6c5c6ebd461a0006,0.0028027421280097764,0.0006110095318155728,0.028753324475679097,0.014957308799284249,0.02364607141060777,0.012162001922237415,0.013694838070374383,0.06033500641236366,0.007641321870035024,0.01048256838757776,0.17597843273987654,0.002098234178781415,0.040492245255304524
Wd5d870a7ea096bfc0000,0.0005577778896931501,0.18831184747839877,0.0010826019321633902,0.0011637975741384085,0.0022383284394382544,0.003477804619853375,0.00028284450722143226,0.7802757109465318,0.0011142010841997212,0.006763698464204171,0.0022316019689808788,0.008393639142146154,0.0006532853330717498
Wd5d870a7ea096bfc0001,0.0016694760809707603,3.310825777645673e-06,0.0016889047692092251,0.00334159834204482,0.0030798513491820203,5.3275347589720875e-06,3.059134184362658e-06,0.9766647545227267,0.0011136112329147192,0.0039962396530598444,0.0013992773661445465,5.273514245492679e-06,0.0009342308272012469
Wd5d870a7ea096bfc0002,0.0011134999167520911,0.18599958295323815,0.0013543643235539625,0.002505617273700285,0.002264273791168285,0.005006083834287843,6.083474934998135e-06,0.7801944305928434,0.0011133970328666438,0.006116196809540019,0.0011499137085317253,0.007004282920241405,0.0014862163977421758
Wd5d870a7ea096bfc0003,0.0005579778015358347,3.1671236143388136e-06,0.0015867601404435632,0.0019522178011111564,0.002847482771785718,0.0010236640974209143,2.542348264972893e-06,0.9771159382986668,3.1245653202030356e-06,0.005929571747863656,0.0009656552796969452,4.9444532563444516e-06,0.0007488599255499744
Wd5d870a7ea096bfc0004,0.0005571369085959644,0.1459205912707668,0.0007934944416628337,0.0019485467028041,0.0017425598681927788,0.005005916243631055,1.8649104606492893e-06,0.823449673664708,0.0011144023164865386,0.006394405497938846,0.0015144689455546705,0.006725318353906643,0.00037494357509320275
Wd5d870a7ea096bfc0005,0.0022255735151922897,3.57549132216257e-06,0.003013901518830546,0.004451959515217805,0.0025797615177809443,0.004451732439256178,2.5118207822864306e-06,0.958390073828971,0.0011168486660861224,0.00766373135260434,0.001419550729474308,0.003393653012369078,0.0020482067739165197
Wd5d870a7ea096bfc0006,0.0011126890022343263,0.1472819486116122,0.0021819658113093076,0.003337662605167093,0.0022402408016199324,0.004450394245816904,0.0005572261086880879,0.8180838790766164,0.001113299063941884,0.006398382703657868,0.0011378753392365722,0.005614222135479369,0.0009299497591555273
Wd62ebc7d6eab5fbc0000,0.017749340696348717,0.006056606413403539,0.43975056136635243,0.06845411525373928,0.038909138839535846,0.2722278047790082,0.020000868012788612,0.0022280707120803846,0.0022662277171289977,0.0028535254119333967,0.006756289997409885,0.10266011376808483,0.014973284833567864
Wd62ebc7d6eab5fbc0001,0.0076535243821987875,0.005767066133993276,0.40574381521378,0.06891271429645353,0.032795062241827856,0.3744010581211525,0.022990652093097242,0.0012317361218894248,0.0029879488137992635,0.0024786958932103945,0.0022715204121620505,0.059227154646809665,0.008502177694423657
Wd62ebc7d6eab5fbc0002,0.0033323827301889003,0.0037075480725576593,0.39065597964060245,0.0692648141620997,0.036177047324532745,0.3896836376311845,0.02743686909005757,0.002620291614682599,0.0015593144948490088,0.001456284574615198,0.002104601449181215,0.059141595670811044,0.007038659476248314
Wd62ebc7d6eab5fbc0003,0.003644395266970453,0.0038063863188174387,0.430527297613379,0.07172387080141253,0.0585301030497453,0.240573462026432,0.02728747239956391,0.003943559074540789,0.0029190978572245473,0.0024486360698011004,0.0023708515801716943,0.13451962404384232,0.01188529107474882
Wd62ebc7d6eab5fbc0004,0.014009460088601095,0.00645511740434794,0.3953727044606481,0.06925557230608845,0.03642083974794672,0.3555237331086081,0.019488267228235462,0.002085948484414575,0.0017319849251429917,0.0032592155668926363,0.004674607949092265,0.07304037042901523,0.013475084908540868
Wd62ebc7d6eab5fbc0005,0.014744769043094264,0.0035321320292456414,0.39676292739498165,0.07477635939734034,0.029460216377570257,0.36896481198561226,0.01810968185081871,0.0028981791847578443,0.001742660098282905,0.0035045305080946927,0.004237052848241151,0.06620989899285105,0.0112345726696374
Wd62ebc7d6eab5fbc0006,0.026785974396581307,0.005067211825723636,0.4001165522993272,0.06401319680906384,0.026818953698632804,0.35464785283468325,0.017081400402395162,0.0015209519460020473,0.0016821697141609958,0.0039702541618247544,0.004782476640504448,0.0760504688788922,0.01407363238382648
Wd6c28a4102d20bda0000,0.0029249986943906997,0.009269068976578084,0.02248023633011358,0.002000986470184052,0.0020778987425382487,0.00014135912348290755,0.0007481188832229672,0.8623711810239474,0.013473662739233914,0.037485349545922995,0.004484101022589781,1.1979262082078147e-05,0.023360928670229333
Wd6c28a4102d20bda0001,0.002231002869593262,0.00028820743061556975,0.053384295743021476,0.0029260080538591805,0.0005894732239550419,0.00014286416270265797,0.0013107925893120931,0.8575166342035275,0.016283043663825422,0.024355989017832938,0.005129412938602599,1.2532906741132119e-05,0.014697208589239556
Wd6c28a4102d20bda0002,0.0011189096055155819,0.0002877252684464002,0.011142847656419298,0.0038978693448935547,0.0008700459402385636,0.00014275296612183144,0.0013098063715526066,0.9137545025827896,0.017169657098585308,0.01733586487100698,0.006803157152091723,1.4513845984830435e-05,0.01184699693596832
Wd6c28a4102d20bda0003,0.003167503245059931,0.001399319660537187,0.012711038510877556,0.004037135903489334,0.0010358885896084814,0.0007076766277575656,0.002931026199608597,0.8818371509624284,0.015493148695982107,0.04002398795018462,0.005343743007556732,0.0005682120117786883,0.012894343682595365
Wd6c28a4102d20bda0004,0.001674889965608297,0.0002875449404463318,0.009590103488904751,0.0038976630415792617,0.0016847538380737454,0.0008716513945514863,0.0007479862285097197,0.9028466271991163,0.017262475300731005,0.02203795996070242,0.0064278025863141915,0.000845745932503901,0.012129687222984744
Wd6c28a4102d20bda0005,0.0015228464545684105,0.010102336791523307,0.010451279523588286,0.0014444480541274927,0.0011511583596676641,0.0011222452930160914,0.0007480413439041279,0.8706748878143832,0.011056706764699801,0.0468935729185719,0.006244443998277648,6.991186938013529e-06,0.017517792276103377
Wd6c28a4102d20bda0006,0.0019396769554087983,0.009546974617391525,0.015110341875451393,0.0018608123068922712,0.0011293696716529538,0.0011273608122074202,0.0007480940001059695,0.8833388832757582,0.014091908373726017,0.026563695783065666,0.0059616923725136816,7.172118263032605e-06,0.01601661985757001
Wd6c781b1a87beb650000,0.001822700362722315,0.0002992879278911214,0.02134721589575841,0.008897756721977236,0.0045909556110187155,0.8338146720677115,0.014120240777896845,1.8161562569547243e-05,0.000576997093679905,0.00852944153417254,0.0014533415376378072,0.09960487673012947,0.0019339419492736107
Wd6c781b1a87beb650001,0.005156258490090128,0.00029971620316475266,0.13102238463984875,0.009040462031277513,0.005773638426596843,0.7312940754607995,0.018462048498860784,0.00038545302175826865,0.0002954229686810363,0.0005686402398725209,0.00021256534302066117,0.09251907771060892,0.002260917994822107
Wd6c781b1a87beb650002,0.003909551393302027,0.0003039284453568832,0.043925954473564205,0.00372700398669665,0.004293578632017081,0.8211390734995694,0.014236846540552727,1.7801102437085745e-05,0.00029795492057684806,0.0011282275941840612,0.00031085448458208046,0.10331377822861837,0.001793174308686336
Wd6c781b1a87beb650003,0.003911364796675671,2.6286365450477875e-05,0.058206065311920886,0.007696415301444532,0.006802437204588504,0.8065516959421571,0.019117856220450258,0.0003883757068963913,0.0002994889585220215,0.000571254574392255,0.000867849311708501,0.09219078445509424,0.0017677411155990633
Wd6c781b1a87beb650004,0.004190159832208037,2.9144410438755093e-05,0.034635255729887446,0.005842450096972656,0.005036898036985617,0.8356775983448671,0.012859015379317443,2.0325911497257666e-05,0.00030259086082273345,0.0016858153552942175,3.6870931840898854e-05,0.09628457142619998,0.0023465904704411448
Wd6c781b1a87beb650005,0.002523173663613598,2.881872873841421e-05,0.039983866342132815,0.006288852708917124,0.006708301812247341,0.8276735878418212,0.00993431186138831,1.964546315687593e-05,2.3775538212861657e-05,0.0008505954392783729,0.00031382587518647033,0.1037286975945429,0.0017043326806549198
Wd6c781b1a87beb650006,0.0018002576183313737,0.00016834454882082102,0.08393652202507956,0.0087266427007511,0.00607044763651499,0.7723591137694236,0.01645466835486497,0.000485142831673999,0.00013794419842695356,0.0008474736568503253,0.0010298941907931692,0.10466681066897912,0.0024211695203050377
Wd70ef012bf2c69f10000,0.010842312187233338,0.0035410932758606017,0.013685909650022698,0.3272345443014848,0.15523416656312441,0.01705006974318329,0.012005240051057757,0.038590645967470215,0.12233530287919857,0.032814948442637694,0.184455567399031,0.008574718798153271,0.010499897242664783
Wd70ef012bf2c69f10001,0.00479067500606842,2.7725536436612917e-05,0.00987692616312733,0.013231613485454992,0.014488866640804357,0.008130384968970042,0.002281102476446902,0.04539611948422128,0.5057107524907507,0.009476524013839456,0.364699586544194,0.0043398811856752055,0.007389573770272005
Wd70ef012bf2c69f10002,0.010980652314125885,0.0029901430758281096,0.01660868137564009,0.2089694552200745,0.148813163800784,0.013172597016990069,0.010023846513555118,0.12841123220753575,0.17513934400809245,0.026780664888353466,0.18265513335322808,0.007337527361575081,0.010344084940617932
Wd70ef012bf2c69f10003,0.005900892570960771,0.0011377185222926154,0.009759772517767287,0.012382003967459436,0.009082046407557224,0.007963735016891732,0.004654009442509656,0.02693462577266018,0.48133042244143703,0.00272057170612665,0.41701620663248834,0.006011139949346549,0.003989533512860152
Wd70ef012bf2c69f10004,0.012100389692754086,0.004177374979649792,0.015926969741431627,0.22505887321227883,0.12964455739242928,0.011758302820272333,0.01623294346044367,0.042436808187123594,0.21127814728733776,0.030537926791833144,0.23694422561304518,0.008772122288700676,0.01173433827759586
Wd70ef012bf2c69f10005,0.009421305146574408,0.0028332284785669375,0.01662371722708043,0.22878735737833597,0.11533640394693123,0.01109321197760779,0.016129519650659476,0.041363013634043995,0.23730446082985346,0.04392541438867817,0.17925014700320166,0.010072952895596225,0.010913549028865882
Wd70ef012bf2c69f10006,0.007025972609681697,4.181909831733669e-05,0.013544103996998768,0.017445871091956017,0.019022064142636803,0.009367425320558719,0.002564821752431398,0.02479969927933322,0.4534399558595071,0.0035552017677487873,0.421601094481087,0.007101267538275959,0.005682003405993504
Wd921f572535536ac0000,0.019279503031657118,0.0029637002313629935,0.4403856201938377,0.045950766714154406,0.07527073135198414,0.10883831378877126,0.025446582648765138,0.00506237634460144,0.006892056812851545,0.00938576019456814,0.007379871917259408,0.20692570658028692,0.014225126524260143
Wd921f572535536ac0001,0.010655711541327592,0.001254290157163427,0.5289543577287591,0.04309743698588118,0.08598505852344862,0.05761075908961278,0.01654634027454553,0.0064809560125502355,0.005865708120529438,0.018294490707626104,0.007754699872092377,0.17078410861378204,0.011568345590402608
Wd921f572535536ac0002,0.00792824379555608,0.0013324687197879088,0.526360320197481,0.05293664176241273,0.0910294373450757,0.04768963610929203,0.014497142891999713,0.00740512011796212,0.006055749336503391,0.00837774576007543,0.00612769177454088,0.1808443248179762,0.015418757131408714
Wd921f572535536ac0003,0.008214790635151124,0.0028342721298561966,0.4646284765236357,0.043987487590444546,0.10779991278316164,0.05353515043996167,0.020886838350533725,0.005040579458084426,0.005830608344927811,0.01036747213401347,0.005792550213916163,0.22512257692271587,0.01420640006326477
Wd921f572535536ac0004,0.01327414601290845,0.0021788304784821633,0.41628850787676513,0.04728530388577812,0.09477261957359624,0.0499230804644312,0.03609631755741643,0.006009819529956275,0.008179413011078024,0.013172641445084066,0.004999619924341018,0.2584445300519391,0.015090885025115398
Wd921f572535536ac0005,0.009737373070173534,0.0016785136536183911,0.43502983759316016,0.04845414598949167,0.11307747673539974,0.049682183894087205,0.02040292776761201,0.007913433438922016,0.00498665753834714,0.009157405991995039,0.004798589294000292,0.25006542050666225,0.011047913560117306
Wd921f572535536ac0006,0.01602034635017438,0.002568260295749413,0.4523554949931773,0.04929789199582525,0.09782604309656552,0.055903022991649676,0.016151945005475843,0.007982099560167065,0.007721693561678116,0.009375672359717079,0.00775980275869356,0.2230819102317855,0.015165631072356705
Wd9b6b05204cba6da0000,0.005511306678993093,0.9724050073059745,0.003613468905095539,0.0005583919169216195,0.0019476201959860225,0.0012574258591037523,0.006534414074480722,0.0011125158185940438,1.692973830926655e-06,0.0016680417398641405,9.812683050813776e-06,0.00139084734961652,0.0005588031814387597
Wd9b6b05204cba6da0001,0.006437778295629767,0.9755635427328778,0.003057876338490226,0.001668117265671543,0.0011145719361246222,0.0007007159714356086,0.00486698568765809,0.0011126609227839017,1.439671615170023e-06,0.0016678671924475915,0.0011137245523742277,0.0008359617831707676,0.0005585905620892049
Wd9b6b05204cba6da0002,0.0037519791693542957,0.9796371993754033,0.00208583873341261,0.0013902819241289014,0.0005591685913887795,0.0008394588499970075,0.005701897229624636,0.00111261111549747,1.3534279147271234e-06,0.0009271789394912972,0.0008353098630124742,0.001391517255795717,0.0005585678427084503
Wd9b6b05204cba6da0003,0.0037517619935825254,0.9807505521266863,0.0024099168741659825,0.001205102598479289,0.0005589613094350196,0.0007007057262285917,0.004310825339223486,0.0005570626059823886,1.2993810970656253e-06,0.0020382588292374433,0.0011130637252336525,0.000836089116712022,0.0005586940859227459
Wd9b6b05204cba6da0004,0.003474092070241113,0.9843627361702686,0.0022247370646376018,0.0011125914965091407,0.0005589873943132136,0.0007005858512577358,0.0031981109309456982,0.0005569536267621754,1.4635564472665707e-06,0.001482741106848265,0.000558105847963324,0.0008360000057695193,0.0005586028822140097
Wd9b6b05204cba6da0005,0.003751776874300389,0.9829748197614996,0.0018542004225738887,0.0014829288903347143,0.0005589959169089611,0.0007006999219814568,0.0031981681363330828,0.0005569092809563082,1.4460381481650277e-06,0.001482843780849755,0.00111368643184179,0.0008352014884746203,0.0005585603731573043
Wd9b6b05204cba6da0006,0.003936954291626902,0.980287233242593,0.003613453863156801,0.0011125870175556724,0.0011145466187726272,0.0007005702205570902,0.004309343340705845,0.0005570540402972836,1.3676169413068165e-06,0.0011123651281178296,2.9193214191276555e-06,0.0008371182758871027,3.049374454221322e-06
Wdafc86efc3092c1a0000,0.0020865268552828047,0.0006771817918117004,0.034901777830787906,0.02348861127670474,0.03781908886962376,0.24211122557498094,0.006320241070494678,0.013143664913270969,0.007966960055977966,0.44789620810141106,0.021227461576705985,0.029544921828938243,0.016231340624649662
Wdafc86efc3092c1a0001,0.00239908289909995,0.000842713291299495,0.049844700407013234,0.018168035694907766,0.041745872666017377,0.22011272056608108,0.0044914431417329564,0.014768246313515082,0.007748956797174483,0.4627562537612952,0.017558219135952964,0.019367876507521514,0.016384820779166365
Wdafc86efc3092c1a0002,0.0018452599710711488,0.0006941716654861471,0.036067317592272115,0.017938915420603486,0.018461835599453854,0.2825604819320356,0.003912289623315909,0.012783683177705852,0.007658326015111974,0.4555535111895213,0.014325170364437702,0.008221276931610321,0.017386317047020282
Wdafc86efc3092c1a0003,0.002165727072901686,0.0006136752545002835,0.04105330570689297,0.018135580673049944,0.017351139808191043,0.2830309106145695,0.0064601626553705905,0.011742241651082945,0.007837100292493853,0.48475303022376276,0.013432136930014169,0.00844522585412393,0.015559508216559458
Wdafc86efc3092c1a0004,0.0020911419457076393,0.0006074635904287107,0.039876801163836406,0.017927660945966133,0.016254702772326848,0.27512006600044603,0.007789324320127182,0.011630407448998265,0.007281777068586681,0.4820495247578957,0.01371016128375937,0.007340659235875686,0.01368814438671967
Wdafc86efc3092c1a0005,0.0021647743749825844,0.0006702773890077715,0.04901149416199175,0.018597204102478504,0.013565203603627056,0.15113173965092963,0.010797672908326502,0.012246273748696149,0.005748485023978623,0.47996606757746535,0.016661392320985423,0.10710609430509356,0.019885680272057758
Wdafc86efc3092c1a0006,0.001661052353076895,0.0006229399900978593,0.019904348063253977,0.018541341186825693,0.013977117118578705,0.09798678343061627,0.007225273532559868,0.011442409262032128,0.006458579919371834,0.4694692488074931,0.018200973217160972,0.13339176793130084,0.021560022478871052
Wdc2fda9c98784d720000,0.000977346692141147,6.234064805278246e-05,0.46979001862122755,0.1619259990022416,0.2719697700344655,0.050279548268216026,0.005011864507552,0.0006144844283745329,0.0006252754682178638,0.0022102662812685664,0.001206266929744377,0.02821633323273056,0.006223876225182676
Wdc2fda9c98784d720001,0.0005920263012010426,4.528229192446654e-05,0.5035137621411007,0.0786161341260842,0.3394575020520057,0.03517744291694707,0.007157307779874972,3.047542962341411e-05,0.0008847117537572649,0.002293083613324813,0.0012333936860556862,0.023692269868667983,0.005608531720716602
Wdc2fda9c98784d720002,0.0008020804137952263,7.804335921944377e-05,0.4924562383057563,0.10232562255021352,0.3246459447165916,0.03908914203549342,0.0020009375742025123,0.0006077899332564436,0.0012903015598640408,0.0027316575973501222,0.0009809221066566399,0.023269062698504313,0.006331682046475702
Wdc2fda9c98784d720003,0.0006395221657720861,0.00010546581079224703,0.4782261015322016,0.15628503047675676,0.2649120676876739,0.04983302371468851,0.011723712456726222,8.038684204220282e-05,0.0009528443503638175,0.0019216885987622659,0.0006915466412822104,0.025410257933035137,0.006326899884927691
Wdc2fda9c98784d720004,0.0006322035234187916,9.654988332241607e-05,0.5291249901593735,0.12865128925944438,0.24625981177542783,0.04698016404172826,0.012206783513833322,7.358037958773228e-05,0.0007984167855748538,0.002074901029903778,0.000906961861241724,0.02515595420665509,0.004752327311326407
Wdc2fda9c98784d720005,0.0006002294940615806,5.581379654993332e-05,0.5032686021804755,0.06810021554993768,0.34700304614816585,0.04048718498936402,0.005503818370006165,4.272652401483129e-05,6.363943066327702e-05,0.0023090120193590426,0.0014538174029389516,0.023805250495831504,0.006712785900944339
Wdc2fda9c98784d720006,0.0006284069945584126,9.12568461092387e-05,0.4829471937648444,0.14790782446695255,0.29720755130417126,0.03116635721038028,0.0033192916669850586,6.987057471313337e-05,0.0006607691425201915,0.002194744486328079,0.001584497738683368,0.023788857835830752,0.005554232289014279
Wdebcbd1cb67fde3d0000,0.0029189775157894143,0.0009572848362767024,0.013274852240135698,0.006401641339195105,0.010899722075161898,0.00715049938075946,0.0003100913966870942,0.320459846035795,0.39900246923445454,0.0053357366416211935,0.04938507479931175,0.0010411621702990862,0.016157622767392976
Wdebcbd1cb67fde3d0001,0.005014287585066495,0.0024728248995015485,0.017475693795752582,0.01972134241280258,0.010679260518457488,0.007696161822311283,0.0016189092361173223,0.2466513204320415,0.22116019830634043,0.010588092303002767,0.06901940642562343,0.0021914570164184113,0.06799281031933645
Wdebcbd1cb67fde3d0002,0.0032499712528182957,0.0018033118518637353,0.042703748451316415,0.010099569393560274,0.010510980727484659,0.0063495523609347505,0.002472486783503737,0.2547906689797248,0.1332267314214714,0.008891133077676241,0.08297452901306539,0.0021853396946164153,0.04404321555221591
Wdebcbd1cb67fde3d0003,0.003838892348572282,0.001935419073519723,0.017407428781451094,0.018953267378192227,0.01256381695893941,0.00828629552273264,0.009208729865856833,0.3452250948918601,0.11654969006591341,0.00881835281368819,0.07978569400351883,0.0020746844829481015,0.03461456335243324
Wdebcbd1cb67fde3d0004,0.0025825040204717864,0.0018059497149891454,0.009596027963167279,0.006839468877661815,0.009205980197803852,0.006523987962767978,0.006193447138704703,0.4632170769724529,0.3070342438957029,0.003427643273792092,0.06439518111473133,0.0016225852935675108,0.057251845983615414
Wdebcbd1cb67fde3d0005,0.003840543960027103,0.0016331463844122057,0.013102372564318945,0.011900013563227915,0.011641530973353853,0.006775634632775202,0.002754995774068734,0.3679808410436993,0.15159818404069983,0.008976499607649605,0.06993109339281424,0.0015097845040876357,0.0254643913936215
Wdebcbd1cb67fde3d0006,0.002905115371266174,0.0014843583311960086,0.005404330925231478,0.007825122717396526,0.008987371806668538,0.0045786683673655305,0.0030650263142202885,0.4690717658222301,0.3744040123544317,0.005417618756944627,0.061274543751683085,0.0008247815528626337,0.021123789348703046
We2227b7d75b090040000,0.8727991386707513,0.004201952807432626,0.013914766170001694,0.014090837028053882,0.013972593553015073,0.02775609437061679,0.012816537423002062,0.0012546397145858227,0.0016866551214080494,0.0057221456303132075,0.0044509890484090014,0.012202047086893352,0.007291070907741686
We2227b7d75b090040001,0.8858675408218605,0.005117900304507492,0.012534696662802087,0.012937566683812537,0.012469115810531851,0.0182758318828612,0.01590356058922432,0.0011501138044288795,0.0008601082093022719,0.0065782039738226435,0.005626237022598495,0.007589685539434657,0.006604876683243317
We2227b7d75b090040002,0.8824425896310014,0.005949036595840277,0.012694921586978231,0.011064714375951218,0.00959518854630842,0.022626941110917145,0.016538215981861684,0.0006149072104106922,0.001139703272812173,0.0065611441223695785,0.00543088095414302,0.009913537777200642,0.006909455587706175
We2227b7d75b090040003,0.8932935012707671,0.002799500397728623,0.01150205605410682,0.011345099781394167,0.009626484207459735,0.024193694219078826,0.014951629198674888,0.0006272102373918885,0.0011336906928204823,0.00484947914452697,0.004464817155650983,0.009529348540201614,0.0057473015892350885
We2227b7d75b090040004,0.8736983209012699,0.0033593432571450603,0.01409189608038406,0.01265051875314836,0.011134495745364625,0.023063470379376828,0.014686354605432392,0.0011843055634467824,0.0008646561413452657,0.0061887959537758296,0.0036273507021121858,0.011935384316620947,0.008676860633179857
We2227b7d75b090040005,0.8743034750742014,0.0036368125992282127,0.014761341232747477,0.012706970004256874,0.013019930498630696,0.022606038255015403,0.016365859324591742,0.0005804237545126026,0.0008639563974854812,0.008112081283037257,0.0036643467757754623,0.010938964596936517,0.00808215774726797
We2227b7d75b090040006,0.8669915158767257,0.005951016353030382,0.011781738623510358,0.013530168828815473,0.014419526659129602,0.029339163592595717,0.01699038188991781,0.0005696409317878185,0.001134552242049786,0.007027233506884311,0.003131266763565715,0.00956418143671942,0.010766033209523698
We61939a9c41ce45d0000,0.005235779494999097,0.0005969092140183407,0.06274152266080218,0.013413947895538349,0.005273392784083447,0.7688670685898549,0.019265847282874785,0.00021341438806706916,0.0005847719070724525,0.001236609987014399,0.0008614760747876319,0.10786876488489999,0.005980007525927989
We61939a9c41ce45d0001,0.005511329197167048,0.000727072561171338,0.11755999440546991,0.010491466461398476,0.0064448141551078425,0.711564261096927,0.030735547729495986,0.00030305272422680125,0.002256645177516981,0.001457914326555852,0.0008281553166932955,0.09798040029804593,0.006471815778227713
We61939a9c41ce45d0002,0.005216597889284927,0.0005826523422699187,0.14303085887951517,0.007359831346735254,0.005620744606555242,0.6931298549387717,0.019815186818805,0.000206942984194099,0.0009468362458956268,0.0020777809418473033,0.000587708928922472,0.10843268994501568,0.008195233101453646
We61939a9c41ce45d0003,0.003174367753132672,2.2641908140170146e-05,0.12513761183223074,0.00776901069476302,0.005571811964489266,0.714139307152171,0.019107566865183657,0.00020260179273051782,0.0013146212171558577,0.0013364425777892422,0.001333464398259019,0.10945160504474168,0.006674937234825438
We61939a9c41ce45d0004,0.0034500156837624233,0.0002610769301946423,0.0868577488648108,0.009700781812183982,0.0050629527503637545,0.744427122476367,0.021962046490874874,0.00019926342408297642,0.0011428546620244216,0.001711801037177563,0.0012359657762027855,0.10906253257527122,0.009873510967242533
We61939a9c41ce45d0005,0.005063786754967713,2.2956404877656102e-05,0.0670528719705548,0.01007306580652514,0.004698367592307924,0.777544688368796,0.016235129619584676,1.5701777578521016e-05,0.0007579125761185123,0.002074552627093881,0.000767819518150053,0.10550478445537653,0.006522027987460111
We61939a9c41ce45d0006,0.005316561710039418,0.0003510652828012937,0.13743484315632823,0.014839023612241856,0.005586838759871225,0.6882469054464396,0.029493844683930282,0.0005596622226234628,0.0014935514460148085,0.0016652777874563657,0.0014656228379356301,0.10592716249416256,0.0047855405878368465
We756706426cf12a00000,0.012017460660176142,0.0018057712260648154,0.46908511521258234,0.06432497984378238,0.051144119495395185,0.07254484610834853,0.014794400936441451,0.05352557631701491,0.03143882045980185,0.007380698946657813,0.04811971632457073,0.012161942460751252,0.0880670301401758
We756706426cf12a00001,0.01153074428109191,0.002243642030701441,0.3372687254339628,0.0276487719715283,0.06170767268403323,0.10820939271857555,0.014972150859062212,0.02150505799978399,0.02058586550225442,0.007541813078786995,0.020713417290527506,0.007834094750909277,0.26224070138656425
We756706426cf12a00002,0.009731794434914549,0.0025147152430981534,0.3973999919825151,0.024239075244809033,0.06198686650924454,0.13648799147132679,0.010157632268675616,0.023491868817807893,0.010830664034048046,0.008113588906511265,0.01714157850270766,0.011716815681027691,0.12690107635224773
We756706426cf12a00003,0.012013560950649213,0.003064206772081729,0.40724920002959203,0.027056413526472613,0.051219094455365925,0.06421141201433381,0.010287639335562784,0.012398057164872694,0.01144842456072082,0.006941580897057812,0.013403956093959944,0.011317494203173056,0.1438273738218967
We756706426cf12a00004,0.010112769284131738,0.003381246274537577,0.36859023904213056,0.023493939407035983,0.05381385304309368,0.04992706789310861,0.00983802338951166,0.014898823087887043,0.009831157005841142,0.007253979954400111,0.014533359195831612,0.0113536229507672,0.15410499844930645
We756706426cf12a00005,0.010965345358978307,0.002489201896546121,0.40869046074127585,0.024675224950984412,0.05612687612577937,0.1020017680738393,0.010921140967275549,0.017594384357840703,0.013301129321600318,0.007640574009955079,0.014078951137676897,0.011866453355059266,0.11757156475488485
We756706426cf12a00006,0.012196504584207762,0.002485624145824489,0.39073099442018133,0.023458406155236974,0.05852655235106302,0.14266576048830712,0.012389683241128817,0.021149058565840845,0.01118309647699619,0.00645873400063164,0.012733187215621793,0.011428988608310436,0.12036560793432512
We81a12f0ae5b8c360000,0.002022862802328298,0.0016987100906272871,0.006950361087691449,0.0036334892433446163,0.004510056195756194,0.002476278846161563,0.01570093024522959,0.02523326951417528,0.8351776530881198,0.004029258170544624,0.06648617989286326,0.0008191675441985138,0.0094760326980582
We81a12f0ae5b8c360001,0.002289531348024842,0.00266775524654834,0.0065074883470019156,0.0028474286374188425,0.004936428684139261,0.0017055388332346598,0.004809530045502349,0.015754264921772607,0.8519437406590864,0.003954044011886002,0.07286379646608258,7.680429981316089e-05,0.007708478017791814
We81a12f0ae5b8c360002,0.0017351967086131148,0.0026682798395326842,0.004951356058737329,0.004927542205948457,0.002868970288481519,0.002539496995414763,0.0010563928450174132,0.014443290701999375,0.8853632894056446,0.009415931280730516,0.030557562180032208,7.935101569200798e-05,0.00835683037423428
We81a12f0ae5b8c360003,0.003067976266263048,0.002251374691369172,0.0067776610916091716,0.002959048302202729,0.004943692982267592,0.0017038506514667094,0.001939271972212237,0.014891895728231028,0.8711386946940581,0.00809191706204092,0.05168762650866126,0.0004916099767151956,0.008147490002485672
We81a12f0ae5b8c360004,0.0011744060203315325,0.003777144861266448,0.004097863698277714,0.005198998135177744,0.003004654474736333,0.0025319057785415434,0.0011723804758608629,0.013638225438383967,0.9030648174358764,0.007591310730792324,0.030483511349551004,6.849621997652687e-05,0.006052657104545246
We81a12f0ae5b8c360005,0.003343787903808098,0.002435716672797753,0.005551635914431118,0.0026802894329848283,0.004019242179369076,0.001700769319568875,0.003457827932238708,0.015027656118534134,0.8569390661649301,0.003583506047298757,0.06943724268451702,7.277393203492433e-05,0.00902537965686158
We81a12f0ae5b8c360006,0.005066877722517388,0.002806459189579386,0.004240450204964135,0.0059416684438568694,0.0032102732538266503,0.0030891667729902924,0.0007055030493744919,0.018458347276331128,0.8913194807722253,0.007846167623692233,0.032703860273387106,7.14107503884976e-05,0.006128205568158009
We86a577fce5463880000,0.01728512596097817,0.00037611189029012156,0.09110142471652126,0.06293224290749198,0.034362093187545135,0.34741696497368696,0.02037051855347143,0.3292385786992136,0.0025070454772693385,0.008061835890499953,0.013952946573200552,0.04151998027279125,0.020960514350095372
We86a577fce5463880001,0.018877218837877643,0.0005004563500801214,0.12861254692516993,0.04952756723804415,0.04509970492442775,0.3359932657626532,0.020647192762966164,0.30121759084301014,0.003011188802432586,0.006231039541938982,0.017512063233105373,0.03902723102475492,0.020657714253853703
We86a577fce5463880002,0.015775008659330816,0.00042598078801303277,0.09846379744946815,0.05674111379882388,0.04229544997665352,0.42801513353974363,0.009768722805246866,0.2506463285372937,0.003091395823407587,0.006986694843743452,0.014209072525052921,0.04243121717943922,0.019003013239265235
We86a577fce5463880003,0.019520841523877747,0.0008344802505780299,0.13301702706951585,0.0803590367547406,0.04608205207569834,0.4771899569534353,0.009313763876883301,0.12771544312654387,0.0016860841077001002,0.007741461746423937,0.019538464322264453,0.04316127091102589,0.02052658130303458
We86a577fce5463880004,0.015776103781441883,0.0004526255074038209,0.10025931956994527,0.057513922511525144,0.043681776806202686,0.4818305861887735,0.009957098435599006,0.19424948832431088,0.0007423811762325914,0.006713329561854046,0.014522931541958032,0.04331232016207762,0.020039961077043627
We86a577fce5463880005,0.01541069885526119,0.0004424403787014293,0.09632855109557222,0.059021598813548036,0.04193202640036177,0.4758573045474919,0.00868395683754897,0.20767061366036307,0.001290352518552044,0.007077978573933096,0.013756250479471955,0.04099234349948505,0.01888864664562575
We86a577fce5463880006,0.01680707660395116,0.0006470853820243947,0.11976541918372786,0.051800870901924485,0.04786808326944738,0.3953305894699308,0.02291716024889058,0.2461577599390258,0.0014305956766309808,0.006481633335647933,0.017340277101552965,0.040145215746337524,0.019625848131015273
We904476167c139f90000,0.012598249749885819,0.9212525699899278,0.001947895875442747,0.0036127182259958045,0.0011129070339218968,0.01391798680266539,0.012178183578973233,0.0004183578812128055,0.00018697580598035101,0.004141471799712781,0.0018126750691634518,0.017686527847111267,0.005004796396291531
We904476167c139f90001,0.013153751163638235,0.9220441163432836,0.0025032436173817395,0.0027792109048189097,0.0008351187000277165,0.015861947678252112,0.011948772346614595,0.0004190881733308716,1.6385620908683369e-06,0.0032099877194224145,0.0026451402167042364,0.015742015362193117,0.005004960801614179
We904476167c139f90002,0.013524410235045279,0.9137325520329359,0.0030586118521820716,0.0025940648368123487,0.0013906738776110967,0.015167263965948486,0.013268986080729833,0.0009745939715410395,1.638389106121394e-06,0.0037655217028743177,0.003200642636286101,0.0179643037636836,0.006393775784182489
We904476167c139f90003,0.013154093225763332,0.9105534468616596,0.002919829885804524,0.0031406061924325536,0.0021446421025897644,0.014890157512157286,0.013984027226369853,0.001529929320639592,0.0007428057158139604,0.005251832999714187,0.001904644796517602,0.018242081514460908,0.007506142185885171
We904476167c139f90004,0.014450334506761475,0.8733893181860902,0.004725256987796742,0.0038903214533213583,0.002501784931010948,0.020668688408023536,0.03434681093044358,0.002308118722307778,0.00018698822605564024,0.004845118721093449,0.002868603838511442,0.022686525943477625,0.007838185292369522
We904476167c139f90005,0.015388696936258345,0.8894528519308506,0.005697967555688842,0.002779209101493368,0.0022240247039501115,0.020010535635024453,0.018329542329369022,0.0015299307530992196,1.7656706526191355e-06,0.00503186139778569,0.0028643484003787203,0.022593956594662023,0.008245466403987715
We904476167c139f90006,0.01426577900399589,0.8934420505943019,0.004170088801461846,0.004617831647924141,0.0021446715583962298,0.017890056462475122,0.021699142643835774,0.0009739804401511472,1.7471332378924307e-06,0.004470336256312459,0.0036164120236862507,0.0187976981507062,0.006393504785764896
We96e25bbbc0bc26b0000,0.01946958407485259,0.000509930657253724,0.04291775256541796,0.10466817445461733,0.026377516659165604,0.32418589225188993,0.0065457088008754796,0.004735112025656655,0.014509042013047228,0.015588164612871,0.18835157237570038,0.00351477792374053,0.02312553100501299
We96e25bbbc0bc26b0001,0.01617001493389115,0.00042070408703036646,0.04226099520997799,0.12091720744460684,0.015890112000662454,0.10151562321055409,0.00818682792196336,0.005400889868895172,0.018700497324074875,0.020068817404701567,0.3031186838856532,0.002094007597810935,0.01508274209518494
We96e25bbbc0bc26b0002,0.01336991953005628,0.0003283788451518289,0.041163867346757727,0.09655143190744304,0.012354334493502888,0.06137448586781463,0.008576108875032311,0.0077117575723966115,0.013137655570468362,0.049207251486843386,0.07378683942939283,0.0019051829793355927,0.01682810331395427
We96e25bbbc0bc26b0003,0.016942884755065408,0.0008006780288821766,0.051814743238401205,0.1602357571982906,0.01580596079901737,0.20129724661529577,0.011186266662524287,0.004825312752985453,0.008743708707534763,0.01584678791236927,0.027352395079034825,0.005163400690185445,0.023221317319438856
We96e25bbbc0bc26b0004,0.01510819669580997,0.0007283904136075904,0.05508119275782986,0.11145513217092208,0.013869587289169837,0.2350380622457047,0.009452524938540893,0.0051470558348235326,0.008921912426617518,0.013168278090742462,0.02585725555150349,0.002747897345935141,0.02565361269881063
We96e25bbbc0bc26b0005,0.016783034825833418,0.0003449863921408803,0.057275464855904935,0.1763695773611061,0.013555742215827369,0.12888780051520954,0.008480144327450619,0.0036256199723713896,0.010402661522631251,0.01707647906308498,0.09795299611649368,0.0020760920384707503,0.023699574182787567
We96e25bbbc0bc26b0006,0.018200020810561462,0.0002859227925626322,0.0493339960837859,0.2388984193962937,0.013928470784731691,0.10846513859974105,0.007664843571063968,0.0034123087782941736,0.009450392714915093,0.015263891532707238,0.09934486431479525,0.0037596655522957796,0.024322952296458318
Weabcd903c499c6ca0000,0.004118603230796913,0.0010931548880030264,0.16715185263917967,0.086562228615262,0.30972323511044647,0.1377231384384698,0.013550236468944803,0.002585906339113037,0.0020831315427381767,0.001914841261874076,0.0020352738354981097,0.251611886502784,0.014544306647146872
Weabcd903c499c6ca0001,0.0038972835231999175,0.0018087187434354254,0.2840075557671823,0.18206912851758422,0.2547907483355034,0.19879200941745118,0.012000279346225294,0.0024195821385246457,0.0024138900035829613,0.003335591455711412,0.0010179252516065015,0.04035400167592214,0.009686567592570023
Weabcd903c499c6ca0002,0.003791698110318017,0.0009216860636375737,0.17175880821567957,0.1757758797193891,0.2829740290303416,0.2976431281572469,0.012977113351966232,0.002398306000093563,0.0028039631776746485,0.0018130575603535898,0.001155089164863988,0.03607464049320945,0.007880117963894083
Weabcd903c499c6ca0003,0.002552612032334091,0.0014790978382611042,0.10741088384400262,0.15486117212239223,0.34912689160852933,0.28109624958447155,0.02389910442618806,0.011443805997387252,0.0025240110372076736,0.0021035462414198346,0.0018547768397735051,0.05062997939927319,0.00787843075007086
Weabcd903c499c6ca0004,0.0013884504231376396,0.0008716626482983682,0.06460672636988195,0.3916406887279211,0.20869194063274477,0.22564868121864814,0.02569594739133954,0.0030005518835154467,0.0027204826043579614,0.03022570004397336,0.0007600451473919519,0.03184168080373267,0.0074005873946281974
Weabcd903c499c6ca0005,0.0025810913325091376,0.0009314458783207652,0.1142934755798424,0.38242536349338696,0.27041581361402345,0.11821644582537129,0.06270176064088478,0.0011135732277146185,0.001920383906738216,0.001441973964019289,0.001045863231784726,0.03269199295415299,0.006578537336796928
Weabcd903c499c6ca0006,0.0020458674903158307,0.0010224533629474705,0.11759732417084079,0.3400771403369641,0.30149727841507507,0.13770880214409742,0.040634599131692886,0.002725278865522158,0.001971258914646898,0.0017606246565572796,0.0009171145326569948,0.040852542587471015,0.008131066313527498
Weebdd07a3de3cd1c0000,0.0014867822648864542,6.758972596246636e-06,0.003947819267151169,0.0003367126470351896,0.0017901572464437403,0.0027885948174299112,0.0014867162218878461,0.973554873710383,0.003352643232599243,0.0011183055325830857,0.00114334885211344,0.0004746977203429829,0.0027563287377956533
Weebdd07a3de3cd1c0001,0.0010238173119640009,6.747389518223408e-06,0.003040512843951587,0.00034347200780788557,0.001788113495663808,0.0026043807005421155,0.0019543974060667046,0.9793441571112989,0.0016863342275926848,4.757458605241622e-06,0.0011188621620673118,0.00047659001461110534,0.0028117416289894295
Weebdd07a3de3cd1c0002,0.0010237835672972002,6.709269817104303e-06,0.0032736779230360573,0.0003384349139094596,0.0034828493012150938,0.002602763899948031,0.001972689808080309,0.9760145185918692,0.001962918446045832,4.971267802241978e-06,0.0011474607626946658,0.000474430587275062,0.0028304823980871913
Weebdd07a3de3cd1c0003,0.0010237868670478175,6.71509892771389e-06,0.0031689014477703052,0.0003425932651803529,0.0012266607767122298,0.0029374441338463945,0.0014096981445301951,0.9808893055910387,0.0016857574430440194,5.847263848087551e-06,0.0011398577278237765,0.00047367591784573253,0.002212496613877905
Weebdd07a3de3cd1c0004,0.0015793695441148113,6.72883932397917e-06,0.0037850306081385534,0.00033938121487772085,0.00291231303657661,0.002603709592533532,0.0019562033392473807,0.9738041808013609,0.0022429358873867307,6.1570469118148e-06,0.0011216096565461683,0.0004738676194346758,0.004106230290955897
Weebdd07a3de3cd1c0005,0.001579340032470628,6.699830911221581e-06,0.003754236712027859,0.0003431942794005704,0.0034918158681714125,0.00260306892176109,0.002530319026576254,0.9745735531684382,0.0022411855158105546,7.08009782111674e-06,0.001698578462689846,0.0004739102744683316,0.002871094043430955
Weebdd07a3de3cd1c0006,0.0010237917815429244,6.721240968865289e-06,0.0034127059705833843,0.0008979165568787656,0.0017778136889454977,0.0026045231584219497,0.0014105523853341758,0.9779674273424895,0.002240031897555631,0.0005602877184545059,0.0017036272031891284,0.0004767788077838115,0.0021759884624906064
Wef2cc15f16103ef60000,0.9578605357703626,0.004726239366821655,0.0010907370576110843,0.0040819335749734285,0.0014144660380265499,0.0018998692897112235,0.001027477043455892,0.0005589448636593525,4.299961312665922e-06,0.011406791621907067,0.0015339421350317325,0.0088059486017032,0.004460493702827356
Wef2cc15f16103ef60001,0.9566552878393272,0.0066708188624059715,0.0014589679714745421,0.004759631123826795,0.0010126403952524247,0.003376587308486431,0.0013088391619066238,0.0005589616215810553,4.28790954608939e-06,0.007795468616487148,0.0012572839276923098,0.008713410697258605,0.005017090464669287
Wef2cc15f16103ef60002,0.9470085998941017,0.006670684211024832,0.0023835185377968997,0.009018026388927274,0.0010102957843442127,0.0038381476848700843,0.0015799196535543278,0.0009292211319821146,0.0005596916935344585,0.00883702944639749,0.0012672795613114837,0.01075014171094911,0.004738869061615802
Wef2cc15f16103ef60003,0.9573054167879194,0.005837350912810966,0.0014586216152836988,0.0062403414294916896,0.001009987534318957,0.0014315723505020533,0.001578547132292536,0.0009346598344918994,4.133208653193418e-06,0.006869141792243567,0.001266386327326703,0.010472409923711989,0.0041828926932952065
Wef2cc15f16103ef60004,0.9553056454888854,0.006393071906376621,0.001459821030061071,0.005732042376109019,4.032834151422396e-05,0.003424070408723783,0.0010231756926444163,0.0020478599918919314,4.332801252872358e-06,0.006869072337837835,0.0012649140232119367,0.010287612304529173,0.004182963565799137
Wef2cc15f16103ef60005,0.9587986074195104,0.006115190019474179,0.002292038997008755,0.00499071849041848,3.583848729843344e-05,0.0019877791675955467,0.0010241098986898786,0.0005593427974591175,4.34716789551795e-06,0.006961764635995381,0.00154186313278056,0.010102164518757213,0.004462415362827139
Wef2cc15f16103ef60006,0.9569505154330471,0.006115193548480843,0.0013670446321162391,0.006240738712055661,0.0010084970819767387,0.002265608886167614,0.001299705395145371,0.0005593681528856393,0.0005597688387342473,0.008073065445159747,0.0018156255939686537,0.008713254494782772,0.003907935297729714
Wef4a3d6322b8f1560000,0.02407055643019089,0.01471755642423823,0.09928883024077419,0.05144017990943036,0.04684755056853205,0.18874561939785373,0.020625546764430933,0.008960099277948793,0.008175843944436469,0.0535834905698254,0.0775737118099097,0.008854993021786899,0.07893250297599072
Wef4a3d6322b8f1560001,0.014946671235183772,0.012597258828202408,0.11380415608120255,0.05213941328695405,0.04258567359798212,0.35364982607743317,0.01608048910047941,0.007774535048558009,0.008120372326499817,0.10101802730864144,0.056102985308284795,0.007612360021868563,0.04625846187522952
Wef4a3d6322b8f1560002,0.012210840584732256,0.009322295526996288,0.0976783646550353,0.04992846378382277,0.03274486573035186,0.3656065486488872,0.015549437296815698,0.010754429262900277,0.007039530866784006,0.060190199928513495,0.048490570816715206,0.007855351386159018,0.05015035176839304
Wef4a3d6322b8f1560003,0.01071369471495945,0.007842693376156692,0.07437046507658698,0.05342063683144879,0.033260564181309064,0.2263439616450058,0.012917597732172326,0.009949463237333344,0.007677054176934693,0.05810768390217735,0.08124498031424585,0.006869165920442937,0.05505337117984807
Wef4a3d6322b8f1560004,0.015876679057662567,0.013229124407186843,0.09685992936430951,0.048424696209381564,0.03780086252080848,0.27135335296341456,0.022294738263269723,0.010492552813088009,0.009873988365215027,0.07312847117966355,0.05991315862953701,0.007478524349120158,0.05320082633501788
Wef4a3d6322b8f1560005,0.01135396857649903,0.005094878327190039,0.07470541735735588,0.03938933143499538,0.02532573122888881,0.18908555941801952,0.012474446796336058,0.009506966145184264,0.0055318032288493866,0.09586159990307637,0.05617517272524921,0.003564435998423758,0.04524771436373596
Wef4a3d6322b8f1560006,0.015354398867470224,0.008869259251205274,0.08252728438972219,0.053125588053508144,0.03383678051710607,0.16465644902600574,0.018635533675282805,0.008475074249600019,0.006682748155035583,0.09193716633879012,0.05206794777943757,0.00636529045567449,0.0439046813614079
Wefcdce98f521c4be0000,0.0004242213643027986,0.0005376750207138168,0.18132896789161632,0.053424211996781455,0.13387051429549413,0.12839391360570623,0.0007850785129966769,0.4588140933774839,0.0020195406073254887,0.0027189777081772703,0.011093502301652056,0.011204549209097019,0.007297234651432296
Wefcdce98f521c4be0001,0.0010737015473000133,0.000656569193468905,0.12876841578143097,0.06395050119649846,0.12002359661973416,0.20732591826555122,0.0033066828861858144,0.42944094038264896,0.0013776465581775766,0.0033048605773417367,0.00925448800348384,0.013117191920690963,0.010683291632813618
Wefcdce98f521c4be0002,0.0011167762469545413,1.675795937903224e-05,0.10199865564183472,0.039310312506737444,0.03865295757894792,0.03950290200881372,0.0020768796968114304,0.7366389874956757,0.0009534106583330803,0.0024577965153991486,0.004607678271356242,0.012200560204194626,0.013558973818961617
Wefcdce98f521c4be0003,0.001879817515824552,0.0005185904955003834,0.27819226879958847,0.053442575520729584,0.0923005682113296,0.13923027115151565,0.004953010785126563,0.37540235369709096,0.001429635770434547,0.0032476556588326697,0.008944826363710369,0.01822152657209776,0.013381506694886395
Wefcdce98f521c4be0004,0.0013021608018490836,0.00013127928044009813,0.09153552394437459,0.03079048152204444,0.035798152137281755,0.354992256181568,0.002686606383782829,0.4508781962173085,0.00046849188854517507,0.0021110111364082327,0.004195197744318936,0.009474638306376395,0.00904275436506228
Wefcdce98f521c4be0005,0.002076519700867539,0.0002887053993414996,0.17000592579832183,0.04063191599828928,0.05134450075342516,0.3515619581141526,0.0025945351567696518,0.34006794782001715,0.0015244891577754296,0.003092319903661356,0.008124448899565364,0.010638233834188241,0.010916547659177319
Wefcdce98f521c4be0006,0.001878847393398027,0.00015266604682096259,0.11286894530466386,0.04704044461685369,0.05016379094762888,0.3250040835186205,0.00277641465212354,0.4209198157803242,0.0010257697566472496,0.0024473290067366874,0.007323245135495142,0.01111747729217463,0.009585690198614383
Wf1d9f9e8929c4b4c0000,0.009561237082121725,0.0022063137818011786,0.05105843914104498,0.01933875398359257,0.03468708185098586,0.02159983116132877,0.0123124447593556,0.014665246443606618,0.013780258957683597,0.012614575639563018,0.01115367920448678,0.007602245110851515,0.022333444972466712
Wf1d9f9e8929c4b4c0001,0.00555249131793356,0.0014873383410583436,0.04939692631404538,0.015949712523100127,0.03382384673834937,0.020031670724564483,0.012622271671845068,0.01154539488639164,0.011037523180674878,0.009919720788509008,0.011580748115016644,0.0024334774108247096,0.022496592036574014
Wf1d9f9e8929c4b4c0002,0.008640393038324172,0.0016417913869875714,0.04571853662193209,0.025723681664996945,0.029827758026049946,0.06091095406806749,0.01500552846718428,0.010031759064417672,0.010098148786365524,0.010079369811119268,0.013927941824006215,0.0007414862164583511,0.023078946888650417
Wf1d9f9e8929c4b4c0003,0.007657827669423754,0.0015676513386263871,0.034357670976468656,0.019842340521366308,0.024404807189500246,0.04074657726551006,0.008488215022156298,0.014392651888372125,0.009841556339151738,0.04154975096294131,0.009095576539656909,0.0012735281887087397,0.015532435058520762
Wf1d9f9e8929c4b4c0004,0.004316542949998226,0.0013172789815022767,0.04348380238379493,0.01725685659047417,0.029551590140241515,0.025271752262900737,0.007948202564727322,0.010316705291489543,0.009393572248452643,0.00968204066508615,0.01082402667542512,0.0018034633723656593,0.021551992705879108
Wf1d9f9e8929c4b4c0005,0.007394315476828993,0.0012926004666410302,0.0408191267627636,0.01803018264959337,0.033533209041616,0.030335509365019334,0.008217532104990453,0.009761096364311713,0.007856175714721495,0.014541054952539332,0.01321767068780208,0.0006722394023342202,0.020087526153307708
Wf1d9f9e8929c4b4c0006,0.008665199891508709,0.001247353423971089,0.045719543753438126,0.017463284937780137,0.032319310496434266,0.046195125810013296,0.006840147362087957,0.008751507084010813,0.008825918640081224,0.012956762075404445,0.009598993185670087,0.0012004561627454258,0.01663786935513416
Wf4758011109bcff40000,0.018542551338930735,0.4804714312041571,0.009752752561767034,0.010520714329503954,0.008335121181779514,0.04029500842908714,0.39207992889917564,0.0011372336133753634,0.0005570558683468715,0.0038901485214187406,0.0016132292630038649,0.019353284157109765,0.006677803721736708
Wf4758011109bcff40001,0.01957616504686955,0.49548721044233873,0.011919619262581756,0.00913749866701355,0.008990939692189026,0.043544234815725696,0.37413398902350614,0.00021688659321478357,1.5077339349321325e-06,0.0033347149677148305,0.0016132782409753398,0.017871856352002523,0.007225014785039922
Wf4758011109bcff40002,0.018707566397231156,0.47634268536695307,0.008586324481278917,0.009670963198611486,0.006118048933773726,0.04283286112202783,0.40093134031369476,0.0005570495455867366,0.001112460766699805,0.003890158333655981,0.0013354419512384196,0.016575511405553644,0.006300284292908364
Wf4758011109bcff40003,0.019263655401480714,0.4772244473811881,0.010530818308901227,0.009195481349258575,0.007705303841769999,0.04137689631457534,0.39641017655124255,2.4749573096327697e-06,0.0005569053102417669,0.003890154523925107,0.0013355980579869426,0.018242178718059842,0.006670853604764164
Wf4758011109bcff40004,0.019749762883910185,0.4912604359455645,0.011030458047999027,0.009590193335873696,0.010576434535901997,0.043304445189896006,0.37405174139333575,1.5681061910952745e-05,0.0005569541047832501,0.004445746988094235,0.0018912369334835766,0.01787185391665211,0.007411514011595824
Wf4758011109bcff40005,0.01872103897046031,0.48883148854202174,0.010141813038705004,0.008496672264817769,0.010112403558031731,0.043218428271812305,0.3776692312677771,2.4839232790317242e-05,0.0005570687089323022,0.006252484800585639,0.0022615753165823533,0.01916816346689968,0.007226506154232043
Wf4758011109bcff40006,0.01985889441871678,0.5381014426166426,0.010141996809631616,0.01862654731378756,0.012225321784143555,0.03948635538231428,0.3150877434075757,0.0007187000876692057,0.0005573223159895776,0.005334949045990701,0.0039050071429757196,0.02111270930451917,0.007506263898735754
Wf59b57b9ae65f7be0000,0.0168500465169526,0.01251075513692815,0.5413495550513556,0.060322760898711546,0.06610393001162555,0.06301190959041968,0.013764059359203861,0.02390372919999707,0.005029094233634254,0.02661216297998179,0.00961888647045129,0.007347408920967665,0.06400827767311996
Wf59b57b9ae65f7be0001,0.1352236509353719,0.002429725567569209,0.44675215672585095,0.07838528271039331,0.04805857314193884,0.054423778847604,0.012342893935708707,0.018147573454914915,0.004688056922411773,0.0203120634473777,0.016652459484999948,0.007554460541311306,0.09421314831186389
Wf59b57b9ae65f7be0002,0.06289808951310473,0.002135329170390277,0.4633771832419735,0.08605952083491598,0.04628192562881835,0.06244521219495783,0.01782516013031075,0.027464301669302953,0.006574091936691064,0.029077712602042224,0.00948681293440847,0.006822924284385741,0.10491331875833526
Wf59b57b9ae65f7be0003,0.056074907075926085,0.011499233255445341,0.43809470585109994,0.08711836899294101,0.04506705608178424,0.06197324520412204,0.024598856240323454,0.02519877101054449,0.004270751696333122,0.034464833908806135,0.008215054682518602,0.006182112562363008,0.11052915799808845
Wf59b57b9ae65f7be0004,0.10081546364968415,0.013048608677761172,0.47328576191690236,0.08112600845653399,0.03506339813951483,0.0534182149413553,0.016164879659302918,0.018491778173916954,0.003395250721052868,0.02676030936293694,0.01765276283368534,0.009262016226487944,0.08905468614951922
Wf59b57b9ae65f7be0005,0.09156135297304198,0.0028332724482288195,0.45946872324484395,0.08392682758409002,0.0514471069949734,0.06263224259454124,0.01879266186624829,0.021094758679558553,0.004266567059051834,0.020518047653911586,0.013280322878742729,0.007475900275011438,0.0874568743048823
Wf59b57b9ae65f7be0006,0.01775514126400313,0.0019228934227045588,0.476695320135266,0.08802192936477439,0.05522531142157768,0.06704001338894913,0.021012837632435624,0.023542896078813515,0.0052287308935135635,0.01928983399802506,0.01139420540969905,0.007705955350320631,0.10081267932461495
Wf67e1729784c92fb0000,0.002691820374609966,0.0011165759414026315,0.008764186152492444,0.007583534474328917,0.0010721032634666585,0.006490114046455975,0.002411977370715299,0.9435259968571083,0.0014859248228844878,0.004667249257547899,0.002042315254294895,0.001911397361535204,0.0030389518937369332
Wf67e1729784c92fb0001,0.004174269901000438,0.00204357674775324,0.012275775236161806,0.008140066332556295,0.0016292227826629594,0.007513339944503153,0.004449457783731385,0.9254875123489782,0.001210363399799112,0.0063347932293550515,0.0023991146667445267,0.0034420046072601842,0.0047065055483363465
Wf67e1729784c92fb0002,0.002320663939181389,0.0011165482973440584,0.009903014410200087,0.00703013229449704,0.002831996838015612,0.004732295968208288,0.003615291750957506,0.941825314276627,0.0017648861405819794,0.00522426479962991,0.00032776427601708736,0.0023746460695370565,0.004520179543309344
Wf67e1729784c92fb0003,0.00574741747661374,0.0038948449548101543,0.007721029066745737,0.009085808450396108,0.005423307602566304,0.006679406648663486,0.005282419595676866,0.9198023402627286,0.0008389254684125131,0.008280379494373257,0.0020226253049387528,0.003256715606532795,0.004242617628342468
Wf67e1729784c92fb0004,0.0038949706039765335,0.002598155071741162,0.004893416001899247,0.0069551409054671234,0.004266753779736051,0.0058443901418863235,0.0033402802887696616,0.9321702092103141,0.0009314858881569413,0.0068949236386863485,0.0015749530661648718,0.0028809215621352752,0.004798803979211505
Wf67e1729784c92fb0005,0.004544637001725657,0.0025988882023862975,0.0077624929295587826,0.008605730201597661,0.003480805667191235,0.005568513884084161,0.004176492404403733,0.9292773221194971,0.0011202797389962189,0.006155220400979859,0.0006508777320723973,0.003441570303721438,0.004035315866031139
Wf67e1729784c92fb0006,0.004544828966984328,0.0031542817167962336,0.00715083434833485,0.006475018458980978,0.0048207077759566935,0.006147314468898288,0.00444914407137614,0.9280133574746013,0.0009320739157536511,0.008559216542735013,0.0010052857722185435,0.002885936398702321,0.005631919077644462
Wf6efc5aaecd330440000,0.0011273175191634291,1.3433656346083618e-05,0.0025116743728357343,0.0007776601019565046,0.0014142212364972315,0.07555996761934301,0.004759130387050991,9.812584370700516e-06,1.3164595059181003e-05,0.002232848187486755,0.00017503475961871934,0.9073000245679445,0.003514953406270037
Wf6efc5aaecd330440001,0.00288784773117543,0.0002879172993914678,0.0018281835074380642,0.0011546185432214891,0.003113470525991284,0.07815310206772315,0.002087170554871563,7.112681497596859e-06,9.935341249925172e-06,0.0027861146435123186,1.6686952087031114e-05,0.9013988017554908,0.005125305321025201
Wf6efc5aaecd330440002,7.944166769756837e-06,1.0129385711323104e-05,0.0027761626534451357,0.0017658770566522384,0.0017767165937884752,0.10912664805854251,0.002708070960653888,7.990086899888562e-06,1.0199806526805252e-05,0.000563852315016205,1.05992584674575e-05,0.8793187611281145,0.0018764640410225027
Wf6efc5aaecd330440003,0.001161058439891709,1.310427244229593e-05,0.0015751360732552035,0.0012510650419086551,0.0017226399624631376,0.22784962058488445,0.0011441522599422514,1.0354403016143234e-05,1.3369957759768831e-05,0.0005652042131785363,0.0011249330190631816,0.7609475197813916,0.002577421558527446
Wf6efc5aaecd330440004,0.00055993977625622,3.462839700979172e-06,0.0016909663944798298,0.001406631141763711,0.025325818752940953,0.16794178584924266,0.0009439709572764493,6.00332171232033e-06,3.420661878251385e-06,0.0005580738062579572,1.3255421720978625e-05,0.7990710990970801,0.0024678339473828484
Wf6efc5aaecd330440005,1.226691568771083e-05,1.0148294242974238e-05,0.0018399760961964105,0.0006851538060198235,0.0024740018291976667,0.05052072265677513,0.004234289423791518,7.874734991725769e-06,9.258098878863236e-06,0.0005630383508849174,1.7883263846862423e-05,0.9373036338849087,0.0022962842843536305
Wf6efc5aaecd330440006,1.2424405448576319e-05,1.0228271813641855e-05,0.0033372551001160586,0.0037962063699634764,0.0030761159204516363,0.22844165670104113,0.0022023183713240154,8.084896288493457e-06,1.107201217602416e-05,0.0011196864006933294,2.3153249950561107e-05,0.7534882168732951,0.002504068766310484
Wf71d5a82e2b2591a0000,0.0009568430475360023,0.0006861446269797983,0.06651897927325207,0.19957182624731862,0.018172082662508967,0.0012951474471399602,0.01440017214663672,0.036037168770434495,0.07828310999396536,0.3675139675559918,0.06884005749257692,0.029060526473424903,0.06017347505663149
Wf71d5a82e2b2591a0001,0.000678643274644743,0.0020047843949070982,0.032954272399567136,0.032726006554612275,0.0131401951054507,0.0020628780961744787,0.0049258843018901485,0.026375299097390337,0.07706175258702466,0.4029825316607699,0.05758522998622001,0.01704786745176032,0.23245229999436795
Wf71d5a82e2b2591a0002,0.0005322261787835987,0.0016322914110025886,0.018457748634612345,0.029046898541526683,0.009960238914443116,0.002259032587361716,0.002551084133455771,0.0523917969576336,0.0906992952585063,0.3963303259923711,0.06804732952424321,0.018361042280613155,0.22667047186844813
Wf71d5a82e2b2591a0003,0.0007325970509145761,0.0023214840824022976,0.020870064295235663,0.020954536039602355,0.012912691563476976,0.0018863163800727758,0.0047332716375550025,0.020539862189926598,0.08819598648235012,0.3845096138761002,0.06454066202709859,0.023453275951838885,0.28830399500003695
Wf71d5a82e2b2591a0004,0.0007143509897839465,0.0018768452307572593,0.10137051632229908,0.01830250644464129,0.020680156605280955,0.0013369668851125592,0.0027037663775571577,0.024525323369743862,0.051939530878863584,0.3779294750048157,0.06823151967131127,0.015591649360807718,0.2704058096863578
Wf71d5a82e2b2591a0005,0.0007111710399806963,0.0017306896001603742,0.02549757798549057,0.024301341015056623,0.013592808631604133,0.0014810592492950749,0.0036628441712480177,0.018132158400978253,0.10886268599256914,0.4093673200220029,0.07093367173020536,0.013801876417723303,0.2529718345986884
Wf71d5a82e2b2591a0006,0.001302802790866923,0.0023187519686730857,0.022770365658909716,0.02003970668073599,0.020485639635080467,0.002574603872166138,0.003377211586524459,0.037794965174445055,0.11964079179772537,0.37132630559432744,0.07451451803370636,0.019276335426078147,0.2112130312064164
Wf9376d0a25f5831f0000,0.027986711474938177,0.8785100054072877,0.009965223430431176,0.012738060656323585,0.006248947560165386,0.006253901846472994,0.02401916030673693,0.002756068515391289,4.130601246776869e-06,0.004649435120795942,0.006774384308443424,0.002694120971526329,0.007602925796184825
Wf9376d0a25f5831f0001,0.027796010576171187,0.8849593041569439,0.009569926980667167,0.009903026221052406,0.006460000584739792,0.005754887031264933,0.020739723442421736,0.0029222437532947566,7.361141326253295e-06,0.005015175217369762,0.005106619582448118,0.0025159156230354428,0.008365748285139482
Wf9376d0a25f5831f0002,0.029837694477355684,0.8794882789783526,0.009609836875748252,0.013427871647639485,0.005607189212887202,0.006497000507457645,0.018759876967304124,0.003560262942920643,0.000193579529281186,0.005665589323684122,0.00566204215874859,0.001951577701266225,0.008495087426260003
Wf9376d0a25f5831f0003,0.030160724000520743,0.8803592037218361,0.00939396649472116,0.010386313976484807,0.006930103484567675,0.0059823796464213656,0.02152619483402622,0.002315293993560114,3.5839571527406133e-06,0.006594549767531195,0.0056071997474319915,0.001953840969101132,0.009623764365568194
Wf9376d0a25f5831f0004,0.02519905568508845,0.9009059948169438,0.009846657314588933,0.00922853449987353,0.0049720409465346975,0.004644735931040232,0.016546248913831815,0.002122997222184754,0.00018861468663113753,0.004737852716957722,0.004365200108773313,0.0026641443254661187,0.006691388844065307
Wf9376d0a25f5831f0005,0.026311881030627926,0.898039738478451,0.009144425494315031,0.01249419862957211,0.005574257472142447,0.004644472640630736,0.01465280574256792,0.002905433738856784,0.0001897097798377131,0.003629542593238362,0.006037506863983066,0.0026541243493017536,0.006587492592788319
Wf9376d0a25f5831f0006,0.025530502197566904,0.904463565538387,0.009082777038719394,0.010691035893964577,0.004558664990564893,0.005199119542538257,0.012610344379268472,0.0028846561022146887,1.0928271240251792e-05,0.0034409323914981727,0.005143275224269556,0.0025092919991647755,0.005996954830874034
Wfaa483cc9bda9fb40000,0.0024891651671392137,0.0005427459191006378,0.06297294367046424,0.019064597096929356,0.011468360037252415,0.006020966052683499,0.008426170585159177,0.016080435524635343,0.0066044255776098485,0.07064887228696157,0.012063734605557512,0.010261988517681854,0.04723757647103161
Wfaa483cc9bda9fb40001,0.0033899233846653573,0.001696156661681451,0.07263292664787689,0.020826381309406908,0.012786235552619403,0.010551795103418853,0.006136020965361169,0.014718599853286404,0.0042072185203331,0.07992504845607168,0.012840366606264943,0.010967557064842438,0.03871669220711665
Wfaa483cc9bda9fb40002,0.0066256086817950335,0.0007226637706791541,0.10553154657326888,0.020232521726206352,0.015947574640470176,0.00948463205087653,0.011657587850805694,0.011745492962675682,0.007859609125197379,0.007495996001854596,0.014876635369072421,0.008388329168619486,0.04532737882138839
Wfaa483cc9bda9fb40003,0.003797827476795692,0.00015712925761062103,0.07559252336759201,0.018000004132063707,0.014667619248708123,0.009529592531688433,0.008063364031517075,0.012180447369013622,0.004819693089957486,0.015121286685487916,0.01809255579922423,0.008631167113222593,0.04211252284983839
Wfaa483cc9bda9fb40004,0.0036703557913045086,0.000681005598685374,0.14684202314539127,0.014471878754816524,0.01586295560887815,0.005788076926269464,0.0058204527927332205,0.010045699256990582,0.009600955144364104,0.005508744004905839,0.019194949284093616,0.005349288468977154,0.026173921612051763
Wfaa483cc9bda9fb40005,0.002274438948226153,0.0012113368431349845,0.1041914049417076,0.014034642303038757,0.01401362337988328,0.005643304509390861,0.007525246013190342,0.0075864650528194,0.006964391769924623,0.05073504053573614,0.015966359066728896,0.004879253457480392,0.0219071781819861
Wfaa483cc9bda9fb40006,0.0033673202706999833,5.1384577058361586e-05,0.06129023142085613,0.011371410181734256,0.011762554895532037,0.0059334308248388595,0.00740249066572561,0.007014437880547995,0.00569616376162492,0.03196744368289097,0.0109643203197178,0.003638436726837082,0.021031589431691866
Wfaba63e098f23be50000,0.0058367852193297745,0.9598508562577691,0.00225715884546048,0.0015023649097381895,0.00028236253711007026,0.0008841080699245401,0.008218451393137038,0.0009018263586360512,0.004576869234755132,0.002471283235626313,0.003713751439056755,0.002734876609878479,0.0014831914341443095
Wfaba63e098f23be50001,0.003892341197214537,0.96001698800585,0.00225789669048232,0.0012246599692822809,0.000559979620578234,0.0009762495137069933,0.007235272968269975,0.00033192764834512285,0.00567153809273252,0.00317089825801134,0.005944708459445288,0.0020869976936144456,0.0014833429906770266
Wfaba63e098f23be50002,0.010558953382006984,0.6684353223542423,0.003923898045833464,0.0015951542159505058,0.0005598793451629358,0.0006997083048878944,0.010623008976926614,0.015811964825274395,0.2659645812317677,0.0011588637475275834,0.010702057220418915,0.002364731137949704,0.0019462728425067165
Wfaba63e098f23be50003,0.009170068738618748,0.9222809716912178,0.0023678093153602984,0.0005579514458623468,0.0008376283489991721,0.0009774564369636292,0.01435067537512339,0.005878539148776123,0.021700448411766587,0.004179364067532034,0.00643636586778542,0.0034754496347611445,0.002501819093204808
Wfaba63e098f23be50004,0.005003405009541213,0.6428998318326246,0.0013930848210506584,0.0005579517096170623,4.310523692184151e-06,4.0557378711251955e-06,0.002403306264708462,0.01053678225847659,0.32264985516268163,0.0011183086896187197,0.008277169473528564,0.0015313923850493554,0.0005573887444169355
Wfaba63e098f23be50005,0.012595975493345018,0.6109045550205149,0.003476395537143719,0.0006505440889893235,0.0005598723430952802,0.0006984921317306956,0.010179161727609017,0.026936930992839628,0.3114417788305715,0.0005626937950937765,0.012999533055651068,0.00250323865957629,0.0025018284294412293
Wfaba63e098f23be50006,0.01204045427781236,0.914136962612692,0.003476419546934107,0.0006505600564726173,0.0011154383449099331,0.0006997110270878301,0.034914912333708574,0.004260567871973481,0.009924284486288999,0.0005639523196141922,0.010889133081205482,0.0025032544169581433,0.002501843312213279
Wfdd58305c41484a30000,0.0006287991070676495,9.129186984435367e-05,0.20203228006658858,0.008667619861009813,0.007011759539064449,0.005329430637404916,0.0026561448894328404,0.08702725352298173,0.21748691962688374,0.3498327004299479,0.060205198077598325,0.0011276290508706827,0.026321107549351186
Wfdd58305c41484a30001,0.0013381858658001837,0.0010001228967547208,0.32915548279623774,0.01263231037171066,0.008927874840303914,0.0075567756008630875,0.005178659414388442,0.1005368768652657,0.1326461800777902,0.21083132173387018,0.12652210277768167,0.0034764326856421843,0.028027273054251938
Wfdd58305c41484a30002,0.0005949642882708367,5.0398747882495274e-05,0.3284757639821572,0.009289178439991923,0.007048809128493804,0.0032372930027538484,0.004253417932742842,0.08315982582168735,0.10023758875291623,0.3525418180459514,0.05848920157773288,0.0009450867278770269,0.024948557029618183
Wfdd58305c41484a30003,0.0008673866480401969,4.2481726468695186e-05,0.2575982799400139,0.009158724698526653,0.006021384718681608,0.0042547885526108605,0.002579803273476362,0.08361043279341611,0.16211751046121395,0.3570514366579578,0.057071925576562536,0.0010759989063068372,0.028937379292062804
Wfdd58305c41484a30004,0.0005698953158554604,2.008446286144972e-05,0.22809777868321668,0.009742844987122055,0.007309854398117925,0.004347496154154612,0.0019892676248020732,0.08343953573934827,0.18825521550602864,0.36771857859514745,0.0520777761921597,0.0010556075672039488,0.025828102237476242
Wfdd58305c41484a30005,0.000851129579823872,0.00037867778875883413,0.23616228703197809,0.007658293482235661,0.005698002543853794,0.007384812167647496,0.0011519444052027006,0.08880420971589305,0.20158061433385158,0.332890305750236,0.06934290989973331,0.001194008066634881,0.012356157517703505
Wfdd58305c41484a30006,0.0007442665976167364,0.0002388407299918834,0.23437866553701225,0.013398275308112903,0.007011630385580097,0.007695150861813473,0.0029370413589689757,0.09580687805112457,0.1887426962151799,0.322588118671739,0.07207587518705147,0.0017308967289749117,0.024824638787836736
Wfe087e60becde77e0000,0.0009751124905697968,0.00030496278871133895,0.02988121553072764,0.014515612455139089,0.00915064820319277,0.004193385443581624,0.00277884996896031,0.14354192272744526,0.18631641564922596,0.23036887683620297,0.08504807189476549,0.003977216843608723,0.008090339560396188
Wfe087e60becde77e0001,0.0008814772696478049,0.00021834739477142988,0.027667045110497113,0.018674470697724797,0.009173204003853264,0.004443554622911498,0.0032196281040818365,0.18285917713312616,0.1485435250809532,0.2685030066250702,0.0765859867537732,0.004087907456991742,0.009091766516841026
Wfe087e60becde77e0002,0.0008738646238044024,0.00014213629344566467,0.029360678591887946,0.015953148983038765,0.009116804122496845,0.0033180428714089526,0.0031556397719985766,0.1388179228945172,0.13011076670295793,0.2959082250650242,0.06569761535566446,0.003081780253547741,0.009195191619071225
Wfe087e60becde77e0003,0.0006752797968265622,0.0001416442271966519,0.027644199150139052,0.0383502427536911,0.00927398640471569,0.0038790878290606034,0.004779257598742146,0.14145110197562386,0.1228193335272418,0.3066691696931657,0.05685408099751598,0.0026984410960960866,0.00965540242793816
Wfe087e60becde77e0004,0.0010443311364192241,0.0001495048695090651,0.028486074646331815,0.04139672720907331,0.00825029273190019,0.0036942129356024645,0.004113258946778899,0.1383051017423461,0.1300455487782375,0.3066007533891063,0.07912566510299654,0.0029199288042862934,0.008257528308098465
Wfe087e60becde77e0005,0.0010314552327402669,0.00014707439480493383,0.027966508816375333,0.02257795920438275,0.008846934043716517,0.0036961028879625496,0.003639800006309152,0.14749281483063564,0.12571563792002746,0.30272232807019733,0.06691061467374856,0.0032646462636810964,0.010100479824146674
Wfe087e60becde77e0006,0.0006563006699954739,0.00013265105637630834,0.026447081958350396,0.01499363088787411,0.007170813702473522,0.0054590867574425715,0.0064061348534377545,0.11924087062746197,0.12502415693924487,0.29537541488901553,0.06948623326657137,0.0024650712531447093,0.009974231696886778
Wfe131a9a23bcd6b40000,0.03908046135593365,0.8922111303573516,0.005560829685707181,0.004724265914298925,0.0013930349401774387,0.006560092039010412,0.015887220675423096,0.001114647278532349,0.0005572566610182961,0.005232577328598314,0.007410730883276286,0.005603078041001784,0.0031657257019288374
Wfe131a9a23bcd6b40001,0.038315535128496996,0.9034695548314605,0.0038473417109966203,0.0023646427465673185,0.0013006750857257525,0.003656349976981744,0.01190692527084583,0.0015339667741378754,0.0005571386033643743,0.004677038812490831,0.008848145405870823,0.00523269138545946,0.0033405603798191802
Wfe131a9a23bcd6b40002,0.044541194627847946,0.8894692129699066,0.004865774462333102,0.002920111504082072,0.0009757678410332372,0.005067521009037175,0.014619079687190261,0.0008398024432195863,0.0005571155215034638,0.005417751177708045,0.008847324553910851,0.0066678741556916886,0.0037090874100861233
Wfe131a9a23bcd6b40003,0.047904556923081355,0.878386070792697,0.0067643806115659354,0.003476691351505094,0.0011178237843807465,0.005605235521316773,0.020860541409949085,0.0011229857931709184,0.0005570580117786615,0.005417936099370551,0.00871081158509826,0.00486230351468904,0.004264182240727811
Wfe131a9a23bcd6b40004,0.03995455838114002,0.8926656080339793,0.005692137820070336,0.0029204969466012213,0.001674170560669346,0.004593150857432007,0.013751725519586384,0.0023643187027587997,0.0005576224545686677,0.006901667764189779,0.008816402636536243,0.005973414633464195,0.0036311107549267477
Wfe131a9a23bcd6b40005,0.04584372065633329,0.8834286802145955,0.00686010697562252,0.004364963392592619,0.0008369222911737633,0.005369702463641202,0.017020595281274302,0.0016705602414812855,0.0005571317550249508,0.006066165403438748,0.00791191134560094,0.006529010791471562,0.003706822184173209
Wfe131a9a23bcd6b40006,0.03730546755986479,0.9086181546367903,0.0038019202646564464,0.0018092802841643925,0.0019483242910640708,0.0034307522877279266,0.00972538719966678,0.0023630778742634814,0.0005571117042617302,0.005094515846841793,0.008065904812627403,0.00467712036762822,0.002282590193105824
Wfe5b5fd90a0f32520000,0.002243767757607667,0.022945708637639683,0.020209105830215283,0.015811233691921955,0.017568634845230326,0.06439411365898047,0.8149661078157379,0.0015934050109491884,0.0011272384210637243,0.001314085483642705,0.004321907729145922,0.023293826703844306,0.0037535051569613422
Wfe5b5fd90a0f32520001,0.0033635939151184114,0.026036490280038727,0.021534133850789082,0.019997311849415104,0.02315772136462104,0.38607416567711395,0.47197627972516637,0.0016040638679835804,0.0005773630588063668,0.002523340929774558,0.006961477768239202,0.02529598654028893,0.002746498105648883
Wfe5b5fd90a0f32520002,0.002246660742709253,0.02499509112517177,0.020489431921357167,0.015510315381041789,0.01248374435789529,0.27035206885145957,0.6114432411777662,0.0014088299052247262,0.0011292762946386926,0.001685002923765733,0.003941617212412293,0.02769200722370201,0.001279624347324461
Wfe5b5fd90a0f32520003,0.004454762557111727,0.02531438394920824,0.01466782253201134,0.009516425900949465,0.011561775965672386,0.06874037900636608,0.8247847263124773,0.0014437876650077671,0.0005627811698359831,0.0024150885607500425,0.0038711720394329244,0.023717510601413274,0.004563887080930555
Wfe5b5fd90a0f32520004,0.002797047143925095,0.023866460539845452,0.01632588407987527,0.008690107366622807,0.012257232863479598,0.06329423140551921,0.820061119673508,0.0034880468016862606,0.001220152398844079,0.007527789333873577,0.003870756937830183,0.022950813000954567,0.0016275382518799264
Wfe5b5fd90a0f32520005,0.003347874387580807,0.023844391573278518,0.016611079719809584,0.011819586358023168,0.010658856130340615,0.06666919242089014,0.8258030681202241,0.0005666223204673635,0.000565508874788893,0.0008436991703269996,0.004858261693253976,0.025717122982283094,0.0015124718767282092
Wfe5b5fd90a0f32520006,0.003354735780058934,0.02368436943361178,0.020263723478803414,0.011773510703151092,0.012943586449013016,0.09733961631533854,0.7851693569515676,0.00016001332930891437,0.0008477777381968886,0.002978420594603058,0.007228482177637008,0.024391731383192755,0.0025547166623449725
Wfeb1d9279b09dcc20000,0.002009926299391202,0.3944202800043964,0.01305548399307155,0.02716662130074158,0.0137440181190891,0.004304662909267086,0.01107825342193299,0.008368224756959048,0.004846183283141682,0.004130865959922143,0.055693701463574545,0.015312411629707732,0.06324713341426139
Wfeb1d9279b09dcc20001,0.0047187615931594245,0.02553902060104255,0.017361241733716903,0.02313587977022337,0.017158725426830012,0.0060089348365472625,0.013974431020427865,0.005600726962442148,0.004819475454566218,0.013351084092854456,0.07281377153927865,0.014097976261706387,0.05925415178240294
Wfeb1d9279b09dcc20002,0.0030748050157492976,0.025089449646771886,0.0178055977664576,0.02063029271992274,0.012160184699324375,0.003048935192593756,0.010212153980965791,0.004886524549011407,0.005096131411718255,0.009896960940449699,0.06363513300471296,0.013551258878228509,0.07344483401721515
Wfeb1d9279b09dcc20003,0.001714078701127837,0.38323240219904237,0.009781210015330997,0.019524937556523386,0.010097056227514611,0.0034596692903158255,0.010351891856016192,0.004255649827818615,0.002609508213699844,0.005201399682223212,0.053148606902129726,0.01332878687885409,0.0417948663444277
Wfeb1d9279b09dcc20004,0.003425390975698326,0.0041320279324435815,0.01948289198125862,0.03148994695276728,0.016042759786688898,0.002746854096339458,0.009502757938270443,0.01411088862200732,0.0050135889103175004,0.020800580059195096,0.06082656239748288,0.013222118733829096,0.07836288816752461
Wfeb1d9279b09dcc20005,0.001736186889139636,0.3833058283294875,0.011059907361199451,0.016306734249685786,0.012016493879713645,0.005923333111111994,0.011704761967022302,0.004187329597451208,0.0038843631332257426,0.006573965104330615,0.04927048265239916,0.015527282433001081,0.03942014155237223
Wfeb1d9279b09dcc20006,0.005096819699836135,0.006612034107202561,0.017844989361299083,0.01555355382635326,0.014741464962577305,0.00485469108019303,0.014245532145928254,0.011026007891478179,0.006923623926598444,0.016991704594063198,0.07312435676449604,0.011355956033097242,0.0959189320298507
Wfebd5f1c4ad913370000,0.04155989762583532,0.0035219886962399205,0.03296364668402845,0.09964822449720301,0.06295685393390633,0.06210920327217739,0.009094049842717817,0.5321101892431261,0.0051204444154107215,0.008830903163948795,0.024148442282406594,0.011259337263359407,0.0461892688454885
Wfebd5f1c4ad913370001,0.04020650003116781,0.0032674913272521043,0.04921373479402402,0.11339655915207299,0.05749808682493198,0.057770412759445305,0.009627116761369637,0.518979511309727,0.005261624718622688,0.009657899429660522,0.024321742470998414,0.011094443442263123,0.04616574566272985
Wfebd5f1c4ad913370002,0.03323256001712635,0.0029448049398376527,0.04089092901799706,0.09910013989740656,0.07508641813072449,0.05287680003906292,0.00864848145340181,0.5334658777115363,0.006152500847250684,0.00933101120369286,0.023804789018217757,0.011662195953678125,0.04705108408069811
Wfebd5f1c4ad913370003,0.03727107766179259,0.002915414289759399,0.04117404707492071,0.1016074736377297,0.05458562161676561,0.05208877235183681,0.0076626686291440494,0.539320605305667,0.006583739924391682,0.011045791309296166,0.023658180037338845,0.010705732231113574,0.0440570444136735
Wfebd5f1c4ad913370004,0.03622375734162224,0.004096265833138864,0.05041428135186869,0.1209888645337109,0.06607217463680663,0.06448496986624,0.008587978339781532,0.4789224187200152,0.008773984377510721,0.011040601780445402,0.025965439053567536,0.01251003302551083,0.048246023678490214
Wfebd5f1c4ad913370005,0.039133710741818276,0.0034164095209037564,0.029886174329301476,0.10838249979943457,0.058645482788432554,0.05974203636607287,0.01030905752222337,0.5347647686036454,0.006600757693854188,0.009963163832928588,0.02375558754004472,0.0108348488324028,0.047235808955595204
Wfebd5f1c4ad913370006,0.03857836052419818,0.0030487161655212425,0.05421457940528913,0.11012333038754704,0.05292541182010764,0.058023895465257894,0.008581445052048477,0.5204016874487152,0.006493196758859079,0.009549570668742804,0.02448576870726399,0.010884294169856552,0.047297895518139024
