window_id,F01,F02,F03,F04,F05,F06,F07,F08,F09,F10,F11,F12,F13
W000adee795ae7cdb0000,0.7937362106269058,0.007152166038722142,0.015130248881524443,0.011680056590266795,0.016311931781515743,0.05764561003217064,0.017129313660666473,0.0011973262002438645,0.0008177993224603734,0.012271197618138174,0.00026925086573111566,0.05942596562150994,0.001901711330109561
W000adee795ae7cdb0001,0.7937362106269058,0.007152166038722142,0.015130248881524443,0.011680056590266795,0.016311931781515743,0.05764561003217064,0.017129313660666473,0.0011973262002438645,0.0008177993224603734,0.012271197618138174,0.00026925086573111566,0.05942596562150994,0.001901711330109561
W000adee795ae7cdb0002,0.7937362106269058,0.007152166038722142,0.015130248881524443,0.011680056590266795,0.016311931781515743,0.05764561003217064,0.017129313660666473,0.0011973262002438645,0.0008177993224603734,0.012271197618138174,0.00026925086573111566,0.05942596562150994,0.001901711330109561
W000adee795ae7cdb0003,0.7937362106269058,0.007152166038722142,0.015130248881524443,0.011680056590266795,0.016311931781515743,0.05764561003217064,0.017129313660666473,0.0011973262002438645,0.0008177993224603734,0.012271197618138174,0.00026925086573111566,0.05942596562150994,0.001901711330109561
W000adee795ae7cdb0004,0.7937362106269058,0.007152166038722142,0.015130248881524443,0.011680056590266795,0.016311931781515743,0.05764561003217064,0.017129313660666473,0.0011973262002438645,0.0008177993224603734,0.012271197618138174,0.00026925086573111566,0.05942596562150994,0.001901711330109561
W000adee795ae7cdb0005,0.7937362106269058,0.007152166038722142,0.015130248881524443,0.011680056590266795,0.016311931781515743,0.05764561003217064,0.017129313660666473,0.0011973262002438645,0.0008177993224603734,0.012271197618138174,0.00026925086573111566,0.05942596562150994,0.001901711330109561
W000adee795ae7cdb0006,0.7937362106269058,0.007152166038722142,0.015130248881524443,0.011680056590266795,0.016311931781515743,0.05764561003217064,0.017129313660666473,0.0011973262002438645,0.0008177993224603734,0.012271197618138174,0.00026925086573111566,0.05942596562150994,0.001901711330109561
W00d9b92b429254d10000,0.00554512614212608,0.8139043322677795,0.0028439421648796476,0.004106842299482213,0.0014655809672261576,0.0006692121695664238,0.0072514320675482235,0.026302511867876705,0.09284348864969558,0.0028032412121274807,0.03168511623472425,0.001728681681192123,0.0009982563350061345
W00d9b92b429254d10001,0.00554512614212608,0.8139043322677795,0.0028439421648796476,0.004106842299482213,0.0014655809672261576,0.0006692121695664238,0.0072514320675482235,0.026302511867876705,0.09284348864969558,0.0028032412121274807,0.03168511623472425,0.001728681681192123,0.0009982563350061345
W00d9b92b429254d10002,0.00554512614212608,0.8139043322677795,0.0028439421648796476,0.004106842299482213,0.0014655809672261576,0.0006692121695664238,0.0072514320675482235,0.026302511867876705,0.09284348864969558,0.0028032412121274807,0.03168511623472425,0.001728681681192123,0.0009982563350061345
W00d9b92b429254d10003,0.00554512614212608,0.8139043322677795,0.0028439421648796476,0.004106842299482213,0.0014655809672261576,0.0006692121695664238,0.0072514320675482235,0.026302511867876705,0.09284348864969558,0.0028032412121274807,0.03168511623472425,0.001728681681192123,0.0009982563350061345
W00d9b92b429254d10004,0.00554512614212608,0.8139043322677795,0.0028439421648796476,0.004106842299482213,0.0014655809672261576,0.0006692121695664238,0.0072514320675482235,0.026302511867876705,0.09284348864969558,0.0028032412121274807,0.03168511623472425,0.001728681681192123,0.0009982563350061345
W00d9b92b429254d10005,0.00554512614212608,0.8139043322677795,0.0028439421648796476,0.004106842299482213,0.0014655809672261576,0.0006692121695664238,0.0072514320675482235,0.026302511867876705,0.09284348864969558,0.0028032412121274807,0.03168511623472425,0.001728681681192123,0.0009982563350061345
W00d9b92b429254d10006,0.00554512614212608,0.8139043322677795,0.0028439421648796476,0.004106842299482213,0.0014655809672261576,0.0006692121695664238,0.0072514320675482235,0.026302511867876705,0.09284348864969558,0.0028032412121274807,0.03168511623472425,0.001728681681192123,0.0009982563350061345
W011c5210582bb0430000,0.035538380311063406,0.001405807315883141,0.7153130519988958,0.05560074526112598,0.04332025222372621,0.020158406138343476,0.02034522498340612,0.009674025334644915,0.0030744635016201403,0.01029188091985292,0.008258820660357043,0.034202178445008766,0.01432495369154383
W011c5210582bb0430001,0.035538380311063406,0.001405807315883141,0.7153130519988958,0.05560074526112598,0.04332025222372621,0.020158406138343476,0.02034522498340612,0.009674025334644915,0.0030744635016201403,0.01029188091985292,0.008258820660357043,0.034202178445008766,0.01432495369154383
W011c5210582bb0430002,0.035538380311063406,0.001405807315883141,0.7153130519988958,0.05560074526112598,0.04332025222372621,0.020158406138343476,0.02034522498340612,0.009674025334644915,0.0030744635016201403,0.01029188091985292,0.008258820660357043,0.034202178445008766,0.01432495369154383
W011c5210582bb0430003,0.035538380311063406,0.001405807315883141,0.7153130519988958,0.05560074526112598,0.04332025222372621,0.020158406138343476,0.02034522498340612,0.009674025334644915,0.0030744635016201403,0.01029188091985292,0.008258820660357043,0.034202178445008766,0.01432495369154383
W011c5210582bb0430004,0.035538380311063406,0.001405807315883141,0.7153130519988958,0.05560074526112598,0.04332025222372621,0.020158406138343476,0.02034522498340612,0.009674025334644915,0.0030744635016201403,0.01029188091985292,0.008258820660357043,0.034202178445008766,0.01432495369154383
W011c5210582bb0430005,0.035538380311063406,0.001405807315883141,0.7153130519988958,0.05560074526112598,0.04332025222372621,0.020158406138343476,0.02034522498340612,0.009674025334644915,0.0030744635016201403,0.01029188091985292,0.008258820660357043,0.034202178445008766,0.01432495369154383
W011c5210582bb0430006,0.035538380311063406,0.001405807315883141,0.7153130519988958,0.05560074526112598,0.04332025222372621,0.020158406138343476,0.02034522498340612,0.009674025334644915,0.0030744635016201403,0.01029188091985292,0.008258820660357043,0.034202178445008766,0.01432495369154383
W01dad0ab3839cd3a0000,0.0020708796593441616,0.00011702335086218079,0.02387218809752878,0.019037364327932637,0.016323918528234047,0.007832477464231734,0.022050474892015063,0.03774468343656512,0.7254703791226997,0.012900458834230497,0.06969213247371178,0.004634399625295317,0.014142904907743893
W01dad0ab3839cd3a0001,0.0020708796593441616,0.00011702335086218079,0.02387218809752878,0.019037364327932637,0.016323918528234047,0.007832477464231734,0.022050474892015063,0.03774468343656512,0.7254703791226997,0.012900458834230497,0.06969213247371178,0.004634399625295317,0.014142904907743893
W01dad0ab3839cd3a0002,0.0020708796593441616,0.00011702335086218079,0.02387218809752878,0.019037364327932637,0.016323918528234047,0.007832477464231734,0.022050474892015063,0.03774468343656512,0.7254703791226997,0.012900458834230497,0.06969213247371178,0.004634399625295317,0.014142904907743893
W01dad0ab3839cd3a0003,0.0020708796593441616,0.00011702335086218079,0.02387218809752878,0.019037364327932637,0.016323918528234047,0.007832477464231734,0.022050474892015063,0.03774468343656512,0.7254703791226997,0.012900458834230497,0.06969213247371178,0.004634399625295317,0.014142904907743893
W01dad0ab3839cd3a0004,0.0020708796593441616,0.00011702335086218079,0.02387218809752878,0.019037364327932637,0.016323918528234047,0.007832477464231734,0.022050474892015063,0.03774468343656512,0.7254703791226997,0.012900458834230497,0.06969213247371178,0.004634399625295317,0.014142904907743893
W01dad0ab3839cd3a0005,0.0020708796593441616,0.00011702335086218079,0.02387218809752878,0.019037364327932637,0.016323918528234047,0.007832477464231734,0.022050474892015063,0.03774468343656512,0.7254703791226997,0.012900458834230497,0.06969213247371178,0.004634399625295317,0.014142904907743893
W01dad0ab3839cd3a0006,0.0020708796593441616,0.00011702335086218079,0.02387218809752878,0.019037364327932637,0.016323918528234047,0.007832477464231734,0.022050474892015063,0.03774468343656512,0.7254703791226997,0.012900458834230497,0.06969213247371178,0.004634399625295317,0.014142904907743893
W0257b7e5d137a4440000,0.0008237304054233679,7.115478388352597e-06,0.0030760525551976445,0.0019435615907974946,0.00028510147455816507,0.05969793085029808,0.0014639748420721584,0.00041792225565425557,8.805299222214871e-06,0.0004173458016699121,3.913620062742787e-05,0.9300775144715447,0.0008885807745712626
W0257b7e5d137a4440001,0.0008237304054233679,7.115478388352597e-06,0.0030760525551976445,0.0019435615907974946,0.00028510147455816507,0.05969793085029808,0.0014639748420721584,0.00041792225565425557,8.805299222214871e-06,0.0004173458016699121,3.913620062742787e-05,0.9300775144715447,0.0008885807745712626
W0257b7e5d137a4440002,0.0008237304054233679,7.115478388352597e-06,0.0030760525551976445,0.0019435615907974946,0.00028510147455816507,0.05969793085029808,0.0014639748420721584,0.00041792225565425557,8.805299222214871e-06,0.0004173458016699121,3.913620062742787e-05,0.9300775144715447,0.0008885807745712626
W0257b7e5d137a4440003,0.0008237304054233679,7.115478388352597e-06,0.0030760525551976445,0.0019435615907974946,0.00028510147455816507,0.05969793085029808,0.0014639748420721584,0.00041792225565425557,8.805299222214871e-06,0.0004173458016699121,3.913620062742787e-05,0.9300775144715447,0.0008885807745712626
W0257b7e5d137a4440004,0.0008237304054233679,7.115478388352597e-06,0.0030760525551976445,0.0019435615907974946,0.00028510147455816507,0.05969793085029808,0.0014639748420721584,0.00041792225565425557,8.805299222214871e-06,0.0004173458016699121,3.913620062742787e-05,0.9300775144715447,0.0008885807745712626
W0257b7e5d137a4440005,0.0008237304054233679,7.115478388352597e-06,0.0030760525551976445,0.0019435615907974946,0.00028510147455816507,0.05969793085029808,0.0014639748420721584,0.00041792225565425557,8.805299222214871e-06,0.0004173458016699121,3.913620062742787e-05,0.9300775144715447,0.0008885807745712626
W0257b7e5d137a4440006,0.0008237304054233679,7.115478388352597e-06,0.0030760525551976445,0.0019435615907974946,0.00028510147455816507,0.05969793085029808,0.0014639748420721584,0.00041792225565425557,8.805299222214871e-06,0.0004173458016699121,3.913620062742787e-05,0.9300775144715447,0.0008885807745712626
W0290b13796da5daa0000,0.009571520629923069,0.001671904257125879,0.041421743942254306,0.08729012061760974,0.03269985242948958,0.12106711029985591,0.020326424586973868,0.048343608345309035,0.06429722461235574,0.22216454350297624,0.210211241476794,0.010926185438546128,0.01154816008564778
W0290b13796da5daa0001,0.009571520629923069,0.001671904257125879,0.041421743942254306,0.08729012061760974,0.03269985242948958,0.12106711029985591,0.020326424586973868,0.048343608345309035,0.06429722461235574,0.22216454350297624,0.210211241476794,0.010926185438546128,0.01154816008564778
W0290b13796da5daa0002,0.009571520629923069,0.001671904257125879,0.041421743942254306,0.08729012061760974,0.03269985242948958,0.12106711029985591,0.020326424586973868,0.048343608345309035,0.06429722461235574,0.22216454350297624,0.210211241476794,0.010926185438546128,0.01154816008564778
W0290b13796da5daa0003,0.009571520629923069,0.001671904257125879,0.041421743942254306,0.08729012061760974,0.03269985242948958,0.12106711029985591,0.020326424586973868,0.048343608345309035,0.06429722461235574,0.22216454350297624,0.210211241476794,0.010926185438546128,0.01154816008564778
W0290b13796da5daa0004,0.009571520629923069,0.001671904257125879,0.041421743942254306,0.08729012061760974,0.03269985242948958,0.12106711029985591,0.020326424586973868,0.048343608345309035,0.06429722461235574,0.22216454350297624,0.210211241476794,0.010926185438546128,0.01154816008564778
W0290b13796da5daa0005,0.009571520629923069,0.001671904257125879,0.041421743942254306,0.08729012061760974,0.03269985242948958,0.12106711029985591,0.020326424586973868,0.048343608345309035,0.06429722461235574,0.22216454350297624,0.210211241476794,0.010926185438546128,0.01154816008564778
W0290b13796da5daa0006,0.009571520629923069,0.001671904257125879,0.041421743942254306,0.08729012061760974,0.03269985242948958,0.12106711029985591,0.020326424586973868,0.048343608345309035,0.06429722461235574,0.22216454350297624,0.210211241476794,0.010926185438546128,0.01154816008564778
W02e28fb5a87e30ff0000,0.014961167102056694,0.002154455709266186,0.0437013823954377,0.023280474372604158,0.029281864758089034,0.02012813496013075,0.047081923956551724,0.7047132780660348,0.014139564837408388,0.005889682808614207,0.01828987261241314,0.0044063856884796635,0.017171471185474244
W02e28fb5a87e30ff0001,0.014961167102056694,0.002154455709266186,0.0437013823954377,0.023280474372604158,0.029281864758089034,0.02012813496013075,0.047081923956551724,0.7047132780660348,0.014139564837408388,0.005889682808614207,0.01828987261241314,0.0044063856884796635,0.017171471185474244
W02e28fb5a87e30ff0002,0.014961167102056694,0.002154455709266186,0.0437013823954377,0.023280474372604158,0.029281864758089034,0.02012813496013075,0.047081923956551724,0.7047132780660348,0.014139564837408388,0.005889682808614207,0.01828987261241314,0.0044063856884796635,0.017171471185474244
W02e28fb5a87e30ff0003,0.014961167102056694,0.002154455709266186,0.0437013823954377,0.023280474372604158,0.029281864758089034,0.02012813496013075,0.047081923956551724,0.7047132780660348,0.014139564837408388,0.005889682808614207,0.01828987261241314,0.0044063856884796635,0.017171471185474244
W02e28fb5a87e30ff0004,0.014961167102056694,0.002154455709266186,0.0437013823954377,0.023280474372604158,0.029281864758089034,0.02012813496013075,0.047081923956551724,0.7047132780660348,0.014139564837408388,0.005889682808614207,0.01828987261241314,0.0044063856884796635,0.017171471185474244
W02e28fb5a87e30ff0005,0.014961167102056694,0.002154455709266186,0.0437013823954377,0.023280474372604158,0.029281864758089034,0.02012813496013075,0.047081923956551724,0.7047132780660348,0.014139564837408388,0.005889682808614207,0.01828987261241314,0.0044063856884796635,0.017171471185474244
W02e28fb5a87e30ff0006,0.014961167102056694,0.002154455709266186,0.0437013823954377,0.023280474372604158,0.029281864758089034,0.02012813496013075,0.047081923956551724,0.7047132780660348,0.014139564837408388,0.005889682808614207,0.01828987261241314,0.0044063856884796635,0.017171471185474244
W048d92294828d32c0000,0.09879361117968784,0.0028246885263491154,0.16755341148853517,0.16303321826486575,0.2256049025746126,0.04634399508568618,0.0313666167122746,0.14165671680548617,0.005551735514882447,0.036855868401046626,0.013934014639261772,0.03798332146539807,0.007177496405043943
W048d92294828d32c0001,0.09879361117968784,0.0028246885263491154,0.16755341148853517,0.16303321826486575,0.2256049025746126,0.04634399508568618,0.0313666167122746,0.14165671680548617,0.005551735514882447,0.036855868401046626,0.013934014639261772,0.03798332146539807,0.007177496405043943
W048d92294828d32c0002,0.09879361117968784,0.0028246885263491154,0.16755341148853517,0.16303321826486575,0.2256049025746126,0.04634399508568618,0.0313666167122746,0.14165671680548617,0.005551735514882447,0.036855868401046626,0.013934014639261772,0.03798332146539807,0.007177496405043943
W048d92294828d32c0003,0.09879361117968784,0.0028246885263491154,0.16755341148853517,0.16303321826486575,0.2256049025746126,0.04634399508568618,0.0313666167122746,0.14165671680548617,0.005551735514882447,0.036855868401046626,0.013934014639261772,0.03798332146539807,0.007177496405043943
W048d92294828d32c0004,0.09879361117968784,0.0028246885263491154,0.16755341148853517,0.16303321826486575,0.2256049025746126,0.04634399508568618,0.0313666167122746,0.14165671680548617,0.005551735514882447,0.036855868401046626,0.013934014639261772,0.03798332146539807,0.007177496405043943
W048d92294828d32c0005,0.09879361117968784,0.0028246885263491154,0.16755341148853517,0.16303321826486575,0.2256049025746126,0.04634399508568618,0.0313666167122746,0.14165671680548617,0.005551735514882447,0.036855868401046626,0.013934014639261772,0.03798332146539807,0.007177496405043943
W048d92294828d32c0006,0.09879361117968784,0.0028246885263491154,0.16755341148853517,0.16303321826486575,0.2256049025746126,0.04634399508568618,0.0313666167122746,0.14165671680548617,0.005551735514882447,0.036855868401046626,0.013934014639261772,0.03798332146539807,0.007177496405043943
W0490aebc1737e82f0000,0.0104310180225004,0.005821888484513529,0.0853538628257036,0.0716868568545814,0.16731514775115225,0.05777896133837431,0.46667664545196963,0.006773205159587429,0.009758098285569644,0.007425527631927211,0.031582962703795646,0.041638790223753074,0.011638390372774709
W0490aebc1737e82f0001,0.0104310180225004,0.005821888484513529,0.0853538628257036,0.0716868568545814,0.16731514775115225,0.05777896133837431,0.46667664545196963,0.006773205159587429,0.009758098285569644,0.007425527631927211,0.031582962703795646,0.041638790223753074,0.011638390372774709
W0490aebc1737e82f0002,0.0104310180225004,0.005821888484513529,0.0853538628257036,0.0716868568545814,0.16731514775115225,0.05777896133837431,0.46667664545196963,0.006773205159587429,0.009758098285569644,0.007425527631927211,0.031582962703795646,0.041638790223753074,0.011638390372774709
W0490aebc1737e82f0003,0.0104310180225004,0.005821888484513529,0.0853538628257036,0.0716868568545814,0.16731514775115225,0.05777896133837431,0.46667664545196963,0.006773205159587429,0.009758098285569644,0.007425527631927211,0.031582962703795646,0.041638790223753074,0.011638390372774709
W0490aebc1737e82f0004,0.0104310180225004,0.005821888484513529,0.0853538628257036,0.0716868568545814,0.16731514775115225,0.05777896133837431,0.46667664545196963,0.006773205159587429,0.009758098285569644,0.007425527631927211,0.031582962703795646,0.041638790223753074,0.011638390372774709
W0490aebc1737e82f0005,0.0104310180225004,0.005821888484513529,0.0853538628257036,0.0716868568545814,0.16731514775115225,0.05777896133837431,0.46667664545196963,0.006773205159587429,0.009758098285569644,0.007425527631927211,0.031582962703795646,0.041638790223753074,0.011638390372774709
W0490aebc1737e82f0006,0.0104310180225004,0.005821888484513529,0.0853538628257036,0.0716868568545814,0.16731514775115225,0.05777896133837431,0.46667664545196963,0.006773205159587429,0.009758098285569644,0.007425527631927211,0.031582962703795646,0.041638790223753074,0.011638390372774709
W04bd8a749e25fe910000,0.06566312972604338,0.00688196559508354,0.3236677191837188,0.09873222311303625,0.1190057738154035,0.03391484855258581,0.086474256129267,0.06283523711042795,0.011939394081325874,0.04290019476280983,0.012183084561705592,0.05031880826119144,0.021698048859254807
W04bd8a749e25fe910001,0.06566312972604338,0.00688196559508354,0.3236677191837188,0.09873222311303625,0.1190057738154035,0.03391484855258581,0.086474256129267,0.06283523711042795,0.011939394081325874,0.04290019476280983,0.012183084561705592,0.05031880826119144,0.021698048859254807
W04bd8a749e25fe910002,0.06566312972604338,0.00688196559508354,0.3236677191837188,0.09873222311303625,0.1190057738154035,0.03391484855258581,0.086474256129267,0.06283523711042795,0.011939394081325874,0.04290019476280983,0.012183084561705592,0.05031880826119144,0.021698048859254807
W04bd8a749e25fe910003,0.06566312972604338,0.00688196559508354,0.3236677191837188,0.09873222311303625,0.1190057738154035,0.03391484855258581,0.086474256129267,0.06283523711042795,0.011939394081325874,0.04290019476280983,0.012183084561705592,0.05031880826119144,0.021698048859254807
W04bd8a749e25fe910004,0.06566312972604338,0.00688196559508354,0.3236677191837188,0.09873222311303625,0.1190057738154035,0.03391484855258581,0.086474256129267,0.06283523711042795,0.011939394081325874,0.04290019476280983,0.012183084561705592,0.05031880826119144,0.021698048859254807
W04bd8a749e25fe910005,0.06566312972604338,0.00688196559508354,0.3236677191837188,0.09873222311303625,0.1190057738154035,0.03391484855258581,0.086474256129267,0.06283523711042795,0.011939394081325874,0.04290019476280983,0.012183084561705592,0.05031880826119144,0.021698048859254807
W04bd8a749e25fe910006,0.06566312972604338,0.00688196559508354,0.3236677191837188,0.09873222311303625,0.1190057738154035,0.03391484855258581,0.086474256129267,0.06283523711042795,0.011939394081325874,0.04290019476280983,0.012183084561705592,0.05031880826119144,0.021698048859254807
W07c81bc1aa9fc7f00000,0.005111671485248967,0.01935562620053437,0.02045513019840776,0.009215157733332712,0.041956030792197216,0.011317077612830729,0.034280500586579346,0.03672416859370403,0.01341659177914742,0.020078140727902104,0.27135134620823187,0.00602895489045018,0.2715936150102165
W07c81bc1aa9fc7f00001,0.005111671485248967,0.01935562620053437,0.02045513019840776,0.009215157733332712,0.041956030792197216,0.011317077612830729,0.034280500586579346,0.03672416859370403,0.01341659177914742,0.020078140727902104,0.27135134620823187,0.00602895489045018,0.2715936150102165
W07c81bc1aa9fc7f00002,0.005111671485248967,0.01935562620053437,0.02045513019840776,0.009215157733332712,0.041956030792197216,0.011317077612830729,0.034280500586579346,0.03672416859370403,0.01341659177914742,0.020078140727902104,0.27135134620823187,0.00602895489045018,0.2715936150102165
W07c81bc1aa9fc7f00003,0.005111671485248967,0.01935562620053437,0.02045513019840776,0.009215157733332712,0.041956030792197216,0.011317077612830729,0.034280500586579346,0.03672416859370403,0.01341659177914742,0.020078140727902104,0.27135134620823187,0.00602895489045018,0.2715936150102165
W07c81bc1aa9fc7f00004,0.005111671485248967,0.01935562620053437,0.02045513019840776,0.009215157733332712,0.041956030792197216,0.011317077612830729,0.034280500586579346,0.03672416859370403,0.01341659177914742,0.020078140727902104,0.27135134620823187,0.00602895489045018,0.2715936150102165
W07c81bc1aa9fc7f00005,0.005111671485248967,0.01935562620053437,0.02045513019840776,0.009215157733332712,0.041956030792197216,0.011317077612830729,0.034280500586579346,0.03672416859370403,0.01341659177914742,0.020078140727902104,0.27135134620823187,0.00602895489045018,0.2715936150102165
W07c81bc1aa9fc7f00006,0.005111671485248967,0.01935562620053437,0.02045513019840776,0.009215157733332712,0.041956030792197216,0.011317077612830729,0.034280500586579346,0.03672416859370403,0.01341659177914742,0.020078140727902104,0.27135134620823187,0.00602895489045018,0.2715936150102165
W08bd29d9e33fae850000,0.03515012445275263,0.004530808880925241,0.0385293865266182,0.03769543819524387,0.09424119374955969,0.05525353529703396,0.016355345935466326,0.022252223997254343,0.020501233475327073,0.0710756624857402,0.5261080654659459,0.035359956208443885,0.01747194153676083
W08bd29d9e33fae850001,0.03515012445275263,0.004530808880925241,0.0385293865266182,0.03769543819524387,0.09424119374955969,0.05525353529703396,0.016355345935466326,0.022252223997254343,0.020501233475327073,0.0710756624857402,0.5261080654659459,0.035359956208443885,0.01747194153676083
W08bd29d9e33fae850002,0.03515012445275263,0.004530808880925241,0.0385293865266182,0.03769543819524387,0.09424119374955969,0.05525353529703396,0.016355345935466326,0.022252223997254343,0.020501233475327073,0.0710756624857402,0.5261080654659459,0.035359956208443885,0.01747194153676083
W08bd29d9e33fae850003,0.03515012445275263,0.004530808880925241,0.0385293865266182,0.03769543819524387,0.09424119374955969,0.05525353529703396,0.016355345935466326,0.022252223997254343,0.020501233475327073,0.0710756624857402,0.5261080654659459,0.035359956208443885,0.01747194153676083
W08bd29d9e33fae850004,0.03515012445275263,0.004530808880925241,0.0385293865266182,0.03769543819524387,0.09424119374955969,0.05525353529703396,0.016355345935466326,0.022252223997254343,0.020501233475327073,0.0710756624857402,0.5261080654659459,0.035359956208443885,0.01747194153676083
W08bd29d9e33fae850005,0.03515012445275263,0.004530808880925241,0.0385293865266182,0.03769543819524387,0.09424119374955969,0.05525353529703396,0.016355345935466326,0.022252223997254343,0.020501233475327073,0.0710756624857402,0.5261080654659459,0.035359956208443885,0.01747194153676083
W08bd29d9e33fae850006,0.03515012445275263,0.004530808880925241,0.0385293865266182,0.03769543819524387,0.09424119374955969,0.05525353529703396,0.016355345935466326,0.022252223997254343,0.020501233475327073,0.0710756624857402,0.5261080654659459,0.035359956208443885,0.01747194153676083
W0b460f4a0d46f8570000,0.8937373584510492,0.011329529667887105,0.006466188970057209,0.011616056743010637,0.009214540162761046,0.01165659214683874,0.004696053731247076,0.007278565196528082,0.0006946273263411836,0.012814230175896554,0.0001220211873621229,0.012176121592440553,0.005862598381163795
W0b460f4a0d46f8570001,0.8937373584510492,0.011329529667887105,0.006466188970057209,0.011616056743010637,0.009214540162761046,0.01165659214683874,0.004696053731247076,0.007278565196528082,0.0006946273263411836,0.012814230175896554,0.0001220211873621229,0.012176121592440553,0.005862598381163795
W0b460f4a0d46f8570002,0.8937373584510492,0.011329529667887105,0.006466188970057209,0.011616056743010637,0.009214540162761046,0.01165659214683874,0.004696053731247076,0.007278565196528082,0.0006946273263411836,0.012814230175896554,0.0001220211873621229,0.012176121592440553,0.005862598381163795
W0b460f4a0d46f8570003,0.8937373584510492,0.011329529667887105,0.006466188970057209,0.011616056743010637,0.009214540162761046,0.01165659214683874,0.004696053731247076,0.007278565196528082,0.0006946273263411836,0.012814230175896554,0.0001220211873621229,0.012176121592440553,0.005862598381163795
W0b460f4a0d46f8570004,0.8937373584510492,0.011329529667887105,0.006466188970057209,0.011616056743010637,0.009214540162761046,0.01165659214683874,0.004696053731247076,0.007278565196528082,0.0006946273263411836,0.012814230175896554,0.0001220211873621229,0.012176121592440553,0.005862598381163795
W0b460f4a0d46f8570005,0.8937373584510492,0.011329529667887105,0.006466188970057209,0.011616056743010637,0.009214540162761046,0.01165659214683874,0.004696053731247076,0.007278565196528082,0.0006946273263411836,0.012814230175896554,0.0001220211873621229,0.012176121592440553,0.005862598381163795
W0b460f4a0d46f8570006,0.8937373584510492,0.011329529667887105,0.006466188970057209,0.011616056743010637,0.009214540162761046,0.01165659214683874,0.004696053731247076,0.007278565196528082,0.0006946273263411836,0.012814230175896554,0.0001220211873621229,0.012176121592440553,0.005862598381163795
W0b4c6c6d3c8992600000,0.00761039164991986,0.00463177976390278,0.021883167320658856,0.020605377740106127,0.02568519575098602,0.0011010734888072294,0.007621219663175332,0.29127437217837754,0.3941482524814395,0.008991941054295932,0.12340577589982854,0.01088864283487542,0.009242451570460681
W0b4c6c6d3c8992600001,0.00761039164991986,0.00463177976390278,0.021883167320658856,0.020605377740106127,0.02568519575098602,0.0011010734888072294,0.007621219663175332,0.29127437217837754,0.3941482524814395,0.008991941054295932,0.12340577589982854,0.01088864283487542,0.009242451570460681
W0b4c6c6d3c8992600002,0.00761039164991986,0.00463177976390278,0.021883167320658856,0.020605377740106127,0.02568519575098602,0.0011010734888072294,0.007621219663175332,0.29127437217837754,0.3941482524814395,0.008991941054295932,0.12340577589982854,0.01088864283487542,0.009242451570460681
W0b4c6c6d3c8992600003,0.00761039164991986,0.00463177976390278,0.021883167320658856,0.020605377740106127,0.02568519575098602,0.0011010734888072294,0.007621219663175332,0.29127437217837754,0.3941482524814395,0.008991941054295932,0.12340577589982854,0.01088864283487542,0.009242451570460681
W0b4c6c6d3c8992600004,0.00761039164991986,0.00463177976390278,0.021883167320658856,0.020605377740106127,0.02568519575098602,0.0011010734888072294,0.007621219663175332,0.29127437217837754,0.3941482524814395,0.008991941054295932,0.12340577589982854,0.01088864283487542,0.009242451570460681
W0b4c6c6d3c8992600005,0.00761039164991986,0.00463177976390278,0.021883167320658856,0.020605377740106127,0.02568519575098602,0.0011010734888072294,0.007621219663175332,0.29127437217837754,0.3941482524814395,0.008991941054295932,0.12340577589982854,0.01088864283487542,0.009242451570460681
W0b4c6c6d3c8992600006,0.00761039164991986,0.00463177976390278,0.021883167320658856,0.020605377740106127,0.02568519575098602,0.0011010734888072294,0.007621219663175332,0.29127437217837754,0.3941482524814395,0.008991941054295932,0.12340577589982854,0.01088864283487542,0.009242451570460681
W0bc3a2bd2bbfa8550000,0.01005079528759731,0.0009700049439175572,0.1780705841307359,0.07200370060650908,0.07996430270417802,0.18889538632757932,0.3771188539345308,0.007060591612537347,0.007084282435310987,0.007305161583843243,0.012452406789172924,0.022827356499432874,0.0038829437688231157
W0bc3a2bd2bbfa8550001,0.01005079528759731,0.0009700049439175572,0.1780705841307359,0.07200370060650908,0.07996430270417802,0.18889538632757932,0.3771188539345308,0.007060591612537347,0.007084282435310987,0.007305161583843243,0.012452406789172924,0.022827356499432874,0.0038829437688231157
W0bc3a2bd2bbfa8550002,0.01005079528759731,0.0009700049439175572,0.1780705841307359,0.07200370060650908,0.07996430270417802,0.18889538632757932,0.3771188539345308,0.007060591612537347,0.007084282435310987,0.007305161583843243,0.012452406789172924,0.022827356499432874,0.0038829437688231157
W0bc3a2bd2bbfa8550003,0.01005079528759731,0.0009700049439175572,0.1780705841307359,0.07200370060650908,0.07996430270417802,0.18889538632757932,0.3771188539345308,0.007060591612537347,0.007084282435310987,0.007305161583843243,0.012452406789172924,0.022827356499432874,0.0038829437688231157
W0bc3a2bd2bbfa8550004,0.01005079528759731,0.0009700049439175572,0.1780705841307359,0.07200370060650908,0.07996430270417802,0.18889538632757932,0.3771188539345308,0.007060591612537347,0.007084282435310987,0.007305161583843243,0.012452406789172924,0.022827356499432874,0.0038829437688231157
W0bc3a2bd2bbfa8550005,0.01005079528759731,0.0009700049439175572,0.1780705841307359,0.07200370060650908,0.07996430270417802,0.18889538632757932,0.3771188539345308,0.007060591612537347,0.007084282435310987,0.007305161583843243,0.012452406789172924,0.022827356499432874,0.0038829437688231157
W0bc3a2bd2bbfa8550006,0.01005079528759731,0.0009700049439175572,0.1780705841307359,0.07200370060650908,0.07996430270417802,0.18889538632757932,0.3771188539345308,0.007060591612537347,0.007084282435310987,0.007305161583843243,0.012452406789172924,0.022827356499432874,0.0038829437688231157
W0c9deb460d4cdf680000,0.08896266247855227,0.005958431499861794,0.49181180413849945,0.036682458423468456,0.04470147439957528,0.01267952555021592,0.03855180687105585,0.03552534104390884,0.01349797864327929,0.02946115724220612,0.017940293785183352,0.014809669430145748,0.0456314970407734
W0c9deb460d4cdf680001,0.08896266247855227,0.005958431499861794,0.49181180413849945,0.036682458423468456,0.04470147439957528,0.01267952555021592,0.03855180687105585,0.03552534104390884,0.01349797864327929,0.02946115724220612,0.017940293785183352,0.014809669430145748,0.0456314970407734
W0c9deb460d4cdf680002,0.08896266247855227,0.005958431499861794,0.49181180413849945,0.036682458423468456,0.04470147439957528,0.01267952555021592,0.03855180687105585,0.03552534104390884,0.01349797864327929,0.02946115724220612,0.017940293785183352,0.014809669430145748,0.0456314970407734
W0c9deb460d4cdf680003,0.08896266247855227,0.005958431499861794,0.49181180413849945,0.036682458423468456,0.04470147439957528,0.01267952555021592,0.03855180687105585,0.03552534104390884,0.01349797864327929,0.02946115724220612,0.017940293785183352,0.014809669430145748,0.0456314970407734
W0c9deb460d4cdf680004,0.08896266247855227,0.005958431499861794,0.49181180413849945,0.036682458423468456,0.04470147439957528,0.01267952555021592,0.03855180687105585,0.03552534104390884,0.01349797864327929,0.02946115724220612,0.017940293785183352,0.014809669430145748,0.0456314970407734
W0c9deb460d4cdf680005,0.08896266247855227,0.005958431499861794,0.49181180413849945,0.036682458423468456,0.04470147439957528,0.01267952555021592,0.03855180687105585,0.03552534104390884,0.01349797864327929,0.02946115724220612,0.017940293785183352,0.014809669430145748,0.0456314970407734
W0c9deb460d4cdf680006,0.08896266247855227,0.005958431499861794,0.49181180413849945,0.036682458423468456,0.04470147439957528,0.01267952555021592,0.03855180687105585,0.03552534104390884,0.01349797864327929,0.02946115724220612,0.017940293785183352,0.014809669430145748,0.0456314970407734
W0cef648f9afc97ca0000,0.04694836400075266,0.004956260009478978,0.2626211601009913,0.041586453388333965,0.062383534934194095,0.022625466710960343,0.33396173166446647,0.024937318387157893,0.013543052606755056,0.03474552787667083,0.017254723710741476,0.03354178493174743,0.03252696595770636
W0cef648f9afc97ca0001,0.04694836400075266,0.004956260009478978,0.2626211601009913,0.041586453388333965,0.062383534934194095,0.022625466710960343,0.33396173166446647,0.024937318387157893,0.013543052606755056,0.03474552787667083,0.017254723710741476,0.03354178493174743,0.03252696595770636
W0cef648f9afc97ca0002,0.04694836400075266,0.004956260009478978,0.2626211601009913,0.041586453388333965,0.062383534934194095,0.022625466710960343,0.33396173166446647,0.024937318387157893,0.013543052606755056,0.03474552787667083,0.017254723710741476,0.03354178493174743,0.03252696595770636
W0cef648f9afc97ca0003,0.04694836400075266,0.004956260009478978,0.2626211601009913,0.041586453388333965,0.062383534934194095,0.022625466710960343,0.33396173166446647,0.024937318387157893,0.013543052606755056,0.03474552787667083,0.017254723710741476,0.03354178493174743,0.03252696595770636
W0cef648f9afc97ca0004,0.04694836400075266,0.004956260009478978,0.2626211601009913,0.041586453388333965,0.062383534934194095,0.022625466710960343,0.33396173166446647,0.024937318387157893,0.013543052606755056,0.03474552787667083,0.017254723710741476,0.03354178493174743,0.03252696595770636
W0cef648f9afc97ca0005,0.04694836400075266,0.004956260009478978,0.2626211601009913,0.041586453388333965,0.062383534934194095,0.022625466710960343,0.33396173166446647,0.024937318387157893,0.013543052606755056,0.03474552787667083,0.017254723710741476,0.03354178493174743,0.03252696595770636
W0cef648f9afc97ca0006,0.04694836400075266,0.004956260009478978,0.2626211601009913,0.041586453388333965,0.062383534934194095,0.022625466710960343,0.33396173166446647,0.024937318387157893,0.013543052606755056,0.03474552787667083,0.017254723710741476,0.03354178493174743,0.03252696595770636
W0e5a0e62ce08e1d40000,0.015143822957539858,0.8398630968401734,0.010292903921725938,0.006726721025903429,0.016690362878832497,0.001551423922806951,0.02995004341440011,0.007636683981280361,0.0023806791066828953,0.007885503521252522,0.02360322929705193,0.0016506454062658188,0.010465484999188096
W0e5a0e62ce08e1d40001,0.015143822957539858,0.8398630968401734,0.010292903921725938,0.006726721025903429,0.016690362878832497,0.001551423922806951,0.02995004341440011,0.007636683981280361,0.0023806791066828953,0.007885503521252522,0.02360322929705193,0.0016506454062658188,0.010465484999188096
W0e5a0e62ce08e1d40002,0.015143822957539858,0.8398630968401734,0.010292903921725938,0.006726721025903429,0.016690362878832497,0.001551423922806951,0.02995004341440011,0.007636683981280361,0.0023806791066828953,0.007885503521252522,0.02360322929705193,0.0016506454062658188,0.010465484999188096
W0e5a0e62ce08e1d40003,0.015143822957539858,0.8398630968401734,0.010292903921725938,0.006726721025903429,0.016690362878832497,0.001551423922806951,0.02995004341440011,0.007636683981280361,0.0023806791066828953,0.007885503521252522,0.02360322929705193,0.0016506454062658188,0.010465484999188096
W0e5a0e62ce08e1d40004,0.015143822957539858,0.8398630968401734,0.010292903921725938,0.006726721025903429,0.016690362878832497,0.001551423922806951,0.02995004341440011,0.007636683981280361,0.0023806791066828953,0.007885503521252522,0.02360322929705193,0.0016506454062658188,0.010465484999188096
W0e5a0e62ce08e1d40005,0.015143822957539858,0.8398630968401734,0.010292903921725938,0.006726721025903429,0.016690362878832497,0.001551423922806951,0.02995004341440011,0.007636683981280361,0.0023806791066828953,0.007885503521252522,0.02360322929705193,0.0016506454062658188,0.010465484999188096
W0e5a0e62ce08e1d40006,0.015143822957539858,0.8398630968401734,0.010292903921725938,0.006726721025903429,0.016690362878832497,0.001551423922806951,0.02995004341440011,0.007636683981280361,0.0023806791066828953,0.007885503521252522,0.02360322929705193,0.0016506454062658188,0.010465484999188096
W0e9796c7c593dd980000,0.00042632832016143313,0.00011406007713263231,0.006978125147707219,0.004450503577008761,0.005760848538111835,0.5740981984087559,0.00043134198796550874,0.0009954672391049501,8.170974805727269e-05,8.595363820200681e-05,9.933182439309929e-05,0.398858528347418,0.006550557399741558
W0e9796c7c593dd980001,0.00042632832016143313,0.00011406007713263231,0.006978125147707219,0.004450503577008761,0.005760848538111835,0.5740981984087559,0.00043134198796550874,0.0009954672391049501,8.170974805727269e-05,8.595363820200681e-05,9.933182439309929e-05,0.398858528347418,0.006550557399741558
W0e9796c7c593dd980002,0.00042632832016143313,0.00011406007713263231,0.006978125147707219,0.004450503577008761,0.005760848538111835,0.5740981984087559,0.00043134198796550874,0.0009954672391049501,8.170974805727269e-05,8.595363820200681e-05,9.933182439309929e-05,0.398858528347418,0.006550557399741558
W0e9796c7c593dd980003,0.00042632832016143313,0.00011406007713263231,0.006978125147707219,0.004450503577008761,0.005760848538111835,0.5740981984087559,0.00043134198796550874,0.0009954672391049501,8.170974805727269e-05,8.595363820200681e-05,9.933182439309929e-05,0.398858528347418,0.006550557399741558
W0e9796c7c593dd980004,0.00042632832016143313,0.00011406007713263231,0.006978125147707219,0.004450503577008761,0.005760848538111835,0.5740981984087559,0.00043134198796550874,0.0009954672391049501,8.170974805727269e-05,8.595363820200681e-05,9.933182439309929e-05,0.398858528347418,0.006550557399741558
W0e9796c7c593dd980005,0.00042632832016143313,0.00011406007713263231,0.006978125147707219,0.004450503577008761,0.005760848538111835,0.5740981984087559,0.00043134198796550874,0.0009954672391049501,8.170974805727269e-05,8.595363820200681e-05,9.933182439309929e-05,0.398858528347418,0.006550557399741558
W0e9796c7c593dd980006,0.00042632832016143313,0.00011406007713263231,0.006978125147707219,0.004450503577008761,0.005760848538111835,0.5740981984087559,0.00043134198796550874,0.0009954672391049501,8.170974805727269e-05,8.595363820200681e-05,9.933182439309929e-05,0.398858528347418,0.006550557399741558
W0ec28fea344854cd0000,0.014987058348803211,0.009166161344673336,0.04695131958793884,0.040530096705399095,0.1344553877276983,0.07251393993140835,0.015689471348460396,0.5004657691785858,0.013408316539654923,0.03629876890646714,0.04006553184321751,0.034202783661149254,0.012564589132895305
W0ec28fea344854cd0001,0.014987058348803211,0.009166161344673336,0.04695131958793884,0.040530096705399095,0.1344553877276983,0.07251393993140835,0.015689471348460396,0.5004657691785858,0.013408316539654923,0.03629876890646714,0.04006553184321751,0.034202783661149254,0.012564589132895305
W0ec28fea344854cd0002,0.014987058348803211,0.009166161344673336,0.04695131958793884,0.040530096705399095,0.1344553877276983,0.07251393993140835,0.015689471348460396,0.5004657691785858,0.013408316539654923,0.03629876890646714,0.04006553184321751,0.034202783661149254,0.012564589132895305
W0ec28fea344854cd0003,0.014987058348803211,0.009166161344673336,0.04695131958793884,0.040530096705399095,0.1344553877276983,0.07251393993140835,0.015689471348460396,0.5004657691785858,0.013408316539654923,0.03629876890646714,0.04006553184321751,0.034202783661149254,0.012564589132895305
W0ec28fea344854cd0004,0.014987058348803211,0.009166161344673336,0.04695131958793884,0.040530096705399095,0.1344553877276983,0.07251393993140835,0.015689471348460396,0.5004657691785858,0.013408316539654923,0.03629876890646714,0.04006553184321751,0.034202783661149254,0.012564589132895305
W0ec28fea344854cd0005,0.014987058348803211,0.009166161344673336,0.04695131958793884,0.040530096705399095,0.1344553877276983,0.07251393993140835,0.015689471348460396,0.5004657691785858,0.013408316539654923,0.03629876890646714,0.04006553184321751,0.034202783661149254,0.012564589132895305
W0ec28fea344854cd0006,0.014987058348803211,0.009166161344673336,0.04695131958793884,0.040530096705399095,0.1344553877276983,0.07251393993140835,0.015689471348460396,0.5004657691785858,0.013408316539654923,0.03629876890646714,0.04006553184321751,0.034202783661149254,0.012564589132895305
W0f4adaf45b7388430000,0.006913506438554063,8.712517713549126e-05,0.12651399033108401,0.07612595766404977,0.06076726202998725,0.061274639502452655,0.017821144696931697,0.5927630133806219,0.0008607936569493276,0.006273754164361416,0.0043407166955990424,0.030587743628500193,0.008198453065710157
W0f4adaf45b7388430001,0.006913506438554063,8.712517713549126e-05,0.12651399033108401,0.07612595766404977,0.06076726202998725,0.061274639502452655,0.017821144696931697,0.5927630133806219,0.0008607936569493276,0.006273754164361416,0.0043407166955990424,0.030587743628500193,0.008198453065710157
W0f4adaf45b7388430002,0.006913506438554063,8.712517713549126e-05,0.12651399033108401,0.07612595766404977,0.06076726202998725,0.061274639502452655,0.017821144696931697,0.5927630133806219,0.0008607936569493276,0.006273754164361416,0.0043407166955990424,0.030587743628500193,0.008198453065710157
W0f4adaf45b7388430003,0.006913506438554063,8.712517713549126e-05,0.12651399033108401,0.07612595766404977,0.06076726202998725,0.061274639502452655,0.017821144696931697,0.5927630133806219,0.0008607936569493276,0.006273754164361416,0.0043407166955990424,0.030587743628500193,0.008198453065710157
W0f4adaf45b7388430004,0.006913506438554063,8.712517713549126e-05,0.12651399033108401,0.07612595766404977,0.06076726202998725,0.061274639502452655,0.017821144696931697,0.5927630133806219,0.0008607936569493276,0.006273754164361416,0.0043407166955990424,0.030587743628500193,0.008198453065710157
W0f4adaf45b7388430005,0.006913506438554063,8.712517713549126e-05,0.12651399033108401,0.07612595766404977,0.06076726202998725,0.061274639502452655,0.017821144696931697,0.5927630133806219,0.0008607936569493276,0.006273754164361416,0.0043407166955990424,0.030587743628500193,0.008198453065710157
W0f4adaf45b7388430006,0.006913506438554063,8.712517713549126e-05,0.12651399033108401,0.07612595766404977,0.06076726202998725,0.061274639502452655,0.017821144696931697,0.5927630133806219,0.0008607936569493276,0.006273754164361416,0.0043407166955990424,0.030587743628500193,0.008198453065710157
W0f7aa67121ad4dab0000,1.0852599244279625e-05,0.9948109633027018,1.5086802877254444e-05,3.853746786651518e-05,0.00016343611397022446,1.3893738648599126e-05,0.0012136493959944903,4.7267827836587305e-05,0.00011267614848903623,0.0012478133908056463,0.00042667524691215956,2.3464837954246702e-05,0.0009053370784184338
W0f7aa67121ad4dab0001,1.0852599244279625e-05,0.9948109633027018,1.5086802877254444e-05,3.853746786651518e-05,0.00016343611397022446,1.3893738648599126e-05,0.0012136493959944903,4.7267827836587305e-05,0.00011267614848903623,0.0012478133908056463,0.00042667524691215956,2.3464837954246702e-05,0.0009053370784184338
W0f7aa67121ad4dab0002,1.0852599244279625e-05,0.9948109633027018,1.5086802877254444e-05,3.853746786651518e-05,0.00016343611397022446,1.3893738648599126e-05,0.0012136493959944903,4.7267827836587305e-05,0.00011267614848903623,0.0012478133908056463,0.00042667524691215956,2.3464837954246702e-05,0.0009053370784184338
W0f7aa67121ad4dab0003,1.0852599244279625e-05,0.9948109633027018,1.5086802877254444e-05,3.853746786651518e-05,0.00016343611397022446,1.3893738648599126e-05,0.0012136493959944903,4.7267827836587305e-05,0.00011267614848903623,0.0012478133908056463,0.00042667524691215956,2.3464837954246702e-05,0.0009053370784184338
W0f7aa67121ad4dab0004,1.0852599244279625e-05,0.9948109633027018,1.5086802877254444e-05,3.853746786651518e-05,0.00016343611397022446,1.3893738648599126e-05,0.0012136493959944903,4.7267827836587305e-05,0.00011267614848903623,0.0012478133908056463,0.00042667524691215956,2.3464837954246702e-05,0.0009053370784184338
W0f7aa67121ad4dab0005,1.0852599244279625e-05,0.9948109633027018,1.5086802877254444e-05,3.853746786651518e-05,0.00016343611397022446,1.3893738648599126e-05,0.0012136493959944903,4.7267827836587305e-05,0.00011267614848903623,0.0012478133908056463,0.00042667524691215956,2.3464837954246702e-05,0.0009053370784184338
W0f7aa67121ad4dab0006,1.0852599244279625e-05,0.9948109633027018,1.5086802877254444e-05,3.853746786651518e-05,0.00016343611397022446,1.3893738648599126e-05,0.0012136493959944903,4.7267827836587305e-05,0.00011267614848903623,0.0012478133908056463,0.00042667524691215956,2.3464837954246702e-05,0.0009053370784184338
W0ff1fcd1013fefbd0000,0.027621280310052062,0.002449917704570991,0.024784560857393167,0.01826879136644095,0.011351294106479065,0.20376042148076381,0.006229538224095624,0.005180233088439066,0.0008308354262827085,0.004066400681875563,0.000853575490948478,0.6880015856716474,0.0029656766175905442
W0ff1fcd1013fefbd0001,0.027621280310052062,0.002449917704570991,0.024784560857393167,0.01826879136644095,0.011351294106479065,0.20376042148076381,0.006229538224095624,0.005180233088439066,0.0008308354262827085,0.004066400681875563,0.000853575490948478,0.6880015856716474,0.0029656766175905442
W0ff1fcd1013fefbd0002,0.027621280310052062,0.002449917704570991,0.024784560857393167,0.01826879136644095,0.011351294106479065,0.20376042148076381,0.006229538224095624,0.005180233088439066,0.0008308354262827085,0.004066400681875563,0.000853575490948478,0.6880015856716474,0.0029656766175905442
W0ff1fcd1013fefbd0003,0.027621280310052062,0.002449917704570991,0.024784560857393167,0.01826879136644095,0.011351294106479065,0.20376042148076381,0.006229538224095624,0.005180233088439066,0.0008308354262827085,0.004066400681875563,0.000853575490948478,0.6880015856716474,0.0029656766175905442
W0ff1fcd1013fefbd0004,0.027621280310052062,0.002449917704570991,0.024784560857393167,0.01826879136644095,0.011351294106479065,0.20376042148076381,0.006229538224095624,0.005180233088439066,0.0008308354262827085,0.004066400681875563,0.000853575490948478,0.6880015856716474,0.0029656766175905442
W0ff1fcd1013fefbd0005,0.027621280310052062,0.002449917704570991,0.024784560857393167,0.01826879136644095,0.011351294106479065,0.20376042148076381,0.006229538224095624,0.005180233088439066,0.0008308354262827085,0.004066400681875563,0.000853575490948478,0.6880015856716474,0.0029656766175905442
W0ff1fcd1013fefbd0006,0.027621280310052062,0.002449917704570991,0.024784560857393167,0.01826879136644095,0.011351294106479065,0.20376042148076381,0.006229538224095624,0.005180233088439066,0.0008308354262827085,0.004066400681875563,0.000853575490948478,0.6880015856716474,0.0029656766175905442
W10d509cc954647eb0000,0.0171067959968509,0.00552393773580756,0.2611857858587666,0.0583688500135747,0.05504192469374202,0.03307672866489088,0.11864528816897668,0.026385272647138983,0.026072769837147416,0.14688079363317447,0.0705984948112307,0.013395769119960326,0.019671057757309474
W10d509cc954647eb0001,0.0171067959968509,0.00552393773580756,0.2611857858587666,0.0583688500135747,0.05504192469374202,0.03307672866489088,0.11864528816897668,0.026385272647138983,0.026072769837147416,0.14688079363317447,0.0705984948112307,0.013395769119960326,0.019671057757309474
W10d509cc954647eb0002,0.0171067959968509,0.00552393773580756,0.2611857858587666,0.0583688500135747,0.05504192469374202,0.03307672866489088,0.11864528816897668,0.026385272647138983,0.026072769837147416,0.14688079363317447,0.0705984948112307,0.013395769119960326,0.019671057757309474
W10d509cc954647eb0003,0.0171067959968509,0.00552393773580756,0.2611857858587666,0.0583688500135747,0.05504192469374202,0.03307672866489088,0.11864528816897668,0.026385272647138983,0.026072769837147416,0.14688079363317447,0.0705984948112307,0.013395769119960326,0.019671057757309474
W10d509cc954647eb0004,0.0171067959968509,0.00552393773580756,0.2611857858587666,0.0583688500135747,0.05504192469374202,0.03307672866489088,0.11864528816897668,0.026385272647138983,0.026072769837147416,0.14688079363317447,0.0705984948112307,0.013395769119960326,0.019671057757309474
W10d509cc954647eb0005,0.0171067959968509,0.00552393773580756,0.2611857858587666,0.0583688500135747,0.05504192469374202,0.03307672866489088,0.11864528816897668,0.026385272647138983,0.026072769837147416,0.14688079363317447,0.0705984948112307,0.013395769119960326,0.019671057757309474
W10d509cc954647eb0006,0.0171067959968509,0.00552393773580756,0.2611857858587666,0.0583688500135747,0.05504192469374202,0.03307672866489088,0.11864528816897668,0.026385272647138983,0.026072769837147416,0.14688079363317447,0.0705984948112307,0.013395769119960326,0.019671057757309474
W10e2051532c96cc70000,0.006696189976443741,0.0014488096251358412,0.09954821879777398,0.03794111472955954,0.043384055740225635,0.014168843059755106,0.01163684481421618,0.055254501819715,0.0299519832068766,0.015030733746843846,0.5975877289226407,0.0026457670011654057,0.013400663962690665
W10e2051532c96cc70001,0.006696189976443741,0.0014488096251358412,0.09954821879777398,0.03794111472955954,0.043384055740225635,0.014168843059755106,0.01163684481421618,0.055254501819715,0.0299519832068766,0.015030733746843846,0.5975877289226407,0.0026457670011654057,0.013400663962690665
W10e2051532c96cc70002,0.006696189976443741,0.0014488096251358412,0.09954821879777398,0.03794111472955954,0.043384055740225635,0.014168843059755106,0.01163684481421618,0.055254501819715,0.0299519832068766,0.015030733746843846,0.5975877289226407,0.0026457670011654057,0.013400663962690665
W10e2051532c96cc70003,0.006696189976443741,0.0014488096251358412,0.09954821879777398,0.03794111472955954,0.043384055740225635,0.014168843059755106,0.01163684481421618,0.055254501819715,0.0299519832068766,0.015030733746843846,0.5975877289226407,0.0026457670011654057,0.013400663962690665
W10e2051532c96cc70004,0.006696189976443741,0.0014488096251358412,0.09954821879777398,0.03794111472955954,0.043384055740225635,0.014168843059755106,0.01163684481421618,0.055254501819715,0.0299519832068766,0.015030733746843846,0.5975877289226407,0.0026457670011654057,0.013400663962690665
W10e2051532c96cc70005,0.006696189976443741,0.0014488096251358412,0.09954821879777398,0.03794111472955954,0.043384055740225635,0.014168843059755106,0.01163684481421618,0.055254501819715,0.0299519832068766,0.015030733746843846,0.5975877289226407,0.0026457670011654057,0.013400663962690665
W10e2051532c96cc70006,0.006696189976443741,0.0014488096251358412,0.09954821879777398,0.03794111472955954,0.043384055740225635,0.014168843059755106,0.01163684481421618,0.055254501819715,0.0299519832068766,0.015030733746843846,0.5975877289226407,0.0026457670011654057,0.013400663962690665
W112dd88bc24030fe0000,0.00865534940146576,0.5826182240516419,0.01265074974321562,0.01056342866215828,0.025334750746692704,0.010348406916812785,0.039601236069694415,0.05897619558267052,0.09943554494693412,0.004634168046133398,0.11310111980730579,0.007480542015378881,0.006143155480093855
W112dd88bc24030fe0001,0.00865534940146576,0.5826182240516419,0.01265074974321562,0.01056342866215828,0.025334750746692704,0.010348406916812785,0.039601236069694415,0.05897619558267052,0.09943554494693412,0.004634168046133398,0.11310111980730579,0.007480542015378881,0.006143155480093855
W112dd88bc24030fe0002,0.00865534940146576,0.5826182240516419,0.01265074974321562,0.01056342866215828,0.025334750746692704,0.010348406916812785,0.039601236069694415,0.05897619558267052,0.09943554494693412,0.004634168046133398,0.11310111980730579,0.007480542015378881,0.006143155480093855
W112dd88bc24030fe0003,0.00865534940146576,0.5826182240516419,0.01265074974321562,0.01056342866215828,0.025334750746692704,0.010348406916812785,0.039601236069694415,0.05897619558267052,0.09943554494693412,0.004634168046133398,0.11310111980730579,0.007480542015378881,0.006143155480093855
W112dd88bc24030fe0004,0.00865534940146576,0.5826182240516419,0.01265074974321562,0.01056342866215828,0.025334750746692704,0.010348406916812785,0.039601236069694415,0.05897619558267052,0.09943554494693412,0.004634168046133398,0.11310111980730579,0.007480542015378881,0.006143155480093855
W112dd88bc24030fe0005,0.00865534940146576,0.5826182240516419,0.01265074974321562,0.01056342866215828,0.025334750746692704,0.010348406916812785,0.039601236069694415,0.05897619558267052,0.09943554494693412,0.004634168046133398,0.11310111980730579,0.007480542015378881,0.006143155480093855
W112dd88bc24030fe0006,0.00865534940146576,0.5826182240516419,0.01265074974321562,0.01056342866215828,0.025334750746692704,0.010348406916812785,0.039601236069694415,0.05897619558267052,0.09943554494693412,0.004634168046133398,0.11310111980730579,0.007480542015378881,0.006143155480093855
W12dd826290532eea0000,0.006632335126294689,0.8403396014733543,0.004997253444760021,0.001735991467332761,0.003599605612876211,0.001044271204694206,0.011858757318257335,0.019647395894224415,0.05238386623440138,8.047508984161461e-05,0.04515762046921759,0.0035472917185025168,0.0006718026097322705
W12dd826290532eea0001,0.006632335126294689,0.8403396014733543,0.004997253444760021,0.001735991467332761,0.003599605612876211,0.001044271204694206,0.011858757318257335,0.019647395894224415,0.05238386623440138,8.047508984161461e-05,0.04515762046921759,0.0035472917185025168,0.0006718026097322705
W12dd826290532eea0002,0.006632335126294689,0.8403396014733543,0.004997253444760021,0.001735991467332761,0.003599605612876211,0.001044271204694206,0.011858757318257335,0.019647395894224415,0.05238386623440138,8.047508984161461e-05,0.04515762046921759,0.0035472917185025168,0.0006718026097322705
W12dd826290532eea0003,0.006632335126294689,0.8403396014733543,0.004997253444760021,0.001735991467332761,0.003599605612876211,0.001044271204694206,0.011858757318257335,0.019647395894224415,0.05238386623440138,8.047508984161461e-05,0.04515762046921759,0.0035472917185025168,0.0006718026097322705
W12dd826290532eea0004,0.006632335126294689,0.8403396014733543,0.004997253444760021,0.001735991467332761,0.003599605612876211,0.001044271204694206,0.011858757318257335,0.019647395894224415,0.05238386623440138,8.047508984161461e-05,0.04515762046921759,0.0035472917185025168,0.0006718026097322705
W12dd826290532eea0005,0.006632335126294689,0.8403396014733543,0.004997253444760021,0.001735991467332761,0.003599605612876211,0.001044271204694206,0.011858757318257335,0.019647395894224415,0.05238386623440138,8.047508984161461e-05,0.04515762046921759,0.0035472917185025168,0.0006718026097322705
W12dd826290532eea0006,0.006632335126294689,0.8403396014733543,0.004997253444760021,0.001735991467332761,0.003599605612876211,0.001044271204694206,0.011858757318257335,0.019647395894224415,0.05238386623440138,8.047508984161461e-05,0.04515762046921759,0.0035472917185025168,0.0006718026097322705
W13f06082619423f00000,0.00042191901106483653,0.0002724394409848503,0.003962624277655766,0.0014325948632302101,0.0008074865511381944,0.0809088156281368,0.00010210838596598467,4.146121062891713e-05,5.0403636388695584e-05,4.087043713116248e-05,0.00036126430854065264,0.8965235383796848,0.014622023925961706
W13f06082619423f00001,0.00042191901106483653,0.0002724394409848503,0.003962624277655766,0.0014325948632302101,0.0008074865511381944,0.0809088156281368,0.00010210838596598467,4.146121062891713e-05,5.0403636388695584e-05,4.087043713116248e-05,0.00036126430854065264,0.8965235383796848,0.014622023925961706
W13f06082619423f00002,0.00042191901106483653,0.0002724394409848503,0.003962624277655766,0.0014325948632302101,0.0008074865511381944,0.0809088156281368,0.00010210838596598467,4.146121062891713e-05,5.0403636388695584e-05,4.087043713116248e-05,0.00036126430854065264,0.8965235383796848,0.014622023925961706
W13f06082619423f00003,0.00042191901106483653,0.0002724394409848503,0.003962624277655766,0.0014325948632302101,0.0008074865511381944,0.0809088156281368,0.00010210838596598467,4.146121062891713e-05,5.0403636388695584e-05,4.087043713116248e-05,0.00036126430854065264,0.8965235383796848,0.014622023925961706
W13f06082619423f00004,0.00042191901106483653,0.0002724394409848503,0.003962624277655766,0.0014325948632302101,0.0008074865511381944,0.0809088156281368,0.00010210838596598467,4.146121062891713e-05,5.0403636388695584e-05,4.087043713116248e-05,0.00036126430854065264,0.8965235383796848,0.014622023925961706
W13f06082619423f00005,0.00042191901106483653,0.0002724394409848503,0.003962624277655766,0.0014325948632302101,0.0008074865511381944,0.0809088156281368,0.00010210838596598467,4.146121062891713e-05,5.0403636388695584e-05,4.087043713116248e-05,0.00036126430854065264,0.8965235383796848,0.014622023925961706
W13f06082619423f00006,0.00042191901106483653,0.0002724394409848503,0.003962624277655766,0.0014325948632302101,0.0008074865511381944,0.0809088156281368,0.00010210838596598467,4.146121062891713e-05,5.0403636388695584e-05,4.087043713116248e-05,0.00036126430854065264,0.8965235383796848,0.014622023925961706
W148bf406de84e96d0000,0.033664092810962616,0.002063621774938777,0.08771094001229678,0.08187078753512979,0.05043541855383102,0.013619509464385853,0.03922540701309964,0.08160686414724182,0.022383015118105257,0.007394247639321379,0.013393135359760153,0.011830246806450607,0.016802419463085184
W148bf406de84e96d0001,0.033664092810962616,0.002063621774938777,0.08771094001229678,0.08187078753512979,0.05043541855383102,0.013619509464385853,0.03922540701309964,0.08160686414724182,0.022383015118105257,0.007394247639321379,0.013393135359760153,0.011830246806450607,0.016802419463085184
W148bf406de84e96d0002,0.033664092810962616,0.002063621774938777,0.08771094001229678,0.08187078753512979,0.05043541855383102,0.013619509464385853,0.03922540701309964,0.08160686414724182,0.022383015118105257,0.007394247639321379,0.013393135359760153,0.011830246806450607,0.016802419463085184
W148bf406de84e96d0003,0.033664092810962616,0.002063621774938777,0.08771094001229678,0.08187078753512979,0.05043541855383102,0.013619509464385853,0.03922540701309964,0.08160686414724182,0.022383015118105257,0.007394247639321379,0.013393135359760153,0.011830246806450607,0.016802419463085184
W148bf406de84e96d0004,0.033664092810962616,0.002063621774938777,0.08771094001229678,0.08187078753512979,0.05043541855383102,0.013619509464385853,0.03922540701309964,0.08160686414724182,0.022383015118105257,0.007394247639321379,0.013393135359760153,0.011830246806450607,0.016802419463085184
W148bf406de84e96d0005,0.033664092810962616,0.002063621774938777,0.08771094001229678,0.08187078753512979,0.05043541855383102,0.013619509464385853,0.03922540701309964,0.08160686414724182,0.022383015118105257,0.007394247639321379,0.013393135359760153,0.011830246806450607,0.016802419463085184
W148bf406de84e96d0006,0.033664092810962616,0.002063621774938777,0.08771094001229678,0.08187078753512979,0.05043541855383102,0.013619509464385853,0.03922540701309964,0.08160686414724182,0.022383015118105257,0.007394247639321379,0.013393135359760153,0.011830246806450607,0.016802419463085184
W1677b368f7a7d4cb0000,0.0020826301513281967,0.0001639691103131777,0.005896295031140628,0.005191968057061537,0.002495345946027236,0.19804436871133552,0.0033029104622051284,0.00020918667984746268,0.0003790797463790329,0.00010199955702954614,0.00014464172739849402,0.7780954935062858,0.0032640576941663437
W1677b368f7a7d4cb0001,0.0020826301513281967,0.0001639691103131777,0.005896295031140628,0.005191968057061537,0.002495345946027236,0.19804436871133552,0.0033029104622051284,0.00020918667984746268,0.0003790797463790329,0.00010199955702954614,0.00014464172739849402,0.7780954935062858,0.0032640576941663437
W1677b368f7a7d4cb0002,0.0020826301513281967,0.0001639691103131777,0.005896295031140628,0.005191968057061537,0.002495345946027236,0.19804436871133552,0.0033029104622051284,0.00020918667984746268,0.0003790797463790329,0.00010199955702954614,0.00014464172739849402,0.7780954935062858,0.0032640576941663437
W1677b368f7a7d4cb0003,0.0020826301513281967,0.0001639691103131777,0.005896295031140628,0.005191968057061537,0.002495345946027236,0.19804436871133552,0.0033029104622051284,0.00020918667984746268,0.0003790797463790329,0.00010199955702954614,0.00014464172739849402,0.7780954935062858,0.0032640576941663437
W1677b368f7a7d4cb0004,0.0020826301513281967,0.0001639691103131777,0.005896295031140628,0.005191968057061537,0.002495345946027236,0.19804436871133552,0.0033029104622051284,0.00020918667984746268,0.0003790797463790329,0.00010199955702954614,0.00014464172739849402,0.7780954935062858,0.0032640576941663437
W1677b368f7a7d4cb0005,0.0020826301513281967,0.0001639691103131777,0.005896295031140628,0.005191968057061537,0.002495345946027236,0.19804436871133552,0.0033029104622051284,0.00020918667984746268,0.0003790797463790329,0.00010199955702954614,0.00014464172739849402,0.7780954935062858,0.0032640576941663437
W1677b368f7a7d4cb0006,0.0020826301513281967,0.0001639691103131777,0.005896295031140628,0.005191968057061537,0.002495345946027236,0.19804436871133552,0.0033029104622051284,0.00020918667984746268,0.0003790797463790329,0.00010199955702954614,0.00014464172739849402,0.7780954935062858,0.0032640576941663437
W16c71d34f644cae10000,0.0008691136739778559,0.0003493742861695281,0.008769212917382014,0.004438178236876931,0.0055461946068108905,0.0028853471487995165,0.014049623180640573,0.2882461896553854,0.24242763168037815,0.0034439008550133017,0.2750653358589924,0.007030037971121228,0.021738730405653675
W16c71d34f644cae10001,0.0008691136739778559,0.0003493742861695281,0.008769212917382014,0.004438178236876931,0.0055461946068108905,0.0028853471487995165,0.014049623180640573,0.2882461896553854,0.24242763168037815,0.0034439008550133017,0.2750653358589924,0.007030037971121228,0.021738730405653675
W16c71d34f644cae10002,0.0008691136739778559,0.0003493742861695281,0.008769212917382014,0.004438178236876931,0.0055461946068108905,0.0028853471487995165,0.014049623180640573,0.2882461896553854,0.24242763168037815,0.0034439008550133017,0.2750653358589924,0.007030037971121228,0.021738730405653675
W16c71d34f644cae10003,0.0008691136739778559,0.0003493742861695281,0.008769212917382014,0.004438178236876931,0.0055461946068108905,0.0028853471487995165,0.014049623180640573,0.2882461896553854,0.24242763168037815,0.0034439008550133017,0.2750653358589924,0.007030037971121228,0.021738730405653675
W16c71d34f644cae10004,0.0008691136739778559,0.0003493742861695281,0.008769212917382014,0.004438178236876931,0.0055461946068108905,0.0028853471487995165,0.014049623180640573,0.2882461896553854,0.24242763168037815,0.0034439008550133017,0.2750653358589924,0.007030037971121228,0.021738730405653675
W16c71d34f644cae10005,0.0008691136739778559,0.0003493742861695281,0.008769212917382014,0.004438178236876931,0.0055461946068108905,0.0028853471487995165,0.014049623180640573,0.2882461896553854,0.24242763168037815,0.0034439008550133017,0.2750653358589924,0.007030037971121228,0.021738730405653675
W16c71d34f644cae10006,0.0008691136739778559,0.0003493742861695281,0.008769212917382014,0.004438178236876931,0.0055461946068108905,0.0028853471487995165,0.014049623180640573,0.2882461896553854,0.24242763168037815,0.0034439008550133017,0.2750653358589924,0.007030037971121228,0.021738730405653675
W1733af1df1f936590000,0.005413581511134944,0.0014162057398755567,0.07957402796852345,0.03196938481614251,0.03778968938769527,0.013295327337951654,0.006919857691245648,0.06304042575167722,0.04355760897692454,0.01403930296565503,0.6074793937040794,0.002498798092309636,0.011527223221577714
W1733af1df1f936590001,0.005413581511134944,0.0014162057398755567,0.07957402796852345,0.03196938481614251,0.03778968938769527,0.013295327337951654,0.006919857691245648,0.06304042575167722,0.04355760897692454,0.01403930296565503,0.6074793937040794,0.002498798092309636,0.011527223221577714
W1733af1df1f936590002,0.005413581511134944,0.0014162057398755567,0.07957402796852345,0.03196938481614251,0.03778968938769527,0.013295327337951654,0.006919857691245648,0.06304042575167722,0.04355760897692454,0.01403930296565503,0.6074793937040794,0.002498798092309636,0.011527223221577714
W1733af1df1f936590003,0.005413581511134944,0.0014162057398755567,0.07957402796852345,0.03196938481614251,0.03778968938769527,0.013295327337951654,0.006919857691245648,0.06304042575167722,0.04355760897692454,0.01403930296565503,0.6074793937040794,0.002498798092309636,0.011527223221577714
W1733af1df1f936590004,0.005413581511134944,0.0014162057398755567,0.07957402796852345,0.03196938481614251,0.03778968938769527,0.013295327337951654,0.006919857691245648,0.06304042575167722,0.04355760897692454,0.01403930296565503,0.6074793937040794,0.002498798092309636,0.011527223221577714
W1733af1df1f936590005,0.005413581511134944,0.0014162057398755567,0.07957402796852345,0.03196938481614251,0.03778968938769527,0.013295327337951654,0.006919857691245648,0.06304042575167722,0.04355760897692454,0.01403930296565503,0.6074793937040794,0.002498798092309636,0.011527223221577714
W1733af1df1f936590006,0.005413581511134944,0.0014162057398755567,0.07957402796852345,0.03196938481614251,0.03778968938769527,0.013295327337951654,0.006919857691245648,0.06304042575167722,0.04355760897692454,0.01403930296565503,0.6074793937040794,0.002498798092309636,0.011527223221577714
W17e3988fa13c94340000,0.7435167509511547,0.0015106169413041793,0.006846060548890691,0.005808623064145718,0.018904107124999965,0.0036377738316914787,0.007208570347504007,0.004448203097801522,0.0017020528201931438,0.14951146381061015,0.0005236792117124727,0.0010334885431461012,0.014075432396518336
W17e3988fa13c94340001,0.7435167509511547,0.0015106169413041793,0.006846060548890691,0.005808623064145718,0.018904107124999965,0.0036377738316914787,0.007208570347504007,0.004448203097801522,0.0017020528201931438,0.14951146381061015,0.0005236792117124727,0.0010334885431461012,0.014075432396518336
W17e3988fa13c94340002,0.7435167509511547,0.0015106169413041793,0.006846060548890691,0.005808623064145718,0.018904107124999965,0.0036377738316914787,0.007208570347504007,0.004448203097801522,0.0017020528201931438,0.14951146381061015,0.0005236792117124727,0.0010334885431461012,0.014075432396518336
W17e3988fa13c94340003,0.7435167509511547,0.0015106169413041793,0.006846060548890691,0.005808623064145718,0.018904107124999965,0.0036377738316914787,0.007208570347504007,0.004448203097801522,0.0017020528201931438,0.14951146381061015,0.0005236792117124727,0.0010334885431461012,0.014075432396518336
W17e3988fa13c94340004,0.7435167509511547,0.0015106169413041793,0.006846060548890691,0.005808623064145718,0.018904107124999965,0.0036377738316914787,0.007208570347504007,0.004448203097801522,0.0017020528201931438,0.14951146381061015,0.0005236792117124727,0.0010334885431461012,0.014075432396518336
W17e3988fa13c94340005,0.7435167509511547,0.0015106169413041793,0.006846060548890691,0.005808623064145718,0.018904107124999965,0.0036377738316914787,0.007208570347504007,0.004448203097801522,0.0017020528201931438,0.14951146381061015,0.0005236792117124727,0.0010334885431461012,0.014075432396518336
W17e3988fa13c94340006,0.7435167509511547,0.0015106169413041793,0.006846060548890691,0.005808623064145718,0.018904107124999965,0.0036377738316914787,0.007208570347504007,0.004448203097801522,0.0017020528201931438,0.14951146381061015,0.0005236792117124727,0.0010334885431461012,0.014075432396518336
W195c4af40eae77340000,0.03743976088161649,0.019318815725305707,0.08611583091368573,0.0808888942110063,0.07808453872211266,0.0970344923136311,0.03181810268839268,0.021951623417233473,0.01676189400474603,0.11767819870308459,0.137748567113425,0.036593658859820265,0.15710566436381515
W195c4af40eae77340001,0.03743976088161649,0.019318815725305707,0.08611583091368573,0.0808888942110063,0.07808453872211266,0.0970344923136311,0.03181810268839268,0.021951623417233473,0.01676189400474603,0.11767819870308459,0.137748567113425,0.036593658859820265,0.15710566436381515
W195c4af40eae77340002,0.03743976088161649,0.019318815725305707,0.08611583091368573,0.0808888942110063,0.07808453872211266,0.0970344923136311,0.03181810268839268,0.021951623417233473,0.01676189400474603,0.11767819870308459,0.137748567113425,0.036593658859820265,0.15710566436381515
W195c4af40eae77340003,0.03743976088161649,0.019318815725305707,0.08611583091368573,0.0808888942110063,0.07808453872211266,0.0970344923136311,0.03181810268839268,0.021951623417233473,0.01676189400474603,0.11767819870308459,0.137748567113425,0.036593658859820265,0.15710566436381515
W195c4af40eae77340004,0.03743976088161649,0.019318815725305707,0.08611583091368573,0.0808888942110063,0.07808453872211266,0.0970344923136311,0.03181810268839268,0.021951623417233473,0.01676189400474603,0.11767819870308459,0.137748567113425,0.036593658859820265,0.15710566436381515
W195c4af40eae77340005,0.03743976088161649,0.019318815725305707,0.08611583091368573,0.0808888942110063,0.07808453872211266,0.0970344923136311,0.03181810268839268,0.021951623417233473,0.01676189400474603,0.11767819870308459,0.137748567113425,0.036593658859820265,0.15710566436381515
W195c4af40eae77340006,0.03743976088161649,0.019318815725305707,0.08611583091368573,0.0808888942110063,0.07808453872211266,0.0970344923136311,0.03181810268839268,0.021951623417233473,0.01676189400474603,0.11767819870308459,0.137748567113425,0.036593658859820265,0.15710566436381515
W1981eb76c9c18c3f0000,0.020347160760458328,0.0024440745156404423,0.20491829929835348,0.21840568465524837,0.023974319244368086,0.1345620918187199,0.11193218402582769,0.007251677394112765,0.008158779778682644,0.0209664316711842,0.09148913654614106,0.05096524291962695,0.015931182648573457
W1981eb76c9c18c3f0001,0.020347160760458328,0.0024440745156404423,0.20491829929835348,0.21840568465524837,0.023974319244368086,0.1345620918187199,0.11193218402582769,0.007251677394112765,0.008158779778682644,0.0209664316711842,0.09148913654614106,0.05096524291962695,0.015931182648573457
W1981eb76c9c18c3f0002,0.020347160760458328,0.0024440745156404423,0.20491829929835348,0.21840568465524837,0.023974319244368086,0.1345620918187199,0.11193218402582769,0.007251677394112765,0.008158779778682644,0.0209664316711842,0.09148913654614106,0.05096524291962695,0.015931182648573457
W1981eb76c9c18c3f0003,0.020347160760458328,0.0024440745156404423,0.20491829929835348,0.21840568465524837,0.023974319244368086,0.1345620918187199,0.11193218402582769,0.007251677394112765,0.008158779778682644,0.0209664316711842,0.09148913654614106,0.05096524291962695,0.015931182648573457
W1981eb76c9c18c3f0004,0.020347160760458328,0.0024440745156404423,0.20491829929835348,0.21840568465524837,0.023974319244368086,0.1345620918187199,0.11193218402582769,0.007251677394112765,0.008158779778682644,0.0209664316711842,0.09148913654614106,0.05096524291962695,0.015931182648573457
W1981eb76c9c18c3f0005,0.020347160760458328,0.0024440745156404423,0.20491829929835348,0.21840568465524837,0.023974319244368086,0.1345620918187199,0.11193218402582769,0.007251677394112765,0.008158779778682644,0.0209664316711842,0.09148913654614106,0.05096524291962695,0.015931182648573457
W1981eb76c9c18c3f0006,0.020347160760458328,0.0024440745156404423,0.20491829929835348,0.21840568465524837,0.023974319244368086,0.1345620918187199,0.11193218402582769,0.007251677394112765,0.008158779778682644,0.0209664316711842,0.09148913654614106,0.05096524291962695,0.015931182648573457
W19aeeb61c88250180000,0.009984946897269783,0.00022915032186652756,0.023398771913783728,0.00939525173152948,0.010390475657639219,0.0034768844528693427,0.016016083381761984,0.21456597834602528,0.01024462438065421,0.019391729925163432,0.34225893319047307,0.010529040241126596,0.04118079584771486
W19aeeb61c88250180001,0.009984946897269783,0.00022915032186652756,0.023398771913783728,0.00939525173152948,0.010390475657639219,0.0034768844528693427,0.016016083381761984,0.21456597834602528,0.01024462438065421,0.019391729925163432,0.34225893319047307,0.010529040241126596,0.04118079584771486
W19aeeb61c88250180002,0.009984946897269783,0.00022915032186652756,0.023398771913783728,0.00939525173152948,0.010390475657639219,0.0034768844528693427,0.016016083381761984,0.21456597834602528,0.01024462438065421,0.019391729925163432,0.34225893319047307,0.010529040241126596,0.04118079584771486
W19aeeb61c88250180003,0.009984946897269783,0.00022915032186652756,0.023398771913783728,0.00939525173152948,0.010390475657639219,0.0034768844528693427,0.016016083381761984,0.21456597834602528,0.01024462438065421,0.019391729925163432,0.34225893319047307,0.010529040241126596,0.04118079584771486
W19aeeb61c88250180004,0.009984946897269783,0.00022915032186652756,0.023398771913783728,0.00939525173152948,0.010390475657639219,0.0034768844528693427,0.016016083381761984,0.21456597834602528,0.01024462438065421,0.019391729925163432,0.34225893319047307,0.010529040241126596,0.04118079584771486
W19aeeb61c88250180005,0.009984946897269783,0.00022915032186652756,0.023398771913783728,0.00939525173152948,0.010390475657639219,0.0034768844528693427,0.016016083381761984,0.21456597834602528,0.01024462438065421,0.019391729925163432,0.34225893319047307,0.010529040241126596,0.04118079584771486
W19aeeb61c88250180006,0.009984946897269783,0.00022915032186652756,0.023398771913783728,0.00939525173152948,0.010390475657639219,0.0034768844528693427,0.016016083381761984,0.21456597834602528,0.01024462438065421,0.019391729925163432,0.34225893319047307,0.010529040241126596,0.04118079584771486
W19b93dad2115da5f0000,0.02932788701199665,0.004798090969915683,0.13090817533429303,0.12564494125574413,0.071638257396056,0.02749166004186743,0.038332738717604106,0.30353319847593624,0.01274420855739674,0.06047769017621297,0.02238866170452427,0.005715203259343184,0.01215111390733458
W19b93dad2115da5f0001,0.02932788701199665,0.004798090969915683,0.13090817533429303,0.12564494125574413,0.071638257396056,0.02749166004186743,0.038332738717604106,0.30353319847593624,0.01274420855739674,0.06047769017621297,0.02238866170452427,0.005715203259343184,0.01215111390733458
W19b93dad2115da5f0002,0.02932788701199665,0.004798090969915683,0.13090817533429303,0.12564494125574413,0.071638257396056,0.02749166004186743,0.038332738717604106,0.30353319847593624,0.01274420855739674,0.06047769017621297,0.02238866170452427,0.005715203259343184,0.01215111390733458
W19b93dad2115da5f0003,0.02932788701199665,0.004798090969915683,0.13090817533429303,0.12564494125574413,0.071638257396056,0.02749166004186743,0.038332738717604106,0.30353319847593624,0.01274420855739674,0.06047769017621297,0.02238866170452427,0.005715203259343184,0.01215111390733458
W19b93dad2115da5f0004,0.02932788701199665,0.004798090969915683,0.13090817533429303,0.12564494125574413,0.071638257396056,0.02749166004186743,0.038332738717604106,0.30353319847593624,0.01274420855739674,0.06047769017621297,0.02238866170452427,0.005715203259343184,0.01215111390733458
W19b93dad2115da5f0005,0.02932788701199665,0.004798090969915683,0.13090817533429303,0.12564494125574413,0.071638257396056,0.02749166004186743,0.038332738717604106,0.30353319847593624,0.01274420855739674,0.06047769017621297,0.02238866170452427,0.005715203259343184,0.01215111390733458
W19b93dad2115da5f0006,0.02932788701199665,0.004798090969915683,0.13090817533429303,0.12564494125574413,0.071638257396056,0.02749166004186743,0.038332738717604106,0.30353319847593624,0.01274420855739674,0.06047769017621297,0.02238866170452427,0.005715203259343184,0.01215111390733458
W1a7eeab32d8e40880000,0.03254127009673945,0.13073478359572238,0.03944620774147128,0.04851469307841547,0.07545604801566493,0.03004612085361177,0.43154856076785303,0.040360478774867335,0.007191254677610555,0.03609380178047077,0.04608482334457234,0.015948325565160255,0.01712330485185613
W1a7eeab32d8e40880001,0.03254127009673945,0.13073478359572238,0.03944620774147128,0.04851469307841547,0.07545604801566493,0.03004612085361177,0.43154856076785303,0.040360478774867335,0.007191254677610555,0.03609380178047077,0.04608482334457234,0.015948325565160255,0.01712330485185613
W1a7eeab32d8e40880002,0.03254127009673945,0.13073478359572238,0.03944620774147128,0.04851469307841547,0.07545604801566493,0.03004612085361177,0.43154856076785303,0.040360478774867335,0.007191254677610555,0.03609380178047077,0.04608482334457234,0.015948325565160255,0.01712330485185613
W1a7eeab32d8e40880003,0.03254127009673945,0.13073478359572238,0.03944620774147128,0.04851469307841547,0.07545604801566493,0.03004612085361177,0.43154856076785303,0.040360478774867335,0.007191254677610555,0.03609380178047077,0.04608482334457234,0.015948325565160255,0.01712330485185613
W1a7eeab32d8e40880004,0.03254127009673945,0.13073478359572238,0.03944620774147128,0.04851469307841547,0.07545604801566493,0.03004612085361177,0.43154856076785303,0.040360478774867335,0.007191254677610555,0.03609380178047077,0.04608482334457234,0.015948325565160255,0.01712330485185613
W1a7eeab32d8e40880005,0.03254127009673945,0.13073478359572238,0.03944620774147128,0.04851469307841547,0.07545604801566493,0.03004612085361177,0.43154856076785303,0.040360478774867335,0.007191254677610555,0.03609380178047077,0.04608482334457234,0.015948325565160255,0.01712330485185613
W1a7eeab32d8e40880006,0.03254127009673945,0.13073478359572238,0.03944620774147128,0.04851469307841547,0.07545604801566493,0.03004612085361177,0.43154856076785303,0.040360478774867335,0.007191254677610555,0.03609380178047077,0.04608482334457234,0.015948325565160255,0.01712330485185613
W1b68e1996a189c2a0000,0.003983904655529834,0.0013804798809189018,0.008858658131086081,0.004338658095812811,0.004592047310228056,0.2947619324567027,0.0008138578181535237,0.0015338944776171989,0.0004803011804539211,0.0007657913662024833,0.000290793098340609,0.673660094895921,0.0023377567665171187
W1b68e1996a189c2a0001,0.003983904655529834,0.0013804798809189018,0.008858658131086081,0.004338658095812811,0.004592047310228056,0.2947619324567027,0.0008138578181535237,0.0015338944776171989,0.0004803011804539211,0.0007657913662024833,0.000290793098340609,0.673660094895921,0.0023377567665171187
W1b68e1996a189c2a0002,0.003983904655529834,0.0013804798809189018,0.008858658131086081,0.004338658095812811,0.004592047310228056,0.2947619324567027,0.0008138578181535237,0.0015338944776171989,0.0004803011804539211,0.0007657913662024833,0.000290793098340609,0.673660094895921,0.0023377567665171187
W1b68e1996a189c2a0003,0.003983904655529834,0.0013804798809189018,0.008858658131086081,0.004338658095812811,0.004592047310228056,0.2947619324567027,0.0008138578181535237,0.0015338944776171989,0.0004803011804539211,0.0007657913662024833,0.000290793098340609,0.673660094895921,0.0023377567665171187
W1b68e1996a189c2a0004,0.003983904655529834,0.0013804798809189018,0.008858658131086081,0.004338658095812811,0.004592047310228056,0.2947619324567027,0.0008138578181535237,0.0015338944776171989,0.0004803011804539211,0.0007657913662024833,0.000290793098340609,0.673660094895921,0.0023377567665171187
W1b68e1996a189c2a0005,0.003983904655529834,0.0013804798809189018,0.008858658131086081,0.004338658095812811,0.004592047310228056,0.2947619324567027,0.0008138578181535237,0.0015338944776171989,0.0004803011804539211,0.0007657913662024833,0.000290793098340609,0.673660094895921,0.0023377567665171187
W1b68e1996a189c2a0006,0.003983904655529834,0.0013804798809189018,0.008858658131086081,0.004338658095812811,0.004592047310228056,0.2947619324567027,0.0008138578181535237,0.0015338944776171989,0.0004803011804539211,0.0007657913662024833,0.000290793098340609,0.673660094895921,0.0023377567665171187
W1bc9d460ba90432d0000,0.016725872396239412,0.004705500990557147,0.03845304181195822,0.03200596546084626,0.05557949784713067,0.009333423974878,0.0649438989277398,0.6660656839589518,0.0019031486894049794,0.0025853717824182807,0.02110354299930685,0.0104634050374896,0.0067764125241753185
W1bc9d460ba90432d0001,0.016725872396239412,0.004705500990557147,0.03845304181195822,0.03200596546084626,0.05557949784713067,0.009333423974878,0.0649438989277398,0.6660656839589518,0.0019031486894049794,0.0025853717824182807,0.02110354299930685,0.0104634050374896,0.0067764125241753185
W1bc9d460ba90432d0002,0.016725872396239412,0.004705500990557147,0.03845304181195822,0.03200596546084626,0.05557949784713067,0.009333423974878,0.0649438989277398,0.6660656839589518,0.0019031486894049794,0.0025853717824182807,0.02110354299930685,0.0104634050374896,0.0067764125241753185
W1bc9d460ba90432d0003,0.016725872396239412,0.004705500990557147,0.03845304181195822,0.03200596546084626,0.05557949784713067,0.009333423974878,0.0649438989277398,0.6660656839589518,0.0019031486894049794,0.0025853717824182807,0.02110354299930685,0.0104634050374896,0.0067764125241753185
W1bc9d460ba90432d0004,0.016725872396239412,0.004705500990557147,0.03845304181195822,0.03200596546084626,0.05557949784713067,0.009333423974878,0.0649438989277398,0.6660656839589518,0.0019031486894049794,0.0025853717824182807,0.02110354299930685,0.0104634050374896,0.0067764125241753185
W1bc9d460ba90432d0005,0.016725872396239412,0.004705500990557147,0.03845304181195822,0.03200596546084626,0.05557949784713067,0.009333423974878,0.0649438989277398,0.6660656839589518,0.0019031486894049794,0.0025853717824182807,0.02110354299930685,0.0104634050374896,0.0067764125241753185
W1bc9d460ba90432d0006,0.016725872396239412,0.004705500990557147,0.03845304181195822,0.03200596546084626,0.05557949784713067,0.009333423974878,0.0649438989277398,0.6660656839589518,0.0019031486894049794,0.0025853717824182807,0.02110354299930685,0.0104634050374896,0.0067764125241753185
W1c9fd97fe8e874400000,0.0003296213241192231,1.7249561396466326e-05,0.000883949159970032,2.2136524273610066e-05,9.138697629897009e-05,0.02750301696004557,3.482721953302307e-05,0.00018727724523927048,4.425496582581656e-06,8.586111808233293e-06,1.754949805126878e-05,0.9601732257321686,0.010617047423397703
W1c9fd97fe8e874400001,0.0003296213241192231,1.7249561396466326e-05,0.000883949159970032,2.2136524273610066e-05,9.138697629897009e-05,0.02750301696004557,3.482721953302307e-05,0.00018727724523927048,4.425496582581656e-06,8.586111808233293e-06,1.754949805126878e-05,0.9601732257321686,0.010617047423397703
W1c9fd97fe8e874400002,0.0003296213241192231,1.7249561396466326e-05,0.000883949159970032,2.2136524273610066e-05,9.138697629897009e-05,0.02750301696004557,3.482721953302307e-05,0.00018727724523927048,4.425496582581656e-06,8.586111808233293e-06,1.754949805126878e-05,0.9601732257321686,0.010617047423397703
W1c9fd97fe8e874400003,0.0003296213241192231,1.7249561396466326e-05,0.000883949159970032,2.2136524273610066e-05,9.138697629897009e-05,0.02750301696004557,3.482721953302307e-05,0.00018727724523927048,4.425496582581656e-06,8.586111808233293e-06,1.754949805126878e-05,0.9601732257321686,0.010617047423397703
W1c9fd97fe8e874400004,0.0003296213241192231,1.7249561396466326e-05,0.000883949159970032,2.2136524273610066e-05,9.138697629897009e-05,0.02750301696004557,3.482721953302307e-05,0.00018727724523927048,4.425496582581656e-06,8.586111808233293e-06,1.754949805126878e-05,0.9601732257321686,0.010617047423397703
W1c9fd97fe8e874400005,0.0003296213241192231,1.7249561396466326e-05,0.000883949159970032,2.2136524273610066e-05,9.138697629897009e-05,0.02750301696004557,3.482721953302307e-05,0.00018727724523927048,4.425496582581656e-06,8.586111808233293e-06,1.754949805126878e-05,0.9601732257321686,0.010617047423397703
W1c9fd97fe8e874400006,0.0003296213241192231,1.7249561396466326e-05,0.000883949159970032,2.2136524273610066e-05,9.138697629897009e-05,0.02750301696004557,3.482721953302307e-05,0.00018727724523927048,4.425496582581656e-06,8.586111808233293e-06,1.754949805126878e-05,0.9601732257321686,0.010617047423397703
W1e2f5351ccb6cc030000,0.0018862441938507762,0.0007327535490752922,0.005630579740731809,0.0035329890758413426,0.006898113659598358,0.7884113324208455,0.001975777571262897,0.0006623755034634639,0.0011096051114989518,0.0009155551649083478,3.575355885599222e-05,0.1839174285625769,0.003176630790623706
W1e2f5351ccb6cc030001,0.0018862441938507762,0.0007327535490752922,0.005630579740731809,0.0035329890758413426,0.006898113659598358,0.7884113324208455,0.001975777571262897,0.0006623755034634639,0.0011096051114989518,0.0009155551649083478,3.575355885599222e-05,0.1839174285625769,0.003176630790623706
W1e2f5351ccb6cc030002,0.0018862441938507762,0.0007327535490752922,0.005630579740731809,0.0035329890758413426,0.006898113659598358,0.7884113324208455,0.001975777571262897,0.0006623755034634639,0.0011096051114989518,0.0009155551649083478,3.575355885599222e-05,0.1839174285625769,0.003176630790623706
W1e2f5351ccb6cc030003,0.0018862441938507762,0.0007327535490752922,0.005630579740731809,0.0035329890758413426,0.006898113659598358,0.7884113324208455,0.001975777571262897,0.0006623755034634639,0.0011096051114989518,0.0009155551649083478,3.575355885599222e-05,0.1839174285625769,0.003176630790623706
W1e2f5351ccb6cc030004,0.0018862441938507762,0.0007327535490752922,0.005630579740731809,0.0035329890758413426,0.006898113659598358,0.7884113324208455,0.001975777571262897,0.0006623755034634639,0.0011096051114989518,0.0009155551649083478,3.575355885599222e-05,0.1839174285625769,0.003176630790623706
W1e2f5351ccb6cc030005,0.0018862441938507762,0.0007327535490752922,0.005630579740731809,0.0035329890758413426,0.006898113659598358,0.7884113324208455,0.001975777571262897,0.0006623755034634639,0.0011096051114989518,0.0009155551649083478,3.575355885599222e-05,0.1839174285625769,0.003176630790623706
W1e2f5351ccb6cc030006,0.0018862441938507762,0.0007327535490752922,0.005630579740731809,0.0035329890758413426,0.006898113659598358,0.7884113324208455,0.001975777571262897,0.0006623755034634639,0.0011096051114989518,0.0009155551649083478,3.575355885599222e-05,0.1839174285625769,0.003176630790623706
W1e83f9c972bd3f8c0000,0.001002402403167805,7.610446566324386e-05,0.030626844949801228,0.005816529029088958,0.004481864655749241,0.7302632407791192,0.010374589738069272,7.941345909952095e-05,0.0002966127770141602,0.0004547319200798598,0.00010908600397647237,0.21318651639048591,0.001426397082885873
W1e83f9c972bd3f8c0001,0.001002402403167805,7.610446566324386e-05,0.030626844949801228,0.005816529029088958,0.004481864655749241,0.7302632407791192,0.010374589738069272,7.941345909952095e-05,0.0002966127770141602,0.0004547319200798598,0.00010908600397647237,0.21318651639048591,0.001426397082885873
W1e83f9c972bd3f8c0002,0.001002402403167805,7.610446566324386e-05,0.030626844949801228,0.005816529029088958,0.004481864655749241,0.7302632407791192,0.010374589738069272,7.941345909952095e-05,0.0002966127770141602,0.0004547319200798598,0.00010908600397647237,0.21318651639048591,0.001426397082885873
W1e83f9c972bd3f8c0003,0.001002402403167805,7.610446566324386e-05,0.030626844949801228,0.005816529029088958,0.004481864655749241,0.7302632407791192,0.010374589738069272,7.941345909952095e-05,0.0002966127770141602,0.0004547319200798598,0.00010908600397647237,0.21318651639048591,0.001426397082885873
W1e83f9c972bd3f8c0004,0.001002402403167805,7.610446566324386e-05,0.030626844949801228,0.005816529029088958,0.004481864655749241,0.7302632407791192,0.010374589738069272,7.941345909952095e-05,0.0002966127770141602,0.0004547319200798598,0.00010908600397647237,0.21318651639048591,0.001426397082885873
W1e83f9c972bd3f8c0005,0.001002402403167805,7.610446566324386e-05,0.030626844949801228,0.005816529029088958,0.004481864655749241,0.7302632407791192,0.010374589738069272,7.941345909952095e-05,0.0002966127770141602,0.0004547319200798598,0.00010908600397647237,0.21318651639048591,0.001426397082885873
W1e83f9c972bd3f8c0006,0.001002402403167805,7.610446566324386e-05,0.030626844949801228,0.005816529029088958,0.004481864655749241,0.7302632407791192,0.010374589738069272,7.941345909952095e-05,0.0002966127770141602,0.0004547319200798598,0.00010908600397647237,0.21318651639048591,0.001426397082885873
W1f1289746d5fbec80000,0.00409241059394576,4.0198406573304256e-05,0.04889285756176123,0.052849021935747365,0.15838636881032622,0.029637515343617336,0.049485200402232275,0.6077418995892494,0.0024701144786168317,0.004345822734609336,0.0020297790610935736,0.015655236006313324,0.011387116163298601
W1f1289746d5fbec80001,0.00409241059394576,4.0198406573304256e-05,0.04889285756176123,0.052849021935747365,0.15838636881032622,0.029637515343617336,0.049485200402232275,0.6077418995892494,0.0024701144786168317,0.004345822734609336,0.0020297790610935736,0.015655236006313324,0.011387116163298601
W1f1289746d5fbec80002,0.00409241059394576,4.0198406573304256e-05,0.04889285756176123,0.052849021935747365,0.15838636881032622,0.029637515343617336,0.049485200402232275,0.6077418995892494,0.0024701144786168317,0.004345822734609336,0.0020297790610935736,0.015655236006313324,0.011387116163298601
W1f1289746d5fbec80003,0.00409241059394576,4.0198406573304256e-05,0.04889285756176123,0.052849021935747365,0.15838636881032622,0.029637515343617336,0.049485200402232275,0.6077418995892494,0.0024701144786168317,0.004345822734609336,0.0020297790610935736,0.015655236006313324,0.011387116163298601
W1f1289746d5fbec80004,0.00409241059394576,4.0198406573304256e-05,0.04889285756176123,0.052849021935747365,0.15838636881032622,0.029637515343617336,0.049485200402232275,0.6077418995892494,0.0024701144786168317,0.004345822734609336,0.0020297790610935736,0.015655236006313324,0.011387116163298601
W1f1289746d5fbec80005,0.00409241059394576,4.0198406573304256e-05,0.04889285756176123,0.052849021935747365,0.15838636881032622,0.029637515343617336,0.049485200402232275,0.6077418995892494,0.0024701144786168317,0.004345822734609336,0.0020297790610935736,0.015655236006313324,0.011387116163298601
W1f1289746d5fbec80006,0.00409241059394576,4.0198406573304256e-05,0.04889285756176123,0.052849021935747365,0.15838636881032622,0.029637515343617336,0.049485200402232275,0.6077418995892494,0.0024701144786168317,0.004345822734609336,0.0020297790610935736,0.015655236006313324,0.011387116163298601
W20f15f3c9efb048b0000,0.16896764426930744,0.011281103905866141,0.020960591796409873,0.02554038439476572,0.043757717244413734,0.03439013270322286,0.020608251439815272,0.04579523140316535,0.01920765530712031,0.2167759414954758,0.008051622076447832,0.2866759952259928,0.026910214598231466
W20f15f3c9efb048b0001,0.16896764426930744,0.011281103905866141,0.020960591796409873,0.02554038439476572,0.043757717244413734,0.03439013270322286,0.020608251439815272,0.04579523140316535,0.01920765530712031,0.2167759414954758,0.008051622076447832,0.2866759952259928,0.026910214598231466
W20f15f3c9efb048b0002,0.16896764426930744,0.011281103905866141,0.020960591796409873,0.02554038439476572,0.043757717244413734,0.03439013270322286,0.020608251439815272,0.04579523140316535,0.01920765530712031,0.2167759414954758,0.008051622076447832,0.2866759952259928,0.026910214598231466
W20f15f3c9efb048b0003,0.16896764426930744,0.011281103905866141,0.020960591796409873,0.02554038439476572,0.043757717244413734,0.03439013270322286,0.020608251439815272,0.04579523140316535,0.01920765530712031,0.2167759414954758,0.008051622076447832,0.2866759952259928,0.026910214598231466
W20f15f3c9efb048b0004,0.16896764426930744,0.011281103905866141,0.020960591796409873,0.02554038439476572,0.043757717244413734,0.03439013270322286,0.020608251439815272,0.04579523140316535,0.01920765530712031,0.2167759414954758,0.008051622076447832,0.2866759952259928,0.026910214598231466
W20f15f3c9efb048b0005,0.16896764426930744,0.011281103905866141,0.020960591796409873,0.02554038439476572,0.043757717244413734,0.03439013270322286,0.020608251439815272,0.04579523140316535,0.01920765530712031,0.2167759414954758,0.008051622076447832,0.2866759952259928,0.026910214598231466
W20f15f3c9efb048b0006,0.16896764426930744,0.011281103905866141,0.020960591796409873,0.02554038439476572,0.043757717244413734,0.03439013270322286,0.020608251439815272,0.04579523140316535,0.01920765530712031,0.2167759414954758,0.008051622076447832,0.2866759952259928,0.026910214598231466
W227eda14227e98e70000,0.00943037428546824,0.0006784957787595289,0.0397111868387437,0.03377876042576474,0.015286412433046102,0.0056959043918342915,0.030019378078797402,0.02679614342628085,0.025207758648680422,0.022571918490693097,0.029249674323756,0.001530131975029538,0.04401622909758096
W227eda14227e98e70001,0.00943037428546824,0.0006784957787595289,0.0397111868387437,0.03377876042576474,0.015286412433046102,0.0056959043918342915,0.030019378078797402,0.02679614342628085,0.025207758648680422,0.022571918490693097,0.029249674323756,0.001530131975029538,0.04401622909758096
W227eda14227e98e70002,0.00943037428546824,0.0006784957787595289,0.0397111868387437,0.03377876042576474,0.015286412433046102,0.0056959043918342915,0.030019378078797402,0.02679614342628085,0.025207758648680422,0.022571918490693097,0.029249674323756,0.001530131975029538,0.04401622909758096
W227eda14227e98e70003,0.00943037428546824,0.0006784957787595289,0.0397111868387437,0.03377876042576474,0.015286412433046102,0.0056959043918342915,0.030019378078797402,0.02679614342628085,0.025207758648680422,0.022571918490693097,0.029249674323756,0.001530131975029538,0.04401622909758096
W227eda14227e98e70004,0.00943037428546824,0.0006784957787595289,0.0397111868387437,0.03377876042576474,0.015286412433046102,0.0056959043918342915,0.030019378078797402,0.02679614342628085,0.025207758648680422,0.022571918490693097,0.029249674323756,0.001530131975029538,0.04401622909758096
W227eda14227e98e70005,0.00943037428546824,0.0006784957787595289,0.0397111868387437,0.03377876042576474,0.015286412433046102,0.0056959043918342915,0.030019378078797402,0.02679614342628085,0.025207758648680422,0.022571918490693097,0.029249674323756,0.001530131975029538,0.04401622909758096
W227eda14227e98e70006,0.00943037428546824,0.0006784957787595289,0.0397111868387437,0.03377876042576474,0.015286412433046102,0.0056959043918342915,0.030019378078797402,0.02679614342628085,0.025207758648680422,0.022571918490693097,0.029249674323756,0.001530131975029538,0.04401622909758096
W241e39bc4686316f0000,0.010134534940094893,0.00033004536467143736,0.2744409801303475,0.1626066110909924,0.03597065364621075,0.3753500022608466,0.050554181443712265,0.0013629016727708825,0.004935763461884155,0.006068098917149004,0.003119436858536176,0.06523906712770543,0.000820940557392819
W241e39bc4686316f0001,0.010134534940094893,0.00033004536467143736,0.2744409801303475,0.1626066110909924,0.03597065364621075,0.3753500022608466,0.050554181443712265,0.0013629016727708825,0.004935763461884155,0.006068098917149004,0.003119436858536176,0.06523906712770543,0.000820940557392819
W241e39bc4686316f0002,0.010134534940094893,0.00033004536467143736,0.2744409801303475,0.1626066110909924,0.03597065364621075,0.3753500022608466,0.050554181443712265,0.0013629016727708825,0.004935763461884155,0.006068098917149004,0.003119436858536176,0.06523906712770543,0.000820940557392819
W241e39bc4686316f0003,0.010134534940094893,0.00033004536467143736,0.2744409801303475,0.1626066110909924,0.03597065364621075,0.3753500022608466,0.050554181443712265,0.0013629016727708825,0.004935763461884155,0.006068098917149004,0.003119436858536176,0.06523906712770543,0.000820940557392819
W241e39bc4686316f0004,0.010134534940094893,0.00033004536467143736,0.2744409801303475,0.1626066110909924,0.03597065364621075,0.3753500022608466,0.050554181443712265,0.0013629016727708825,0.004935763461884155,0.006068098917149004,0.003119436858536176,0.06523906712770543,0.000820940557392819
W241e39bc4686316f0005,0.010134534940094893,0.00033004536467143736,0.2744409801303475,0.1626066110909924,0.03597065364621075,0.3753500022608466,0.050554181443712265,0.0013629016727708825,0.004935763461884155,0.006068098917149004,0.003119436858536176,0.06523906712770543,0.000820940557392819
W241e39bc4686316f0006,0.010134534940094893,0.00033004536467143736,0.2744409801303475,0.1626066110909924,0.03597065364621075,0.3753500022608466,0.050554181443712265,0.0013629016727708825,0.004935763461884155,0.006068098917149004,0.003119436858536176,0.06523906712770543,0.000820940557392819
W24630876331b3bec0000,0.0077999860489824414,0.7118300190477919,0.03135578526902955,0.01622493306114004,0.039685802215050726,0.0131304177316903,0.05037451316249548,0.012242475032836401,0.004280168910778959,0.015162815149530585,0.04751426479425532,0.004453088289351778,0.009612346611145602
W24630876331b3bec0001,0.0077999860489824414,0.7118300190477919,0.03135578526902955,0.01622493306114004,0.039685802215050726,0.0131304177316903,0.05037451316249548,0.012242475032836401,0.004280168910778959,0.015162815149530585,0.04751426479425532,0.004453088289351778,0.009612346611145602
W24630876331b3bec0002,0.0077999860489824414,0.7118300190477919,0.03135578526902955,0.01622493306114004,0.039685802215050726,0.0131304177316903,0.05037451316249548,0.012242475032836401,0.004280168910778959,0.015162815149530585,0.04751426479425532,0.004453088289351778,0.009612346611145602
W24630876331b3bec0003,0.0077999860489824414,0.7118300190477919,0.03135578526902955,0.01622493306114004,0.039685802215050726,0.0131304177316903,0.05037451316249548,0.012242475032836401,0.004280168910778959,0.015162815149530585,0.04751426479425532,0.004453088289351778,0.009612346611145602
W24630876331b3bec0004,0.0077999860489824414,0.7118300190477919,0.03135578526902955,0.01622493306114004,0.039685802215050726,0.0131304177316903,0.05037451316249548,0.012242475032836401,0.004280168910778959,0.015162815149530585,0.04751426479425532,0.004453088289351778,0.009612346611145602
W24630876331b3bec0005,0.0077999860489824414,0.7118300190477919,0.03135578526902955,0.01622493306114004,0.039685802215050726,0.0131304177316903,0.05037451316249548,0.012242475032836401,0.004280168910778959,0.015162815149530585,0.04751426479425532,0.004453088289351778,0.009612346611145602
W24630876331b3bec0006,0.0077999860489824414,0.7118300190477919,0.03135578526902955,0.01622493306114004,0.039685802215050726,0.0131304177316903,0.05037451316249548,0.012242475032836401,0.004280168910778959,0.015162815149530585,0.04751426479425532,0.004453088289351778,0.009612346611145602
W24b085596f0cbfd20000,0.00014927270492916996,4.7385194888410844e-05,0.001417784119983638,4.309809968142785e-05,4.9415921216494296e-05,0.028387622832670677,6.522918002488438e-06,0.0001929441286928348,6.074451466913768e-06,4.585485063550276e-06,5.894764700640995e-06,0.9576758124033752,0.011993003792676836
W24b085596f0cbfd20001,0.00014927270492916996,4.7385194888410844e-05,0.001417784119983638,4.309809968142785e-05,4.9415921216494296e-05,0.028387622832670677,6.522918002488438e-06,0.0001929441286928348,6.074451466913768e-06,4.585485063550276e-06,5.894764700640995e-06,0.9576758124033752,0.011993003792676836
W24b085596f0cbfd20002,0.00014927270492916996,4.7385194888410844e-05,0.001417784119983638,4.309809968142785e-05,4.9415921216494296e-05,0.028387622832670677,6.522918002488438e-06,0.0001929441286928348,6.074451466913768e-06,4.585485063550276e-06,5.894764700640995e-06,0.9576758124033752,0.011993003792676836
W24b085596f0cbfd20003,0.00014927270492916996,4.7385194888410844e-05,0.001417784119983638,4.309809968142785e-05,4.9415921216494296e-05,0.028387622832670677,6.522918002488438e-06,0.0001929441286928348,6.074451466913768e-06,4.585485063550276e-06,5.894764700640995e-06,0.9576758124033752,0.011993003792676836
W24b085596f0cbfd20004,0.00014927270492916996,4.7385194888410844e-05,0.001417784119983638,4.309809968142785e-05,4.9415921216494296e-05,0.028387622832670677,6.522918002488438e-06,0.0001929441286928348,6.074451466913768e-06,4.585485063550276e-06,5.894764700640995e-06,0.9576758124033752,0.011993003792676836
W24b085596f0cbfd20005,0.00014927270492916996,4.7385194888410844e-05,0.001417784119983638,4.309809968142785e-05,4.9415921216494296e-05,0.028387622832670677,6.522918002488438e-06,0.0001929441286928348,6.074451466913768e-06,4.585485063550276e-06,5.894764700640995e-06,0.9576758124033752,0.011993003792676836
W24b085596f0cbfd20006,0.00014927270492916996,4.7385194888410844e-05,0.001417784119983638,4.309809968142785e-05,4.9415921216494296e-05,0.028387622832670677,6.522918002488438e-06,0.0001929441286928348,6.074451466913768e-06,4.585485063550276e-06,5.894764700640995e-06,0.9576758124033752,0.011993003792676836
W254694347e7baa8f0000,0.012736129940757186,0.0018351070590699927,0.07433310848359441,0.20827403647279688,0.18261091408312188,0.06350815914206645,0.01915210683433071,0.04970781005972912,0.006196662144724419,0.2475710669707894,0.021631108396016528,0.01972107790095253,0.018703325813917038
W254694347e7baa8f0001,0.012736129940757186,0.0018351070590699927,0.07433310848359441,0.20827403647279688,0.18261091408312188,0.06350815914206645,0.01915210683433071,0.04970781005972912,0.006196662144724419,0.2475710669707894,0.021631108396016528,0.01972107790095253,0.018703325813917038
W254694347e7baa8f0002,0.012736129940757186,0.0018351070590699927,0.07433310848359441,0.20827403647279688,0.18261091408312188,0.06350815914206645,0.01915210683433071,0.04970781005972912,0.006196662144724419,0.2475710669707894,0.021631108396016528,0.01972107790095253,0.018703325813917038
W254694347e7baa8f0003,0.012736129940757186,0.0018351070590699927,0.07433310848359441,0.20827403647279688,0.18261091408312188,0.06350815914206645,0.01915210683433071,0.04970781005972912,0.006196662144724419,0.2475710669707894,0.021631108396016528,0.01972107790095253,0.018703325813917038
W254694347e7baa8f0004,0.012736129940757186,0.0018351070590699927,0.07433310848359441,0.20827403647279688,0.18261091408312188,0.06350815914206645,0.01915210683433071,0.04970781005972912,0.006196662144724419,0.2475710669707894,0.021631108396016528,0.01972107790095253,0.018703325813917038
W254694347e7baa8f0005,0.012736129940757186,0.0018351070590699927,0.07433310848359441,0.20827403647279688,0.18261091408312188,0.06350815914206645,0.01915210683433071,0.04970781005972912,0.006196662144724419,0.2475710669707894,0.021631108396016528,0.01972107790095253,0.018703325813917038
W254694347e7baa8f0006,0.012736129940757186,0.0018351070590699927,0.07433310848359441,0.20827403647279688,0.18261091408312188,0.06350815914206645,0.01915210683433071,0.04970781005972912,0.006196662144724419,0.2475710669707894,0.021631108396016528,0.01972107790095253,0.018703325813917038
W26c33f39ec486dc40000,0.003532968658944215,0.0012865521546112473,0.017877871115250386,0.01989256010001295,0.0059768167790674185,0.002739755468207407,0.018310063557022953,0.06077073973446883,0.3973736169542409,0.010652635471386122,0.12770479375658192,0.00786075153070788,0.012767569540495958
W26c33f39ec486dc40001,0.003532968658944215,0.0012865521546112473,0.017877871115250386,0.01989256010001295,0.0059768167790674185,0.002739755468207407,0.018310063557022953,0.06077073973446883,0.3973736169542409,0.010652635471386122,0.12770479375658192,0.00786075153070788,0.012767569540495958
W26c33f39ec486dc40002,0.003532968658944215,0.0012865521546112473,0.017877871115250386,0.01989256010001295,0.0059768167790674185,0.002739755468207407,0.018310063557022953,0.06077073973446883,0.3973736169542409,0.010652635471386122,0.12770479375658192,0.00786075153070788,0.012767569540495958
W26c33f39ec486dc40003,0.003532968658944215,0.0012865521546112473,0.017877871115250386,0.01989256010001295,0.0059768167790674185,0.002739755468207407,0.018310063557022953,0.06077073973446883,0.3973736169542409,0.010652635471386122,0.12770479375658192,0.00786075153070788,0.012767569540495958
W26c33f39ec486dc40004,0.003532968658944215,0.0012865521546112473,0.017877871115250386,0.01989256010001295,0.0059768167790674185,0.002739755468207407,0.018310063557022953,0.06077073973446883,0.3973736169542409,0.010652635471386122,0.12770479375658192,0.00786075153070788,0.012767569540495958
W26c33f39ec486dc40005,0.003532968658944215,0.0012865521546112473,0.017877871115250386,0.01989256010001295,0.0059768167790674185,0.002739755468207407,0.018310063557022953,0.06077073973446883,0.3973736169542409,0.010652635471386122,0.12770479375658192,0.00786075153070788,0.012767569540495958
W26c33f39ec486dc40006,0.003532968658944215,0.0012865521546112473,0.017877871115250386,0.01989256010001295,0.0059768167790674185,0.002739755468207407,0.018310063557022953,0.06077073973446883,0.3973736169542409,0.010652635471386122,0.12770479375658192,0.00786075153070788,0.012767569540495958
W2b547b8884802d090000,0.061179770078052684,0.0018866973736463442,0.21602206092700404,0.22159799202440986,0.12529731405117092,0.028713861409210478,0.015930993784827478,0.20915552957041286,0.007995268611447434,0.020573919611621427,0.008891188619694868,0.027721060211196125,0.014198620518831301
W2b547b8884802d090001,0.061179770078052684,0.0018866973736463442,0.21602206092700404,0.22159799202440986,0.12529731405117092,0.028713861409210478,0.015930993784827478,0.20915552957041286,0.007995268611447434,0.020573919611621427,0.008891188619694868,0.027721060211196125,0.014198620518831301
W2b547b8884802d090002,0.061179770078052684,0.0018866973736463442,0.21602206092700404,0.22159799202440986,0.12529731405117092,0.028713861409210478,0.015930993784827478,0.20915552957041286,0.007995268611447434,0.020573919611621427,0.008891188619694868,0.027721060211196125,0.014198620518831301
W2b547b8884802d090003,0.061179770078052684,0.0018866973736463442,0.21602206092700404,0.22159799202440986,0.12529731405117092,0.028713861409210478,0.015930993784827478,0.20915552957041286,0.007995268611447434,0.020573919611621427,0.008891188619694868,0.027721060211196125,0.014198620518831301
W2b547b8884802d090004,0.061179770078052684,0.0018866973736463442,0.21602206092700404,0.22159799202440986,0.12529731405117092,0.028713861409210478,0.015930993784827478,0.20915552957041286,0.007995268611447434,0.020573919611621427,0.008891188619694868,0.027721060211196125,0.014198620518831301
W2b547b8884802d090005,0.061179770078052684,0.0018866973736463442,0.21602206092700404,0.22159799202440986,0.12529731405117092,0.028713861409210478,0.015930993784827478,0.20915552957041286,0.007995268611447434,0.020573919611621427,0.008891188619694868,0.027721060211196125,0.014198620518831301
W2b547b8884802d090006,0.061179770078052684,0.0018866973736463442,0.21602206092700404,0.22159799202440986,0.12529731405117092,0.028713861409210478,0.015930993784827478,0.20915552957041286,0.007995268611447434,0.020573919611621427,0.008891188619694868,0.027721060211196125,0.014198620518831301
W2b76a98b5fdc112c0000,0.008078066777448186,0.9387217986968536,0.007006425166711285,0.004043835364011602,0.004832715083450993,0.0009706469262686187,0.012044377331511029,0.001504447053880831,0.0007792574738794409,0.001512246831121372,0.006140278569956538,0.005538136889348503,0.0020248698256158017
W2b76a98b5fdc112c0001,0.008078066777448186,0.9387217986968536,0.007006425166711285,0.004043835364011602,0.004832715083450993,0.0009706469262686187,0.012044377331511029,0.001504447053880831,0.0007792574738794409,0.001512246831121372,0.006140278569956538,0.005538136889348503,0.0020248698256158017
W2b76a98b5fdc112c0002,0.008078066777448186,0.9387217986968536,0.007006425166711285,0.004043835364011602,0.004832715083450993,0.0009706469262686187,0.012044377331511029,0.001504447053880831,0.0007792574738794409,0.001512246831121372,0.006140278569956538,0.005538136889348503,0.0020248698256158017
W2b76a98b5fdc112c0003,0.008078066777448186,0.9387217986968536,0.007006425166711285,0.004043835364011602,0.004832715083450993,0.0009706469262686187,0.012044377331511029,0.001504447053880831,0.0007792574738794409,0.001512246831121372,0.006140278569956538,0.005538136889348503,0.0020248698256158017
W2b76a98b5fdc112c0004,0.008078066777448186,0.9387217986968536,0.007006425166711285,0.004043835364011602,0.004832715083450993,0.0009706469262686187,0.012044377331511029,0.001504447053880831,0.0007792574738794409,0.001512246831121372,0.006140278569956538,0.005538136889348503,0.0020248698256158017
W2b76a98b5fdc112c0005,0.008078066777448186,0.9387217986968536,0.007006425166711285,0.004043835364011602,0.004832715083450993,0.0009706469262686187,0.012044377331511029,0.001504447053880831,0.0007792574738794409,0.001512246831121372,0.006140278569956538,0.005538136889348503,0.0020248698256158017
W2b76a98b5fdc112c0006,0.008078066777448186,0.9387217986968536,0.007006425166711285,0.004043835364011602,0.004832715083450993,0.0009706469262686187,0.012044377331511029,0.001504447053880831,0.0007792574738794409,0.001512246831121372,0.006140278569956538,0.005538136889348503,0.0020248698256158017
W2c589b5392085eab0000,0.015468656848507623,0.006288909224619011,0.08834280336159245,0.14906819597203952,0.16238112572451435,0.45027739405249634,0.02134448745700268,0.009614159505473098,0.0006632379301707085,0.0044133819380377725,0.004806914307014312,0.07333739486205815,0.0036918280139461466
W2c589b5392085eab0001,0.015468656848507623,0.006288909224619011,0.08834280336159245,0.14906819597203952,0.16238112572451435,0.45027739405249634,0.02134448745700268,0.009614159505473098,0.0006632379301707085,0.0044133819380377725,0.004806914307014312,0.07333739486205815,0.0036918280139461466
W2c589b5392085eab0002,0.015468656848507623,0.006288909224619011,0.08834280336159245,0.14906819597203952,0.16238112572451435,0.45027739405249634,0.02134448745700268,0.009614159505473098,0.0006632379301707085,0.0044133819380377725,0.004806914307014312,0.07333739486205815,0.0036918280139461466
W2c589b5392085eab0003,0.015468656848507623,0.006288909224619011,0.08834280336159245,0.14906819597203952,0.16238112572451435,0.45027739405249634,0.02134448745700268,0.009614159505473098,0.0006632379301707085,0.0044133819380377725,0.004806914307014312,0.07333739486205815,0.0036918280139461466
W2c589b5392085eab0004,0.015468656848507623,0.006288909224619011,0.08834280336159245,0.14906819597203952,0.16238112572451435,0.45027739405249634,0.02134448745700268,0.009614159505473098,0.0006632379301707085,0.0044133819380377725,0.004806914307014312,0.07333739486205815,0.0036918280139461466
W2c589b5392085eab0005,0.015468656848507623,0.006288909224619011,0.08834280336159245,0.14906819597203952,0.16238112572451435,0.45027739405249634,0.02134448745700268,0.009614159505473098,0.0006632379301707085,0.0044133819380377725,0.004806914307014312,0.07333739486205815,0.0036918280139461466
W2c589b5392085eab0006,0.015468656848507623,0.006288909224619011,0.08834280336159245,0.14906819597203952,0.16238112572451435,0.45027739405249634,0.02134448745700268,0.009614159505473098,0.0006632379301707085,0.0044133819380377725,0.004806914307014312,0.07333739486205815,0.0036918280139461466
W2ceaaf5d76ae865f0000,0.005609870483030035,0.00013873699020939512,0.5972697350880735,0.0785898949010453,0.05081996568316939,0.15870286587358043,0.03021197498475141,0.0013311050713392355,0.0021738008283333533,0.00474739454496402,0.0016036068140385764,0.05723993920084614,0.004409486243704562
W2ceaaf5d76ae865f0001,0.005609870483030035,0.00013873699020939512,0.5972697350880735,0.0785898949010453,0.05081996568316939,0.15870286587358043,0.03021197498475141,0.0013311050713392355,0.0021738008283333533,0.00474739454496402,0.0016036068140385764,0.05723993920084614,0.004409486243704562
W2ceaaf5d76ae865f0002,0.005609870483030035,0.00013873699020939512,0.5972697350880735,0.0785898949010453,0.05081996568316939,0.15870286587358043,0.03021197498475141,0.0013311050713392355,0.0021738008283333533,0.00474739454496402,0.0016036068140385764,0.05723993920084614,0.004409486243704562
W2ceaaf5d76ae865f0003,0.005609870483030035,0.00013873699020939512,0.5972697350880735,0.0785898949010453,0.05081996568316939,0.15870286587358043,0.03021197498475141,0.0013311050713392355,0.0021738008283333533,0.00474739454496402,0.0016036068140385764,0.05723993920084614,0.004409486243704562
W2ceaaf5d76ae865f0004,0.005609870483030035,0.00013873699020939512,0.5972697350880735,0.0785898949010453,0.05081996568316939,0.15870286587358043,0.03021197498475141,0.0013311050713392355,0.0021738008283333533,0.00474739454496402,0.0016036068140385764,0.05723993920084614,0.004409486243704562
W2ceaaf5d76ae865f0005,0.005609870483030035,0.00013873699020939512,0.5972697350880735,0.0785898949010453,0.05081996568316939,0.15870286587358043,0.03021197498475141,0.0013311050713392355,0.0021738008283333533,0.00474739454496402,0.0016036068140385764,0.05723993920084614,0.004409486243704562
W2ceaaf5d76ae865f0006,0.005609870483030035,0.00013873699020939512,0.5972697350880735,0.0785898949010453,0.05081996568316939,0.15870286587358043,0.03021197498475141,0.0013311050713392355,0.0021738008283333533,0.00474739454496402,0.0016036068140385764,0.05723993920084614,0.004409486243704562
W2d862e29ffe711480000,0.0047443717325810625,0.001996770594461532,0.07400400204302146,0.009334874438121142,0.017641559064477248,0.010157603223479538,0.010434328914130831,0.05707216680082276,0.016297556512408776,0.6865577107783826,0.04005819942432369,0.0026877681760438315,0.022284530626410674
W2d862e29ffe711480001,0.0047443717325810625,0.001996770594461532,0.07400400204302146,0.009334874438121142,0.017641559064477248,0.010157603223479538,0.010434328914130831,0.05707216680082276,0.016297556512408776,0.6865577107783826,0.04005819942432369,0.0026877681760438315,0.022284530626410674
W2d862e29ffe711480002,0.0047443717325810625,0.001996770594461532,0.07400400204302146,0.009334874438121142,0.017641559064477248,0.010157603223479538,0.010434328914130831,0.05707216680082276,0.016297556512408776,0.6865577107783826,0.04005819942432369,0.0026877681760438315,0.022284530626410674
W2d862e29ffe711480003,0.0047443717325810625,0.001996770594461532,0.07400400204302146,0.009334874438121142,0.017641559064477248,0.010157603223479538,0.010434328914130831,0.05707216680082276,0.016297556512408776,0.6865577107783826,0.04005819942432369,0.0026877681760438315,0.022284530626410674
W2d862e29ffe711480004,0.0047443717325810625,0.001996770594461532,0.07400400204302146,0.009334874438121142,0.017641559064477248,0.010157603223479538,0.010434328914130831,0.05707216680082276,0.016297556512408776,0.6865577107783826,0.04005819942432369,0.0026877681760438315,0.022284530626410674
W2d862e29ffe711480005,0.0047443717325810625,0.001996770594461532,0.07400400204302146,0.009334874438121142,0.017641559064477248,0.010157603223479538,0.010434328914130831,0.05707216680082276,0.016297556512408776,0.6865577107783826,0.04005819942432369,0.0026877681760438315,0.022284530626410674
W2d862e29ffe711480006,0.0047443717325810625,0.001996770594461532,0.07400400204302146,0.009334874438121142,0.017641559064477248,0.010157603223479538,0.010434328914130831,0.05707216680082276,0.016297556512408776,0.6865577107783826,0.04005819942432369,0.0026877681760438315,0.022284530626410674
W2efa997a9b7c98ee0000,0.0027814610130181034,0.0293432233371005,0.11276589467771665,0.013491602015712019,0.020872466589259366,0.006204168034847733,0.012984043793553269,0.04220796755340078,0.010688142631865866,0.6224366790538514,0.040489219928579664,0.00020224058976081718,0.04945425789535948
W2efa997a9b7c98ee0001,0.0027814610130181034,0.0293432233371005,0.11276589467771665,0.013491602015712019,0.020872466589259366,0.006204168034847733,0.012984043793553269,0.04220796755340078,0.010688142631865866,0.6224366790538514,0.040489219928579664,0.00020224058976081718,0.04945425789535948
W2efa997a9b7c98ee0002,0.0027814610130181034,0.0293432233371005,0.11276589467771665,0.013491602015712019,0.020872466589259366,0.006204168034847733,0.012984043793553269,0.04220796755340078,0.010688142631865866,0.6224366790538514,0.040489219928579664,0.00020224058976081718,0.04945425789535948
W2efa997a9b7c98ee0003,0.0027814610130181034,0.0293432233371005,0.11276589467771665,0.013491602015712019,0.020872466589259366,0.006204168034847733,0.012984043793553269,0.04220796755340078,0.010688142631865866,0.6224366790538514,0.040489219928579664,0.00020224058976081718,0.04945425789535948
W2efa997a9b7c98ee0004,0.0027814610130181034,0.0293432233371005,0.11276589467771665,0.013491602015712019,0.020872466589259366,0.006204168034847733,0.012984043793553269,0.04220796755340078,0.010688142631865866,0.6224366790538514,0.040489219928579664,0.00020224058976081718,0.04945425789535948
W2efa997a9b7c98ee0005,0.0027814610130181034,0.0293432233371005,0.11276589467771665,0.013491602015712019,0.020872466589259366,0.006204168034847733,0.012984043793553269,0.04220796755340078,0.010688142631865866,0.6224366790538514,0.040489219928579664,0.00020224058976081718,0.04945425789535948
W2efa997a9b7c98ee0006,0.0027814610130181034,0.0293432233371005,0.11276589467771665,0.013491602015712019,0.020872466589259366,0.006204168034847733,0.012984043793553269,0.04220796755340078,0.010688142631865866,0.6224366790538514,0.040489219928579664,0.00020224058976081718,0.04945425789535948
W2f09f36e113015d80000,3.351276604790488e-05,8.135459772579776e-06,0.0008677858232574802,0.0013058871136280693,0.00022513228202927565,0.051784347613037435,1.6194193458061553e-05,6.203907163908653e-06,8.029960614111033e-06,6.098972585037402e-06,5.957414762687524e-06,0.9336295060238154,0.011992532813967418
W2f09f36e113015d80001,3.351276604790488e-05,8.135459772579776e-06,0.0008677858232574802,0.0013058871136280693,0.00022513228202927565,0.051784347613037435,1.6194193458061553e-05,6.203907163908653e-06,8.029960614111033e-06,6.098972585037402e-06,5.957414762687524e-06,0.9336295060238154,0.011992532813967418
W2f09f36e113015d80002,3.351276604790488e-05,8.135459772579776e-06,0.0008677858232574802,0.0013058871136280693,0.00022513228202927565,0.051784347613037435,1.6194193458061553e-05,6.203907163908653e-06,8.029960614111033e-06,6.098972585037402e-06,5.957414762687524e-06,0.9336295060238154,0.011992532813967418
W2f09f36e113015d80003,3.351276604790488e-05,8.135459772579776e-06,0.0008677858232574802,0.0013058871136280693,0.00022513228202927565,0.051784347613037435,1.6194193458061553e-05,6.203907163908653e-06,8.029960614111033e-06,6.098972585037402e-06,5.957414762687524e-06,0.9336295060238154,0.011992532813967418
W2f09f36e113015d80004,3.351276604790488e-05,8.135459772579776e-06,0.0008677858232574802,0.0013058871136280693,0.00022513228202927565,0.051784347613037435,1.6194193458061553e-05,6.203907163908653e-06,8.029960614111033e-06,6.098972585037402e-06,5.957414762687524e-06,0.9336295060238154,0.011992532813967418
W2f09f36e113015d80005,3.351276604790488e-05,8.135459772579776e-06,0.0008677858232574802,0.0013058871136280693,0.00022513228202927565,0.051784347613037435,1.6194193458061553e-05,6.203907163908653e-06,8.029960614111033e-06,6.098972585037402e-06,5.957414762687524e-06,0.9336295060238154,0.011992532813967418
W2f09f36e113015d80006,3.351276604790488e-05,8.135459772579776e-06,0.0008677858232574802,0.0013058871136280693,0.00022513228202927565,0.051784347613037435,1.6194193458061553e-05,6.203907163908653e-06,8.029960614111033e-06,6.098972585037402e-06,5.957414762687524e-06,0.9336295060238154,0.011992532813967418
W2f994ecdb980801c0000,0.17183003997056515,0.006283874040306757,0.05650374830307679,0.13507669343801132,0.022165849331474214,0.13667529409439502,0.11583887976568139,0.017414375376479503,0.007376121319704678,0.04531432145127004,0.04849775156450543,0.021411746689765594,0.09947531234015208
W2f994ecdb980801c0001,0.17183003997056515,0.006283874040306757,0.05650374830307679,0.13507669343801132,0.022165849331474214,0.13667529409439502,0.11583887976568139,0.017414375376479503,0.007376121319704678,0.04531432145127004,0.04849775156450543,0.021411746689765594,0.09947531234015208
W2f994ecdb980801c0002,0.17183003997056515,0.006283874040306757,0.05650374830307679,0.13507669343801132,0.022165849331474214,0.13667529409439502,0.11583887976568139,0.017414375376479503,0.007376121319704678,0.04531432145127004,0.04849775156450543,0.021411746689765594,0.09947531234015208
W2f994ecdb980801c0003,0.17183003997056515,0.006283874040306757,0.05650374830307679,0.13507669343801132,0.022165849331474214,0.13667529409439502,0.11583887976568139,0.017414375376479503,0.007376121319704678,0.04531432145127004,0.04849775156450543,0.021411746689765594,0.09947531234015208
W2f994ecdb980801c0004,0.17183003997056515,0.006283874040306757,0.05650374830307679,0.13507669343801132,0.022165849331474214,0.13667529409439502,0.11583887976568139,0.017414375376479503,0.007376121319704678,0.04531432145127004,0.04849775156450543,0.021411746689765594,0.09947531234015208
W2f994ecdb980801c0005,0.17183003997056515,0.006283874040306757,0.05650374830307679,0.13507669343801132,0.022165849331474214,0.13667529409439502,0.11583887976568139,0.017414375376479503,0.007376121319704678,0.04531432145127004,0.04849775156450543,0.021411746689765594,0.09947531234015208
W2f994ecdb980801c0006,0.17183003997056515,0.006283874040306757,0.05650374830307679,0.13507669343801132,0.022165849331474214,0.13667529409439502,0.11583887976568139,0.017414375376479503,0.007376121319704678,0.04531432145127004,0.04849775156450543,0.021411746689765594,0.09947531234015208
W2fef388ddea1a5470000,0.0005390436048528533,0.002268168109161582,0.0058055265123404904,0.006443817351769994,0.007684623323193614,0.7829802323981369,0.005758411542622604,0.00041282124133400547,0.00012743201762001273,3.574728849895496e-05,0.0002331369512026018,0.1830924926017386,0.00433420214367455
W2fef388ddea1a5470001,0.0005390436048528533,0.002268168109161582,0.0058055265123404904,0.006443817351769994,0.007684623323193614,0.7829802323981369,0.005758411542622604,0.00041282124133400547,0.00012743201762001273,3.574728849895496e-05,0.0002331369512026018,0.1830924926017386,0.00433420214367455
W2fef388ddea1a5470002,0.0005390436048528533,0.002268168109161582,0.0058055265123404904,0.006443817351769994,0.007684623323193614,0.7829802323981369,0.005758411542622604,0.00041282124133400547,0.00012743201762001273,3.574728849895496e-05,0.0002331369512026018,0.1830924926017386,0.00433420214367455
W2fef388ddea1a5470003,0.0005390436048528533,0.002268168109161582,0.0058055265123404904,0.006443817351769994,0.007684623323193614,0.7829802323981369,0.005758411542622604,0.00041282124133400547,0.00012743201762001273,3.574728849895496e-05,0.0002331369512026018,0.1830924926017386,0.00433420214367455
W2fef388ddea1a5470004,0.0005390436048528533,0.002268168109161582,0.0058055265123404904,0.006443817351769994,0.007684623323193614,0.7829802323981369,0.005758411542622604,0.00041282124133400547,0.00012743201762001273,3.574728849895496e-05,0.0002331369512026018,0.1830924926017386,0.00433420214367455
W2fef388ddea1a5470005,0.0005390436048528533,0.002268168109161582,0.0058055265123404904,0.006443817351769994,0.007684623323193614,0.7829802323981369,0.005758411542622604,0.00041282124133400547,0.00012743201762001273,3.574728849895496e-05,0.0002331369512026018,0.1830924926017386,0.00433420214367455
W2fef388ddea1a5470006,0.0005390436048528533,0.002268168109161582,0.0058055265123404904,0.006443817351769994,0.007684623323193614,0.7829802323981369,0.005758411542622604,0.00041282124133400547,0.00012743201762001273,3.574728849895496e-05,0.0002331369512026018,0.1830924926017386,0.00433420214367455
W31929a826970ecea0000,0.006148808061034786,0.0019010083568822029,0.09653176084359527,0.03180946001463468,0.0866945129021448,0.007823766995858855,0.026196219630231533,0.028033751775036912,0.01266590733639991,0.052971077312647566,0.00711222732786141,0.011507078264642449,0.06898021294717914
W31929a826970ecea0001,0.006148808061034786,0.0019010083568822029,0.09653176084359527,0.03180946001463468,0.0866945129021448,0.007823766995858855,0.026196219630231533,0.028033751775036912,0.01266590733639991,0.052971077312647566,0.00711222732786141,0.011507078264642449,0.06898021294717914
W31929a826970ecea0002,0.006148808061034786,0.0019010083568822029,0.09653176084359527,0.03180946001463468,0.0866945129021448,0.007823766995858855,0.026196219630231533,0.028033751775036912,0.01266590733639991,0.052971077312647566,0.00711222732786141,0.011507078264642449,0.06898021294717914
W31929a826970ecea0003,0.006148808061034786,0.0019010083568822029,0.09653176084359527,0.03180946001463468,0.0866945129021448,0.007823766995858855,0.026196219630231533,0.028033751775036912,0.01266590733639991,0.052971077312647566,0.00711222732786141,0.011507078264642449,0.06898021294717914
W31929a826970ecea0004,0.006148808061034786,0.0019010083568822029,0.09653176084359527,0.03180946001463468,0.0866945129021448,0.007823766995858855,0.026196219630231533,0.028033751775036912,0.01266590733639991,0.052971077312647566,0.00711222732786141,0.011507078264642449,0.06898021294717914
W31929a826970ecea0005,0.006148808061034786,0.0019010083568822029,0.09653176084359527,0.03180946001463468,0.0866945129021448,0.007823766995858855,0.026196219630231533,0.028033751775036912,0.01266590733639991,0.052971077312647566,0.00711222732786141,0.011507078264642449,0.06898021294717914
W31929a826970ecea0006,0.006148808061034786,0.0019010083568822029,0.09653176084359527,0.03180946001463468,0.0866945129021448,0.007823766995858855,0.026196219630231533,0.028033751775036912,0.01266590733639991,0.052971077312647566,0.00711222732786141,0.011507078264642449,0.06898021294717914
W3200649c2441eeea0000,0.002535600438688997,0.0011338273055179527,0.006559405581059069,0.008549835622297277,0.010514178870772049,0.1344311652818045,0.00144428268842772,0.010368547283261963,0.0005647735191166449,0.00010979801537376965,0.001057971820447143,0.8175308068968502,0.002434538712121891
W3200649c2441eeea0001,0.002535600438688997,0.0011338273055179527,0.006559405581059069,0.008549835622297277,0.010514178870772049,0.1344311652818045,0.00144428268842772,0.010368547283261963,0.0005647735191166449,0.00010979801537376965,0.001057971820447143,0.8175308068968502,0.002434538712121891
W3200649c2441eeea0002,0.002535600438688997,0.0011338273055179527,0.006559405581059069,0.008549835622297277,0.010514178870772049,0.1344311652818045,0.00144428268842772,0.010368547283261963,0.0005647735191166449,0.00010979801537376965,0.001057971820447143,0.8175308068968502,0.002434538712121891
W3200649c2441eeea0003,0.002535600438688997,0.0011338273055179527,0.006559405581059069,0.008549835622297277,0.010514178870772049,0.1344311652818045,0.00144428268842772,0.010368547283261963,0.0005647735191166449,0.00010979801537376965,0.001057971820447143,0.8175308068968502,0.002434538712121891
W3200649c2441eeea0004,0.002535600438688997,0.0011338273055179527,0.006559405581059069,0.008549835622297277,0.010514178870772049,0.1344311652818045,0.00144428268842772,0.010368547283261963,0.0005647735191166449,0.00010979801537376965,0.001057971820447143,0.8175308068968502,0.002434538712121891
W3200649c2441eeea0005,0.002535600438688997,0.0011338273055179527,0.006559405581059069,0.008549835622297277,0.010514178870772049,0.1344311652818045,0.00144428268842772,0.010368547283261963,0.0005647735191166449,0.00010979801537376965,0.001057971820447143,0.8175308068968502,0.002434538712121891
W3200649c2441eeea0006,0.002535600438688997,0.0011338273055179527,0.006559405581059069,0.008549835622297277,0.010514178870772049,0.1344311652818045,0.00144428268842772,0.010368547283261963,0.0005647735191166449,0.00010979801537376965,0.001057971820447143,0.8175308068968502,0.002434538712121891
W3473531eb2823bc50000,0.04347914469271408,0.0015327018867019031,0.6021665942291624,0.07985214151692284,0.08267364929661905,0.024574638144024233,0.035134826888978204,0.012233449585135373,0.005503917402124682,0.013790849756271832,0.008893855125196836,0.04927021081467216,0.011429693292945046
W3473531eb2823bc50001,0.04347914469271408,0.0015327018867019031,0.6021665942291624,0.07985214151692284,0.08267364929661905,0.024574638144024233,0.035134826888978204,0.012233449585135373,0.005503917402124682,0.013790849756271832,0.008893855125196836,0.04927021081467216,0.011429693292945046
W3473531eb2823bc50002,0.04347914469271408,0.0015327018867019031,0.6021665942291624,0.07985214151692284,0.08267364929661905,0.024574638144024233,0.035134826888978204,0.012233449585135373,0.005503917402124682,0.013790849756271832,0.008893855125196836,0.04927021081467216,0.011429693292945046
W3473531eb2823bc50003,0.04347914469271408,0.0015327018867019031,0.6021665942291624,0.07985214151692284,0.08267364929661905,0.024574638144024233,0.035134826888978204,0.012233449585135373,0.005503917402124682,0.013790849756271832,0.008893855125196836,0.04927021081467216,0.011429693292945046
W3473531eb2823bc50004,0.04347914469271408,0.0015327018867019031,0.6021665942291624,0.07985214151692284,0.08267364929661905,0.024574638144024233,0.035134826888978204,0.012233449585135373,0.005503917402124682,0.013790849756271832,0.008893855125196836,0.04927021081467216,0.011429693292945046
W3473531eb2823bc50005,0.04347914469271408,0.0015327018867019031,0.6021665942291624,0.07985214151692284,0.08267364929661905,0.024574638144024233,0.035134826888978204,0.012233449585135373,0.005503917402124682,0.013790849756271832,0.008893855125196836,0.04927021081467216,0.011429693292945046
W3473531eb2823bc50006,0.04347914469271408,0.0015327018867019031,0.6021665942291624,0.07985214151692284,0.08267364929661905,0.024574638144024233,0.035134826888978204,0.012233449585135373,0.005503917402124682,0.013790849756271832,0.008893855125196836,0.04927021081467216,0.011429693292945046
W3546dd5862165a310000,0.002998585746383116,0.0011413087591272482,0.0008123325088203382,0.0005133357013070659,3.1665934395066376e-05,0.026503346449567037,0.00034003093939179293,1.216073716361456e-05,9.311280673068797e-06,5.369248659579772e-06,1.021362478426547e-05,0.949930249307647,0.017679378769639827
W3546dd5862165a310001,0.002998585746383116,0.0011413087591272482,0.0008123325088203382,0.0005133357013070659,3.1665934395066376e-05,0.026503346449567037,0.00034003093939179293,1.216073716361456e-05,9.311280673068797e-06,5.369248659579772e-06,1.021362478426547e-05,0.949930249307647,0.017679378769639827
W3546dd5862165a310002,0.002998585746383116,0.0011413087591272482,0.0008123325088203382,0.0005133357013070659,3.1665934395066376e-05,0.026503346449567037,0.00034003093939179293,1.216073716361456e-05,9.311280673068797e-06,5.369248659579772e-06,1.021362478426547e-05,0.949930249307647,0.017679378769639827
W3546dd5862165a310003,0.002998585746383116,0.0011413087591272482,0.0008123325088203382,0.0005133357013070659,3.1665934395066376e-05,0.026503346449567037,0.00034003093939179293,1.216073716361456e-05,9.311280673068797e-06,5.369248659579772e-06,1.021362478426547e-05,0.949930249307647,0.017679378769639827
W3546dd5862165a310004,0.002998585746383116,0.0011413087591272482,0.0008123325088203382,0.0005133357013070659,3.1665934395066376e-05,0.026503346449567037,0.00034003093939179293,1.216073716361456e-05,9.311280673068797e-06,5.369248659579772e-06,1.021362478426547e-05,0.949930249307647,0.017679378769639827
W3546dd5862165a310005,0.002998585746383116,0.0011413087591272482,0.0008123325088203382,0.0005133357013070659,3.1665934395066376e-05,0.026503346449567037,0.00034003093939179293,1.216073716361456e-05,9.311280673068797e-06,5.369248659579772e-06,1.021362478426547e-05,0.949930249307647,0.017679378769639827
W3546dd5862165a310006,0.002998585746383116,0.0011413087591272482,0.0008123325088203382,0.0005133357013070659,3.1665934395066376e-05,0.026503346449567037,0.00034003093939179293,1.216073716361456e-05,9.311280673068797e-06,5.369248659579772e-06,1.021362478426547e-05,0.949930249307647,0.017679378769639827
W372ee4e3091c33bb0000,0.001069748271196498,0.031849314953473325,0.03329964196618744,0.0046294281784519525,0.006416899462462458,0.003960303051263094,0.005720756574968233,0.08667565276700365,0.3657051108699001,0.2345753309564746,0.14675526459258095,0.0007509861056251249,0.03793677869044609
W372ee4e3091c33bb0001,0.001069748271196498,0.031849314953473325,0.03329964196618744,0.0046294281784519525,0.006416899462462458,0.003960303051263094,0.005720756574968233,0.08667565276700365,0.3657051108699001,0.2345753309564746,0.14675526459258095,0.0007509861056251249,0.03793677869044609
W372ee4e3091c33bb0002,0.001069748271196498,0.031849314953473325,0.03329964196618744,0.0046294281784519525,0.006416899462462458,0.003960303051263094,0.005720756574968233,0.08667565276700365,0.3657051108699001,0.2345753309564746,0.14675526459258095,0.0007509861056251249,0.03793677869044609
W372ee4e3091c33bb0003,0.001069748271196498,0.031849314953473325,0.03329964196618744,0.0046294281784519525,0.006416899462462458,0.003960303051263094,0.005720756574968233,0.08667565276700365,0.3657051108699001,0.2345753309564746,0.14675526459258095,0.0007509861056251249,0.03793677869044609
W372ee4e3091c33bb0004,0.001069748271196498,0.031849314953473325,0.03329964196618744,0.0046294281784519525,0.006416899462462458,0.003960303051263094,0.005720756574968233,0.08667565276700365,0.3657051108699001,0.2345753309564746,0.14675526459258095,0.0007509861056251249,0.03793677869044609
W372ee4e3091c33bb0005,0.001069748271196498,0.031849314953473325,0.03329964196618744,0.0046294281784519525,0.006416899462462458,0.003960303051263094,0.005720756574968233,0.08667565276700365,0.3657051108699001,0.2345753309564746,0.14675526459258095,0.0007509861056251249,0.03793677869044609
W372ee4e3091c33bb0006,0.001069748271196498,0.031849314953473325,0.03329964196618744,0.0046294281784519525,0.006416899462462458,0.003960303051263094,0.005720756574968233,0.08667565276700365,0.3657051108699001,0.2345753309564746,0.14675526459258095,0.0007509861056251249,0.03793677869044609
W37fe5be573d394450000,0.004039982290875394,0.011277070239612127,0.0830571152653383,0.03946896015967422,0.027086684699497394,0.039766271050658684,0.6393299774169698,0.009066594013295796,0.009353884635652527,0.008475038788422462,0.01825042449136059,0.016703161890899383,0.049981570169925035
W37fe5be573d394450001,0.004039982290875394,0.011277070239612127,0.0830571152653383,0.03946896015967422,0.027086684699497394,0.039766271050658684,0.6393299774169698,0.009066594013295796,0.009353884635652527,0.008475038788422462,0.01825042449136059,0.016703161890899383,0.049981570169925035
W37fe5be573d394450002,0.004039982290875394,0.011277070239612127,0.0830571152653383,0.03946896015967422,0.027086684699497394,0.039766271050658684,0.6393299774169698,0.009066594013295796,0.009353884635652527,0.008475038788422462,0.01825042449136059,0.016703161890899383,0.049981570169925035
W37fe5be573d394450003,0.004039982290875394,0.011277070239612127,0.0830571152653383,0.03946896015967422,0.027086684699497394,0.039766271050658684,0.6393299774169698,0.009066594013295796,0.009353884635652527,0.008475038788422462,0.01825042449136059,0.016703161890899383,0.049981570169925035
W37fe5be573d394450004,0.004039982290875394,0.011277070239612127,0.0830571152653383,0.03946896015967422,0.027086684699497394,0.039766271050658684,0.6393299774169698,0.009066594013295796,0.009353884635652527,0.008475038788422462,0.01825042449136059,0.016703161890899383,0.049981570169925035
W37fe5be573d394450005,0.004039982290875394,0.011277070239612127,0.0830571152653383,0.03946896015967422,0.027086684699497394,0.039766271050658684,0.6393299774169698,0.009066594013295796,0.009353884635652527,0.008475038788422462,0.01825042449136059,0.016703161890899383,0.049981570169925035
W37fe5be573d394450006,0.004039982290875394,0.011277070239612127,0.0830571152653383,0.03946896015967422,0.027086684699497394,0.039766271050658684,0.6393299774169698,0.009066594013295796,0.009353884635652527,0.008475038788422462,0.01825042449136059,0.016703161890899383,0.049981570169925035
W3850cfe923211d2a0000,0.017453875436616834,0.012714401021491588,0.031916308289679764,0.019363496749348473,0.05659088574250108,0.005790412816351808,0.05637544151183805,0.6831128353229458,0.0031119150637297813,0.006236756256623181,0.020894830421468506,0.006317102655643838,0.009712687323474304
W3850cfe923211d2a0001,0.017453875436616834,0.012714401021491588,0.031916308289679764,0.019363496749348473,0.05659088574250108,0.005790412816351808,0.05637544151183805,0.6831128353229458,0.0031119150637297813,0.006236756256623181,0.020894830421468506,0.006317102655643838,0.009712687323474304
W3850cfe923211d2a0002,0.017453875436616834,0.012714401021491588,0.031916308289679764,0.019363496749348473,0.05659088574250108,0.005790412816351808,0.05637544151183805,0.6831128353229458,0.0031119150637297813,0.006236756256623181,0.020894830421468506,0.006317102655643838,0.009712687323474304
W3850cfe923211d2a0003,0.017453875436616834,0.012714401021491588,0.031916308289679764,0.019363496749348473,0.05659088574250108,0.005790412816351808,0.05637544151183805,0.6831128353229458,0.0031119150637297813,0.006236756256623181,0.020894830421468506,0.006317102655643838,0.009712687323474304
W3850cfe923211d2a0004,0.017453875436616834,0.012714401021491588,0.031916308289679764,0.019363496749348473,0.05659088574250108,0.005790412816351808,0.05637544151183805,0.6831128353229458,0.0031119150637297813,0.006236756256623181,0.020894830421468506,0.006317102655643838,0.009712687323474304
W3850cfe923211d2a0005,0.017453875436616834,0.012714401021491588,0.031916308289679764,0.019363496749348473,0.05659088574250108,0.005790412816351808,0.05637544151183805,0.6831128353229458,0.0031119150637297813,0.006236756256623181,0.020894830421468506,0.006317102655643838,0.009712687323474304
W3850cfe923211d2a0006,0.017453875436616834,0.012714401021491588,0.031916308289679764,0.019363496749348473,0.05659088574250108,0.005790412816351808,0.05637544151183805,0.6831128353229458,0.0031119150637297813,0.006236756256623181,0.020894830421468506,0.006317102655643838,0.009712687323474304
W399b55598af37b7b0000,0.00920292796138722,0.0034663274806016617,0.15855415988561172,0.22442943953496708,0.08303106652818248,0.11512470940230922,0.11104803035950378,0.020509875876324756,0.011881598332959271,0.05626204494172237,0.10483803203768888,0.029164086141747654,0.016499327111136865
W399b55598af37b7b0001,0.00920292796138722,0.0034663274806016617,0.15855415988561172,0.22442943953496708,0.08303106652818248,0.11512470940230922,0.11104803035950378,0.020509875876324756,0.011881598332959271,0.05626204494172237,0.10483803203768888,0.029164086141747654,0.016499327111136865
W399b55598af37b7b0002,0.00920292796138722,0.0034663274806016617,0.15855415988561172,0.22442943953496708,0.08303106652818248,0.11512470940230922,0.11104803035950378,0.020509875876324756,0.011881598332959271,0.05626204494172237,0.10483803203768888,0.029164086141747654,0.016499327111136865
W399b55598af37b7b0003,0.00920292796138722,0.0034663274806016617,0.15855415988561172,0.22442943953496708,0.08303106652818248,0.11512470940230922,0.11104803035950378,0.020509875876324756,0.011881598332959271,0.05626204494172237,0.10483803203768888,0.029164086141747654,0.016499327111136865
W399b55598af37b7b0004,0.00920292796138722,0.0034663274806016617,0.15855415988561172,0.22442943953496708,0.08303106652818248,0.11512470940230922,0.11104803035950378,0.020509875876324756,0.011881598332959271,0.05626204494172237,0.10483803203768888,0.029164086141747654,0.016499327111136865
W399b55598af37b7b0005,0.00920292796138722,0.0034663274806016617,0.15855415988561172,0.22442943953496708,0.08303106652818248,0.11512470940230922,0.11104803035950378,0.020509875876324756,0.011881598332959271,0.05626204494172237,0.10483803203768888,0.029164086141747654,0.016499327111136865
W399b55598af37b7b0006,0.00920292796138722,0.0034663274806016617,0.15855415988561172,0.22442943953496708,0.08303106652818248,0.11512470940230922,0.11104803035950378,0.020509875876324756,0.011881598332959271,0.05626204494172237,0.10483803203768888,0.029164086141747654,0.016499327111136865
W3b18f3c30c47d8040000,0.8074617567502892,0.04490589530230074,0.00443152908693997,0.005193380476780711,0.02900339734945844,0.0049365546955519955,0.010220117954507767,0.006463133135314303,0.0016277306187676155,0.03368232181350162,0.0007036706621367662,0.008504818920383982,0.010712347330420709
W3b18f3c30c47d8040001,0.8074617567502892,0.04490589530230074,0.00443152908693997,0.005193380476780711,0.02900339734945844,0.0049365546955519955,0.010220117954507767,0.006463133135314303,0.0016277306187676155,0.03368232181350162,0.0007036706621367662,0.008504818920383982,0.010712347330420709
W3b18f3c30c47d8040002,0.8074617567502892,0.04490589530230074,0.00443152908693997,0.005193380476780711,0.02900339734945844,0.0049365546955519955,0.010220117954507767,0.006463133135314303,0.0016277306187676155,0.03368232181350162,0.0007036706621367662,0.008504818920383982,0.010712347330420709
W3b18f3c30c47d8040003,0.8074617567502892,0.04490589530230074,0.00443152908693997,0.005193380476780711,0.02900339734945844,0.0049365546955519955,0.010220117954507767,0.006463133135314303,0.0016277306187676155,0.03368232181350162,0.0007036706621367662,0.008504818920383982,0.010712347330420709
W3b18f3c30c47d8040004,0.8074617567502892,0.04490589530230074,0.00443152908693997,0.005193380476780711,0.02900339734945844,0.0049365546955519955,0.010220117954507767,0.006463133135314303,0.0016277306187676155,0.03368232181350162,0.0007036706621367662,0.008504818920383982,0.010712347330420709
W3b18f3c30c47d8040005,0.8074617567502892,0.04490589530230074,0.00443152908693997,0.005193380476780711,0.02900339734945844,0.0049365546955519955,0.010220117954507767,0.006463133135314303,0.0016277306187676155,0.03368232181350162,0.0007036706621367662,0.008504818920383982,0.010712347330420709
W3b18f3c30c47d8040006,0.8074617567502892,0.04490589530230074,0.00443152908693997,0.005193380476780711,0.02900339734945844,0.0049365546955519955,0.010220117954507767,0.006463133135314303,0.0016277306187676155,0.03368232181350162,0.0007036706621367662,0.008504818920383982,0.010712347330420709
W3bafbf7685d60ad30000,0.002463344775075684,0.03108312330719159,0.05840155718165632,0.011990168473783413,0.010191302646652892,0.007827262020259263,0.011956246566889171,0.051561862326500056,0.054548116159954335,0.5065662072406644,0.08932198895484782,0.0013735828287723092,0.07545628307555059
W3bafbf7685d60ad30001,0.002463344775075684,0.03108312330719159,0.05840155718165632,0.011990168473783413,0.010191302646652892,0.007827262020259263,0.011956246566889171,0.051561862326500056,0.054548116159954335,0.5065662072406644,0.08932198895484782,0.0013735828287723092,0.07545628307555059
W3bafbf7685d60ad30002,0.002463344775075684,0.03108312330719159,0.05840155718165632,0.011990168473783413,0.010191302646652892,0.007827262020259263,0.011956246566889171,0.051561862326500056,0.054548116159954335,0.5065662072406644,0.08932198895484782,0.0013735828287723092,0.07545628307555059
W3bafbf7685d60ad30003,0.002463344775075684,0.03108312330719159,0.05840155718165632,0.011990168473783413,0.010191302646652892,0.007827262020259263,0.011956246566889171,0.051561862326500056,0.054548116159954335,0.5065662072406644,0.08932198895484782,0.0013735828287723092,0.07545628307555059
W3bafbf7685d60ad30004,0.002463344775075684,0.03108312330719159,0.05840155718165632,0.011990168473783413,0.010191302646652892,0.007827262020259263,0.011956246566889171,0.051561862326500056,0.054548116159954335,0.5065662072406644,0.08932198895484782,0.0013735828287723092,0.07545628307555059
W3bafbf7685d60ad30005,0.002463344775075684,0.03108312330719159,0.05840155718165632,0.011990168473783413,0.010191302646652892,0.007827262020259263,0.011956246566889171,0.051561862326500056,0.054548116159954335,0.5065662072406644,0.08932198895484782,0.0013735828287723092,0.07545628307555059
W3bafbf7685d60ad30006,0.002463344775075684,0.03108312330719159,0.05840155718165632,0.011990168473783413,0.010191302646652892,0.007827262020259263,0.011956246566889171,0.051561862326500056,0.054548116159954335,0.5065662072406644,0.08932198895484782,0.0013735828287723092,0.07545628307555059
W3d68ba1ac902179b0000,0.00491677908904583,0.848804522850229,0.0025176248044756874,0.002780367104314635,0.003976202646688021,0.001335642660527152,0.009785312905592385,0.042768981714803846,0.04716265675197192,0.000615021932971826,0.020369040750880005,0.00787862275475925,0.00025797239009456595
W3d68ba1ac902179b0001,0.00491677908904583,0.848804522850229,0.0025176248044756874,0.002780367104314635,0.003976202646688021,0.001335642660527152,0.009785312905592385,0.042768981714803846,0.04716265675197192,0.000615021932971826,0.020369040750880005,0.00787862275475925,0.00025797239009456595
W3d68ba1ac902179b0002,0.00491677908904583,0.848804522850229,0.0025176248044756874,0.002780367104314635,0.003976202646688021,0.001335642660527152,0.009785312905592385,0.042768981714803846,0.04716265675197192,0.000615021932971826,0.020369040750880005,0.00787862275475925,0.00025797239009456595
W3d68ba1ac902179b0003,0.00491677908904583,0.848804522850229,0.0025176248044756874,0.002780367104314635,0.003976202646688021,0.001335642660527152,0.009785312905592385,0.042768981714803846,0.04716265675197192,0.000615021932971826,0.020369040750880005,0.00787862275475925,0.00025797239009456595
W3d68ba1ac902179b0004,0.00491677908904583,0.848804522850229,0.0025176248044756874,0.002780367104314635,0.003976202646688021,0.001335642660527152,0.009785312905592385,0.042768981714803846,0.04716265675197192,0.000615021932971826,0.020369040750880005,0.00787862275475925,0.00025797239009456595
W3d68ba1ac902179b0005,0.00491677908904583,0.848804522850229,0.0025176248044756874,0.002780367104314635,0.003976202646688021,0.001335642660527152,0.009785312905592385,0.042768981714803846,0.04716265675197192,0.000615021932971826,0.020369040750880005,0.00787862275475925,0.00025797239009456595
W3d68ba1ac902179b0006,0.00491677908904583,0.848804522850229,0.0025176248044756874,0.002780367104314635,0.003976202646688021,0.001335642660527152,0.009785312905592385,0.042768981714803846,0.04716265675197192,0.000615021932971826,0.020369040750880005,0.00787862275475925,0.00025797239009456595
W3ea9e82425f581770000,0.039268195212197904,0.0009587919969548551,0.09897680468116696,0.19529249197916618,0.15126743225087574,0.02358289048249011,0.030138578684465504,0.1662178509700617,0.016017266850747978,0.009206902084853042,0.009539233533271095,0.014466591566183387,0.011561134145336027
W3ea9e82425f581770001,0.039268195212197904,0.0009587919969548551,0.09897680468116696,0.19529249197916618,0.15126743225087574,0.02358289048249011,0.030138578684465504,0.1662178509700617,0.016017266850747978,0.009206902084853042,0.009539233533271095,0.014466591566183387,0.011561134145336027
W3ea9e82425f581770002,0.039268195212197904,0.0009587919969548551,0.09897680468116696,0.19529249197916618,0.15126743225087574,0.02358289048249011,0.030138578684465504,0.1662178509700617,0.016017266850747978,0.009206902084853042,0.009539233533271095,0.014466591566183387,0.011561134145336027
W3ea9e82425f581770003,0.039268195212197904,0.0009587919969548551,0.09897680468116696,0.19529249197916618,0.15126743225087574,0.02358289048249011,0.030138578684465504,0.1662178509700617,0.016017266850747978,0.009206902084853042,0.009539233533271095,0.014466591566183387,0.011561134145336027
W3ea9e82425f581770004,0.039268195212197904,0.0009587919969548551,0.09897680468116696,0.19529249197916618,0.15126743225087574,0.02358289048249011,0.030138578684465504,0.1662178509700617,0.016017266850747978,0.009206902084853042,0.009539233533271095,0.014466591566183387,0.011561134145336027
W3ea9e82425f581770005,0.039268195212197904,0.0009587919969548551,0.09897680468116696,0.19529249197916618,0.15126743225087574,0.02358289048249011,0.030138578684465504,0.1662178509700617,0.016017266850747978,0.009206902084853042,0.009539233533271095,0.014466591566183387,0.011561134145336027
W3ea9e82425f581770006,0.039268195212197904,0.0009587919969548551,0.09897680468116696,0.19529249197916618,0.15126743225087574,0.02358289048249011,0.030138578684465504,0.1662178509700617,0.016017266850747978,0.009206902084853042,0.009539233533271095,0.014466591566183387,0.011561134145336027
W3eeea8cf96c231ac0000,0.015058983480573263,0.9004255576132965,0.006870087221350009,0.006538435529772911,0.012015162937162172,0.008629250259504293,0.0076617739047424,0.0021177041294075157,0.002385901097760737,0.008739604180553438,0.004087632140057205,0.009840990680121762,0.000906726154039248
W3eeea8cf96c231ac0001,0.015058983480573263,0.9004255576132965,0.006870087221350009,0.006538435529772911,0.012015162937162172,0.008629250259504293,0.0076617739047424,0.0021177041294075157,0.002385901097760737,0.008739604180553438,0.004087632140057205,0.009840990680121762,0.000906726154039248
W3eeea8cf96c231ac0002,0.015058983480573263,0.9004255576132965,0.006870087221350009,0.006538435529772911,0.012015162937162172,0.008629250259504293,0.0076617739047424,0.0021177041294075157,0.002385901097760737,0.008739604180553438,0.004087632140057205,0.009840990680121762,0.000906726154039248
W3eeea8cf96c231ac0003,0.015058983480573263,0.9004255576132965,0.006870087221350009,0.006538435529772911,0.012015162937162172,0.008629250259504293,0.0076617739047424,0.0021177041294075157,0.002385901097760737,0.008739604180553438,0.004087632140057205,0.009840990680121762,0.000906726154039248
W3eeea8cf96c231ac0004,0.015058983480573263,0.9004255576132965,0.006870087221350009,0.006538435529772911,0.012015162937162172,0.008629250259504293,0.0076617739047424,0.0021177041294075157,0.002385901097760737,0.008739604180553438,0.004087632140057205,0.009840990680121762,0.000906726154039248
W3eeea8cf96c231ac0005,0.015058983480573263,0.9004255576132965,0.006870087221350009,0.006538435529772911,0.012015162937162172,0.008629250259504293,0.0076617739047424,0.0021177041294075157,0.002385901097760737,0.008739604180553438,0.004087632140057205,0.009840990680121762,0.000906726154039248
W3eeea8cf96c231ac0006,0.015058983480573263,0.9004255576132965,0.006870087221350009,0.006538435529772911,0.012015162937162172,0.008629250259504293,0.0076617739047424,0.0021177041294075157,0.002385901097760737,0.008739604180553438,0.004087632140057205,0.009840990680121762,0.000906726154039248
W3f26b96bfa78adc60000,0.01723608995698478,0.004205640077636909,0.08576247849675192,0.041838993461419026,0.07580217809221097,0.022288649300152386,0.11746322875799357,0.05343832473109544,0.03534385934230247,0.077054577341126,0.0853676859048406,0.016917110198605027,0.04575686012820962
W3f26b96bfa78adc60001,0.01723608995698478,0.004205640077636909,0.08576247849675192,0.041838993461419026,0.07580217809221097,0.022288649300152386,0.11746322875799357,0.05343832473109544,0.03534385934230247,0.077054577341126,0.0853676859048406,0.016917110198605027,0.04575686012820962
W3f26b96bfa78adc60002,0.01723608995698478,0.004205640077636909,0.08576247849675192,0.041838993461419026,0.07580217809221097,0.022288649300152386,0.11746322875799357,0.05343832473109544,0.03534385934230247,0.077054577341126,0.0853676859048406,0.016917110198605027,0.04575686012820962
W3f26b96bfa78adc60003,0.01723608995698478,0.004205640077636909,0.08576247849675192,0.041838993461419026,0.07580217809221097,0.022288649300152386,0.11746322875799357,0.05343832473109544,0.03534385934230247,0.077054577341126,0.0853676859048406,0.016917110198605027,0.04575686012820962
W3f26b96bfa78adc60004,0.01723608995698478,0.004205640077636909,0.08576247849675192,0.041838993461419026,0.07580217809221097,0.022288649300152386,0.11746322875799357,0.05343832473109544,0.03534385934230247,0.077054577341126,0.0853676859048406,0.016917110198605027,0.04575686012820962
W3f26b96bfa78adc60005,0.01723608995698478,0.004205640077636909,0.08576247849675192,0.041838993461419026,0.07580217809221097,0.022288649300152386,0.11746322875799357,0.05343832473109544,0.03534385934230247,0.077054577341126,0.0853676859048406,0.016917110198605027,0.04575686012820962
W3f26b96bfa78adc60006,0.01723608995698478,0.004205640077636909,0.08576247849675192,0.041838993461419026,0.07580217809221097,0.022288649300152386,0.11746322875799357,0.05343832473109544,0.03534385934230247,0.077054577341126,0.0853676859048406,0.016917110198605027,0.04575686012820962
W4067912de7075f720000,0.7869562440266038,0.002646465395240179,0.006442759473273859,0.014076875387016696,0.0090207632507534,0.0026909396856687026,0.00793293252548259,0.016108200393117153,0.005305426136928414,0.062033875872325145,0.00200387091119103,0.0074807261106714755,0.031417547079580985
W4067912de7075f720001,0.7869562440266038,0.002646465395240179,0.006442759473273859,0.014076875387016696,0.0090207632507534,0.0026909396856687026,0.00793293252548259,0.016108200393117153,0.005305426136928414,0.062033875872325145,0.00200387091119103,0.0074807261106714755,0.031417547079580985
W4067912de7075f720002,0.7869562440266038,0.002646465395240179,0.006442759473273859,0.014076875387016696,0.0090207632507534,0.0026909396856687026,0.00793293252548259,0.016108200393117153,0.005305426136928414,0.062033875872325145,0.00200387091119103,0.0074807261106714755,0.031417547079580985
W4067912de7075f720003,0.7869562440266038,0.002646465395240179,0.006442759473273859,0.014076875387016696,0.0090207632507534,0.0026909396856687026,0.00793293252548259,0.016108200393117153,0.005305426136928414,0.062033875872325145,0.00200387091119103,0.0074807261106714755,0.031417547079580985
W4067912de7075f720004,0.7869562440266038,0.002646465395240179,0.006442759473273859,0.014076875387016696,0.0090207632507534,0.0026909396856687026,0.00793293252548259,0.016108200393117153,0.005305426136928414,0.062033875872325145,0.00200387091119103,0.0074807261106714755,0.031417547079580985
W4067912de7075f720005,0.7869562440266038,0.002646465395240179,0.006442759473273859,0.014076875387016696,0.0090207632507534,0.0026909396856687026,0.00793293252548259,0.016108200393117153,0.005305426136928414,0.062033875872325145,0.00200387091119103,0.0074807261106714755,0.031417547079580985
W4067912de7075f720006,0.7869562440266038,0.002646465395240179,0.006442759473273859,0.014076875387016696,0.0090207632507534,0.0026909396856687026,0.00793293252548259,0.016108200393117153,0.005305426136928414,0.062033875872325145,0.00200387091119103,0.0074807261106714755,0.031417547079580985
W406d4c539a8af8f70000,0.00024125668284927893,0.9963056561688586,2.1504153060935494e-05,0.00039408011529171855,0.0002642758357558703,1.341344555745907e-05,2.9039479987735848e-05,0.0017567372807522391,3.6410928343626654e-05,6.96621535987648e-05,0.0003345559722860568,0.00013925849207946822,6.104879075308918e-05
W406d4c539a8af8f70001,0.00024125668284927893,0.9963056561688586,2.1504153060935494e-05,0.00039408011529171855,0.0002642758357558703,1.341344555745907e-05,2.9039479987735848e-05,0.0017567372807522391,3.6410928343626654e-05,6.96621535987648e-05,0.0003345559722860568,0.00013925849207946822,6.104879075308918e-05
W406d4c539a8af8f70002,0.00024125668284927893,0.9963056561688586,2.1504153060935494e-05,0.00039408011529171855,0.0002642758357558703,1.341344555745907e-05,2.9039479987735848e-05,0.0017567372807522391,3.6410928343626654e-05,6.96621535987648e-05,0.0003345559722860568,0.00013925849207946822,6.104879075308918e-05
W406d4c539a8af8f70003,0.00024125668284927893,0.9963056561688586,2.1504153060935494e-05,0.00039408011529171855,0.0002642758357558703,1.341344555745907e-05,2.9039479987735848e-05,0.0017567372807522391,3.6410928343626654e-05,6.96621535987648e-05,0.0003345559722860568,0.00013925849207946822,6.104879075308918e-05
W406d4c539a8af8f70004,0.00024125668284927893,0.9963056561688586,2.1504153060935494e-05,0.00039408011529171855,0.0002642758357558703,1.341344555745907e-05,2.9039479987735848e-05,0.0017567372807522391,3.6410928343626654e-05,6.96621535987648e-05,0.0003345559722860568,0.00013925849207946822,6.104879075308918e-05
W406d4c539a8af8f70005,0.00024125668284927893,0.9963056561688586,2.1504153060935494e-05,0.00039408011529171855,0.0002642758357558703,1.341344555745907e-05,2.9039479987735848e-05,0.0017567372807522391,3.6410928343626654e-05,6.96621535987648e-05,0.0003345559722860568,0.00013925849207946822,6.104879075308918e-05
W406d4c539a8af8f70006,0.00024125668284927893,0.9963056561688586,2.1504153060935494e-05,0.00039408011529171855,0.0002642758357558703,1.341344555745907e-05,2.9039479987735848e-05,0.0017567372807522391,3.6410928343626654e-05,6.96621535987648e-05,0.0003345559722860568,0.00013925849207946822,6.104879075308918e-05
W43ee54d0f337756b0000,0.004122972501542348,0.012904916278696683,0.06867820298944027,0.03812874807797436,0.022176461721982576,0.038239513362928225,0.6957119321490415,0.007526255846215194,0.008408177897571414,0.008866859942484413,0.01696976017601018,0.016484269507234157,0.01964492162307055
W43ee54d0f337756b0001,0.004122972501542348,0.012904916278696683,0.06867820298944027,0.03812874807797436,0.022176461721982576,0.038239513362928225,0.6957119321490415,0.007526255846215194,0.008408177897571414,0.008866859942484413,0.01696976017601018,0.016484269507234157,0.01964492162307055
W43ee54d0f337756b0002,0.004122972501542348,0.012904916278696683,0.06867820298944027,0.03812874807797436,0.022176461721982576,0.038239513362928225,0.6957119321490415,0.007526255846215194,0.008408177897571414,0.008866859942484413,0.01696976017601018,0.016484269507234157,0.01964492162307055
W43ee54d0f337756b0003,0.004122972501542348,0.012904916278696683,0.06867820298944027,0.03812874807797436,0.022176461721982576,0.038239513362928225,0.6957119321490415,0.007526255846215194,0.008408177897571414,0.008866859942484413,0.01696976017601018,0.016484269507234157,0.01964492162307055
W43ee54d0f337756b0004,0.004122972501542348,0.012904916278696683,0.06867820298944027,0.03812874807797436,0.022176461721982576,0.038239513362928225,0.6957119321490415,0.007526255846215194,0.008408177897571414,0.008866859942484413,0.01696976017601018,0.016484269507234157,0.01964492162307055
W43ee54d0f337756b0005,0.004122972501542348,0.012904916278696683,0.06867820298944027,0.03812874807797436,0.022176461721982576,0.038239513362928225,0.6957119321490415,0.007526255846215194,0.008408177897571414,0.008866859942484413,0.01696976017601018,0.016484269507234157,0.01964492162307055
W43ee54d0f337756b0006,0.004122972501542348,0.012904916278696683,0.06867820298944027,0.03812874807797436,0.022176461721982576,0.038239513362928225,0.6957119321490415,0.007526255846215194,0.008408177897571414,0.008866859942484413,0.01696976017601018,0.016484269507234157,0.01964492162307055
W463dcae88125d0440000,0.004956825473603236,0.8683800679643299,0.0031952123928912224,0.002565786157805386,0.005868060813423189,0.0006236054870655021,0.006821120713499366,0.01877445187328152,0.05218750291462602,0.00284274391300237,0.024563727517125385,0.002700376893714834,0.0014385883552490157
W463dcae88125d0440001,0.004956825473603236,0.8683800679643299,0.0031952123928912224,0.002565786157805386,0.005868060813423189,0.0006236054870655021,0.006821120713499366,0.01877445187328152,0.05218750291462602,0.00284274391300237,0.024563727517125385,0.002700376893714834,0.0014385883552490157
W463dcae88125d0440002,0.004956825473603236,0.8683800679643299,0.0031952123928912224,0.002565786157805386,0.005868060813423189,0.0006236054870655021,0.006821120713499366,0.01877445187328152,0.05218750291462602,0.00284274391300237,0.024563727517125385,0.002700376893714834,0.0014385883552490157
W463dcae88125d0440003,0.004956825473603236,0.8683800679643299,0.0031952123928912224,0.002565786157805386,0.005868060813423189,0.0006236054870655021,0.006821120713499366,0.01877445187328152,0.05218750291462602,0.00284274391300237,0.024563727517125385,0.002700376893714834,0.0014385883552490157
W463dcae88125d0440004,0.004956825473603236,0.8683800679643299,0.0031952123928912224,0.002565786157805386,0.005868060813423189,0.0006236054870655021,0.006821120713499366,0.01877445187328152,0.05218750291462602,0.00284274391300237,0.024563727517125385,0.002700376893714834,0.0014385883552490157
W463dcae88125d0440005,0.004956825473603236,0.8683800679643299,0.0031952123928912224,0.002565786157805386,0.005868060813423189,0.0006236054870655021,0.006821120713499366,0.01877445187328152,0.05218750291462602,0.00284274391300237,0.024563727517125385,0.002700376893714834,0.0014385883552490157
W463dcae88125d0440006,0.004956825473603236,0.8683800679643299,0.0031952123928912224,0.002565786157805386,0.005868060813423189,0.0006236054870655021,0.006821120713499366,0.01877445187328152,0.05218750291462602,0.00284274391300237,0.024563727517125385,0.002700376893714834,0.0014385883552490157
W464df89a515d6d220000,0.20327558319935723,0.013688003305999372,0.023469760801396972,0.02857449850677846,0.07267669944185945,0.061127515842503664,0.03328074232324987,0.05583922185721909,0.018759094230787317,0.2886150386794244,0.009657279174057502,0.07295010124069679,0.029783205741642702
W464df89a515d6d220001,0.20327558319935723,0.013688003305999372,0.023469760801396972,0.02857449850677846,0.07267669944185945,0.061127515842503664,0.03328074232324987,0.05583922185721909,0.018759094230787317,0.2886150386794244,0.009657279174057502,0.07295010124069679,0.029783205741642702
W464df89a515d6d220002,0.20327558319935723,0.013688003305999372,0.023469760801396972,0.02857449850677846,0.07267669944185945,0.061127515842503664,0.03328074232324987,0.05583922185721909,0.018759094230787317,0.2886150386794244,0.009657279174057502,0.07295010124069679,0.029783205741642702
W464df89a515d6d220003,0.20327558319935723,0.013688003305999372,0.023469760801396972,0.02857449850677846,0.07267669944185945,0.061127515842503664,0.03328074232324987,0.05583922185721909,0.018759094230787317,0.2886150386794244,0.009657279174057502,0.07295010124069679,0.029783205741642702
W464df89a515d6d220004,0.20327558319935723,0.013688003305999372,0.023469760801396972,0.02857449850677846,0.07267669944185945,0.061127515842503664,0.03328074232324987,0.05583922185721909,0.018759094230787317,0.2886150386794244,0.009657279174057502,0.07295010124069679,0.029783205741642702
W464df89a515d6d220005,0.20327558319935723,0.013688003305999372,0.023469760801396972,0.02857449850677846,0.07267669944185945,0.061127515842503664,0.03328074232324987,0.05583922185721909,0.018759094230787317,0.2886150386794244,0.009657279174057502,0.07295010124069679,0.029783205741642702
W464df89a515d6d220006,0.20327558319935723,0.013688003305999372,0.023469760801396972,0.02857449850677846,0.07267669944185945,0.061127515842503664,0.03328074232324987,0.05583922185721909,0.018759094230787317,0.2886150386794244,0.009657279174057502,0.07295010124069679,0.029783205741642702
W46caf6625c92e8490000,0.031486360596256896,0.003565905247520249,0.014585027555579996,0.023701218070306472,0.02652274724982328,0.028418608960551994,0.02204870433466034,0.022572746945417638,0.12032251789819357,0.04138610406294319,0.5989348275656537,0.01245700614645913,0.016344023333296456
W46caf6625c92e8490001,0.031486360596256896,0.003565905247520249,0.014585027555579996,0.023701218070306472,0.02652274724982328,0.028418608960551994,0.02204870433466034,0.022572746945417638,0.12032251789819357,0.04138610406294319,0.5989348275656537,0.01245700614645913,0.016344023333296456
W46caf6625c92e8490002,0.031486360596256896,0.003565905247520249,0.014585027555579996,0.023701218070306472,0.02652274724982328,0.028418608960551994,0.02204870433466034,0.022572746945417638,0.12032251789819357,0.04138610406294319,0.5989348275656537,0.01245700614645913,0.016344023333296456
W46caf6625c92e8490003,0.031486360596256896,0.003565905247520249,0.014585027555579996,0.023701218070306472,0.02652274724982328,0.028418608960551994,0.02204870433466034,0.022572746945417638,0.12032251789819357,0.04138610406294319,0.5989348275656537,0.01245700614645913,0.016344023333296456
W46caf6625c92e8490004,0.031486360596256896,0.003565905247520249,0.014585027555579996,0.023701218070306472,0.02652274724982328,0.028418608960551994,0.02204870433466034,0.022572746945417638,0.12032251789819357,0.04138610406294319,0.5989348275656537,0.01245700614645913,0.016344023333296456
W46caf6625c92e8490005,0.031486360596256896,0.003565905247520249,0.014585027555579996,0.023701218070306472,0.02652274724982328,0.028418608960551994,0.02204870433466034,0.022572746945417638,0.12032251789819357,0.04138610406294319,0.5989348275656537,0.01245700614645913,0.016344023333296456
W46caf6625c92e8490006,0.031486360596256896,0.003565905247520249,0.014585027555579996,0.023701218070306472,0.02652274724982328,0.028418608960551994,0.02204870433466034,0.022572746945417638,0.12032251789819357,0.04138610406294319,0.5989348275656537,0.01245700614645913,0.016344023333296456
W474deeee09a43e6b0000,0.03871288631661266,0.0006051997088149104,0.02815948084047277,0.028674433155689603,0.020558891508919784,0.18511412240712236,0.006196706320760859,0.0012884363186206154,0.0021783620906668604,0.010412483865838106,0.00027166974366683405,0.6699295932425484,0.004001138428674145
W474deeee09a43e6b0001,0.03871288631661266,0.0006051997088149104,0.02815948084047277,0.028674433155689603,0.020558891508919784,0.18511412240712236,0.006196706320760859,0.0012884363186206154,0.0021783620906668604,0.010412483865838106,0.00027166974366683405,0.6699295932425484,0.004001138428674145
W474deeee09a43e6b0002,0.03871288631661266,0.0006051997088149104,0.02815948084047277,0.028674433155689603,0.020558891508919784,0.18511412240712236,0.006196706320760859,0.0012884363186206154,0.0021783620906668604,0.010412483865838106,0.00027166974366683405,0.6699295932425484,0.004001138428674145
W474deeee09a43e6b0003,0.03871288631661266,0.0006051997088149104,0.02815948084047277,0.028674433155689603,0.020558891508919784,0.18511412240712236,0.006196706320760859,0.0012884363186206154,0.0021783620906668604,0.010412483865838106,0.00027166974366683405,0.6699295932425484,0.004001138428674145
W474deeee09a43e6b0004,0.03871288631661266,0.0006051997088149104,0.02815948084047277,0.028674433155689603,0.020558891508919784,0.18511412240712236,0.006196706320760859,0.0012884363186206154,0.0021783620906668604,0.010412483865838106,0.00027166974366683405,0.6699295932425484,0.004001138428674145
W474deeee09a43e6b0005,0.03871288631661266,0.0006051997088149104,0.02815948084047277,0.028674433155689603,0.020558891508919784,0.18511412240712236,0.006196706320760859,0.0012884363186206154,0.0021783620906668604,0.010412483865838106,0.00027166974366683405,0.6699295932425484,0.004001138428674145
W474deeee09a43e6b0006,0.03871288631661266,0.0006051997088149104,0.02815948084047277,0.028674433155689603,0.020558891508919784,0.18511412240712236,0.006196706320760859,0.0012884363186206154,0.0021783620906668604,0.010412483865838106,0.00027166974366683405,0.6699295932425484,0.004001138428674145
W47cbd528d616aeff0000,0.008191590170590846,0.004128783287505244,0.05328358079483581,0.0368589267032619,0.036770573543987994,0.01786966088764521,0.21971987761672523,0.08794936035415829,0.061057013310045656,0.02658974316803427,0.27802687547484206,0.01835893349342888,0.022268979380411048
W47cbd528d616aeff0001,0.008191590170590846,0.004128783287505244,0.05328358079483581,0.0368589267032619,0.036770573543987994,0.01786966088764521,0.21971987761672523,0.08794936035415829,0.061057013310045656,0.02658974316803427,0.27802687547484206,0.01835893349342888,0.022268979380411048
W47cbd528d616aeff0002,0.008191590170590846,0.004128783287505244,0.05328358079483581,0.0368589267032619,0.036770573543987994,0.01786966088764521,0.21971987761672523,0.08794936035415829,0.061057013310045656,0.02658974316803427,0.27802687547484206,0.01835893349342888,0.022268979380411048
W47cbd528d616aeff0003,0.008191590170590846,0.004128783287505244,0.05328358079483581,0.0368589267032619,0.036770573543987994,0.01786966088764521,0.21971987761672523,0.08794936035415829,0.061057013310045656,0.02658974316803427,0.27802687547484206,0.01835893349342888,0.022268979380411048
W47cbd528d616aeff0004,0.008191590170590846,0.004128783287505244,0.05328358079483581,0.0368589267032619,0.036770573543987994,0.01786966088764521,0.21971987761672523,0.08794936035415829,0.061057013310045656,0.02658974316803427,0.27802687547484206,0.01835893349342888,0.022268979380411048
W47cbd528d616aeff0005,0.008191590170590846,0.004128783287505244,0.05328358079483581,0.0368589267032619,0.036770573543987994,0.01786966088764521,0.21971987761672523,0.08794936035415829,0.061057013310045656,0.02658974316803427,0.27802687547484206,0.01835893349342888,0.022268979380411048
W47cbd528d616aeff0006,0.008191590170590846,0.004128783287505244,0.05328358079483581,0.0368589267032619,0.036770573543987994,0.01786966088764521,0.21971987761672523,0.08794936035415829,0.061057013310045656,0.02658974316803427,0.27802687547484206,0.01835893349342888,0.022268979380411048
W47e0abad7c6045cc0000,0.009885990071401516,0.000609178460994374,0.1079957119432684,0.07262492800952768,0.04333692576679766,0.25077131617828885,0.010242354621585296,0.011080119263053951,0.002293984416446989,0.016726763029646336,0.008288799404006085,0.4503080743094965,0.007060943932325884
W47e0abad7c6045cc0001,0.009885990071401516,0.000609178460994374,0.1079957119432684,0.07262492800952768,0.04333692576679766,0.25077131617828885,0.010242354621585296,0.011080119263053951,0.002293984416446989,0.016726763029646336,0.008288799404006085,0.4503080743094965,0.007060943932325884
W47e0abad7c6045cc0002,0.009885990071401516,0.000609178460994374,0.1079957119432684,0.07262492800952768,0.04333692576679766,0.25077131617828885,0.010242354621585296,0.011080119263053951,0.002293984416446989,0.016726763029646336,0.008288799404006085,0.4503080743094965,0.007060943932325884
W47e0abad7c6045cc0003,0.009885990071401516,0.000609178460994374,0.1079957119432684,0.07262492800952768,0.04333692576679766,0.25077131617828885,0.010242354621585296,0.011080119263053951,0.002293984416446989,0.016726763029646336,0.008288799404006085,0.4503080743094965,0.007060943932325884
W47e0abad7c6045cc0004,0.009885990071401516,0.000609178460994374,0.1079957119432684,0.07262492800952768,0.04333692576679766,0.25077131617828885,0.010242354621585296,0.011080119263053951,0.002293984416446989,0.016726763029646336,0.008288799404006085,0.4503080743094965,0.007060943932325884
W47e0abad7c6045cc0005,0.009885990071401516,0.000609178460994374,0.1079957119432684,0.07262492800952768,0.04333692576679766,0.25077131617828885,0.010242354621585296,0.011080119263053951,0.002293984416446989,0.016726763029646336,0.008288799404006085,0.4503080743094965,0.007060943932325884
W47e0abad7c6045cc0006,0.009885990071401516,0.000609178460994374,0.1079957119432684,0.07262492800952768,0.04333692576679766,0.25077131617828885,0.010242354621585296,0.011080119263053951,0.002293984416446989,0.016726763029646336,0.008288799404006085,0.4503080743094965,0.007060943932325884
W48a6edf5a92845740000,0.048445286137220434,0.16684310423400497,0.018200192556507493,0.04361892838199928,0.08692265488553418,0.03743921582553332,0.03593657940819362,0.10443686224360724,0.011512444540781038,0.18258377642594384,0.0807212091338132,0.017957407996315827,0.05431168858495071
W48a6edf5a92845740001,0.048445286137220434,0.16684310423400497,0.018200192556507493,0.04361892838199928,0.08692265488553418,0.03743921582553332,0.03593657940819362,0.10443686224360724,0.011512444540781038,0.18258377642594384,0.0807212091338132,0.017957407996315827,0.05431168858495071
W48a6edf5a92845740002,0.048445286137220434,0.16684310423400497,0.018200192556507493,0.04361892838199928,0.08692265488553418,0.03743921582553332,0.03593657940819362,0.10443686224360724,0.011512444540781038,0.18258377642594384,0.0807212091338132,0.017957407996315827,0.05431168858495071
W48a6edf5a92845740003,0.048445286137220434,0.16684310423400497,0.018200192556507493,0.04361892838199928,0.08692265488553418,0.03743921582553332,0.03593657940819362,0.10443686224360724,0.011512444540781038,0.18258377642594384,0.0807212091338132,0.017957407996315827,0.05431168858495071
W48a6edf5a92845740004,0.048445286137220434,0.16684310423400497,0.018200192556507493,0.04361892838199928,0.08692265488553418,0.03743921582553332,0.03593657940819362,0.10443686224360724,0.011512444540781038,0.18258377642594384,0.0807212091338132,0.017957407996315827,0.05431168858495071
W48a6edf5a92845740005,0.048445286137220434,0.16684310423400497,0.018200192556507493,0.04361892838199928,0.08692265488553418,0.03743921582553332,0.03593657940819362,0.10443686224360724,0.011512444540781038,0.18258377642594384,0.0807212091338132,0.017957407996315827,0.05431168858495071
W48a6edf5a92845740006,0.048445286137220434,0.16684310423400497,0.018200192556507493,0.04361892838199928,0.08692265488553418,0.03743921582553332,0.03593657940819362,0.10443686224360724,0.011512444540781038,0.18258377642594384,0.0807212091338132,0.017957407996315827,0.05431168858495071
W4a58e097b02affee0000,0.006010244101928129,0.003284118327228466,0.09898967074512713,0.015118074591729098,0.04537403656893053,0.027136415046614952,0.02193665928470637,0.08092504222571936,0.007931188037261795,0.5774667272126062,0.025731006288419175,0.005773646110386927,0.02753007321675257
W4a58e097b02affee0001,0.006010244101928129,0.003284118327228466,0.09898967074512713,0.015118074591729098,0.04537403656893053,0.027136415046614952,0.02193665928470637,0.08092504222571936,0.007931188037261795,0.5774667272126062,0.025731006288419175,0.005773646110386927,0.02753007321675257
W4a58e097b02affee0002,0.006010244101928129,0.003284118327228466,0.09898967074512713,0.015118074591729098,0.04537403656893053,0.027136415046614952,0.02193665928470637,0.08092504222571936,0.007931188037261795,0.5774667272126062,0.025731006288419175,0.005773646110386927,0.02753007321675257
W4a58e097b02affee0003,0.006010244101928129,0.003284118327228466,0.09898967074512713,0.015118074591729098,0.04537403656893053,0.027136415046614952,0.02193665928470637,0.08092504222571936,0.007931188037261795,0.5774667272126062,0.025731006288419175,0.005773646110386927,0.02753007321675257
W4a58e097b02affee0004,0.006010244101928129,0.003284118327228466,0.09898967074512713,0.015118074591729098,0.04537403656893053,0.027136415046614952,0.02193665928470637,0.08092504222571936,0.007931188037261795,0.5774667272126062,0.025731006288419175,0.005773646110386927,0.02753007321675257
W4a58e097b02affee0005,0.006010244101928129,0.003284118327228466,0.09898967074512713,0.015118074591729098,0.04537403656893053,0.027136415046614952,0.02193665928470637,0.08092504222571936,0.007931188037261795,0.5774667272126062,0.025731006288419175,0.005773646110386927,0.02753007321675257
W4a58e097b02affee0006,0.006010244101928129,0.003284118327228466,0.09898967074512713,0.015118074591729098,0.04537403656893053,0.027136415046614952,0.02193665928470637,0.08092504222571936,0.007931188037261795,0.5774667272126062,0.025731006288419175,0.005773646110386927,0.02753007321675257
W4c18d806976b77260000,0.0036170798536504017,0.012223852583645499,0.08483663882745351,0.040543180681195015,0.031149395346817335,0.03325296640484815,0.6848800406437889,0.005278619468390781,0.006643871485751147,0.00832516116670597,0.015364805847522275,0.009502572058225307,0.019328033512746503
W4c18d806976b77260001,0.0036170798536504017,0.012223852583645499,0.08483663882745351,0.040543180681195015,0.031149395346817335,0.03325296640484815,0.6848800406437889,0.005278619468390781,0.006643871485751147,0.00832516116670597,0.015364805847522275,0.009502572058225307,0.019328033512746503
W4c18d806976b77260002,0.0036170798536504017,0.012223852583645499,0.08483663882745351,0.040543180681195015,0.031149395346817335,0.03325296640484815,0.6848800406437889,0.005278619468390781,0.006643871485751147,0.00832516116670597,0.015364805847522275,0.009502572058225307,0.019328033512746503
W4c18d806976b77260003,0.0036170798536504017,0.012223852583645499,0.08483663882745351,0.040543180681195015,0.031149395346817335,0.03325296640484815,0.6848800406437889,0.005278619468390781,0.006643871485751147,0.00832516116670597,0.015364805847522275,0.009502572058225307,0.019328033512746503
W4c18d806976b77260004,0.0036170798536504017,0.012223852583645499,0.08483663882745351,0.040543180681195015,0.031149395346817335,0.03325296640484815,0.6848800406437889,0.005278619468390781,0.006643871485751147,0.00832516116670597,0.015364805847522275,0.009502572058225307,0.019328033512746503
W4c18d806976b77260005,0.0036170798536504017,0.012223852583645499,0.08483663882745351,0.040543180681195015,0.031149395346817335,0.03325296640484815,0.6848800406437889,0.005278619468390781,0.006643871485751147,0.00832516116670597,0.015364805847522275,0.009502572058225307,0.019328033512746503
W4c18d806976b77260006,0.0036170798536504017,0.012223852583645499,0.08483663882745351,0.040543180681195015,0.031149395346817335,0.03325296640484815,0.6848800406437889,0.005278619468390781,0.006643871485751147,0.00832516116670597,0.015364805847522275,0.009502572058225307,0.019328033512746503
W4d47f4ab363886280000,0.012341728278422507,0.0012387505856217285,0.0852948809573589,0.14436133980363178,0.11393128241711847,0.22466339771743735,0.3288880893411368,0.0022001299998870775,0.0024514170924472964,0.00635494552072816,0.0014727305177964858,0.058853351750549183,0.006003241813872706
W4d47f4ab363886280001,0.012341728278422507,0.0012387505856217285,0.0852948809573589,0.14436133980363178,0.11393128241711847,0.22466339771743735,0.3288880893411368,0.0022001299998870775,0.0024514170924472964,0.00635494552072816,0.0014727305177964858,0.058853351750549183,0.006003241813872706
W4d47f4ab363886280002,0.012341728278422507,0.0012387505856217285,0.0852948809573589,0.14436133980363178,0.11393128241711847,0.22466339771743735,0.3288880893411368,0.0022001299998870775,0.0024514170924472964,0.00635494552072816,0.0014727305177964858,0.058853351750549183,0.006003241813872706
W4d47f4ab363886280003,0.012341728278422507,0.0012387505856217285,0.0852948809573589,0.14436133980363178,0.11393128241711847,0.22466339771743735,0.3288880893411368,0.0022001299998870775,0.0024514170924472964,0.00635494552072816,0.0014727305177964858,0.058853351750549183,0.006003241813872706
W4d47f4ab363886280004,0.012341728278422507,0.0012387505856217285,0.0852948809573589,0.14436133980363178,0.11393128241711847,0.22466339771743735,0.3288880893411368,0.0022001299998870775,0.0024514170924472964,0.00635494552072816,0.0014727305177964858,0.058853351750549183,0.006003241813872706
W4d47f4ab363886280005,0.012341728278422507,0.0012387505856217285,0.0852948809573589,0.14436133980363178,0.11393128241711847,0.22466339771743735,0.3288880893411368,0.0022001299998870775,0.0024514170924472964,0.00635494552072816,0.0014727305177964858,0.058853351750549183,0.006003241813872706
W4d47f4ab363886280006,0.012341728278422507,0.0012387505856217285,0.0852948809573589,0.14436133980363178,0.11393128241711847,0.22466339771743735,0.3288880893411368,0.0022001299998870775,0.0024514170924472964,0.00635494552072816,0.0014727305177964858,0.058853351750549183,0.006003241813872706
W4db21bcac263f5970000,0.019384064035094992,0.0025791029920953622,0.035442367211110735,0.03119683880441554,0.04825873817199664,0.021723208040970516,0.015165116987140058,0.6827644142116558,0.011440792470988953,0.05486599605657718,0.01244512127554094,0.013087337179739823,0.006276606124794772
W4db21bcac263f5970001,0.019384064035094992,0.0025791029920953622,0.035442367211110735,0.03119683880441554,0.04825873817199664,0.021723208040970516,0.015165116987140058,0.6827644142116558,0.011440792470988953,0.05486599605657718,0.01244512127554094,0.013087337179739823,0.006276606124794772
W4db21bcac263f5970002,0.019384064035094992,0.0025791029920953622,0.035442367211110735,0.03119683880441554,0.04825873817199664,0.021723208040970516,0.015165116987140058,0.6827644142116558,0.011440792470988953,0.05486599605657718,0.01244512127554094,0.013087337179739823,0.006276606124794772
W4db21bcac263f5970003,0.019384064035094992,0.0025791029920953622,0.035442367211110735,0.03119683880441554,0.04825873817199664,0.021723208040970516,0.015165116987140058,0.6827644142116558,0.011440792470988953,0.05486599605657718,0.01244512127554094,0.013087337179739823,0.006276606124794772
W4db21bcac263f5970004,0.019384064035094992,0.0025791029920953622,0.035442367211110735,0.03119683880441554,0.04825873817199664,0.021723208040970516,0.015165116987140058,0.6827644142116558,0.011440792470988953,0.05486599605657718,0.01244512127554094,0.013087337179739823,0.006276606124794772
W4db21bcac263f5970005,0.019384064035094992,0.0025791029920953622,0.035442367211110735,0.03119683880441554,0.04825873817199664,0.021723208040970516,0.015165116987140058,0.6827644142116558,0.011440792470988953,0.05486599605657718,0.01244512127554094,0.013087337179739823,0.006276606124794772
W4db21bcac263f5970006,0.019384064035094992,0.0025791029920953622,0.035442367211110735,0.03119683880441554,0.04825873817199664,0.021723208040970516,0.015165116987140058,0.6827644142116558,0.011440792470988953,0.05486599605657718,0.01244512127554094,0.013087337179739823,0.006276606124794772
W50234e213d2d407e0000,0.03306536268106094,0.08088167143005531,0.05276010421489691,0.029157747176825417,0.0557943323220241,0.1295464384206267,0.45906068251762777,0.015201437005969296,0.004911610316284675,0.010653137690691192,0.04605478130374688,0.029877714182786265,0.013447289999326324
W50234e213d2d407e0001,0.03306536268106094,0.08088167143005531,0.05276010421489691,0.029157747176825417,0.0557943323220241,0.1295464384206267,0.45906068251762777,0.015201437005969296,0.004911610316284675,0.010653137690691192,0.04605478130374688,0.029877714182786265,0.013447289999326324
W50234e213d2d407e0002,0.03306536268106094,0.08088167143005531,0.05276010421489691,0.029157747176825417,0.0557943323220241,0.1295464384206267,0.45906068251762777,0.015201437005969296,0.004911610316284675,0.010653137690691192,0.04605478130374688,0.029877714182786265,0.013447289999326324
W50234e213d2d407e0003,0.03306536268106094,0.08088167143005531,0.05276010421489691,0.029157747176825417,0.0557943323220241,0.1295464384206267,0.45906068251762777,0.015201437005969296,0.004911610316284675,0.010653137690691192,0.04605478130374688,0.029877714182786265,0.013447289999326324
W50234e213d2d407e0004,0.03306536268106094,0.08088167143005531,0.05276010421489691,0.029157747176825417,0.0557943323220241,0.1295464384206267,0.45906068251762777,0.015201437005969296,0.004911610316284675,0.010653137690691192,0.04605478130374688,0.029877714182786265,0.013447289999326324
W50234e213d2d407e0005,0.03306536268106094,0.08088167143005531,0.05276010421489691,0.029157747176825417,0.0557943323220241,0.1295464384206267,0.45906068251762777,0.015201437005969296,0.004911610316284675,0.010653137690691192,0.04605478130374688,0.029877714182786265,0.013447289999326324
W50234e213d2d407e0006,0.03306536268106094,0.08088167143005531,0.05276010421489691,0.029157747176825417,0.0557943323220241,0.1295464384206267,0.45906068251762777,0.015201437005969296,0.004911610316284675,0.010653137690691192,0.04605478130374688,0.029877714182786265,0.013447289999326324
W524e3e385f318ae50000,0.014823413936054899,0.0001917444878621869,0.031785215414653005,0.0431657318935805,0.03870048273305093,0.032110150523612685,0.015104383307914377,0.050950303107685356,0.10142689441337495,0.0327060327151255,0.5735743636275787,0.003891890048015075,0.006637649628974755
W524e3e385f318ae50001,0.014823413936054899,0.0001917444878621869,0.031785215414653005,0.0431657318935805,0.03870048273305093,0.032110150523612685,0.015104383307914377,0.050950303107685356,0.10142689441337495,0.0327060327151255,0.5735743636275787,0.003891890048015075,0.006637649628974755
W524e3e385f318ae50002,0.014823413936054899,0.0001917444878621869,0.031785215414653005,0.0431657318935805,0.03870048273305093,0.032110150523612685,0.015104383307914377,0.050950303107685356,0.10142689441337495,0.0327060327151255,0.5735743636275787,0.003891890048015075,0.006637649628974755
W524e3e385f318ae50003,0.014823413936054899,0.0001917444878621869,0.031785215414653005,0.0431657318935805,0.03870048273305093,0.032110150523612685,0.015104383307914377,0.050950303107685356,0.10142689441337495,0.0327060327151255,0.5735743636275787,0.003891890048015075,0.006637649628974755
W524e3e385f318ae50004,0.014823413936054899,0.0001917444878621869,0.031785215414653005,0.0431657318935805,0.03870048273305093,0.032110150523612685,0.015104383307914377,0.050950303107685356,0.10142689441337495,0.0327060327151255,0.5735743636275787,0.003891890048015075,0.006637649628974755
W524e3e385f318ae50005,0.014823413936054899,0.0001917444878621869,0.031785215414653005,0.0431657318935805,0.03870048273305093,0.032110150523612685,0.015104383307914377,0.050950303107685356,0.10142689441337495,0.0327060327151255,0.5735743636275787,0.003891890048015075,0.006637649628974755
W524e3e385f318ae50006,0.014823413936054899,0.0001917444878621869,0.031785215414653005,0.0431657318935805,0.03870048273305093,0.032110150523612685,0.015104383307914377,0.050950303107685356,0.10142689441337495,0.0327060327151255,0.5735743636275787,0.003891890048015075,0.006637649628974755
W534b20232e0659880000,0.502045464177383,0.006353737263413021,0.024466816075986244,0.02834714159581346,0.07077446719421222,0.011208247664161912,0.019361260020197137,0.031532113843767876,0.010460033580269671,0.10763485433313441,0.005345868773719199,0.08753159159891334,0.04962077920874957
W534b20232e0659880001,0.502045464177383,0.006353737263413021,0.024466816075986244,0.02834714159581346,0.07077446719421222,0.011208247664161912,0.019361260020197137,0.031532113843767876,0.010460033580269671,0.10763485433313441,0.005345868773719199,0.08753159159891334,0.04962077920874957
W534b20232e0659880002,0.502045464177383,0.006353737263413021,0.024466816075986244,0.02834714159581346,0.07077446719421222,0.011208247664161912,0.019361260020197137,0.031532113843767876,0.010460033580269671,0.10763485433313441,0.005345868773719199,0.08753159159891334,0.04962077920874957
W534b20232e0659880003,0.502045464177383,0.006353737263413021,0.024466816075986244,0.02834714159581346,0.07077446719421222,0.011208247664161912,0.019361260020197137,0.031532113843767876,0.010460033580269671,0.10763485433313441,0.005345868773719199,0.08753159159891334,0.04962077920874957
W534b20232e0659880004,0.502045464177383,0.006353737263413021,0.024466816075986244,0.02834714159581346,0.07077446719421222,0.011208247664161912,0.019361260020197137,0.031532113843767876,0.010460033580269671,0.10763485433313441,0.005345868773719199,0.08753159159891334,0.04962077920874957
W534b20232e0659880005,0.502045464177383,0.006353737263413021,0.024466816075986244,0.02834714159581346,0.07077446719421222,0.011208247664161912,0.019361260020197137,0.031532113843767876,0.010460033580269671,0.10763485433313441,0.005345868773719199,0.08753159159891334,0.04962077920874957
W534b20232e0659880006,0.502045464177383,0.006353737263413021,0.024466816075986244,0.02834714159581346,0.07077446719421222,0.011208247664161912,0.019361260020197137,0.031532113843767876,0.010460033580269671,0.10763485433313441,0.005345868773719199,0.08753159159891334,0.04962077920874957
W54ad0480a569cb320000,0.006155264670329564,0.8454451981953838,0.0039965423867171545,0.0019428094820037544,0.0034998862473792462,0.0012094136512824814,0.010229487269492415,0.018055697841154444,0.0652441642405738,0.00021750571044035945,0.028533684969106455,0.006532759851013963,0.0017783984398000341
W54ad0480a569cb320001,0.006155264670329564,0.8454451981953838,0.0039965423867171545,0.0019428094820037544,0.0034998862473792462,0.0012094136512824814,0.010229487269492415,0.018055697841154444,0.0652441642405738,0.00021750571044035945,0.028533684969106455,0.006532759851013963,0.0017783984398000341
W54ad0480a569cb320002,0.006155264670329564,0.8454451981953838,0.0039965423867171545,0.0019428094820037544,0.0034998862473792462,0.0012094136512824814,0.010229487269492415,0.018055697841154444,0.0652441642405738,0.00021750571044035945,0.028533684969106455,0.006532759851013963,0.0017783984398000341
W54ad0480a569cb320003,0.006155264670329564,0.8454451981953838,0.0039965423867171545,0.0019428094820037544,0.0034998862473792462,0.0012094136512824814,0.010229487269492415,0.018055697841154444,0.0652441642405738,0.00021750571044035945,0.028533684969106455,0.006532759851013963,0.0017783984398000341
W54ad0480a569cb320004,0.006155264670329564,0.8454451981953838,0.0039965423867171545,0.0019428094820037544,0.0034998862473792462,0.0012094136512824814,0.010229487269492415,0.018055697841154444,0.0652441642405738,0.00021750571044035945,0.028533684969106455,0.006532759851013963,0.0017783984398000341
W54ad0480a569cb320005,0.006155264670329564,0.8454451981953838,0.0039965423867171545,0.0019428094820037544,0.0034998862473792462,0.0012094136512824814,0.010229487269492415,0.018055697841154444,0.0652441642405738,0.00021750571044035945,0.028533684969106455,0.006532759851013963,0.0017783984398000341
W54ad0480a569cb320006,0.006155264670329564,0.8454451981953838,0.0039965423867171545,0.0019428094820037544,0.0034998862473792462,0.0012094136512824814,0.010229487269492415,0.018055697841154444,0.0652441642405738,0.00021750571044035945,0.028533684969106455,0.006532759851013963,0.0017783984398000341
W54bebce4609783090000,0.004257221445690919,0.8950405525416746,0.0052948529217188706,0.0007483680229566716,0.0034291872606912843,0.00011020082911228769,0.010999700065200731,0.004051808663158463,0.05026706029847508,0.0013027558313545805,0.018729647565954407,0.0029378246300751404,0.0016741778851129326
W54bebce4609783090001,0.004257221445690919,0.8950405525416746,0.0052948529217188706,0.0007483680229566716,0.0034291872606912843,0.00011020082911228769,0.010999700065200731,0.004051808663158463,0.05026706029847508,0.0013027558313545805,0.018729647565954407,0.0029378246300751404,0.0016741778851129326
W54bebce4609783090002,0.004257221445690919,0.8950405525416746,0.0052948529217188706,0.0007483680229566716,0.0034291872606912843,0.00011020082911228769,0.010999700065200731,0.004051808663158463,0.05026706029847508,0.0013027558313545805,0.018729647565954407,0.0029378246300751404,0.0016741778851129326
W54bebce4609783090003,0.004257221445690919,0.8950405525416746,0.0052948529217188706,0.0007483680229566716,0.0034291872606912843,0.00011020082911228769,0.010999700065200731,0.004051808663158463,0.05026706029847508,0.0013027558313545805,0.018729647565954407,0.0029378246300751404,0.0016741778851129326
W54bebce4609783090004,0.004257221445690919,0.8950405525416746,0.0052948529217188706,0.0007483680229566716,0.0034291872606912843,0.00011020082911228769,0.010999700065200731,0.004051808663158463,0.05026706029847508,0.0013027558313545805,0.018729647565954407,0.0029378246300751404,0.0016741778851129326
W54bebce4609783090005,0.004257221445690919,0.8950405525416746,0.0052948529217188706,0.0007483680229566716,0.0034291872606912843,0.00011020082911228769,0.010999700065200731,0.004051808663158463,0.05026706029847508,0.0013027558313545805,0.018729647565954407,0.0029378246300751404,0.0016741778851129326
W54bebce4609783090006,0.004257221445690919,0.8950405525416746,0.0052948529217188706,0.0007483680229566716,0.0034291872606912843,0.00011020082911228769,0.010999700065200731,0.004051808663158463,0.05026706029847508,0.0013027558313545805,0.018729647565954407,0.0029378246300751404,0.0016741778851129326
W54ee2ed2c75bc2f50000,0.01115206225740853,0.7461217431356144,0.01872326294575271,0.014631884737153704,0.02420746165381986,0.008675182213715977,0.06651899177095147,0.01630542239510225,0.005123546244907327,0.005082614031373206,0.024439404300407388,0.008502425705717171,0.008670649842454279
W54ee2ed2c75bc2f50001,0.01115206225740853,0.7461217431356144,0.01872326294575271,0.014631884737153704,0.02420746165381986,0.008675182213715977,0.06651899177095147,0.01630542239510225,0.005123546244907327,0.005082614031373206,0.024439404300407388,0.008502425705717171,0.008670649842454279
W54ee2ed2c75bc2f50002,0.01115206225740853,0.7461217431356144,0.01872326294575271,0.014631884737153704,0.02420746165381986,0.008675182213715977,0.06651899177095147,0.01630542239510225,0.005123546244907327,0.005082614031373206,0.024439404300407388,0.008502425705717171,0.008670649842454279
W54ee2ed2c75bc2f50003,0.01115206225740853,0.7461217431356144,0.01872326294575271,0.014631884737153704,0.02420746165381986,0.008675182213715977,0.06651899177095147,0.01630542239510225,0.005123546244907327,0.005082614031373206,0.024439404300407388,0.008502425705717171,0.008670649842454279
W54ee2ed2c75bc2f50004,0.01115206225740853,0.7461217431356144,0.01872326294575271,0.014631884737153704,0.02420746165381986,0.008675182213715977,0.06651899177095147,0.01630542239510225,0.005123546244907327,0.005082614031373206,0.024439404300407388,0.008502425705717171,0.008670649842454279
W54ee2ed2c75bc2f50005,0.01115206225740853,0.7461217431356144,0.01872326294575271,0.014631884737153704,0.02420746165381986,0.008675182213715977,0.06651899177095147,0.01630542239510225,0.005123546244907327,0.005082614031373206,0.024439404300407388,0.008502425705717171,0.008670649842454279
W54ee2ed2c75bc2f50006,0.01115206225740853,0.7461217431356144,0.01872326294575271,0.014631884737153704,0.02420746165381986,0.008675182213715977,0.06651899177095147,0.01630542239510225,0.005123546244907327,0.005082614031373206,0.024439404300407388,0.008502425705717171,0.008670649842454279
W55036d5bf29e8bf00000,0.001700212736723461,0.0018636795751481921,0.023285993666056985,0.013161113457047182,0.016838472266241154,0.006864643035326341,0.009558789781493429,0.033307366385567,0.08669863335889633,0.01780209601929786,0.4543014106967509,0.005860712015590803,0.08167953843356739
W55036d5bf29e8bf00001,0.001700212736723461,0.0018636795751481921,0.023285993666056985,0.013161113457047182,0.016838472266241154,0.006864643035326341,0.009558789781493429,0.033307366385567,0.08669863335889633,0.01780209601929786,0.4543014106967509,0.005860712015590803,0.08167953843356739
W55036d5bf29e8bf00002,0.001700212736723461,0.0018636795751481921,0.023285993666056985,0.013161113457047182,0.016838472266241154,0.006864643035326341,0.009558789781493429,0.033307366385567,0.08669863335889633,0.01780209601929786,0.4543014106967509,0.005860712015590803,0.08167953843356739
W55036d5bf29e8bf00003,0.001700212736723461,0.0018636795751481921,0.023285993666056985,0.013161113457047182,0.016838472266241154,0.006864643035326341,0.009558789781493429,0.033307366385567,0.08669863335889633,0.01780209601929786,0.4543014106967509,0.005860712015590803,0.08167953843356739
W55036d5bf29e8bf00004,0.001700212736723461,0.0018636795751481921,0.023285993666056985,0.013161113457047182,0.016838472266241154,0.006864643035326341,0.009558789781493429,0.033307366385567,0.08669863335889633,0.01780209601929786,0.4543014106967509,0.005860712015590803,0.08167953843356739
W55036d5bf29e8bf00005,0.001700212736723461,0.0018636795751481921,0.023285993666056985,0.013161113457047182,0.016838472266241154,0.006864643035326341,0.009558789781493429,0.033307366385567,0.08669863335889633,0.01780209601929786,0.4543014106967509,0.005860712015590803,0.08167953843356739
W55036d5bf29e8bf00006,0.001700212736723461,0.0018636795751481921,0.023285993666056985,0.013161113457047182,0.016838472266241154,0.006864643035326341,0.009558789781493429,0.033307366385567,0.08669863335889633,0.01780209601929786,0.4543014106967509,0.005860712015590803,0.08167953843356739
W55377da729846c8b0000,0.02054498096870472,0.0006366678684516628,0.01556887448153584,0.02098921597152535,0.05375649551065895,0.02634601124363485,0.013480502482508297,0.0631405493104863,0.5216067039640457,0.07447829340046784,0.11432428302675442,0.008524030122622352,0.0111632492173001
W55377da729846c8b0001,0.02054498096870472,0.0006366678684516628,0.01556887448153584,0.02098921597152535,0.05375649551065895,0.02634601124363485,0.013480502482508297,0.0631405493104863,0.5216067039640457,0.07447829340046784,0.11432428302675442,0.008524030122622352,0.0111632492173001
W55377da729846c8b0002,0.02054498096870472,0.0006366678684516628,0.01556887448153584,0.02098921597152535,0.05375649551065895,0.02634601124363485,0.013480502482508297,0.0631405493104863,0.5216067039640457,0.07447829340046784,0.11432428302675442,0.008524030122622352,0.0111632492173001
W55377da729846c8b0003,0.02054498096870472,0.0006366678684516628,0.01556887448153584,0.02098921597152535,0.05375649551065895,0.02634601124363485,0.013480502482508297,0.0631405493104863,0.5216067039640457,0.07447829340046784,0.11432428302675442,0.008524030122622352,0.0111632492173001
W55377da729846c8b0004,0.02054498096870472,0.0006366678684516628,0.01556887448153584,0.02098921597152535,0.05375649551065895,0.02634601124363485,0.013480502482508297,0.0631405493104863,0.5216067039640457,0.07447829340046784,0.11432428302675442,0.008524030122622352,0.0111632492173001
W55377da729846c8b0005,0.02054498096870472,0.0006366678684516628,0.01556887448153584,0.02098921597152535,0.05375649551065895,0.02634601124363485,0.013480502482508297,0.0631405493104863,0.5216067039640457,0.07447829340046784,0.11432428302675442,0.008524030122622352,0.0111632492173001
W55377da729846c8b0006,0.02054498096870472,0.0006366678684516628,0.01556887448153584,0.02098921597152535,0.05375649551065895,0.02634601124363485,0.013480502482508297,0.0631405493104863,0.5216067039640457,0.07447829340046784,0.11432428302675442,0.008524030122622352,0.0111632492173001
W5626f48fb9a65fd30000,0.018063467590439218,0.01787500099326243,0.10982538923319832,0.05693475364865324,0.05078175930387895,0.02009706667301663,0.240928364765861,0.04170133039633713,0.019347751086757063,0.021433535793063636,0.17920142794173044,0.009446002597499458,0.05696825394650494
W5626f48fb9a65fd30001,0.018063467590439218,0.01787500099326243,0.10982538923319832,0.05693475364865324,0.05078175930387895,0.02009706667301663,0.240928364765861,0.04170133039633713,0.019347751086757063,0.021433535793063636,0.17920142794173044,0.009446002597499458,0.05696825394650494
W5626f48fb9a65fd30002,0.018063467590439218,0.01787500099326243,0.10982538923319832,0.05693475364865324,0.05078175930387895,0.02009706667301663,0.240928364765861,0.04170133039633713,0.019347751086757063,0.021433535793063636,0.17920142794173044,0.009446002597499458,0.05696825394650494
W5626f48fb9a65fd30003,0.018063467590439218,0.01787500099326243,0.10982538923319832,0.05693475364865324,0.05078175930387895,0.02009706667301663,0.240928364765861,0.04170133039633713,0.019347751086757063,0.021433535793063636,0.17920142794173044,0.009446002597499458,0.05696825394650494
W5626f48fb9a65fd30004,0.018063467590439218,0.01787500099326243,0.10982538923319832,0.05693475364865324,0.05078175930387895,0.02009706667301663,0.240928364765861,0.04170133039633713,0.019347751086757063,0.021433535793063636,0.17920142794173044,0.009446002597499458,0.05696825394650494
W5626f48fb9a65fd30005,0.018063467590439218,0.01787500099326243,0.10982538923319832,0.05693475364865324,0.05078175930387895,0.02009706667301663,0.240928364765861,0.04170133039633713,0.019347751086757063,0.021433535793063636,0.17920142794173044,0.009446002597499458,0.05696825394650494
W5626f48fb9a65fd30006,0.018063467590439218,0.01787500099326243,0.10982538923319832,0.05693475364865324,0.05078175930387895,0.02009706667301663,0.240928364765861,0.04170133039633713,0.019347751086757063,0.021433535793063636,0.17920142794173044,0.009446002597499458,0.05696825394650494
W56ea264a95a55a780000,0.003166001789137315,0.0014673738913255712,0.13980091219842708,0.037153792631846747,0.03996796343993135,0.036772359639738884,0.010103946186472673,0.6630809124557068,0.0030673117867146263,0.01461101974869479,0.0043089133745080836,0.028980984837605278,0.00596169965427666
W56ea264a95a55a780001,0.003166001789137315,0.0014673738913255712,0.13980091219842708,0.037153792631846747,0.03996796343993135,0.036772359639738884,0.010103946186472673,0.6630809124557068,0.0030673117867146263,0.01461101974869479,0.0043089133745080836,0.028980984837605278,0.00596169965427666
W56ea264a95a55a780002,0.003166001789137315,0.0014673738913255712,0.13980091219842708,0.037153792631846747,0.03996796343993135,0.036772359639738884,0.010103946186472673,0.6630809124557068,0.0030673117867146263,0.01461101974869479,0.0043089133745080836,0.028980984837605278,0.00596169965427666
W56ea264a95a55a780003,0.003166001789137315,0.0014673738913255712,0.13980091219842708,0.037153792631846747,0.03996796343993135,0.036772359639738884,0.010103946186472673,0.6630809124557068,0.0030673117867146263,0.01461101974869479,0.0043089133745080836,0.028980984837605278,0.00596169965427666
W56ea264a95a55a780004,0.003166001789137315,0.0014673738913255712,0.13980091219842708,0.037153792631846747,0.03996796343993135,0.036772359639738884,0.010103946186472673,0.6630809124557068,0.0030673117867146263,0.01461101974869479,0.0043089133745080836,0.028980984837605278,0.00596169965427666
W56ea264a95a55a780005,0.003166001789137315,0.0014673738913255712,0.13980091219842708,0.037153792631846747,0.03996796343993135,0.036772359639738884,0.010103946186472673,0.6630809124557068,0.0030673117867146263,0.01461101974869479,0.0043089133745080836,0.028980984837605278,0.00596169965427666
W56ea264a95a55a780006,0.003166001789137315,0.0014673738913255712,0.13980091219842708,0.037153792631846747,0.03996796343993135,0.036772359639738884,0.010103946186472673,0.6630809124557068,0.0030673117867146263,0.01461101974869479,0.0043089133745080836,0.028980984837605278,0.00596169965427666
W59dad39ee79c5ee60000,0.0031673766280557437,0.0009866267844438651,0.007610692437561946,0.002201091376140326,0.0022603616087119673,0.09788923708687877,0.000493847010772178,0.015548015988035575,0.00013007570406550788,7.525049128055432e-05,0.0011777511027588304,0.8499402921690774,0.01819423430447586
W59dad39ee79c5ee60001,0.0031673766280557437,0.0009866267844438651,0.007610692437561946,0.002201091376140326,0.0022603616087119673,0.09788923708687877,0.000493847010772178,0.015548015988035575,0.00013007570406550788,7.525049128055432e-05,0.0011777511027588304,0.8499402921690774,0.01819423430447586
W59dad39ee79c5ee60002,0.0031673766280557437,0.0009866267844438651,0.007610692437561946,0.002201091376140326,0.0022603616087119673,0.09788923708687877,0.000493847010772178,0.015548015988035575,0.00013007570406550788,7.525049128055432e-05,0.0011777511027588304,0.8499402921690774,0.01819423430447586
W59dad39ee79c5ee60003,0.0031673766280557437,0.0009866267844438651,0.007610692437561946,0.002201091376140326,0.0022603616087119673,0.09788923708687877,0.000493847010772178,0.015548015988035575,0.00013007570406550788,7.525049128055432e-05,0.0011777511027588304,0.8499402921690774,0.01819423430447586
W59dad39ee79c5ee60004,0.0031673766280557437,0.0009866267844438651,0.007610692437561946,0.002201091376140326,0.0022603616087119673,0.09788923708687877,0.000493847010772178,0.015548015988035575,0.00013007570406550788,7.525049128055432e-05,0.0011777511027588304,0.8499402921690774,0.01819423430447586
W59dad39ee79c5ee60005,0.0031673766280557437,0.0009866267844438651,0.007610692437561946,0.002201091376140326,0.0022603616087119673,0.09788923708687877,0.000493847010772178,0.015548015988035575,0.00013007570406550788,7.525049128055432e-05,0.0011777511027588304,0.8499402921690774,0.01819423430447586
W59dad39ee79c5ee60006,0.0031673766280557437,0.0009866267844438651,0.007610692437561946,0.002201091376140326,0.0022603616087119673,0.09788923708687877,0.000493847010772178,0.015548015988035575,0.00013007570406550788,7.525049128055432e-05,0.0011777511027588304,0.8499402921690774,0.01819423430447586
W5a0d1356e71f9a420000,0.8340634905111233,0.01938280541097556,0.007183118266141992,0.0010203831476699862,0.011306088460956043,0.003322787503868421,0.0020258843289396433,0.06582808580096645,0.0007601676271571648,0.017402934096724346,5.699272162434951e-05,0.026077676666372136,0.003745061002719275
W5a0d1356e71f9a420001,0.8340634905111233,0.01938280541097556,0.007183118266141992,0.0010203831476699862,0.011306088460956043,0.003322787503868421,0.0020258843289396433,0.06582808580096645,0.0007601676271571648,0.017402934096724346,5.699272162434951e-05,0.026077676666372136,0.003745061002719275
W5a0d1356e71f9a420002,0.8340634905111233,0.01938280541097556,0.007183118266141992,0.0010203831476699862,0.011306088460956043,0.003322787503868421,0.0020258843289396433,0.06582808580096645,0.0007601676271571648,0.017402934096724346,5.699272162434951e-05,0.026077676666372136,0.003745061002719275
W5a0d1356e71f9a420003,0.8340634905111233,0.01938280541097556,0.007183118266141992,0.0010203831476699862,0.011306088460956043,0.003322787503868421,0.0020258843289396433,0.06582808580096645,0.0007601676271571648,0.017402934096724346,5.699272162434951e-05,0.026077676666372136,0.003745061002719275
W5a0d1356e71f9a420004,0.8340634905111233,0.01938280541097556,0.007183118266141992,0.0010203831476699862,0.011306088460956043,0.003322787503868421,0.0020258843289396433,0.06582808580096645,0.0007601676271571648,0.017402934096724346,5.699272162434951e-05,0.026077676666372136,0.003745061002719275
W5a0d1356e71f9a420005,0.8340634905111233,0.01938280541097556,0.007183118266141992,0.0010203831476699862,0.011306088460956043,0.003322787503868421,0.0020258843289396433,0.06582808580096645,0.0007601676271571648,0.017402934096724346,5.699272162434951e-05,0.026077676666372136,0.003745061002719275
W5a0d1356e71f9a420006,0.8340634905111233,0.01938280541097556,0.007183118266141992,0.0010203831476699862,0.011306088460956043,0.003322787503868421,0.0020258843289396433,0.06582808580096645,0.0007601676271571648,0.017402934096724346,5.699272162434951e-05,0.026077676666372136,0.003745061002719275
W5af5022a25493e0f0000,0.023309440924851734,0.006703320202530733,0.03190373526575492,0.0666079189644186,0.6346370886176406,0.05402386579037072,0.06255124505687486,0.013962004568331184,0.005289837850058432,0.008170475867689864,0.006114682462318864,0.05225780490735892,0.016303525336485145
W5af5022a25493e0f0001,0.023309440924851734,0.006703320202530733,0.03190373526575492,0.0666079189644186,0.6346370886176406,0.05402386579037072,0.06255124505687486,0.013962004568331184,0.005289837850058432,0.008170475867689864,0.006114682462318864,0.05225780490735892,0.016303525336485145
W5af5022a25493e0f0002,0.023309440924851734,0.006703320202530733,0.03190373526575492,0.0666079189644186,0.6346370886176406,0.05402386579037072,0.06255124505687486,0.013962004568331184,0.005289837850058432,0.008170475867689864,0.006114682462318864,0.05225780490735892,0.016303525336485145
W5af5022a25493e0f0003,0.023309440924851734,0.006703320202530733,0.03190373526575492,0.0666079189644186,0.6346370886176406,0.05402386579037072,0.06255124505687486,0.013962004568331184,0.005289837850058432,0.008170475867689864,0.006114682462318864,0.05225780490735892,0.016303525336485145
W5af5022a25493e0f0004,0.023309440924851734,0.006703320202530733,0.03190373526575492,0.0666079189644186,0.6346370886176406,0.05402386579037072,0.06255124505687486,0.013962004568331184,0.005289837850058432,0.008170475867689864,0.006114682462318864,0.05225780490735892,0.016303525336485145
W5af5022a25493e0f0005,0.023309440924851734,0.006703320202530733,0.03190373526575492,0.0666079189644186,0.6346370886176406,0.05402386579037072,0.06255124505687486,0.013962004568331184,0.005289837850058432,0.008170475867689864,0.006114682462318864,0.05225780490735892,0.016303525336485145
W5af5022a25493e0f0006,0.023309440924851734,0.006703320202530733,0.03190373526575492,0.0666079189644186,0.6346370886176406,0.05402386579037072,0.06255124505687486,0.013962004568331184,0.005289837850058432,0.008170475867689864,0.006114682462318864,0.05225780490735892,0.016303525336485145
W5b73b129e0149fda0000,0.004278978851713921,0.8613951118899604,2.9356637226234735e-05,0.0020608086313297315,0.001725603580408134,3.8140616700415124e-05,0.006987368435528298,0.015003144075638873,0.07275459342628689,0.0008708147942372921,0.028606767296453964,0.002772320519493581,0.0002713861688071756
W5b73b129e0149fda0001,0.004278978851713921,0.8613951118899604,2.9356637226234735e-05,0.0020608086313297315,0.001725603580408134,3.8140616700415124e-05,0.006987368435528298,0.015003144075638873,0.07275459342628689,0.0008708147942372921,0.028606767296453964,0.002772320519493581,0.0002713861688071756
W5b73b129e0149fda0002,0.004278978851713921,0.8613951118899604,2.9356637226234735e-05,0.0020608086313297315,0.001725603580408134,3.8140616700415124e-05,0.006987368435528298,0.015003144075638873,0.07275459342628689,0.0008708147942372921,0.028606767296453964,0.002772320519493581,0.0002713861688071756
W5b73b129e0149fda0003,0.004278978851713921,0.8613951118899604,2.9356637226234735e-05,0.0020608086313297315,0.001725603580408134,3.8140616700415124e-05,0.006987368435528298,0.015003144075638873,0.07275459342628689,0.0008708147942372921,0.028606767296453964,0.002772320519493581,0.0002713861688071756
W5b73b129e0149fda0004,0.004278978851713921,0.8613951118899604,2.9356637226234735e-05,0.0020608086313297315,0.001725603580408134,3.8140616700415124e-05,0.006987368435528298,0.015003144075638873,0.07275459342628689,0.0008708147942372921,0.028606767296453964,0.002772320519493581,0.0002713861688071756
W5b73b129e0149fda0005,0.004278978851713921,0.8613951118899604,2.9356637226234735e-05,0.0020608086313297315,0.001725603580408134,3.8140616700415124e-05,0.006987368435528298,0.015003144075638873,0.07275459342628689,0.0008708147942372921,0.028606767296453964,0.002772320519493581,0.0002713861688071756
W5b73b129e0149fda0006,0.004278978851713921,0.8613951118899604,2.9356637226234735e-05,0.0020608086313297315,0.001725603580408134,3.8140616700415124e-05,0.006987368435528298,0.015003144075638873,0.07275459342628689,0.0008708147942372921,0.028606767296453964,0.002772320519493581,0.0002713861688071756
W5bd5ac8deca7e9a10000,0.0032889983029431584,0.0017964146688105264,0.016928399738291484,0.006675555476997404,0.02317849858955378,0.40700283648212854,0.0015685017448621625,0.0017608774447388999,0.00122265725079385,0.001371298701276542,0.0008837903491926104,0.5245214361461175,0.005384408495955408
W5bd5ac8deca7e9a10001,0.0032889983029431584,0.0017964146688105264,0.016928399738291484,0.006675555476997404,0.02317849858955378,0.40700283648212854,0.0015685017448621625,0.0017608774447388999,0.00122265725079385,0.001371298701276542,0.0008837903491926104,0.5245214361461175,0.005384408495955408
W5bd5ac8deca7e9a10002,0.0032889983029431584,0.0017964146688105264,0.016928399738291484,0.006675555476997404,0.02317849858955378,0.40700283648212854,0.0015685017448621625,0.0017608774447388999,0.00122265725079385,0.001371298701276542,0.0008837903491926104,0.5245214361461175,0.005384408495955408
W5bd5ac8deca7e9a10003,0.0032889983029431584,0.0017964146688105264,0.016928399738291484,0.006675555476997404,0.02317849858955378,0.40700283648212854,0.0015685017448621625,0.0017608774447388999,0.00122265725079385,0.001371298701276542,0.0008837903491926104,0.5245214361461175,0.005384408495955408
W5bd5ac8deca7e9a10004,0.0032889983029431584,0.0017964146688105264,0.016928399738291484,0.006675555476997404,0.02317849858955378,0.40700283648212854,0.0015685017448621625,0.0017608774447388999,0.00122265725079385,0.001371298701276542,0.0008837903491926104,0.5245214361461175,0.005384408495955408
W5bd5ac8deca7e9a10005,0.0032889983029431584,0.0017964146688105264,0.016928399738291484,0.006675555476997404,0.02317849858955378,0.40700283648212854,0.0015685017448621625,0.0017608774447388999,0.00122265725079385,0.001371298701276542,0.0008837903491926104,0.5245214361461175,0.005384408495955408
W5bd5ac8deca7e9a10006,0.0032889983029431584,0.0017964146688105264,0.016928399738291484,0.006675555476997404,0.02317849858955378,0.40700283648212854,0.0015685017448621625,0.0017608774447388999,0.00122265725079385,0.001371298701276542,0.0008837903491926104,0.5245214361461175,0.005384408495955408
W5cdef46cd88dc3b20000,0.010829460965820936,2.3482513599628945e-05,0.018805417266564487,0.023411263208658963,0.06766501377862934,0.03152184539667915,0.01359105598078391,0.7291480137443189,0.0018613530659470502,0.03675079643925486,0.005311347646129641,0.014399099048013652,0.01530494570889793
W5cdef46cd88dc3b20001,0.010829460965820936,2.3482513599628945e-05,0.018805417266564487,0.023411263208658963,0.06766501377862934,0.03152184539667915,0.01359105598078391,0.7291480137443189,0.0018613530659470502,0.03675079643925486,0.005311347646129641,0.014399099048013652,0.01530494570889793
W5cdef46cd88dc3b20002,0.010829460965820936,2.3482513599628945e-05,0.018805417266564487,0.023411263208658963,0.06766501377862934,0.03152184539667915,0.01359105598078391,0.7291480137443189,0.0018613530659470502,0.03675079643925486,0.005311347646129641,0.014399099048013652,0.01530494570889793
W5cdef46cd88dc3b20003,0.010829460965820936,2.3482513599628945e-05,0.018805417266564487,0.023411263208658963,0.06766501377862934,0.03152184539667915,0.01359105598078391,0.7291480137443189,0.0018613530659470502,0.03675079643925486,0.005311347646129641,0.014399099048013652,0.01530494570889793
W5cdef46cd88dc3b20004,0.010829460965820936,2.3482513599628945e-05,0.018805417266564487,0.023411263208658963,0.06766501377862934,0.03152184539667915,0.01359105598078391,0.7291480137443189,0.0018613530659470502,0.03675079643925486,0.005311347646129641,0.014399099048013652,0.01530494570889793
W5cdef46cd88dc3b20005,0.010829460965820936,2.3482513599628945e-05,0.018805417266564487,0.023411263208658963,0.06766501377862934,0.03152184539667915,0.01359105598078391,0.7291480137443189,0.0018613530659470502,0.03675079643925486,0.005311347646129641,0.014399099048013652,0.01530494570889793
W5cdef46cd88dc3b20006,0.010829460965820936,2.3482513599628945e-05,0.018805417266564487,0.023411263208658963,0.06766501377862934,0.03152184539667915,0.01359105598078391,0.7291480137443189,0.0018613530659470502,0.03675079643925486,0.005311347646129641,0.014399099048013652,0.01530494570889793
W5d1f49fb5c8b81eb0000,0.09691605377569273,0.010019252800893943,0.02549675228175483,0.041943780669340604,0.03438480051063885,0.022726730475415194,0.6332255055626457,0.017091304351036236,0.006380277345849291,0.04151071024325603,0.007664911450165479,0.018841703917198065,0.01288393587827533
W5d1f49fb5c8b81eb0001,0.09691605377569273,0.010019252800893943,0.02549675228175483,0.041943780669340604,0.03438480051063885,0.022726730475415194,0.6332255055626457,0.017091304351036236,0.006380277345849291,0.04151071024325603,0.007664911450165479,0.018841703917198065,0.01288393587827533
W5d1f49fb5c8b81eb0002,0.09691605377569273,0.010019252800893943,0.02549675228175483,0.041943780669340604,0.03438480051063885,0.022726730475415194,0.6332255055626457,0.017091304351036236,0.006380277345849291,0.04151071024325603,0.007664911450165479,0.018841703917198065,0.01288393587827533
W5d1f49fb5c8b81eb0003,0.09691605377569273,0.010019252800893943,0.02549675228175483,0.041943780669340604,0.03438480051063885,0.022726730475415194,0.6332255055626457,0.017091304351036236,0.006380277345849291,0.04151071024325603,0.007664911450165479,0.018841703917198065,0.01288393587827533
W5d1f49fb5c8b81eb0004,0.09691605377569273,0.010019252800893943,0.02549675228175483,0.041943780669340604,0.03438480051063885,0.022726730475415194,0.6332255055626457,0.017091304351036236,0.006380277345849291,0.04151071024325603,0.007664911450165479,0.018841703917198065,0.01288393587827533
W5d1f49fb5c8b81eb0005,0.09691605377569273,0.010019252800893943,0.02549675228175483,0.041943780669340604,0.03438480051063885,0.022726730475415194,0.6332255055626457,0.017091304351036236,0.006380277345849291,0.04151071024325603,0.007664911450165479,0.018841703917198065,0.01288393587827533
W5d1f49fb5c8b81eb0006,0.09691605377569273,0.010019252800893943,0.02549675228175483,0.041943780669340604,0.03438480051063885,0.022726730475415194,0.6332255055626457,0.017091304351036236,0.006380277345849291,0.04151071024325603,0.007664911450165479,0.018841703917198065,0.01288393587827533
W5f5e9a3603056de80000,0.058689439510946344,0.003384609769762091,0.11530164962101841,0.0985456426054338,0.10723475107108384,0.020207926750676074,0.05594680862219066,0.3266789386619177,0.021898394315800814,0.029225858375314964,0.01846583479324723,0.030657475111692024,0.02855021150955165
W5f5e9a3603056de80001,0.058689439510946344,0.003384609769762091,0.11530164962101841,0.0985456426054338,0.10723475107108384,0.020207926750676074,0.05594680862219066,0.3266789386619177,0.021898394315800814,0.029225858375314964,0.01846583479324723,0.030657475111692024,0.02855021150955165
W5f5e9a3603056de80002,0.058689439510946344,0.003384609769762091,0.11530164962101841,0.0985456426054338,0.10723475107108384,0.020207926750676074,0.05594680862219066,0.3266789386619177,0.021898394315800814,0.029225858375314964,0.01846583479324723,0.030657475111692024,0.02855021150955165
W5f5e9a3603056de80003,0.058689439510946344,0.003384609769762091,0.11530164962101841,0.0985456426054338,0.10723475107108384,0.020207926750676074,0.05594680862219066,0.3266789386619177,0.021898394315800814,0.029225858375314964,0.01846583479324723,0.030657475111692024,0.02855021150955165
W5f5e9a3603056de80004,0.058689439510946344,0.003384609769762091,0.11530164962101841,0.0985456426054338,0.10723475107108384,0.020207926750676074,0.05594680862219066,0.3266789386619177,0.021898394315800814,0.029225858375314964,0.01846583479324723,0.030657475111692024,0.02855021150955165
W5f5e9a3603056de80005,0.058689439510946344,0.003384609769762091,0.11530164962101841,0.0985456426054338,0.10723475107108384,0.020207926750676074,0.05594680862219066,0.3266789386619177,0.021898394315800814,0.029225858375314964,0.01846583479324723,0.030657475111692024,0.02855021150955165
W5f5e9a3603056de80006,0.058689439510946344,0.003384609769762091,0.11530164962101841,0.0985456426054338,0.10723475107108384,0.020207926750676074,0.05594680862219066,0.3266789386619177,0.021898394315800814,0.029225858375314964,0.01846583479324723,0.030657475111692024,0.02855021150955165
W5fb8219ca01882850000,0.004456157623094497,0.02473838315199067,0.02987904056252091,0.038421424727173616,0.1532874623944014,0.0057808586220637745,0.07804296434560948,0.06652035449227951,0.0073492647713156315,0.01740810236754634,0.05859382656575064,0.007524978608484938,0.14031497362176293
W5fb8219ca01882850001,0.004456157623094497,0.02473838315199067,0.02987904056252091,0.038421424727173616,0.1532874623944014,0.0057808586220637745,0.07804296434560948,0.06652035449227951,0.0073492647713156315,0.01740810236754634,0.05859382656575064,0.007524978608484938,0.14031497362176293
W5fb8219ca01882850002,0.004456157623094497,0.02473838315199067,0.02987904056252091,0.038421424727173616,0.1532874623944014,0.0057808586220637745,0.07804296434560948,0.06652035449227951,0.0073492647713156315,0.01740810236754634,0.05859382656575064,0.007524978608484938,0.14031497362176293
W5fb8219ca01882850003,0.004456157623094497,0.02473838315199067,0.02987904056252091,0.038421424727173616,0.1532874623944014,0.0057808586220637745,0.07804296434560948,0.06652035449227951,0.0073492647713156315,0.01740810236754634,0.05859382656575064,0.007524978608484938,0.14031497362176293
W5fb8219ca01882850004,0.004456157623094497,0.02473838315199067,0.02987904056252091,0.038421424727173616,0.1532874623944014,0.0057808586220637745,0.07804296434560948,0.06652035449227951,0.0073492647713156315,0.01740810236754634,0.05859382656575064,0.007524978608484938,0.14031497362176293
W5fb8219ca01882850005,0.004456157623094497,0.02473838315199067,0.02987904056252091,0.038421424727173616,0.1532874623944014,0.0057808586220637745,0.07804296434560948,0.06652035449227951,0.0073492647713156315,0.01740810236754634,0.05859382656575064,0.007524978608484938,0.14031497362176293
W5fb8219ca01882850006,0.004456157623094497,0.02473838315199067,0.02987904056252091,0.038421424727173616,0.1532874623944014,0.0057808586220637745,0.07804296434560948,0.06652035449227951,0.0073492647713156315,0.01740810236754634,0.05859382656575064,0.007524978608484938,0.14031497362176293
W5ffdedad0bc160500000,0.6937042808686609,0.13859949685026543,0.005613584384076851,0.007503086800479226,0.014528866078876957,0.012127689601372763,0.013668821935032598,0.007008812821891669,0.0011155743216443557,0.032720387228033845,0.001088870786871945,0.05047687754243304,0.00813488125203985
W5ffdedad0bc160500001,0.6937042808686609,0.13859949685026543,0.005613584384076851,0.007503086800479226,0.014528866078876957,0.012127689601372763,0.013668821935032598,0.007008812821891669,0.0011155743216443557,0.032720387228033845,0.001088870786871945,0.05047687754243304,0.00813488125203985
W5ffdedad0bc160500002,0.6937042808686609,0.13859949685026543,0.005613584384076851,0.007503086800479226,0.014528866078876957,0.012127689601372763,0.013668821935032598,0.007008812821891669,0.0011155743216443557,0.032720387228033845,0.001088870786871945,0.05047687754243304,0.00813488125203985
W5ffdedad0bc160500003,0.6937042808686609,0.13859949685026543,0.005613584384076851,0.007503086800479226,0.014528866078876957,0.012127689601372763,0.013668821935032598,0.007008812821891669,0.0011155743216443557,0.032720387228033845,0.001088870786871945,0.05047687754243304,0.00813488125203985
W5ffdedad0bc160500004,0.6937042808686609,0.13859949685026543,0.005613584384076851,0.007503086800479226,0.014528866078876957,0.012127689601372763,0.013668821935032598,0.007008812821891669,0.0011155743216443557,0.032720387228033845,0.001088870786871945,0.05047687754243304,0.00813488125203985
W5ffdedad0bc160500005,0.6937042808686609,0.13859949685026543,0.005613584384076851,0.007503086800479226,0.014528866078876957,0.012127689601372763,0.013668821935032598,0.007008812821891669,0.0011155743216443557,0.032720387228033845,0.001088870786871945,0.05047687754243304,0.00813488125203985
W5ffdedad0bc160500006,0.6937042808686609,0.13859949685026543,0.005613584384076851,0.007503086800479226,0.014528866078876957,0.012127689601372763,0.013668821935032598,0.007008812821891669,0.0011155743216443557,0.032720387228033845,0.001088870786871945,0.05047687754243304,0.00813488125203985
W6000b3b22c11e3f90000,0.017976471024482393,0.0020263077902403165,0.1628539732636108,0.18011996520190862,0.3507658574382129,0.19724335270781845,0.024726752209456356,0.007964240025339792,0.003213240682418437,0.005808645690383995,0.005614564331742992,0.025536431086835048,0.005879208494896128
W6000b3b22c11e3f90001,0.017976471024482393,0.0020263077902403165,0.1628539732636108,0.18011996520190862,0.3507658574382129,0.19724335270781845,0.024726752209456356,0.007964240025339792,0.003213240682418437,0.005808645690383995,0.005614564331742992,0.025536431086835048,0.005879208494896128
W6000b3b22c11e3f90002,0.017976471024482393,0.0020263077902403165,0.1628539732636108,0.18011996520190862,0.3507658574382129,0.19724335270781845,0.024726752209456356,0.007964240025339792,0.003213240682418437,0.005808645690383995,0.005614564331742992,0.025536431086835048,0.005879208494896128
W6000b3b22c11e3f90003,0.017976471024482393,0.0020263077902403165,0.1628539732636108,0.18011996520190862,0.3507658574382129,0.19724335270781845,0.024726752209456356,0.007964240025339792,0.003213240682418437,0.005808645690383995,0.005614564331742992,0.025536431086835048,0.005879208494896128
W6000b3b22c11e3f90004,0.017976471024482393,0.0020263077902403165,0.1628539732636108,0.18011996520190862,0.3507658574382129,0.19724335270781845,0.024726752209456356,0.007964240025339792,0.003213240682418437,0.005808645690383995,0.005614564331742992,0.025536431086835048,0.005879208494896128
W6000b3b22c11e3f90005,0.017976471024482393,0.0020263077902403165,0.1628539732636108,0.18011996520190862,0.3507658574382129,0.19724335270781845,0.024726752209456356,0.007964240025339792,0.003213240682418437,0.005808645690383995,0.005614564331742992,0.025536431086835048,0.005879208494896128
W6000b3b22c11e3f90006,0.017976471024482393,0.0020263077902403165,0.1628539732636108,0.18011996520190862,0.3507658574382129,0.19724335270781845,0.024726752209456356,0.007964240025339792,0.003213240682418437,0.005808645690383995,0.005614564331742992,0.025536431086835048,0.005879208494896128
W60996ce94f8e80df0000,0.0021574802255973176,0.0006272132686249133,0.017436307348829408,0.014139092575068275,0.0032169186909044877,0.7111743173886891,0.001960911264714718,0.00057120594773336,0.0007018512546251168,7.805817054406036e-05,0.00023385631102533359,0.2342156500551304,0.013298572306559743
W60996ce94f8e80df0001,0.0021574802255973176,0.0006272132686249133,0.017436307348829408,0.014139092575068275,0.0032169186909044877,0.7111743173886891,0.001960911264714718,0.00057120594773336,0.0007018512546251168,7.805817054406036e-05,0.00023385631102533359,0.2342156500551304,0.013298572306559743
W60996ce94f8e80df0002,0.0021574802255973176,0.0006272132686249133,0.017436307348829408,0.014139092575068275,0.0032169186909044877,0.7111743173886891,0.001960911264714718,0.00057120594773336,0.0007018512546251168,7.805817054406036e-05,0.00023385631102533359,0.2342156500551304,0.013298572306559743
W60996ce94f8e80df0003,0.0021574802255973176,0.0006272132686249133,0.017436307348829408,0.014139092575068275,0.0032169186909044877,0.7111743173886891,0.001960911264714718,0.00057120594773336,0.0007018512546251168,7.805817054406036e-05,0.00023385631102533359,0.2342156500551304,0.013298572306559743
W60996ce94f8e80df0004,0.0021574802255973176,0.0006272132686249133,0.017436307348829408,0.014139092575068275,0.0032169186909044877,0.7111743173886891,0.001960911264714718,0.00057120594773336,0.0007018512546251168,7.805817054406036e-05,0.00023385631102533359,0.2342156500551304,0.013298572306559743
W60996ce94f8e80df0005,0.0021574802255973176,0.0006272132686249133,0.017436307348829408,0.014139092575068275,0.0032169186909044877,0.7111743173886891,0.001960911264714718,0.00057120594773336,0.0007018512546251168,7.805817054406036e-05,0.00023385631102533359,0.2342156500551304,0.013298572306559743
W60996ce94f8e80df0006,0.0021574802255973176,0.0006272132686249133,0.017436307348829408,0.014139092575068275,0.0032169186909044877,0.7111743173886891,0.001960911264714718,0.00057120594773336,0.0007018512546251168,7.805817054406036e-05,0.00023385631102533359,0.2342156500551304,0.013298572306559743
W61443c7edeab75570000,0.002907501518442477,0.9725167459885732,0.0008762855615023023,0.0002517961381760954,0.003178647045051557,2.2987859329389644e-05,0.003662819759306944,0.005393115761353305,8.486136197274532e-05,0.0006961442499043498,0.004902448481551452,1.792529956006293e-05,0.003990961156692236
W61443c7edeab75570001,0.002907501518442477,0.9725167459885732,0.0008762855615023023,0.0002517961381760954,0.003178647045051557,2.2987859329389644e-05,0.003662819759306944,0.005393115761353305,8.486136197274532e-05,0.0006961442499043498,0.004902448481551452,1.792529956006293e-05,0.003990961156692236
W61443c7edeab75570002,0.002907501518442477,0.9725167459885732,0.0008762855615023023,0.0002517961381760954,0.003178647045051557,2.2987859329389644e-05,0.003662819759306944,0.005393115761353305,8.486136197274532e-05,0.0006961442499043498,0.004902448481551452,1.792529956006293e-05,0.003990961156692236
W61443c7edeab75570003,0.002907501518442477,0.9725167459885732,0.0008762855615023023,0.0002517961381760954,0.003178647045051557,2.2987859329389644e-05,0.003662819759306944,0.005393115761353305,8.486136197274532e-05,0.0006961442499043498,0.004902448481551452,1.792529956006293e-05,0.003990961156692236
W61443c7edeab75570004,0.002907501518442477,0.9725167459885732,0.0008762855615023023,0.0002517961381760954,0.003178647045051557,2.2987859329389644e-05,0.003662819759306944,0.005393115761353305,8.486136197274532e-05,0.0006961442499043498,0.004902448481551452,1.792529956006293e-05,0.003990961156692236
W61443c7edeab75570005,0.002907501518442477,0.9725167459885732,0.0008762855615023023,0.0002517961381760954,0.003178647045051557,2.2987859329389644e-05,0.003662819759306944,0.005393115761353305,8.486136197274532e-05,0.0006961442499043498,0.004902448481551452,1.792529956006293e-05,0.003990961156692236
W61443c7edeab75570006,0.002907501518442477,0.9725167459885732,0.0008762855615023023,0.0002517961381760954,0.003178647045051557,2.2987859329389644e-05,0.003662819759306944,0.005393115761353305,8.486136197274532e-05,0.0006961442499043498,0.004902448481551452,1.792529956006293e-05,0.003990961156692236
W626cdb6a7e66a7910000,0.2098090836852417,0.003399922833855394,0.009002167916556484,0.012106215392444844,0.0077911893448662835,0.004188522522164004,0.007785985490476142,0.6112989119794673,0.0065834074578238755,0.06141821418505324,0.0013083582266279494,0.005977783826309828,0.026824770058669973
W626cdb6a7e66a7910001,0.2098090836852417,0.003399922833855394,0.009002167916556484,0.012106215392444844,0.0077911893448662835,0.004188522522164004,0.007785985490476142,0.6112989119794673,0.0065834074578238755,0.06141821418505324,0.0013083582266279494,0.005977783826309828,0.026824770058669973
W626cdb6a7e66a7910002,0.2098090836852417,0.003399922833855394,0.009002167916556484,0.012106215392444844,0.0077911893448662835,0.004188522522164004,0.007785985490476142,0.6112989119794673,0.0065834074578238755,0.06141821418505324,0.0013083582266279494,0.005977783826309828,0.026824770058669973
W626cdb6a7e66a7910003,0.2098090836852417,0.003399922833855394,0.009002167916556484,0.012106215392444844,0.0077911893448662835,0.004188522522164004,0.007785985490476142,0.6112989119794673,0.0065834074578238755,0.06141821418505324,0.0013083582266279494,0.005977783826309828,0.026824770058669973
W626cdb6a7e66a7910004,0.2098090836852417,0.003399922833855394,0.009002167916556484,0.012106215392444844,0.0077911893448662835,0.004188522522164004,0.007785985490476142,0.6112989119794673,0.0065834074578238755,0.06141821418505324,0.0013083582266279494,0.005977783826309828,0.026824770058669973
W626cdb6a7e66a7910005,0.2098090836852417,0.003399922833855394,0.009002167916556484,0.012106215392444844,0.0077911893448662835,0.004188522522164004,0.007785985490476142,0.6112989119794673,0.0065834074578238755,0.06141821418505324,0.0013083582266279494,0.005977783826309828,0.026824770058669973
W626cdb6a7e66a7910006,0.2098090836852417,0.003399922833855394,0.009002167916556484,0.012106215392444844,0.0077911893448662835,0.004188522522164004,0.007785985490476142,0.6112989119794673,0.0065834074578238755,0.06141821418505324,0.0013083582266279494,0.005977783826309828,0.026824770058669973
W62c2ea531ccd02ed0000,0.0170832504989642,0.0043553356968240855,0.11867605500827508,0.2642598477379314,0.11860686176337121,0.0438846656937899,0.05091182812217988,0.03347499140897043,0.00718250728134629,0.028167180000966553,0.0256692208085734,0.005653575528302472,0.03628256431846843
W62c2ea531ccd02ed0001,0.0170832504989642,0.0043553356968240855,0.11867605500827508,0.2642598477379314,0.11860686176337121,0.0438846656937899,0.05091182812217988,0.03347499140897043,0.00718250728134629,0.028167180000966553,0.0256692208085734,0.005653575528302472,0.03628256431846843
W62c2ea531ccd02ed0002,0.0170832504989642,0.0043553356968240855,0.11867605500827508,0.2642598477379314,0.11860686176337121,0.0438846656937899,0.05091182812217988,0.03347499140897043,0.00718250728134629,0.028167180000966553,0.0256692208085734,0.005653575528302472,0.03628256431846843
W62c2ea531ccd02ed0003,0.0170832504989642,0.0043553356968240855,0.11867605500827508,0.2642598477379314,0.11860686176337121,0.0438846656937899,0.05091182812217988,0.03347499140897043,0.00718250728134629,0.028167180000966553,0.0256692208085734,0.005653575528302472,0.03628256431846843
W62c2ea531ccd02ed0004,0.0170832504989642,0.0043553356968240855,0.11867605500827508,0.2642598477379314,0.11860686176337121,0.0438846656937899,0.05091182812217988,0.03347499140897043,0.00718250728134629,0.028167180000966553,0.0256692208085734,0.005653575528302472,0.03628256431846843
W62c2ea531ccd02ed0005,0.0170832504989642,0.0043553356968240855,0.11867605500827508,0.2642598477379314,0.11860686176337121,0.0438846656937899,0.05091182812217988,0.03347499140897043,0.00718250728134629,0.028167180000966553,0.0256692208085734,0.005653575528302472,0.03628256431846843
W62c2ea531ccd02ed0006,0.0170832504989642,0.0043553356968240855,0.11867605500827508,0.2642598477379314,0.11860686176337121,0.0438846656937899,0.05091182812217988,0.03347499140897043,0.00718250728134629,0.028167180000966553,0.0256692208085734,0.005653575528302472,0.03628256431846843
W6361bf78352c102e0000,0.003090249615410154,0.873474863506783,0.0027567518631069483,0.0008123338801370163,0.0013631741833222077,3.8285638750681915e-05,0.004607140951673968,0.008112300378069273,0.0828939480743234,0.0022263436459768558,0.015550093114723372,0.0026164336163926375,0.0002963112881292268
W6361bf78352c102e0001,0.003090249615410154,0.873474863506783,0.0027567518631069483,0.0008123338801370163,0.0013631741833222077,3.8285638750681915e-05,0.004607140951673968,0.008112300378069273,0.0828939480743234,0.0022263436459768558,0.015550093114723372,0.0026164336163926375,0.0002963112881292268
W6361bf78352c102e0002,0.003090249615410154,0.873474863506783,0.0027567518631069483,0.0008123338801370163,0.0013631741833222077,3.8285638750681915e-05,0.004607140951673968,0.008112300378069273,0.0828939480743234,0.0022263436459768558,0.015550093114723372,0.0026164336163926375,0.0002963112881292268
W6361bf78352c102e0003,0.003090249615410154,0.873474863506783,0.0027567518631069483,0.0008123338801370163,0.0013631741833222077,3.8285638750681915e-05,0.004607140951673968,0.008112300378069273,0.0828939480743234,0.0022263436459768558,0.015550093114723372,0.0026164336163926375,0.0002963112881292268
W6361bf78352c102e0004,0.003090249615410154,0.873474863506783,0.0027567518631069483,0.0008123338801370163,0.0013631741833222077,3.8285638750681915e-05,0.004607140951673968,0.008112300378069273,0.0828939480743234,0.0022263436459768558,0.015550093114723372,0.0026164336163926375,0.0002963112881292268
W6361bf78352c102e0005,0.003090249615410154,0.873474863506783,0.0027567518631069483,0.0008123338801370163,0.0013631741833222077,3.8285638750681915e-05,0.004607140951673968,0.008112300378069273,0.0828939480743234,0.0022263436459768558,0.015550093114723372,0.0026164336163926375,0.0002963112881292268
W6361bf78352c102e0006,0.003090249615410154,0.873474863506783,0.0027567518631069483,0.0008123338801370163,0.0013631741833222077,3.8285638750681915e-05,0.004607140951673968,0.008112300378069273,0.0828939480743234,0.0022263436459768558,0.015550093114723372,0.0026164336163926375,0.0002963112881292268
W64fe51a60c40ad2c0000,0.012026609673771938,0.00415961339442482,0.13339925429899727,0.29904182022137693,0.20295174044565067,0.043228587731674116,0.057104151799765024,0.02624823376762804,0.007589736668449151,0.015679468463765306,0.024773897670818883,0.004555004570327474,0.020447312207850305
W64fe51a60c40ad2c0001,0.012026609673771938,0.00415961339442482,0.13339925429899727,0.29904182022137693,0.20295174044565067,0.043228587731674116,0.057104151799765024,0.02624823376762804,0.007589736668449151,0.015679468463765306,0.024773897670818883,0.004555004570327474,0.020447312207850305
W64fe51a60c40ad2c0002,0.012026609673771938,0.00415961339442482,0.13339925429899727,0.29904182022137693,0.20295174044565067,0.043228587731674116,0.057104151799765024,0.02624823376762804,0.007589736668449151,0.015679468463765306,0.024773897670818883,0.004555004570327474,0.020447312207850305
W64fe51a60c40ad2c0003,0.012026609673771938,0.00415961339442482,0.13339925429899727,0.29904182022137693,0.20295174044565067,0.043228587731674116,0.057104151799765024,0.02624823376762804,0.007589736668449151,0.015679468463765306,0.024773897670818883,0.004555004570327474,0.020447312207850305
W64fe51a60c40ad2c0004,0.012026609673771938,0.00415961339442482,0.13339925429899727,0.29904182022137693,0.20295174044565067,0.043228587731674116,0.057104151799765024,0.02624823376762804,0.007589736668449151,0.015679468463765306,0.024773897670818883,0.004555004570327474,0.020447312207850305
W64fe51a60c40ad2c0005,0.012026609673771938,0.00415961339442482,0.13339925429899727,0.29904182022137693,0.20295174044565067,0.043228587731674116,0.057104151799765024,0.02624823376762804,0.007589736668449151,0.015679468463765306,0.024773897670818883,0.004555004570327474,0.020447312207850305
W64fe51a60c40ad2c0006,0.012026609673771938,0.00415961339442482,0.13339925429899727,0.29904182022137693,0.20295174044565067,0.043228587731674116,0.057104151799765024,0.02624823376762804,0.007589736668449151,0.015679468463765306,0.024773897670818883,0.004555004570327474,0.020447312207850305
W65f9a995382c18a70000,0.01840179250041907,0.0019429982466003897,0.0748627846778079,0.0474178419981166,0.1685058606940522,0.020516312050476847,0.017852045113414844,0.5769005599695087,0.00624325285652954,0.00968807355187079,0.0063028843354075515,0.022261560543339266,0.0028293215876844247
W65f9a995382c18a70001,0.01840179250041907,0.0019429982466003897,0.0748627846778079,0.0474178419981166,0.1685058606940522,0.020516312050476847,0.017852045113414844,0.5769005599695087,0.00624325285652954,0.00968807355187079,0.0063028843354075515,0.022261560543339266,0.0028293215876844247
W65f9a995382c18a70002,0.01840179250041907,0.0019429982466003897,0.0748627846778079,0.0474178419981166,0.1685058606940522,0.020516312050476847,0.017852045113414844,0.5769005599695087,0.00624325285652954,0.00968807355187079,0.0063028843354075515,0.022261560543339266,0.0028293215876844247
W65f9a995382c18a70003,0.01840179250041907,0.0019429982466003897,0.0748627846778079,0.0474178419981166,0.1685058606940522,0.020516312050476847,0.017852045113414844,0.5769005599695087,0.00624325285652954,0.00968807355187079,0.0063028843354075515,0.022261560543339266,0.0028293215876844247
W65f9a995382c18a70004,0.01840179250041907,0.0019429982466003897,0.0748627846778079,0.0474178419981166,0.1685058606940522,0.020516312050476847,0.017852045113414844,0.5769005599695087,0.00624325285652954,0.00968807355187079,0.0063028843354075515,0.022261560543339266,0.0028293215876844247
W65f9a995382c18a70005,0.01840179250041907,0.0019429982466003897,0.0748627846778079,0.0474178419981166,0.1685058606940522,0.020516312050476847,0.017852045113414844,0.5769005599695087,0.00624325285652954,0.00968807355187079,0.0063028843354075515,0.022261560543339266,0.0028293215876844247
W65f9a995382c18a70006,0.01840179250041907,0.0019429982466003897,0.0748627846778079,0.0474178419981166,0.1685058606940522,0.020516312050476847,0.017852045113414844,0.5769005599695087,0.00624325285652954,0.00968807355187079,0.0063028843354075515,0.022261560543339266,0.0028293215876844247
W6896dab34a30aeab0000,0.015792545956235367,0.008086748187624844,0.036700981818827756,0.07429280427941956,0.5380874187210177,0.03204925322782455,0.037434335839675176,0.0659095671368421,0.005266622674946141,0.018798609775533447,0.02753777581798833,0.02610005232824492,0.02228542721404821
W6896dab34a30aeab0001,0.015792545956235367,0.008086748187624844,0.036700981818827756,0.07429280427941956,0.5380874187210177,0.03204925322782455,0.037434335839675176,0.0659095671368421,0.005266622674946141,0.018798609775533447,0.02753777581798833,0.02610005232824492,0.02228542721404821
W6896dab34a30aeab0002,0.015792545956235367,0.008086748187624844,0.036700981818827756,0.07429280427941956,0.5380874187210177,0.03204925322782455,0.037434335839675176,0.0659095671368421,0.005266622674946141,0.018798609775533447,0.02753777581798833,0.02610005232824492,0.02228542721404821
W6896dab34a30aeab0003,0.015792545956235367,0.008086748187624844,0.036700981818827756,0.07429280427941956,0.5380874187210177,0.03204925322782455,0.037434335839675176,0.0659095671368421,0.005266622674946141,0.018798609775533447,0.02753777581798833,0.02610005232824492,0.02228542721404821
W6896dab34a30aeab0004,0.015792545956235367,0.008086748187624844,0.036700981818827756,0.07429280427941956,0.5380874187210177,0.03204925322782455,0.037434335839675176,0.0659095671368421,0.005266622674946141,0.018798609775533447,0.02753777581798833,0.02610005232824492,0.02228542721404821
W6896dab34a30aeab0005,0.015792545956235367,0.008086748187624844,0.036700981818827756,0.07429280427941956,0.5380874187210177,0.03204925322782455,0.037434335839675176,0.0659095671368421,0.005266622674946141,0.018798609775533447,0.02753777581798833,0.02610005232824492,0.02228542721404821
W6896dab34a30aeab0006,0.015792545956235367,0.008086748187624844,0.036700981818827756,0.07429280427941956,0.5380874187210177,0.03204925322782455,0.037434335839675176,0.0659095671368421,0.005266622674946141,0.018798609775533447,0.02753777581798833,0.02610005232824492,0.02228542721404821
W68a746653bc5de3a0000,0.009038507015180051,0.1937319816602487,0.04197897859762732,0.052094460380561425,0.08709168841017652,0.008421860756029976,0.17335909293089705,0.05680380206477172,0.00773874708403346,0.02543907532337755,0.08286722768396587,0.0066404821945390885,0.048779019357987397
W68a746653bc5de3a0001,0.009038507015180051,0.1937319816602487,0.04197897859762732,0.052094460380561425,0.08709168841017652,0.008421860756029976,0.17335909293089705,0.05680380206477172,0.00773874708403346,0.02543907532337755,0.08286722768396587,0.0066404821945390885,0.048779019357987397
W68a746653bc5de3a0002,0.009038507015180051,0.1937319816602487,0.04197897859762732,0.052094460380561425,0.08709168841017652,0.008421860756029976,0.17335909293089705,0.05680380206477172,0.00773874708403346,0.02543907532337755,0.08286722768396587,0.0066404821945390885,0.048779019357987397
W68a746653bc5de3a0003,0.009038507015180051,0.1937319816602487,0.04197897859762732,0.052094460380561425,0.08709168841017652,0.008421860756029976,0.17335909293089705,0.05680380206477172,0.00773874708403346,0.02543907532337755,0.08286722768396587,0.0066404821945390885,0.048779019357987397
W68a746653bc5de3a0004,0.009038507015180051,0.1937319816602487,0.04197897859762732,0.052094460380561425,0.08709168841017652,0.008421860756029976,0.17335909293089705,0.05680380206477172,0.00773874708403346,0.02543907532337755,0.08286722768396587,0.0066404821945390885,0.048779019357987397
W68a746653bc5de3a0005,0.009038507015180051,0.1937319816602487,0.04197897859762732,0.052094460380561425,0.08709168841017652,0.008421860756029976,0.17335909293089705,0.05680380206477172,0.00773874708403346,0.02543907532337755,0.08286722768396587,0.0066404821945390885,0.048779019357987397
W68a746653bc5de3a0006,0.009038507015180051,0.1937319816602487,0.04197897859762732,0.052094460380561425,0.08709168841017652,0.008421860756029976,0.17335909293089705,0.05680380206477172,0.00773874708403346,0.02543907532337755,0.08286722768396587,0.0066404821945390885,0.048779019357987397
W6afe7fefa060e33d0000,0.006933587644102032,0.0009770264145804533,0.10277073247315534,0.09950294318414725,0.32092743788522493,0.0679943330033126,0.06276571795462452,0.24602157739586888,0.0031905820954439765,0.01438563182351859,0.004542678153253989,0.03335664437522212,0.019445722480950764
W6afe7fefa060e33d0001,0.006933587644102032,0.0009770264145804533,0.10277073247315534,0.09950294318414725,0.32092743788522493,0.0679943330033126,0.06276571795462452,0.24602157739586888,0.0031905820954439765,0.01438563182351859,0.004542678153253989,0.03335664437522212,0.019445722480950764
W6afe7fefa060e33d0002,0.006933587644102032,0.0009770264145804533,0.10277073247315534,0.09950294318414725,0.32092743788522493,0.0679943330033126,0.06276571795462452,0.24602157739586888,0.0031905820954439765,0.01438563182351859,0.004542678153253989,0.03335664437522212,0.019445722480950764
W6afe7fefa060e33d0003,0.006933587644102032,0.0009770264145804533,0.10277073247315534,0.09950294318414725,0.32092743788522493,0.0679943330033126,0.06276571795462452,0.24602157739586888,0.0031905820954439765,0.01438563182351859,0.004542678153253989,0.03335664437522212,0.019445722480950764
W6afe7fefa060e33d0004,0.006933587644102032,0.0009770264145804533,0.10277073247315534,0.09950294318414725,0.32092743788522493,0.0679943330033126,0.06276571795462452,0.24602157739586888,0.0031905820954439765,0.01438563182351859,0.004542678153253989,0.03335664437522212,0.019445722480950764
W6afe7fefa060e33d0005,0.006933587644102032,0.0009770264145804533,0.10277073247315534,0.09950294318414725,0.32092743788522493,0.0679943330033126,0.06276571795462452,0.24602157739586888,0.0031905820954439765,0.01438563182351859,0.004542678153253989,0.03335664437522212,0.019445722480950764
W6afe7fefa060e33d0006,0.006933587644102032,0.0009770264145804533,0.10277073247315534,0.09950294318414725,0.32092743788522493,0.0679943330033126,0.06276571795462452,0.24602157739586888,0.0031905820954439765,0.01438563182351859,0.004542678153253989,0.03335664437522212,0.019445722480950764
W6b98e963fa9af6860000,0.005324950973467436,0.001484536635661065,0.01671905512069421,0.02297363447380959,0.02161094989333872,0.007589454199128437,0.029058383626058153,0.3304452333365662,0.007823860411181651,0.02301744854870204,0.06568207581129544,0.024311839829062622,0.039327584659835484
W6b98e963fa9af6860001,0.005324950973467436,0.001484536635661065,0.01671905512069421,0.02297363447380959,0.02161094989333872,0.007589454199128437,0.029058383626058153,0.3304452333365662,0.007823860411181651,0.02301744854870204,0.06568207581129544,0.024311839829062622,0.039327584659835484
W6b98e963fa9af6860002,0.005324950973467436,0.001484536635661065,0.01671905512069421,0.02297363447380959,0.02161094989333872,0.007589454199128437,0.029058383626058153,0.3304452333365662,0.007823860411181651,0.02301744854870204,0.06568207581129544,0.024311839829062622,0.039327584659835484
W6b98e963fa9af6860003,0.005324950973467436,0.001484536635661065,0.01671905512069421,0.02297363447380959,0.02161094989333872,0.007589454199128437,0.029058383626058153,0.3304452333365662,0.007823860411181651,0.02301744854870204,0.06568207581129544,0.024311839829062622,0.039327584659835484
W6b98e963fa9af6860004,0.005324950973467436,0.001484536635661065,0.01671905512069421,0.02297363447380959,0.02161094989333872,0.007589454199128437,0.029058383626058153,0.3304452333365662,0.007823860411181651,0.02301744854870204,0.06568207581129544,0.024311839829062622,0.039327584659835484
W6b98e963fa9af6860005,0.005324950973467436,0.001484536635661065,0.01671905512069421,0.02297363447380959,0.02161094989333872,0.007589454199128437,0.029058383626058153,0.3304452333365662,0.007823860411181651,0.02301744854870204,0.06568207581129544,0.024311839829062622,0.039327584659835484
W6b98e963fa9af6860006,0.005324950973467436,0.001484536635661065,0.01671905512069421,0.02297363447380959,0.02161094989333872,0.007589454199128437,0.029058383626058153,0.3304452333365662,0.007823860411181651,0.02301744854870204,0.06568207581129544,0.024311839829062622,0.039327584659835484
W6d3840bb93b384910000,0.010145310031530387,0.0022845226391773553,0.05320274456934855,0.05978597006919137,0.027495264945120407,0.014422902377908504,0.019337872247891717,0.019140741943923952,0.01624609529350624,0.4507059969230765,0.05356999503193852,0.0015126455731564574,0.061846563374627385
W6d3840bb93b384910001,0.010145310031530387,0.0022845226391773553,0.05320274456934855,0.05978597006919137,0.027495264945120407,0.014422902377908504,0.019337872247891717,0.019140741943923952,0.01624609529350624,0.4507059969230765,0.05356999503193852,0.0015126455731564574,0.061846563374627385
W6d3840bb93b384910002,0.010145310031530387,0.0022845226391773553,0.05320274456934855,0.05978597006919137,0.027495264945120407,0.014422902377908504,0.019337872247891717,0.019140741943923952,0.01624609529350624,0.4507059969230765,0.05356999503193852,0.0015126455731564574,0.061846563374627385
W6d3840bb93b384910003,0.010145310031530387,0.0022845226391773553,0.05320274456934855,0.05978597006919137,0.027495264945120407,0.014422902377908504,0.019337872247891717,0.019140741943923952,0.01624609529350624,0.4507059969230765,0.05356999503193852,0.0015126455731564574,0.061846563374627385
W6d3840bb93b384910004,0.010145310031530387,0.0022845226391773553,0.05320274456934855,0.05978597006919137,0.027495264945120407,0.014422902377908504,0.019337872247891717,0.019140741943923952,0.01624609529350624,0.4507059969230765,0.05356999503193852,0.0015126455731564574,0.061846563374627385
W6d3840bb93b384910005,0.010145310031530387,0.0022845226391773553,0.05320274456934855,0.05978597006919137,0.027495264945120407,0.014422902377908504,0.019337872247891717,0.019140741943923952,0.01624609529350624,0.4507059969230765,0.05356999503193852,0.0015126455731564574,0.061846563374627385
W6d3840bb93b384910006,0.010145310031530387,0.0022845226391773553,0.05320274456934855,0.05978597006919137,0.027495264945120407,0.014422902377908504,0.019337872247891717,0.019140741943923952,0.01624609529350624,0.4507059969230765,0.05356999503193852,0.0015126455731564574,0.061846563374627385
W6d3b2a24032b729b0000,0.0008392120477506432,0.003897156722143553,0.000979019303323353,0.00013407955581651844,0.00021186207409674575,0.039493628640253214,0.000911189777157663,5.061394336985793e-05,1.1791957867839474e-05,2.253255872654263e-05,6.322385181595457e-06,0.9302369822139586,0.02302479264015676
W6d3b2a24032b729b0001,0.0008392120477506432,0.003897156722143553,0.000979019303323353,0.00013407955581651844,0.00021186207409674575,0.039493628640253214,0.000911189777157663,5.061394336985793e-05,1.1791957867839474e-05,2.253255872654263e-05,6.322385181595457e-06,0.9302369822139586,0.02302479264015676
W6d3b2a24032b729b0002,0.0008392120477506432,0.003897156722143553,0.000979019303323353,0.00013407955581651844,0.00021186207409674575,0.039493628640253214,0.000911189777157663,5.061394336985793e-05,1.1791957867839474e-05,2.253255872654263e-05,6.322385181595457e-06,0.9302369822139586,0.02302479264015676
W6d3b2a24032b729b0003,0.0008392120477506432,0.003897156722143553,0.000979019303323353,0.00013407955581651844,0.00021186207409674575,0.039493628640253214,0.000911189777157663,5.061394336985793e-05,1.1791957867839474e-05,2.253255872654263e-05,6.322385181595457e-06,0.9302369822139586,0.02302479264015676
W6d3b2a24032b729b0004,0.0008392120477506432,0.003897156722143553,0.000979019303323353,0.00013407955581651844,0.00021186207409674575,0.039493628640253214,0.000911189777157663,5.061394336985793e-05,1.1791957867839474e-05,2.253255872654263e-05,6.322385181595457e-06,0.9302369822139586,0.02302479264015676
W6d3b2a24032b729b0005,0.0008392120477506432,0.003897156722143553,0.000979019303323353,0.00013407955581651844,0.00021186207409674575,0.039493628640253214,0.000911189777157663,5.061394336985793e-05,1.1791957867839474e-05,2.253255872654263e-05,6.322385181595457e-06,0.9302369822139586,0.02302479264015676
W6d3b2a24032b729b0006,0.0008392120477506432,0.003897156722143553,0.000979019303323353,0.00013407955581651844,0.00021186207409674575,0.039493628640253214,0.000911189777157663,5.061394336985793e-05,1.1791957867839474e-05,2.253255872654263e-05,6.322385181595457e-06,0.9302369822139586,0.02302479264015676
W6fcba0a340edc8d30000,0.011755530045395647,0.003438554941583991,0.20908870898486306,0.34314786371841927,0.1894292261466315,0.034638268192400214,0.03125617179453396,0.02213407796314792,0.01149078584435293,0.009194487255492443,0.018986075628031365,0.007267924942296265,0.020496414160150064
W6fcba0a340edc8d30001,0.011755530045395647,0.003438554941583991,0.20908870898486306,0.34314786371841927,0.1894292261466315,0.034638268192400214,0.03125617179453396,0.02213407796314792,0.01149078584435293,0.009194487255492443,0.018986075628031365,0.007267924942296265,0.020496414160150064
W6fcba0a340edc8d30002,0.011755530045395647,0.003438554941583991,0.20908870898486306,0.34314786371841927,0.1894292261466315,0.034638268192400214,0.03125617179453396,0.02213407796314792,0.01149078584435293,0.009194487255492443,0.018986075628031365,0.007267924942296265,0.020496414160150064
W6fcba0a340edc8d30003,0.011755530045395647,0.003438554941583991,0.20908870898486306,0.34314786371841927,0.1894292261466315,0.034638268192400214,0.03125617179453396,0.02213407796314792,0.01149078584435293,0.009194487255492443,0.018986075628031365,0.007267924942296265,0.020496414160150064
W6fcba0a340edc8d30004,0.011755530045395647,0.003438554941583991,0.20908870898486306,0.34314786371841927,0.1894292261466315,0.034638268192400214,0.03125617179453396,0.02213407796314792,0.01149078584435293,0.009194487255492443,0.018986075628031365,0.007267924942296265,0.020496414160150064
W6fcba0a340edc8d30005,0.011755530045395647,0.003438554941583991,0.20908870898486306,0.34314786371841927,0.1894292261466315,0.034638268192400214,0.03125617179453396,0.02213407796314792,0.01149078584435293,0.009194487255492443,0.018986075628031365,0.007267924942296265,0.020496414160150064
W6fcba0a340edc8d30006,0.011755530045395647,0.003438554941583991,0.20908870898486306,0.34314786371841927,0.1894292261466315,0.034638268192400214,0.03125617179453396,0.02213407796314792,0.01149078584435293,0.009194487255492443,0.018986075628031365,0.007267924942296265,0.020496414160150064
W7006f3c66af00e6b0000,0.016150501640045296,0.001165518792853539,0.09496500232429306,0.08840402559578503,0.09365837478989295,0.08137819479792506,0.008130478399204655,0.5580067013987267,0.0006220793033711936,0.005784460976807687,0.003331561840727873,0.0398082550385359,0.0016603902404200817
W7006f3c66af00e6b0001,0.016150501640045296,0.001165518792853539,0.09496500232429306,0.08840402559578503,0.09365837478989295,0.08137819479792506,0.008130478399204655,0.5580067013987267,0.0006220793033711936,0.005784460976807687,0.003331561840727873,0.0398082550385359,0.0016603902404200817
W7006f3c66af00e6b0002,0.016150501640045296,0.001165518792853539,0.09496500232429306,0.08840402559578503,0.09365837478989295,0.08137819479792506,0.008130478399204655,0.5580067013987267,0.0006220793033711936,0.005784460976807687,0.003331561840727873,0.0398082550385359,0.0016603902404200817
W7006f3c66af00e6b0003,0.016150501640045296,0.001165518792853539,0.09496500232429306,0.08840402559578503,0.09365837478989295,0.08137819479792506,0.008130478399204655,0.5580067013987267,0.0006220793033711936,0.005784460976807687,0.003331561840727873,0.0398082550385359,0.0016603902404200817
W7006f3c66af00e6b0004,0.016150501640045296,0.001165518792853539,0.09496500232429306,0.08840402559578503,0.09365837478989295,0.08137819479792506,0.008130478399204655,0.5580067013987267,0.0006220793033711936,0.005784460976807687,0.003331561840727873,0.0398082550385359,0.0016603902404200817
W7006f3c66af00e6b0005,0.016150501640045296,0.001165518792853539,0.09496500232429306,0.08840402559578503,0.09365837478989295,0.08137819479792506,0.008130478399204655,0.5580067013987267,0.0006220793033711936,0.005784460976807687,0.003331561840727873,0.0398082550385359,0.0016603902404200817
W7006f3c66af00e6b0006,0.016150501640045296,0.001165518792853539,0.09496500232429306,0.08840402559578503,0.09365837478989295,0.08137819479792506,0.008130478399204655,0.5580067013987267,0.0006220793033711936,0.005784460976807687,0.003331561840727873,0.0398082550385359,0.0016603902404200817
W71bc87bb603413cf0000,0.6638634316377698,0.008517230936219713,0.010236648918261582,0.0131959259007526,0.015257885684765047,0.004073624859983856,0.008648773311095946,0.026880011805350063,0.009943587685712995,0.10059248028978392,0.003656843970439166,0.04274700376578668,0.03787367691089215
W71bc87bb603413cf0001,0.6638634316377698,0.008517230936219713,0.010236648918261582,0.0131959259007526,0.015257885684765047,0.004073624859983856,0.008648773311095946,0.026880011805350063,0.009943587685712995,0.10059248028978392,0.003656843970439166,0.04274700376578668,0.03787367691089215
W71bc87bb603413cf0002,0.6638634316377698,0.008517230936219713,0.010236648918261582,0.0131959259007526,0.015257885684765047,0.004073624859983856,0.008648773311095946,0.026880011805350063,0.009943587685712995,0.10059248028978392,0.003656843970439166,0.04274700376578668,0.03787367691089215
W71bc87bb603413cf0003,0.6638634316377698,0.008517230936219713,0.010236648918261582,0.0131959259007526,0.015257885684765047,0.004073624859983856,0.008648773311095946,0.026880011805350063,0.009943587685712995,0.10059248028978392,0.003656843970439166,0.04274700376578668,0.03787367691089215
W71bc87bb603413cf0004,0.6638634316377698,0.008517230936219713,0.010236648918261582,0.0131959259007526,0.015257885684765047,0.004073624859983856,0.008648773311095946,0.026880011805350063,0.009943587685712995,0.10059248028978392,0.003656843970439166,0.04274700376578668,0.03787367691089215
W71bc87bb603413cf0005,0.6638634316377698,0.008517230936219713,0.010236648918261582,0.0131959259007526,0.015257885684765047,0.004073624859983856,0.008648773311095946,0.026880011805350063,0.009943587685712995,0.10059248028978392,0.003656843970439166,0.04274700376578668,0.03787367691089215
W71bc87bb603413cf0006,0.6638634316377698,0.008517230936219713,0.010236648918261582,0.0131959259007526,0.015257885684765047,0.004073624859983856,0.008648773311095946,0.026880011805350063,0.009943587685712995,0.10059248028978392,0.003656843970439166,0.04274700376578668,0.03787367691089215
W71ed08969928aa290000,0.004098599492700442,0.0014695469037593572,0.02936434659701372,0.010851088697769368,0.013217030769070217,0.42551243500367003,0.0036657020870741806,0.003763709708277791,0.0006868346009374077,0.005618427265169771,0.0004378899333555678,0.49610368678966155,0.0009488457811276597
W71ed08969928aa290001,0.004098599492700442,0.0014695469037593572,0.02936434659701372,0.010851088697769368,0.013217030769070217,0.42551243500367003,0.0036657020870741806,0.003763709708277791,0.0006868346009374077,0.005618427265169771,0.0004378899333555678,0.49610368678966155,0.0009488457811276597
W71ed08969928aa290002,0.004098599492700442,0.0014695469037593572,0.02936434659701372,0.010851088697769368,0.013217030769070217,0.42551243500367003,0.0036657020870741806,0.003763709708277791,0.0006868346009374077,0.005618427265169771,0.0004378899333555678,0.49610368678966155,0.0009488457811276597
W71ed08969928aa290003,0.004098599492700442,0.0014695469037593572,0.02936434659701372,0.010851088697769368,0.013217030769070217,0.42551243500367003,0.0036657020870741806,0.003763709708277791,0.0006868346009374077,0.005618427265169771,0.0004378899333555678,0.49610368678966155,0.0009488457811276597
W71ed08969928aa290004,0.004098599492700442,0.0014695469037593572,0.02936434659701372,0.010851088697769368,0.013217030769070217,0.42551243500367003,0.0036657020870741806,0.003763709708277791,0.0006868346009374077,0.005618427265169771,0.0004378899333555678,0.49610368678966155,0.0009488457811276597
W71ed08969928aa290005,0.004098599492700442,0.0014695469037593572,0.02936434659701372,0.010851088697769368,0.013217030769070217,0.42551243500367003,0.0036657020870741806,0.003763709708277791,0.0006868346009374077,0.005618427265169771,0.0004378899333555678,0.49610368678966155,0.0009488457811276597
W71ed08969928aa290006,0.004098599492700442,0.0014695469037593572,0.02936434659701372,0.010851088697769368,0.013217030769070217,0.42551243500367003,0.0036657020870741806,0.003763709708277791,0.0006868346009374077,0.005618427265169771,0.0004378899333555678,0.49610368678966155,0.0009488457811276597
W72644c30a07b7c5a0000,0.01212014769494046,0.7709370546778805,0.008539159734416015,0.002530357574349901,0.003488157628635523,0.0024837841837973018,0.012196482924272174,0.019004817005912417,0.10475908027442873,0.0028669397830535254,0.044899328558220104,0.007909115933674346,0.00011641198448584882
W72644c30a07b7c5a0001,0.01212014769494046,0.7709370546778805,0.008539159734416015,0.002530357574349901,0.003488157628635523,0.0024837841837973018,0.012196482924272174,0.019004817005912417,0.10475908027442873,0.0028669397830535254,0.044899328558220104,0.007909115933674346,0.00011641198448584882
W72644c30a07b7c5a0002,0.01212014769494046,0.7709370546778805,0.008539159734416015,0.002530357574349901,0.003488157628635523,0.0024837841837973018,0.012196482924272174,0.019004817005912417,0.10475908027442873,0.0028669397830535254,0.044899328558220104,0.007909115933674346,0.00011641198448584882
W72644c30a07b7c5a0003,0.01212014769494046,0.7709370546778805,0.008539159734416015,0.002530357574349901,0.003488157628635523,0.0024837841837973018,0.012196482924272174,0.019004817005912417,0.10475908027442873,0.0028669397830535254,0.044899328558220104,0.007909115933674346,0.00011641198448584882
W72644c30a07b7c5a0004,0.01212014769494046,0.7709370546778805,0.008539159734416015,0.002530357574349901,0.003488157628635523,0.0024837841837973018,0.012196482924272174,0.019004817005912417,0.10475908027442873,0.0028669397830535254,0.044899328558220104,0.007909115933674346,0.00011641198448584882
W72644c30a07b7c5a0005,0.01212014769494046,0.7709370546778805,0.008539159734416015,0.002530357574349901,0.003488157628635523,0.0024837841837973018,0.012196482924272174,0.019004817005912417,0.10475908027442873,0.0028669397830535254,0.044899328558220104,0.007909115933674346,0.00011641198448584882
W72644c30a07b7c5a0006,0.01212014769494046,0.7709370546778805,0.008539159734416015,0.002530357574349901,0.003488157628635523,0.0024837841837973018,0.012196482924272174,0.019004817005912417,0.10475908027442873,0.0028669397830535254,0.044899328558220104,0.007909115933674346,0.00011641198448584882
W727940b18345130e0000,0.0053888423631973026,0.00756146062264557,0.008413981227956509,0.0068819945317064035,0.029481251280750038,0.00029505788994212736,0.04456040215382173,0.6512015744525778,0.004807888986917573,0.008537017333508421,0.07243664037289728,0.003033193520951617,0.05540018216976777
W727940b18345130e0001,0.0053888423631973026,0.00756146062264557,0.008413981227956509,0.0068819945317064035,0.029481251280750038,0.00029505788994212736,0.04456040215382173,0.6512015744525778,0.004807888986917573,0.008537017333508421,0.07243664037289728,0.003033193520951617,0.05540018216976777
W727940b18345130e0002,0.0053888423631973026,0.00756146062264557,0.008413981227956509,0.0068819945317064035,0.029481251280750038,0.00029505788994212736,0.04456040215382173,0.6512015744525778,0.004807888986917573,0.008537017333508421,0.07243664037289728,0.003033193520951617,0.05540018216976777
W727940b18345130e0003,0.0053888423631973026,0.00756146062264557,0.008413981227956509,0.0068819945317064035,0.029481251280750038,0.00029505788994212736,0.04456040215382173,0.6512015744525778,0.004807888986917573,0.008537017333508421,0.07243664037289728,0.003033193520951617,0.05540018216976777
W727940b18345130e0004,0.0053888423631973026,0.00756146062264557,0.008413981227956509,0.0068819945317064035,0.029481251280750038,0.00029505788994212736,0.04456040215382173,0.6512015744525778,0.004807888986917573,0.008537017333508421,0.07243664037289728,0.003033193520951617,0.05540018216976777
W727940b18345130e0005,0.0053888423631973026,0.00756146062264557,0.008413981227956509,0.0068819945317064035,0.029481251280750038,0.00029505788994212736,0.04456040215382173,0.6512015744525778,0.004807888986917573,0.008537017333508421,0.07243664037289728,0.003033193520951617,0.05540018216976777
W727940b18345130e0006,0.0053888423631973026,0.00756146062264557,0.008413981227956509,0.0068819945317064035,0.029481251280750038,0.00029505788994212736,0.04456040215382173,0.6512015744525778,0.004807888986917573,0.008537017333508421,0.07243664037289728,0.003033193520951617,0.05540018216976777
W729325f0d9eaf9060000,0.01101055900335672,0.004544416851386975,0.04510492404082063,0.022434088084994943,0.01699431342036377,0.013342683376525544,0.12879191775148516,0.016303681687809587,0.011846886259024293,0.07650472295201682,0.0490491915416943,0.0014164602548482732,0.11587759903966782
W729325f0d9eaf9060001,0.01101055900335672,0.004544416851386975,0.04510492404082063,0.022434088084994943,0.01699431342036377,0.013342683376525544,0.12879191775148516,0.016303681687809587,0.011846886259024293,0.07650472295201682,0.0490491915416943,0.0014164602548482732,0.11587759903966782
W729325f0d9eaf9060002,0.01101055900335672,0.004544416851386975,0.04510492404082063,0.022434088084994943,0.01699431342036377,0.013342683376525544,0.12879191775148516,0.016303681687809587,0.011846886259024293,0.07650472295201682,0.0490491915416943,0.0014164602548482732,0.11587759903966782
W729325f0d9eaf9060003,0.01101055900335672,0.004544416851386975,0.04510492404082063,0.022434088084994943,0.01699431342036377,0.013342683376525544,0.12879191775148516,0.016303681687809587,0.011846886259024293,0.07650472295201682,0.0490491915416943,0.0014164602548482732,0.11587759903966782
W729325f0d9eaf9060004,0.01101055900335672,0.004544416851386975,0.04510492404082063,0.022434088084994943,0.01699431342036377,0.013342683376525544,0.12879191775148516,0.016303681687809587,0.011846886259024293,0.07650472295201682,0.0490491915416943,0.0014164602548482732,0.11587759903966782
W729325f0d9eaf9060005,0.01101055900335672,0.004544416851386975,0.04510492404082063,0.022434088084994943,0.01699431342036377,0.013342683376525544,0.12879191775148516,0.016303681687809587,0.011846886259024293,0.07650472295201682,0.0490491915416943,0.0014164602548482732,0.11587759903966782
W729325f0d9eaf9060006,0.01101055900335672,0.004544416851386975,0.04510492404082063,0.022434088084994943,0.01699431342036377,0.013342683376525544,0.12879191775148516,0.016303681687809587,0.011846886259024293,0.07650472295201682,0.0490491915416943,0.0014164602548482732,0.11587759903966782
W7323d1ca6e11182e0000,0.0031478208932061796,0.0008693149127426344,0.060510491340827983,0.01594713867438189,0.019260129246514344,0.7454443350153241,0.0031718078762921972,0.021767739439971356,3.8075105913316986e-05,0.00011479901836346343,0.001279266492469722,0.12629467457275723,4.915561136522625e-05
W7323d1ca6e11182e0001,0.0031478208932061796,0.0008693149127426344,0.060510491340827983,0.01594713867438189,0.019260129246514344,0.7454443350153241,0.0031718078762921972,0.021767739439971356,3.8075105913316986e-05,0.00011479901836346343,0.001279266492469722,0.12629467457275723,4.915561136522625e-05
W7323d1ca6e11182e0002,0.0031478208932061796,0.0008693149127426344,0.060510491340827983,0.01594713867438189,0.019260129246514344,0.7454443350153241,0.0031718078762921972,0.021767739439971356,3.8075105913316986e-05,0.00011479901836346343,0.001279266492469722,0.12629467457275723,4.915561136522625e-05
W7323d1ca6e11182e0003,0.0031478208932061796,0.0008693149127426344,0.060510491340827983,0.01594713867438189,0.019260129246514344,0.7454443350153241,0.0031718078762921972,0.021767739439971356,3.8075105913316986e-05,0.00011479901836346343,0.001279266492469722,0.12629467457275723,4.915561136522625e-05
W7323d1ca6e11182e0004,0.0031478208932061796,0.0008693149127426344,0.060510491340827983,0.01594713867438189,0.019260129246514344,0.7454443350153241,0.0031718078762921972,0.021767739439971356,3.8075105913316986e-05,0.00011479901836346343,0.001279266492469722,0.12629467457275723,4.915561136522625e-05
W7323d1ca6e11182e0005,0.0031478208932061796,0.0008693149127426344,0.060510491340827983,0.01594713867438189,0.019260129246514344,0.7454443350153241,0.0031718078762921972,0.021767739439971356,3.8075105913316986e-05,0.00011479901836346343,0.001279266492469722,0.12629467457275723,4.915561136522625e-05
W7323d1ca6e11182e0006,0.0031478208932061796,0.0008693149127426344,0.060510491340827983,0.01594713867438189,0.019260129246514344,0.7454443350153241,0.0031718078762921972,0.021767739439971356,3.8075105913316986e-05,0.00011479901836346343,0.001279266492469722,0.12629467457275723,4.915561136522625e-05
W73ed5859f924416c0000,0.011128740219294955,0.00550223631196993,0.035646254300969814,0.03657005929763109,0.031054681122831145,0.00618757303340224,0.03888374903487087,0.07995713317109898,0.03158633730413363,0.02128830694277141,0.030237314078296728,0.005563202172145363,0.13504363393521018
W73ed5859f924416c0001,0.011128740219294955,0.00550223631196993,0.035646254300969814,0.03657005929763109,0.031054681122831145,0.00618757303340224,0.03888374903487087,0.07995713317109898,0.03158633730413363,0.02128830694277141,0.030237314078296728,0.005563202172145363,0.13504363393521018
W73ed5859f924416c0002,0.011128740219294955,0.00550223631196993,0.035646254300969814,0.03657005929763109,0.031054681122831145,0.00618757303340224,0.03888374903487087,0.07995713317109898,0.03158633730413363,0.02128830694277141,0.030237314078296728,0.005563202172145363,0.13504363393521018
W73ed5859f924416c0003,0.011128740219294955,0.00550223631196993,0.035646254300969814,0.03657005929763109,0.031054681122831145,0.00618757303340224,0.03888374903487087,0.07995713317109898,0.03158633730413363,0.02128830694277141,0.030237314078296728,0.005563202172145363,0.13504363393521018
W73ed5859f924416c0004,0.011128740219294955,0.00550223631196993,0.035646254300969814,0.03657005929763109,0.031054681122831145,0.00618757303340224,0.03888374903487087,0.07995713317109898,0.03158633730413363,0.02128830694277141,0.030237314078296728,0.005563202172145363,0.13504363393521018
W73ed5859f924416c0005,0.011128740219294955,0.00550223631196993,0.035646254300969814,0.03657005929763109,0.031054681122831145,0.00618757303340224,0.03888374903487087,0.07995713317109898,0.03158633730413363,0.02128830694277141,0.030237314078296728,0.005563202172145363,0.13504363393521018
W73ed5859f924416c0006,0.011128740219294955,0.00550223631196993,0.035646254300969814,0.03657005929763109,0.031054681122831145,0.00618757303340224,0.03888374903487087,0.07995713317109898,0.03158633730413363,0.02128830694277141,0.030237314078296728,0.005563202172145363,0.13504363393521018
W74a550cd58cac66b0000,0.0052464316575601576,0.011913769406879963,0.02596206408428417,0.02886001402656409,0.035083618957834836,0.00858838394210601,0.6581784897914332,0.13742771910747298,0.00358022641594165,0.009048338833712203,0.019920089662559128,0.01055560688141267,0.008514606025597116
W74a550cd58cac66b0001,0.0052464316575601576,0.011913769406879963,0.02596206408428417,0.02886001402656409,0.035083618957834836,0.00858838394210601,0.6581784897914332,0.13742771910747298,0.00358022641594165,0.009048338833712203,0.019920089662559128,0.01055560688141267,0.008514606025597116
W74a550cd58cac66b0002,0.0052464316575601576,0.011913769406879963,0.02596206408428417,0.02886001402656409,0.035083618957834836,0.00858838394210601,0.6581784897914332,0.13742771910747298,0.00358022641594165,0.009048338833712203,0.019920089662559128,0.01055560688141267,0.008514606025597116
W74a550cd58cac66b0003,0.0052464316575601576,0.011913769406879963,0.02596206408428417,0.02886001402656409,0.035083618957834836,0.00858838394210601,0.6581784897914332,0.13742771910747298,0.00358022641594165,0.009048338833712203,0.019920089662559128,0.01055560688141267,0.008514606025597116
W74a550cd58cac66b0004,0.0052464316575601576,0.011913769406879963,0.02596206408428417,0.02886001402656409,0.035083618957834836,0.00858838394210601,0.6581784897914332,0.13742771910747298,0.00358022641594165,0.009048338833712203,0.019920089662559128,0.01055560688141267,0.008514606025597116
W74a550cd58cac66b0005,0.0052464316575601576,0.011913769406879963,0.02596206408428417,0.02886001402656409,0.035083618957834836,0.00858838394210601,0.6581784897914332,0.13742771910747298,0.00358022641594165,0.009048338833712203,0.019920089662559128,0.01055560688141267,0.008514606025597116
W74a550cd58cac66b0006,0.0052464316575601576,0.011913769406879963,0.02596206408428417,0.02886001402656409,0.035083618957834836,0.00858838394210601,0.6581784897914332,0.13742771910747298,0.00358022641594165,0.009048338833712203,0.019920089662559128,0.01055560688141267,0.008514606025597116
W74ca5568fc785c740000,0.0026757964644239306,0.021463314915416212,0.01061903519385798,0.004147055937309905,0.011962949230543352,0.6342940175122792,0.0055624984663938766,0.0023677577629206163,5.441801986618263e-05,0.0005332232023681177,0.00024098928003529939,0.3004429219230445,0.0019665292805507925
W74ca5568fc785c740001,0.0026757964644239306,0.021463314915416212,0.01061903519385798,0.004147055937309905,0.011962949230543352,0.6342940175122792,0.0055624984663938766,0.0023677577629206163,5.441801986618263e-05,0.0005332232023681177,0.00024098928003529939,0.3004429219230445,0.0019665292805507925
W74ca5568fc785c740002,0.0026757964644239306,0.021463314915416212,0.01061903519385798,0.004147055937309905,0.011962949230543352,0.6342940175122792,0.0055624984663938766,0.0023677577629206163,5.441801986618263e-05,0.0005332232023681177,0.00024098928003529939,0.3004429219230445,0.0019665292805507925
W74ca5568fc785c740003,0.0026757964644239306,0.021463314915416212,0.01061903519385798,0.004147055937309905,0.011962949230543352,0.6342940175122792,0.0055624984663938766,0.0023677577629206163,5.441801986618263e-05,0.0005332232023681177,0.00024098928003529939,0.3004429219230445,0.0019665292805507925
W74ca5568fc785c740004,0.0026757964644239306,0.021463314915416212,0.01061903519385798,0.004147055937309905,0.011962949230543352,0.6342940175122792,0.0055624984663938766,0.0023677577629206163,5.441801986618263e-05,0.0005332232023681177,0.00024098928003529939,0.3004429219230445,0.0019665292805507925
W74ca5568fc785c740005,0.0026757964644239306,0.021463314915416212,0.01061903519385798,0.004147055937309905,0.011962949230543352,0.6342940175122792,0.0055624984663938766,0.0023677577629206163,5.441801986618263e-05,0.0005332232023681177,0.00024098928003529939,0.3004429219230445,0.0019665292805507925
W74ca5568fc785c740006,0.0026757964644239306,0.021463314915416212,0.01061903519385798,0.004147055937309905,0.011962949230543352,0.6342940175122792,0.0055624984663938766,0.0023677577629206163,5.441801986618263e-05,0.0005332232023681177,0.00024098928003529939,0.3004429219230445,0.0019665292805507925
W7557edb163ff1ca10000,0.004765687280697885,0.0010481477474761267,0.38596104232757056,0.08218061242129976,0.10112565821930078,0.10455001737417874,0.012895286465417813,0.0024290940761247694,0.002755808901277783,0.012467391556097896,0.0009614459434005377,0.2596563169994769,0.021011037590299885
W7557edb163ff1ca10001,0.004765687280697885,0.0010481477474761267,0.38596104232757056,0.08218061242129976,0.10112565821930078,0.10455001737417874,0.012895286465417813,0.0024290940761247694,0.002755808901277783,0.012467391556097896,0.0009614459434005377,0.2596563169994769,0.021011037590299885
W7557edb163ff1ca10002,0.004765687280697885,0.0010481477474761267,0.38596104232757056,0.08218061242129976,0.10112565821930078,0.10455001737417874,0.012895286465417813,0.0024290940761247694,0.002755808901277783,0.012467391556097896,0.0009614459434005377,0.2596563169994769,0.021011037590299885
W7557edb163ff1ca10003,0.004765687280697885,0.0010481477474761267,0.38596104232757056,0.08218061242129976,0.10112565821930078,0.10455001737417874,0.012895286465417813,0.0024290940761247694,0.002755808901277783,0.012467391556097896,0.0009614459434005377,0.2596563169994769,0.021011037590299885
W7557edb163ff1ca10004,0.004765687280697885,0.0010481477474761267,0.38596104232757056,0.08218061242129976,0.10112565821930078,0.10455001737417874,0.012895286465417813,0.0024290940761247694,0.002755808901277783,0.012467391556097896,0.0009614459434005377,0.2596563169994769,0.021011037590299885
W7557edb163ff1ca10005,0.004765687280697885,0.0010481477474761267,0.38596104232757056,0.08218061242129976,0.10112565821930078,0.10455001737417874,0.012895286465417813,0.0024290940761247694,0.002755808901277783,0.012467391556097896,0.0009614459434005377,0.2596563169994769,0.021011037590299885
W7557edb163ff1ca10006,0.004765687280697885,0.0010481477474761267,0.38596104232757056,0.08218061242129976,0.10112565821930078,0.10455001737417874,0.012895286465417813,0.0024290940761247694,0.002755808901277783,0.012467391556097896,0.0009614459434005377,0.2596563169994769,0.021011037590299885
W7575a97fc8a0191b0000,0.004451720946300563,0.0013368411501401048,0.011962299467851281,0.011507611549337129,0.004133781304942876,0.1963123854142926,0.005814165636570576,0.00022051908665127914,8.362143943851287e-05,1.681396900344217e-05,4.74286642459868e-05,0.7617040795235225,0.0023435183466632664
W7575a97fc8a0191b0001,0.004451720946300563,0.0013368411501401048,0.011962299467851281,0.011507611549337129,0.004133781304942876,0.1963123854142926,0.005814165636570576,0.00022051908665127914,8.362143943851287e-05,1.681396900344217e-05,4.74286642459868e-05,0.7617040795235225,0.0023435183466632664
W7575a97fc8a0191b0002,0.004451720946300563,0.0013368411501401048,0.011962299467851281,0.011507611549337129,0.004133781304942876,0.1963123854142926,0.005814165636570576,0.00022051908665127914,8.362143943851287e-05,1.681396900344217e-05,4.74286642459868e-05,0.7617040795235225,0.0023435183466632664
W7575a97fc8a0191b0003,0.004451720946300563,0.0013368411501401048,0.011962299467851281,0.011507611549337129,0.004133781304942876,0.1963123854142926,0.005814165636570576,0.00022051908665127914,8.362143943851287e-05,1.681396900344217e-05,4.74286642459868e-05,0.7617040795235225,0.0023435183466632664
W7575a97fc8a0191b0004,0.004451720946300563,0.0013368411501401048,0.011962299467851281,0.011507611549337129,0.004133781304942876,0.1963123854142926,0.005814165636570576,0.00022051908665127914,8.362143943851287e-05,1.681396900344217e-05,4.74286642459868e-05,0.7617040795235225,0.0023435183466632664
W7575a97fc8a0191b0005,0.004451720946300563,0.0013368411501401048,0.011962299467851281,0.011507611549337129,0.004133781304942876,0.1963123854142926,0.005814165636570576,0.00022051908665127914,8.362143943851287e-05,1.681396900344217e-05,4.74286642459868e-05,0.7617040795235225,0.0023435183466632664
W7575a97fc8a0191b0006,0.004451720946300563,0.0013368411501401048,0.011962299467851281,0.011507611549337129,0.004133781304942876,0.1963123854142926,0.005814165636570576,0.00022051908665127914,8.362143943851287e-05,1.681396900344217e-05,4.74286642459868e-05,0.7617040795235225,0.0023435183466632664
W757e2d1c9dfbee5c0000,0.0021532583977761114,0.00021795635998563697,0.014905890154876228,0.005451775083918977,0.00457957478378375,0.6843644122057001,0.04704727211248174,0.00040802310254620973,0.00034011783947877265,0.0004960789146572006,0.00043933123253957684,0.2340853655343894,0.0041380297592209766
W757e2d1c9dfbee5c0001,0.0021532583977761114,0.00021795635998563697,0.014905890154876228,0.005451775083918977,0.00457957478378375,0.6843644122057001,0.04704727211248174,0.00040802310254620973,0.00034011783947877265,0.0004960789146572006,0.00043933123253957684,0.2340853655343894,0.0041380297592209766
W757e2d1c9dfbee5c0002,0.0021532583977761114,0.00021795635998563697,0.014905890154876228,0.005451775083918977,0.00457957478378375,0.6843644122057001,0.04704727211248174,0.00040802310254620973,0.00034011783947877265,0.0004960789146572006,0.00043933123253957684,0.2340853655343894,0.0041380297592209766
W757e2d1c9dfbee5c0003,0.0021532583977761114,0.00021795635998563697,0.014905890154876228,0.005451775083918977,0.00457957478378375,0.6843644122057001,0.04704727211248174,0.00040802310254620973,0.00034011783947877265,0.0004960789146572006,0.00043933123253957684,0.2340853655343894,0.0041380297592209766
W757e2d1c9dfbee5c0004,0.0021532583977761114,0.00021795635998563697,0.014905890154876228,0.005451775083918977,0.00457957478378375,0.6843644122057001,0.04704727211248174,0.00040802310254620973,0.00034011783947877265,0.0004960789146572006,0.00043933123253957684,0.2340853655343894,0.0041380297592209766
W757e2d1c9dfbee5c0005,0.0021532583977761114,0.00021795635998563697,0.014905890154876228,0.005451775083918977,0.00457957478378375,0.6843644122057001,0.04704727211248174,0.00040802310254620973,0.00034011783947877265,0.0004960789146572006,0.00043933123253957684,0.2340853655343894,0.0041380297592209766
W757e2d1c9dfbee5c0006,0.0021532583977761114,0.00021795635998563697,0.014905890154876228,0.005451775083918977,0.00457957478378375,0.6843644122057001,0.04704727211248174,0.00040802310254620973,0.00034011783947877265,0.0004960789146572006,0.00043933123253957684,0.2340853655343894,0.0041380297592209766
W764bbe99e72ba4c90000,0.005680103488778038,0.0012532788272422888,0.0408439327381469,0.03924697029454151,0.013435721009132606,0.0057081051219322766,0.02755461673586794,0.02458711749004666,0.026564520137199975,0.024704452380608595,0.03624380908797003,0.001557747670397376,0.03604621326579696
W764bbe99e72ba4c90001,0.005680103488778038,0.0012532788272422888,0.0408439327381469,0.03924697029454151,0.013435721009132606,0.0057081051219322766,0.02755461673586794,0.02458711749004666,0.026564520137199975,0.024704452380608595,0.03624380908797003,0.001557747670397376,0.03604621326579696
W764bbe99e72ba4c90002,0.005680103488778038,0.0012532788272422888,0.0408439327381469,0.03924697029454151,0.013435721009132606,0.0057081051219322766,0.02755461673586794,0.02458711749004666,0.026564520137199975,0.024704452380608595,0.03624380908797003,0.001557747670397376,0.03604621326579696
W764bbe99e72ba4c90003,0.005680103488778038,0.0012532788272422888,0.0408439327381469,0.03924697029454151,0.013435721009132606,0.0057081051219322766,0.02755461673586794,0.02458711749004666,0.026564520137199975,0.024704452380608595,0.03624380908797003,0.001557747670397376,0.03604621326579696
W764bbe99e72ba4c90004,0.005680103488778038,0.0012532788272422888,0.0408439327381469,0.03924697029454151,0.013435721009132606,0.0057081051219322766,0.02755461673586794,0.02458711749004666,0.026564520137199975,0.024704452380608595,0.03624380908797003,0.001557747670397376,0.03604621326579696
W764bbe99e72ba4c90005,0.005680103488778038,0.0012532788272422888,0.0408439327381469,0.03924697029454151,0.013435721009132606,0.0057081051219322766,0.02755461673586794,0.02458711749004666,0.026564520137199975,0.024704452380608595,0.03624380908797003,0.001557747670397376,0.03604621326579696
W764bbe99e72ba4c90006,0.005680103488778038,0.0012532788272422888,0.0408439327381469,0.03924697029454151,0.013435721009132606,0.0057081051219322766,0.02755461673586794,0.02458711749004666,0.026564520137199975,0.024704452380608595,0.03624380908797003,0.001557747670397376,0.03604621326579696
W76ffa8ac18f801550000,0.0013613928217130582,0.0001491859258296091,0.007155167233769144,0.007534180537134861,0.014185085901556718,0.34367819885166984,0.0014275947790481443,0.008249712567900762,0.0005935308033330308,0.00015712903136487982,0.0009178098218220903,0.6108621007908468,0.0012638986819172458
W76ffa8ac18f801550001,0.0013613928217130582,0.0001491859258296091,0.007155167233769144,0.007534180537134861,0.014185085901556718,0.34367819885166984,0.0014275947790481443,0.008249712567900762,0.0005935308033330308,0.00015712903136487982,0.0009178098218220903,0.6108621007908468,0.0012638986819172458
W76ffa8ac18f801550002,0.0013613928217130582,0.0001491859258296091,0.007155167233769144,0.007534180537134861,0.014185085901556718,0.34367819885166984,0.0014275947790481443,0.008249712567900762,0.0005935308033330308,0.00015712903136487982,0.0009178098218220903,0.6108621007908468,0.0012638986819172458
W76ffa8ac18f801550003,0.0013613928217130582,0.0001491859258296091,0.007155167233769144,0.007534180537134861,0.014185085901556718,0.34367819885166984,0.0014275947790481443,0.008249712567900762,0.0005935308033330308,0.00015712903136487982,0.0009178098218220903,0.6108621007908468,0.0012638986819172458
W76ffa8ac18f801550004,0.0013613928217130582,0.0001491859258296091,0.007155167233769144,0.007534180537134861,0.014185085901556718,0.34367819885166984,0.0014275947790481443,0.008249712567900762,0.0005935308033330308,0.00015712903136487982,0.0009178098218220903,0.6108621007908468,0.0012638986819172458
W76ffa8ac18f801550005,0.0013613928217130582,0.0001491859258296091,0.007155167233769144,0.007534180537134861,0.014185085901556718,0.34367819885166984,0.0014275947790481443,0.008249712567900762,0.0005935308033330308,0.00015712903136487982,0.0009178098218220903,0.6108621007908468,0.0012638986819172458
W76ffa8ac18f801550006,0.0013613928217130582,0.0001491859258296091,0.007155167233769144,0.007534180537134861,0.014185085901556718,0.34367819885166984,0.0014275947790481443,0.008249712567900762,0.0005935308033330308,0.00015712903136487982,0.0009178098218220903,0.6108621007908468,0.0012638986819172458
W790478c62835aaae0000,0.016373393267725078,0.007264328883787669,0.048904721388055725,0.05612296627250202,0.5623408270993452,0.03605324317708764,0.07420340045903558,0.044010806618012425,0.0101460900004186,0.021363168396397316,0.04060948854812782,0.02742506149814556,0.010498666294001669
W790478c62835aaae0001,0.016373393267725078,0.007264328883787669,0.048904721388055725,0.05612296627250202,0.5623408270993452,0.03605324317708764,0.07420340045903558,0.044010806618012425,0.0101460900004186,0.021363168396397316,0.04060948854812782,0.02742506149814556,0.010498666294001669
W790478c62835aaae0002,0.016373393267725078,0.007264328883787669,0.048904721388055725,0.05612296627250202,0.5623408270993452,0.03605324317708764,0.07420340045903558,0.044010806618012425,0.0101460900004186,0.021363168396397316,0.04060948854812782,0.02742506149814556,0.010498666294001669
W790478c62835aaae0003,0.016373393267725078,0.007264328883787669,0.048904721388055725,0.05612296627250202,0.5623408270993452,0.03605324317708764,0.07420340045903558,0.044010806618012425,0.0101460900004186,0.021363168396397316,0.04060948854812782,0.02742506149814556,0.010498666294001669
W790478c62835aaae0004,0.016373393267725078,0.007264328883787669,0.048904721388055725,0.05612296627250202,0.5623408270993452,0.03605324317708764,0.07420340045903558,0.044010806618012425,0.0101460900004186,0.021363168396397316,0.04060948854812782,0.02742506149814556,0.010498666294001669
W790478c62835aaae0005,0.016373393267725078,0.007264328883787669,0.048904721388055725,0.05612296627250202,0.5623408270993452,0.03605324317708764,0.07420340045903558,0.044010806618012425,0.0101460900004186,0.021363168396397316,0.04060948854812782,0.02742506149814556,0.010498666294001669
W790478c62835aaae0006,0.016373393267725078,0.007264328883787669,0.048904721388055725,0.05612296627250202,0.5623408270993452,0.03605324317708764,0.07420340045903558,0.044010806618012425,0.0101460900004186,0.021363168396397316,0.04060948854812782,0.02742506149814556,0.010498666294001669
W7a583d6765fed99a0000,0.5085389599939916,0.00307115863579513,0.005432044315386279,0.009424183767105397,0.007606833805694472,0.0025201995993401403,0.006432917021093046,0.03289570777196302,0.17075360685741958,0.07597049824955145,0.09600108964468465,0.0299618607079143,0.020979350115788928
W7a583d6765fed99a0001,0.5085389599939916,0.00307115863579513,0.005432044315386279,0.009424183767105397,0.007606833805694472,0.0025201995993401403,0.006432917021093046,0.03289570777196302,0.17075360685741958,0.07597049824955145,0.09600108964468465,0.0299618607079143,0.020979350115788928
W7a583d6765fed99a0002,0.5085389599939916,0.00307115863579513,0.005432044315386279,0.009424183767105397,0.007606833805694472,0.0025201995993401403,0.006432917021093046,0.03289570777196302,0.17075360685741958,0.07597049824955145,0.09600108964468465,0.0299618607079143,0.020979350115788928
W7a583d6765fed99a0003,0.5085389599939916,0.00307115863579513,0.005432044315386279,0.009424183767105397,0.007606833805694472,0.0025201995993401403,0.006432917021093046,0.03289570777196302,0.17075360685741958,0.07597049824955145,0.09600108964468465,0.0299618607079143,0.020979350115788928
W7a583d6765fed99a0004,0.5085389599939916,0.00307115863579513,0.005432044315386279,0.009424183767105397,0.007606833805694472,0.0025201995993401403,0.006432917021093046,0.03289570777196302,0.17075360685741958,0.07597049824955145,0.09600108964468465,0.0299618607079143,0.020979350115788928
W7a583d6765fed99a0005,0.5085389599939916,0.00307115863579513,0.005432044315386279,0.009424183767105397,0.007606833805694472,0.0025201995993401403,0.006432917021093046,0.03289570777196302,0.17075360685741958,0.07597049824955145,0.09600108964468465,0.0299618607079143,0.020979350115788928
W7a583d6765fed99a0006,0.5085389599939916,0.00307115863579513,0.005432044315386279,0.009424183767105397,0.007606833805694472,0.0025201995993401403,0.006432917021093046,0.03289570777196302,0.17075360685741958,0.07597049824955145,0.09600108964468465,0.0299618607079143,0.020979350115788928
W7aebe5708c8c9c110000,0.02093388527733376,0.005059848988296705,0.18712519001272926,0.10064624676340592,0.24466842206896963,0.05519012950434384,0.09850473760848634,0.021655294845613373,0.01143582951399252,0.03923710239035516,0.020189704808545577,0.029251463719982516,0.0146496506562611
W7aebe5708c8c9c110001,0.02093388527733376,0.005059848988296705,0.18712519001272926,0.10064624676340592,0.24466842206896963,0.05519012950434384,0.09850473760848634,0.021655294845613373,0.01143582951399252,0.03923710239035516,0.020189704808545577,0.029251463719982516,0.0146496506562611
W7aebe5708c8c9c110002,0.02093388527733376,0.005059848988296705,0.18712519001272926,0.10064624676340592,0.24466842206896963,0.05519012950434384,0.09850473760848634,0.021655294845613373,0.01143582951399252,0.03923710239035516,0.020189704808545577,0.029251463719982516,0.0146496506562611
W7aebe5708c8c9c110003,0.02093388527733376,0.005059848988296705,0.18712519001272926,0.10064624676340592,0.24466842206896963,0.05519012950434384,0.09850473760848634,0.021655294845613373,0.01143582951399252,0.03923710239035516,0.020189704808545577,0.029251463719982516,0.0146496506562611
W7aebe5708c8c9c110004,0.02093388527733376,0.005059848988296705,0.18712519001272926,0.10064624676340592,0.24466842206896963,0.05519012950434384,0.09850473760848634,0.021655294845613373,0.01143582951399252,0.03923710239035516,0.020189704808545577,0.029251463719982516,0.0146496506562611
W7aebe5708c8c9c110005,0.02093388527733376,0.005059848988296705,0.18712519001272926,0.10064624676340592,0.24466842206896963,0.05519012950434384,0.09850473760848634,0.021655294845613373,0.01143582951399252,0.03923710239035516,0.020189704808545577,0.029251463719982516,0.0146496506562611
W7aebe5708c8c9c110006,0.02093388527733376,0.005059848988296705,0.18712519001272926,0.10064624676340592,0.24466842206896963,0.05519012950434384,0.09850473760848634,0.021655294845613373,0.01143582951399252,0.03923710239035516,0.020189704808545577,0.029251463719982516,0.0146496506562611
W7c0ec7abab1d4b1b0000,0.017372447949977065,0.001869750095210673,0.345376053674122,0.06880883765521414,0.35594688049945866,0.0477656112639218,0.01581360109545269,0.0723981457967354,0.004792239088585903,0.006462505459031043,0.011620579825971042,0.022310645920444943,0.005638014801758523
W7c0ec7abab1d4b1b0001,0.017372447949977065,0.001869750095210673,0.345376053674122,0.06880883765521414,0.35594688049945866,0.0477656112639218,0.01581360109545269,0.0723981457967354,0.004792239088585903,0.006462505459031043,0.011620579825971042,0.022310645920444943,0.005638014801758523
W7c0ec7abab1d4b1b0002,0.017372447949977065,0.001869750095210673,0.345376053674122,0.06880883765521414,0.35594688049945866,0.0477656112639218,0.01581360109545269,0.0723981457967354,0.004792239088585903,0.006462505459031043,0.011620579825971042,0.022310645920444943,0.005638014801758523
W7c0ec7abab1d4b1b0003,0.017372447949977065,0.001869750095210673,0.345376053674122,0.06880883765521414,0.35594688049945866,0.0477656112639218,0.01581360109545269,0.0723981457967354,0.004792239088585903,0.006462505459031043,0.011620579825971042,0.022310645920444943,0.005638014801758523
W7c0ec7abab1d4b1b0004,0.017372447949977065,0.001869750095210673,0.345376053674122,0.06880883765521414,0.35594688049945866,0.0477656112639218,0.01581360109545269,0.0723981457967354,0.004792239088585903,0.006462505459031043,0.011620579825971042,0.022310645920444943,0.005638014801758523
W7c0ec7abab1d4b1b0005,0.017372447949977065,0.001869750095210673,0.345376053674122,0.06880883765521414,0.35594688049945866,0.0477656112639218,0.01581360109545269,0.0723981457967354,0.004792239088585903,0.006462505459031043,0.011620579825971042,0.022310645920444943,0.005638014801758523
W7c0ec7abab1d4b1b0006,0.017372447949977065,0.001869750095210673,0.345376053674122,0.06880883765521414,0.35594688049945866,0.0477656112639218,0.01581360109545269,0.0723981457967354,0.004792239088585903,0.006462505459031043,0.011620579825971042,0.022310645920444943,0.005638014801758523
W7db60bf6517a53a60000,0.013193965556780105,0.640292826890045,0.01130332617939995,0.007346583104800353,0.02011296361744382,0.010064440464780229,0.028649539915880286,0.04411893984058866,0.11080985669388368,0.00684403792321214,0.07668701810443389,0.008039554534806658,0.0037539485920670885
W7db60bf6517a53a60001,0.013193965556780105,0.640292826890045,0.01130332617939995,0.007346583104800353,0.02011296361744382,0.010064440464780229,0.028649539915880286,0.04411893984058866,0.11080985669388368,0.00684403792321214,0.07668701810443389,0.008039554534806658,0.0037539485920670885
W7db60bf6517a53a60002,0.013193965556780105,0.640292826890045,0.01130332617939995,0.007346583104800353,0.02011296361744382,0.010064440464780229,0.028649539915880286,0.04411893984058866,0.11080985669388368,0.00684403792321214,0.07668701810443389,0.008039554534806658,0.0037539485920670885
W7db60bf6517a53a60003,0.013193965556780105,0.640292826890045,0.01130332617939995,0.007346583104800353,0.02011296361744382,0.010064440464780229,0.028649539915880286,0.04411893984058866,0.11080985669388368,0.00684403792321214,0.07668701810443389,0.008039554534806658,0.0037539485920670885
W7db60bf6517a53a60004,0.013193965556780105,0.640292826890045,0.01130332617939995,0.007346583104800353,0.02011296361744382,0.010064440464780229,0.028649539915880286,0.04411893984058866,0.11080985669388368,0.00684403792321214,0.07668701810443389,0.008039554534806658,0.0037539485920670885
W7db60bf6517a53a60005,0.013193965556780105,0.640292826890045,0.01130332617939995,0.007346583104800353,0.02011296361744382,0.010064440464780229,0.028649539915880286,0.04411893984058866,0.11080985669388368,0.00684403792321214,0.07668701810443389,0.008039554534806658,0.0037539485920670885
W7db60bf6517a53a60006,0.013193965556780105,0.640292826890045,0.01130332617939995,0.007346583104800353,0.02011296361744382,0.010064440464780229,0.028649539915880286,0.04411893984058866,0.11080985669388368,0.00684403792321214,0.07668701810443389,0.008039554534806658,0.0037539485920670885
W7e5726e04f4f70af0000,0.012008996239719844,0.001210009580738056,0.0991225490812242,0.09632505515523296,0.15565287740621886,0.10806974726304348,0.016552266202232227,0.17674530032277205,0.0023790641197703,0.011275025342026384,0.010379668768849229,0.28861548030792705,0.010203257836561608
W7e5726e04f4f70af0001,0.012008996239719844,0.001210009580738056,0.0991225490812242,0.09632505515523296,0.15565287740621886,0.10806974726304348,0.016552266202232227,0.17674530032277205,0.0023790641197703,0.011275025342026384,0.010379668768849229,0.28861548030792705,0.010203257836561608
W7e5726e04f4f70af0002,0.012008996239719844,0.001210009580738056,0.0991225490812242,0.09632505515523296,0.15565287740621886,0.10806974726304348,0.016552266202232227,0.17674530032277205,0.0023790641197703,0.011275025342026384,0.010379668768849229,0.28861548030792705,0.010203257836561608
W7e5726e04f4f70af0003,0.012008996239719844,0.001210009580738056,0.0991225490812242,0.09632505515523296,0.15565287740621886,0.10806974726304348,0.016552266202232227,0.17674530032277205,0.0023790641197703,0.011275025342026384,0.010379668768849229,0.28861548030792705,0.010203257836561608
W7e5726e04f4f70af0004,0.012008996239719844,0.001210009580738056,0.0991225490812242,0.09632505515523296,0.15565287740621886,0.10806974726304348,0.016552266202232227,0.17674530032277205,0.0023790641197703,0.011275025342026384,0.010379668768849229,0.28861548030792705,0.010203257836561608
W7e5726e04f4f70af0005,0.012008996239719844,0.001210009580738056,0.0991225490812242,0.09632505515523296,0.15565287740621886,0.10806974726304348,0.016552266202232227,0.17674530032277205,0.0023790641197703,0.011275025342026384,0.010379668768849229,0.28861548030792705,0.010203257836561608
W7e5726e04f4f70af0006,0.012008996239719844,0.001210009580738056,0.0991225490812242,0.09632505515523296,0.15565287740621886,0.10806974726304348,0.016552266202232227,0.17674530032277205,0.0023790641197703,0.011275025342026384,0.010379668768849229,0.28861548030792705,0.010203257836561608
W7e86cb0d38c2eb570000,0.3698213621701395,0.02782968016813513,0.03877373390675928,0.0329206003486151,0.0950993209613905,0.053143613983515636,0.0690367384723344,0.042242141409904864,0.024544384193217434,0.047700794195859736,0.038352667506483085,0.027591935126920895,0.0305882001512894
W7e86cb0d38c2eb570001,0.3698213621701395,0.02782968016813513,0.03877373390675928,0.0329206003486151,0.0950993209613905,0.053143613983515636,0.0690367384723344,0.042242141409904864,0.024544384193217434,0.047700794195859736,0.038352667506483085,0.027591935126920895,0.0305882001512894
W7e86cb0d38c2eb570002,0.3698213621701395,0.02782968016813513,0.03877373390675928,0.0329206003486151,0.0950993209613905,0.053143613983515636,0.0690367384723344,0.042242141409904864,0.024544384193217434,0.047700794195859736,0.038352667506483085,0.027591935126920895,0.0305882001512894
W7e86cb0d38c2eb570003,0.3698213621701395,0.02782968016813513,0.03877373390675928,0.0329206003486151,0.0950993209613905,0.053143613983515636,0.0690367384723344,0.042242141409904864,0.024544384193217434,0.047700794195859736,0.038352667506483085,0.027591935126920895,0.0305882001512894
W7e86cb0d38c2eb570004,0.3698213621701395,0.02782968016813513,0.03877373390675928,0.0329206003486151,0.0950993209613905,0.053143613983515636,0.0690367384723344,0.042242141409904864,0.024544384193217434,0.047700794195859736,0.038352667506483085,0.027591935126920895,0.0305882001512894
W7e86cb0d38c2eb570005,0.3698213621701395,0.02782968016813513,0.03877373390675928,0.0329206003486151,0.0950993209613905,0.053143613983515636,0.0690367384723344,0.042242141409904864,0.024544384193217434,0.047700794195859736,0.038352667506483085,0.027591935126920895,0.0305882001512894
W7e86cb0d38c2eb570006,0.3698213621701395,0.02782968016813513,0.03877373390675928,0.0329206003486151,0.0950993209613905,0.053143613983515636,0.0690367384723344,0.042242141409904864,0.024544384193217434,0.047700794195859736,0.038352667506483085,0.027591935126920895,0.0305882001512894
W7f4d678f74ce885e0000,0.02275213101797361,0.00463048707577931,0.03386146654716214,0.03363066592634236,0.03212486827616963,0.02357284589621359,0.0474230298074639,0.035982788503093534,0.010231745384749625,0.18450281807948377,0.042197993037929385,0.005191044258680484,0.04449500669891845
W7f4d678f74ce885e0001,0.02275213101797361,0.00463048707577931,0.03386146654716214,0.03363066592634236,0.03212486827616963,0.02357284589621359,0.0474230298074639,0.035982788503093534,0.010231745384749625,0.18450281807948377,0.042197993037929385,0.005191044258680484,0.04449500669891845
W7f4d678f74ce885e0002,0.02275213101797361,0.00463048707577931,0.03386146654716214,0.03363066592634236,0.03212486827616963,0.02357284589621359,0.0474230298074639,0.035982788503093534,0.010231745384749625,0.18450281807948377,0.042197993037929385,0.005191044258680484,0.04449500669891845
W7f4d678f74ce885e0003,0.02275213101797361,0.00463048707577931,0.03386146654716214,0.03363066592634236,0.03212486827616963,0.02357284589621359,0.0474230298074639,0.035982788503093534,0.010231745384749625,0.18450281807948377,0.042197993037929385,0.005191044258680484,0.04449500669891845
W7f4d678f74ce885e0004,0.02275213101797361,0.00463048707577931,0.03386146654716214,0.03363066592634236,0.03212486827616963,0.02357284589621359,0.0474230298074639,0.035982788503093534,0.010231745384749625,0.18450281807948377,0.042197993037929385,0.005191044258680484,0.04449500669891845
W7f4d678f74ce885e0005,0.02275213101797361,0.00463048707577931,0.03386146654716214,0.03363066592634236,0.03212486827616963,0.02357284589621359,0.0474230298074639,0.035982788503093534,0.010231745384749625,0.18450281807948377,0.042197993037929385,0.005191044258680484,0.04449500669891845
W7f4d678f74ce885e0006,0.02275213101797361,0.00463048707577931,0.03386146654716214,0.03363066592634236,0.03212486827616963,0.02357284589621359,0.0474230298074639,0.035982788503093534,0.010231745384749625,0.18450281807948377,0.042197993037929385,0.005191044258680484,0.04449500669891845
W7f6c80e36d4f87700000,0.6547059102956809,0.006090701439293387,0.03219343042742479,0.046809416212481254,0.027064785967077284,0.020961810493986297,0.13050597903053132,0.0009893713518064103,0.000884664353370136,0.02359057270629567,0.0004573379567469065,0.032574034516587726,0.014293557555329585
W7f6c80e36d4f87700001,0.6547059102956809,0.006090701439293387,0.03219343042742479,0.046809416212481254,0.027064785967077284,0.020961810493986297,0.13050597903053132,0.0009893713518064103,0.000884664353370136,0.02359057270629567,0.0004573379567469065,0.032574034516587726,0.014293557555329585
W7f6c80e36d4f87700002,0.6547059102956809,0.006090701439293387,0.03219343042742479,0.046809416212481254,0.027064785967077284,0.020961810493986297,0.13050597903053132,0.0009893713518064103,0.000884664353370136,0.02359057270629567,0.0004573379567469065,0.032574034516587726,0.014293557555329585
W7f6c80e36d4f87700003,0.6547059102956809,0.006090701439293387,0.03219343042742479,0.046809416212481254,0.027064785967077284,0.020961810493986297,0.13050597903053132,0.0009893713518064103,0.000884664353370136,0.02359057270629567,0.0004573379567469065,0.032574034516587726,0.014293557555329585
W7f6c80e36d4f87700004,0.6547059102956809,0.006090701439293387,0.03219343042742479,0.046809416212481254,0.027064785967077284,0.020961810493986297,0.13050597903053132,0.0009893713518064103,0.000884664353370136,0.02359057270629567,0.0004573379567469065,0.032574034516587726,0.014293557555329585
W7f6c80e36d4f87700005,0.6547059102956809,0.006090701439293387,0.03219343042742479,0.046809416212481254,0.027064785967077284,0.020961810493986297,0.13050597903053132,0.0009893713518064103,0.000884664353370136,0.02359057270629567,0.0004573379567469065,0.032574034516587726,0.014293557555329585
W7f6c80e36d4f87700006,0.6547059102956809,0.006090701439293387,0.03219343042742479,0.046809416212481254,0.027064785967077284,0.020961810493986297,0.13050597903053132,0.0009893713518064103,0.000884664353370136,0.02359057270629567,0.0004573379567469065,0.032574034516587726,0.014293557555329585
W803bfaffc17fce280000,6.547585540127589e-05,6.307004351251422e-05,0.0015688069189459775,0.0012509620234286334,0.000571590417523328,0.04244435523506109,7.58029914295237e-05,0.0004596956646051873,8.06833751425304e-06,5.903082361594771e-06,6.815883337488078e-06,0.9237422499914865,0.029693805720213885
W803bfaffc17fce280001,6.547585540127589e-05,6.307004351251422e-05,0.0015688069189459775,0.0012509620234286334,0.000571590417523328,0.04244435523506109,7.58029914295237e-05,0.0004596956646051873,8.06833751425304e-06,5.903082361594771e-06,6.815883337488078e-06,0.9237422499914865,0.029693805720213885
W803bfaffc17fce280002,6.547585540127589e-05,6.307004351251422e-05,0.0015688069189459775,0.0012509620234286334,0.000571590417523328,0.04244435523506109,7.58029914295237e-05,0.0004596956646051873,8.06833751425304e-06,5.903082361594771e-06,6.815883337488078e-06,0.9237422499914865,0.029693805720213885
W803bfaffc17fce280003,6.547585540127589e-05,6.307004351251422e-05,0.0015688069189459775,0.0012509620234286334,0.000571590417523328,0.04244435523506109,7.58029914295237e-05,0.0004596956646051873,8.06833751425304e-06,5.903082361594771e-06,6.815883337488078e-06,0.9237422499914865,0.029693805720213885
W803bfaffc17fce280004,6.547585540127589e-05,6.307004351251422e-05,0.0015688069189459775,0.0012509620234286334,0.000571590417523328,0.04244435523506109,7.58029914295237e-05,0.0004596956646051873,8.06833751425304e-06,5.903082361594771e-06,6.815883337488078e-06,0.9237422499914865,0.029693805720213885
W803bfaffc17fce280005,6.547585540127589e-05,6.307004351251422e-05,0.0015688069189459775,0.0012509620234286334,0.000571590417523328,0.04244435523506109,7.58029914295237e-05,0.0004596956646051873,8.06833751425304e-06,5.903082361594771e-06,6.815883337488078e-06,0.9237422499914865,0.029693805720213885
W803bfaffc17fce280006,6.547585540127589e-05,6.307004351251422e-05,0.0015688069189459775,0.0012509620234286334,0.000571590417523328,0.04244435523506109,7.58029914295237e-05,0.0004596956646051873,8.06833751425304e-06,5.903082361594771e-06,6.815883337488078e-06,0.9237422499914865,0.029693805720213885
W832bb66842a232d80000,0.016176469295644345,0.0005032855889071954,0.08758288093055804,0.1035875495461589,0.057557880440700725,0.5763149924159562,0.023629735982868907,0.003267991428415425,0.0009632855599388031,0.014927278140679769,0.012038836224219618,0.08446154314827657,0.005280918217073112
W832bb66842a232d80001,0.016176469295644345,0.0005032855889071954,0.08758288093055804,0.1035875495461589,0.057557880440700725,0.5763149924159562,0.023629735982868907,0.003267991428415425,0.0009632855599388031,0.014927278140679769,0.012038836224219618,0.08446154314827657,0.005280918217073112
W832bb66842a232d80002,0.016176469295644345,0.0005032855889071954,0.08758288093055804,0.1035875495461589,0.057557880440700725,0.5763149924159562,0.023629735982868907,0.003267991428415425,0.0009632855599388031,0.014927278140679769,0.012038836224219618,0.08446154314827657,0.005280918217073112
W832bb66842a232d80003,0.016176469295644345,0.0005032855889071954,0.08758288093055804,0.1035875495461589,0.057557880440700725,0.5763149924159562,0.023629735982868907,0.003267991428415425,0.0009632855599388031,0.014927278140679769,0.012038836224219618,0.08446154314827657,0.005280918217073112
W832bb66842a232d80004,0.016176469295644345,0.0005032855889071954,0.08758288093055804,0.1035875495461589,0.057557880440700725,0.5763149924159562,0.023629735982868907,0.003267991428415425,0.0009632855599388031,0.014927278140679769,0.012038836224219618,0.08446154314827657,0.005280918217073112
W832bb66842a232d80005,0.016176469295644345,0.0005032855889071954,0.08758288093055804,0.1035875495461589,0.057557880440700725,0.5763149924159562,0.023629735982868907,0.003267991428415425,0.0009632855599388031,0.014927278140679769,0.012038836224219618,0.08446154314827657,0.005280918217073112
W832bb66842a232d80006,0.016176469295644345,0.0005032855889071954,0.08758288093055804,0.1035875495461589,0.057557880440700725,0.5763149924159562,0.023629735982868907,0.003267991428415425,0.0009632855599388031,0.014927278140679769,0.012038836224219618,0.08446154314827657,0.005280918217073112
W846e69bda91827c60000,0.009009511993281696,0.0008066587410335833,0.308965267695039,0.05319041581225867,0.14879594924727868,0.07457915986692175,0.01365651349532898,0.13570138311228097,0.0031773181070294085,0.0124878004482679,0.010320948069853628,0.20949164707216839,0.004341015143270951
W846e69bda91827c60001,0.009009511993281696,0.0008066587410335833,0.308965267695039,0.05319041581225867,0.14879594924727868,0.07457915986692175,0.01365651349532898,0.13570138311228097,0.0031773181070294085,0.0124878004482679,0.010320948069853628,0.20949164707216839,0.004341015143270951
W846e69bda91827c60002,0.009009511993281696,0.0008066587410335833,0.308965267695039,0.05319041581225867,0.14879594924727868,0.07457915986692175,0.01365651349532898,0.13570138311228097,0.0031773181070294085,0.0124878004482679,0.010320948069853628,0.20949164707216839,0.004341015143270951
W846e69bda91827c60003,0.009009511993281696,0.0008066587410335833,0.308965267695039,0.05319041581225867,0.14879594924727868,0.07457915986692175,0.01365651349532898,0.13570138311228097,0.0031773181070294085,0.0124878004482679,0.010320948069853628,0.20949164707216839,0.004341015143270951
W846e69bda91827c60004,0.009009511993281696,0.0008066587410335833,0.308965267695039,0.05319041581225867,0.14879594924727868,0.07457915986692175,0.01365651349532898,0.13570138311228097,0.0031773181070294085,0.0124878004482679,0.010320948069853628,0.20949164707216839,0.004341015143270951
W846e69bda91827c60005,0.009009511993281696,0.0008066587410335833,0.308965267695039,0.05319041581225867,0.14879594924727868,0.07457915986692175,0.01365651349532898,0.13570138311228097,0.0031773181070294085,0.0124878004482679,0.010320948069853628,0.20949164707216839,0.004341015143270951
W846e69bda91827c60006,0.009009511993281696,0.0008066587410335833,0.308965267695039,0.05319041581225867,0.14879594924727868,0.07457915986692175,0.01365651349532898,0.13570138311228097,0.0031773181070294085,0.0124878004482679,0.010320948069853628,0.20949164707216839,0.004341015143270951
W85284b0ed100de9d0000,0.7355597587569145,8.132874347214204e-05,0.002660887771744091,0.004579602835696591,0.021782723174759846,0.005580191452753602,0.008416609378680587,0.12355851282022055,0.004335676198435458,0.043952710455626764,0.00286844785743542,0.011893739653342884,0.015839322430863445
W85284b0ed100de9d0001,0.7355597587569145,8.132874347214204e-05,0.002660887771744091,0.004579602835696591,0.021782723174759846,0.005580191452753602,0.008416609378680587,0.12355851282022055,0.004335676198435458,0.043952710455626764,0.00286844785743542,0.011893739653342884,0.015839322430863445
W85284b0ed100de9d0002,0.7355597587569145,8.132874347214204e-05,0.002660887771744091,0.004579602835696591,0.021782723174759846,0.005580191452753602,0.008416609378680587,0.12355851282022055,0.004335676198435458,0.043952710455626764,0.00286844785743542,0.011893739653342884,0.015839322430863445
W85284b0ed100de9d0003,0.7355597587569145,8.132874347214204e-05,0.002660887771744091,0.004579602835696591,0.021782723174759846,0.005580191452753602,0.008416609378680587,0.12355851282022055,0.004335676198435458,0.043952710455626764,0.00286844785743542,0.011893739653342884,0.015839322430863445
W85284b0ed100de9d0004,0.7355597587569145,8.132874347214204e-05,0.002660887771744091,0.004579602835696591,0.021782723174759846,0.005580191452753602,0.008416609378680587,0.12355851282022055,0.004335676198435458,0.043952710455626764,0.00286844785743542,0.011893739653342884,0.015839322430863445
W85284b0ed100de9d0005,0.7355597587569145,8.132874347214204e-05,0.002660887771744091,0.004579602835696591,0.021782723174759846,0.005580191452753602,0.008416609378680587,0.12355851282022055,0.004335676198435458,0.043952710455626764,0.00286844785743542,0.011893739653342884,0.015839322430863445
W85284b0ed100de9d0006,0.7355597587569145,8.132874347214204e-05,0.002660887771744091,0.004579602835696591,0.021782723174759846,0.005580191452753602,0.008416609378680587,0.12355851282022055,0.004335676198435458,0.043952710455626764,0.00286844785743542,0.011893739653342884,0.015839322430863445
W8660945c824e57580000,0.00722694632601591,9.877660348359933e-05,0.7864400800491326,0.05723393241216351,0.03844207866164562,0.03922012587989488,0.03149358582890724,0.004306931841866308,0.004794035086475387,0.002729246343959922,0.0015783262279730082,0.020152023033592637,0.00223851896948205
W8660945c824e57580001,0.00722694632601591,9.877660348359933e-05,0.7864400800491326,0.05723393241216351,0.03844207866164562,0.03922012587989488,0.03149358582890724,0.004306931841866308,0.004794035086475387,0.002729246343959922,0.0015783262279730082,0.020152023033592637,0.00223851896948205
W8660945c824e57580002,0.00722694632601591,9.877660348359933e-05,0.7864400800491326,0.05723393241216351,0.03844207866164562,0.03922012587989488,0.03149358582890724,0.004306931841866308,0.004794035086475387,0.002729246343959922,0.0015783262279730082,0.020152023033592637,0.00223851896948205
W8660945c824e57580003,0.00722694632601591,9.877660348359933e-05,0.7864400800491326,0.05723393241216351,0.03844207866164562,0.03922012587989488,0.03149358582890724,0.004306931841866308,0.004794035086475387,0.002729246343959922,0.0015783262279730082,0.020152023033592637,0.00223851896948205
W8660945c824e57580004,0.00722694632601591,9.877660348359933e-05,0.7864400800491326,0.05723393241216351,0.03844207866164562,0.03922012587989488,0.03149358582890724,0.004306931841866308,0.004794035086475387,0.002729246343959922,0.0015783262279730082,0.020152023033592637,0.00223851896948205
W8660945c824e57580005,0.00722694632601591,9.877660348359933e-05,0.7864400800491326,0.05723393241216351,0.03844207866164562,0.03922012587989488,0.03149358582890724,0.004306931841866308,0.004794035086475387,0.002729246343959922,0.0015783262279730082,0.020152023033592637,0.00223851896948205
W8660945c824e57580006,0.00722694632601591,9.877660348359933e-05,0.7864400800491326,0.05723393241216351,0.03844207866164562,0.03922012587989488,0.03149358582890724,0.004306931841866308,0.004794035086475387,0.002729246343959922,0.0015783262279730082,0.020152023033592637,0.00223851896948205
W86ffa78453432ead0000,0.0012597420901589514,4.294066989521695e-05,0.007439588149955121,0.006178952480699814,0.0033759462835873345,0.16930412551278884,0.00034950726426459706,0.04761637778337644,6.48721257409926e-05,0.0011373044093215925,0.001543907233319874,0.7584387156701038,0.002721054331588753
W86ffa78453432ead0001,0.0012597420901589514,4.294066989521695e-05,0.007439588149955121,0.006178952480699814,0.0033759462835873345,0.16930412551278884,0.00034950726426459706,0.04761637778337644,6.48721257409926e-05,0.0011373044093215925,0.001543907233319874,0.7584387156701038,0.002721054331588753
W86ffa78453432ead0002,0.0012597420901589514,4.294066989521695e-05,0.007439588149955121,0.006178952480699814,0.0033759462835873345,0.16930412551278884,0.00034950726426459706,0.04761637778337644,6.48721257409926e-05,0.0011373044093215925,0.001543907233319874,0.7584387156701038,0.002721054331588753
W86ffa78453432ead0003,0.0012597420901589514,4.294066989521695e-05,0.007439588149955121,0.006178952480699814,0.0033759462835873345,0.16930412551278884,0.00034950726426459706,0.04761637778337644,6.48721257409926e-05,0.0011373044093215925,0.001543907233319874,0.7584387156701038,0.002721054331588753
W86ffa78453432ead0004,0.0012597420901589514,4.294066989521695e-05,0.007439588149955121,0.006178952480699814,0.0033759462835873345,0.16930412551278884,0.00034950726426459706,0.04761637778337644,6.48721257409926e-05,0.0011373044093215925,0.001543907233319874,0.7584387156701038,0.002721054331588753
W86ffa78453432ead0005,0.0012597420901589514,4.294066989521695e-05,0.007439588149955121,0.006178952480699814,0.0033759462835873345,0.16930412551278884,0.00034950726426459706,0.04761637778337644,6.48721257409926e-05,0.0011373044093215925,0.001543907233319874,0.7584387156701038,0.002721054331588753
W86ffa78453432ead0006,0.0012597420901589514,4.294066989521695e-05,0.007439588149955121,0.006178952480699814,0.0033759462835873345,0.16930412551278884,0.00034950726426459706,0.04761637778337644,6.48721257409926e-05,0.0011373044093215925,0.001543907233319874,0.7584387156701038,0.002721054331588753
W87d770d630701d350000,0.07199811194871328,0.098318763368786,0.06257584650501177,0.07432957295966923,0.3862170270013635,0.04207170111214629,0.04829522211403772,0.028167983194687506,0.013796505844578116,0.039076813480123006,0.014199283712295101,0.07066331175444017,0.017458449862908752
W87d770d630701d350001,0.07199811194871328,0.098318763368786,0.06257584650501177,0.07432957295966923,0.3862170270013635,0.04207170111214629,0.04829522211403772,0.028167983194687506,0.013796505844578116,0.039076813480123006,0.014199283712295101,0.07066331175444017,0.017458449862908752
W87d770d630701d350002,0.07199811194871328,0.098318763368786,0.06257584650501177,0.07432957295966923,0.3862170270013635,0.04207170111214629,0.04829522211403772,0.028167983194687506,0.013796505844578116,0.039076813480123006,0.014199283712295101,0.07066331175444017,0.017458449862908752
W87d770d630701d350003,0.07199811194871328,0.098318763368786,0.06257584650501177,0.07432957295966923,0.3862170270013635,0.04207170111214629,0.04829522211403772,0.028167983194687506,0.013796505844578116,0.039076813480123006,0.014199283712295101,0.07066331175444017,0.017458449862908752
W87d770d630701d350004,0.07199811194871328,0.098318763368786,0.06257584650501177,0.07432957295966923,0.3862170270013635,0.04207170111214629,0.04829522211403772,0.028167983194687506,0.013796505844578116,0.039076813480123006,0.014199283712295101,0.07066331175444017,0.017458449862908752
W87d770d630701d350005,0.07199811194871328,0.098318763368786,0.06257584650501177,0.07432957295966923,0.3862170270013635,0.04207170111214629,0.04829522211403772,0.028167983194687506,0.013796505844578116,0.039076813480123006,0.014199283712295101,0.07066331175444017,0.017458449862908752
W87d770d630701d350006,0.07199811194871328,0.098318763368786,0.06257584650501177,0.07432957295966923,0.3862170270013635,0.04207170111214629,0.04829522211403772,0.028167983194687506,0.013796505844578116,0.039076813480123006,0.014199283712295101,0.07066331175444017,0.017458449862908752
W88df56cdedc1c9f90000,0.009284352493488144,0.00498523769854121,0.055625199028967315,0.03227304285478339,0.017315209928916896,0.007099090755037719,0.018208921611163182,0.016870494428099635,0.01919744549175215,0.04223712179624316,0.043794749517468846,0.0012059550768689143,0.11143945415583517
W88df56cdedc1c9f90001,0.009284352493488144,0.00498523769854121,0.055625199028967315,0.03227304285478339,0.017315209928916896,0.007099090755037719,0.018208921611163182,0.016870494428099635,0.01919744549175215,0.04223712179624316,0.043794749517468846,0.0012059550768689143,0.11143945415583517
W88df56cdedc1c9f90002,0.009284352493488144,0.00498523769854121,0.055625199028967315,0.03227304285478339,0.017315209928916896,0.007099090755037719,0.018208921611163182,0.016870494428099635,0.01919744549175215,0.04223712179624316,0.043794749517468846,0.0012059550768689143,0.11143945415583517
W88df56cdedc1c9f90003,0.009284352493488144,0.00498523769854121,0.055625199028967315,0.03227304285478339,0.017315209928916896,0.007099090755037719,0.018208921611163182,0.016870494428099635,0.01919744549175215,0.04223712179624316,0.043794749517468846,0.0012059550768689143,0.11143945415583517
W88df56cdedc1c9f90004,0.009284352493488144,0.00498523769854121,0.055625199028967315,0.03227304285478339,0.017315209928916896,0.007099090755037719,0.018208921611163182,0.016870494428099635,0.01919744549175215,0.04223712179624316,0.043794749517468846,0.0012059550768689143,0.11143945415583517
W88df56cdedc1c9f90005,0.009284352493488144,0.00498523769854121,0.055625199028967315,0.03227304285478339,0.017315209928916896,0.007099090755037719,0.018208921611163182,0.016870494428099635,0.01919744549175215,0.04223712179624316,0.043794749517468846,0.0012059550768689143,0.11143945415583517
W88df56cdedc1c9f90006,0.009284352493488144,0.00498523769854121,0.055625199028967315,0.03227304285478339,0.017315209928916896,0.007099090755037719,0.018208921611163182,0.016870494428099635,0.01919744549175215,0.04223712179624316,0.043794749517468846,0.0012059550768689143,0.11143945415583517
W89dba8cf45fe1eac0000,0.018254511644039934,0.7704897245484515,0.017460808609535316,0.012098704828318459,0.013855935044892723,0.0315678298739601,0.0635238472577558,0.003480268522311352,0.0035079377728961664,0.004097526125100014,0.005155859733757262,0.03967483031217494,0.006728213448404141
W89dba8cf45fe1eac0001,0.018254511644039934,0.7704897245484515,0.017460808609535316,0.012098704828318459,0.013855935044892723,0.0315678298739601,0.0635238472577558,0.003480268522311352,0.0035079377728961664,0.004097526125100014,0.005155859733757262,0.03967483031217494,0.006728213448404141
W89dba8cf45fe1eac0002,0.018254511644039934,0.7704897245484515,0.017460808609535316,0.012098704828318459,0.013855935044892723,0.0315678298739601,0.0635238472577558,0.003480268522311352,0.0035079377728961664,0.004097526125100014,0.005155859733757262,0.03967483031217494,0.006728213448404141
W89dba8cf45fe1eac0003,0.018254511644039934,0.7704897245484515,0.017460808609535316,0.012098704828318459,0.013855935044892723,0.0315678298739601,0.0635238472577558,0.003480268522311352,0.0035079377728961664,0.004097526125100014,0.005155859733757262,0.03967483031217494,0.006728213448404141
W89dba8cf45fe1eac0004,0.018254511644039934,0.7704897245484515,0.017460808609535316,0.012098704828318459,0.013855935044892723,0.0315678298739601,0.0635238472577558,0.003480268522311352,0.0035079377728961664,0.004097526125100014,0.005155859733757262,0.03967483031217494,0.006728213448404141
W89dba8cf45fe1eac0005,0.018254511644039934,0.7704897245484515,0.017460808609535316,0.012098704828318459,0.013855935044892723,0.0315678298739601,0.0635238472577558,0.003480268522311352,0.0035079377728961664,0.004097526125100014,0.005155859733757262,0.03967483031217494,0.006728213448404141
W89dba8cf45fe1eac0006,0.018254511644039934,0.7704897245484515,0.017460808609535316,0.012098704828318459,0.013855935044892723,0.0315678298739601,0.0635238472577558,0.003480268522311352,0.0035079377728961664,0.004097526125100014,0.005155859733757262,0.03967483031217494,0.006728213448404141
W89f090125bfffe9d0000,0.0071252642204926815,0.0021537157170182317,0.0693470006477029,0.06856949247499496,0.14307003005712485,0.043416647231127946,0.014585558042873047,0.5278186975795388,0.008636576580307687,0.020568892645508603,0.010699814407538397,0.0265191137877497,0.011104626459194997
W89f090125bfffe9d0001,0.0071252642204926815,0.0021537157170182317,0.0693470006477029,0.06856949247499496,0.14307003005712485,0.043416647231127946,0.014585558042873047,0.5278186975795388,0.008636576580307687,0.020568892645508603,0.010699814407538397,0.0265191137877497,0.011104626459194997
W89f090125bfffe9d0002,0.0071252642204926815,0.0021537157170182317,0.0693470006477029,0.06856949247499496,0.14307003005712485,0.043416647231127946,0.014585558042873047,0.5278186975795388,0.008636576580307687,0.020568892645508603,0.010699814407538397,0.0265191137877497,0.011104626459194997
W89f090125bfffe9d0003,0.0071252642204926815,0.0021537157170182317,0.0693470006477029,0.06856949247499496,0.14307003005712485,0.043416647231127946,0.014585558042873047,0.5278186975795388,0.008636576580307687,0.020568892645508603,0.010699814407538397,0.0265191137877497,0.011104626459194997
W89f090125bfffe9d0004,0.0071252642204926815,0.0021537157170182317,0.0693470006477029,0.06856949247499496,0.14307003005712485,0.043416647231127946,0.014585558042873047,0.5278186975795388,0.008636576580307687,0.020568892645508603,0.010699814407538397,0.0265191137877497,0.011104626459194997
W89f090125bfffe9d0005,0.0071252642204926815,0.0021537157170182317,0.0693470006477029,0.06856949247499496,0.14307003005712485,0.043416647231127946,0.014585558042873047,0.5278186975795388,0.008636576580307687,0.020568892645508603,0.010699814407538397,0.0265191137877497,0.011104626459194997
W89f090125bfffe9d0006,0.0071252642204926815,0.0021537157170182317,0.0693470006477029,0.06856949247499496,0.14307003005712485,0.043416647231127946,0.014585558042873047,0.5278186975795388,0.008636576580307687,0.020568892645508603,0.010699814407538397,0.0265191137877497,0.011104626459194997
W8fdaa6f350b04e640000,0.0009835153884457206,2.0037182961543907e-05,0.0018217978409789605,0.0010168717531235884,0.0018576144267417355,0.09336458707818354,5.3070675383603094e-05,0.004498646559098519,0.0005685971929727897,7.884226762019079e-06,0.001148746987916113,0.8845421662312064,0.009345391246001544
W8fdaa6f350b04e640001,0.0009835153884457206,2.0037182961543907e-05,0.0018217978409789605,0.0010168717531235884,0.0018576144267417355,0.09336458707818354,5.3070675383603094e-05,0.004498646559098519,0.0005685971929727897,7.884226762019079e-06,0.001148746987916113,0.8845421662312064,0.009345391246001544
W8fdaa6f350b04e640002,0.0009835153884457206,2.0037182961543907e-05,0.0018217978409789605,0.0010168717531235884,0.0018576144267417355,0.09336458707818354,5.3070675383603094e-05,0.004498646559098519,0.0005685971929727897,7.884226762019079e-06,0.001148746987916113,0.8845421662312064,0.009345391246001544
W8fdaa6f350b04e640003,0.0009835153884457206,2.0037182961543907e-05,0.0018217978409789605,0.0010168717531235884,0.0018576144267417355,0.09336458707818354,5.3070675383603094e-05,0.004498646559098519,0.0005685971929727897,7.884226762019079e-06,0.001148746987916113,0.8845421662312064,0.009345391246001544
W8fdaa6f350b04e640004,0.0009835153884457206,2.0037182961543907e-05,0.0018217978409789605,0.0010168717531235884,0.0018576144267417355,0.09336458707818354,5.3070675383603094e-05,0.004498646559098519,0.0005685971929727897,7.884226762019079e-06,0.001148746987916113,0.8845421662312064,0.009345391246001544
W8fdaa6f350b04e640005,0.0009835153884457206,2.0037182961543907e-05,0.0018217978409789605,0.0010168717531235884,0.0018576144267417355,0.09336458707818354,5.3070675383603094e-05,0.004498646559098519,0.0005685971929727897,7.884226762019079e-06,0.001148746987916113,0.8845421662312064,0.009345391246001544
W8fdaa6f350b04e640006,0.0009835153884457206,2.0037182961543907e-05,0.0018217978409789605,0.0010168717531235884,0.0018576144267417355,0.09336458707818354,5.3070675383603094e-05,0.004498646559098519,0.0005685971929727897,7.884226762019079e-06,0.001148746987916113,0.8845421662312064,0.009345391246001544
W9167103c2a2f5c940000,0.0010247341306617004,0.0016702558546629863,0.022057707421229242,0.01465249836237262,0.007517663861611575,0.0038700062558877112,0.011898504114659186,0.046392428181358525,0.33342213495902634,0.01033498827412838,0.4172031626773342,0.0032532366650486837,0.018874912931294136
W9167103c2a2f5c940001,0.0010247341306617004,0.0016702558546629863,0.022057707421229242,0.01465249836237262,0.007517663861611575,0.0038700062558877112,0.011898504114659186,0.046392428181358525,0.33342213495902634,0.01033498827412838,0.4172031626773342,0.0032532366650486837,0.018874912931294136
W9167103c2a2f5c940002,0.0010247341306617004,0.0016702558546629863,0.022057707421229242,0.01465249836237262,0.007517663861611575,0.0038700062558877112,0.011898504114659186,0.046392428181358525,0.33342213495902634,0.01033498827412838,0.4172031626773342,0.0032532366650486837,0.018874912931294136
W9167103c2a2f5c940003,0.0010247341306617004,0.0016702558546629863,0.022057707421229242,0.01465249836237262,0.007517663861611575,0.0038700062558877112,0.011898504114659186,0.046392428181358525,0.33342213495902634,0.01033498827412838,0.4172031626773342,0.0032532366650486837,0.018874912931294136
W9167103c2a2f5c940004,0.0010247341306617004,0.0016702558546629863,0.022057707421229242,0.01465249836237262,0.007517663861611575,0.0038700062558877112,0.011898504114659186,0.046392428181358525,0.33342213495902634,0.01033498827412838,0.4172031626773342,0.0032532366650486837,0.018874912931294136
W9167103c2a2f5c940005,0.0010247341306617004,0.0016702558546629863,0.022057707421229242,0.01465249836237262,0.007517663861611575,0.0038700062558877112,0.011898504114659186,0.046392428181358525,0.33342213495902634,0.01033498827412838,0.4172031626773342,0.0032532366650486837,0.018874912931294136
W9167103c2a2f5c940006,0.0010247341306617004,0.0016702558546629863,0.022057707421229242,0.01465249836237262,0.007517663861611575,0.0038700062558877112,0.011898504114659186,0.046392428181358525,0.33342213495902634,0.01033498827412838,0.4172031626773342,0.0032532366650486837,0.018874912931294136
W91728f6dcf9532870000,0.007180437845946525,0.005620265947233476,0.058338494675108536,0.0328592410171454,0.011669447370287,0.0037808976071696124,0.022528038720865586,0.02075472469073197,0.02549245031936563,0.02923693535826947,0.04279289915367001,0.0011750669455317133,0.10248136204567443
W91728f6dcf9532870001,0.007180437845946525,0.005620265947233476,0.058338494675108536,0.0328592410171454,0.011669447370287,0.0037808976071696124,0.022528038720865586,0.02075472469073197,0.02549245031936563,0.02923693535826947,0.04279289915367001,0.0011750669455317133,0.10248136204567443
W91728f6dcf9532870002,0.007180437845946525,0.005620265947233476,0.058338494675108536,0.0328592410171454,0.011669447370287,0.0037808976071696124,0.022528038720865586,0.02075472469073197,0.02549245031936563,0.02923693535826947,0.04279289915367001,0.0011750669455317133,0.10248136204567443
W91728f6dcf9532870003,0.007180437845946525,0.005620265947233476,0.058338494675108536,0.0328592410171454,0.011669447370287,0.0037808976071696124,0.022528038720865586,0.02075472469073197,0.02549245031936563,0.02923693535826947,0.04279289915367001,0.0011750669455317133,0.10248136204567443
W91728f6dcf9532870004,0.007180437845946525,0.005620265947233476,0.058338494675108536,0.0328592410171454,0.011669447370287,0.0037808976071696124,0.022528038720865586,0.02075472469073197,0.02549245031936563,0.02923693535826947,0.04279289915367001,0.0011750669455317133,0.10248136204567443
W91728f6dcf9532870005,0.007180437845946525,0.005620265947233476,0.058338494675108536,0.0328592410171454,0.011669447370287,0.0037808976071696124,0.022528038720865586,0.02075472469073197,0.02549245031936563,0.02923693535826947,0.04279289915367001,0.0011750669455317133,0.10248136204567443
W91728f6dcf9532870006,0.007180437845946525,0.005620265947233476,0.058338494675108536,0.0328592410171454,0.011669447370287,0.0037808976071696124,0.022528038720865586,0.02075472469073197,0.02549245031936563,0.02923693535826947,0.04279289915367001,0.0011750669455317133,0.10248136204567443
W933dee989fcf34660000,0.004128311623939694,0.0009893540603278586,0.19899178670153056,0.10490215835714689,0.10627847502311401,0.0469398962919427,0.006363619149280481,0.4626903352403328,0.002153459088788235,0.009096102194487136,0.0071720078018820054,0.02832287571589583,0.007364719929861488
W933dee989fcf34660001,0.004128311623939694,0.0009893540603278586,0.19899178670153056,0.10490215835714689,0.10627847502311401,0.0469398962919427,0.006363619149280481,0.4626903352403328,0.002153459088788235,0.009096102194487136,0.0071720078018820054,0.02832287571589583,0.007364719929861488
W933dee989fcf34660002,0.004128311623939694,0.0009893540603278586,0.19899178670153056,0.10490215835714689,0.10627847502311401,0.0469398962919427,0.006363619149280481,0.4626903352403328,0.002153459088788235,0.009096102194487136,0.0071720078018820054,0.02832287571589583,0.007364719929861488
W933dee989fcf34660003,0.004128311623939694,0.0009893540603278586,0.19899178670153056,0.10490215835714689,0.10627847502311401,0.0469398962919427,0.006363619149280481,0.4626903352403328,0.002153459088788235,0.009096102194487136,0.0071720078018820054,0.02832287571589583,0.007364719929861488
W933dee989fcf34660004,0.004128311623939694,0.0009893540603278586,0.19899178670153056,0.10490215835714689,0.10627847502311401,0.0469398962919427,0.006363619149280481,0.4626903352403328,0.002153459088788235,0.009096102194487136,0.0071720078018820054,0.02832287571589583,0.007364719929861488
W933dee989fcf34660005,0.004128311623939694,0.0009893540603278586,0.19899178670153056,0.10490215835714689,0.10627847502311401,0.0469398962919427,0.006363619149280481,0.4626903352403328,0.002153459088788235,0.009096102194487136,0.0071720078018820054,0.02832287571589583,0.007364719929861488
W933dee989fcf34660006,0.004128311623939694,0.0009893540603278586,0.19899178670153056,0.10490215835714689,0.10627847502311401,0.0469398962919427,0.006363619149280481,0.4626903352403328,0.002153459088788235,0.009096102194487136,0.0071720078018820054,0.02832287571589583,0.007364719929861488
W9344c87845ff6cef0000,0.0003976153542513213,0.015120295535148666,0.009773491858338677,0.007489341740500045,0.021957416248085056,0.0011280397573042505,0.028402365231102237,0.5808893862830784,0.009994326587985948,0.007718801081079205,0.10338946669199389,0.005426791540134952,0.13870321036745153
W9344c87845ff6cef0001,0.0003976153542513213,0.015120295535148666,0.009773491858338677,0.007489341740500045,0.021957416248085056,0.0011280397573042505,0.028402365231102237,0.5808893862830784,0.009994326587985948,0.007718801081079205,0.10338946669199389,0.005426791540134952,0.13870321036745153
W9344c87845ff6cef0002,0.0003976153542513213,0.015120295535148666,0.009773491858338677,0.007489341740500045,0.021957416248085056,0.0011280397573042505,0.028402365231102237,0.5808893862830784,0.009994326587985948,0.007718801081079205,0.10338946669199389,0.005426791540134952,0.13870321036745153
W9344c87845ff6cef0003,0.0003976153542513213,0.015120295535148666,0.009773491858338677,0.007489341740500045,0.021957416248085056,0.0011280397573042505,0.028402365231102237,0.5808893862830784,0.009994326587985948,0.007718801081079205,0.10338946669199389,0.005426791540134952,0.13870321036745153
W9344c87845ff6cef0004,0.0003976153542513213,0.015120295535148666,0.009773491858338677,0.007489341740500045,0.021957416248085056,0.0011280397573042505,0.028402365231102237,0.5808893862830784,0.009994326587985948,0.007718801081079205,0.10338946669199389,0.005426791540134952,0.13870321036745153
W9344c87845ff6cef0005,0.0003976153542513213,0.015120295535148666,0.009773491858338677,0.007489341740500045,0.021957416248085056,0.0011280397573042505,0.028402365231102237,0.5808893862830784,0.009994326587985948,0.007718801081079205,0.10338946669199389,0.005426791540134952,0.13870321036745153
W9344c87845ff6cef0006,0.0003976153542513213,0.015120295535148666,0.009773491858338677,0.007489341740500045,0.021957416248085056,0.0011280397573042505,0.028402365231102237,0.5808893862830784,0.009994326587985948,0.007718801081079205,0.10338946669199389,0.005426791540134952,0.13870321036745153
W934d536e0a4fa75e0000,0.004562145368930325,0.018002715076449412,0.017991344323270306,0.016360374652485354,0.060580711644370525,0.005632581532878433,0.04626851296642794,0.024911000902655325,0.005107066386861978,0.016338986174197594,0.12493647359677208,0.00525924462968098,0.10970960945458506
W934d536e0a4fa75e0001,0.004562145368930325,0.018002715076449412,0.017991344323270306,0.016360374652485354,0.060580711644370525,0.005632581532878433,0.04626851296642794,0.024911000902655325,0.005107066386861978,0.016338986174197594,0.12493647359677208,0.00525924462968098,0.10970960945458506
W934d536e0a4fa75e0002,0.004562145368930325,0.018002715076449412,0.017991344323270306,0.016360374652485354,0.060580711644370525,0.005632581532878433,0.04626851296642794,0.024911000902655325,0.005107066386861978,0.016338986174197594,0.12493647359677208,0.00525924462968098,0.10970960945458506
W934d536e0a4fa75e0003,0.004562145368930325,0.018002715076449412,0.017991344323270306,0.016360374652485354,0.060580711644370525,0.005632581532878433,0.04626851296642794,0.024911000902655325,0.005107066386861978,0.016338986174197594,0.12493647359677208,0.00525924462968098,0.10970960945458506
W934d536e0a4fa75e0004,0.004562145368930325,0.018002715076449412,0.017991344323270306,0.016360374652485354,0.060580711644370525,0.005632581532878433,0.04626851296642794,0.024911000902655325,0.005107066386861978,0.016338986174197594,0.12493647359677208,0.00525924462968098,0.10970960945458506
W934d536e0a4fa75e0005,0.004562145368930325,0.018002715076449412,0.017991344323270306,0.016360374652485354,0.060580711644370525,0.005632581532878433,0.04626851296642794,0.024911000902655325,0.005107066386861978,0.016338986174197594,0.12493647359677208,0.00525924462968098,0.10970960945458506
W934d536e0a4fa75e0006,0.004562145368930325,0.018002715076449412,0.017991344323270306,0.016360374652485354,0.060580711644370525,0.005632581532878433,0.04626851296642794,0.024911000902655325,0.005107066386861978,0.016338986174197594,0.12493647359677208,0.00525924462968098,0.10970960945458506
W94816ea9aa4a7b080000,0.004252827997092607,0.004297312261537581,0.07720564820692608,0.08551967260850699,0.03775896296123861,0.07700929518313092,0.5999209213216896,0.005155238150925755,0.006682276659084237,0.003351770814542551,0.009338458166072086,0.0512817744626869,0.009595598749590276
W94816ea9aa4a7b080001,0.004252827997092607,0.004297312261537581,0.07720564820692608,0.08551967260850699,0.03775896296123861,0.07700929518313092,0.5999209213216896,0.005155238150925755,0.006682276659084237,0.003351770814542551,0.009338458166072086,0.0512817744626869,0.009595598749590276
W94816ea9aa4a7b080002,0.004252827997092607,0.004297312261537581,0.07720564820692608,0.08551967260850699,0.03775896296123861,0.07700929518313092,0.5999209213216896,0.005155238150925755,0.006682276659084237,0.003351770814542551,0.009338458166072086,0.0512817744626869,0.009595598749590276
W94816ea9aa4a7b080003,0.004252827997092607,0.004297312261537581,0.07720564820692608,0.08551967260850699,0.03775896296123861,0.07700929518313092,0.5999209213216896,0.005155238150925755,0.006682276659084237,0.003351770814542551,0.009338458166072086,0.0512817744626869,0.009595598749590276
W94816ea9aa4a7b080004,0.004252827997092607,0.004297312261537581,0.07720564820692608,0.08551967260850699,0.03775896296123861,0.07700929518313092,0.5999209213216896,0.005155238150925755,0.006682276659084237,0.003351770814542551,0.009338458166072086,0.0512817744626869,0.009595598749590276
W94816ea9aa4a7b080005,0.004252827997092607,0.004297312261537581,0.07720564820692608,0.08551967260850699,0.03775896296123861,0.07700929518313092,0.5999209213216896,0.005155238150925755,0.006682276659084237,0.003351770814542551,0.009338458166072086,0.0512817744626869,0.009595598749590276
W94816ea9aa4a7b080006,0.004252827997092607,0.004297312261537581,0.07720564820692608,0.08551967260850699,0.03775896296123861,0.07700929518313092,0.5999209213216896,0.005155238150925755,0.006682276659084237,0.003351770814542551,0.009338458166072086,0.0512817744626869,0.009595598749590276
W95f1ffc10b00a1510000,0.00977766265555863,0.0037816881984326155,0.056192349350005784,0.057714196094968535,0.010976158790248693,0.0191975268447376,0.036561459822314506,0.019740625824000522,0.018486420591186718,0.08062122589128429,0.03058075871387046,0.0023414923129489716,0.19652776211894565
W95f1ffc10b00a1510001,0.00977766265555863,0.0037816881984326155,0.056192349350005784,0.057714196094968535,0.010976158790248693,0.0191975268447376,0.036561459822314506,0.019740625824000522,0.018486420591186718,0.08062122589128429,0.03058075871387046,0.0023414923129489716,0.19652776211894565
W95f1ffc10b00a1510002,0.00977766265555863,0.0037816881984326155,0.056192349350005784,0.057714196094968535,0.010976158790248693,0.0191975268447376,0.036561459822314506,0.019740625824000522,0.018486420591186718,0.08062122589128429,0.03058075871387046,0.0023414923129489716,0.19652776211894565
W95f1ffc10b00a1510003,0.00977766265555863,0.0037816881984326155,0.056192349350005784,0.057714196094968535,0.010976158790248693,0.0191975268447376,0.036561459822314506,0.019740625824000522,0.018486420591186718,0.08062122589128429,0.03058075871387046,0.0023414923129489716,0.19652776211894565
W95f1ffc10b00a1510004,0.00977766265555863,0.0037816881984326155,0.056192349350005784,0.057714196094968535,0.010976158790248693,0.0191975268447376,0.036561459822314506,0.019740625824000522,0.018486420591186718,0.08062122589128429,0.03058075871387046,0.0023414923129489716,0.19652776211894565
W95f1ffc10b00a1510005,0.00977766265555863,0.0037816881984326155,0.056192349350005784,0.057714196094968535,0.010976158790248693,0.0191975268447376,0.036561459822314506,0.019740625824000522,0.018486420591186718,0.08062122589128429,0.03058075871387046,0.0023414923129489716,0.19652776211894565
W95f1ffc10b00a1510006,0.00977766265555863,0.0037816881984326155,0.056192349350005784,0.057714196094968535,0.010976158790248693,0.0191975268447376,0.036561459822314506,0.019740625824000522,0.018486420591186718,0.08062122589128429,0.03058075871387046,0.0023414923129489716,0.19652776211894565
W97c45b19745b94df0000,0.012995796332833764,0.0010526952711394754,0.019641736152732747,0.03417855926789015,0.030258466898275417,0.6173962847094252,0.00479287488949461,0.00464828317213034,0.0006798378782406305,0.009626642836232976,0.0021275091559302853,0.2545218346526421,0.0015425734507220998
W97c45b19745b94df0001,0.012995796332833764,0.0010526952711394754,0.019641736152732747,0.03417855926789015,0.030258466898275417,0.6173962847094252,0.00479287488949461,0.00464828317213034,0.0006798378782406305,0.009626642836232976,0.0021275091559302853,0.2545218346526421,0.0015425734507220998
W97c45b19745b94df0002,0.012995796332833764,0.0010526952711394754,0.019641736152732747,0.03417855926789015,0.030258466898275417,0.6173962847094252,0.00479287488949461,0.00464828317213034,0.0006798378782406305,0.009626642836232976,0.0021275091559302853,0.2545218346526421,0.0015425734507220998
W97c45b19745b94df0003,0.012995796332833764,0.0010526952711394754,0.019641736152732747,0.03417855926789015,0.030258466898275417,0.6173962847094252,0.00479287488949461,0.00464828317213034,0.0006798378782406305,0.009626642836232976,0.0021275091559302853,0.2545218346526421,0.0015425734507220998
W97c45b19745b94df0004,0.012995796332833764,0.0010526952711394754,0.019641736152732747,0.03417855926789015,0.030258466898275417,0.6173962847094252,0.00479287488949461,0.00464828317213034,0.0006798378782406305,0.009626642836232976,0.0021275091559302853,0.2545218346526421,0.0015425734507220998
W97c45b19745b94df0005,0.012995796332833764,0.0010526952711394754,0.019641736152732747,0.03417855926789015,0.030258466898275417,0.6173962847094252,0.00479287488949461,0.00464828317213034,0.0006798378782406305,0.009626642836232976,0.0021275091559302853,0.2545218346526421,0.0015425734507220998
W97c45b19745b94df0006,0.012995796332833764,0.0010526952711394754,0.019641736152732747,0.03417855926789015,0.030258466898275417,0.6173962847094252,0.00479287488949461,0.00464828317213034,0.0006798378782406305,0.009626642836232976,0.0021275091559302853,0.2545218346526421,0.0015425734507220998
W98363a8dc28d4e7a0000,0.006680544558252036,0.9443734537800513,0.005741118960174071,0.002662731006496464,0.004754504135381602,0.002859404860092091,0.011829470863262227,0.0009589272537651116,4.796422407535472e-05,0.0019223762438352948,0.006555130714746615,0.004434742965667095,0.0018306366007965797
W98363a8dc28d4e7a0001,0.006680544558252036,0.9443734537800513,0.005741118960174071,0.002662731006496464,0.004754504135381602,0.002859404860092091,0.011829470863262227,0.0009589272537651116,4.796422407535472e-05,0.0019223762438352948,0.006555130714746615,0.004434742965667095,0.0018306366007965797
W98363a8dc28d4e7a0002,0.006680544558252036,0.9443734537800513,0.005741118960174071,0.002662731006496464,0.004754504135381602,0.002859404860092091,0.011829470863262227,0.0009589272537651116,4.796422407535472e-05,0.0019223762438352948,0.006555130714746615,0.004434742965667095,0.0018306366007965797
W98363a8dc28d4e7a0003,0.006680544558252036,0.9443734537800513,0.005741118960174071,0.002662731006496464,0.004754504135381602,0.002859404860092091,0.011829470863262227,0.0009589272537651116,4.796422407535472e-05,0.0019223762438352948,0.006555130714746615,0.004434742965667095,0.0018306366007965797
W98363a8dc28d4e7a0004,0.006680544558252036,0.9443734537800513,0.005741118960174071,0.002662731006496464,0.004754504135381602,0.002859404860092091,0.011829470863262227,0.0009589272537651116,4.796422407535472e-05,0.0019223762438352948,0.006555130714746615,0.004434742965667095,0.0018306366007965797
W98363a8dc28d4e7a0005,0.006680544558252036,0.9443734537800513,0.005741118960174071,0.002662731006496464,0.004754504135381602,0.002859404860092091,0.011829470863262227,0.0009589272537651116,4.796422407535472e-05,0.0019223762438352948,0.006555130714746615,0.004434742965667095,0.0018306366007965797
W98363a8dc28d4e7a0006,0.006680544558252036,0.9443734537800513,0.005741118960174071,0.002662731006496464,0.004754504135381602,0.002859404860092091,0.011829470863262227,0.0009589272537651116,4.796422407535472e-05,0.0019223762438352948,0.006555130714746615,0.004434742965667095,0.0018306366007965797
W996235ea48a904bf0000,0.004521933927903521,0.0025069353833861415,0.14850885302810624,0.011087731743883505,0.023000643695676278,0.014479805450671413,0.014562876022348044,0.058809776342567836,0.010097322264235167,0.597591518729966,0.039861761997605535,0.003544784049716961,0.0338015118516325
W996235ea48a904bf0001,0.004521933927903521,0.0025069353833861415,0.14850885302810624,0.011087731743883505,0.023000643695676278,0.014479805450671413,0.014562876022348044,0.058809776342567836,0.010097322264235167,0.597591518729966,0.039861761997605535,0.003544784049716961,0.0338015118516325
W996235ea48a904bf0002,0.004521933927903521,0.0025069353833861415,0.14850885302810624,0.011087731743883505,0.023000643695676278,0.014479805450671413,0.014562876022348044,0.058809776342567836,0.010097322264235167,0.597591518729966,0.039861761997605535,0.003544784049716961,0.0338015118516325
W996235ea48a904bf0003,0.004521933927903521,0.0025069353833861415,0.14850885302810624,0.011087731743883505,0.023000643695676278,0.014479805450671413,0.014562876022348044,0.058809776342567836,0.010097322264235167,0.597591518729966,0.039861761997605535,0.003544784049716961,0.0338015118516325
W996235ea48a904bf0004,0.004521933927903521,0.0025069353833861415,0.14850885302810624,0.011087731743883505,0.023000643695676278,0.014479805450671413,0.014562876022348044,0.058809776342567836,0.010097322264235167,0.597591518729966,0.039861761997605535,0.003544784049716961,0.0338015118516325
W996235ea48a904bf0005,0.004521933927903521,0.0025069353833861415,0.14850885302810624,0.011087731743883505,0.023000643695676278,0.014479805450671413,0.014562876022348044,0.058809776342567836,0.010097322264235167,0.597591518729966,0.039861761997605535,0.003544784049716961,0.0338015118516325
W996235ea48a904bf0006,0.004521933927903521,0.0025069353833861415,0.14850885302810624,0.011087731743883505,0.023000643695676278,0.014479805450671413,0.014562876022348044,0.058809776342567836,0.010097322264235167,0.597591518729966,0.039861761997605535,0.003544784049716961,0.0338015118516325
W9aa5c5ee10122b880000,0.01187971940372779,0.005124603132981605,0.08333858347308555,0.06350500887850534,0.012975588910919341,0.01868708488759103,0.013377207433785511,0.021485669497393823,0.018414097651097236,0.07118268552283286,0.030760845005442086,0.00345508200813541,0.16679410902885358
W9aa5c5ee10122b880001,0.01187971940372779,0.005124603132981605,0.08333858347308555,0.06350500887850534,0.012975588910919341,0.01868708488759103,0.013377207433785511,0.021485669497393823,0.018414097651097236,0.07118268552283286,0.030760845005442086,0.00345508200813541,0.16679410902885358
W9aa5c5ee10122b880002,0.01187971940372779,0.005124603132981605,0.08333858347308555,0.06350500887850534,0.012975588910919341,0.01868708488759103,0.013377207433785511,0.021485669497393823,0.018414097651097236,0.07118268552283286,0.030760845005442086,0.00345508200813541,0.16679410902885358
W9aa5c5ee10122b880003,0.01187971940372779,0.005124603132981605,0.08333858347308555,0.06350500887850534,0.012975588910919341,0.01868708488759103,0.013377207433785511,0.021485669497393823,0.018414097651097236,0.07118268552283286,0.030760845005442086,0.00345508200813541,0.16679410902885358
W9aa5c5ee10122b880004,0.01187971940372779,0.005124603132981605,0.08333858347308555,0.06350500887850534,0.012975588910919341,0.01868708488759103,0.013377207433785511,0.021485669497393823,0.018414097651097236,0.07118268552283286,0.030760845005442086,0.00345508200813541,0.16679410902885358
W9aa5c5ee10122b880005,0.01187971940372779,0.005124603132981605,0.08333858347308555,0.06350500887850534,0.012975588910919341,0.01868708488759103,0.013377207433785511,0.021485669497393823,0.018414097651097236,0.07118268552283286,0.030760845005442086,0.00345508200813541,0.16679410902885358
W9aa5c5ee10122b880006,0.01187971940372779,0.005124603132981605,0.08333858347308555,0.06350500887850534,0.012975588910919341,0.01868708488759103,0.013377207433785511,0.021485669497393823,0.018414097651097236,0.07118268552283286,0.030760845005442086,0.00345508200813541,0.16679410902885358
W9be63e50209fda370000,0.013834601966813392,0.6591047028917963,0.01867159324119158,0.009507908818775987,0.02464012758396726,0.0007776277110107429,0.059822824296533024,0.018038040161056073,0.005807362365316248,0.010148979212374542,0.07353427895786258,0.00312653689679378,0.02013635551997201
W9be63e50209fda370001,0.013834601966813392,0.6591047028917963,0.01867159324119158,0.009507908818775987,0.02464012758396726,0.0007776277110107429,0.059822824296533024,0.018038040161056073,0.005807362365316248,0.010148979212374542,0.07353427895786258,0.00312653689679378,0.02013635551997201
W9be63e50209fda370002,0.013834601966813392,0.6591047028917963,0.01867159324119158,0.009507908818775987,0.02464012758396726,0.0007776277110107429,0.059822824296533024,0.018038040161056073,0.005807362365316248,0.010148979212374542,0.07353427895786258,0.00312653689679378,0.02013635551997201
W9be63e50209fda370003,0.013834601966813392,0.6591047028917963,0.01867159324119158,0.009507908818775987,0.02464012758396726,0.0007776277110107429,0.059822824296533024,0.018038040161056073,0.005807362365316248,0.010148979212374542,0.07353427895786258,0.00312653689679378,0.02013635551997201
W9be63e50209fda370004,0.013834601966813392,0.6591047028917963,0.01867159324119158,0.009507908818775987,0.02464012758396726,0.0007776277110107429,0.059822824296533024,0.018038040161056073,0.005807362365316248,0.010148979212374542,0.07353427895786258,0.00312653689679378,0.02013635551997201
W9be63e50209fda370005,0.013834601966813392,0.6591047028917963,0.01867159324119158,0.009507908818775987,0.02464012758396726,0.0007776277110107429,0.059822824296533024,0.018038040161056073,0.005807362365316248,0.010148979212374542,0.07353427895786258,0.00312653689679378,0.02013635551997201
W9be63e50209fda370006,0.013834601966813392,0.6591047028917963,0.01867159324119158,0.009507908818775987,0.02464012758396726,0.0007776277110107429,0.059822824296533024,0.018038040161056073,0.005807362365316248,0.010148979212374542,0.07353427895786258,0.00312653689679378,0.02013635551997201
W9c32d29c5c5991240000,0.03163431894389657,0.0006197848971039095,0.07150265242644428,0.04880176568087791,0.15414889421273023,0.026206799923255503,0.04792535316007569,0.5432812535118046,0.008176736578175602,0.004486175114151967,0.011240639468051379,0.026516890129655798,0.006108057527393655
W9c32d29c5c5991240001,0.03163431894389657,0.0006197848971039095,0.07150265242644428,0.04880176568087791,0.15414889421273023,0.026206799923255503,0.04792535316007569,0.5432812535118046,0.008176736578175602,0.004486175114151967,0.011240639468051379,0.026516890129655798,0.006108057527393655
W9c32d29c5c5991240002,0.03163431894389657,0.0006197848971039095,0.07150265242644428,0.04880176568087791,0.15414889421273023,0.026206799923255503,0.04792535316007569,0.5432812535118046,0.008176736578175602,0.004486175114151967,0.011240639468051379,0.026516890129655798,0.006108057527393655
W9c32d29c5c5991240003,0.03163431894389657,0.0006197848971039095,0.07150265242644428,0.04880176568087791,0.15414889421273023,0.026206799923255503,0.04792535316007569,0.5432812535118046,0.008176736578175602,0.004486175114151967,0.011240639468051379,0.026516890129655798,0.006108057527393655
W9c32d29c5c5991240004,0.03163431894389657,0.0006197848971039095,0.07150265242644428,0.04880176568087791,0.15414889421273023,0.026206799923255503,0.04792535316007569,0.5432812535118046,0.008176736578175602,0.004486175114151967,0.011240639468051379,0.026516890129655798,0.006108057527393655
W9c32d29c5c5991240005,0.03163431894389657,0.0006197848971039095,0.07150265242644428,0.04880176568087791,0.15414889421273023,0.026206799923255503,0.04792535316007569,0.5432812535118046,0.008176736578175602,0.004486175114151967,0.011240639468051379,0.026516890129655798,0.006108057527393655
W9c32d29c5c5991240006,0.03163431894389657,0.0006197848971039095,0.07150265242644428,0.04880176568087791,0.15414889421273023,0.026206799923255503,0.04792535316007569,0.5432812535118046,0.008176736578175602,0.004486175114151967,0.011240639468051379,0.026516890129655798,0.006108057527393655
W9d4441fee3e033450000,0.018409317995799403,0.005164871495330516,0.2434118492857186,0.056116377691228285,0.05380947025128661,0.06820124592546577,0.20228838337241611,0.025596480410104226,0.023070408993380965,0.13677971919548174,0.03503758735518896,0.011924553950778025,0.015818184878966444
W9d4441fee3e033450001,0.018409317995799403,0.005164871495330516,0.2434118492857186,0.056116377691228285,0.05380947025128661,0.06820124592546577,0.20228838337241611,0.025596480410104226,0.023070408993380965,0.13677971919548174,0.03503758735518896,0.011924553950778025,0.015818184878966444
W9d4441fee3e033450002,0.018409317995799403,0.005164871495330516,0.2434118492857186,0.056116377691228285,0.05380947025128661,0.06820124592546577,0.20228838337241611,0.025596480410104226,0.023070408993380965,0.13677971919548174,0.03503758735518896,0.011924553950778025,0.015818184878966444
W9d4441fee3e033450003,0.018409317995799403,0.005164871495330516,0.2434118492857186,0.056116377691228285,0.05380947025128661,0.06820124592546577,0.20228838337241611,0.025596480410104226,0.023070408993380965,0.13677971919548174,0.03503758735518896,0.011924553950778025,0.015818184878966444
W9d4441fee3e033450004,0.018409317995799403,0.005164871495330516,0.2434118492857186,0.056116377691228285,0.05380947025128661,0.06820124592546577,0.20228838337241611,0.025596480410104226,0.023070408993380965,0.13677971919548174,0.03503758735518896,0.011924553950778025,0.015818184878966444
W9d4441fee3e033450005,0.018409317995799403,0.005164871495330516,0.2434118492857186,0.056116377691228285,0.05380947025128661,0.06820124592546577,0.20228838337241611,0.025596480410104226,0.023070408993380965,0.13677971919548174,0.03503758735518896,0.011924553950778025,0.015818184878966444
W9d4441fee3e033450006,0.018409317995799403,0.005164871495330516,0.2434118492857186,0.056116377691228285,0.05380947025128661,0.06820124592546577,0.20228838337241611,0.025596480410104226,0.023070408993380965,0.13677971919548174,0.03503758735518896,0.011924553950778025,0.015818184878966444
W9da0e7068237f0450000,0.006013979965563274,0.0013990083575119677,0.5520085262392342,0.15005220599772978,0.09559352534728051,0.11089365104953657,0.013719428642948034,0.011234658437736494,0.0018693435151108451,0.013913325528323287,0.0054935200604842365,0.02271755113910881,0.006295135378343308
W9da0e7068237f0450001,0.006013979965563274,0.0013990083575119677,0.5520085262392342,0.15005220599772978,0.09559352534728051,0.11089365104953657,0.013719428642948034,0.011234658437736494,0.0018693435151108451,0.013913325528323287,0.0054935200604842365,0.02271755113910881,0.006295135378343308
W9da0e7068237f0450002,0.006013979965563274,0.0013990083575119677,0.5520085262392342,0.15005220599772978,0.09559352534728051,0.11089365104953657,0.013719428642948034,0.011234658437736494,0.0018693435151108451,0.013913325528323287,0.0054935200604842365,0.02271755113910881,0.006295135378343308
W9da0e7068237f0450003,0.006013979965563274,0.0013990083575119677,0.5520085262392342,0.15005220599772978,0.09559352534728051,0.11089365104953657,0.013719428642948034,0.011234658437736494,0.0018693435151108451,0.013913325528323287,0.0054935200604842365,0.02271755113910881,0.006295135378343308
W9da0e7068237f0450004,0.006013979965563274,0.0013990083575119677,0.5520085262392342,0.15005220599772978,0.09559352534728051,0.11089365104953657,0.013719428642948034,0.011234658437736494,0.0018693435151108451,0.013913325528323287,0.0054935200604842365,0.02271755113910881,0.006295135378343308
W9da0e7068237f0450005,0.006013979965563274,0.0013990083575119677,0.5520085262392342,0.15005220599772978,0.09559352534728051,0.11089365104953657,0.013719428642948034,0.011234658437736494,0.0018693435151108451,0.013913325528323287,0.0054935200604842365,0.02271755113910881,0.006295135378343308
W9da0e7068237f0450006,0.006013979965563274,0.0013990083575119677,0.5520085262392342,0.15005220599772978,0.09559352534728051,0.11089365104953657,0.013719428642948034,0.011234658437736494,0.0018693435151108451,0.013913325528323287,0.0054935200604842365,0.02271755113910881,0.006295135378343308
Wa057a5b77f36fc860000,0.0019594684003512142,1.7145027727018506e-05,0.00816361812408075,0.0011712122644441246,0.0031484104279633066,0.13103734153302446,0.0013011032856954142,0.03193268814324514,2.0238990218963502e-05,0.0005458606810173777,8.683986988159961e-05,0.8157888751958012,0.0035692053385277572
Wa057a5b77f36fc860001,0.0019594684003512142,1.7145027727018506e-05,0.00816361812408075,0.0011712122644441246,0.0031484104279633066,0.13103734153302446,0.0013011032856954142,0.03193268814324514,2.0238990218963502e-05,0.0005458606810173777,8.683986988159961e-05,0.8157888751958012,0.0035692053385277572
Wa057a5b77f36fc860002,0.0019594684003512142,1.7145027727018506e-05,0.00816361812408075,0.0011712122644441246,0.0031484104279633066,0.13103734153302446,0.0013011032856954142,0.03193268814324514,2.0238990218963502e-05,0.0005458606810173777,8.683986988159961e-05,0.8157888751958012,0.0035692053385277572
Wa057a5b77f36fc860003,0.0019594684003512142,1.7145027727018506e-05,0.00816361812408075,0.0011712122644441246,0.0031484104279633066,0.13103734153302446,0.0013011032856954142,0.03193268814324514,2.0238990218963502e-05,0.0005458606810173777,8.683986988159961e-05,0.8157888751958012,0.0035692053385277572
Wa057a5b77f36fc860004,0.0019594684003512142,1.7145027727018506e-05,0.00816361812408075,0.0011712122644441246,0.0031484104279633066,0.13103734153302446,0.0013011032856954142,0.03193268814324514,2.0238990218963502e-05,0.0005458606810173777,8.683986988159961e-05,0.8157888751958012,0.0035692053385277572
Wa057a5b77f36fc860005,0.0019594684003512142,1.7145027727018506e-05,0.00816361812408075,0.0011712122644441246,0.0031484104279633066,0.13103734153302446,0.0013011032856954142,0.03193268814324514,2.0238990218963502e-05,0.0005458606810173777,8.683986988159961e-05,0.8157888751958012,0.0035692053385277572
Wa057a5b77f36fc860006,0.0019594684003512142,1.7145027727018506e-05,0.00816361812408075,0.0011712122644441246,0.0031484104279633066,0.13103734153302446,0.0013011032856954142,0.03193268814324514,2.0238990218963502e-05,0.0005458606810173777,8.683986988159961e-05,0.8157888751958012,0.0035692053385277572
Wa0c609cd1eedb9570000,0.0036634683751118505,0.0001721523921202097,0.013626386270429867,0.010656342906164242,0.013541971548395697,0.0036644501544735955,0.03034213713025434,0.19339994439935437,0.010284489628015104,0.021629075512932642,0.24580129220705396,0.009946362207161856,0.03839498842193572
Wa0c609cd1eedb9570001,0.0036634683751118505,0.0001721523921202097,0.013626386270429867,0.010656342906164242,0.013541971548395697,0.0036644501544735955,0.03034213713025434,0.19339994439935437,0.010284489628015104,0.021629075512932642,0.24580129220705396,0.009946362207161856,0.03839498842193572
Wa0c609cd1eedb9570002,0.0036634683751118505,0.0001721523921202097,0.013626386270429867,0.010656342906164242,0.013541971548395697,0.0036644501544735955,0.03034213713025434,0.19339994439935437,0.010284489628015104,0.021629075512932642,0.24580129220705396,0.009946362207161856,0.03839498842193572
Wa0c609cd1eedb9570003,0.0036634683751118505,0.0001721523921202097,0.013626386270429867,0.010656342906164242,0.013541971548395697,0.0036644501544735955,0.03034213713025434,0.19339994439935437,0.010284489628015104,0.021629075512932642,0.24580129220705396,0.009946362207161856,0.03839498842193572
Wa0c609cd1eedb9570004,0.0036634683751118505,0.0001721523921202097,0.013626386270429867,0.010656342906164242,0.013541971548395697,0.0036644501544735955,0.03034213713025434,0.19339994439935437,0.010284489628015104,0.021629075512932642,0.24580129220705396,0.009946362207161856,0.03839498842193572
Wa0c609cd1eedb9570005,0.0036634683751118505,0.0001721523921202097,0.013626386270429867,0.010656342906164242,0.013541971548395697,0.0036644501544735955,0.03034213713025434,0.19339994439935437,0.010284489628015104,0.021629075512932642,0.24580129220705396,0.009946362207161856,0.03839498842193572
Wa0c609cd1eedb9570006,0.0036634683751118505,0.0001721523921202097,0.013626386270429867,0.010656342906164242,0.013541971548395697,0.0036644501544735955,0.03034213713025434,0.19339994439935437,0.010284489628015104,0.021629075512932642,0.24580129220705396,0.009946362207161856,0.03839498842193572
Wa21b3e0948b305ef0000,0.7379258869004116,0.005614264134005214,0.022551916735467057,0.024660474309763727,0.03467691478653961,0.015187358905191494,0.03871315301773661,0.006579465248318053,0.002854824349811831,0.05974356744370056,0.001990948115536257,0.009969552779480861,0.02842631361725053
Wa21b3e0948b305ef0001,0.7379258869004116,0.005614264134005214,0.022551916735467057,0.024660474309763727,0.03467691478653961,0.015187358905191494,0.03871315301773661,0.006579465248318053,0.002854824349811831,0.05974356744370056,0.001990948115536257,0.009969552779480861,0.02842631361725053
Wa21b3e0948b305ef0002,0.7379258869004116,0.005614264134005214,0.022551916735467057,0.024660474309763727,0.03467691478653961,0.015187358905191494,0.03871315301773661,0.006579465248318053,0.002854824349811831,0.05974356744370056,0.001990948115536257,0.009969552779480861,0.02842631361725053
Wa21b3e0948b305ef0003,0.7379258869004116,0.005614264134005214,0.022551916735467057,0.024660474309763727,0.03467691478653961,0.015187358905191494,0.03871315301773661,0.006579465248318053,0.002854824349811831,0.05974356744370056,0.001990948115536257,0.009969552779480861,0.02842631361725053
Wa21b3e0948b305ef0004,0.7379258869004116,0.005614264134005214,0.022551916735467057,0.024660474309763727,0.03467691478653961,0.015187358905191494,0.03871315301773661,0.006579465248318053,0.002854824349811831,0.05974356744370056,0.001990948115536257,0.009969552779480861,0.02842631361725053
Wa21b3e0948b305ef0005,0.7379258869004116,0.005614264134005214,0.022551916735467057,0.024660474309763727,0.03467691478653961,0.015187358905191494,0.03871315301773661,0.006579465248318053,0.002854824349811831,0.05974356744370056,0.001990948115536257,0.009969552779480861,0.02842631361725053
Wa21b3e0948b305ef0006,0.7379258869004116,0.005614264134005214,0.022551916735467057,0.024660474309763727,0.03467691478653961,0.015187358905191494,0.03871315301773661,0.006579465248318053,0.002854824349811831,0.05974356744370056,0.001990948115536257,0.009969552779480861,0.02842631361725053
Wa2a75addcf692f5e0000,0.0031013270991345006,0.0035927102655132414,0.037946572663899975,0.035339461383037965,0.04479268527654632,0.014489038634462941,0.015472675315188691,0.052719972777389004,0.050108788098648355,0.02277841715436424,0.07817565509703993,0.013085992497693946,0.21187205987874863
Wa2a75addcf692f5e0001,0.0031013270991345006,0.0035927102655132414,0.037946572663899975,0.035339461383037965,0.04479268527654632,0.014489038634462941,0.015472675315188691,0.052719972777389004,0.050108788098648355,0.02277841715436424,0.07817565509703993,0.013085992497693946,0.21187205987874863
Wa2a75addcf692f5e0002,0.0031013270991345006,0.0035927102655132414,0.037946572663899975,0.035339461383037965,0.04479268527654632,0.014489038634462941,0.015472675315188691,0.052719972777389004,0.050108788098648355,0.02277841715436424,0.07817565509703993,0.013085992497693946,0.21187205987874863
Wa2a75addcf692f5e0003,0.0031013270991345006,0.0035927102655132414,0.037946572663899975,0.035339461383037965,0.04479268527654632,0.014489038634462941,0.015472675315188691,0.052719972777389004,0.050108788098648355,0.02277841715436424,0.07817565509703993,0.013085992497693946,0.21187205987874863
Wa2a75addcf692f5e0004,0.0031013270991345006,0.0035927102655132414,0.037946572663899975,0.035339461383037965,0.04479268527654632,0.014489038634462941,0.015472675315188691,0.052719972777389004,0.050108788098648355,0.02277841715436424,0.07817565509703993,0.013085992497693946,0.21187205987874863
Wa2a75addcf692f5e0005,0.0031013270991345006,0.0035927102655132414,0.037946572663899975,0.035339461383037965,0.04479268527654632,0.014489038634462941,0.015472675315188691,0.052719972777389004,0.050108788098648355,0.02277841715436424,0.07817565509703993,0.013085992497693946,0.21187205987874863
Wa2a75addcf692f5e0006,0.0031013270991345006,0.0035927102655132414,0.037946572663899975,0.035339461383037965,0.04479268527654632,0.014489038634462941,0.015472675315188691,0.052719972777389004,0.050108788098648355,0.02277841715436424,0.07817565509703993,0.013085992497693946,0.21187205987874863
Wa3a325220c6dacae0000,0.007857624554670163,0.00023187043130462652,0.7155964183845979,0.0841360106014145,0.04849258514365106,0.07334557190009824,0.014660157113899954,0.0029420998618741746,0.001518350978473725,0.0009655618666259972,0.0008333550342936458,0.04128580465856979,0.002861646098719319
Wa3a325220c6dacae0001,0.007857624554670163,0.00023187043130462652,0.7155964183845979,0.0841360106014145,0.04849258514365106,0.07334557190009824,0.014660157113899954,0.0029420998618741746,0.001518350978473725,0.0009655618666259972,0.0008333550342936458,0.04128580465856979,0.002861646098719319
Wa3a325220c6dacae0002,0.007857624554670163,0.00023187043130462652,0.7155964183845979,0.0841360106014145,0.04849258514365106,0.07334557190009824,0.014660157113899954,0.0029420998618741746,0.001518350978473725,0.0009655618666259972,0.0008333550342936458,0.04128580465856979,0.002861646098719319
Wa3a325220c6dacae0003,0.007857624554670163,0.00023187043130462652,0.7155964183845979,0.0841360106014145,0.04849258514365106,0.07334557190009824,0.014660157113899954,0.0029420998618741746,0.001518350978473725,0.0009655618666259972,0.0008333550342936458,0.04128580465856979,0.002861646098719319
Wa3a325220c6dacae0004,0.007857624554670163,0.00023187043130462652,0.7155964183845979,0.0841360106014145,0.04849258514365106,0.07334557190009824,0.014660157113899954,0.0029420998618741746,0.001518350978473725,0.0009655618666259972,0.0008333550342936458,0.04128580465856979,0.002861646098719319
Wa3a325220c6dacae0005,0.007857624554670163,0.00023187043130462652,0.7155964183845979,0.0841360106014145,0.04849258514365106,0.07334557190009824,0.014660157113899954,0.0029420998618741746,0.001518350978473725,0.0009655618666259972,0.0008333550342936458,0.04128580465856979,0.002861646098719319
Wa3a325220c6dacae0006,0.007857624554670163,0.00023187043130462652,0.7155964183845979,0.0841360106014145,0.04849258514365106,0.07334557190009824,0.014660157113899954,0.0029420998618741746,0.001518350978473725,0.0009655618666259972,0.0008333550342936458,0.04128580465856979,0.002861646098719319
Wa3bc913035208cb30000,0.006228259410287179,0.00411962814003743,0.02955387580285247,0.014613193302515596,0.03342146487627941,0.004888753213223822,0.007984349444066004,0.3038162257589677,0.09565887207848682,0.008166777962470824,0.37061755745439523,0.02037566378479903,0.017273275248279072
Wa3bc913035208cb30001,0.006228259410287179,0.00411962814003743,0.02955387580285247,0.014613193302515596,0.03342146487627941,0.004888753213223822,0.007984349444066004,0.3038162257589677,0.09565887207848682,0.008166777962470824,0.37061755745439523,0.02037566378479903,0.017273275248279072
Wa3bc913035208cb30002,0.006228259410287179,0.00411962814003743,0.02955387580285247,0.014613193302515596,0.03342146487627941,0.004888753213223822,0.007984349444066004,0.3038162257589677,0.09565887207848682,0.008166777962470824,0.37061755745439523,0.02037566378479903,0.017273275248279072
Wa3bc913035208cb30003,0.006228259410287179,0.00411962814003743,0.02955387580285247,0.014613193302515596,0.03342146487627941,0.004888753213223822,0.007984349444066004,0.3038162257589677,0.09565887207848682,0.008166777962470824,0.37061755745439523,0.02037566378479903,0.017273275248279072
Wa3bc913035208cb30004,0.006228259410287179,0.00411962814003743,0.02955387580285247,0.014613193302515596,0.03342146487627941,0.004888753213223822,0.007984349444066004,0.3038162257589677,0.09565887207848682,0.008166777962470824,0.37061755745439523,0.02037566378479903,0.017273275248279072
Wa3bc913035208cb30005,0.006228259410287179,0.00411962814003743,0.02955387580285247,0.014613193302515596,0.03342146487627941,0.004888753213223822,0.007984349444066004,0.3038162257589677,0.09565887207848682,0.008166777962470824,0.37061755745439523,0.02037566378479903,0.017273275248279072
Wa3bc913035208cb30006,0.006228259410287179,0.00411962814003743,0.02955387580285247,0.014613193302515596,0.03342146487627941,0.004888753213223822,0.007984349444066004,0.3038162257589677,0.09565887207848682,0.008166777962470824,0.37061755745439523,0.02037566378479903,0.017273275248279072
Wa433eaf242aa9bdc0000,0.010232756000316187,0.7415013372106021,0.006763242223987885,0.002553478214584727,0.0014729284644751574,0.0033985323451632857,0.01102511982449867,0.020091325596553133,0.1385126458853478,0.003477424908849837,0.045828566812150605,0.004751216338898407,0.00019654020823786116
Wa433eaf242aa9bdc0001,0.010232756000316187,0.7415013372106021,0.006763242223987885,0.002553478214584727,0.0014729284644751574,0.0033985323451632857,0.01102511982449867,0.020091325596553133,0.1385126458853478,0.003477424908849837,0.045828566812150605,0.004751216338898407,0.00019654020823786116
Wa433eaf242aa9bdc0002,0.010232756000316187,0.7415013372106021,0.006763242223987885,0.002553478214584727,0.0014729284644751574,0.0033985323451632857,0.01102511982449867,0.020091325596553133,0.1385126458853478,0.003477424908849837,0.045828566812150605,0.004751216338898407,0.00019654020823786116
Wa433eaf242aa9bdc0003,0.010232756000316187,0.7415013372106021,0.006763242223987885,0.002553478214584727,0.0014729284644751574,0.0033985323451632857,0.01102511982449867,0.020091325596553133,0.1385126458853478,0.003477424908849837,0.045828566812150605,0.004751216338898407,0.00019654020823786116
Wa433eaf242aa9bdc0004,0.010232756000316187,0.7415013372106021,0.006763242223987885,0.002553478214584727,0.0014729284644751574,0.0033985323451632857,0.01102511982449867,0.020091325596553133,0.1385126458853478,0.003477424908849837,0.045828566812150605,0.004751216338898407,0.00019654020823786116
Wa433eaf242aa9bdc0005,0.010232756000316187,0.7415013372106021,0.006763242223987885,0.002553478214584727,0.0014729284644751574,0.0033985323451632857,0.01102511982449867,0.020091325596553133,0.1385126458853478,0.003477424908849837,0.045828566812150605,0.004751216338898407,0.00019654020823786116
Wa433eaf242aa9bdc0006,0.010232756000316187,0.7415013372106021,0.006763242223987885,0.002553478214584727,0.0014729284644751574,0.0033985323451632857,0.01102511982449867,0.020091325596553133,0.1385126458853478,0.003477424908849837,0.045828566812150605,0.004751216338898407,0.00019654020823786116
Wa4794774ced410db0000,0.008717719391726313,0.000612108361421822,0.3648413207425244,0.08764828690057756,0.10764931097993363,0.16643708621551162,0.03153754028568465,0.00322135266231135,0.0049428422165000065,0.012889841873371263,0.0062769302261841235,0.18370959757363928,0.005013890567884476
Wa4794774ced410db0001,0.008717719391726313,0.000612108361421822,0.3648413207425244,0.08764828690057756,0.10764931097993363,0.16643708621551162,0.03153754028568465,0.00322135266231135,0.0049428422165000065,0.012889841873371263,0.0062769302261841235,0.18370959757363928,0.005013890567884476
Wa4794774ced410db0002,0.008717719391726313,0.000612108361421822,0.3648413207425244,0.08764828690057756,0.10764931097993363,0.16643708621551162,0.03153754028568465,0.00322135266231135,0.0049428422165000065,0.012889841873371263,0.0062769302261841235,0.18370959757363928,0.005013890567884476
Wa4794774ced410db0003,0.008717719391726313,0.000612108361421822,0.3648413207425244,0.08764828690057756,0.10764931097993363,0.16643708621551162,0.03153754028568465,0.00322135266231135,0.0049428422165000065,0.012889841873371263,0.0062769302261841235,0.18370959757363928,0.005013890567884476
Wa4794774ced410db0004,0.008717719391726313,0.000612108361421822,0.3648413207425244,0.08764828690057756,0.10764931097993363,0.16643708621551162,0.03153754028568465,0.00322135266231135,0.0049428422165000065,0.012889841873371263,0.0062769302261841235,0.18370959757363928,0.005013890567884476
Wa4794774ced410db0005,0.008717719391726313,0.000612108361421822,0.3648413207425244,0.08764828690057756,0.10764931097993363,0.16643708621551162,0.03153754028568465,0.00322135266231135,0.0049428422165000065,0.012889841873371263,0.0062769302261841235,0.18370959757363928,0.005013890567884476
Wa4794774ced410db0006,0.008717719391726313,0.000612108361421822,0.3648413207425244,0.08764828690057756,0.10764931097993363,0.16643708621551162,0.03153754028568465,0.00322135266231135,0.0049428422165000065,0.012889841873371263,0.0062769302261841235,0.18370959757363928,0.005013890567884476
Wa5b0c38fd83642d70000,0.025820367110631036,0.0028530922894618805,0.13261396384672552,0.30613513589053254,0.11924141731655377,0.044481424677870536,0.20833907706703508,0.01757065344906627,0.03384180417234118,0.01244136906582431,0.01830713567965953,0.026834349687232254,0.009998777853235781
Wa5b0c38fd83642d70001,0.025820367110631036,0.0028530922894618805,0.13261396384672552,0.30613513589053254,0.11924141731655377,0.044481424677870536,0.20833907706703508,0.01757065344906627,0.03384180417234118,0.01244136906582431,0.01830713567965953,0.026834349687232254,0.009998777853235781
Wa5b0c38fd83642d70002,0.025820367110631036,0.0028530922894618805,0.13261396384672552,0.30613513589053254,0.11924141731655377,0.044481424677870536,0.20833907706703508,0.01757065344906627,0.03384180417234118,0.01244136906582431,0.01830713567965953,0.026834349687232254,0.009998777853235781
Wa5b0c38fd83642d70003,0.025820367110631036,0.0028530922894618805,0.13261396384672552,0.30613513589053254,0.11924141731655377,0.044481424677870536,0.20833907706703508,0.01757065344906627,0.03384180417234118,0.01244136906582431,0.01830713567965953,0.026834349687232254,0.009998777853235781
Wa5b0c38fd83642d70004,0.025820367110631036,0.0028530922894618805,0.13261396384672552,0.30613513589053254,0.11924141731655377,0.044481424677870536,0.20833907706703508,0.01757065344906627,0.03384180417234118,0.01244136906582431,0.01830713567965953,0.026834349687232254,0.009998777853235781
Wa5b0c38fd83642d70005,0.025820367110631036,0.0028530922894618805,0.13261396384672552,0.30613513589053254,0.11924141731655377,0.044481424677870536,0.20833907706703508,0.01757065344906627,0.03384180417234118,0.01244136906582431,0.01830713567965953,0.026834349687232254,0.009998777853235781
Wa5b0c38fd83642d70006,0.025820367110631036,0.0028530922894618805,0.13261396384672552,0.30613513589053254,0.11924141731655377,0.044481424677870536,0.20833907706703508,0.01757065344906627,0.03384180417234118,0.01244136906582431,0.01830713567965953,0.026834349687232254,0.009998777853235781
Wa61f059ad132aba60000,0.006753124287123591,5.637553281479797e-05,0.02409467009005917,0.029262509071631526,0.011966903574877967,0.7801103445857495,0.017736769230657878,0.0026716289436728552,0.00041534364738457204,0.0007971812995665083,0.0016562463980171994,0.12064852057085676,4.3856349185979246e-05
Wa61f059ad132aba60001,0.006753124287123591,5.637553281479797e-05,0.02409467009005917,0.029262509071631526,0.011966903574877967,0.7801103445857495,0.017736769230657878,0.0026716289436728552,0.00041534364738457204,0.0007971812995665083,0.0016562463980171994,0.12064852057085676,4.3856349185979246e-05
Wa61f059ad132aba60002,0.006753124287123591,5.637553281479797e-05,0.02409467009005917,0.029262509071631526,0.011966903574877967,0.7801103445857495,0.017736769230657878,0.0026716289436728552,0.00041534364738457204,0.0007971812995665083,0.0016562463980171994,0.12064852057085676,4.3856349185979246e-05
Wa61f059ad132aba60003,0.006753124287123591,5.637553281479797e-05,0.02409467009005917,0.029262509071631526,0.011966903574877967,0.7801103445857495,0.017736769230657878,0.0026716289436728552,0.00041534364738457204,0.0007971812995665083,0.0016562463980171994,0.12064852057085676,4.3856349185979246e-05
Wa61f059ad132aba60004,0.006753124287123591,5.637553281479797e-05,0.02409467009005917,0.029262509071631526,0.011966903574877967,0.7801103445857495,0.017736769230657878,0.0026716289436728552,0.00041534364738457204,0.0007971812995665083,0.0016562463980171994,0.12064852057085676,4.3856349185979246e-05
Wa61f059ad132aba60005,0.006753124287123591,5.637553281479797e-05,0.02409467009005917,0.029262509071631526,0.011966903574877967,0.7801103445857495,0.017736769230657878,0.0026716289436728552,0.00041534364738457204,0.0007971812995665083,0.0016562463980171994,0.12064852057085676,4.3856349185979246e-05
Wa61f059ad132aba60006,0.006753124287123591,5.637553281479797e-05,0.02409467009005917,0.029262509071631526,0.011966903574877967,0.7801103445857495,0.017736769230657878,0.0026716289436728552,0.00041534364738457204,0.0007971812995665083,0.0016562463980171994,0.12064852057085676,4.3856349185979246e-05
Wa857080b36e8cb110000,8.341672244809324e-05,6.987743183309263e-06,0.0016139176231424778,0.0006957695271349953,0.0014058490350961305,0.0967848411332305,3.169014300125272e-05,0.0004437446441521578,5.561334967115027e-06,0.00013154418064739525,8.712274038995108e-06,0.8938401631584022,0.004723555797858996
Wa857080b36e8cb110001,8.341672244809324e-05,6.987743183309263e-06,0.0016139176231424778,0.0006957695271349953,0.0014058490350961305,0.0967848411332305,3.169014300125272e-05,0.0004437446441521578,5.561334967115027e-06,0.00013154418064739525,8.712274038995108e-06,0.8938401631584022,0.004723555797858996
Wa857080b36e8cb110002,8.341672244809324e-05,6.987743183309263e-06,0.0016139176231424778,0.0006957695271349953,0.0014058490350961305,0.0967848411332305,3.169014300125272e-05,0.0004437446441521578,5.561334967115027e-06,0.00013154418064739525,8.712274038995108e-06,0.8938401631584022,0.004723555797858996
Wa857080b36e8cb110003,8.341672244809324e-05,6.987743183309263e-06,0.0016139176231424778,0.0006957695271349953,0.0014058490350961305,0.0967848411332305,3.169014300125272e-05,0.0004437446441521578,5.561334967115027e-06,0.00013154418064739525,8.712274038995108e-06,0.8938401631584022,0.004723555797858996
Wa857080b36e8cb110004,8.341672244809324e-05,6.987743183309263e-06,0.0016139176231424778,0.0006957695271349953,0.0014058490350961305,0.0967848411332305,3.169014300125272e-05,0.0004437446441521578,5.561334967115027e-06,0.00013154418064739525,8.712274038995108e-06,0.8938401631584022,0.004723555797858996
Wa857080b36e8cb110005,8.341672244809324e-05,6.987743183309263e-06,0.0016139176231424778,0.0006957695271349953,0.0014058490350961305,0.0967848411332305,3.169014300125272e-05,0.0004437446441521578,5.561334967115027e-06,0.00013154418064739525,8.712274038995108e-06,0.8938401631584022,0.004723555797858996
Wa857080b36e8cb110006,8.341672244809324e-05,6.987743183309263e-06,0.0016139176231424778,0.0006957695271349953,0.0014058490350961305,0.0967848411332305,3.169014300125272e-05,0.0004437446441521578,5.561334967115027e-06,0.00013154418064739525,8.712274038995108e-06,0.8938401631584022,0.004723555797858996
Wa90143ff735b972b0000,0.007118070835734811,0.005770459025852503,0.037528884904320145,0.0197506754809026,0.0332957912637366,0.004459645569971941,0.012726014203733153,0.4678540184695126,0.098926431557025,0.009957790927566065,0.16430883284813105,0.027487837434398765,0.018460554282284252
Wa90143ff735b972b0001,0.007118070835734811,0.005770459025852503,0.037528884904320145,0.0197506754809026,0.0332957912637366,0.004459645569971941,0.012726014203733153,0.4678540184695126,0.098926431557025,0.009957790927566065,0.16430883284813105,0.027487837434398765,0.018460554282284252
Wa90143ff735b972b0002,0.007118070835734811,0.005770459025852503,0.037528884904320145,0.0197506754809026,0.0332957912637366,0.004459645569971941,0.012726014203733153,0.4678540184695126,0.098926431557025,0.009957790927566065,0.16430883284813105,0.027487837434398765,0.018460554282284252
Wa90143ff735b972b0003,0.007118070835734811,0.005770459025852503,0.037528884904320145,0.0197506754809026,0.0332957912637366,0.004459645569971941,0.012726014203733153,0.4678540184695126,0.098926431557025,0.009957790927566065,0.16430883284813105,0.027487837434398765,0.018460554282284252
Wa90143ff735b972b0004,0.007118070835734811,0.005770459025852503,0.037528884904320145,0.0197506754809026,0.0332957912637366,0.004459645569971941,0.012726014203733153,0.4678540184695126,0.098926431557025,0.009957790927566065,0.16430883284813105,0.027487837434398765,0.018460554282284252
Wa90143ff735b972b0005,0.007118070835734811,0.005770459025852503,0.037528884904320145,0.0197506754809026,0.0332957912637366,0.004459645569971941,0.012726014203733153,0.4678540184695126,0.098926431557025,0.009957790927566065,0.16430883284813105,0.027487837434398765,0.018460554282284252
Wa90143ff735b972b0006,0.007118070835734811,0.005770459025852503,0.037528884904320145,0.0197506754809026,0.0332957912637366,0.004459645569971941,0.012726014203733153,0.4678540184695126,0.098926431557025,0.009957790927566065,0.16430883284813105,0.027487837434398765,0.018460554282284252
Wa93c026225e11f340000,0.7778792133484684,0.07036369975146856,0.005087915223866457,0.009891038296515062,0.007256829435982474,0.005585313694178212,0.0052034202846971585,0.005665685160622707,0.00348112150723533,0.046884832391161764,0.0016354827001461068,0.008210992936789981,0.011343321184701174
Wa93c026225e11f340001,0.7778792133484684,0.07036369975146856,0.005087915223866457,0.009891038296515062,0.007256829435982474,0.005585313694178212,0.0052034202846971585,0.005665685160622707,0.00348112150723533,0.046884832391161764,0.0016354827001461068,0.008210992936789981,0.011343321184701174
Wa93c026225e11f340002,0.7778792133484684,0.07036369975146856,0.005087915223866457,0.009891038296515062,0.007256829435982474,0.005585313694178212,0.0052034202846971585,0.005665685160622707,0.00348112150723533,0.046884832391161764,0.0016354827001461068,0.008210992936789981,0.011343321184701174
Wa93c026225e11f340003,0.7778792133484684,0.07036369975146856,0.005087915223866457,0.009891038296515062,0.007256829435982474,0.005585313694178212,0.0052034202846971585,0.005665685160622707,0.00348112150723533,0.046884832391161764,0.0016354827001461068,0.008210992936789981,0.011343321184701174
Wa93c026225e11f340004,0.7778792133484684,0.07036369975146856,0.005087915223866457,0.009891038296515062,0.007256829435982474,0.005585313694178212,0.0052034202846971585,0.005665685160622707,0.00348112150723533,0.046884832391161764,0.0016354827001461068,0.008210992936789981,0.011343321184701174
Wa93c026225e11f340005,0.7778792133484684,0.07036369975146856,0.005087915223866457,0.009891038296515062,0.007256829435982474,0.005585313694178212,0.0052034202846971585,0.005665685160622707,0.00348112150723533,0.046884832391161764,0.0016354827001461068,0.008210992936789981,0.011343321184701174
Wa93c026225e11f340006,0.7778792133484684,0.07036369975146856,0.005087915223866457,0.009891038296515062,0.007256829435982474,0.005585313694178212,0.0052034202846971585,0.005665685160622707,0.00348112150723533,0.046884832391161764,0.0016354827001461068,0.008210992936789981,0.011343321184701174
Wa948226053bdb8340000,0.008000166957527258,0.0018712476133784799,0.34114502130732116,0.1671761953906695,0.1791774095931313,0.1406192855841806,0.007092635649039989,0.07903614775528503,0.0010816841993307347,0.010337403981509731,0.005253926748631565,0.02668340400051589,0.014260830603224648
Wa948226053bdb8340001,0.008000166957527258,0.0018712476133784799,0.34114502130732116,0.1671761953906695,0.1791774095931313,0.1406192855841806,0.007092635649039989,0.07903614775528503,0.0010816841993307347,0.010337403981509731,0.005253926748631565,0.02668340400051589,0.014260830603224648
Wa948226053bdb8340002,0.008000166957527258,0.0018712476133784799,0.34114502130732116,0.1671761953906695,0.1791774095931313,0.1406192855841806,0.007092635649039989,0.07903614775528503,0.0010816841993307347,0.010337403981509731,0.005253926748631565,0.02668340400051589,0.014260830603224648
Wa948226053bdb8340003,0.008000166957527258,0.0018712476133784799,0.34114502130732116,0.1671761953906695,0.1791774095931313,0.1406192855841806,0.007092635649039989,0.07903614775528503,0.0010816841993307347,0.010337403981509731,0.005253926748631565,0.02668340400051589,0.014260830603224648
Wa948226053bdb8340004,0.008000166957527258,0.0018712476133784799,0.34114502130732116,0.1671761953906695,0.1791774095931313,0.1406192855841806,0.007092635649039989,0.07903614775528503,0.0010816841993307347,0.010337403981509731,0.005253926748631565,0.02668340400051589,0.014260830603224648
Wa948226053bdb8340005,0.008000166957527258,0.0018712476133784799,0.34114502130732116,0.1671761953906695,0.1791774095931313,0.1406192855841806,0.007092635649039989,0.07903614775528503,0.0010816841993307347,0.010337403981509731,0.005253926748631565,0.02668340400051589,0.014260830603224648
Wa948226053bdb8340006,0.008000166957527258,0.0018712476133784799,0.34114502130732116,0.1671761953906695,0.1791774095931313,0.1406192855841806,0.007092635649039989,0.07903614775528503,0.0010816841993307347,0.010337403981509731,0.005253926748631565,0.02668340400051589,0.014260830603224648
Wa9b31ae7cf2469740000,0.0008638465859675262,8.41476046092685e-06,0.0001889372543621298,0.0029635190299680944,0.0005251751704245989,0.04935912225477054,0.0012246033890596056,2.4934374020848498e-05,9.053443431412186e-06,7.5252631795713366e-06,0.0002713413441902769,0.9436099748463619,0.0008857872254013327
Wa9b31ae7cf2469740001,0.0008638465859675262,8.41476046092685e-06,0.0001889372543621298,0.0029635190299680944,0.0005251751704245989,0.04935912225477054,0.0012246033890596056,2.4934374020848498e-05,9.053443431412186e-06,7.5252631795713366e-06,0.0002713413441902769,0.9436099748463619,0.0008857872254013327
Wa9b31ae7cf2469740002,0.0008638465859675262,8.41476046092685e-06,0.0001889372543621298,0.0029635190299680944,0.0005251751704245989,0.04935912225477054,0.0012246033890596056,2.4934374020848498e-05,9.053443431412186e-06,7.5252631795713366e-06,0.0002713413441902769,0.9436099748463619,0.0008857872254013327
Wa9b31ae7cf2469740003,0.0008638465859675262,8.41476046092685e-06,0.0001889372543621298,0.0029635190299680944,0.0005251751704245989,0.04935912225477054,0.0012246033890596056,2.4934374020848498e-05,9.053443431412186e-06,7.5252631795713366e-06,0.0002713413441902769,0.9436099748463619,0.0008857872254013327
Wa9b31ae7cf2469740004,0.0008638465859675262,8.41476046092685e-06,0.0001889372543621298,0.0029635190299680944,0.0005251751704245989,0.04935912225477054,0.0012246033890596056,2.4934374020848498e-05,9.053443431412186e-06,7.5252631795713366e-06,0.0002713413441902769,0.9436099748463619,0.0008857872254013327
Wa9b31ae7cf2469740005,0.0008638465859675262,8.41476046092685e-06,0.0001889372543621298,0.0029635190299680944,0.0005251751704245989,0.04935912225477054,0.0012246033890596056,2.4934374020848498e-05,9.053443431412186e-06,7.5252631795713366e-06,0.0002713413441902769,0.9436099748463619,0.0008857872254013327
Wa9b31ae7cf2469740006,0.0008638465859675262,8.41476046092685e-06,0.0001889372543621298,0.0029635190299680944,0.0005251751704245989,0.04935912225477054,0.0012246033890596056,2.4934374020848498e-05,9.053443431412186e-06,7.5252631795713366e-06,0.0002713413441902769,0.9436099748463619,0.0008857872254013327
Wabb35a3a44185f260000,0.0017408278643937939,0.00036122679630548013,0.031524320231710964,0.03427177827634086,0.01253888491029731,0.0848303039239765,0.0023929683737222126,0.0020305113647106966,0.00016383440718315928,0.00881138685545102,0.0009422046651654927,0.8057688587846534,0.012520327034735518
Wabb35a3a44185f260001,0.0017408278643937939,0.00036122679630548013,0.031524320231710964,0.03427177827634086,0.01253888491029731,0.0848303039239765,0.0023929683737222126,0.0020305113647106966,0.00016383440718315928,0.00881138685545102,0.0009422046651654927,0.8057688587846534,0.012520327034735518
Wabb35a3a44185f260002,0.0017408278643937939,0.00036122679630548013,0.031524320231710964,0.03427177827634086,0.01253888491029731,0.0848303039239765,0.0023929683737222126,0.0020305113647106966,0.00016383440718315928,0.00881138685545102,0.0009422046651654927,0.8057688587846534,0.012520327034735518
Wabb35a3a44185f260003,0.0017408278643937939,0.00036122679630548013,0.031524320231710964,0.03427177827634086,0.01253888491029731,0.0848303039239765,0.0023929683737222126,0.0020305113647106966,0.00016383440718315928,0.00881138685545102,0.0009422046651654927,0.8057688587846534,0.012520327034735518
Wabb35a3a44185f260004,0.0017408278643937939,0.00036122679630548013,0.031524320231710964,0.03427177827634086,0.01253888491029731,0.0848303039239765,0.0023929683737222126,0.0020305113647106966,0.00016383440718315928,0.00881138685545102,0.0009422046651654927,0.8057688587846534,0.012520327034735518
Wabb35a3a44185f260005,0.0017408278643937939,0.00036122679630548013,0.031524320231710964,0.03427177827634086,0.01253888491029731,0.0848303039239765,0.0023929683737222126,0.0020305113647106966,0.00016383440718315928,0.00881138685545102,0.0009422046651654927,0.8057688587846534,0.012520327034735518
Wabb35a3a44185f260006,0.0017408278643937939,0.00036122679630548013,0.031524320231710964,0.03427177827634086,0.01253888491029731,0.0848303039239765,0.0023929683737222126,0.0020305113647106966,0.00016383440718315928,0.00881138685545102,0.0009422046651654927,0.8057688587846534,0.012520327034735518
Wac33d09a667cb3570000,0.008420053967748324,2.4421142493599567e-05,0.024714053243340754,0.02920810443118573,0.03998525127312117,0.037059890071689944,0.014883193363892966,0.7556437736491444,0.002500567338354708,0.02980912511385073,0.008124766266422298,0.011266914930919136,0.01141858039688085
Wac33d09a667cb3570001,0.008420053967748324,2.4421142493599567e-05,0.024714053243340754,0.02920810443118573,0.03998525127312117,0.037059890071689944,0.014883193363892966,0.7556437736491444,0.002500567338354708,0.02980912511385073,0.008124766266422298,0.011266914930919136,0.01141858039688085
Wac33d09a667cb3570002,0.008420053967748324,2.4421142493599567e-05,0.024714053243340754,0.02920810443118573,0.03998525127312117,0.037059890071689944,0.014883193363892966,0.7556437736491444,0.002500567338354708,0.02980912511385073,0.008124766266422298,0.011266914930919136,0.01141858039688085
Wac33d09a667cb3570003,0.008420053967748324,2.4421142493599567e-05,0.024714053243340754,0.02920810443118573,0.03998525127312117,0.037059890071689944,0.014883193363892966,0.7556437736491444,0.002500567338354708,0.02980912511385073,0.008124766266422298,0.011266914930919136,0.01141858039688085
Wac33d09a667cb3570004,0.008420053967748324,2.4421142493599567e-05,0.024714053243340754,0.02920810443118573,0.03998525127312117,0.037059890071689944,0.014883193363892966,0.7556437736491444,0.002500567338354708,0.02980912511385073,0.008124766266422298,0.011266914930919136,0.01141858039688085
Wac33d09a667cb3570005,0.008420053967748324,2.4421142493599567e-05,0.024714053243340754,0.02920810443118573,0.03998525127312117,0.037059890071689944,0.014883193363892966,0.7556437736491444,0.002500567338354708,0.02980912511385073,0.008124766266422298,0.011266914930919136,0.01141858039688085
Wac33d09a667cb3570006,0.008420053967748324,2.4421142493599567e-05,0.024714053243340754,0.02920810443118573,0.03998525127312117,0.037059890071689944,0.014883193363892966,0.7556437736491444,0.002500567338354708,0.02980912511385073,0.008124766266422298,0.011266914930919136,0.01141858039688085
Wadaf8416360a220c0000,0.0003654412761296589,0.0009501433539435462,0.0036980898879422778,0.003321850055331646,0.0036052143624739066,0.05099829968248341,0.0004806550239177888,0.0005797454490448228,0.00010656114991001544,0.0018420659939561111,0.00015837742286203284,0.9225327620084658,0.010854980677913826
Wadaf8416360a220c0001,0.0003654412761296589,0.0009501433539435462,0.0036980898879422778,0.003321850055331646,0.0036052143624739066,0.05099829968248341,0.0004806550239177888,0.0005797454490448228,0.00010656114991001544,0.0018420659939561111,0.00015837742286203284,0.9225327620084658,0.010854980677913826
Wadaf8416360a220c0002,0.0003654412761296589,0.0009501433539435462,0.0036980898879422778,0.003321850055331646,0.0036052143624739066,0.05099829968248341,0.0004806550239177888,0.0005797454490448228,0.00010656114991001544,0.0018420659939561111,0.00015837742286203284,0.9225327620084658,0.010854980677913826
Wadaf8416360a220c0003,0.0003654412761296589,0.0009501433539435462,0.0036980898879422778,0.003321850055331646,0.0036052143624739066,0.05099829968248341,0.0004806550239177888,0.0005797454490448228,0.00010656114991001544,0.0018420659939561111,0.00015837742286203284,0.9225327620084658,0.010854980677913826
Wadaf8416360a220c0004,0.0003654412761296589,0.0009501433539435462,0.0036980898879422778,0.003321850055331646,0.0036052143624739066,0.05099829968248341,0.0004806550239177888,0.0005797454490448228,0.00010656114991001544,0.0018420659939561111,0.00015837742286203284,0.9225327620084658,0.010854980677913826
Wadaf8416360a220c0005,0.0003654412761296589,0.0009501433539435462,0.0036980898879422778,0.003321850055331646,0.0036052143624739066,0.05099829968248341,0.0004806550239177888,0.0005797454490448228,0.00010656114991001544,0.0018420659939561111,0.00015837742286203284,0.9225327620084658,0.010854980677913826
Wadaf8416360a220c0006,0.0003654412761296589,0.0009501433539435462,0.0036980898879422778,0.003321850055331646,0.0036052143624739066,0.05099829968248341,0.0004806550239177888,0.0005797454490448228,0.00010656114991001544,0.0018420659939561111,0.00015837742286203284,0.9225327620084658,0.010854980677913826
Waf4284369bd947370000,0.010871242049935625,0.0029520367072751715,0.28685483298614706,0.06847353670672945,0.04308621334484183,0.05841742454974384,0.28892713016853505,0.023585910902083423,0.010283179313425903,0.05086425138663188,0.02685991769044187,0.009095981702546082,0.02249103242815185
Waf4284369bd947370001,0.010871242049935625,0.0029520367072751715,0.28685483298614706,0.06847353670672945,0.04308621334484183,0.05841742454974384,0.28892713016853505,0.023585910902083423,0.010283179313425903,0.05086425138663188,0.02685991769044187,0.009095981702546082,0.02249103242815185
Waf4284369bd947370002,0.010871242049935625,0.0029520367072751715,0.28685483298614706,0.06847353670672945,0.04308621334484183,0.05841742454974384,0.28892713016853505,0.023585910902083423,0.010283179313425903,0.05086425138663188,0.02685991769044187,0.009095981702546082,0.02249103242815185
Waf4284369bd947370003,0.010871242049935625,0.0029520367072751715,0.28685483298614706,0.06847353670672945,0.04308621334484183,0.05841742454974384,0.28892713016853505,0.023585910902083423,0.010283179313425903,0.05086425138663188,0.02685991769044187,0.009095981702546082,0.02249103242815185
Waf4284369bd947370004,0.010871242049935625,0.0029520367072751715,0.28685483298614706,0.06847353670672945,0.04308621334484183,0.05841742454974384,0.28892713016853505,0.023585910902083423,0.010283179313425903,0.05086425138663188,0.02685991769044187,0.009095981702546082,0.02249103242815185
Waf4284369bd947370005,0.010871242049935625,0.0029520367072751715,0.28685483298614706,0.06847353670672945,0.04308621334484183,0.05841742454974384,0.28892713016853505,0.023585910902083423,0.010283179313425903,0.05086425138663188,0.02685991769044187,0.009095981702546082,0.02249103242815185
Waf4284369bd947370006,0.010871242049935625,0.0029520367072751715,0.28685483298614706,0.06847353670672945,0.04308621334484183,0.05841742454974384,0.28892713016853505,0.023585910902083423,0.010283179313425903,0.05086425138663188,0.02685991769044187,0.009095981702546082,0.02249103242815185
Wafe031a9dde0317b0000,0.004833096499573192,0.8918332045176899,0.0023740683663526696,0.0029445198227814593,0.005341014450687043,0.0007099900961085511,0.00860214512627444,0.01569206063051801,0.03321260265654383,0.004276962354322402,0.02248208196989138,0.0010735132248765413,0.0007693678440022276
Wafe031a9dde0317b0001,0.004833096499573192,0.8918332045176899,0.0023740683663526696,0.0029445198227814593,0.005341014450687043,0.0007099900961085511,0.00860214512627444,0.01569206063051801,0.03321260265654383,0.004276962354322402,0.02248208196989138,0.0010735132248765413,0.0007693678440022276
Wafe031a9dde0317b0002,0.004833096499573192,0.8918332045176899,0.0023740683663526696,0.0029445198227814593,0.005341014450687043,0.0007099900961085511,0.00860214512627444,0.01569206063051801,0.03321260265654383,0.004276962354322402,0.02248208196989138,0.0010735132248765413,0.0007693678440022276
Wafe031a9dde0317b0003,0.004833096499573192,0.8918332045176899,0.0023740683663526696,0.0029445198227814593,0.005341014450687043,0.0007099900961085511,0.00860214512627444,0.01569206063051801,0.03321260265654383,0.004276962354322402,0.02248208196989138,0.0010735132248765413,0.0007693678440022276
Wafe031a9dde0317b0004,0.004833096499573192,0.8918332045176899,0.0023740683663526696,0.0029445198227814593,0.005341014450687043,0.0007099900961085511,0.00860214512627444,0.01569206063051801,0.03321260265654383,0.004276962354322402,0.02248208196989138,0.0010735132248765413,0.0007693678440022276
Wafe031a9dde0317b0005,0.004833096499573192,0.8918332045176899,0.0023740683663526696,0.0029445198227814593,0.005341014450687043,0.0007099900961085511,0.00860214512627444,0.01569206063051801,0.03321260265654383,0.004276962354322402,0.02248208196989138,0.0010735132248765413,0.0007693678440022276
Wafe031a9dde0317b0006,0.004833096499573192,0.8918332045176899,0.0023740683663526696,0.0029445198227814593,0.005341014450687043,0.0007099900961085511,0.00860214512627444,0.01569206063051801,0.03321260265654383,0.004276962354322402,0.02248208196989138,0.0010735132248765413,0.0007693678440022276
Wb332d3101cf4d1c00000,0.009103657451840342,0.006756870920792771,0.07170922556389168,0.06086945143651133,0.08816519843663957,0.026945256693290322,0.3481122016349125,0.036389864019763615,0.007094541497003625,0.02922400335218824,0.05351905694261345,0.009743856417857293,0.05034076704654281
Wb332d3101cf4d1c00001,0.009103657451840342,0.006756870920792771,0.07170922556389168,0.06086945143651133,0.08816519843663957,0.026945256693290322,0.3481122016349125,0.036389864019763615,0.007094541497003625,0.02922400335218824,0.05351905694261345,0.009743856417857293,0.05034076704654281
Wb332d3101cf4d1c00002,0.009103657451840342,0.006756870920792771,0.07170922556389168,0.06086945143651133,0.08816519843663957,0.026945256693290322,0.3481122016349125,0.036389864019763615,0.007094541497003625,0.02922400335218824,0.05351905694261345,0.009743856417857293,0.05034076704654281
Wb332d3101cf4d1c00003,0.009103657451840342,0.006756870920792771,0.07170922556389168,0.06086945143651133,0.08816519843663957,0.026945256693290322,0.3481122016349125,0.036389864019763615,0.007094541497003625,0.02922400335218824,0.05351905694261345,0.009743856417857293,0.05034076704654281
Wb332d3101cf4d1c00004,0.009103657451840342,0.006756870920792771,0.07170922556389168,0.06086945143651133,0.08816519843663957,0.026945256693290322,0.3481122016349125,0.036389864019763615,0.007094541497003625,0.02922400335218824,0.05351905694261345,0.009743856417857293,0.05034076704654281
Wb332d3101cf4d1c00005,0.009103657451840342,0.006756870920792771,0.07170922556389168,0.06086945143651133,0.08816519843663957,0.026945256693290322,0.3481122016349125,0.036389864019763615,0.007094541497003625,0.02922400335218824,0.05351905694261345,0.009743856417857293,0.05034076704654281
Wb332d3101cf4d1c00006,0.009103657451840342,0.006756870920792771,0.07170922556389168,0.06086945143651133,0.08816519843663957,0.026945256693290322,0.3481122016349125,0.036389864019763615,0.007094541497003625,0.02922400335218824,0.05351905694261345,0.009743856417857293,0.05034076704654281
Wb37ad6ce89974d2f0000,0.023158743991551756,0.004558213294907522,0.053627217514222544,0.031138729010850526,0.05670710441363907,0.04207706909573215,0.01995744037133774,0.018921847549000656,0.03957933070903511,0.04942786479652115,0.5842456671291367,0.0329096152473879,0.012932059346770051
Wb37ad6ce89974d2f0001,0.023158743991551756,0.004558213294907522,0.053627217514222544,0.031138729010850526,0.05670710441363907,0.04207706909573215,0.01995744037133774,0.018921847549000656,0.03957933070903511,0.04942786479652115,0.5842456671291367,0.0329096152473879,0.012932059346770051
Wb37ad6ce89974d2f0002,0.023158743991551756,0.004558213294907522,0.053627217514222544,0.031138729010850526,0.05670710441363907,0.04207706909573215,0.01995744037133774,0.018921847549000656,0.03957933070903511,0.04942786479652115,0.5842456671291367,0.0329096152473879,0.012932059346770051
Wb37ad6ce89974d2f0003,0.023158743991551756,0.004558213294907522,0.053627217514222544,0.031138729010850526,0.05670710441363907,0.04207706909573215,0.01995744037133774,0.018921847549000656,0.03957933070903511,0.04942786479652115,0.5842456671291367,0.0329096152473879,0.012932059346770051
Wb37ad6ce89974d2f0004,0.023158743991551756,0.004558213294907522,0.053627217514222544,0.031138729010850526,0.05670710441363907,0.04207706909573215,0.01995744037133774,0.018921847549000656,0.03957933070903511,0.04942786479652115,0.5842456671291367,0.0329096152473879,0.012932059346770051
Wb37ad6ce89974d2f0005,0.023158743991551756,0.004558213294907522,0.053627217514222544,0.031138729010850526,0.05670710441363907,0.04207706909573215,0.01995744037133774,0.018921847549000656,0.03957933070903511,0.04942786479652115,0.5842456671291367,0.0329096152473879,0.012932059346770051
Wb37ad6ce89974d2f0006,0.023158743991551756,0.004558213294907522,0.053627217514222544,0.031138729010850526,0.05670710441363907,0.04207706909573215,0.01995744037133774,0.018921847549000656,0.03957933070903511,0.04942786479652115,0.5842456671291367,0.0329096152473879,0.012932059346770051
Wb704079f55322cf10000,0.01201975299625999,0.008580084207982747,0.043304307081876756,0.022112306596426743,0.06169923083210927,0.012051133608124487,0.01812277306426499,0.33620828922119544,0.028633045977249368,0.010025567427648438,0.3391842096150804,0.017383010222011847,0.008810560268672173
Wb704079f55322cf10001,0.01201975299625999,0.008580084207982747,0.043304307081876756,0.022112306596426743,0.06169923083210927,0.012051133608124487,0.01812277306426499,0.33620828922119544,0.028633045977249368,0.010025567427648438,0.3391842096150804,0.017383010222011847,0.008810560268672173
Wb704079f55322cf10002,0.01201975299625999,0.008580084207982747,0.043304307081876756,0.022112306596426743,0.06169923083210927,0.012051133608124487,0.01812277306426499,0.33620828922119544,0.028633045977249368,0.010025567427648438,0.3391842096150804,0.017383010222011847,0.008810560268672173
Wb704079f55322cf10003,0.01201975299625999,0.008580084207982747,0.043304307081876756,0.022112306596426743,0.06169923083210927,0.012051133608124487,0.01812277306426499,0.33620828922119544,0.028633045977249368,0.010025567427648438,0.3391842096150804,0.017383010222011847,0.008810560268672173
Wb704079f55322cf10004,0.01201975299625999,0.008580084207982747,0.043304307081876756,0.022112306596426743,0.06169923083210927,0.012051133608124487,0.01812277306426499,0.33620828922119544,0.028633045977249368,0.010025567427648438,0.3391842096150804,0.017383010222011847,0.008810560268672173
Wb704079f55322cf10005,0.01201975299625999,0.008580084207982747,0.043304307081876756,0.022112306596426743,0.06169923083210927,0.012051133608124487,0.01812277306426499,0.33620828922119544,0.028633045977249368,0.010025567427648438,0.3391842096150804,0.017383010222011847,0.008810560268672173
Wb704079f55322cf10006,0.01201975299625999,0.008580084207982747,0.043304307081876756,0.022112306596426743,0.06169923083210927,0.012051133608124487,0.01812277306426499,0.33620828922119544,0.028633045977249368,0.010025567427648438,0.3391842096150804,0.017383010222011847,0.008810560268672173
Wb7130727df9f1e840000,0.005930529043362704,0.003677280862474663,0.04353494391605199,0.020226385250843956,0.01807624367507429,0.0030172954371317125,0.06567547314538277,0.04214650070407296,0.03501375831816456,0.025427879691198522,0.06034043077361003,0.0018411104631087668,0.1571251332413043
Wb7130727df9f1e840001,0.005930529043362704,0.003677280862474663,0.04353494391605199,0.020226385250843956,0.01807624367507429,0.0030172954371317125,0.06567547314538277,0.04214650070407296,0.03501375831816456,0.025427879691198522,0.06034043077361003,0.0018411104631087668,0.1571251332413043
Wb7130727df9f1e840002,0.005930529043362704,0.003677280862474663,0.04353494391605199,0.020226385250843956,0.01807624367507429,0.0030172954371317125,0.06567547314538277,0.04214650070407296,0.03501375831816456,0.025427879691198522,0.06034043077361003,0.0018411104631087668,0.1571251332413043
Wb7130727df9f1e840003,0.005930529043362704,0.003677280862474663,0.04353494391605199,0.020226385250843956,0.01807624367507429,0.0030172954371317125,0.06567547314538277,0.04214650070407296,0.03501375831816456,0.025427879691198522,0.06034043077361003,0.0018411104631087668,0.1571251332413043
Wb7130727df9f1e840004,0.005930529043362704,0.003677280862474663,0.04353494391605199,0.020226385250843956,0.01807624367507429,0.0030172954371317125,0.06567547314538277,0.04214650070407296,0.03501375831816456,0.025427879691198522,0.06034043077361003,0.0018411104631087668,0.1571251332413043
Wb7130727df9f1e840005,0.005930529043362704,0.003677280862474663,0.04353494391605199,0.020226385250843956,0.01807624367507429,0.0030172954371317125,0.06567547314538277,0.04214650070407296,0.03501375831816456,0.025427879691198522,0.06034043077361003,0.0018411104631087668,0.1571251332413043
Wb7130727df9f1e840006,0.005930529043362704,0.003677280862474663,0.04353494391605199,0.020226385250843956,0.01807624367507429,0.0030172954371317125,0.06567547314538277,0.04214650070407296,0.03501375831816456,0.025427879691198522,0.06034043077361003,0.0018411104631087668,0.1571251332413043
Wb744190a6f40adfd0000,0.01663651734279368,0.0021724295122246477,0.0974709448592068,0.24539672366193085,0.07340712989449936,0.07575655937881207,0.018127417547228637,0.04852968139835999,0.010469946381877239,0.24664964317615917,0.020654986447430225,0.01001909084167599,0.013108625875728638
Wb744190a6f40adfd0001,0.01663651734279368,0.0021724295122246477,0.0974709448592068,0.24539672366193085,0.07340712989449936,0.07575655937881207,0.018127417547228637,0.04852968139835999,0.010469946381877239,0.24664964317615917,0.020654986447430225,0.01001909084167599,0.013108625875728638
Wb744190a6f40adfd0002,0.01663651734279368,0.0021724295122246477,0.0974709448592068,0.24539672366193085,0.07340712989449936,0.07575655937881207,0.018127417547228637,0.04852968139835999,0.010469946381877239,0.24664964317615917,0.020654986447430225,0.01001909084167599,0.013108625875728638
Wb744190a6f40adfd0003,0.01663651734279368,0.0021724295122246477,0.0974709448592068,0.24539672366193085,0.07340712989449936,0.07575655937881207,0.018127417547228637,0.04852968139835999,0.010469946381877239,0.24664964317615917,0.020654986447430225,0.01001909084167599,0.013108625875728638
Wb744190a6f40adfd0004,0.01663651734279368,0.0021724295122246477,0.0974709448592068,0.24539672366193085,0.07340712989449936,0.07575655937881207,0.018127417547228637,0.04852968139835999,0.010469946381877239,0.24664964317615917,0.020654986447430225,0.01001909084167599,0.013108625875728638
Wb744190a6f40adfd0005,0.01663651734279368,0.0021724295122246477,0.0974709448592068,0.24539672366193085,0.07340712989449936,0.07575655937881207,0.018127417547228637,0.04852968139835999,0.010469946381877239,0.24664964317615917,0.020654986447430225,0.01001909084167599,0.013108625875728638
Wb744190a6f40adfd0006,0.01663651734279368,0.0021724295122246477,0.0974709448592068,0.24539672366193085,0.07340712989449936,0.07575655937881207,0.018127417547228637,0.04852968139835999,0.010469946381877239,0.24664964317615917,0.020654986447430225,0.01001909084167599,0.013108625875728638
Wb778ed4071abe0380000,0.018521328535136897,0.007796365080365756,0.03429500188731392,0.036627779671915994,0.02497952048665479,0.005605764269615134,0.07170753180623766,0.06966562566833556,0.052008150502435194,0.047721114848824166,0.08763347833558963,0.007838634992386923,0.12510219986703724
Wb778ed4071abe0380001,0.018521328535136897,0.007796365080365756,0.03429500188731392,0.036627779671915994,0.02497952048665479,0.005605764269615134,0.07170753180623766,0.06966562566833556,0.052008150502435194,0.047721114848824166,0.08763347833558963,0.007838634992386923,0.12510219986703724
Wb778ed4071abe0380002,0.018521328535136897,0.007796365080365756,0.03429500188731392,0.036627779671915994,0.02497952048665479,0.005605764269615134,0.07170753180623766,0.06966562566833556,0.052008150502435194,0.047721114848824166,0.08763347833558963,0.007838634992386923,0.12510219986703724
Wb778ed4071abe0380003,0.018521328535136897,0.007796365080365756,0.03429500188731392,0.036627779671915994,0.02497952048665479,0.005605764269615134,0.07170753180623766,0.06966562566833556,0.052008150502435194,0.047721114848824166,0.08763347833558963,0.007838634992386923,0.12510219986703724
Wb778ed4071abe0380004,0.018521328535136897,0.007796365080365756,0.03429500188731392,0.036627779671915994,0.02497952048665479,0.005605764269615134,0.07170753180623766,0.06966562566833556,0.052008150502435194,0.047721114848824166,0.08763347833558963,0.007838634992386923,0.12510219986703724
Wb778ed4071abe0380005,0.018521328535136897,0.007796365080365756,0.03429500188731392,0.036627779671915994,0.02497952048665479,0.005605764269615134,0.07170753180623766,0.06966562566833556,0.052008150502435194,0.047721114848824166,0.08763347833558963,0.007838634992386923,0.12510219986703724
Wb778ed4071abe0380006,0.018521328535136897,0.007796365080365756,0.03429500188731392,0.036627779671915994,0.02497952048665479,0.005605764269615134,0.07170753180623766,0.06966562566833556,0.052008150502435194,0.047721114848824166,0.08763347833558963,0.007838634992386923,0.12510219986703724
Wbb8c4883dd3019a00000,0.021795407008422796,0.001570977515881022,0.622476340052824,0.065836915601,0.09456551779749119,0.027068048443883424,0.019924893765945712,0.06748093276198325,0.005133496368435334,0.01614329711403152,0.009475621084340824,0.030181752939697878,0.0036672849603739273
Wbb8c4883dd3019a00001,0.021795407008422796,0.001570977515881022,0.622476340052824,0.065836915601,0.09456551779749119,0.027068048443883424,0.019924893765945712,0.06748093276198325,0.005133496368435334,0.01614329711403152,0.009475621084340824,0.030181752939697878,0.0036672849603739273
Wbb8c4883dd3019a00002,0.021795407008422796,0.001570977515881022,0.622476340052824,0.065836915601,0.09456551779749119,0.027068048443883424,0.019924893765945712,0.06748093276198325,0.005133496368435334,0.01614329711403152,0.009475621084340824,0.030181752939697878,0.0036672849603739273
Wbb8c4883dd3019a00003,0.021795407008422796,0.001570977515881022,0.622476340052824,0.065836915601,0.09456551779749119,0.027068048443883424,0.019924893765945712,0.06748093276198325,0.005133496368435334,0.01614329711403152,0.009475621084340824,0.030181752939697878,0.0036672849603739273
Wbb8c4883dd3019a00004,0.021795407008422796,0.001570977515881022,0.622476340052824,0.065836915601,0.09456551779749119,0.027068048443883424,0.019924893765945712,0.06748093276198325,0.005133496368435334,0.01614329711403152,0.009475621084340824,0.030181752939697878,0.0036672849603739273
Wbb8c4883dd3019a00005,0.021795407008422796,0.001570977515881022,0.622476340052824,0.065836915601,0.09456551779749119,0.027068048443883424,0.019924893765945712,0.06748093276198325,0.005133496368435334,0.01614329711403152,0.009475621084340824,0.030181752939697878,0.0036672849603739273
Wbb8c4883dd3019a00006,0.021795407008422796,0.001570977515881022,0.622476340052824,0.065836915601,0.09456551779749119,0.027068048443883424,0.019924893765945712,0.06748093276198325,0.005133496368435334,0.01614329711403152,0.009475621084340824,0.030181752939697878,0.0036672849603739273
Wbc1297dd69eb83c70000,0.0017939264416097648,0.02168109442150716,0.022916691134089614,0.019296969013548496,0.01668286046388404,0.009006236894240833,0.7966313500402946,0.007926533512533801,0.005422007705742896,0.006197930446019081,0.029812871622905485,0.002768183624030365,0.019244108837072543
Wbc1297dd69eb83c70001,0.0017939264416097648,0.02168109442150716,0.022916691134089614,0.019296969013548496,0.01668286046388404,0.009006236894240833,0.7966313500402946,0.007926533512533801,0.005422007705742896,0.006197930446019081,0.029812871622905485,0.002768183624030365,0.019244108837072543
Wbc1297dd69eb83c70002,0.0017939264416097648,0.02168109442150716,0.022916691134089614,0.019296969013548496,0.01668286046388404,0.009006236894240833,0.7966313500402946,0.007926533512533801,0.005422007705742896,0.006197930446019081,0.029812871622905485,0.002768183624030365,0.019244108837072543
Wbc1297dd69eb83c70003,0.0017939264416097648,0.02168109442150716,0.022916691134089614,0.019296969013548496,0.01668286046388404,0.009006236894240833,0.7966313500402946,0.007926533512533801,0.005422007705742896,0.006197930446019081,0.029812871622905485,0.002768183624030365,0.019244108837072543
Wbc1297dd69eb83c70004,0.0017939264416097648,0.02168109442150716,0.022916691134089614,0.019296969013548496,0.01668286046388404,0.009006236894240833,0.7966313500402946,0.007926533512533801,0.005422007705742896,0.006197930446019081,0.029812871622905485,0.002768183624030365,0.019244108837072543
Wbc1297dd69eb83c70005,0.0017939264416097648,0.02168109442150716,0.022916691134089614,0.019296969013548496,0.01668286046388404,0.009006236894240833,0.7966313500402946,0.007926533512533801,0.005422007705742896,0.006197930446019081,0.029812871622905485,0.002768183624030365,0.019244108837072543
Wbc1297dd69eb83c70006,0.0017939264416097648,0.02168109442150716,0.022916691134089614,0.019296969013548496,0.01668286046388404,0.009006236894240833,0.7966313500402946,0.007926533512533801,0.005422007705742896,0.006197930446019081,0.029812871622905485,0.002768183624030365,0.019244108837072543
Wbc29bbe3ceddcefb0000,0.0033076280146546707,0.006535224384507814,0.031042076552174464,0.008057253361964504,0.004165696821618063,0.009832283893983421,0.00501679855806097,0.08759727725003112,0.2893054532231289,0.1600041670266525,0.2887736254013525,0.0022743939485923583,0.06652040680355337
Wbc29bbe3ceddcefb0001,0.0033076280146546707,0.006535224384507814,0.031042076552174464,0.008057253361964504,0.004165696821618063,0.009832283893983421,0.00501679855806097,0.08759727725003112,0.2893054532231289,0.1600041670266525,0.2887736254013525,0.0022743939485923583,0.06652040680355337
Wbc29bbe3ceddcefb0002,0.0033076280146546707,0.006535224384507814,0.031042076552174464,0.008057253361964504,0.004165696821618063,0.009832283893983421,0.00501679855806097,0.08759727725003112,0.2893054532231289,0.1600041670266525,0.2887736254013525,0.0022743939485923583,0.06652040680355337
Wbc29bbe3ceddcefb0003,0.0033076280146546707,0.006535224384507814,0.031042076552174464,0.008057253361964504,0.004165696821618063,0.009832283893983421,0.00501679855806097,0.08759727725003112,0.2893054532231289,0.1600041670266525,0.2887736254013525,0.0022743939485923583,0.06652040680355337
Wbc29bbe3ceddcefb0004,0.0033076280146546707,0.006535224384507814,0.031042076552174464,0.008057253361964504,0.004165696821618063,0.009832283893983421,0.00501679855806097,0.08759727725003112,0.2893054532231289,0.1600041670266525,0.2887736254013525,0.0022743939485923583,0.06652040680355337
Wbc29bbe3ceddcefb0005,0.0033076280146546707,0.006535224384507814,0.031042076552174464,0.008057253361964504,0.004165696821618063,0.009832283893983421,0.00501679855806097,0.08759727725003112,0.2893054532231289,0.1600041670266525,0.2887736254013525,0.0022743939485923583,0.06652040680355337
Wbc29bbe3ceddcefb0006,0.0033076280146546707,0.006535224384507814,0.031042076552174464,0.008057253361964504,0.004165696821618063,0.009832283893983421,0.00501679855806097,0.08759727725003112,0.2893054532231289,0.1600041670266525,0.2887736254013525,0.0022743939485923583,0.06652040680355337
Wbc43cd69cb14bab70000,0.023817012854378133,0.002133873400716595,0.04236619455484142,0.023985716724297175,0.021288544231204846,0.5165096934589971,0.011849539800214168,0.0064338553140917305,0.0016616806948462452,0.006784396015598309,0.0018674983942776292,0.33080075770249384,0.003255215975215303
Wbc43cd69cb14bab70001,0.023817012854378133,0.002133873400716595,0.04236619455484142,0.023985716724297175,0.021288544231204846,0.5165096934589971,0.011849539800214168,0.0064338553140917305,0.0016616806948462452,0.006784396015598309,0.0018674983942776292,0.33080075770249384,0.003255215975215303
Wbc43cd69cb14bab70002,0.023817012854378133,0.002133873400716595,0.04236619455484142,0.023985716724297175,0.021288544231204846,0.5165096934589971,0.011849539800214168,0.0064338553140917305,0.0016616806948462452,0.006784396015598309,0.0018674983942776292,0.33080075770249384,0.003255215975215303
Wbc43cd69cb14bab70003,0.023817012854378133,0.002133873400716595,0.04236619455484142,0.023985716724297175,0.021288544231204846,0.5165096934589971,0.011849539800214168,0.0064338553140917305,0.0016616806948462452,0.006784396015598309,0.0018674983942776292,0.33080075770249384,0.003255215975215303
Wbc43cd69cb14bab70004,0.023817012854378133,0.002133873400716595,0.04236619455484142,0.023985716724297175,0.021288544231204846,0.5165096934589971,0.011849539800214168,0.0064338553140917305,0.0016616806948462452,0.006784396015598309,0.0018674983942776292,0.33080075770249384,0.003255215975215303
Wbc43cd69cb14bab70005,0.023817012854378133,0.002133873400716595,0.04236619455484142,0.023985716724297175,0.021288544231204846,0.5165096934589971,0.011849539800214168,0.0064338553140917305,0.0016616806948462452,0.006784396015598309,0.0018674983942776292,0.33080075770249384,0.003255215975215303
Wbc43cd69cb14bab70006,0.023817012854378133,0.002133873400716595,0.04236619455484142,0.023985716724297175,0.021288544231204846,0.5165096934589971,0.011849539800214168,0.0064338553140917305,0.0016616806948462452,0.006784396015598309,0.0018674983942776292,0.33080075770249384,0.003255215975215303
Wbdd0baed9376e5c00000,0.7836529566585198,0.0008437712471409199,0.007161079365463108,0.01632158105519997,0.0034524113802471496,0.004546932394998031,0.008423488935579147,0.005423912092090117,0.003311734007312181,0.08477076349645042,0.0015578524246796413,0.006381644791860662,0.04054494723111766
Wbdd0baed9376e5c00001,0.7836529566585198,0.0008437712471409199,0.007161079365463108,0.01632158105519997,0.0034524113802471496,0.004546932394998031,0.008423488935579147,0.005423912092090117,0.003311734007312181,0.08477076349645042,0.0015578524246796413,0.006381644791860662,0.04054494723111766
Wbdd0baed9376e5c00002,0.7836529566585198,0.0008437712471409199,0.007161079365463108,0.01632158105519997,0.0034524113802471496,0.004546932394998031,0.008423488935579147,0.005423912092090117,0.003311734007312181,0.08477076349645042,0.0015578524246796413,0.006381644791860662,0.04054494723111766
Wbdd0baed9376e5c00003,0.7836529566585198,0.0008437712471409199,0.007161079365463108,0.01632158105519997,0.0034524113802471496,0.004546932394998031,0.008423488935579147,0.005423912092090117,0.003311734007312181,0.08477076349645042,0.0015578524246796413,0.006381644791860662,0.04054494723111766
Wbdd0baed9376e5c00004,0.7836529566585198,0.0008437712471409199,0.007161079365463108,0.01632158105519997,0.0034524113802471496,0.004546932394998031,0.008423488935579147,0.005423912092090117,0.003311734007312181,0.08477076349645042,0.0015578524246796413,0.006381644791860662,0.04054494723111766
Wbdd0baed9376e5c00005,0.7836529566585198,0.0008437712471409199,0.007161079365463108,0.01632158105519997,0.0034524113802471496,0.004546932394998031,0.008423488935579147,0.005423912092090117,0.003311734007312181,0.08477076349645042,0.0015578524246796413,0.006381644791860662,0.04054494723111766
Wbdd0baed9376e5c00006,0.7836529566585198,0.0008437712471409199,0.007161079365463108,0.01632158105519997,0.0034524113802471496,0.004546932394998031,0.008423488935579147,0.005423912092090117,0.003311734007312181,0.08477076349645042,0.0015578524246796413,0.006381644791860662,0.04054494723111766
Wbde569410fe8e49f0000,0.012418544783468249,0.00202116182972558,0.09344975913144572,0.045423728222647335,0.027674331745572277,0.020276965283517332,0.017376729692435994,0.0176460728791613,0.013517387417564388,0.10632044818400777,0.014975418206183892,0.003165439190000254,0.06115538895385557
Wbde569410fe8e49f0001,0.012418544783468249,0.00202116182972558,0.09344975913144572,0.045423728222647335,0.027674331745572277,0.020276965283517332,0.017376729692435994,0.0176460728791613,0.013517387417564388,0.10632044818400777,0.014975418206183892,0.003165439190000254,0.06115538895385557
Wbde569410fe8e49f0002,0.012418544783468249,0.00202116182972558,0.09344975913144572,0.045423728222647335,0.027674331745572277,0.020276965283517332,0.017376729692435994,0.0176460728791613,0.013517387417564388,0.10632044818400777,0.014975418206183892,0.003165439190000254,0.06115538895385557
Wbde569410fe8e49f0003,0.012418544783468249,0.00202116182972558,0.09344975913144572,0.045423728222647335,0.027674331745572277,0.020276965283517332,0.017376729692435994,0.0176460728791613,0.013517387417564388,0.10632044818400777,0.014975418206183892,0.003165439190000254,0.06115538895385557
Wbde569410fe8e49f0004,0.012418544783468249,0.00202116182972558,0.09344975913144572,0.045423728222647335,0.027674331745572277,0.020276965283517332,0.017376729692435994,0.0176460728791613,0.013517387417564388,0.10632044818400777,0.014975418206183892,0.003165439190000254,0.06115538895385557
Wbde569410fe8e49f0005,0.012418544783468249,0.00202116182972558,0.09344975913144572,0.045423728222647335,0.027674331745572277,0.020276965283517332,0.017376729692435994,0.0176460728791613,0.013517387417564388,0.10632044818400777,0.014975418206183892,0.003165439190000254,0.06115538895385557
Wbde569410fe8e49f0006,0.012418544783468249,0.00202116182972558,0.09344975913144572,0.045423728222647335,0.027674331745572277,0.020276965283517332,0.017376729692435994,0.0176460728791613,0.013517387417564388,0.10632044818400777,0.014975418206183892,0.003165439190000254,0.06115538895385557
Wbeaec377d94993050000,0.0019678138321651078,0.00029318190465974647,0.004324064793070252,0.006016307840422373,0.008401107723604787,0.510819452206477,0.0006980911230515755,0.011625554584040779,0.0007886488854305602,8.62730882640042e-05,0.0007962009485952353,0.45230799211962625,0.001601305679934345
Wbeaec377d94993050001,0.0019678138321651078,0.00029318190465974647,0.004324064793070252,0.006016307840422373,0.008401107723604787,0.510819452206477,0.0006980911230515755,0.011625554584040779,0.0007886488854305602,8.62730882640042e-05,0.0007962009485952353,0.45230799211962625,0.001601305679934345
Wbeaec377d94993050002,0.0019678138321651078,0.00029318190465974647,0.004324064793070252,0.006016307840422373,0.008401107723604787,0.510819452206477,0.0006980911230515755,0.011625554584040779,0.0007886488854305602,8.62730882640042e-05,0.0007962009485952353,0.45230799211962625,0.001601305679934345
Wbeaec377d94993050003,0.0019678138321651078,0.00029318190465974647,0.004324064793070252,0.006016307840422373,0.008401107723604787,0.510819452206477,0.0006980911230515755,0.011625554584040779,0.0007886488854305602,8.62730882640042e-05,0.0007962009485952353,0.45230799211962625,0.001601305679934345
Wbeaec377d94993050004,0.0019678138321651078,0.00029318190465974647,0.004324064793070252,0.006016307840422373,0.008401107723604787,0.510819452206477,0.0006980911230515755,0.011625554584040779,0.0007886488854305602,8.62730882640042e-05,0.0007962009485952353,0.45230799211962625,0.001601305679934345
Wbeaec377d94993050005,0.0019678138321651078,0.00029318190465974647,0.004324064793070252,0.006016307840422373,0.008401107723604787,0.510819452206477,0.0006980911230515755,0.011625554584040779,0.0007886488854305602,8.62730882640042e-05,0.0007962009485952353,0.45230799211962625,0.001601305679934345
Wbeaec377d94993050006,0.0019678138321651078,0.00029318190465974647,0.004324064793070252,0.006016307840422373,0.008401107723604787,0.510819452206477,0.0006980911230515755,0.011625554584040779,0.0007886488854305602,8.62730882640042e-05,0.0007962009485952353,0.45230799211962625,0.001601305679934345
Wbef72f581e29cf990000,0.007317551443207035,0.011839747933570632,0.06901797637838356,0.038483476656360795,0.02182222456897242,0.028559099529734372,0.7157876172461471,0.007137208395073458,0.007435061823339754,0.011175686935379903,0.012865450254089476,0.0068434856825233805,0.014210530514353921
Wbef72f581e29cf990001,0.007317551443207035,0.011839747933570632,0.06901797637838356,0.038483476656360795,0.02182222456897242,0.028559099529734372,0.7157876172461471,0.007137208395073458,0.007435061823339754,0.011175686935379903,0.012865450254089476,0.0068434856825233805,0.014210530514353921
Wbef72f581e29cf990002,0.007317551443207035,0.011839747933570632,0.06901797637838356,0.038483476656360795,0.02182222456897242,0.028559099529734372,0.7157876172461471,0.007137208395073458,0.007435061823339754,0.011175686935379903,0.012865450254089476,0.0068434856825233805,0.014210530514353921
Wbef72f581e29cf990003,0.007317551443207035,0.011839747933570632,0.06901797637838356,0.038483476656360795,0.02182222456897242,0.028559099529734372,0.7157876172461471,0.007137208395073458,0.007435061823339754,0.011175686935379903,0.012865450254089476,0.0068434856825233805,0.014210530514353921
Wbef72f581e29cf990004,0.007317551443207035,0.011839747933570632,0.06901797637838356,0.038483476656360795,0.02182222456897242,0.028559099529734372,0.7157876172461471,0.007137208395073458,0.007435061823339754,0.011175686935379903,0.012865450254089476,0.0068434856825233805,0.014210530514353921
Wbef72f581e29cf990005,0.007317551443207035,0.011839747933570632,0.06901797637838356,0.038483476656360795,0.02182222456897242,0.028559099529734372,0.7157876172461471,0.007137208395073458,0.007435061823339754,0.011175686935379903,0.012865450254089476,0.0068434856825233805,0.014210530514353921
Wbef72f581e29cf990006,0.007317551443207035,0.011839747933570632,0.06901797637838356,0.038483476656360795,0.02182222456897242,0.028559099529734372,0.7157876172461471,0.007137208395073458,0.007435061823339754,0.011175686935379903,0.012865450254089476,0.0068434856825233805,0.014210530514353921
Wc132f976421ef79e0000,0.008113009470232394,0.001812990194557605,0.09607437738607119,0.02583442450552547,0.00959367868521327,0.02007574263909018,0.009757927596988061,0.039356851969416656,0.0611302275065872,0.3196618418795068,0.0915795681790877,0.00483439842282273,0.10727503551428026
Wc132f976421ef79e0001,0.008113009470232394,0.001812990194557605,0.09607437738607119,0.02583442450552547,0.00959367868521327,0.02007574263909018,0.009757927596988061,0.039356851969416656,0.0611302275065872,0.3196618418795068,0.0915795681790877,0.00483439842282273,0.10727503551428026
Wc132f976421ef79e0002,0.008113009470232394,0.001812990194557605,0.09607437738607119,0.02583442450552547,0.00959367868521327,0.02007574263909018,0.009757927596988061,0.039356851969416656,0.0611302275065872,0.3196618418795068,0.0915795681790877,0.00483439842282273,0.10727503551428026
Wc132f976421ef79e0003,0.008113009470232394,0.001812990194557605,0.09607437738607119,0.02583442450552547,0.00959367868521327,0.02007574263909018,0.009757927596988061,0.039356851969416656,0.0611302275065872,0.3196618418795068,0.0915795681790877,0.00483439842282273,0.10727503551428026
Wc132f976421ef79e0004,0.008113009470232394,0.001812990194557605,0.09607437738607119,0.02583442450552547,0.00959367868521327,0.02007574263909018,0.009757927596988061,0.039356851969416656,0.0611302275065872,0.3196618418795068,0.0915795681790877,0.00483439842282273,0.10727503551428026
Wc132f976421ef79e0005,0.008113009470232394,0.001812990194557605,0.09607437738607119,0.02583442450552547,0.00959367868521327,0.02007574263909018,0.009757927596988061,0.039356851969416656,0.0611302275065872,0.3196618418795068,0.0915795681790877,0.00483439842282273,0.10727503551428026
Wc132f976421ef79e0006,0.008113009470232394,0.001812990194557605,0.09607437738607119,0.02583442450552547,0.00959367868521327,0.02007574263909018,0.009757927596988061,0.039356851969416656,0.0611302275065872,0.3196618418795068,0.0915795681790877,0.00483439842282273,0.10727503551428026
Wc446c80bb89bb5ff0000,0.8452307074247234,0.0026998568161598316,0.0273708528895709,0.00945683268891466,0.005897951622551677,0.007300485103854721,0.017094494972747756,0.032136978542974155,0.0010247907278328897,0.024595629650429027,0.001984489314577424,0.004271155485911859,0.006525459223418426
Wc446c80bb89bb5ff0001,0.8452307074247234,0.0026998568161598316,0.0273708528895709,0.00945683268891466,0.005897951622551677,0.007300485103854721,0.017094494972747756,0.032136978542974155,0.0010247907278328897,0.024595629650429027,0.001984489314577424,0.004271155485911859,0.006525459223418426
Wc446c80bb89bb5ff0002,0.8452307074247234,0.0026998568161598316,0.0273708528895709,0.00945683268891466,0.005897951622551677,0.007300485103854721,0.017094494972747756,0.032136978542974155,0.0010247907278328897,0.024595629650429027,0.001984489314577424,0.004271155485911859,0.006525459223418426
Wc446c80bb89bb5ff0003,0.8452307074247234,0.0026998568161598316,0.0273708528895709,0.00945683268891466,0.005897951622551677,0.007300485103854721,0.017094494972747756,0.032136978542974155,0.0010247907278328897,0.024595629650429027,0.001984489314577424,0.004271155485911859,0.006525459223418426
Wc446c80bb89bb5ff0004,0.8452307074247234,0.0026998568161598316,0.0273708528895709,0.00945683268891466,0.005897951622551677,0.007300485103854721,0.017094494972747756,0.032136978542974155,0.0010247907278328897,0.024595629650429027,0.001984489314577424,0.004271155485911859,0.006525459223418426
Wc446c80bb89bb5ff0005,0.8452307074247234,0.0026998568161598316,0.0273708528895709,0.00945683268891466,0.005897951622551677,0.007300485103854721,0.017094494972747756,0.032136978542974155,0.0010247907278328897,0.024595629650429027,0.001984489314577424,0.004271155485911859,0.006525459223418426
Wc446c80bb89bb5ff0006,0.8452307074247234,0.0026998568161598316,0.0273708528895709,0.00945683268891466,0.005897951622551677,0.007300485103854721,0.017094494972747756,0.032136978542974155,0.0010247907278328897,0.024595629650429027,0.001984489314577424,0.004271155485911859,0.006525459223418426
Wc4d73b3dd10bb6550000,0.04417464545411769,0.11563611006188212,0.01748546313071829,0.023259110859867323,0.11998130908730441,0.043913274264476075,0.025559290748778267,0.10062899133723964,0.028888876890104734,0.07551591210140267,0.2625883787922281,0.027168887357535698,0.047178052532639354
Wc4d73b3dd10bb6550001,0.04417464545411769,0.11563611006188212,0.01748546313071829,0.023259110859867323,0.11998130908730441,0.043913274264476075,0.025559290748778267,0.10062899133723964,0.028888876890104734,0.07551591210140267,0.2625883787922281,0.027168887357535698,0.047178052532639354
Wc4d73b3dd10bb6550002,0.04417464545411769,0.11563611006188212,0.01748546313071829,0.023259110859867323,0.11998130908730441,0.043913274264476075,0.025559290748778267,0.10062899133723964,0.028888876890104734,0.07551591210140267,0.2625883787922281,0.027168887357535698,0.047178052532639354
Wc4d73b3dd10bb6550003,0.04417464545411769,0.11563611006188212,0.01748546313071829,0.023259110859867323,0.11998130908730441,0.043913274264476075,0.025559290748778267,0.10062899133723964,0.028888876890104734,0.07551591210140267,0.2625883787922281,0.027168887357535698,0.047178052532639354
Wc4d73b3dd10bb6550004,0.04417464545411769,0.11563611006188212,0.01748546313071829,0.023259110859867323,0.11998130908730441,0.043913274264476075,0.025559290748778267,0.10062899133723964,0.028888876890104734,0.07551591210140267,0.2625883787922281,0.027168887357535698,0.047178052532639354
Wc4d73b3dd10bb6550005,0.04417464545411769,0.11563611006188212,0.01748546313071829,0.023259110859867323,0.11998130908730441,0.043913274264476075,0.025559290748778267,0.10062899133723964,0.028888876890104734,0.07551591210140267,0.2625883787922281,0.027168887357535698,0.047178052532639354
Wc4d73b3dd10bb6550006,0.04417464545411769,0.11563611006188212,0.01748546313071829,0.023259110859867323,0.11998130908730441,0.043913274264476075,0.025559290748778267,0.10062899133723964,0.028888876890104734,0.07551591210140267,0.2625883787922281,0.027168887357535698,0.047178052532639354
Wc57515d8229271fc0000,0.002895190572610796,0.8992886300838587,0.00011285768886120567,0.0014997382377210631,0.00022998212884078512,0.0002095716825673507,0.003203966571651907,0.011462437128083855,0.054226626235268124,0.001682857989746832,0.02230406756036819,0.0017733873364872213,0.0002647394886483054
Wc57515d8229271fc0001,0.002895190572610796,0.8992886300838587,0.00011285768886120567,0.0014997382377210631,0.00022998212884078512,0.0002095716825673507,0.003203966571651907,0.011462437128083855,0.054226626235268124,0.001682857989746832,0.02230406756036819,0.0017733873364872213,0.0002647394886483054
Wc57515d8229271fc0002,0.002895190572610796,0.8992886300838587,0.00011285768886120567,0.0014997382377210631,0.00022998212884078512,0.0002095716825673507,0.003203966571651907,0.011462437128083855,0.054226626235268124,0.001682857989746832,0.02230406756036819,0.0017733873364872213,0.0002647394886483054
Wc57515d8229271fc0003,0.002895190572610796,0.8992886300838587,0.00011285768886120567,0.0014997382377210631,0.00022998212884078512,0.0002095716825673507,0.003203966571651907,0.011462437128083855,0.054226626235268124,0.001682857989746832,0.02230406756036819,0.0017733873364872213,0.0002647394886483054
Wc57515d8229271fc0004,0.002895190572610796,0.8992886300838587,0.00011285768886120567,0.0014997382377210631,0.00022998212884078512,0.0002095716825673507,0.003203966571651907,0.011462437128083855,0.054226626235268124,0.001682857989746832,0.02230406756036819,0.0017733873364872213,0.0002647394886483054
Wc57515d8229271fc0005,0.002895190572610796,0.8992886300838587,0.00011285768886120567,0.0014997382377210631,0.00022998212884078512,0.0002095716825673507,0.003203966571651907,0.011462437128083855,0.054226626235268124,0.001682857989746832,0.02230406756036819,0.0017733873364872213,0.0002647394886483054
Wc57515d8229271fc0006,0.002895190572610796,0.8992886300838587,0.00011285768886120567,0.0014997382377210631,0.00022998212884078512,0.0002095716825673507,0.003203966571651907,0.011462437128083855,0.054226626235268124,0.001682857989746832,0.02230406756036819,0.0017733873364872213,0.0002647394886483054
Wc5996b4fa3dbcce70000,0.02088225196520856,0.0007208173257229751,0.3581910436480286,0.084734467450934,0.34570303621051884,0.04824415436003842,0.04724685776396529,0.006867981043664028,0.0038734693281252237,0.013326002276832763,0.006376003932064764,0.037677726465091016,0.008037361018603913
Wc5996b4fa3dbcce70001,0.02088225196520856,0.0007208173257229751,0.3581910436480286,0.084734467450934,0.34570303621051884,0.04824415436003842,0.04724685776396529,0.006867981043664028,0.0038734693281252237,0.013326002276832763,0.006376003932064764,0.037677726465091016,0.008037361018603913
Wc5996b4fa3dbcce70002,0.02088225196520856,0.0007208173257229751,0.3581910436480286,0.084734467450934,0.34570303621051884,0.04824415436003842,0.04724685776396529,0.006867981043664028,0.0038734693281252237,0.013326002276832763,0.006376003932064764,0.037677726465091016,0.008037361018603913
Wc5996b4fa3dbcce70003,0.02088225196520856,0.0007208173257229751,0.3581910436480286,0.084734467450934,0.34570303621051884,0.04824415436003842,0.04724685776396529,0.006867981043664028,0.0038734693281252237,0.013326002276832763,0.006376003932064764,0.037677726465091016,0.008037361018603913
Wc5996b4fa3dbcce70004,0.02088225196520856,0.0007208173257229751,0.3581910436480286,0.084734467450934,0.34570303621051884,0.04824415436003842,0.04724685776396529,0.006867981043664028,0.0038734693281252237,0.013326002276832763,0.006376003932064764,0.037677726465091016,0.008037361018603913
Wc5996b4fa3dbcce70005,0.02088225196520856,0.0007208173257229751,0.3581910436480286,0.084734467450934,0.34570303621051884,0.04824415436003842,0.04724685776396529,0.006867981043664028,0.0038734693281252237,0.013326002276832763,0.006376003932064764,0.037677726465091016,0.008037361018603913
Wc5996b4fa3dbcce70006,0.02088225196520856,0.0007208173257229751,0.3581910436480286,0.084734467450934,0.34570303621051884,0.04824415436003842,0.04724685776396529,0.006867981043664028,0.0038734693281252237,0.013326002276832763,0.006376003932064764,0.037677726465091016,0.008037361018603913
Wc5dabfe82b90ea9a0000,0.012452229293359944,0.0021444275845604933,0.0891610163470562,0.1759782852897889,0.436196269866213,0.04717150165696173,0.032555861779777824,0.018526512382792872,0.004203415428384686,0.0150207792124587,0.014794807823717664,0.004951426133810528,0.018877722676789162
Wc5dabfe82b90ea9a0001,0.012452229293359944,0.0021444275845604933,0.0891610163470562,0.1759782852897889,0.436196269866213,0.04717150165696173,0.032555861779777824,0.018526512382792872,0.004203415428384686,0.0150207792124587,0.014794807823717664,0.004951426133810528,0.018877722676789162
Wc5dabfe82b90ea9a0002,0.012452229293359944,0.0021444275845604933,0.0891610163470562,0.1759782852897889,0.436196269866213,0.04717150165696173,0.032555861779777824,0.018526512382792872,0.004203415428384686,0.0150207792124587,0.014794807823717664,0.004951426133810528,0.018877722676789162
Wc5dabfe82b90ea9a0003,0.012452229293359944,0.0021444275845604933,0.0891610163470562,0.1759782852897889,0.436196269866213,0.04717150165696173,0.032555861779777824,0.018526512382792872,0.004203415428384686,0.0150207792124587,0.014794807823717664,0.004951426133810528,0.018877722676789162
Wc5dabfe82b90ea9a0004,0.012452229293359944,0.0021444275845604933,0.0891610163470562,0.1759782852897889,0.436196269866213,0.04717150165696173,0.032555861779777824,0.018526512382792872,0.004203415428384686,0.0150207792124587,0.014794807823717664,0.004951426133810528,0.018877722676789162
Wc5dabfe82b90ea9a0005,0.012452229293359944,0.0021444275845604933,0.0891610163470562,0.1759782852897889,0.436196269866213,0.04717150165696173,0.032555861779777824,0.018526512382792872,0.004203415428384686,0.0150207792124587,0.014794807823717664,0.004951426133810528,0.018877722676789162
Wc5dabfe82b90ea9a0006,0.012452229293359944,0.0021444275845604933,0.0891610163470562,0.1759782852897889,0.436196269866213,0.04717150165696173,0.032555861779777824,0.018526512382792872,0.004203415428384686,0.0150207792124587,0.014794807823717664,0.004951426133810528,0.018877722676789162
Wc6ea7f21070970a90000,0.05944497272971511,0.6215496513633291,0.018240487294141253,0.01115299520188169,0.03638412583436733,0.008211510533785256,0.05981326086812142,0.030762969364652896,0.006163083700728597,0.029594922433118686,0.03237572669638006,0.009050799585514722,0.010274576813550373
Wc6ea7f21070970a90001,0.05944497272971511,0.6215496513633291,0.018240487294141253,0.01115299520188169,0.03638412583436733,0.008211510533785256,0.05981326086812142,0.030762969364652896,0.006163083700728597,0.029594922433118686,0.03237572669638006,0.009050799585514722,0.010274576813550373
Wc6ea7f21070970a90002,0.05944497272971511,0.6215496513633291,0.018240487294141253,0.01115299520188169,0.03638412583436733,0.008211510533785256,0.05981326086812142,0.030762969364652896,0.006163083700728597,0.029594922433118686,0.03237572669638006,0.009050799585514722,0.010274576813550373
Wc6ea7f21070970a90003,0.05944497272971511,0.6215496513633291,0.018240487294141253,0.01115299520188169,0.03638412583436733,0.008211510533785256,0.05981326086812142,0.030762969364652896,0.006163083700728597,0.029594922433118686,0.03237572669638006,0.009050799585514722,0.010274576813550373
Wc6ea7f21070970a90004,0.05944497272971511,0.6215496513633291,0.018240487294141253,0.01115299520188169,0.03638412583436733,0.008211510533785256,0.05981326086812142,0.030762969364652896,0.006163083700728597,0.029594922433118686,0.03237572669638006,0.009050799585514722,0.010274576813550373
Wc6ea7f21070970a90005,0.05944497272971511,0.6215496513633291,0.018240487294141253,0.01115299520188169,0.03638412583436733,0.008211510533785256,0.05981326086812142,0.030762969364652896,0.006163083700728597,0.029594922433118686,0.03237572669638006,0.009050799585514722,0.010274576813550373
Wc6ea7f21070970a90006,0.05944497272971511,0.6215496513633291,0.018240487294141253,0.01115299520188169,0.03638412583436733,0.008211510533785256,0.05981326086812142,0.030762969364652896,0.006163083700728597,0.029594922433118686,0.03237572669638006,0.009050799585514722,0.010274576813550373
Wc71266a645637d7b0000,0.02598601298177744,0.7786263874337206,0.022928480197580023,0.009248131191629766,0.022249083034788036,0.006529252298905245,0.023635732047769004,0.027730273701478958,0.00433094212528944,0.005164039891370509,0.02140726285856878,0.008424287664776148,0.0068619556880399404
Wc71266a645637d7b0001,0.02598601298177744,0.7786263874337206,0.022928480197580023,0.009248131191629766,0.022249083034788036,0.006529252298905245,0.023635732047769004,0.027730273701478958,0.00433094212528944,0.005164039891370509,0.02140726285856878,0.008424287664776148,0.0068619556880399404
Wc71266a645637d7b0002,0.02598601298177744,0.7786263874337206,0.022928480197580023,0.009248131191629766,0.022249083034788036,0.006529252298905245,0.023635732047769004,0.027730273701478958,0.00433094212528944,0.005164039891370509,0.02140726285856878,0.008424287664776148,0.0068619556880399404
Wc71266a645637d7b0003,0.02598601298177744,0.7786263874337206,0.022928480197580023,0.009248131191629766,0.022249083034788036,0.006529252298905245,0.023635732047769004,0.027730273701478958,0.00433094212528944,0.005164039891370509,0.02140726285856878,0.008424287664776148,0.0068619556880399404
Wc71266a645637d7b0004,0.02598601298177744,0.7786263874337206,0.022928480197580023,0.009248131191629766,0.022249083034788036,0.006529252298905245,0.023635732047769004,0.027730273701478958,0.00433094212528944,0.005164039891370509,0.02140726285856878,0.008424287664776148,0.0068619556880399404
Wc71266a645637d7b0005,0.02598601298177744,0.7786263874337206,0.022928480197580023,0.009248131191629766,0.022249083034788036,0.006529252298905245,0.023635732047769004,0.027730273701478958,0.00433094212528944,0.005164039891370509,0.02140726285856878,0.008424287664776148,0.0068619556880399404
Wc71266a645637d7b0006,0.02598601298177744,0.7786263874337206,0.022928480197580023,0.009248131191629766,0.022249083034788036,0.006529252298905245,0.023635732047769004,0.027730273701478958,0.00433094212528944,0.005164039891370509,0.02140726285856878,0.008424287664776148,0.0068619556880399404
Wc7ab4b9a55950dab0000,0.007010881670786459,0.019534808464044224,0.04165182210230045,0.01830028785677258,0.13760294541017967,0.006604398225528295,0.16194358405250223,0.034378259129626276,0.013717587245213929,0.0242598441362334,0.0766604731644063,0.008560169305719303,0.11908219346068792
Wc7ab4b9a55950dab0001,0.007010881670786459,0.019534808464044224,0.04165182210230045,0.01830028785677258,0.13760294541017967,0.006604398225528295,0.16194358405250223,0.034378259129626276,0.013717587245213929,0.0242598441362334,0.0766604731644063,0.008560169305719303,0.11908219346068792
Wc7ab4b9a55950dab0002,0.007010881670786459,0.019534808464044224,0.04165182210230045,0.01830028785677258,0.13760294541017967,0.006604398225528295,0.16194358405250223,0.034378259129626276,0.013717587245213929,0.0242598441362334,0.0766604731644063,0.008560169305719303,0.11908219346068792
Wc7ab4b9a55950dab0003,0.007010881670786459,0.019534808464044224,0.04165182210230045,0.01830028785677258,0.13760294541017967,0.006604398225528295,0.16194358405250223,0.034378259129626276,0.013717587245213929,0.0242598441362334,0.0766604731644063,0.008560169305719303,0.11908219346068792
Wc7ab4b9a55950dab0004,0.007010881670786459,0.019534808464044224,0.04165182210230045,0.01830028785677258,0.13760294541017967,0.006604398225528295,0.16194358405250223,0.034378259129626276,0.013717587245213929,0.0242598441362334,0.0766604731644063,0.008560169305719303,0.11908219346068792
Wc7ab4b9a55950dab0005,0.007010881670786459,0.019534808464044224,0.04165182210230045,0.01830028785677258,0.13760294541017967,0.006604398225528295,0.16194358405250223,0.034378259129626276,0.013717587245213929,0.0242598441362334,0.0766604731644063,0.008560169305719303,0.11908219346068792
Wc7ab4b9a55950dab0006,0.007010881670786459,0.019534808464044224,0.04165182210230045,0.01830028785677258,0.13760294541017967,0.006604398225528295,0.16194358405250223,0.034378259129626276,0.013717587245213929,0.0242598441362334,0.0766604731644063,0.008560169305719303,0.11908219346068792
Wc8ea48ec838d9beb0000,0.004907062922518446,0.005260896843715916,0.09469658942162389,0.037197464320783274,0.028524814294352708,0.04821836571474699,0.5554681497274648,0.009117483653588972,0.011157518789011906,0.010249557575692287,0.018194254483324453,0.01918141013792235,0.08727996356474105
Wc8ea48ec838d9beb0001,0.004907062922518446,0.005260896843715916,0.09469658942162389,0.037197464320783274,0.028524814294352708,0.04821836571474699,0.5554681497274648,0.009117483653588972,0.011157518789011906,0.010249557575692287,0.018194254483324453,0.01918141013792235,0.08727996356474105
Wc8ea48ec838d9beb0002,0.004907062922518446,0.005260896843715916,0.09469658942162389,0.037197464320783274,0.028524814294352708,0.04821836571474699,0.5554681497274648,0.009117483653588972,0.011157518789011906,0.010249557575692287,0.018194254483324453,0.01918141013792235,0.08727996356474105
Wc8ea48ec838d9beb0003,0.004907062922518446,0.005260896843715916,0.09469658942162389,0.037197464320783274,0.028524814294352708,0.04821836571474699,0.5554681497274648,0.009117483653588972,0.011157518789011906,0.010249557575692287,0.018194254483324453,0.01918141013792235,0.08727996356474105
Wc8ea48ec838d9beb0004,0.004907062922518446,0.005260896843715916,0.09469658942162389,0.037197464320783274,0.028524814294352708,0.04821836571474699,0.5554681497274648,0.009117483653588972,0.011157518789011906,0.010249557575692287,0.018194254483324453,0.01918141013792235,0.08727996356474105
Wc8ea48ec838d9beb0005,0.004907062922518446,0.005260896843715916,0.09469658942162389,0.037197464320783274,0.028524814294352708,0.04821836571474699,0.5554681497274648,0.009117483653588972,0.011157518789011906,0.010249557575692287,0.018194254483324453,0.01918141013792235,0.08727996356474105
Wc8ea48ec838d9beb0006,0.004907062922518446,0.005260896843715916,0.09469658942162389,0.037197464320783274,0.028524814294352708,0.04821836571474699,0.5554681497274648,0.009117483653588972,0.011157518789011906,0.010249557575692287,0.018194254483324453,0.01918141013792235,0.08727996356474105
Wca152ae15fea4f2e0000,0.014659870611459111,0.8905698235215931,0.01219666223155807,0.007450670474584452,0.008358180781263562,0.001924424426375107,0.024502211453162826,0.003769910539254301,0.0017125577632642627,0.002515180336034837,0.008840735397207351,0.006464913729328815,0.002967532658002931
Wca152ae15fea4f2e0001,0.014659870611459111,0.8905698235215931,0.01219666223155807,0.007450670474584452,0.008358180781263562,0.001924424426375107,0.024502211453162826,0.003769910539254301,0.0017125577632642627,0.002515180336034837,0.008840735397207351,0.006464913729328815,0.002967532658002931
Wca152ae15fea4f2e0002,0.014659870611459111,0.8905698235215931,0.01219666223155807,0.007450670474584452,0.008358180781263562,0.001924424426375107,0.024502211453162826,0.003769910539254301,0.0017125577632642627,0.002515180336034837,0.008840735397207351,0.006464913729328815,0.002967532658002931
Wca152ae15fea4f2e0003,0.014659870611459111,0.8905698235215931,0.01219666223155807,0.007450670474584452,0.008358180781263562,0.001924424426375107,0.024502211453162826,0.003769910539254301,0.0017125577632642627,0.002515180336034837,0.008840735397207351,0.006464913729328815,0.002967532658002931
Wca152ae15fea4f2e0004,0.014659870611459111,0.8905698235215931,0.01219666223155807,0.007450670474584452,0.008358180781263562,0.001924424426375107,0.024502211453162826,0.003769910539254301,0.0017125577632642627,0.002515180336034837,0.008840735397207351,0.006464913729328815,0.002967532658002931
Wca152ae15fea4f2e0005,0.014659870611459111,0.8905698235215931,0.01219666223155807,0.007450670474584452,0.008358180781263562,0.001924424426375107,0.024502211453162826,0.003769910539254301,0.0017125577632642627,0.002515180336034837,0.008840735397207351,0.006464913729328815,0.002967532658002931
Wca152ae15fea4f2e0006,0.014659870611459111,0.8905698235215931,0.01219666223155807,0.007450670474584452,0.008358180781263562,0.001924424426375107,0.024502211453162826,0.003769910539254301,0.0017125577632642627,0.002515180336034837,0.008840735397207351,0.006464913729328815,0.002967532658002931
Wcb6954925b3070d00000,0.004896925668459879,0.004592768551069024,0.061498654867067716,0.03202303485437306,0.04491592235625911,0.009856587506151879,0.017366247269351365,0.08966175204357962,0.20897785034158753,0.03825874367366104,0.38529310441434134,0.003824342863392772,0.025278386267239408
Wcb6954925b3070d00001,0.004896925668459879,0.004592768551069024,0.061498654867067716,0.03202303485437306,0.04491592235625911,0.009856587506151879,0.017366247269351365,0.08966175204357962,0.20897785034158753,0.03825874367366104,0.38529310441434134,0.003824342863392772,0.025278386267239408
Wcb6954925b3070d00002,0.004896925668459879,0.004592768551069024,0.061498654867067716,0.03202303485437306,0.04491592235625911,0.009856587506151879,0.017366247269351365,0.08966175204357962,0.20897785034158753,0.03825874367366104,0.38529310441434134,0.003824342863392772,0.025278386267239408
Wcb6954925b3070d00003,0.004896925668459879,0.004592768551069024,0.061498654867067716,0.03202303485437306,0.04491592235625911,0.009856587506151879,0.017366247269351365,0.08966175204357962,0.20897785034158753,0.03825874367366104,0.38529310441434134,0.003824342863392772,0.025278386267239408
Wcb6954925b3070d00004,0.004896925668459879,0.004592768551069024,0.061498654867067716,0.03202303485437306,0.04491592235625911,0.009856587506151879,0.017366247269351365,0.08966175204357962,0.20897785034158753,0.03825874367366104,0.38529310441434134,0.003824342863392772,0.025278386267239408
Wcb6954925b3070d00005,0.004896925668459879,0.004592768551069024,0.061498654867067716,0.03202303485437306,0.04491592235625911,0.009856587506151879,0.017366247269351365,0.08966175204357962,0.20897785034158753,0.03825874367366104,0.38529310441434134,0.003824342863392772,0.025278386267239408
Wcb6954925b3070d00006,0.004896925668459879,0.004592768551069024,0.061498654867067716,0.03202303485437306,0.04491592235625911,0.009856587506151879,0.017366247269351365,0.08966175204357962,0.20897785034158753,0.03825874367366104,0.38529310441434134,0.003824342863392772,0.025278386267239408
Wcbfffdfdecb25d9f0000,0.004673607064568383,0.0002155440882985327,0.7152024472090404,0.08859216191855417,0.04410035580651138,0.06610224283574731,0.01711153996978201,0.00033900012399434035,0.004156501618673973,0.007847781686934686,0.0007939106309597708,0.03323230121101257,0.008602654324818427
Wcbfffdfdecb25d9f0001,0.004673607064568383,0.0002155440882985327,0.7152024472090404,0.08859216191855417,0.04410035580651138,0.06610224283574731,0.01711153996978201,0.00033900012399434035,0.004156501618673973,0.007847781686934686,0.0007939106309597708,0.03323230121101257,0.008602654324818427
Wcbfffdfdecb25d9f0002,0.004673607064568383,0.0002155440882985327,0.7152024472090404,0.08859216191855417,0.04410035580651138,0.06610224283574731,0.01711153996978201,0.00033900012399434035,0.004156501618673973,0.007847781686934686,0.0007939106309597708,0.03323230121101257,0.008602654324818427
Wcbfffdfdecb25d9f0003,0.004673607064568383,0.0002155440882985327,0.7152024472090404,0.08859216191855417,0.04410035580651138,0.06610224283574731,0.01711153996978201,0.00033900012399434035,0.004156501618673973,0.007847781686934686,0.0007939106309597708,0.03323230121101257,0.008602654324818427
Wcbfffdfdecb25d9f0004,0.004673607064568383,0.0002155440882985327,0.7152024472090404,0.08859216191855417,0.04410035580651138,0.06610224283574731,0.01711153996978201,0.00033900012399434035,0.004156501618673973,0.007847781686934686,0.0007939106309597708,0.03323230121101257,0.008602654324818427
Wcbfffdfdecb25d9f0005,0.004673607064568383,0.0002155440882985327,0.7152024472090404,0.08859216191855417,0.04410035580651138,0.06610224283574731,0.01711153996978201,0.00033900012399434035,0.004156501618673973,0.007847781686934686,0.0007939106309597708,0.03323230121101257,0.008602654324818427
Wcbfffdfdecb25d9f0006,0.004673607064568383,0.0002155440882985327,0.7152024472090404,0.08859216191855417,0.04410035580651138,0.06610224283574731,0.01711153996978201,0.00033900012399434035,0.004156501618673973,0.007847781686934686,0.0007939106309597708,0.03323230121101257,0.008602654324818427
Wcc1d8419a2bafe770000,0.013927739367450315,0.0012425693448158495,0.029409713748262,0.02741885170873881,0.2850479612066767,0.02337317346563432,0.021375596845786056,0.09335114379549708,0.2627753261638993,0.021267497815777057,0.12885516150756748,0.0043107670741913484,0.007273608127250362
Wcc1d8419a2bafe770001,0.013927739367450315,0.0012425693448158495,0.029409713748262,0.02741885170873881,0.2850479612066767,0.02337317346563432,0.021375596845786056,0.09335114379549708,0.2627753261638993,0.021267497815777057,0.12885516150756748,0.0043107670741913484,0.007273608127250362
Wcc1d8419a2bafe770002,0.013927739367450315,0.0012425693448158495,0.029409713748262,0.02741885170873881,0.2850479612066767,0.02337317346563432,0.021375596845786056,0.09335114379549708,0.2627753261638993,0.021267497815777057,0.12885516150756748,0.0043107670741913484,0.007273608127250362
Wcc1d8419a2bafe770003,0.013927739367450315,0.0012425693448158495,0.029409713748262,0.02741885170873881,0.2850479612066767,0.02337317346563432,0.021375596845786056,0.09335114379549708,0.2627753261638993,0.021267497815777057,0.12885516150756748,0.0043107670741913484,0.007273608127250362
Wcc1d8419a2bafe770004,0.013927739367450315,0.0012425693448158495,0.029409713748262,0.02741885170873881,0.2850479612066767,0.02337317346563432,0.021375596845786056,0.09335114379549708,0.2627753261638993,0.021267497815777057,0.12885516150756748,0.0043107670741913484,0.007273608127250362
Wcc1d8419a2bafe770005,0.013927739367450315,0.0012425693448158495,0.029409713748262,0.02741885170873881,0.2850479612066767,0.02337317346563432,0.021375596845786056,0.09335114379549708,0.2627753261638993,0.021267497815777057,0.12885516150756748,0.0043107670741913484,0.007273608127250362
Wcc1d8419a2bafe770006,0.013927739367450315,0.0012425693448158495,0.029409713748262,0.02741885170873881,0.2850479612066767,0.02337317346563432,0.021375596845786056,0.09335114379549708,0.2627753261638993,0.021267497815777057,0.12885516150756748,0.0043107670741913484,0.007273608127250362
Wccb0089e24aa28300000,0.005743064955111134,0.12780895135400977,0.01499324558273032,0.03589788524920693,0.044893984486360054,0.0033363087808805708,0.018929440106205744,0.058388551912078444,0.06203748479296709,0.018432981562083624,0.37373818084211313,0.00776347286950919,0.04227831991032681
Wccb0089e24aa28300001,0.005743064955111134,0.12780895135400977,0.01499324558273032,0.03589788524920693,0.044893984486360054,0.0033363087808805708,0.018929440106205744,0.058388551912078444,0.06203748479296709,0.018432981562083624,0.37373818084211313,0.00776347286950919,0.04227831991032681
Wccb0089e24aa28300002,0.005743064955111134,0.12780895135400977,0.01499324558273032,0.03589788524920693,0.044893984486360054,0.0033363087808805708,0.018929440106205744,0.058388551912078444,0.06203748479296709,0.018432981562083624,0.37373818084211313,0.00776347286950919,0.04227831991032681
Wccb0089e24aa28300003,0.005743064955111134,0.12780895135400977,0.01499324558273032,0.03589788524920693,0.044893984486360054,0.0033363087808805708,0.018929440106205744,0.058388551912078444,0.06203748479296709,0.018432981562083624,0.37373818084211313,0.00776347286950919,0.04227831991032681
Wccb0089e24aa28300004,0.005743064955111134,0.12780895135400977,0.01499324558273032,0.03589788524920693,0.044893984486360054,0.0033363087808805708,0.018929440106205744,0.058388551912078444,0.06203748479296709,0.018432981562083624,0.37373818084211313,0.00776347286950919,0.04227831991032681
Wccb0089e24aa28300005,0.005743064955111134,0.12780895135400977,0.01499324558273032,0.03589788524920693,0.044893984486360054,0.0033363087808805708,0.018929440106205744,0.058388551912078444,0.06203748479296709,0.018432981562083624,0.37373818084211313,0.00776347286950919,0.04227831991032681
Wccb0089e24aa28300006,0.005743064955111134,0.12780895135400977,0.01499324558273032,0.03589788524920693,0.044893984486360054,0.0033363087808805708,0.018929440106205744,0.058388551912078444,0.06203748479296709,0.018432981562083624,0.37373818084211313,0.00776347286950919,0.04227831991032681
Wcdafd0c1c160088f0000,0.009195063131909546,0.0016894217640668016,0.08784058761357341,0.020591146433369165,0.015477928422146155,0.02010315065971366,0.06991274251492971,0.7202761250972198,0.004747462565824084,0.0037549671990692026,0.005844877099315728,0.016244437084919537,0.004847813752724077
Wcdafd0c1c160088f0001,0.009195063131909546,0.0016894217640668016,0.08784058761357341,0.020591146433369165,0.015477928422146155,0.02010315065971366,0.06991274251492971,0.7202761250972198,0.004747462565824084,0.0037549671990692026,0.005844877099315728,0.016244437084919537,0.004847813752724077
Wcdafd0c1c160088f0002,0.009195063131909546,0.0016894217640668016,0.08784058761357341,0.020591146433369165,0.015477928422146155,0.02010315065971366,0.06991274251492971,0.7202761250972198,0.004747462565824084,0.0037549671990692026,0.005844877099315728,0.016244437084919537,0.004847813752724077
Wcdafd0c1c160088f0003,0.009195063131909546,0.0016894217640668016,0.08784058761357341,0.020591146433369165,0.015477928422146155,0.02010315065971366,0.06991274251492971,0.7202761250972198,0.004747462565824084,0.0037549671990692026,0.005844877099315728,0.016244437084919537,0.004847813752724077
Wcdafd0c1c160088f0004,0.009195063131909546,0.0016894217640668016,0.08784058761357341,0.020591146433369165,0.015477928422146155,0.02010315065971366,0.06991274251492971,0.7202761250972198,0.004747462565824084,0.0037549671990692026,0.005844877099315728,0.016244437084919537,0.004847813752724077
Wcdafd0c1c160088f0005,0.009195063131909546,0.0016894217640668016,0.08784058761357341,0.020591146433369165,0.015477928422146155,0.02010315065971366,0.06991274251492971,0.7202761250972198,0.004747462565824084,0.0037549671990692026,0.005844877099315728,0.016244437084919537,0.004847813752724077
Wcdafd0c1c160088f0006,0.009195063131909546,0.0016894217640668016,0.08784058761357341,0.020591146433369165,0.015477928422146155,0.02010315065971366,0.06991274251492971,0.7202761250972198,0.004747462565824084,0.0037549671990692026,0.005844877099315728,0.016244437084919537,0.004847813752724077
Wce11436042f2d8240000,0.0071304008311087585,0.0019797744248523804,0.03829960547397682,0.0372301739842871,0.015942365041681034,0.006051914123092062,0.03411420703055227,0.025460572041343252,0.02929999776736829,0.028097491340539474,0.03349997340325246,0.0014809773478694653,0.042333484995056785
Wce11436042f2d8240001,0.0071304008311087585,0.0019797744248523804,0.03829960547397682,0.0372301739842871,0.015942365041681034,0.006051914123092062,0.03411420703055227,0.025460572041343252,0.02929999776736829,0.028097491340539474,0.03349997340325246,0.0014809773478694653,0.042333484995056785
Wce11436042f2d8240002,0.0071304008311087585,0.0019797744248523804,0.03829960547397682,0.0372301739842871,0.015942365041681034,0.006051914123092062,0.03411420703055227,0.025460572041343252,0.02929999776736829,0.028097491340539474,0.03349997340325246,0.0014809773478694653,0.042333484995056785
Wce11436042f2d8240003,0.0071304008311087585,0.0019797744248523804,0.03829960547397682,0.0372301739842871,0.015942365041681034,0.006051914123092062,0.03411420703055227,0.025460572041343252,0.02929999776736829,0.028097491340539474,0.03349997340325246,0.0014809773478694653,0.042333484995056785
Wce11436042f2d8240004,0.0071304008311087585,0.0019797744248523804,0.03829960547397682,0.0372301739842871,0.015942365041681034,0.006051914123092062,0.03411420703055227,0.025460572041343252,0.02929999776736829,0.028097491340539474,0.03349997340325246,0.0014809773478694653,0.042333484995056785
Wce11436042f2d8240005,0.0071304008311087585,0.0019797744248523804,0.03829960547397682,0.0372301739842871,0.015942365041681034,0.006051914123092062,0.03411420703055227,0.025460572041343252,0.02929999776736829,0.028097491340539474,0.03349997340325246,0.0014809773478694653,0.042333484995056785
Wce11436042f2d8240006,0.0071304008311087585,0.0019797744248523804,0.03829960547397682,0.0372301739842871,0.015942365041681034,0.006051914123092062,0.03411420703055227,0.025460572041343252,0.02929999776736829,0.028097491340539474,0.03349997340325246,0.0014809773478694653,0.042333484995056785
Wd14ef862c437481f0000,0.0013979641751495602,0.0012819077285810495,0.0050362677870879995,0.006291091315438051,0.006198627877681808,0.10935897430689812,0.00360785851113485,0.001317692191135926,0.00015513815259424071,0.0006205451498770965,0.0003491684532476068,0.8487615806639971,0.013293284082739262
Wd14ef862c437481f0001,0.0013979641751495602,0.0012819077285810495,0.0050362677870879995,0.006291091315438051,0.006198627877681808,0.10935897430689812,0.00360785851113485,0.001317692191135926,0.00015513815259424071,0.0006205451498770965,0.0003491684532476068,0.8487615806639971,0.013293284082739262
Wd14ef862c437481f0002,0.0013979641751495602,0.0012819077285810495,0.0050362677870879995,0.006291091315438051,0.006198627877681808,0.10935897430689812,0.00360785851113485,0.001317692191135926,0.00015513815259424071,0.0006205451498770965,0.0003491684532476068,0.8487615806639971,0.013293284082739262
Wd14ef862c437481f0003,0.0013979641751495602,0.0012819077285810495,0.0050362677870879995,0.006291091315438051,0.006198627877681808,0.10935897430689812,0.00360785851113485,0.001317692191135926,0.00015513815259424071,0.0006205451498770965,0.0003491684532476068,0.8487615806639971,0.013293284082739262
Wd14ef862c437481f0004,0.0013979641751495602,0.0012819077285810495,0.0050362677870879995,0.006291091315438051,0.006198627877681808,0.10935897430689812,0.00360785851113485,0.001317692191135926,0.00015513815259424071,0.0006205451498770965,0.0003491684532476068,0.8487615806639971,0.013293284082739262
Wd14ef862c437481f0005,0.0013979641751495602,0.0012819077285810495,0.0050362677870879995,0.006291091315438051,0.006198627877681808,0.10935897430689812,0.00360785851113485,0.001317692191135926,0.00015513815259424071,0.0006205451498770965,0.0003491684532476068,0.8487615806639971,0.013293284082739262
Wd14ef862c437481f0006,0.0013979641751495602,0.0012819077285810495,0.0050362677870879995,0.006291091315438051,0.006198627877681808,0.10935897430689812,0.00360785851113485,0.001317692191135926,0.00015513815259424071,0.0006205451498770965,0.0003491684532476068,0.8487615806639971,0.013293284082739262
Wd1c5aada37093e340000,0.007036005349163165,0.009212465944873608,0.045846515080093825,0.0141147987263044,0.03381546337934001,0.004899941389764291,0.01126809830166891,0.13007855396514797,0.029493865311252927,0.008667958197443261,0.5588988012934887,0.01747861997300868,0.025294802808287976
Wd1c5aada37093e340001,0.007036005349163165,0.009212465944873608,0.045846515080093825,0.0141147987263044,0.03381546337934001,0.004899941389764291,0.01126809830166891,0.13007855396514797,0.029493865311252927,0.008667958197443261,0.5588988012934887,0.01747861997300868,0.025294802808287976
Wd1c5aada37093e340002,0.007036005349163165,0.009212465944873608,0.045846515080093825,0.0141147987263044,0.03381546337934001,0.004899941389764291,0.01126809830166891,0.13007855396514797,0.029493865311252927,0.008667958197443261,0.5588988012934887,0.01747861997300868,0.025294802808287976
Wd1c5aada37093e340003,0.007036005349163165,0.009212465944873608,0.045846515080093825,0.0141147987263044,0.03381546337934001,0.004899941389764291,0.01126809830166891,0.13007855396514797,0.029493865311252927,0.008667958197443261,0.5588988012934887,0.01747861997300868,0.025294802808287976
Wd1c5aada37093e340004,0.007036005349163165,0.009212465944873608,0.045846515080093825,0.0141147987263044,0.03381546337934001,0.004899941389764291,0.01126809830166891,0.13007855396514797,0.029493865311252927,0.008667958197443261,0.5588988012934887,0.01747861997300868,0.025294802808287976
Wd1c5aada37093e340005,0.007036005349163165,0.009212465944873608,0.045846515080093825,0.0141147987263044,0.03381546337934001,0.004899941389764291,0.01126809830166891,0.13007855396514797,0.029493865311252927,0.008667958197443261,0.5588988012934887,0.01747861997300868,0.025294802808287976
Wd1c5aada37093e340006,0.007036005349163165,0.009212465944873608,0.045846515080093825,0.0141147987263044,0.03381546337934001,0.004899941389764291,0.01126809830166891,0.13007855396514797,0.029493865311252927,0.008667958197443261,0.5588988012934887,0.01747861997300868,0.025294802808287976
Wd50e6c5c6ebd461a0000,0.012583318339808093,0.0013835296656740184,0.0270022837417197,0.011828730568200947,0.010866606999728974,0.0039405343623824165,0.04947244650042265,0.2510690029391996,0.008921551422897528,0.023007971914414217,0.07408503950167278,0.010678596363287909,0.04488320702537699
Wd50e6c5c6ebd461a0001,0.012583318339808093,0.0013835296656740184,0.0270022837417197,0.011828730568200947,0.010866606999728974,0.0039405343623824165,0.04947244650042265,0.2510690029391996,0.008921551422897528,0.023007971914414217,0.07408503950167278,0.010678596363287909,0.04488320702537699
Wd50e6c5c6ebd461a0002,0.012583318339808093,0.0013835296656740184,0.0270022837417197,0.011828730568200947,0.010866606999728974,0.0039405343623824165,0.04947244650042265,0.2510690029391996,0.008921551422897528,0.023007971914414217,0.07408503950167278,0.010678596363287909,0.04488320702537699
Wd50e6c5c6ebd461a0003,0.012583318339808093,0.0013835296656740184,0.0270022837417197,0.011828730568200947,0.010866606999728974,0.0039405343623824165,0.04947244650042265,0.2510690029391996,0.008921551422897528,0.023007971914414217,0.07408503950167278,0.010678596363287909,0.04488320702537699
Wd50e6c5c6ebd461a0004,0.012583318339808093,0.0013835296656740184,0.0270022837417197,0.011828730568200947,0.010866606999728974,0.0039405343623824165,0.04947244650042265,0.2510690029391996,0.008921551422897528,0.023007971914414217,0.07408503950167278,0.010678596363287909,0.04488320702537699
Wd50e6c5c6ebd461a0005,0.012583318339808093,0.0013835296656740184,0.0270022837417197,0.011828730568200947,0.010866606999728974,0.0039405343623824165,0.04947244650042265,0.2510690029391996,0.008921551422897528,0.023007971914414217,0.07408503950167278,0.010678596363287909,0.04488320702537699
Wd50e6c5c6ebd461a0006,0.012583318339808093,0.0013835296656740184,0.0270022837417197,0.011828730568200947,0.010866606999728974,0.0039405343623824165,0.04947244650042265,0.2510690029391996,0.008921551422897528,0.023007971914414217,0.07408503950167278,0.010678596363287909,0.04488320702537699
Wd5d870a7ea096bfc0000,0.019664656257313062,0.03974888628678332,0.013862741297740271,0.018795566247314936,0.029474783707982566,0.015184631929163452,0.011502271415000006,0.7053614970934883,0.0091033464014563,0.05995339762438877,0.028549692761824706,0.01073551269930687,0.00862034152980126
Wd5d870a7ea096bfc0001,0.019664656257313062,0.03974888628678332,0.013862741297740271,0.018795566247314936,0.029474783707982566,0.015184631929163452,0.011502271415000006,0.7053614970934883,0.0091033464014563,0.05995339762438877,0.028549692761824706,0.01073551269930687,0.00862034152980126
Wd5d870a7ea096bfc0002,0.019664656257313062,0.03974888628678332,0.013862741297740271,0.018795566247314936,0.029474783707982566,0.015184631929163452,0.011502271415000006,0.7053614970934883,0.0091033464014563,0.05995339762438877,0.028549692761824706,0.01073551269930687,0.00862034152980126
Wd5d870a7ea096bfc0003,0.019664656257313062,0.03974888628678332,0.013862741297740271,0.018795566247314936,0.029474783707982566,0.015184631929163452,0.011502271415000006,0.7053614970934883,0.0091033464014563,0.05995339762438877,0.028549692761824706,0.01073551269930687,0.00862034152980126
Wd5d870a7ea096bfc0004,0.019664656257313062,0.03974888628678332,0.013862741297740271,0.018795566247314936,0.029474783707982566,0.015184631929163452,0.011502271415000006,0.7053614970934883,0.0091033464014563,0.05995339762438877,0.028549692761824706,0.01073551269930687,0.00862034152980126
Wd5d870a7ea096bfc0005,0.019664656257313062,0.03974888628678332,0.013862741297740271,0.018795566247314936,0.029474783707982566,0.015184631929163452,0.011502271415000006,0.7053614970934883,0.0091033464014563,0.05995339762438877,0.028549692761824706,0.01073551269930687,0.00862034152980126
Wd5d870a7ea096bfc0006,0.019664656257313062,0.03974888628678332,0.013862741297740271,0.018795566247314936,0.029474783707982566,0.015184631929163452,0.011502271415000006,0.7053614970934883,0.0091033464014563,0.05995339762438877,0.028549692761824706,0.01073551269930687,0.00862034152980126
Wd62ebc7d6eab5fbc0000,0.011563065917789803,0.0015449123000606823,0.2645350934983816,0.11558181181243542,0.016285237284322154,0.3103375828837178,0.008884004247460893,0.0039817027680575014,0.002095095309445819,0.0016351250766969768,0.001648392215616153,0.229276688913578,0.02841844632316856
Wd62ebc7d6eab5fbc0001,0.011563065917789803,0.0015449123000606823,0.2645350934983816,0.11558181181243542,0.016285237284322154,0.3103375828837178,0.008884004247460893,0.0039817027680575014,0.002095095309445819,0.0016351250766969768,0.001648392215616153,0.229276688913578,0.02841844632316856
Wd62ebc7d6eab5fbc0002,0.011563065917789803,0.0015449123000606823,0.2645350934983816,0.11558181181243542,0.016285237284322154,0.3103375828837178,0.008884004247460893,0.0039817027680575014,0.002095095309445819,0.0016351250766969768,0.001648392215616153,0.229276688913578,0.02841844632316856
Wd62ebc7d6eab5fbc0003,0.011563065917789803,0.0015449123000606823,0.2645350934983816,0.11558181181243542,0.016285237284322154,0.3103375828837178,0.008884004247460893,0.0039817027680575014,0.002095095309445819,0.0016351250766969768,0.001648392215616153,0.229276688913578,0.02841844632316856
Wd62ebc7d6eab5fbc0004,0.011563065917789803,0.0015449123000606823,0.2645350934983816,0.11558181181243542,0.016285237284322154,0.3103375828837178,0.008884004247460893,0.0039817027680575014,0.002095095309445819,0.0016351250766969768,0.001648392215616153,0.229276688913578,0.02841844632316856
Wd62ebc7d6eab5fbc0005,0.011563065917789803,0.0015449123000606823,0.2645350934983816,0.11558181181243542,0.016285237284322154,0.3103375828837178,0.008884004247460893,0.0039817027680575014,0.002095095309445819,0.0016351250766969768,0.001648392215616153,0.229276688913578,0.02841844632316856
Wd62ebc7d6eab5fbc0006,0.011563065917789803,0.0015449123000606823,0.2645350934983816,0.11558181181243542,0.016285237284322154,0.3103375828837178,0.008884004247460893,0.0039817027680575014,0.002095095309445819,0.0016351250766969768,0.001648392215616153,0.229276688913578,0.02841844632316856
Wd6c28a4102d20bda0000,0.009805171693579993,0.006280765626372175,0.051941461486216985,0.014955443684383039,0.010516414315136016,0.014712461693302389,0.010198849165593422,0.10399745328380777,0.04948400610366893,0.44165018912023984,0.08039198938513374,0.0061030395479453525,0.08909828913399175
Wd6c28a4102d20bda0001,0.009805171693579993,0.006280765626372175,0.051941461486216985,0.014955443684383039,0.010516414315136016,0.014712461693302389,0.010198849165593422,0.10399745328380777,0.04948400610366893,0.44165018912023984,0.08039198938513374,0.0061030395479453525,0.08909828913399175
Wd6c28a4102d20bda0002,0.009805171693579993,0.006280765626372175,0.051941461486216985,0.014955443684383039,0.010516414315136016,0.014712461693302389,0.010198849165593422,0.10399745328380777,0.04948400610366893,0.44165018912023984,0.08039198938513374,0.0061030395479453525,0.08909828913399175
Wd6c28a4102d20bda0003,0.009805171693579993,0.006280765626372175,0.051941461486216985,0.014955443684383039,0.010516414315136016,0.014712461693302389,0.010198849165593422,0.10399745328380777,0.04948400610366893,0.44165018912023984,0.08039198938513374,0.0061030395479453525,0.08909828913399175
Wd6c28a4102d20bda0004,0.009805171693579993,0.006280765626372175,0.051941461486216985,0.014955443684383039,0.010516414315136016,0.014712461693302389,0.010198849165593422,0.10399745328380777,0.04948400610366893,0.44165018912023984,0.08039198938513374,0.0061030395479453525,0.08909828913399175
Wd6c28a4102d20bda0005,0.009805171693579993,0.006280765626372175,0.051941461486216985,0.014955443684383039,0.010516414315136016,0.014712461693302389,0.010198849165593422,0.10399745328380777,0.04948400610366893,0.44165018912023984,0.08039198938513374,0.0061030395479453525,0.08909828913399175
Wd6c28a4102d20bda0006,0.009805171693579993,0.006280765626372175,0.051941461486216985,0.014955443684383039,0.010516414315136016,0.014712461693302389,0.010198849165593422,0.10399745328380777,0.04948400610366893,0.44165018912023984,0.08039198938513374,0.0061030395479453525,0.08909828913399175
Wd6c781b1a87beb650000,0.0017409339172036516,6.927522510226078e-05,0.016205920790404164,0.010762359224290287,0.010999869948236573,0.755649586372368,0.03164848838997005,0.0005390825517866686,0.0005897224603214901,0.00031620247606708725,3.4321248505768656e-05,0.16787717119934178,0.0019220524073013366
Wd6c781b1a87beb650001,0.0017409339172036516,6.927522510226078e-05,0.016205920790404164,0.010762359224290287,0.010999869948236573,0.755649586372368,0.03164848838997005,0.0005390825517866686,0.0005897224603214901,0.00031620247606708725,3.4321248505768656e-05,0.16787717119934178,0.0019220524073013366
Wd6c781b1a87beb650002,0.0017409339172036516,6.927522510226078e-05,0.016205920790404164,0.010762359224290287,0.010999869948236573,0.755649586372368,0.03164848838997005,0.0005390825517866686,0.0005897224603214901,0.00031620247606708725,3.4321248505768656e-05,0.16787717119934178,0.0019220524073013366
Wd6c781b1a87beb650003,0.0017409339172036516,6.927522510226078e-05,0.016205920790404164,0.010762359224290287,0.010999869948236573,0.755649586372368,0.03164848838997005,0.0005390825517866686,0.0005897224603214901,0.00031620247606708725,3.4321248505768656e-05,0.16787717119934178,0.0019220524073013366
Wd6c781b1a87beb650004,0.0017409339172036516,6.927522510226078e-05,0.016205920790404164,0.010762359224290287,0.010999869948236573,0.755649586372368,0.03164848838997005,0.0005390825517866686,0.0005897224603214901,0.00031620247606708725,3.4321248505768656e-05,0.16787717119934178,0.0019220524073013366
Wd6c781b1a87beb650005,0.0017409339172036516,6.927522510226078e-05,0.016205920790404164,0.010762359224290287,0.010999869948236573,0.755649586372368,0.03164848838997005,0.0005390825517866686,0.0005897224603214901,0.00031620247606708725,3.4321248505768656e-05,0.16787717119934178,0.0019220524073013366
Wd6c781b1a87beb650006,0.0017409339172036516,6.927522510226078e-05,0.016205920790404164,0.010762359224290287,0.010999869948236573,0.755649586372368,0.03164848838997005,0.0005390825517866686,0.0005897224603214901,0.00031620247606708725,3.4321248505768656e-05,0.16787717119934178,0.0019220524073013366
Wd70ef012bf2c69f10000,0.02121469923608627,0.006268315657688432,0.049624050609071026,0.05081790517697281,0.09630458116573949,0.06042411778093369,0.014604072206800309,0.03454535960457392,0.23373881140468084,0.01421620015972766,0.3515905132641961,0.04115407490187959,0.006113475942365374
Wd70ef012bf2c69f10001,0.02121469923608627,0.006268315657688432,0.049624050609071026,0.05081790517697281,0.09630458116573949,0.06042411778093369,0.014604072206800309,0.03454535960457392,0.23373881140468084,0.01421620015972766,0.3515905132641961,0.04115407490187959,0.006113475942365374
Wd70ef012bf2c69f10002,0.02121469923608627,0.006268315657688432,0.049624050609071026,0.05081790517697281,0.09630458116573949,0.06042411778093369,0.014604072206800309,0.03454535960457392,0.23373881140468084,0.01421620015972766,0.3515905132641961,0.04115407490187959,0.006113475942365374
Wd70ef012bf2c69f10003,0.02121469923608627,0.006268315657688432,0.049624050609071026,0.05081790517697281,0.09630458116573949,0.06042411778093369,0.014604072206800309,0.03454535960457392,0.23373881140468084,0.01421620015972766,0.3515905132641961,0.04115407490187959,0.006113475942365374
Wd70ef012bf2c69f10004,0.02121469923608627,0.006268315657688432,0.049624050609071026,0.05081790517697281,0.09630458116573949,0.06042411778093369,0.014604072206800309,0.03454535960457392,0.23373881140468084,0.01421620015972766,0.3515905132641961,0.04115407490187959,0.006113475942365374
Wd70ef012bf2c69f10005,0.02121469923608627,0.006268315657688432,0.049624050609071026,0.05081790517697281,0.09630458116573949,0.06042411778093369,0.014604072206800309,0.03454535960457392,0.23373881140468084,0.01421620015972766,0.3515905132641961,0.04115407490187959,0.006113475942365374
Wd70ef012bf2c69f10006,0.02121469923608627,0.006268315657688432,0.049624050609071026,0.05081790517697281,0.09630458116573949,0.06042411778093369,0.014604072206800309,0.03454535960457392,0.23373881140468084,0.01421620015972766,0.3515905132641961,0.04115407490187959,0.006113475942365374
Wd921f572535536ac0000,0.014560426179429337,0.0011713667294587023,0.11363124733128782,0.07699832046498147,0.3224876697119063,0.09064261387543217,0.029209497613345525,0.019004767885515084,0.006579310153216593,0.02133460156931491,0.003850704253084264,0.23331144063606374,0.0346555597465458
Wd921f572535536ac0001,0.014560426179429337,0.0011713667294587023,0.11363124733128782,0.07699832046498147,0.3224876697119063,0.09064261387543217,0.029209497613345525,0.019004767885515084,0.006579310153216593,0.02133460156931491,0.003850704253084264,0.23331144063606374,0.0346555597465458
Wd921f572535536ac0002,0.014560426179429337,0.0011713667294587023,0.11363124733128782,0.07699832046498147,0.3224876697119063,0.09064261387543217,0.029209497613345525,0.019004767885515084,0.006579310153216593,0.02133460156931491,0.003850704253084264,0.23331144063606374,0.0346555597465458
Wd921f572535536ac0003,0.014560426179429337,0.0011713667294587023,0.11363124733128782,0.07699832046498147,0.3224876697119063,0.09064261387543217,0.029209497613345525,0.019004767885515084,0.006579310153216593,0.02133460156931491,0.003850704253084264,0.23331144063606374,0.0346555597465458
Wd921f572535536ac0004,0.014560426179429337,0.0011713667294587023,0.11363124733128782,0.07699832046498147,0.3224876697119063,0.09064261387543217,0.029209497613345525,0.019004767885515084,0.006579310153216593,0.02133460156931491,0.003850704253084264,0.23331144063606374,0.0346555597465458
Wd921f572535536ac0005,0.014560426179429337,0.0011713667294587023,0.11363124733128782,0.07699832046498147,0.3224876697119063,0.09064261387543217,0.029209497613345525,0.019004767885515084,0.006579310153216593,0.02133460156931491,0.003850704253084264,0.23331144063606374,0.0346555597465458
Wd921f572535536ac0006,0.014560426179429337,0.0011713667294587023,0.11363124733128782,0.07699832046498147,0.3224876697119063,0.09064261387543217,0.029209497613345525,0.019004767885515084,0.006579310153216593,0.02133460156931491,0.003850704253084264,0.23331144063606374,0.0346555597465458
Wd9b6b05204cba6da0000,0.005559522719173024,0.9716311847436193,0.0025858036118443783,0.0011705742481158213,0.0011695179001857152,0.00013640644019682197,0.00719267703024938,5.161076356959566e-05,2.0104505517617166e-05,0.0014051969440488689,0.00257914788275786,0.0030086368958991264,0.0006494960944341372
Wd9b6b05204cba6da0001,0.005559522719173024,0.9716311847436193,0.0025858036118443783,0.0011705742481158213,0.0011695179001857152,0.00013640644019682197,0.00719267703024938,5.161076356959566e-05,2.0104505517617166e-05,0.0014051969440488689,0.00257914788275786,0.0030086368958991264,0.0006494960944341372
Wd9b6b05204cba6da0002,0.005559522719173024,0.9716311847436193,0.0025858036118443783,0.0011705742481158213,0.0011695179001857152,0.00013640644019682197,0.00719267703024938,5.161076356959566e-05,2.0104505517617166e-05,0.0014051969440488689,0.00257914788275786,0.0030086368958991264,0.0006494960944341372
Wd9b6b05204cba6da0003,0.005559522719173024,0.9716311847436193,0.0025858036118443783,0.0011705742481158213,0.0011695179001857152,0.00013640644019682197,0.00719267703024938,5.161076356959566e-05,2.0104505517617166e-05,0.0014051969440488689,0.00257914788275786,0.0030086368958991264,0.0006494960944341372
Wd9b6b05204cba6da0004,0.005559522719173024,0.9716311847436193,0.0025858036118443783,0.0011705742481158213,0.0011695179001857152,0.00013640644019682197,0.00719267703024938,5.161076356959566e-05,2.0104505517617166e-05,0.0014051969440488689,0.00257914788275786,0.0030086368958991264,0.0006494960944341372
Wd9b6b05204cba6da0005,0.005559522719173024,0.9716311847436193,0.0025858036118443783,0.0011705742481158213,0.0011695179001857152,0.00013640644019682197,0.00719267703024938,5.161076356959566e-05,2.0104505517617166e-05,0.0014051969440488689,0.00257914788275786,0.0030086368958991264,0.0006494960944341372
Wd9b6b05204cba6da0006,0.005559522719173024,0.9716311847436193,0.0025858036118443783,0.0011705742481158213,0.0011695179001857152,0.00013640644019682197,0.00719267703024938,5.161076356959566e-05,2.0104505517617166e-05,0.0014051969440488689,0.00257914788275786,0.0030086368958991264,0.0006494960944341372
Wdafc86efc3092c1a0000,0.016010169737573646,0.009492923899580723,0.06861958174920327,0.05416495885644741,0.10090050874472209,0.044479692656341066,0.25376230456513377,0.0512750633073296,0.005585055162006594,0.052881607958657824,0.09784393751906326,0.012705620726077713,0.06005567802846497
Wdafc86efc3092c1a0001,0.016010169737573646,0.009492923899580723,0.06861958174920327,0.05416495885644741,0.10090050874472209,0.044479692656341066,0.25376230456513377,0.0512750633073296,0.005585055162006594,0.052881607958657824,0.09784393751906326,0.012705620726077713,0.06005567802846497
Wdafc86efc3092c1a0002,0.016010169737573646,0.009492923899580723,0.06861958174920327,0.05416495885644741,0.10090050874472209,0.044479692656341066,0.25376230456513377,0.0512750633073296,0.005585055162006594,0.052881607958657824,0.09784393751906326,0.012705620726077713,0.06005567802846497
Wdafc86efc3092c1a0003,0.016010169737573646,0.009492923899580723,0.06861958174920327,0.05416495885644741,0.10090050874472209,0.044479692656341066,0.25376230456513377,0.0512750633073296,0.005585055162006594,0.052881607958657824,0.09784393751906326,0.012705620726077713,0.06005567802846497
Wdafc86efc3092c1a0004,0.016010169737573646,0.009492923899580723,0.06861958174920327,0.05416495885644741,0.10090050874472209,0.044479692656341066,0.25376230456513377,0.0512750633073296,0.005585055162006594,0.052881607958657824,0.09784393751906326,0.012705620726077713,0.06005567802846497
Wdafc86efc3092c1a0005,0.016010169737573646,0.009492923899580723,0.06861958174920327,0.05416495885644741,0.10090050874472209,0.044479692656341066,0.25376230456513377,0.0512750633073296,0.005585055162006594,0.052881607958657824,0.09784393751906326,0.012705620726077713,0.06005567802846497
Wdafc86efc3092c1a0006,0.016010169737573646,0.009492923899580723,0.06861958174920327,0.05416495885644741,0.10090050874472209,0.044479692656341066,0.25376230456513377,0.0512750633073296,0.005585055162006594,0.052881607958657824,0.09784393751906326,0.012705620726077713,0.06005567802846497
Wdc2fda9c98784d720000,0.006487860442327277,0.0013338907307823618,0.63518300739536,0.10718891720327661,0.07025165075171413,0.06182376628642221,0.03255728289097946,0.00166913692993056,0.006280957580873221,0.020331287476356902,0.005507503210083954,0.017536367378267987,0.012675385043973532
Wdc2fda9c98784d720001,0.006487860442327277,0.0013338907307823618,0.63518300739536,0.10718891720327661,0.07025165075171413,0.06182376628642221,0.03255728289097946,0.00166913692993056,0.006280957580873221,0.020331287476356902,0.005507503210083954,0.017536367378267987,0.012675385043973532
Wdc2fda9c98784d720002,0.006487860442327277,0.0013338907307823618,0.63518300739536,0.10718891720327661,0.07025165075171413,0.06182376628642221,0.03255728289097946,0.00166913692993056,0.006280957580873221,0.020331287476356902,0.005507503210083954,0.017536367378267987,0.012675385043973532
Wdc2fda9c98784d720003,0.006487860442327277,0.0013338907307823618,0.63518300739536,0.10718891720327661,0.07025165075171413,0.06182376628642221,0.03255728289097946,0.00166913692993056,0.006280957580873221,0.020331287476356902,0.005507503210083954,0.017536367378267987,0.012675385043973532
Wdc2fda9c98784d720004,0.006487860442327277,0.0013338907307823618,0.63518300739536,0.10718891720327661,0.07025165075171413,0.06182376628642221,0.03255728289097946,0.00166913692993056,0.006280957580873221,0.020331287476356902,0.005507503210083954,0.017536367378267987,0.012675385043973532
Wdc2fda9c98784d720005,0.006487860442327277,0.0013338907307823618,0.63518300739536,0.10718891720327661,0.07025165075171413,0.06182376628642221,0.03255728289097946,0.00166913692993056,0.006280957580873221,0.020331287476356902,0.005507503210083954,0.017536367378267987,0.012675385043973532
Wdc2fda9c98784d720006,0.006487860442327277,0.0013338907307823618,0.63518300739536,0.10718891720327661,0.07025165075171413,0.06182376628642221,0.03255728289097946,0.00166913692993056,0.006280957580873221,0.020331287476356902,0.005507503210083954,0.017536367378267987,0.012675385043973532
Wdebcbd1cb67fde3d0000,0.0069869559521149975,0.003144121287050986,0.03366521127309791,0.0375682804304333,0.01956878829418229,0.020026662305217605,0.10437757928157142,0.1003408703185238,0.3975722661032594,0.05610723346526551,0.10640554271522608,0.007819232076529114,0.018007694051862335
Wdebcbd1cb67fde3d0001,0.0069869559521149975,0.003144121287050986,0.03366521127309791,0.0375682804304333,0.01956878829418229,0.020026662305217605,0.10437757928157142,0.1003408703185238,0.3975722661032594,0.05610723346526551,0.10640554271522608,0.007819232076529114,0.018007694051862335
Wdebcbd1cb67fde3d0002,0.0069869559521149975,0.003144121287050986,0.03366521127309791,0.0375682804304333,0.01956878829418229,0.020026662305217605,0.10437757928157142,0.1003408703185238,0.3975722661032594,0.05610723346526551,0.10640554271522608,0.007819232076529114,0.018007694051862335
Wdebcbd1cb67fde3d0003,0.0069869559521149975,0.003144121287050986,0.03366521127309791,0.0375682804304333,0.01956878829418229,0.020026662305217605,0.10437757928157142,0.1003408703185238,0.3975722661032594,0.05610723346526551,0.10640554271522608,0.007819232076529114,0.018007694051862335
Wdebcbd1cb67fde3d0004,0.0069869559521149975,0.003144121287050986,0.03366521127309791,0.0375682804304333,0.01956878829418229,0.020026662305217605,0.10437757928157142,0.1003408703185238,0.3975722661032594,0.05610723346526551,0.10640554271522608,0.007819232076529114,0.018007694051862335
Wdebcbd1cb67fde3d0005,0.0069869559521149975,0.003144121287050986,0.03366521127309791,0.0375682804304333,0.01956878829418229,0.020026662305217605,0.10437757928157142,0.1003408703185238,0.3975722661032594,0.05610723346526551,0.10640554271522608,0.007819232076529114,0.018007694051862335
Wdebcbd1cb67fde3d0006,0.0069869559521149975,0.003144121287050986,0.03366521127309791,0.0375682804304333,0.01956878829418229,0.020026662305217605,0.10437757928157142,0.1003408703185238,0.3975722661032594,0.05610723346526551,0.10640554271522608,0.007819232076529114,0.018007694051862335
We2227b7d75b090040000,0.19721521438560538,0.006270451694549728,0.07529818589955893,0.06541267397442824,0.028822947819973205,0.04711089143743719,0.5111160145966112,0.004643412439632775,0.0008969212606637617,0.009353368479309917,0.002461477552206919,0.029261261070902645,0.013487435324341934
We2227b7d75b090040001,0.19721521438560538,0.006270451694549728,0.07529818589955893,0.06541267397442824,0.028822947819973205,0.04711089143743719,0.5111160145966112,0.004643412439632775,0.0008969212606637617,0.009353368479309917,0.002461477552206919,0.029261261070902645,0.013487435324341934
We2227b7d75b090040002,0.19721521438560538,0.006270451694549728,0.07529818589955893,0.06541267397442824,0.028822947819973205,0.04711089143743719,0.5111160145966112,0.004643412439632775,0.0008969212606637617,0.009353368479309917,0.002461477552206919,0.029261261070902645,0.013487435324341934
We2227b7d75b090040003,0.19721521438560538,0.006270451694549728,0.07529818589955893,0.06541267397442824,0.028822947819973205,0.04711089143743719,0.5111160145966112,0.004643412439632775,0.0008969212606637617,0.009353368479309917,0.002461477552206919,0.029261261070902645,0.013487435324341934
We2227b7d75b090040004,0.19721521438560538,0.006270451694549728,0.07529818589955893,0.06541267397442824,0.028822947819973205,0.04711089143743719,0.5111160145966112,0.004643412439632775,0.0008969212606637617,0.009353368479309917,0.002461477552206919,0.029261261070902645,0.013487435324341934
We2227b7d75b090040005,0.19721521438560538,0.006270451694549728,0.07529818589955893,0.06541267397442824,0.028822947819973205,0.04711089143743719,0.5111160145966112,0.004643412439632775,0.0008969212606637617,0.009353368479309917,0.002461477552206919,0.029261261070902645,0.013487435324341934
We2227b7d75b090040006,0.19721521438560538,0.006270451694549728,0.07529818589955893,0.06541267397442824,0.028822947819973205,0.04711089143743719,0.5111160145966112,0.004643412439632775,0.0008969212606637617,0.009353368479309917,0.002461477552206919,0.029261261070902645,0.013487435324341934
We61939a9c41ce45d0000,0.007823261342719075,0.0003178419914630891,0.16511783770556202,0.06116325848117341,0.022876892430842465,0.5450106129137695,0.04439584520871302,0.0012063881630334453,0.0014686961697570856,0.002493833387207457,0.0009097269338105461,0.13611531181168485,0.00204675095053845
We61939a9c41ce45d0001,0.007823261342719075,0.0003178419914630891,0.16511783770556202,0.06116325848117341,0.022876892430842465,0.5450106129137695,0.04439584520871302,0.0012063881630334453,0.0014686961697570856,0.002493833387207457,0.0009097269338105461,0.13611531181168485,0.00204675095053845
We61939a9c41ce45d0002,0.007823261342719075,0.0003178419914630891,0.16511783770556202,0.06116325848117341,0.022876892430842465,0.5450106129137695,0.04439584520871302,0.0012063881630334453,0.0014686961697570856,0.002493833387207457,0.0009097269338105461,0.13611531181168485,0.00204675095053845
We61939a9c41ce45d0003,0.007823261342719075,0.0003178419914630891,0.16511783770556202,0.06116325848117341,0.022876892430842465,0.5450106129137695,0.04439584520871302,0.0012063881630334453,0.0014686961697570856,0.002493833387207457,0.0009097269338105461,0.13611531181168485,0.00204675095053845
We61939a9c41ce45d0004,0.007823261342719075,0.0003178419914630891,0.16511783770556202,0.06116325848117341,0.022876892430842465,0.5450106129137695,0.04439584520871302,0.0012063881630334453,0.0014686961697570856,0.002493833387207457,0.0009097269338105461,0.13611531181168485,0.00204675095053845
We61939a9c41ce45d0005,0.007823261342719075,0.0003178419914630891,0.16511783770556202,0.06116325848117341,0.022876892430842465,0.5450106129137695,0.04439584520871302,0.0012063881630334453,0.0014686961697570856,0.002493833387207457,0.0009097269338105461,0.13611531181168485,0.00204675095053845
We61939a9c41ce45d0006,0.007823261342719075,0.0003178419914630891,0.16511783770556202,0.06116325848117341,0.022876892430842465,0.5450106129137695,0.04439584520871302,0.0012063881630334453,0.0014686961697570856,0.002493833387207457,0.0009097269338105461,0.13611531181168485,0.00204675095053845
We756706426cf12a00000,0.03558049804924755,0.0031206594126039185,0.11568189562080772,0.0642546615828188,0.12821922868378013,0.07122979539743228,0.043984191940538674,0.3137725057540782,0.020145175447747254,0.03328743820201282,0.015286500804314962,0.019578511842771058,0.016021016570092885
We756706426cf12a00001,0.03558049804924755,0.0031206594126039185,0.11568189562080772,0.0642546615828188,0.12821922868378013,0.07122979539743228,0.043984191940538674,0.3137725057540782,0.020145175447747254,0.03328743820201282,0.015286500804314962,0.019578511842771058,0.016021016570092885
We756706426cf12a00002,0.03558049804924755,0.0031206594126039185,0.11568189562080772,0.0642546615828188,0.12821922868378013,0.07122979539743228,0.043984191940538674,0.3137725057540782,0.020145175447747254,0.03328743820201282,0.015286500804314962,0.019578511842771058,0.016021016570092885
We756706426cf12a00003,0.03558049804924755,0.0031206594126039185,0.11568189562080772,0.0642546615828188,0.12821922868378013,0.07122979539743228,0.043984191940538674,0.3137725057540782,0.020145175447747254,0.03328743820201282,0.015286500804314962,0.019578511842771058,0.016021016570092885
We756706426cf12a00004,0.03558049804924755,0.0031206594126039185,0.11568189562080772,0.0642546615828188,0.12821922868378013,0.07122979539743228,0.043984191940538674,0.3137725057540782,0.020145175447747254,0.03328743820201282,0.015286500804314962,0.019578511842771058,0.016021016570092885
We756706426cf12a00005,0.03558049804924755,0.0031206594126039185,0.11568189562080772,0.0642546615828188,0.12821922868378013,0.07122979539743228,0.043984191940538674,0.3137725057540782,0.020145175447747254,0.03328743820201282,0.015286500804314962,0.019578511842771058,0.016021016570092885
We756706426cf12a00006,0.03558049804924755,0.0031206594126039185,0.11568189562080772,0.0642546615828188,0.12821922868378013,0.07122979539743228,0.043984191940538674,0.3137725057540782,0.020145175447747254,0.03328743820201282,0.015286500804314962,0.019578511842771058,0.016021016570092885
We81a12f0ae5b8c360000,0.00041518195053705557,0.00010721085896830936,0.005745615272510073,0.007613981358736173,0.004866945575062248,0.00010967463950637774,0.009689351964478326,0.018756716229954732,0.7706703981459823,0.0046717358312397,0.1120706547737203,0.0010274109040134321,0.021576966232163226
We81a12f0ae5b8c360001,0.00041518195053705557,0.00010721085896830936,0.005745615272510073,0.007613981358736173,0.004866945575062248,0.00010967463950637774,0.009689351964478326,0.018756716229954732,0.7706703981459823,0.0046717358312397,0.1120706547737203,0.0010274109040134321,0.021576966232163226
We81a12f0ae5b8c360002,0.00041518195053705557,0.00010721085896830936,0.005745615272510073,0.007613981358736173,0.004866945575062248,0.00010967463950637774,0.009689351964478326,0.018756716229954732,0.7706703981459823,0.0046717358312397,0.1120706547737203,0.0010274109040134321,0.021576966232163226
We81a12f0ae5b8c360003,0.00041518195053705557,0.00010721085896830936,0.005745615272510073,0.007613981358736173,0.004866945575062248,0.00010967463950637774,0.009689351964478326,0.018756716229954732,0.7706703981459823,0.0046717358312397,0.1120706547737203,0.0010274109040134321,0.021576966232163226
We81a12f0ae5b8c360004,0.00041518195053705557,0.00010721085896830936,0.005745615272510073,0.007613981358736173,0.004866945575062248,0.00010967463950637774,0.009689351964478326,0.018756716229954732,0.7706703981459823,0.0046717358312397,0.1120706547737203,0.0010274109040134321,0.021576966232163226
We81a12f0ae5b8c360005,0.00041518195053705557,0.00010721085896830936,0.005745615272510073,0.007613981358736173,0.004866945575062248,0.00010967463950637774,0.009689351964478326,0.018756716229954732,0.7706703981459823,0.0046717358312397,0.1120706547737203,0.0010274109040134321,0.021576966232163226
We81a12f0ae5b8c360006,0.00041518195053705557,0.00010721085896830936,0.005745615272510073,0.007613981358736173,0.004866945575062248,0.00010967463950637774,0.009689351964478326,0.018756716229954732,0.7706703981459823,0.0046717358312397,0.1120706547737203,0.0010274109040134321,0.021576966232163226
We86a577fce5463880000,0.017542376332018043,0.0002340993651268487,0.07362726684903476,0.07138766870842092,0.051945847148310485,0.056122108315641045,0.03923102239327737,0.6206998386014393,0.002453790062598089,0.011587052844863647,0.008067323210343851,0.027043143712904005,0.008576925505113653
We86a577fce5463880001,0.017542376332018043,0.0002340993651268487,0.07362726684903476,0.07138766870842092,0.051945847148310485,0.056122108315641045,0.03923102239327737,0.6206998386014393,0.002453790062598089,0.011587052844863647,0.008067323210343851,0.027043143712904005,0.008576925505113653
We86a577fce5463880002,0.017542376332018043,0.0002340993651268487,0.07362726684903476,0.07138766870842092,0.051945847148310485,0.056122108315641045,0.03923102239327737,0.6206998386014393,0.002453790062598089,0.011587052844863647,0.008067323210343851,0.027043143712904005,0.008576925505113653
We86a577fce5463880003,0.017542376332018043,0.0002340993651268487,0.07362726684903476,0.07138766870842092,0.051945847148310485,0.056122108315641045,0.03923102239327737,0.6206998386014393,0.002453790062598089,0.011587052844863647,0.008067323210343851,0.027043143712904005,0.008576925505113653
We86a577fce5463880004,0.017542376332018043,0.0002340993651268487,0.07362726684903476,0.07138766870842092,0.051945847148310485,0.056122108315641045,0.03923102239327737,0.6206998386014393,0.002453790062598089,0.011587052844863647,0.008067323210343851,0.027043143712904005,0.008576925505113653
We86a577fce5463880005,0.017542376332018043,0.0002340993651268487,0.07362726684903476,0.07138766870842092,0.051945847148310485,0.056122108315641045,0.03923102239327737,0.6206998386014393,0.002453790062598089,0.011587052844863647,0.008067323210343851,0.027043143712904005,0.008576925505113653
We86a577fce5463880006,0.017542376332018043,0.0002340993651268487,0.07362726684903476,0.07138766870842092,0.051945847148310485,0.056122108315641045,0.03923102239327737,0.6206998386014393,0.002453790062598089,0.011587052844863647,0.008067323210343851,0.027043143712904005,0.008576925505113653
We904476167c139f90000,0.013505092632415722,0.8281546129021136,0.01798803242727618,0.0122415279985167,0.009631511856251052,0.015244470016331465,0.047879990563053816,0.0010516086257907748,0.0013051838217482444,0.0037948433754206755,0.0046623161985359825,0.03319141036532984,0.0059600399109000805
We904476167c139f90001,0.013505092632415722,0.8281546129021136,0.01798803242727618,0.0122415279985167,0.009631511856251052,0.015244470016331465,0.047879990563053816,0.0010516086257907748,0.0013051838217482444,0.0037948433754206755,0.0046623161985359825,0.03319141036532984,0.0059600399109000805
We904476167c139f90002,0.013505092632415722,0.8281546129021136,0.01798803242727618,0.0122415279985167,0.009631511856251052,0.015244470016331465,0.047879990563053816,0.0010516086257907748,0.0013051838217482444,0.0037948433754206755,0.0046623161985359825,0.03319141036532984,0.0059600399109000805
We904476167c139f90003,0.013505092632415722,0.8281546129021136,0.01798803242727618,0.0122415279985167,0.009631511856251052,0.015244470016331465,0.047879990563053816,0.0010516086257907748,0.0013051838217482444,0.0037948433754206755,0.0046623161985359825,0.03319141036532984,0.0059600399109000805
We904476167c139f90004,0.013505092632415722,0.8281546129021136,0.01798803242727618,0.0122415279985167,0.009631511856251052,0.015244470016331465,0.047879990563053816,0.0010516086257907748,0.0013051838217482444,0.0037948433754206755,0.0046623161985359825,0.03319141036532984,0.0059600399109000805
We904476167c139f90005,0.013505092632415722,0.8281546129021136,0.01798803242727618,0.0122415279985167,0.009631511856251052,0.015244470016331465,0.047879990563053816,0.0010516086257907748,0.0013051838217482444,0.0037948433754206755,0.0046623161985359825,0.03319141036532984,0.0059600399109000805
We904476167c139f90006,0.013505092632415722,0.8281546129021136,0.01798803242727618,0.0122415279985167,0.009631511856251052,0.015244470016331465,0.047879990563053816,0.0010516086257907748,0.0013051838217482444,0.0037948433754206755,0.0046623161985359825,0.03319141036532984,0.0059600399109000805
We96e25bbbc0bc26b0000,0.014502025402853754,0.002038161561021927,0.1796839113161635,0.16208082897127885,0.06420242987695832,0.13519874909454324,0.08038920408445391,0.01205042250103016,0.017957747049676582,0.011727913407361025,0.10998969603810001,0.039951619107253554,0.02044465927578889
We96e25bbbc0bc26b0001,0.014502025402853754,0.002038161561021927,0.1796839113161635,0.16208082897127885,0.06420242987695832,0.13519874909454324,0.08038920408445391,0.01205042250103016,0.017957747049676582,0.011727913407361025,0.10998969603810001,0.039951619107253554,0.02044465927578889
We96e25bbbc0bc26b0002,0.014502025402853754,0.002038161561021927,0.1796839113161635,0.16208082897127885,0.06420242987695832,0.13519874909454324,0.08038920408445391,0.01205042250103016,0.017957747049676582,0.011727913407361025,0.10998969603810001,0.039951619107253554,0.02044465927578889
We96e25bbbc0bc26b0003,0.014502025402853754,0.002038161561021927,0.1796839113161635,0.16208082897127885,0.06420242987695832,0.13519874909454324,0.08038920408445391,0.01205042250103016,0.017957747049676582,0.011727913407361025,0.10998969603810001,0.039951619107253554,0.02044465927578889
We96e25bbbc0bc26b0004,0.014502025402853754,0.002038161561021927,0.1796839113161635,0.16208082897127885,0.06420242987695832,0.13519874909454324,0.08038920408445391,0.01205042250103016,0.017957747049676582,0.011727913407361025,0.10998969603810001,0.039951619107253554,0.02044465927578889
We96e25bbbc0bc26b0005,0.014502025402853754,0.002038161561021927,0.1796839113161635,0.16208082897127885,0.06420242987695832,0.13519874909454324,0.08038920408445391,0.01205042250103016,0.017957747049676582,0.011727913407361025,0.10998969603810001,0.039951619107253554,0.02044465927578889
We96e25bbbc0bc26b0006,0.014502025402853754,0.002038161561021927,0.1796839113161635,0.16208082897127885,0.06420242987695832,0.13519874909454324,0.08038920408445391,0.01205042250103016,0.017957747049676582,0.011727913407361025,0.10998969603810001,0.039951619107253554,0.02044465927578889
Weabcd903c499c6ca0000,0.012692272737764512,0.0009071267171467564,0.17931504946039625,0.10012097027704213,0.1059408971864266,0.4659928724035166,0.04033667962973226,0.004153076496884185,0.0015245315506804153,0.007741414371851418,0.002691554868061332,0.06310499683368115,0.0065090193224741
Weabcd903c499c6ca0001,0.012692272737764512,0.0009071267171467564,0.17931504946039625,0.10012097027704213,0.1059408971864266,0.4659928724035166,0.04033667962973226,0.004153076496884185,0.0015245315506804153,0.007741414371851418,0.002691554868061332,0.06310499683368115,0.0065090193224741
Weabcd903c499c6ca0002,0.012692272737764512,0.0009071267171467564,0.17931504946039625,0.10012097027704213,0.1059408971864266,0.4659928724035166,0.04033667962973226,0.004153076496884185,0.0015245315506804153,0.007741414371851418,0.002691554868061332,0.06310499683368115,0.0065090193224741
Weabcd903c499c6ca0003,0.012692272737764512,0.0009071267171467564,0.17931504946039625,0.10012097027704213,0.1059408971864266,0.4659928724035166,0.04033667962973226,0.004153076496884185,0.0015245315506804153,0.007741414371851418,0.002691554868061332,0.06310499683368115,0.0065090193224741
Weabcd903c499c6ca0004,0.012692272737764512,0.0009071267171467564,0.17931504946039625,0.10012097027704213,0.1059408971864266,0.4659928724035166,0.04033667962973226,0.004153076496884185,0.0015245315506804153,0.007741414371851418,0.002691554868061332,0.06310499683368115,0.0065090193224741
Weabcd903c499c6ca0005,0.012692272737764512,0.0009071267171467564,0.17931504946039625,0.10012097027704213,0.1059408971864266,0.4659928724035166,0.04033667962973226,0.004153076496884185,0.0015245315506804153,0.007741414371851418,0.002691554868061332,0.06310499683368115,0.0065090193224741
Weabcd903c499c6ca0006,0.012692272737764512,0.0009071267171467564,0.17931504946039625,0.10012097027704213,0.1059408971864266,0.4659928724035166,0.04033667962973226,0.004153076496884185,0.0015245315506804153,0.007741414371851418,0.002691554868061332,0.06310499683368115,0.0065090193224741
Weebdd07a3de3cd1c0000,0.01978383842747713,0.0005639424572585979,0.04527516440846119,0.04099852712470961,0.04243217406119255,0.009904800641182227,0.014390483023553731,0.7437420497862237,0.012540632799645535,0.008696132410654474,0.00771736097012655,0.007936832038590032,0.006228577082002709
Weebdd07a3de3cd1c0001,0.01978383842747713,0.0005639424572585979,0.04527516440846119,0.04099852712470961,0.04243217406119255,0.009904800641182227,0.014390483023553731,0.7437420497862237,0.012540632799645535,0.008696132410654474,0.00771736097012655,0.007936832038590032,0.006228577082002709
Weebdd07a3de3cd1c0002,0.01978383842747713,0.0005639424572585979,0.04527516440846119,0.04099852712470961,0.04243217406119255,0.009904800641182227,0.014390483023553731,0.7437420497862237,0.012540632799645535,0.008696132410654474,0.00771736097012655,0.007936832038590032,0.006228577082002709
Weebdd07a3de3cd1c0003,0.01978383842747713,0.0005639424572585979,0.04527516440846119,0.04099852712470961,0.04243217406119255,0.009904800641182227,0.014390483023553731,0.7437420497862237,0.012540632799645535,0.008696132410654474,0.00771736097012655,0.007936832038590032,0.006228577082002709
Weebdd07a3de3cd1c0004,0.01978383842747713,0.0005639424572585979,0.04527516440846119,0.04099852712470961,0.04243217406119255,0.009904800641182227,0.014390483023553731,0.7437420497862237,0.012540632799645535,0.008696132410654474,0.00771736097012655,0.007936832038590032,0.006228577082002709
Weebdd07a3de3cd1c0005,0.01978383842747713,0.0005639424572585979,0.04527516440846119,0.04099852712470961,0.04243217406119255,0.009904800641182227,0.014390483023553731,0.7437420497862237,0.012540632799645535,0.008696132410654474,0.00771736097012655,0.007936832038590032,0.006228577082002709
Weebdd07a3de3cd1c0006,0.01978383842747713,0.0005639424572585979,0.04527516440846119,0.04099852712470961,0.04243217406119255,0.009904800641182227,0.014390483023553731,0.7437420497862237,0.012540632799645535,0.008696132410654474,0.00771736097012655,0.007936832038590032,0.006228577082002709
Wef2cc15f16103ef60000,0.8252450365757638,0.021608196480501933,0.0056587310645017826,0.022485317450352208,0.010227164378066726,0.015724019636574316,0.008172076601212544,0.003954237291315355,0.00011745017218773017,0.014075815830620163,8.494552130318518e-05,0.019599079765001776,0.041962069724712225
Wef2cc15f16103ef60001,0.8252450365757638,0.021608196480501933,0.0056587310645017826,0.022485317450352208,0.010227164378066726,0.015724019636574316,0.008172076601212544,0.003954237291315355,0.00011745017218773017,0.014075815830620163,8.494552130318518e-05,0.019599079765001776,0.041962069724712225
Wef2cc15f16103ef60002,0.8252450365757638,0.021608196480501933,0.0056587310645017826,0.022485317450352208,0.010227164378066726,0.015724019636574316,0.008172076601212544,0.003954237291315355,0.00011745017218773017,0.014075815830620163,8.494552130318518e-05,0.019599079765001776,0.041962069724712225
Wef2cc15f16103ef60003,0.8252450365757638,0.021608196480501933,0.0056587310645017826,0.022485317450352208,0.010227164378066726,0.015724019636574316,0.008172076601212544,0.003954237291315355,0.00011745017218773017,0.014075815830620163,8.494552130318518e-05,0.019599079765001776,0.041962069724712225
Wef2cc15f16103ef60004,0.8252450365757638,0.021608196480501933,0.0056587310645017826,0.022485317450352208,0.010227164378066726,0.015724019636574316,0.008172076601212544,0.003954237291315355,0.00011745017218773017,0.014075815830620163,8.494552130318518e-05,0.019599079765001776,0.041962069724712225
Wef2cc15f16103ef60005,0.8252450365757638,0.021608196480501933,0.0056587310645017826,0.022485317450352208,0.010227164378066726,0.015724019636574316,0.008172076601212544,0.003954237291315355,0.00011745017218773017,0.014075815830620163,8.494552130318518e-05,0.019599079765001776,0.041962069724712225
Wef2cc15f16103ef60006,0.8252450365757638,0.021608196480501933,0.0056587310645017826,0.022485317450352208,0.010227164378066726,0.015724019636574316,0.008172076601212544,0.003954237291315355,0.00011745017218773017,0.014075815830620163,8.494552130318518e-05,0.019599079765001776,0.041962069724712225
Wef4a3d6322b8f1560000,0.045590233660735335,0.017057530167117366,0.08014925465966555,0.09717907493144413,0.0737316188132594,0.10746893348796399,0.030175550043907554,0.021625604958539213,0.016805394131645238,0.0959090203574408,0.16048029897628208,0.028188083010921405,0.13079467758050956
Wef4a3d6322b8f1560001,0.045590233660735335,0.017057530167117366,0.08014925465966555,0.09717907493144413,0.0737316188132594,0.10746893348796399,0.030175550043907554,0.021625604958539213,0.016805394131645238,0.0959090203574408,0.16048029897628208,0.028188083010921405,0.13079467758050956
Wef4a3d6322b8f1560002,0.045590233660735335,0.017057530167117366,0.08014925465966555,0.09717907493144413,0.0737316188132594,0.10746893348796399,0.030175550043907554,0.021625604958539213,0.016805394131645238,0.0959090203574408,0.16048029897628208,0.028188083010921405,0.13079467758050956
Wef4a3d6322b8f1560003,0.045590233660735335,0.017057530167117366,0.08014925465966555,0.09717907493144413,0.0737316188132594,0.10746893348796399,0.030175550043907554,0.021625604958539213,0.016805394131645238,0.0959090203574408,0.16048029897628208,0.028188083010921405,0.13079467758050956
Wef4a3d6322b8f1560004,0.045590233660735335,0.017057530167117366,0.08014925465966555,0.09717907493144413,0.0737316188132594,0.10746893348796399,0.030175550043907554,0.021625604958539213,0.016805394131645238,0.0959090203574408,0.16048029897628208,0.028188083010921405,0.13079467758050956
Wef4a3d6322b8f1560005,0.045590233660735335,0.017057530167117366,0.08014925465966555,0.09717907493144413,0.0737316188132594,0.10746893348796399,0.030175550043907554,0.021625604958539213,0.016805394131645238,0.0959090203574408,0.16048029897628208,0.028188083010921405,0.13079467758050956
Wef4a3d6322b8f1560006,0.045590233660735335,0.017057530167117366,0.08014925465966555,0.09717907493144413,0.0737316188132594,0.10746893348796399,0.030175550043907554,0.021625604958539213,0.016805394131645238,0.0959090203574408,0.16048029897628208,0.028188083010921405,0.13079467758050956
Wefcdce98f521c4be0000,0.010982108585127099,0.0008701846851342449,0.09921646431315756,0.08572701029698282,0.07531230415331576,0.09544209083762659,0.0055962532802704195,0.56805210657224,0.00039734424616139053,0.00587659523002773,0.0035853578603229994,0.034885795001925984,0.005964032094490363
Wefcdce98f521c4be0001,0.010982108585127099,0.0008701846851342449,0.09921646431315756,0.08572701029698282,0.07531230415331576,0.09544209083762659,0.0055962532802704195,0.56805210657224,0.00039734424616139053,0.00587659523002773,0.0035853578603229994,0.034885795001925984,0.005964032094490363
Wefcdce98f521c4be0002,0.010982108585127099,0.0008701846851342449,0.09921646431315756,0.08572701029698282,0.07531230415331576,0.09544209083762659,0.0055962532802704195,0.56805210657224,0.00039734424616139053,0.00587659523002773,0.0035853578603229994,0.034885795001925984,0.005964032094490363
Wefcdce98f521c4be0003,0.010982108585127099,0.0008701846851342449,0.09921646431315756,0.08572701029698282,0.07531230415331576,0.09544209083762659,0.0055962532802704195,0.56805210657224,0.00039734424616139053,0.00587659523002773,0.0035853578603229994,0.034885795001925984,0.005964032094490363
Wefcdce98f521c4be0004,0.010982108585127099,0.0008701846851342449,0.09921646431315756,0.08572701029698282,0.07531230415331576,0.09544209083762659,0.0055962532802704195,0.56805210657224,0.00039734424616139053,0.00587659523002773,0.0035853578603229994,0.034885795001925984,0.005964032094490363
Wefcdce98f521c4be0005,0.010982108585127099,0.0008701846851342449,0.09921646431315756,0.08572701029698282,0.07531230415331576,0.09544209083762659,0.0055962532802704195,0.56805210657224,0.00039734424616139053,0.00587659523002773,0.0035853578603229994,0.034885795001925984,0.005964032094490363
Wefcdce98f521c4be0006,0.010982108585127099,0.0008701846851342449,0.09921646431315756,0.08572701029698282,0.07531230415331576,0.09544209083762659,0.0055962532802704195,0.56805210657224,0.00039734424616139053,0.00587659523002773,0.0035853578603229994,0.034885795001925984,0.005964032094490363
Wf1d9f9e8929c4b4c0000,0.02274759345827599,0.007057798195566398,0.11167139857869393,0.05669401420740533,0.04724387539068327,0.0498449551475484,0.16457674422073962,0.020885880753436205,0.01369165761979225,0.09982203603678379,0.033304905958905895,0.013413235663493945,0.047957295518900406
Wf1d9f9e8929c4b4c0001,0.02274759345827599,0.007057798195566398,0.11167139857869393,0.05669401420740533,0.04724387539068327,0.0498449551475484,0.16457674422073962,0.020885880753436205,0.01369165761979225,0.09982203603678379,0.033304905958905895,0.013413235663493945,0.047957295518900406
Wf1d9f9e8929c4b4c0002,0.02274759345827599,0.007057798195566398,0.11167139857869393,0.05669401420740533,0.04724387539068327,0.0498449551475484,0.16457674422073962,0.020885880753436205,0.01369165761979225,0.09982203603678379,0.033304905958905895,0.013413235663493945,0.047957295518900406
Wf1d9f9e8929c4b4c0003,0.02274759345827599,0.007057798195566398,0.11167139857869393,0.05669401420740533,0.04724387539068327,0.0498449551475484,0.16457674422073962,0.020885880753436205,0.01369165761979225,0.09982203603678379,0.033304905958905895,0.013413235663493945,0.047957295518900406
Wf1d9f9e8929c4b4c0004,0.02274759345827599,0.007057798195566398,0.11167139857869393,0.05669401420740533,0.04724387539068327,0.0498449551475484,0.16457674422073962,0.020885880753436205,0.01369165761979225,0.09982203603678379,0.033304905958905895,0.013413235663493945,0.047957295518900406
Wf1d9f9e8929c4b4c0005,0.02274759345827599,0.007057798195566398,0.11167139857869393,0.05669401420740533,0.04724387539068327,0.0498449551475484,0.16457674422073962,0.020885880753436205,0.01369165761979225,0.09982203603678379,0.033304905958905895,0.013413235663493945,0.047957295518900406
Wf1d9f9e8929c4b4c0006,0.02274759345827599,0.007057798195566398,0.11167139857869393,0.05669401420740533,0.04724387539068327,0.0498449551475484,0.16457674422073962,0.020885880753436205,0.01369165761979225,0.09982203603678379,0.033304905958905895,0.013413235663493945,0.047957295518900406
Wf4758011109bcff40000,0.06643631215927356,0.6180425712885149,0.016324982222014717,0.026288501232184885,0.023869301852109653,0.04316661655841193,0.10380567919659844,0.010897165941997706,0.004709771249759823,0.019093031274249862,0.0064977918008752526,0.033078312944712,0.008755573975750273
Wf4758011109bcff40001,0.06643631215927356,0.6180425712885149,0.016324982222014717,0.026288501232184885,0.023869301852109653,0.04316661655841193,0.10380567919659844,0.010897165941997706,0.004709771249759823,0.019093031274249862,0.0064977918008752526,0.033078312944712,0.008755573975750273
Wf4758011109bcff40002,0.06643631215927356,0.6180425712885149,0.016324982222014717,0.026288501232184885,0.023869301852109653,0.04316661655841193,0.10380567919659844,0.010897165941997706,0.004709771249759823,0.019093031274249862,0.0064977918008752526,0.033078312944712,0.008755573975750273
Wf4758011109bcff40003,0.06643631215927356,0.6180425712885149,0.016324982222014717,0.026288501232184885,0.023869301852109653,0.04316661655841193,0.10380567919659844,0.010897165941997706,0.004709771249759823,0.019093031274249862,0.0064977918008752526,0.033078312944712,0.008755573975750273
Wf4758011109bcff40004,0.06643631215927356,0.6180425712885149,0.016324982222014717,0.026288501232184885,0.023869301852109653,0.04316661655841193,0.10380567919659844,0.010897165941997706,0.004709771249759823,0.019093031274249862,0.0064977918008752526,0.033078312944712,0.008755573975750273
Wf4758011109bcff40005,0.06643631215927356,0.6180425712885149,0.016324982222014717,0.026288501232184885,0.023869301852109653,0.04316661655841193,0.10380567919659844,0.010897165941997706,0.004709771249759823,0.019093031274249862,0.0064977918008752526,0.033078312944712,0.008755573975750273
Wf4758011109bcff40006,0.06643631215927356,0.6180425712885149,0.016324982222014717,0.026288501232184885,0.023869301852109653,0.04316661655841193,0.10380567919659844,0.010897165941997706,0.004709771249759823,0.019093031274249862,0.0064977918008752526,0.033078312944712,0.008755573975750273
Wf59b57b9ae65f7be0000,0.017030087666153597,0.0036665541810365705,0.0831732903657936,0.2245671680616297,0.15443637333626434,0.09720212023313245,0.033091157245068836,0.07258557343469026,0.0053334822786861415,0.13024669063870808,0.020542573485608853,0.030228593718868563,0.03352565028703124
Wf59b57b9ae65f7be0001,0.017030087666153597,0.0036665541810365705,0.0831732903657936,0.2245671680616297,0.15443637333626434,0.09720212023313245,0.033091157245068836,0.07258557343469026,0.0053334822786861415,0.13024669063870808,0.020542573485608853,0.030228593718868563,0.03352565028703124
Wf59b57b9ae65f7be0002,0.017030087666153597,0.0036665541810365705,0.0831732903657936,0.2245671680616297,0.15443637333626434,0.09720212023313245,0.033091157245068836,0.07258557343469026,0.0053334822786861415,0.13024669063870808,0.020542573485608853,0.030228593718868563,0.03352565028703124
Wf59b57b9ae65f7be0003,0.017030087666153597,0.0036665541810365705,0.0831732903657936,0.2245671680616297,0.15443637333626434,0.09720212023313245,0.033091157245068836,0.07258557343469026,0.0053334822786861415,0.13024669063870808,0.020542573485608853,0.030228593718868563,0.03352565028703124
Wf59b57b9ae65f7be0004,0.017030087666153597,0.0036665541810365705,0.0831732903657936,0.2245671680616297,0.15443637333626434,0.09720212023313245,0.033091157245068836,0.07258557343469026,0.0053334822786861415,0.13024669063870808,0.020542573485608853,0.030228593718868563,0.03352565028703124
Wf59b57b9ae65f7be0005,0.017030087666153597,0.0036665541810365705,0.0831732903657936,0.2245671680616297,0.15443637333626434,0.09720212023313245,0.033091157245068836,0.07258557343469026,0.0053334822786861415,0.13024669063870808,0.020542573485608853,0.030228593718868563,0.03352565028703124
Wf59b57b9ae65f7be0006,0.017030087666153597,0.0036665541810365705,0.0831732903657936,0.2245671680616297,0.15443637333626434,0.09720212023313245,0.033091157245068836,0.07258557343469026,0.0053334822786861415,0.13024669063870808,0.020542573485608853,0.030228593718868563,0.03352565028703124
Wf67e1729784c92fb0000,0.027280951541826103,0.008096610303593469,0.06859258317202865,0.0347190123001966,0.046567246739620864,0.020336475292988106,0.01298949284124355,0.6570552111802779,0.011105499060798218,0.021254952706676798,0.02200606359456179,0.022649298222117684,0.013408418349487238
Wf67e1729784c92fb0001,0.027280951541826103,0.008096610303593469,0.06859258317202865,0.0347190123001966,0.046567246739620864,0.020336475292988106,0.01298949284124355,0.6570552111802779,0.011105499060798218,0.021254952706676798,0.02200606359456179,0.022649298222117684,0.013408418349487238
Wf67e1729784c92fb0002,0.027280951541826103,0.008096610303593469,0.06859258317202865,0.0347190123001966,0.046567246739620864,0.020336475292988106,0.01298949284124355,0.6570552111802779,0.011105499060798218,0.021254952706676798,0.02200606359456179,0.022649298222117684,0.013408418349487238
Wf67e1729784c92fb0003,0.027280951541826103,0.008096610303593469,0.06859258317202865,0.0347190123001966,0.046567246739620864,0.020336475292988106,0.01298949284124355,0.6570552111802779,0.011105499060798218,0.021254952706676798,0.02200606359456179,0.022649298222117684,0.013408418349487238
Wf67e1729784c92fb0004,0.027280951541826103,0.008096610303593469,0.06859258317202865,0.0347190123001966,0.046567246739620864,0.020336475292988106,0.01298949284124355,0.6570552111802779,0.011105499060798218,0.021254952706676798,0.02200606359456179,0.022649298222117684,0.013408418349487238
Wf67e1729784c92fb0005,0.027280951541826103,0.008096610303593469,0.06859258317202865,0.0347190123001966,0.046567246739620864,0.020336475292988106,0.01298949284124355,0.6570552111802779,0.011105499060798218,0.021254952706676798,0.02200606359456179,0.022649298222117684,0.013408418349487238
Wf67e1729784c92fb0006,0.027280951541826103,0.008096610303593469,0.06859258317202865,0.0347190123001966,0.046567246739620864,0.020336475292988106,0.01298949284124355,0.6570552111802779,0.011105499060798218,0.021254952706676798,0.02200606359456179,0.022649298222117684,0.013408418349487238
Wf6efc5aaecd330440000,0.002721041811998215,4.462822656969497e-05,0.0013015465287222053,0.0032375525649581925,0.0009750218477165475,0.07441136038630523,0.002634734430256216,0.0014396444129645286,1.4599400862514476e-05,0.0011726789877295216,6.386173575387322e-05,0.9060042655589176,0.005022897484882734
Wf6efc5aaecd330440001,0.002721041811998215,4.462822656969497e-05,0.0013015465287222053,0.0032375525649581925,0.0009750218477165475,0.07441136038630523,0.002634734430256216,0.0014396444129645286,1.4599400862514476e-05,0.0011726789877295216,6.386173575387322e-05,0.9060042655589176,0.005022897484882734
Wf6efc5aaecd330440002,0.002721041811998215,4.462822656969497e-05,0.0013015465287222053,0.0032375525649581925,0.0009750218477165475,0.07441136038630523,0.002634734430256216,0.0014396444129645286,1.4599400862514476e-05,0.0011726789877295216,6.386173575387322e-05,0.9060042655589176,0.005022897484882734
Wf6efc5aaecd330440003,0.002721041811998215,4.462822656969497e-05,0.0013015465287222053,0.0032375525649581925,0.0009750218477165475,0.07441136038630523,0.002634734430256216,0.0014396444129645286,1.4599400862514476e-05,0.0011726789877295216,6.386173575387322e-05,0.9060042655589176,0.005022897484882734
Wf6efc5aaecd330440004,0.002721041811998215,4.462822656969497e-05,0.0013015465287222053,0.0032375525649581925,0.0009750218477165475,0.07441136038630523,0.002634734430256216,0.0014396444129645286,1.4599400862514476e-05,0.0011726789877295216,6.386173575387322e-05,0.9060042655589176,0.005022897484882734
Wf6efc5aaecd330440005,0.002721041811998215,4.462822656969497e-05,0.0013015465287222053,0.0032375525649581925,0.0009750218477165475,0.07441136038630523,0.002634734430256216,0.0014396444129645286,1.4599400862514476e-05,0.0011726789877295216,6.386173575387322e-05,0.9060042655589176,0.005022897484882734
Wf6efc5aaecd330440006,0.002721041811998215,4.462822656969497e-05,0.0013015465287222053,0.0032375525649581925,0.0009750218477165475,0.07441136038630523,0.002634734430256216,0.0014396444129645286,1.4599400862514476e-05,0.0011726789877295216,6.386173575387322e-05,0.9060042655589176,0.005022897484882734
Wf71d5a82e2b2591a0000,0.0071196773018856645,0.005528205555042759,0.033920628560158046,0.01637034197859612,0.051334587804097775,0.004052369502208095,0.014541600084367121,0.3153776385701209,0.04723234900930217,0.008278085201801118,0.3185360678863801,0.04154796926044887,0.017480152791897505
Wf71d5a82e2b2591a0001,0.0071196773018856645,0.005528205555042759,0.033920628560158046,0.01637034197859612,0.051334587804097775,0.004052369502208095,0.014541600084367121,0.3153776385701209,0.04723234900930217,0.008278085201801118,0.3185360678863801,0.04154796926044887,0.017480152791897505
Wf71d5a82e2b2591a0002,0.0071196773018856645,0.005528205555042759,0.033920628560158046,0.01637034197859612,0.051334587804097775,0.004052369502208095,0.014541600084367121,0.3153776385701209,0.04723234900930217,0.008278085201801118,0.3185360678863801,0.04154796926044887,0.017480152791897505
Wf71d5a82e2b2591a0003,0.0071196773018856645,0.005528205555042759,0.033920628560158046,0.01637034197859612,0.051334587804097775,0.004052369502208095,0.014541600084367121,0.3153776385701209,0.04723234900930217,0.008278085201801118,0.3185360678863801,0.04154796926044887,0.017480152791897505
Wf71d5a82e2b2591a0004,0.0071196773018856645,0.005528205555042759,0.033920628560158046,0.01637034197859612,0.051334587804097775,0.004052369502208095,0.014541600084367121,0.3153776385701209,0.04723234900930217,0.008278085201801118,0.3185360678863801,0.04154796926044887,0.017480152791897505
Wf71d5a82e2b2591a0005,0.0071196773018856645,0.005528205555042759,0.033920628560158046,0.01637034197859612,0.051334587804097775,0.004052369502208095,0.014541600084367121,0.3153776385701209,0.04723234900930217,0.008278085201801118,0.3185360678863801,0.04154796926044887,0.017480152791897505
Wf71d5a82e2b2591a0006,0.0071196773018856645,0.005528205555042759,0.033920628560158046,0.01637034197859612,0.051334587804097775,0.004052369502208095,0.014541600084367121,0.3153776385701209,0.04723234900930217,0.008278085201801118,0.3185360678863801,0.04154796926044887,0.017480152791897505
Wf9376d0a25f5831f0000,0.005285593211497849,0.7354922571601613,0.03190249930938845,0.023518340248698855,0.024508349644423794,0.0053679991831713375,0.05488728701613758,0.009854961456904794,0.004594301877222722,0.008311448673723897,0.023772077707712422,0.007396458194440247,0.02174107038775994
Wf9376d0a25f5831f0001,0.005285593211497849,0.7354922571601613,0.03190249930938845,0.023518340248698855,0.024508349644423794,0.0053679991831713375,0.05488728701613758,0.009854961456904794,0.004594301877222722,0.008311448673723897,0.023772077707712422,0.007396458194440247,0.02174107038775994
Wf9376d0a25f5831f0002,0.005285593211497849,0.7354922571601613,0.03190249930938845,0.023518340248698855,0.024508349644423794,0.0053679991831713375,0.05488728701613758,0.009854961456904794,0.004594301877222722,0.008311448673723897,0.023772077707712422,0.007396458194440247,0.02174107038775994
Wf9376d0a25f5831f0003,0.005285593211497849,0.7354922571601613,0.03190249930938845,0.023518340248698855,0.024508349644423794,0.0053679991831713375,0.05488728701613758,0.009854961456904794,0.004594301877222722,0.008311448673723897,0.023772077707712422,0.007396458194440247,0.02174107038775994
Wf9376d0a25f5831f0004,0.005285593211497849,0.7354922571601613,0.03190249930938845,0.023518340248698855,0.024508349644423794,0.0053679991831713375,0.05488728701613758,0.009854961456904794,0.004594301877222722,0.008311448673723897,0.023772077707712422,0.007396458194440247,0.02174107038775994
Wf9376d0a25f5831f0005,0.005285593211497849,0.7354922571601613,0.03190249930938845,0.023518340248698855,0.024508349644423794,0.0053679991831713375,0.05488728701613758,0.009854961456904794,0.004594301877222722,0.008311448673723897,0.023772077707712422,0.007396458194440247,0.02174107038775994
Wf9376d0a25f5831f0006,0.005285593211497849,0.7354922571601613,0.03190249930938845,0.023518340248698855,0.024508349644423794,0.0053679991831713375,0.05488728701613758,0.009854961456904794,0.004594301877222722,0.008311448673723897,0.023772077707712422,0.007396458194440247,0.02174107038775994
Wfaa483cc9bda9fb40000,0.009089134841652162,0.0014428856703101883,0.042854329965502855,0.039402693257308656,0.013336651153335183,0.00831775713594854,0.03171848687951004,0.029355101716268133,0.027981835532121874,0.02640316928191866,0.030231040432816856,0.001186596156640764,0.04026262680844072
Wfaa483cc9bda9fb40001,0.009089134841652162,0.0014428856703101883,0.042854329965502855,0.039402693257308656,0.013336651153335183,0.00831775713594854,0.03171848687951004,0.029355101716268133,0.027981835532121874,0.02640316928191866,0.030231040432816856,0.001186596156640764,0.04026262680844072
Wfaa483cc9bda9fb40002,0.009089134841652162,0.0014428856703101883,0.042854329965502855,0.039402693257308656,0.013336651153335183,0.00831775713594854,0.03171848687951004,0.029355101716268133,0.027981835532121874,0.02640316928191866,0.030231040432816856,0.001186596156640764,0.04026262680844072
Wfaa483cc9bda9fb40003,0.009089134841652162,0.0014428856703101883,0.042854329965502855,0.039402693257308656,0.013336651153335183,0.00831775713594854,0.03171848687951004,0.029355101716268133,0.027981835532121874,0.02640316928191866,0.030231040432816856,0.001186596156640764,0.04026262680844072
Wfaa483cc9bda9fb40004,0.009089134841652162,0.0014428856703101883,0.042854329965502855,0.039402693257308656,0.013336651153335183,0.00831775713594854,0.03171848687951004,0.029355101716268133,0.027981835532121874,0.02640316928191866,0.030231040432816856,0.001186596156640764,0.04026262680844072
Wfaa483cc9bda9fb40005,0.009089134841652162,0.0014428856703101883,0.042854329965502855,0.039402693257308656,0.013336651153335183,0.00831775713594854,0.03171848687951004,0.029355101716268133,0.027981835532121874,0.02640316928191866,0.030231040432816856,0.001186596156640764,0.04026262680844072
Wfaa483cc9bda9fb40006,0.009089134841652162,0.0014428856703101883,0.042854329965502855,0.039402693257308656,0.013336651153335183,0.00831775713594854,0.03171848687951004,0.029355101716268133,0.027981835532121874,0.02640316928191866,0.030231040432816856,0.001186596156640764,0.04026262680844072
Wfaba63e098f23be50000,0.021089192806946155,0.8451769277867914,0.006492962643739181,0.003337512003905157,0.005093960375486998,0.0020286345720953785,0.00852326615714791,0.011002167828770205,0.04974093419807626,0.005473913622311468,0.022986692241152577,0.00991230738162574,0.002443829457078197
Wfaba63e098f23be50001,0.021089192806946155,0.8451769277867914,0.006492962643739181,0.003337512003905157,0.005093960375486998,0.0020286345720953785,0.00852326615714791,0.011002167828770205,0.04974093419807626,0.005473913622311468,0.022986692241152577,0.00991230738162574,0.002443829457078197
Wfaba63e098f23be50002,0.021089192806946155,0.8451769277867914,0.006492962643739181,0.003337512003905157,0.005093960375486998,0.0020286345720953785,0.00852326615714791,0.011002167828770205,0.04974093419807626,0.005473913622311468,0.022986692241152577,0.00991230738162574,0.002443829457078197
Wfaba63e098f23be50003,0.021089192806946155,0.8451769277867914,0.006492962643739181,0.003337512003905157,0.005093960375486998,0.0020286345720953785,0.00852326615714791,0.011002167828770205,0.04974093419807626,0.005473913622311468,0.022986692241152577,0.00991230738162574,0.002443829457078197
Wfaba63e098f23be50004,0.021089192806946155,0.8451769277867914,0.006492962643739181,0.003337512003905157,0.005093960375486998,0.0020286345720953785,0.00852326615714791,0.011002167828770205,0.04974093419807626,0.005473913622311468,0.022986692241152577,0.00991230738162574,0.002443829457078197
Wfaba63e098f23be50005,0.021089192806946155,0.8451769277867914,0.006492962643739181,0.003337512003905157,0.005093960375486998,0.0020286345720953785,0.00852326615714791,0.011002167828770205,0.04974093419807626,0.005473913622311468,0.022986692241152577,0.00991230738162574,0.002443829457078197
Wfaba63e098f23be50006,0.021089192806946155,0.8451769277867914,0.006492962643739181,0.003337512003905157,0.005093960375486998,0.0020286345720953785,0.00852326615714791,0.011002167828770205,0.04974093419807626,0.005473913622311468,0.022986692241152577,0.00991230738162574,0.002443829457078197
Wfdd58305c41484a30000,0.0033942664082245336,0.0017945676710074039,0.05490801181728709,0.013134315223407455,0.02951635324403672,0.016027258394016086,0.00794305646255409,0.12125619834758043,0.12510790012897738,0.10833388111681486,0.4562754921571878,0.00693332266050561,0.009493856814865928
Wfdd58305c41484a30001,0.0033942664082245336,0.0017945676710074039,0.05490801181728709,0.013134315223407455,0.02951635324403672,0.016027258394016086,0.00794305646255409,0.12125619834758043,0.12510790012897738,0.10833388111681486,0.4562754921571878,0.00693332266050561,0.009493856814865928
Wfdd58305c41484a30002,0.0033942664082245336,0.0017945676710074039,0.05490801181728709,0.013134315223407455,0.02951635324403672,0.016027258394016086,0.00794305646255409,0.12125619834758043,0.12510790012897738,0.10833388111681486,0.4562754921571878,0.00693332266050561,0.009493856814865928
Wfdd58305c41484a30003,0.0033942664082245336,0.0017945676710074039,0.05490801181728709,0.013134315223407455,0.02951635324403672,0.016027258394016086,0.00794305646255409,0.12125619834758043,0.12510790012897738,0.10833388111681486,0.4562754921571878,0.00693332266050561,0.009493856814865928
Wfdd58305c41484a30004,0.0033942664082245336,0.0017945676710074039,0.05490801181728709,0.013134315223407455,0.02951635324403672,0.016027258394016086,0.00794305646255409,0.12125619834758043,0.12510790012897738,0.10833388111681486,0.4562754921571878,0.00693332266050561,0.009493856814865928
Wfdd58305c41484a30005,0.0033942664082245336,0.0017945676710074039,0.05490801181728709,0.013134315223407455,0.02951635324403672,0.016027258394016086,0.00794305646255409,0.12125619834758043,0.12510790012897738,0.10833388111681486,0.4562754921571878,0.00693332266050561,0.009493856814865928
Wfdd58305c41484a30006,0.0033942664082245336,0.0017945676710074039,0.05490801181728709,0.013134315223407455,0.02951635324403672,0.016027258394016086,0.00794305646255409,0.12125619834758043,0.12510790012897738,0.10833388111681486,0.4562754921571878,0.00693332266050561,0.009493856814865928
Wfe087e60becde77e0000,0.003573552508714299,0.0029729226748788037,0.033300776573441035,0.024870300263756254,0.023033678019044032,0.0062038220786679275,0.015979989208208704,0.07724083240918897,0.6162088565715147,0.011504158715774825,0.11136475456041789,0.0029149417982547456,0.014180941098337214
Wfe087e60becde77e0001,0.003573552508714299,0.0029729226748788037,0.033300776573441035,0.024870300263756254,0.023033678019044032,0.0062038220786679275,0.015979989208208704,0.07724083240918897,0.6162088565715147,0.011504158715774825,0.11136475456041789,0.0029149417982547456,0.014180941098337214
Wfe087e60becde77e0002,0.003573552508714299,0.0029729226748788037,0.033300776573441035,0.024870300263756254,0.023033678019044032,0.0062038220786679275,0.015979989208208704,0.07724083240918897,0.6162088565715147,0.011504158715774825,0.11136475456041789,0.0029149417982547456,0.014180941098337214
Wfe087e60becde77e0003,0.003573552508714299,0.0029729226748788037,0.033300776573441035,0.024870300263756254,0.023033678019044032,0.0062038220786679275,0.015979989208208704,0.07724083240918897,0.6162088565715147,0.011504158715774825,0.11136475456041789,0.0029149417982547456,0.014180941098337214
Wfe087e60becde77e0004,0.003573552508714299,0.0029729226748788037,0.033300776573441035,0.024870300263756254,0.023033678019044032,0.0062038220786679275,0.015979989208208704,0.07724083240918897,0.6162088565715147,0.011504158715774825,0.11136475456041789,0.0029149417982547456,0.014180941098337214
Wfe087e60becde77e0005,0.003573552508714299,0.0029729226748788037,0.033300776573441035,0.024870300263756254,0.023033678019044032,0.0062038220786679275,0.015979989208208704,0.07724083240918897,0.6162088565715147,0.011504158715774825,0.11136475456041789,0.0029149417982547456,0.014180941098337214
Wfe087e60becde77e0006,0.003573552508714299,0.0029729226748788037,0.033300776573441035,0.024870300263756254,0.023033678019044032,0.0062038220786679275,0.015979989208208704,0.07724083240918897,0.6162088565715147,0.011504158715774825,0.11136475456041789,0.0029149417982547456,0.014180941098337214
Wfe131a9a23bcd6b40000,0.011176424613952003,0.8278349074007763,0.010135985078321511,0.005271601976165645,0.008173335095908724,0.002385367747014152,0.0470147144437759,0.006063025807522402,0.005496175486121205,0.006540982388291646,0.02400868364776809,0.0029500650583527415,0.014303641598743215
Wfe131a9a23bcd6b40001,0.011176424613952003,0.8278349074007763,0.010135985078321511,0.005271601976165645,0.008173335095908724,0.002385367747014152,0.0470147144437759,0.006063025807522402,0.005496175486121205,0.006540982388291646,0.02400868364776809,0.0029500650583527415,0.014303641598743215
Wfe131a9a23bcd6b40002,0.011176424613952003,0.8278349074007763,0.010135985078321511,0.005271601976165645,0.008173335095908724,0.002385367747014152,0.0470147144437759,0.006063025807522402,0.005496175486121205,0.006540982388291646,0.02400868364776809,0.0029500650583527415,0.014303641598743215
Wfe131a9a23bcd6b40003,0.011176424613952003,0.8278349074007763,0.010135985078321511,0.005271601976165645,0.008173335095908724,0.002385367747014152,0.0470147144437759,0.006063025807522402,0.005496175486121205,0.006540982388291646,0.02400868364776809,0.0029500650583527415,0.014303641598743215
Wfe131a9a23bcd6b40004,0.011176424613952003,0.8278349074007763,0.010135985078321511,0.005271601976165645,0.008173335095908724,0.002385367747014152,0.0470147144437759,0.006063025807522402,0.005496175486121205,0.006540982388291646,0.02400868364776809,0.0029500650583527415,0.014303641598743215
Wfe131a9a23bcd6b40005,0.011176424613952003,0.8278349074007763,0.010135985078321511,0.005271601976165645,0.008173335095908724,0.002385367747014152,0.0470147144437759,0.006063025807522402,0.005496175486121205,0.006540982388291646,0.02400868364776809,0.0029500650583527415,0.014303641598743215
Wfe131a9a23bcd6b40006,0.011176424613952003,0.8278349074007763,0.010135985078321511,0.005271601976165645,0.008173335095908724,0.002385367747014152,0.0470147144437759,0.006063025807522402,0.005496175486121205,0.006540982388291646,0.02400868364776809,0.0029500650583527415,0.014303641598743215
Wfe5b5fd90a0f32520000,0.007435067175321115,0.03031874617461808,0.03804372134145594,0.039800418761116355,0.04049268577435002,0.11052019948640855,0.6433518253476463,0.007911356056570368,0.003424790603516574,0.0035039683863885697,0.015521660407999198,0.029370961608002177,0.007963521751509543
Wfe5b5fd90a0f32520001,0.007435067175321115,0.03031874617461808,0.03804372134145594,0.039800418761116355,0.04049268577435002,0.11052019948640855,0.6433518253476463,0.007911356056570368,0.003424790603516574,0.0035039683863885697,0.015521660407999198,0.029370961608002177,0.007963521751509543
Wfe5b5fd90a0f32520002,0.007435067175321115,0.03031874617461808,0.03804372134145594,0.039800418761116355,0.04049268577435002,0.11052019948640855,0.6433518253476463,0.007911356056570368,0.003424790603516574,0.0035039683863885697,0.015521660407999198,0.029370961608002177,0.007963521751509543
Wfe5b5fd90a0f32520003,0.007435067175321115,0.03031874617461808,0.03804372134145594,0.039800418761116355,0.04049268577435002,0.11052019948640855,0.6433518253476463,0.007911356056570368,0.003424790603516574,0.0035039683863885697,0.015521660407999198,0.029370961608002177,0.007963521751509543
Wfe5b5fd90a0f32520004,0.007435067175321115,0.03031874617461808,0.03804372134145594,0.039800418761116355,0.04049268577435002,0.11052019948640855,0.6433518253476463,0.007911356056570368,0.003424790603516574,0.0035039683863885697,0.015521660407999198,0.029370961608002177,0.007963521751509543
Wfe5b5fd90a0f32520005,0.007435067175321115,0.03031874617461808,0.03804372134145594,0.039800418761116355,0.04049268577435002,0.11052019948640855,0.6433518253476463,0.007911356056570368,0.003424790603516574,0.0035039683863885697,0.015521660407999198,0.029370961608002177,0.007963521751509543
Wfe5b5fd90a0f32520006,0.007435067175321115,0.03031874617461808,0.03804372134145594,0.039800418761116355,0.04049268577435002,0.11052019948640855,0.6433518253476463,0.007911356056570368,0.003424790603516574,0.0035039683863885697,0.015521660407999198,0.029370961608002177,0.007963521751509543
Wfeb1d9279b09dcc20000,0.013833100589878241,0.15113412822853686,0.03089396638520493,0.043559870828782286,0.062393161901783345,0.005181598013795615,0.029146050862730134,0.0540552441479402,0.010501726429610567,0.022134027621895792,0.12777133987832182,0.005052664263939595,0.06711593203768201
Wfeb1d9279b09dcc20001,0.013833100589878241,0.15113412822853686,0.03089396638520493,0.043559870828782286,0.062393161901783345,0.005181598013795615,0.029146050862730134,0.0540552441479402,0.010501726429610567,0.022134027621895792,0.12777133987832182,0.005052664263939595,0.06711593203768201
Wfeb1d9279b09dcc20002,0.013833100589878241,0.15113412822853686,0.03089396638520493,0.043559870828782286,0.062393161901783345,0.005181598013795615,0.029146050862730134,0.0540552441479402,0.010501726429610567,0.022134027621895792,0.12777133987832182,0.005052664263939595,0.06711593203768201
Wfeb1d9279b09dcc20003,0.013833100589878241,0.15113412822853686,0.03089396638520493,0.043559870828782286,0.062393161901783345,0.005181598013795615,0.029146050862730134,0.0540552441479402,0.010501726429610567,0.022134027621895792,0.12777133987832182,0.005052664263939595,0.06711593203768201
Wfeb1d9279b09dcc20004,0.013833100589878241,0.15113412822853686,0.03089396638520493,0.043559870828782286,0.062393161901783345,0.005181598013795615,0.029146050862730134,0.0540552441479402,0.010501726429610567,0.022134027621895792,0.12777133987832182,0.005052664263939595,0.06711593203768201
Wfeb1d9279b09dcc20005,0.013833100589878241,0.15113412822853686,0.03089396638520493,0.043559870828782286,0.062393161901783345,0.005181598013795615,0.029146050862730134,0.0540552441479402,0.010501726429610567,0.022134027621895792,0.12777133987832182,0.005052664263939595,0.06711593203768201
Wfeb1d9279b09dcc20006,0.013833100589878241,0.15113412822853686,0.03089396638520493,0.043559870828782286,0.062393161901783345,0.005181598013795615,0.029146050862730134,0.0540552441479402,0.010501726429610567,0.022134027621895792,0.12777133987832182,0.005052664263939595,0.06711593203768201
Wfebd5f1c4ad913370000,0.015288936486398627,0.002703289048393293,0.031734683455123744,0.03934869690716662,0.08037947985242819,0.026675884587476776,0.04084555224373694,0.6907506152494199,0.00599577162141164,0.005248119310876215,0.011444543347209901,0.022084589501871234,0.005297740922503909
Wfebd5f1c4ad913370001,0.015288936486398627,0.002703289048393293,0.031734683455123744,0.03934869690716662,0.08037947985242819,0.026675884587476776,0.04084555224373694,0.6907506152494199,0.00599577162141164,0.005248119310876215,0.011444543347209901,0.022084589501871234,0.005297740922503909
Wfebd5f1c4ad913370002,0.015288936486398627,0.002703289048393293,0.031734683455123744,0.03934869690716662,0.08037947985242819,0.026675884587476776,0.04084555224373694,0.6907506152494199,0.00599577162141164,0.005248119310876215,0.011444543347209901,0.022084589501871234,0.005297740922503909
Wfebd5f1c4ad913370003,0.015288936486398627,0.002703289048393293,0.031734683455123744,0.03934869690716662,0.08037947985242819,0.026675884587476776,0.04084555224373694,0.6907506152494199,0.00599577162141164,0.005248119310876215,0.011444543347209901,0.022084589501871234,0.005297740922503909
Wfebd5f1c4ad913370004,0.015288936486398627,0.002703289048393293,0.031734683455123744,0.03934869690716662,0.08037947985242819,0.026675884587476776,0.04084555224373694,0.6907506152494199,0.00599577162141164,0.005248119310876215,0.011444543347209901,0.022084589501871234,0.005297740922503909
Wfebd5f1c4ad913370005,0.015288936486398627,0.002703289048393293,0.031734683455123744,0.03934869690716662,0.08037947985242819,0.026675884587476776,0.04084555224373694,0.6907506152494199,0.00599577162141164,0.005248119310876215,0.011444543347209901,0.022084589501871234,0.005297740922503909
Wfebd5f1c4ad913370006,0.015288936486398627,0.002703289048393293,0.031734683455123744,0.03934869690716662,0.08037947985242819,0.026675884587476776,0.04084555224373694,0.6907506152494199,0.00599577162141164,0.005248119310876215,0.011444543347209901,0.022084589501871234,0.005297740922503909
