window_id,F01,F02,F03,F04,F05,F06,F07,F08,F09,F10,F11,F12,F13
W000adee795ae7cdb0000,0.8282751563911851,0.004265010164957315,0.015328145263938657,0.015309206642643597,0.012043846897996365,0.04167113756026467,0.007630565515343444,5.489369125912296e-05,2.6639871455866975e-05,0.005690028498681667,0.002134500861244606,0.06142677842265483,0.0024223613977061406
W000adee795ae7cdb0001,0.8282751563911851,0.004265010164957315,0.015328145263938657,0.015309206642643597,0.012043846897996365,0.04167113756026467,0.007630565515343444,5.489369125912296e-05,2.6639871455866975e-05,0.005690028498681667,0.002134500861244606,0.06142677842265483,0.0024223613977061406
W000adee795ae7cdb0002,0.8282751563911851,0.004265010164957315,0.015328145263938657,0.015309206642643597,0.012043846897996365,0.04167113756026467,0.007630565515343444,5.489369125912296e-05,2.6639871455866975e-05,0.005690028498681667,0.002134500861244606,0.06142677842265483,0.0024223613977061406
W000adee795ae7cdb0003,0.8282751563911851,0.004265010164957315,0.015328145263938657,0.015309206642643597,0.012043846897996365,0.04167113756026467,0.007630565515343444,5.489369125912296e-05,2.6639871455866975e-05,0.005690028498681667,0.002134500861244606,0.06142677842265483,0.0024223613977061406
W000adee795ae7cdb0004,0.8282751563911851,0.004265010164957315,0.015328145263938657,0.015309206642643597,0.012043846897996365,0.04167113756026467,0.007630565515343444,5.489369125912296e-05,2.6639871455866975e-05,0.005690028498681667,0.002134500861244606,0.06142677842265483,0.0024223613977061406
W000adee795ae7cdb0005,0.8282751563911851,0.004265010164957315,0.015328145263938657,0.015309206642643597,0.012043846897996365,0.04167113756026467,0.007630565515343444,5.489369125912296e-05,2.6639871455866975e-05,0.005690028498681667,0.002134500861244606,0.06142677842265483,0.0024223613977061406
W000adee795ae7cdb0006,0.8282751563911851,0.004265010164957315,0.015328145263938657,0.015309206642643597,0.012043846897996365,0.04167113756026467,0.007630565515343444,5.489369125912296e-05,2.6639871455866975e-05,0.005690028498681667,0.002134500861244606,0.06142677842265483,0.0024223613977061406
W00d9b92b429254d10000,0.004750820634108246,0.8664781666645943,0.003957628709624573,0.005339555861756769,0.004760440890972002,0.0016493032544315084,0.006912585824064427,0.007924675332002954,0.06317373949158436,0.0019673471322240645,0.02553293930041504,0.0026396984866016364,0.0014359837479378137
W00d9b92b429254d10001,0.004750820634108246,0.8664781666645943,0.003957628709624573,0.005339555861756769,0.004760440890972002,0.0016493032544315084,0.006912585824064427,0.007924675332002954,0.06317373949158436,0.0019673471322240645,0.02553293930041504,0.0026396984866016364,0.0014359837479378137
W00d9b92b429254d10002,0.004750820634108246,0.8664781666645943,0.003957628709624573,0.005339555861756769,0.004760440890972002,0.0016493032544315084,0.006912585824064427,0.007924675332002954,0.06317373949158436,0.0019673471322240645,0.02553293930041504,0.0026396984866016364,0.0014359837479378137
W00d9b92b429254d10003,0.004750820634108246,0.8664781666645943,0.003957628709624573,0.005339555861756769,0.004760440890972002,0.0016493032544315084,0.006912585824064427,0.007924675332002954,0.06317373949158436,0.0019673471322240645,0.02553293930041504,0.0026396984866016364,0.0014359837479378137
W00d9b92b429254d10004,0.004750820634108246,0.8664781666645943,0.003957628709624573,0.005339555861756769,0.004760440890972002,0.0016493032544315084,0.006912585824064427,0.007924675332002954,0.06317373949158436,0.0019673471322240645,0.02553293930041504,0.0026396984866016364,0.0014359837479378137
W00d9b92b429254d10005,0.004750820634108246,0.8664781666645943,0.003957628709624573,0.005339555861756769,0.004760440890972002,0.0016493032544315084,0.006912585824064427,0.007924675332002954,0.06317373949158436,0.0019673471322240645,0.02553293930041504,0.0026396984866016364,0.0014359837479378137
W00d9b92b429254d10006,0.004750820634108246,0.8664781666645943,0.003957628709624573,0.005339555861756769,0.004760440890972002,0.0016493032544315084,0.006912585824064427,0.007924675332002954,0.06317373949158436,0.0019673471322240645,0.02553293930041504,0.0026396984866016364,0.0014359837479378137
W011c5210582bb0430000,0.03171627929927915,0.004838899922978707,0.4579500562177868,0.2222868293873076,0.09960637935449833,0.023510562088502922,0.02173552859813103,0.0052620863897156755,0.017326315827922004,0.011143941936727296,0.010620424044713058,0.02648932760054552,0.021177883751196433
W011c5210582bb0430001,0.03171627929927915,0.004838899922978707,0.4579500562177868,0.2222868293873076,0.09960637935449833,0.023510562088502922,0.02173552859813103,0.0052620863897156755,0.017326315827922004,0.011143941936727296,0.010620424044713058,0.02648932760054552,0.021177883751196433
W011c5210582bb0430002,0.03171627929927915,0.004838899922978707,0.4579500562177868,0.2222868293873076,0.09960637935449833,0.023510562088502922,0.02173552859813103,0.0052620863897156755,0.017326315827922004,0.011143941936727296,0.010620424044713058,0.02648932760054552,0.021177883751196433
W011c5210582bb0430003,0.03171627929927915,0.004838899922978707,0.4579500562177868,0.2222868293873076,0.09960637935449833,0.023510562088502922,0.02173552859813103,0.0052620863897156755,0.017326315827922004,0.011143941936727296,0.010620424044713058,0.02648932760054552,0.021177883751196433
W011c5210582bb0430004,0.03171627929927915,0.004838899922978707,0.4579500562177868,0.2222868293873076,0.09960637935449833,0.023510562088502922,0.02173552859813103,0.0052620863897156755,0.017326315827922004,0.011143941936727296,0.010620424044713058,0.02648932760054552,0.021177883751196433
W011c5210582bb0430005,0.03171627929927915,0.004838899922978707,0.4579500562177868,0.2222868293873076,0.09960637935449833,0.023510562088502922,0.02173552859813103,0.0052620863897156755,0.017326315827922004,0.011143941936727296,0.010620424044713058,0.02648932760054552,0.021177883751196433
W011c5210582bb0430006,0.03171627929927915,0.004838899922978707,0.4579500562177868,0.2222868293873076,0.09960637935449833,0.023510562088502922,0.02173552859813103,0.0052620863897156755,0.017326315827922004,0.011143941936727296,0.010620424044713058,0.02648932760054552,0.021177883751196433
W01dad0ab3839cd3a0000,0.0038209607311587897,0.005223500771962721,0.020565073084633945,0.014952812473050013,0.01940819650820464,0.00424945712444831,0.018712712214799875,0.047591572507819244,0.675860548992149,0.028356649040863494,0.06821048017895599,0.006738616764947609,0.02620917582213475
W01dad0ab3839cd3a0001,0.0038209607311587897,0.005223500771962721,0.020565073084633945,0.014952812473050013,0.01940819650820464,0.00424945712444831,0.018712712214799875,0.047591572507819244,0.675860548992149,0.028356649040863494,0.06821048017895599,0.006738616764947609,0.02620917582213475
W01dad0ab3839cd3a0002,0.0038209607311587897,0.005223500771962721,0.020565073084633945,0.014952812473050013,0.01940819650820464,0.00424945712444831,0.018712712214799875,0.047591572507819244,0.675860548992149,0.028356649040863494,0.06821048017895599,0.006738616764947609,0.02620917582213475
W01dad0ab3839cd3a0003,0.0038209607311587897,0.005223500771962721,0.020565073084633945,0.014952812473050013,0.01940819650820464,0.00424945712444831,0.018712712214799875,0.047591572507819244,0.675860548992149,0.028356649040863494,0.06821048017895599,0.006738616764947609,0.02620917582213475
W01dad0ab3839cd3a0004,0.0038209607311587897,0.005223500771962721,0.020565073084633945,0.014952812473050013,0.01940819650820464,0.00424945712444831,0.018712712214799875,0.047591572507819244,0.675860548992149,0.028356649040863494,0.06821048017895599,0.006738616764947609,0.02620917582213475
W01dad0ab3839cd3a0005,0.0038209607311587897,0.005223500771962721,0.020565073084633945,0.014952812473050013,0.01940819650820464,0.00424945712444831,0.018712712214799875,0.047591572507819244,0.675860548992149,0.028356649040863494,0.06821048017895599,0.006738616764947609,0.02620917582213475
W01dad0ab3839cd3a0006,0.0038209607311587897,0.005223500771962721,0.020565073084633945,0.014952812473050013,0.01940819650820464,0.00424945712444831,0.018712712214799875,0.047591572507819244,0.675860548992149,0.028356649040863494,0.06821048017895599,0.006738616764947609,0.02620917582213475
W0257b7e5d137a4440000,0.0030172118008337436,0.0002109570177125092,0.004735904932663308,0.010290809187347297,0.003575782171216138,0.15510528154127637,0.0021873429530786435,0.0012318034198740783,0.00012051148465034518,0.000360625116274208,0.000321812195614387,0.8123812779386338,0.004790351413908399
W0257b7e5d137a4440001,0.0030172118008337436,0.0002109570177125092,0.004735904932663308,0.010290809187347297,0.003575782171216138,0.15510528154127637,0.0021873429530786435,0.0012318034198740783,0.00012051148465034518,0.000360625116274208,0.000321812195614387,0.8123812779386338,0.004790351413908399
W0257b7e5d137a4440002,0.0030172118008337436,0.0002109570177125092,0.004735904932663308,0.010290809187347297,0.003575782171216138,0.15510528154127637,0.0021873429530786435,0.0012318034198740783,0.00012051148465034518,0.000360625116274208,0.000321812195614387,0.8123812779386338,0.004790351413908399
W0257b7e5d137a4440003,0.0030172118008337436,0.0002109570177125092,0.004735904932663308,0.010290809187347297,0.003575782171216138,0.15510528154127637,0.0021873429530786435,0.0012318034198740783,0.00012051148465034518,0.000360625116274208,0.000321812195614387,0.8123812779386338,0.004790351413908399
W0257b7e5d137a4440004,0.0030172118008337436,0.0002109570177125092,0.004735904932663308,0.010290809187347297,0.003575782171216138,0.15510528154127637,0.0021873429530786435,0.0012318034198740783,0.00012051148465034518,0.000360625116274208,0.000321812195614387,0.8123812779386338,0.004790351413908399
W0257b7e5d137a4440005,0.0030172118008337436,0.0002109570177125092,0.004735904932663308,0.010290809187347297,0.003575782171216138,0.15510528154127637,0.0021873429530786435,0.0012318034198740783,0.00012051148465034518,0.000360625116274208,0.000321812195614387,0.8123812779386338,0.004790351413908399
W0257b7e5d137a4440006,0.0030172118008337436,0.0002109570177125092,0.004735904932663308,0.010290809187347297,0.003575782171216138,0.15510528154127637,0.0021873429530786435,0.0012318034198740783,0.00012051148465034518,0.000360625116274208,0.000321812195614387,0.8123812779386338,0.004790351413908399
W0290b13796da5daa0000,0.006417724747722893,0.003995298005945906,0.04586628548381187,0.13954726571137233,0.054296808734794894,0.10889278371419707,0.01850176244239968,0.02902428504198681,0.07017211719442498,0.09737273358945554,0.1331451518446359,0.012423989300054047,0.048735949491640014
W0290b13796da5daa0001,0.006417724747722893,0.003995298005945906,0.04586628548381187,0.13954726571137233,0.054296808734794894,0.10889278371419707,0.01850176244239968,0.02902428504198681,0.07017211719442498,0.09737273358945554,0.1331451518446359,0.012423989300054047,0.048735949491640014
W0290b13796da5daa0002,0.006417724747722893,0.003995298005945906,0.04586628548381187,0.13954726571137233,0.054296808734794894,0.10889278371419707,0.01850176244239968,0.02902428504198681,0.07017211719442498,0.09737273358945554,0.1331451518446359,0.012423989300054047,0.048735949491640014
W0290b13796da5daa0003,0.006417724747722893,0.003995298005945906,0.04586628548381187,0.13954726571137233,0.054296808734794894,0.10889278371419707,0.01850176244239968,0.02902428504198681,0.07017211719442498,0.09737273358945554,0.1331451518446359,0.012423989300054047,0.048735949491640014
W0290b13796da5daa0004,0.006417724747722893,0.003995298005945906,0.04586628548381187,0.13954726571137233,0.054296808734794894,0.10889278371419707,0.01850176244239968,0.02902428504198681,0.07017211719442498,0.09737273358945554,0.1331451518446359,0.012423989300054047,0.048735949491640014
W0290b13796da5daa0005,0.006417724747722893,0.003995298005945906,0.04586628548381187,0.13954726571137233,0.054296808734794894,0.10889278371419707,0.01850176244239968,0.02902428504198681,0.07017211719442498,0.09737273358945554,0.1331451518446359,0.012423989300054047,0.048735949491640014
W0290b13796da5daa0006,0.006417724747722893,0.003995298005945906,0.04586628548381187,0.13954726571137233,0.054296808734794894,0.10889278371419707,0.01850176244239968,0.02902428504198681,0.07017211719442498,0.09737273358945554,0.1331451518446359,0.012423989300054047,0.048735949491640014
W02e28fb5a87e30ff0000,0.009190174838442968,0.0017545483307847384,0.023136576247723445,0.01480251923763574,0.013232467146224768,0.007079913427283236,0.023097251016327144,0.8037408753961891,0.0075338891408391045,0.009734804027666992,0.016810678341430692,0.002606867777694272,0.009739417064220207
W02e28fb5a87e30ff0001,0.009190174838442968,0.0017545483307847384,0.023136576247723445,0.01480251923763574,0.013232467146224768,0.007079913427283236,0.023097251016327144,0.8037408753961891,0.0075338891408391045,0.009734804027666992,0.016810678341430692,0.002606867777694272,0.009739417064220207
W02e28fb5a87e30ff0002,0.009190174838442968,0.0017545483307847384,0.023136576247723445,0.01480251923763574,0.013232467146224768,0.007079913427283236,0.023097251016327144,0.8037408753961891,0.0075338891408391045,0.009734804027666992,0.016810678341430692,0.002606867777694272,0.009739417064220207
W02e28fb5a87e30ff0003,0.009190174838442968,0.0017545483307847384,0.023136576247723445,0.01480251923763574,0.013232467146224768,0.007079913427283236,0.023097251016327144,0.8037408753961891,0.0075338891408391045,0.009734804027666992,0.016810678341430692,0.002606867777694272,0.009739417064220207
W02e28fb5a87e30ff0004,0.009190174838442968,0.0017545483307847384,0.023136576247723445,0.01480251923763574,0.013232467146224768,0.007079913427283236,0.023097251016327144,0.8037408753961891,0.0075338891408391045,0.009734804027666992,0.016810678341430692,0.002606867777694272,0.009739417064220207
W02e28fb5a87e30ff0005,0.009190174838442968,0.0017545483307847384,0.023136576247723445,0.01480251923763574,0.013232467146224768,0.007079913427283236,0.023097251016327144,0.8037408753961891,0.0075338891408391045,0.009734804027666992,0.016810678341430692,0.002606867777694272,0.009739417064220207
W02e28fb5a87e30ff0006,0.009190174838442968,0.0017545483307847384,0.023136576247723445,0.01480251923763574,0.013232467146224768,0.007079913427283236,0.023097251016327144,0.8037408753961891,0.0075338891408391045,0.009734804027666992,0.016810678341430692,0.002606867777694272,0.009739417064220207
W048d92294828d32c0000,0.09777488302586904,0.006876516062190339,0.1158261687269821,0.35190603772323575,0.14490634437958907,0.040097667240851016,0.031503776958821776,0.03860962861959951,0.006573101581907147,0.05627076291126795,0.018930960957664802,0.03154015020587765,0.020442102741208903
W048d92294828d32c0001,0.09777488302586904,0.006876516062190339,0.1158261687269821,0.35190603772323575,0.14490634437958907,0.040097667240851016,0.031503776958821776,0.03860962861959951,0.006573101581907147,0.05627076291126795,0.018930960957664802,0.03154015020587765,0.020442102741208903
W048d92294828d32c0002,0.09777488302586904,0.006876516062190339,0.1158261687269821,0.35190603772323575,0.14490634437958907,0.040097667240851016,0.031503776958821776,0.03860962861959951,0.006573101581907147,0.05627076291126795,0.018930960957664802,0.03154015020587765,0.020442102741208903
W048d92294828d32c0003,0.09777488302586904,0.006876516062190339,0.1158261687269821,0.35190603772323575,0.14490634437958907,0.040097667240851016,0.031503776958821776,0.03860962861959951,0.006573101581907147,0.05627076291126795,0.018930960957664802,0.03154015020587765,0.020442102741208903
W048d92294828d32c0004,0.09777488302586904,0.006876516062190339,0.1158261687269821,0.35190603772323575,0.14490634437958907,0.040097667240851016,0.031503776958821776,0.03860962861959951,0.006573101581907147,0.05627076291126795,0.018930960957664802,0.03154015020587765,0.020442102741208903
W048d92294828d32c0005,0.09777488302586904,0.006876516062190339,0.1158261687269821,0.35190603772323575,0.14490634437958907,0.040097667240851016,0.031503776958821776,0.03860962861959951,0.006573101581907147,0.05627076291126795,0.018930960957664802,0.03154015020587765,0.020442102741208903
W048d92294828d32c0006,0.09777488302586904,0.006876516062190339,0.1158261687269821,0.35190603772323575,0.14490634437958907,0.040097667240851016,0.031503776958821776,0.03860962861959951,0.006573101581907147,0.05627076291126795,0.018930960957664802,0.03154015020587765,0.020442102741208903
W0490aebc1737e82f0000,0.007422275222457969,0.008065428862429678,0.06638602474281635,0.058341998502726755,0.05896146476257159,0.0410569523818803,0.6295082736437482,0.004158371622611625,0.007326560017720431,0.008349771548297247,0.02275515981658043,0.039733563358871835,0.013164581259234327
W0490aebc1737e82f0001,0.007422275222457969,0.008065428862429678,0.06638602474281635,0.058341998502726755,0.05896146476257159,0.0410569523818803,0.6295082736437482,0.004158371622611625,0.007326560017720431,0.008349771548297247,0.02275515981658043,0.039733563358871835,0.013164581259234327
W0490aebc1737e82f0002,0.007422275222457969,0.008065428862429678,0.06638602474281635,0.058341998502726755,0.05896146476257159,0.0410569523818803,0.6295082736437482,0.004158371622611625,0.007326560017720431,0.008349771548297247,0.02275515981658043,0.039733563358871835,0.013164581259234327
W0490aebc1737e82f0003,0.007422275222457969,0.008065428862429678,0.06638602474281635,0.058341998502726755,0.05896146476257159,0.0410569523818803,0.6295082736437482,0.004158371622611625,0.007326560017720431,0.008349771548297247,0.02275515981658043,0.039733563358871835,0.013164581259234327
W0490aebc1737e82f0004,0.007422275222457969,0.008065428862429678,0.06638602474281635,0.058341998502726755,0.05896146476257159,0.0410569523818803,0.6295082736437482,0.004158371622611625,0.007326560017720431,0.008349771548297247,0.02275515981658043,0.039733563358871835,0.013164581259234327
W0490aebc1737e82f0005,0.007422275222457969,0.008065428862429678,0.06638602474281635,0.058341998502726755,0.05896146476257159,0.0410569523818803,0.6295082736437482,0.004158371622611625,0.007326560017720431,0.008349771548297247,0.02275515981658043,0.039733563358871835,0.013164581259234327
W0490aebc1737e82f0006,0.007422275222457969,0.008065428862429678,0.06638602474281635,0.058341998502726755,0.05896146476257159,0.0410569523818803,0.6295082736437482,0.004158371622611625,0.007326560017720431,0.008349771548297247,0.02275515981658043,0.039733563358871835,0.013164581259234327
W04bd8a749e25fe910000,0.04145022315580197,0.012574552369996939,0.2383726038051679,0.11071555825112038,0.12514457248202415,0.05406093842680498,0.10675819964058542,0.04175062026944054,0.013566891861125209,0.032206488587946794,0.015221413940017782,0.027399434555954023,0.04122546543322482
W04bd8a749e25fe910001,0.04145022315580197,0.012574552369996939,0.2383726038051679,0.11071555825112038,0.12514457248202415,0.05406093842680498,0.10675819964058542,0.04175062026944054,0.013566891861125209,0.032206488587946794,0.015221413940017782,0.027399434555954023,0.04122546543322482
W04bd8a749e25fe910002,0.04145022315580197,0.012574552369996939,0.2383726038051679,0.11071555825112038,0.12514457248202415,0.05406093842680498,0.10675819964058542,0.04175062026944054,0.013566891861125209,0.032206488587946794,0.015221413940017782,0.027399434555954023,0.04122546543322482
W04bd8a749e25fe910003,0.04145022315580197,0.012574552369996939,0.2383726038051679,0.11071555825112038,0.12514457248202415,0.05406093842680498,0.10675819964058542,0.04175062026944054,0.013566891861125209,0.032206488587946794,0.015221413940017782,0.027399434555954023,0.04122546543322482
W04bd8a749e25fe910004,0.04145022315580197,0.012574552369996939,0.2383726038051679,0.11071555825112038,0.12514457248202415,0.05406093842680498,0.10675819964058542,0.04175062026944054,0.013566891861125209,0.032206488587946794,0.015221413940017782,0.027399434555954023,0.04122546543322482
W04bd8a749e25fe910005,0.04145022315580197,0.012574552369996939,0.2383726038051679,0.11071555825112038,0.12514457248202415,0.05406093842680498,0.10675819964058542,0.04175062026944054,0.013566891861125209,0.032206488587946794,0.015221413940017782,0.027399434555954023,0.04122546543322482
W04bd8a749e25fe910006,0.04145022315580197,0.012574552369996939,0.2383726038051679,0.11071555825112038,0.12514457248202415,0.05406093842680498,0.10675819964058542,0.04175062026944054,0.013566891861125209,0.032206488587946794,0.015221413940017782,0.027399434555954023,0.04122546543322482
W07c81bc1aa9fc7f00000,0.006046974660580115,0.015252669241038342,0.035065794023299186,0.006716763779003731,0.02857416775687273,0.007177545916851928,0.01657988101819474,0.0270165588114452,0.018016534273225814,0.030462272833721275,0.42789123827375736,0.0034944056877526945,0.12536277824950692
W07c81bc1aa9fc7f00001,0.006046974660580115,0.015252669241038342,0.035065794023299186,0.006716763779003731,0.02857416775687273,0.007177545916851928,0.01657988101819474,0.0270165588114452,0.018016534273225814,0.030462272833721275,0.42789123827375736,0.0034944056877526945,0.12536277824950692
W07c81bc1aa9fc7f00002,0.006046974660580115,0.015252669241038342,0.035065794023299186,0.006716763779003731,0.02857416775687273,0.007177545916851928,0.01657988101819474,0.0270165588114452,0.018016534273225814,0.030462272833721275,0.42789123827375736,0.0034944056877526945,0.12536277824950692
W07c81bc1aa9fc7f00003,0.006046974660580115,0.015252669241038342,0.035065794023299186,0.006716763779003731,0.02857416775687273,0.007177545916851928,0.01657988101819474,0.0270165588114452,0.018016534273225814,0.030462272833721275,0.42789123827375736,0.0034944056877526945,0.12536277824950692
W07c81bc1aa9fc7f00004,0.006046974660580115,0.015252669241038342,0.035065794023299186,0.006716763779003731,0.02857416775687273,0.007177545916851928,0.01657988101819474,0.0270165588114452,0.018016534273225814,0.030462272833721275,0.42789123827375736,0.0034944056877526945,0.12536277824950692
W07c81bc1aa9fc7f00005,0.006046974660580115,0.015252669241038342,0.035065794023299186,0.006716763779003731,0.02857416775687273,0.007177545916851928,0.01657988101819474,0.0270165588114452,0.018016534273225814,0.030462272833721275,0.42789123827375736,0.0034944056877526945,0.12536277824950692
W07c81bc1aa9fc7f00006,0.006046974660580115,0.015252669241038342,0.035065794023299186,0.006716763779003731,0.02857416775687273,0.007177545916851928,0.01657988101819474,0.0270165588114452,0.018016534273225814,0.030462272833721275,0.42789123827375736,0.0034944056877526945,0.12536277824950692
W08bd29d9e33fae850000,0.08630682929014752,0.005780150066461079,0.04609875980991184,0.048647832311718014,0.07449402309757425,0.06163139752497444,0.015256411257802931,0.01581699042284588,0.019344668966418396,0.11912427153473609,0.41464679814293687,0.01869682295106522,0.028047587742538443
W08bd29d9e33fae850001,0.08630682929014752,0.005780150066461079,0.04609875980991184,0.048647832311718014,0.07449402309757425,0.06163139752497444,0.015256411257802931,0.01581699042284588,0.019344668966418396,0.11912427153473609,0.41464679814293687,0.01869682295106522,0.028047587742538443
W08bd29d9e33fae850002,0.08630682929014752,0.005780150066461079,0.04609875980991184,0.048647832311718014,0.07449402309757425,0.06163139752497444,0.015256411257802931,0.01581699042284588,0.019344668966418396,0.11912427153473609,0.41464679814293687,0.01869682295106522,0.028047587742538443
W08bd29d9e33fae850003,0.08630682929014752,0.005780150066461079,0.04609875980991184,0.048647832311718014,0.07449402309757425,0.06163139752497444,0.015256411257802931,0.01581699042284588,0.019344668966418396,0.11912427153473609,0.41464679814293687,0.01869682295106522,0.028047587742538443
W08bd29d9e33fae850004,0.08630682929014752,0.005780150066461079,0.04609875980991184,0.048647832311718014,0.07449402309757425,0.06163139752497444,0.015256411257802931,0.01581699042284588,0.019344668966418396,0.11912427153473609,0.41464679814293687,0.01869682295106522,0.028047587742538443
W08bd29d9e33fae850005,0.08630682929014752,0.005780150066461079,0.04609875980991184,0.048647832311718014,0.07449402309757425,0.06163139752497444,0.015256411257802931,0.01581699042284588,0.019344668966418396,0.11912427153473609,0.41464679814293687,0.01869682295106522,0.028047587742538443
W08bd29d9e33fae850006,0.08630682929014752,0.005780150066461079,0.04609875980991184,0.048647832311718014,0.07449402309757425,0.06163139752497444,0.015256411257802931,0.01581699042284588,0.019344668966418396,0.11912427153473609,0.41464679814293687,0.01869682295106522,0.028047587742538443
W0b460f4a0d46f8570000,0.7279710338409356,0.012968274842943193,0.056812668290096596,0.03730889087986949,0.03169127280027562,0.02138748768328857,0.01839652713088297,0.005840462133713183,0.003192464182583634,0.018372233941088917,0.0027015297129781304,0.03406213532630784,0.009332958014146795
W0b460f4a0d46f8570001,0.7279710338409356,0.012968274842943193,0.056812668290096596,0.03730889087986949,0.03169127280027562,0.02138748768328857,0.01839652713088297,0.005840462133713183,0.003192464182583634,0.018372233941088917,0.0027015297129781304,0.03406213532630784,0.009332958014146795
W0b460f4a0d46f8570002,0.7279710338409356,0.012968274842943193,0.056812668290096596,0.03730889087986949,0.03169127280027562,0.02138748768328857,0.01839652713088297,0.005840462133713183,0.003192464182583634,0.018372233941088917,0.0027015297129781304,0.03406213532630784,0.009332958014146795
W0b460f4a0d46f8570003,0.7279710338409356,0.012968274842943193,0.056812668290096596,0.03730889087986949,0.03169127280027562,0.02138748768328857,0.01839652713088297,0.005840462133713183,0.003192464182583634,0.018372233941088917,0.0027015297129781304,0.03406213532630784,0.009332958014146795
W0b460f4a0d46f8570004,0.7279710338409356,0.012968274842943193,0.056812668290096596,0.03730889087986949,0.03169127280027562,0.02138748768328857,0.01839652713088297,0.005840462133713183,0.003192464182583634,0.018372233941088917,0.0027015297129781304,0.03406213532630784,0.009332958014146795
W0b460f4a0d46f8570005,0.7279710338409356,0.012968274842943193,0.056812668290096596,0.03730889087986949,0.03169127280027562,0.02138748768328857,0.01839652713088297,0.005840462133713183,0.003192464182583634,0.018372233941088917,0.0027015297129781304,0.03406213532630784,0.009332958014146795
W0b460f4a0d46f8570006,0.7279710338409356,0.012968274842943193,0.056812668290096596,0.03730889087986949,0.03169127280027562,0.02138748768328857,0.01839652713088297,0.005840462133713183,0.003192464182583634,0.018372233941088917,0.0027015297129781304,0.03406213532630784,0.009332958014146795
W0b4c6c6d3c8992600000,0.004235769440118179,0.008083643690276364,0.03580371788087112,0.015378298356716502,0.028532983836642798,0.005098870255040298,0.01141733911925179,0.13226807031966956,0.3991323997994211,0.023688506888593152,0.1379609566270337,0.016402380094085955,0.014982825558290894
W0b4c6c6d3c8992600001,0.004235769440118179,0.008083643690276364,0.03580371788087112,0.015378298356716502,0.028532983836642798,0.005098870255040298,0.01141733911925179,0.13226807031966956,0.3991323997994211,0.023688506888593152,0.1379609566270337,0.016402380094085955,0.014982825558290894
W0b4c6c6d3c8992600002,0.004235769440118179,0.008083643690276364,0.03580371788087112,0.015378298356716502,0.028532983836642798,0.005098870255040298,0.01141733911925179,0.13226807031966956,0.3991323997994211,0.023688506888593152,0.1379609566270337,0.016402380094085955,0.014982825558290894
W0b4c6c6d3c8992600003,0.004235769440118179,0.008083643690276364,0.03580371788087112,0.015378298356716502,0.028532983836642798,0.005098870255040298,0.01141733911925179,0.13226807031966956,0.3991323997994211,0.023688506888593152,0.1379609566270337,0.016402380094085955,0.014982825558290894
W0b4c6c6d3c8992600004,0.004235769440118179,0.008083643690276364,0.03580371788087112,0.015378298356716502,0.028532983836642798,0.005098870255040298,0.01141733911925179,0.13226807031966956,0.3991323997994211,0.023688506888593152,0.1379609566270337,0.016402380094085955,0.014982825558290894
W0b4c6c6d3c8992600005,0.004235769440118179,0.008083643690276364,0.03580371788087112,0.015378298356716502,0.028532983836642798,0.005098870255040298,0.01141733911925179,0.13226807031966956,0.3991323997994211,0.023688506888593152,0.1379609566270337,0.016402380094085955,0.014982825558290894
W0b4c6c6d3c8992600006,0.004235769440118179,0.008083643690276364,0.03580371788087112,0.015378298356716502,0.028532983836642798,0.005098870255040298,0.01141733911925179,0.13226807031966956,0.3991323997994211,0.023688506888593152,0.1379609566270337,0.016402380094085955,0.014982825558290894
W0bc3a2bd2bbfa8550000,0.009116122386288898,0.0037682330646031615,0.06474352854144953,0.06025429574980883,0.06933909951487027,0.048071299604036326,0.6015490125085983,0.005048396940892388,0.00704922599287506,0.02110660462817266,0.02411039812271432,0.020536473742656956,0.009454641086894486
W0bc3a2bd2bbfa8550001,0.009116122386288898,0.0037682330646031615,0.06474352854144953,0.06025429574980883,0.06933909951487027,0.048071299604036326,0.6015490125085983,0.005048396940892388,0.00704922599287506,0.02110660462817266,0.02411039812271432,0.020536473742656956,0.009454641086894486
W0bc3a2bd2bbfa8550002,0.009116122386288898,0.0037682330646031615,0.06474352854144953,0.06025429574980883,0.06933909951487027,0.048071299604036326,0.6015490125085983,0.005048396940892388,0.00704922599287506,0.02110660462817266,0.02411039812271432,0.020536473742656956,0.009454641086894486
W0bc3a2bd2bbfa8550003,0.009116122386288898,0.0037682330646031615,0.06474352854144953,0.06025429574980883,0.06933909951487027,0.048071299604036326,0.6015490125085983,0.005048396940892388,0.00704922599287506,0.02110660462817266,0.02411039812271432,0.020536473742656956,0.009454641086894486
W0bc3a2bd2bbfa8550004,0.009116122386288898,0.0037682330646031615,0.06474352854144953,0.06025429574980883,0.06933909951487027,0.048071299604036326,0.6015490125085983,0.005048396940892388,0.00704922599287506,0.02110660462817266,0.02411039812271432,0.020536473742656956,0.009454641086894486
W0bc3a2bd2bbfa8550005,0.009116122386288898,0.0037682330646031615,0.06474352854144953,0.06025429574980883,0.06933909951487027,0.048071299604036326,0.6015490125085983,0.005048396940892388,0.00704922599287506,0.02110660462817266,0.02411039812271432,0.020536473742656956,0.009454641086894486
W0bc3a2bd2bbfa8550006,0.009116122386288898,0.0037682330646031615,0.06474352854144953,0.06025429574980883,0.06933909951487027,0.048071299604036326,0.6015490125085983,0.005048396940892388,0.00704922599287506,0.02110660462817266,0.02411039812271432,0.020536473742656956,0.009454641086894486
W0c9deb460d4cdf680000,0.03064660279301998,0.008981920826335057,0.14731481988694622,0.049716233549882846,0.04761669492690659,0.0164955423094772,0.056863469154064934,0.05027368342613329,0.020136729763048002,0.07791980510792317,0.034453132625153836,0.014598559149068867,0.052519557272167866
W0c9deb460d4cdf680001,0.03064660279301998,0.008981920826335057,0.14731481988694622,0.049716233549882846,0.04761669492690659,0.0164955423094772,0.056863469154064934,0.05027368342613329,0.020136729763048002,0.07791980510792317,0.034453132625153836,0.014598559149068867,0.052519557272167866
W0c9deb460d4cdf680002,0.03064660279301998,0.008981920826335057,0.14731481988694622,0.049716233549882846,0.04761669492690659,0.0164955423094772,0.056863469154064934,0.05027368342613329,0.020136729763048002,0.07791980510792317,0.034453132625153836,0.014598559149068867,0.052519557272167866
W0c9deb460d4cdf680003,0.03064660279301998,0.008981920826335057,0.14731481988694622,0.049716233549882846,0.04761669492690659,0.0164955423094772,0.056863469154064934,0.05027368342613329,0.020136729763048002,0.07791980510792317,0.034453132625153836,0.014598559149068867,0.052519557272167866
W0c9deb460d4cdf680004,0.03064660279301998,0.008981920826335057,0.14731481988694622,0.049716233549882846,0.04761669492690659,0.0164955423094772,0.056863469154064934,0.05027368342613329,0.020136729763048002,0.07791980510792317,0.034453132625153836,0.014598559149068867,0.052519557272167866
W0c9deb460d4cdf680005,0.03064660279301998,0.008981920826335057,0.14731481988694622,0.049716233549882846,0.04761669492690659,0.0164955423094772,0.056863469154064934,0.05027368342613329,0.020136729763048002,0.07791980510792317,0.034453132625153836,0.014598559149068867,0.052519557272167866
W0c9deb460d4cdf680006,0.03064660279301998,0.008981920826335057,0.14731481988694622,0.049716233549882846,0.04761669492690659,0.0164955423094772,0.056863469154064934,0.05027368342613329,0.020136729763048002,0.07791980510792317,0.034453132625153836,0.014598559149068867,0.052519557272167866
W0cef648f9afc97ca0000,0.010484591490975314,0.006507774492115956,0.3775175792369464,0.08760609770663147,0.09039591968228351,0.009663017510968888,0.12011504553929343,0.020818707515569138,0.006873164641395148,0.056512544827001826,0.010205764558698618,0.014589660921656469,0.05408055746500199
W0cef648f9afc97ca0001,0.010484591490975314,0.006507774492115956,0.3775175792369464,0.08760609770663147,0.09039591968228351,0.009663017510968888,0.12011504553929343,0.020818707515569138,0.006873164641395148,0.056512544827001826,0.010205764558698618,0.014589660921656469,0.05408055746500199
W0cef648f9afc97ca0002,0.010484591490975314,0.006507774492115956,0.3775175792369464,0.08760609770663147,0.09039591968228351,0.009663017510968888,0.12011504553929343,0.020818707515569138,0.006873164641395148,0.056512544827001826,0.010205764558698618,0.014589660921656469,0.05408055746500199
W0cef648f9afc97ca0003,0.010484591490975314,0.006507774492115956,0.3775175792369464,0.08760609770663147,0.09039591968228351,0.009663017510968888,0.12011504553929343,0.020818707515569138,0.006873164641395148,0.056512544827001826,0.010205764558698618,0.014589660921656469,0.05408055746500199
W0cef648f9afc97ca0004,0.010484591490975314,0.006507774492115956,0.3775175792369464,0.08760609770663147,0.09039591968228351,0.009663017510968888,0.12011504553929343,0.020818707515569138,0.006873164641395148,0.056512544827001826,0.010205764558698618,0.014589660921656469,0.05408055746500199
W0cef648f9afc97ca0005,0.010484591490975314,0.006507774492115956,0.3775175792369464,0.08760609770663147,0.09039591968228351,0.009663017510968888,0.12011504553929343,0.020818707515569138,0.006873164641395148,0.056512544827001826,0.010205764558698618,0.014589660921656469,0.05408055746500199
W0cef648f9afc97ca0006,0.010484591490975314,0.006507774492115956,0.3775175792369464,0.08760609770663147,0.09039591968228351,0.009663017510968888,0.12011504553929343,0.020818707515569138,0.006873164641395148,0.056512544827001826,0.010205764558698618,0.014589660921656469,0.05408055746500199
W0e5a0e62ce08e1d40000,0.01941432368017932,0.8343959220626452,0.01229403344584416,0.015126746992572838,0.0066732453462532825,0.0056148611062915455,0.04392818475391884,0.006101282056502187,0.0032096233336190985,0.008621670112943399,0.013616986077839106,0.003672920587497875,0.00824429184521246
W0e5a0e62ce08e1d40001,0.01941432368017932,0.8343959220626452,0.01229403344584416,0.015126746992572838,0.0066732453462532825,0.0056148611062915455,0.04392818475391884,0.006101282056502187,0.0032096233336190985,0.008621670112943399,0.013616986077839106,0.003672920587497875,0.00824429184521246
W0e5a0e62ce08e1d40002,0.01941432368017932,0.8343959220626452,0.01229403344584416,0.015126746992572838,0.0066732453462532825,0.0056148611062915455,0.04392818475391884,0.006101282056502187,0.0032096233336190985,0.008621670112943399,0.013616986077839106,0.003672920587497875,0.00824429184521246
W0e5a0e62ce08e1d40003,0.01941432368017932,0.8343959220626452,0.01229403344584416,0.015126746992572838,0.0066732453462532825,0.0056148611062915455,0.04392818475391884,0.006101282056502187,0.0032096233336190985,0.008621670112943399,0.013616986077839106,0.003672920587497875,0.00824429184521246
W0e5a0e62ce08e1d40004,0.01941432368017932,0.8343959220626452,0.01229403344584416,0.015126746992572838,0.0066732453462532825,0.0056148611062915455,0.04392818475391884,0.006101282056502187,0.0032096233336190985,0.008621670112943399,0.013616986077839106,0.003672920587497875,0.00824429184521246
W0e5a0e62ce08e1d40005,0.01941432368017932,0.8343959220626452,0.01229403344584416,0.015126746992572838,0.0066732453462532825,0.0056148611062915455,0.04392818475391884,0.006101282056502187,0.0032096233336190985,0.008621670112943399,0.013616986077839106,0.003672920587497875,0.00824429184521246
W0e5a0e62ce08e1d40006,0.01941432368017932,0.8343959220626452,0.01229403344584416,0.015126746992572838,0.0066732453462532825,0.0056148611062915455,0.04392818475391884,0.006101282056502187,0.0032096233336190985,0.008621670112943399,0.013616986077839106,0.003672920587497875,0.00824429184521246
W0e9796c7c593dd980000,0.0034018217648392845,0.00035482963105160515,0.051763299878219884,0.014896456300477232,0.027613332410403015,0.6484000112183105,0.0029032027061801626,0.0011687957420239222,0.00024122651233941708,0.0008611719314638898,0.0010500628347613003,0.23697100831676746,0.006972390079216649
W0e9796c7c593dd980001,0.0034018217648392845,0.00035482963105160515,0.051763299878219884,0.014896456300477232,0.027613332410403015,0.6484000112183105,0.0029032027061801626,0.0011687957420239222,0.00024122651233941708,0.0008611719314638898,0.0010500628347613003,0.23697100831676746,0.006972390079216649
W0e9796c7c593dd980002,0.0034018217648392845,0.00035482963105160515,0.051763299878219884,0.014896456300477232,0.027613332410403015,0.6484000112183105,0.0029032027061801626,0.0011687957420239222,0.00024122651233941708,0.0008611719314638898,0.0010500628347613003,0.23697100831676746,0.006972390079216649
W0e9796c7c593dd980003,0.0034018217648392845,0.00035482963105160515,0.051763299878219884,0.014896456300477232,0.027613332410403015,0.6484000112183105,0.0029032027061801626,0.0011687957420239222,0.00024122651233941708,0.0008611719314638898,0.0010500628347613003,0.23697100831676746,0.006972390079216649
W0e9796c7c593dd980004,0.0034018217648392845,0.00035482963105160515,0.051763299878219884,0.014896456300477232,0.027613332410403015,0.6484000112183105,0.0029032027061801626,0.0011687957420239222,0.00024122651233941708,0.0008611719314638898,0.0010500628347613003,0.23697100831676746,0.006972390079216649
W0e9796c7c593dd980005,0.0034018217648392845,0.00035482963105160515,0.051763299878219884,0.014896456300477232,0.027613332410403015,0.6484000112183105,0.0029032027061801626,0.0011687957420239222,0.00024122651233941708,0.0008611719314638898,0.0010500628347613003,0.23697100831676746,0.006972390079216649
W0e9796c7c593dd980006,0.0034018217648392845,0.00035482963105160515,0.051763299878219884,0.014896456300477232,0.027613332410403015,0.6484000112183105,0.0029032027061801626,0.0011687957420239222,0.00024122651233941708,0.0008611719314638898,0.0010500628347613003,0.23697100831676746,0.006972390079216649
W0ec28fea344854cd0000,0.02068559286423998,0.01269719680035869,0.08550968046167977,0.1183921862433009,0.1397374467702701,0.051638703334332715,0.03994658863611156,0.07988611614607094,0.017828681859904792,0.05966660352630617,0.14842156806645826,0.03140842764078565,0.0955445996144914
W0ec28fea344854cd0001,0.02068559286423998,0.01269719680035869,0.08550968046167977,0.1183921862433009,0.1397374467702701,0.051638703334332715,0.03994658863611156,0.07988611614607094,0.017828681859904792,0.05966660352630617,0.14842156806645826,0.03140842764078565,0.0955445996144914
W0ec28fea344854cd0002,0.02068559286423998,0.01269719680035869,0.08550968046167977,0.1183921862433009,0.1397374467702701,0.051638703334332715,0.03994658863611156,0.07988611614607094,0.017828681859904792,0.05966660352630617,0.14842156806645826,0.03140842764078565,0.0955445996144914
W0ec28fea344854cd0003,0.02068559286423998,0.01269719680035869,0.08550968046167977,0.1183921862433009,0.1397374467702701,0.051638703334332715,0.03994658863611156,0.07988611614607094,0.017828681859904792,0.05966660352630617,0.14842156806645826,0.03140842764078565,0.0955445996144914
W0ec28fea344854cd0004,0.02068559286423998,0.01269719680035869,0.08550968046167977,0.1183921862433009,0.1397374467702701,0.051638703334332715,0.03994658863611156,0.07988611614607094,0.017828681859904792,0.05966660352630617,0.14842156806645826,0.03140842764078565,0.0955445996144914
W0ec28fea344854cd0005,0.02068559286423998,0.01269719680035869,0.08550968046167977,0.1183921862433009,0.1397374467702701,0.051638703334332715,0.03994658863611156,0.07988611614607094,0.017828681859904792,0.05966660352630617,0.14842156806645826,0.03140842764078565,0.0955445996144914
W0ec28fea344854cd0006,0.02068559286423998,0.01269719680035869,0.08550968046167977,0.1183921862433009,0.1397374467702701,0.051638703334332715,0.03994658863611156,0.07988611614607094,0.017828681859904792,0.05966660352630617,0.14842156806645826,0.03140842764078565,0.0955445996144914
W0f4adaf45b7388430000,0.014336071725189742,0.001604931849573784,0.5195707385479664,0.07301131163288883,0.16646098941380155,0.08229020653201445,0.012881619213101282,0.05845360000570714,0.0021718659573353996,0.009259954723986908,0.0042625519246744775,0.031028609597200607,0.011807037090320894
W0f4adaf45b7388430001,0.014336071725189742,0.001604931849573784,0.5195707385479664,0.07301131163288883,0.16646098941380155,0.08229020653201445,0.012881619213101282,0.05845360000570714,0.0021718659573353996,0.009259954723986908,0.0042625519246744775,0.031028609597200607,0.011807037090320894
W0f4adaf45b7388430002,0.014336071725189742,0.001604931849573784,0.5195707385479664,0.07301131163288883,0.16646098941380155,0.08229020653201445,0.012881619213101282,0.05845360000570714,0.0021718659573353996,0.009259954723986908,0.0042625519246744775,0.031028609597200607,0.011807037090320894
W0f4adaf45b7388430003,0.014336071725189742,0.001604931849573784,0.5195707385479664,0.07301131163288883,0.16646098941380155,0.08229020653201445,0.012881619213101282,0.05845360000570714,0.0021718659573353996,0.009259954723986908,0.0042625519246744775,0.031028609597200607,0.011807037090320894
W0f4adaf45b7388430004,0.014336071725189742,0.001604931849573784,0.5195707385479664,0.07301131163288883,0.16646098941380155,0.08229020653201445,0.012881619213101282,0.05845360000570714,0.0021718659573353996,0.009259954723986908,0.0042625519246744775,0.031028609597200607,0.011807037090320894
W0f4adaf45b7388430005,0.014336071725189742,0.001604931849573784,0.5195707385479664,0.07301131163288883,0.16646098941380155,0.08229020653201445,0.012881619213101282,0.05845360000570714,0.0021718659573353996,0.009259954723986908,0.0042625519246744775,0.031028609597200607,0.011807037090320894
W0f4adaf45b7388430006,0.014336071725189742,0.001604931849573784,0.5195707385479664,0.07301131163288883,0.16646098941380155,0.08229020653201445,0.012881619213101282,0.05845360000570714,0.0021718659573353996,0.009259954723986908,0.0042625519246744775,0.031028609597200607,0.011807037090320894
W0f7aa67121ad4dab0000,0.0015702634360383746,0.9877858447949616,0.0009903577540598815,0.0014204365805208354,0.0006401244888140233,9.970849235474095e-05,0.0022403405859582537,1.6670427321890907e-05,9.264472257320055e-06,1.55526535033102e-05,0.0018620987077122395,0.00017311862807825948,0.00022826304481016055
W0f7aa67121ad4dab0001,0.0015702634360383746,0.9877858447949616,0.0009903577540598815,0.0014204365805208354,0.0006401244888140233,9.970849235474095e-05,0.0022403405859582537,1.6670427321890907e-05,9.264472257320055e-06,1.55526535033102e-05,0.0018620987077122395,0.00017311862807825948,0.00022826304481016055
W0f7aa67121ad4dab0002,0.0015702634360383746,0.9877858447949616,0.0009903577540598815,0.0014204365805208354,0.0006401244888140233,9.970849235474095e-05,0.0022403405859582537,1.6670427321890907e-05,9.264472257320055e-06,1.55526535033102e-05,0.0018620987077122395,0.00017311862807825948,0.00022826304481016055
W0f7aa67121ad4dab0003,0.0015702634360383746,0.9877858447949616,0.0009903577540598815,0.0014204365805208354,0.0006401244888140233,9.970849235474095e-05,0.0022403405859582537,1.6670427321890907e-05,9.264472257320055e-06,1.55526535033102e-05,0.0018620987077122395,0.00017311862807825948,0.00022826304481016055
W0f7aa67121ad4dab0004,0.0015702634360383746,0.9877858447949616,0.0009903577540598815,0.0014204365805208354,0.0006401244888140233,9.970849235474095e-05,0.0022403405859582537,1.6670427321890907e-05,9.264472257320055e-06,1.55526535033102e-05,0.0018620987077122395,0.00017311862807825948,0.00022826304481016055
W0f7aa67121ad4dab0005,0.0015702634360383746,0.9877858447949616,0.0009903577540598815,0.0014204365805208354,0.0006401244888140233,9.970849235474095e-05,0.0022403405859582537,1.6670427321890907e-05,9.264472257320055e-06,1.55526535033102e-05,0.0018620987077122395,0.00017311862807825948,0.00022826304481016055
W0f7aa67121ad4dab0006,0.0015702634360383746,0.9877858447949616,0.0009903577540598815,0.0014204365805208354,0.0006401244888140233,9.970849235474095e-05,0.0022403405859582537,1.6670427321890907e-05,9.264472257320055e-06,1.55526535033102e-05,0.0018620987077122395,0.00017311862807825948,0.00022826304481016055
W0ff1fcd1013fefbd0000,0.008274282619306256,0.003237023106699627,0.03491657318454401,0.009726111273324775,0.009111947934790955,0.5388894562457209,0.005365960310784421,0.002827524898493469,0.0015235572232841451,0.006419331297811674,0.002485554557334459,0.36695655635340196,0.007185295519460121
W0ff1fcd1013fefbd0001,0.008274282619306256,0.003237023106699627,0.03491657318454401,0.009726111273324775,0.009111947934790955,0.5388894562457209,0.005365960310784421,0.002827524898493469,0.0015235572232841451,0.006419331297811674,0.002485554557334459,0.36695655635340196,0.007185295519460121
W0ff1fcd1013fefbd0002,0.008274282619306256,0.003237023106699627,0.03491657318454401,0.009726111273324775,0.009111947934790955,0.5388894562457209,0.005365960310784421,0.002827524898493469,0.0015235572232841451,0.006419331297811674,0.002485554557334459,0.36695655635340196,0.007185295519460121
W0ff1fcd1013fefbd0003,0.008274282619306256,0.003237023106699627,0.03491657318454401,0.009726111273324775,0.009111947934790955,0.5388894562457209,0.005365960310784421,0.002827524898493469,0.0015235572232841451,0.006419331297811674,0.002485554557334459,0.36695655635340196,0.007185295519460121
W0ff1fcd1013fefbd0004,0.008274282619306256,0.003237023106699627,0.03491657318454401,0.009726111273324775,0.009111947934790955,0.5388894562457209,0.005365960310784421,0.002827524898493469,0.0015235572232841451,0.006419331297811674,0.002485554557334459,0.36695655635340196,0.007185295519460121
W0ff1fcd1013fefbd0005,0.008274282619306256,0.003237023106699627,0.03491657318454401,0.009726111273324775,0.009111947934790955,0.5388894562457209,0.005365960310784421,0.002827524898493469,0.0015235572232841451,0.006419331297811674,0.002485554557334459,0.36695655635340196,0.007185295519460121
W0ff1fcd1013fefbd0006,0.008274282619306256,0.003237023106699627,0.03491657318454401,0.009726111273324775,0.009111947934790955,0.5388894562457209,0.005365960310784421,0.002827524898493469,0.0015235572232841451,0.006419331297811674,0.002485554557334459,0.36695655635340196,0.007185295519460121
W10d509cc954647eb0000,0.021859465324180174,0.006527980309709722,0.07344663553316258,0.04146014206938996,0.059669435406133044,0.03408955286361514,0.02793291175583517,0.030404375718125355,0.030269522113240258,0.05102195964403911,0.08125579433364585,0.011945505617968467,0.027515568618038437
W10d509cc954647eb0001,0.021859465324180174,0.006527980309709722,0.07344663553316258,0.04146014206938996,0.059669435406133044,0.03408955286361514,0.02793291175583517,0.030404375718125355,0.030269522113240258,0.05102195964403911,0.08125579433364585,0.011945505617968467,0.027515568618038437
W10d509cc954647eb0002,0.021859465324180174,0.006527980309709722,0.07344663553316258,0.04146014206938996,0.059669435406133044,0.03408955286361514,0.02793291175583517,0.030404375718125355,0.030269522113240258,0.05102195964403911,0.08125579433364585,0.011945505617968467,0.027515568618038437
W10d509cc954647eb0003,0.021859465324180174,0.006527980309709722,0.07344663553316258,0.04146014206938996,0.059669435406133044,0.03408955286361514,0.02793291175583517,0.030404375718125355,0.030269522113240258,0.05102195964403911,0.08125579433364585,0.011945505617968467,0.027515568618038437
W10d509cc954647eb0004,0.021859465324180174,0.006527980309709722,0.07344663553316258,0.04146014206938996,0.059669435406133044,0.03408955286361514,0.02793291175583517,0.030404375718125355,0.030269522113240258,0.05102195964403911,0.08125579433364585,0.011945505617968467,0.027515568618038437
W10d509cc954647eb0005,0.021859465324180174,0.006527980309709722,0.07344663553316258,0.04146014206938996,0.059669435406133044,0.03408955286361514,0.02793291175583517,0.030404375718125355,0.030269522113240258,0.05102195964403911,0.08125579433364585,0.011945505617968467,0.027515568618038437
W10d509cc954647eb0006,0.021859465324180174,0.006527980309709722,0.07344663553316258,0.04146014206938996,0.059669435406133044,0.03408955286361514,0.02793291175583517,0.030404375718125355,0.030269522113240258,0.05102195964403911,0.08125579433364585,0.011945505617968467,0.027515568618038437
W10e2051532c96cc70000,0.010287945179111867,0.002091585513095154,0.04256562102930639,0.03764903033693302,0.04676759334637079,0.03131818933780771,0.007264367456034393,0.033988700791311895,0.03882630567209834,0.060761291405548215,0.4722628750943944,0.0032661796131603126,0.012488140664917878
W10e2051532c96cc70001,0.010287945179111867,0.002091585513095154,0.04256562102930639,0.03764903033693302,0.04676759334637079,0.03131818933780771,0.007264367456034393,0.033988700791311895,0.03882630567209834,0.060761291405548215,0.4722628750943944,0.0032661796131603126,0.012488140664917878
W10e2051532c96cc70002,0.010287945179111867,0.002091585513095154,0.04256562102930639,0.03764903033693302,0.04676759334637079,0.03131818933780771,0.007264367456034393,0.033988700791311895,0.03882630567209834,0.060761291405548215,0.4722628750943944,0.0032661796131603126,0.012488140664917878
W10e2051532c96cc70003,0.010287945179111867,0.002091585513095154,0.04256562102930639,0.03764903033693302,0.04676759334637079,0.03131818933780771,0.007264367456034393,0.033988700791311895,0.03882630567209834,0.060761291405548215,0.4722628750943944,0.0032661796131603126,0.012488140664917878
W10e2051532c96cc70004,0.010287945179111867,0.002091585513095154,0.04256562102930639,0.03764903033693302,0.04676759334637079,0.03131818933780771,0.007264367456034393,0.033988700791311895,0.03882630567209834,0.060761291405548215,0.4722628750943944,0.0032661796131603126,0.012488140664917878
W10e2051532c96cc70005,0.010287945179111867,0.002091585513095154,0.04256562102930639,0.03764903033693302,0.04676759334637079,0.03131818933780771,0.007264367456034393,0.033988700791311895,0.03882630567209834,0.060761291405548215,0.4722628750943944,0.0032661796131603126,0.012488140664917878
W10e2051532c96cc70006,0.010287945179111867,0.002091585513095154,0.04256562102930639,0.03764903033693302,0.04676759334637079,0.03131818933780771,0.007264367456034393,0.033988700791311895,0.03882630567209834,0.060761291405548215,0.4722628750943944,0.0032661796131603126,0.012488140664917878
W112dd88bc24030fe0000,0.02092548218068822,0.5646513834434745,0.02079119915069201,0.008469077747273195,0.027474793401244216,0.021158788279539802,0.026256996725739137,0.05051637947449358,0.11251161989580669,0.022935259859143034,0.08205677813681314,0.005778801208368753,0.008040067953505717
W112dd88bc24030fe0001,0.02092548218068822,0.5646513834434745,0.02079119915069201,0.008469077747273195,0.027474793401244216,0.021158788279539802,0.026256996725739137,0.05051637947449358,0.11251161989580669,0.022935259859143034,0.08205677813681314,0.005778801208368753,0.008040067953505717
W112dd88bc24030fe0002,0.02092548218068822,0.5646513834434745,0.02079119915069201,0.008469077747273195,0.027474793401244216,0.021158788279539802,0.026256996725739137,0.05051637947449358,0.11251161989580669,0.022935259859143034,0.08205677813681314,0.005778801208368753,0.008040067953505717
W112dd88bc24030fe0003,0.02092548218068822,0.5646513834434745,0.02079119915069201,0.008469077747273195,0.027474793401244216,0.021158788279539802,0.026256996725739137,0.05051637947449358,0.11251161989580669,0.022935259859143034,0.08205677813681314,0.005778801208368753,0.008040067953505717
W112dd88bc24030fe0004,0.02092548218068822,0.5646513834434745,0.02079119915069201,0.008469077747273195,0.027474793401244216,0.021158788279539802,0.026256996725739137,0.05051637947449358,0.11251161989580669,0.022935259859143034,0.08205677813681314,0.005778801208368753,0.008040067953505717
W112dd88bc24030fe0005,0.02092548218068822,0.5646513834434745,0.02079119915069201,0.008469077747273195,0.027474793401244216,0.021158788279539802,0.026256996725739137,0.05051637947449358,0.11251161989580669,0.022935259859143034,0.08205677813681314,0.005778801208368753,0.008040067953505717
W112dd88bc24030fe0006,0.02092548218068822,0.5646513834434745,0.02079119915069201,0.008469077747273195,0.027474793401244216,0.021158788279539802,0.026256996725739137,0.05051637947449358,0.11251161989580669,0.022935259859143034,0.08205677813681314,0.005778801208368753,0.008040067953505717
W12dd826290532eea0000,0.011289072586019636,0.8382579400893878,0.0024860498637810577,0.0030543689161557828,0.004822162106410265,0.0034071740788966915,0.013779090927878317,0.01081353939312391,0.058548217281262686,0.004383693243864885,0.03356489019931471,0.004607179690741588,0.001269408737641976
W12dd826290532eea0001,0.011289072586019636,0.8382579400893878,0.0024860498637810577,0.0030543689161557828,0.004822162106410265,0.0034071740788966915,0.013779090927878317,0.01081353939312391,0.058548217281262686,0.004383693243864885,0.03356489019931471,0.004607179690741588,0.001269408737641976
W12dd826290532eea0002,0.011289072586019636,0.8382579400893878,0.0024860498637810577,0.0030543689161557828,0.004822162106410265,0.0034071740788966915,0.013779090927878317,0.01081353939312391,0.058548217281262686,0.004383693243864885,0.03356489019931471,0.004607179690741588,0.001269408737641976
W12dd826290532eea0003,0.011289072586019636,0.8382579400893878,0.0024860498637810577,0.0030543689161557828,0.004822162106410265,0.0034071740788966915,0.013779090927878317,0.01081353939312391,0.058548217281262686,0.004383693243864885,0.03356489019931471,0.004607179690741588,0.001269408737641976
W12dd826290532eea0004,0.011289072586019636,0.8382579400893878,0.0024860498637810577,0.0030543689161557828,0.004822162106410265,0.0034071740788966915,0.013779090927878317,0.01081353939312391,0.058548217281262686,0.004383693243864885,0.03356489019931471,0.004607179690741588,0.001269408737641976
W12dd826290532eea0005,0.011289072586019636,0.8382579400893878,0.0024860498637810577,0.0030543689161557828,0.004822162106410265,0.0034071740788966915,0.013779090927878317,0.01081353939312391,0.058548217281262686,0.004383693243864885,0.03356489019931471,0.004607179690741588,0.001269408737641976
W12dd826290532eea0006,0.011289072586019636,0.8382579400893878,0.0024860498637810577,0.0030543689161557828,0.004822162106410265,0.0034071740788966915,0.013779090927878317,0.01081353939312391,0.058548217281262686,0.004383693243864885,0.03356489019931471,0.004607179690741588,0.001269408737641976
W13f06082619423f00000,0.005892616503315434,0.0004559452096489341,0.016351753825158605,0.009383283990100544,0.009587641986383334,0.4028118494303696,0.001512045221260004,0.00020460910427677433,0.0010752375209832203,0.00081881619766072,0.00025346559619640884,0.5284174088681742,0.01991517959653636
W13f06082619423f00001,0.005892616503315434,0.0004559452096489341,0.016351753825158605,0.009383283990100544,0.009587641986383334,0.4028118494303696,0.001512045221260004,0.00020460910427677433,0.0010752375209832203,0.00081881619766072,0.00025346559619640884,0.5284174088681742,0.01991517959653636
W13f06082619423f00002,0.005892616503315434,0.0004559452096489341,0.016351753825158605,0.009383283990100544,0.009587641986383334,0.4028118494303696,0.001512045221260004,0.00020460910427677433,0.0010752375209832203,0.00081881619766072,0.00025346559619640884,0.5284174088681742,0.01991517959653636
W13f06082619423f00003,0.005892616503315434,0.0004559452096489341,0.016351753825158605,0.009383283990100544,0.009587641986383334,0.4028118494303696,0.001512045221260004,0.00020460910427677433,0.0010752375209832203,0.00081881619766072,0.00025346559619640884,0.5284174088681742,0.01991517959653636
W13f06082619423f00004,0.005892616503315434,0.0004559452096489341,0.016351753825158605,0.009383283990100544,0.009587641986383334,0.4028118494303696,0.001512045221260004,0.00020460910427677433,0.0010752375209832203,0.00081881619766072,0.00025346559619640884,0.5284174088681742,0.01991517959653636
W13f06082619423f00005,0.005892616503315434,0.0004559452096489341,0.016351753825158605,0.009383283990100544,0.009587641986383334,0.4028118494303696,0.001512045221260004,0.00020460910427677433,0.0010752375209832203,0.00081881619766072,0.00025346559619640884,0.5284174088681742,0.01991517959653636
W13f06082619423f00006,0.005892616503315434,0.0004559452096489341,0.016351753825158605,0.009383283990100544,0.009587641986383334,0.4028118494303696,0.001512045221260004,0.00020460910427677433,0.0010752375209832203,0.00081881619766072,0.00025346559619640884,0.5284174088681742,0.01991517959653636
W148bf406de84e96d0000,0.050119745509176826,0.0012229525209454708,0.10123623962452549,0.0954819341083092,0.04369943754989824,0.02672712611097953,0.018032847864062614,0.036207440997483506,0.019308336218673186,0.020963016101680464,0.014717819205428036,0.016692637932534858,0.028880748982013864
W148bf406de84e96d0001,0.050119745509176826,0.0012229525209454708,0.10123623962452549,0.0954819341083092,0.04369943754989824,0.02672712611097953,0.018032847864062614,0.036207440997483506,0.019308336218673186,0.020963016101680464,0.014717819205428036,0.016692637932534858,0.028880748982013864
W148bf406de84e96d0002,0.050119745509176826,0.0012229525209454708,0.10123623962452549,0.0954819341083092,0.04369943754989824,0.02672712611097953,0.018032847864062614,0.036207440997483506,0.019308336218673186,0.020963016101680464,0.014717819205428036,0.016692637932534858,0.028880748982013864
W148bf406de84e96d0003,0.050119745509176826,0.0012229525209454708,0.10123623962452549,0.0954819341083092,0.04369943754989824,0.02672712611097953,0.018032847864062614,0.036207440997483506,0.019308336218673186,0.020963016101680464,0.014717819205428036,0.016692637932534858,0.028880748982013864
W148bf406de84e96d0004,0.050119745509176826,0.0012229525209454708,0.10123623962452549,0.0954819341083092,0.04369943754989824,0.02672712611097953,0.018032847864062614,0.036207440997483506,0.019308336218673186,0.020963016101680464,0.014717819205428036,0.016692637932534858,0.028880748982013864
W148bf406de84e96d0005,0.050119745509176826,0.0012229525209454708,0.10123623962452549,0.0954819341083092,0.04369943754989824,0.02672712611097953,0.018032847864062614,0.036207440997483506,0.019308336218673186,0.020963016101680464,0.014717819205428036,0.016692637932534858,0.028880748982013864
W148bf406de84e96d0006,0.050119745509176826,0.0012229525209454708,0.10123623962452549,0.0954819341083092,0.04369943754989824,0.02672712611097953,0.018032847864062614,0.036207440997483506,0.019308336218673186,0.020963016101680464,0.014717819205428036,0.016692637932534858,0.028880748982013864
W1677b368f7a7d4cb0000,0.003723077124334651,0.0003324587234203616,0.018494016654631077,0.005959516670085217,0.008222829562024084,0.508909022804167,0.0023438449602462574,0.00047005724022281214,0.0016247729402579715,0.0010819444417380876,0.0003607090489640526,0.4414491944363632,0.005676754952943573
W1677b368f7a7d4cb0001,0.003723077124334651,0.0003324587234203616,0.018494016654631077,0.005959516670085217,0.008222829562024084,0.508909022804167,0.0023438449602462574,0.00047005724022281214,0.0016247729402579715,0.0010819444417380876,0.0003607090489640526,0.4414491944363632,0.005676754952943573
W1677b368f7a7d4cb0002,0.003723077124334651,0.0003324587234203616,0.018494016654631077,0.005959516670085217,0.008222829562024084,0.508909022804167,0.0023438449602462574,0.00047005724022281214,0.0016247729402579715,0.0010819444417380876,0.0003607090489640526,0.4414491944363632,0.005676754952943573
W1677b368f7a7d4cb0003,0.003723077124334651,0.0003324587234203616,0.018494016654631077,0.005959516670085217,0.008222829562024084,0.508909022804167,0.0023438449602462574,0.00047005724022281214,0.0016247729402579715,0.0010819444417380876,0.0003607090489640526,0.4414491944363632,0.005676754952943573
W1677b368f7a7d4cb0004,0.003723077124334651,0.0003324587234203616,0.018494016654631077,0.005959516670085217,0.008222829562024084,0.508909022804167,0.0023438449602462574,0.00047005724022281214,0.0016247729402579715,0.0010819444417380876,0.0003607090489640526,0.4414491944363632,0.005676754952943573
W1677b368f7a7d4cb0005,0.003723077124334651,0.0003324587234203616,0.018494016654631077,0.005959516670085217,0.008222829562024084,0.508909022804167,0.0023438449602462574,0.00047005724022281214,0.0016247729402579715,0.0010819444417380876,0.0003607090489640526,0.4414491944363632,0.005676754952943573
W1677b368f7a7d4cb0006,0.003723077124334651,0.0003324587234203616,0.018494016654631077,0.005959516670085217,0.008222829562024084,0.508909022804167,0.0023438449602462574,0.00047005724022281214,0.0016247729402579715,0.0010819444417380876,0.0003607090489640526,0.4414491944363632,0.005676754952943573
W16c71d34f644cae10000,0.0016118888854894692,0.0036078005223058266,0.013919151095849255,0.007432168452834067,0.00967116823045064,0.003043505204907244,0.031136500106742623,0.08468130369235115,0.3481941044728484,0.012131244566003695,0.2581411886774979,0.01261051872715514,0.07425240674985764
W16c71d34f644cae10001,0.0016118888854894692,0.0036078005223058266,0.013919151095849255,0.007432168452834067,0.00967116823045064,0.003043505204907244,0.031136500106742623,0.08468130369235115,0.3481941044728484,0.012131244566003695,0.2581411886774979,0.01261051872715514,0.07425240674985764
W16c71d34f644cae10002,0.0016118888854894692,0.0036078005223058266,0.013919151095849255,0.007432168452834067,0.00967116823045064,0.003043505204907244,0.031136500106742623,0.08468130369235115,0.3481941044728484,0.012131244566003695,0.2581411886774979,0.01261051872715514,0.07425240674985764
W16c71d34f644cae10003,0.0016118888854894692,0.0036078005223058266,0.013919151095849255,0.007432168452834067,0.00967116823045064,0.003043505204907244,0.031136500106742623,0.08468130369235115,0.3481941044728484,0.012131244566003695,0.2581411886774979,0.01261051872715514,0.07425240674985764
W16c71d34f644cae10004,0.0016118888854894692,0.0036078005223058266,0.013919151095849255,0.007432168452834067,0.00967116823045064,0.003043505204907244,0.031136500106742623,0.08468130369235115,0.3481941044728484,0.012131244566003695,0.2581411886774979,0.01261051872715514,0.07425240674985764
W16c71d34f644cae10005,0.0016118888854894692,0.0036078005223058266,0.013919151095849255,0.007432168452834067,0.00967116823045064,0.003043505204907244,0.031136500106742623,0.08468130369235115,0.3481941044728484,0.012131244566003695,0.2581411886774979,0.01261051872715514,0.07425240674985764
W16c71d34f644cae10006,0.0016118888854894692,0.0036078005223058266,0.013919151095849255,0.007432168452834067,0.00967116823045064,0.003043505204907244,0.031136500106742623,0.08468130369235115,0.3481941044728484,0.012131244566003695,0.2581411886774979,0.01261051872715514,0.07425240674985764
W1733af1df1f936590000,0.009079195303869152,0.002906174675055939,0.03448669306181883,0.03409936637586215,0.042179192256387395,0.025906036232359965,0.0037622931132990007,0.03940673295308684,0.05870729084849125,0.04754921699934585,0.4772896187719606,0.004743170362985843,0.010210413160743224
W1733af1df1f936590001,0.009079195303869152,0.002906174675055939,0.03448669306181883,0.03409936637586215,0.042179192256387395,0.025906036232359965,0.0037622931132990007,0.03940673295308684,0.05870729084849125,0.04754921699934585,0.4772896187719606,0.004743170362985843,0.010210413160743224
W1733af1df1f936590002,0.009079195303869152,0.002906174675055939,0.03448669306181883,0.03409936637586215,0.042179192256387395,0.025906036232359965,0.0037622931132990007,0.03940673295308684,0.05870729084849125,0.04754921699934585,0.4772896187719606,0.004743170362985843,0.010210413160743224
W1733af1df1f936590003,0.009079195303869152,0.002906174675055939,0.03448669306181883,0.03409936637586215,0.042179192256387395,0.025906036232359965,0.0037622931132990007,0.03940673295308684,0.05870729084849125,0.04754921699934585,0.4772896187719606,0.004743170362985843,0.010210413160743224
W1733af1df1f936590004,0.009079195303869152,0.002906174675055939,0.03448669306181883,0.03409936637586215,0.042179192256387395,0.025906036232359965,0.0037622931132990007,0.03940673295308684,0.05870729084849125,0.04754921699934585,0.4772896187719606,0.004743170362985843,0.010210413160743224
W1733af1df1f936590005,0.009079195303869152,0.002906174675055939,0.03448669306181883,0.03409936637586215,0.042179192256387395,0.025906036232359965,0.0037622931132990007,0.03940673295308684,0.05870729084849125,0.04754921699934585,0.4772896187719606,0.004743170362985843,0.010210413160743224
W1733af1df1f936590006,0.009079195303869152,0.002906174675055939,0.03448669306181883,0.03409936637586215,0.042179192256387395,0.025906036232359965,0.0037622931132990007,0.03940673295308684,0.05870729084849125,0.04754921699934585,0.4772896187719606,0.004743170362985843,0.010210413160743224
W17e3988fa13c94340000,0.8630598489998178,0.00084326624548395,0.0320188510031331,0.0072198380000994995,0.017102081774147165,0.007180381911068606,0.005590862735159017,0.0016527406407104495,0.0017051235622581493,0.03026732811113794,0.0015246589760782232,0.008226007727032044,0.006482658848973576
W17e3988fa13c94340001,0.8630598489998178,0.00084326624548395,0.0320188510031331,0.0072198380000994995,0.017102081774147165,0.007180381911068606,0.005590862735159017,0.0016527406407104495,0.0017051235622581493,0.03026732811113794,0.0015246589760782232,0.008226007727032044,0.006482658848973576
W17e3988fa13c94340002,0.8630598489998178,0.00084326624548395,0.0320188510031331,0.0072198380000994995,0.017102081774147165,0.007180381911068606,0.005590862735159017,0.0016527406407104495,0.0017051235622581493,0.03026732811113794,0.0015246589760782232,0.008226007727032044,0.006482658848973576
W17e3988fa13c94340003,0.8630598489998178,0.00084326624548395,0.0320188510031331,0.0072198380000994995,0.017102081774147165,0.007180381911068606,0.005590862735159017,0.0016527406407104495,0.0017051235622581493,0.03026732811113794,0.0015246589760782232,0.008226007727032044,0.006482658848973576
W17e3988fa13c94340004,0.8630598489998178,0.00084326624548395,0.0320188510031331,0.0072198380000994995,0.017102081774147165,0.007180381911068606,0.005590862735159017,0.0016527406407104495,0.0017051235622581493,0.03026732811113794,0.0015246589760782232,0.008226007727032044,0.006482658848973576
W17e3988fa13c94340005,0.8630598489998178,0.00084326624548395,0.0320188510031331,0.0072198380000994995,0.017102081774147165,0.007180381911068606,0.005590862735159017,0.0016527406407104495,0.0017051235622581493,0.03026732811113794,0.0015246589760782232,0.008226007727032044,0.006482658848973576
W17e3988fa13c94340006,0.8630598489998178,0.00084326624548395,0.0320188510031331,0.0072198380000994995,0.017102081774147165,0.007180381911068606,0.005590862735159017,0.0016527406407104495,0.0017051235622581493,0.03026732811113794,0.0015246589760782232,0.008226007727032044,0.006482658848973576
W195c4af40eae77340000,0.028759920310276018,0.008554601193300744,0.09034329017040171,0.07585179647073197,0.04523113494618011,0.14963257849584388,0.021210019040407705,0.014064136969869441,0.012719031129930529,0.19230849190068366,0.11230308540028765,0.018032209702957987,0.14069908207246684
W195c4af40eae77340001,0.028759920310276018,0.008554601193300744,0.09034329017040171,0.07585179647073197,0.04523113494618011,0.14963257849584388,0.021210019040407705,0.014064136969869441,0.012719031129930529,0.19230849190068366,0.11230308540028765,0.018032209702957987,0.14069908207246684
W195c4af40eae77340002,0.028759920310276018,0.008554601193300744,0.09034329017040171,0.07585179647073197,0.04523113494618011,0.14963257849584388,0.021210019040407705,0.014064136969869441,0.012719031129930529,0.19230849190068366,0.11230308540028765,0.018032209702957987,0.14069908207246684
W195c4af40eae77340003,0.028759920310276018,0.008554601193300744,0.09034329017040171,0.07585179647073197,0.04523113494618011,0.14963257849584388,0.021210019040407705,0.014064136969869441,0.012719031129930529,0.19230849190068366,0.11230308540028765,0.018032209702957987,0.14069908207246684
W195c4af40eae77340004,0.028759920310276018,0.008554601193300744,0.09034329017040171,0.07585179647073197,0.04523113494618011,0.14963257849584388,0.021210019040407705,0.014064136969869441,0.012719031129930529,0.19230849190068366,0.11230308540028765,0.018032209702957987,0.14069908207246684
W195c4af40eae77340005,0.028759920310276018,0.008554601193300744,0.09034329017040171,0.07585179647073197,0.04523113494618011,0.14963257849584388,0.021210019040407705,0.014064136969869441,0.012719031129930529,0.19230849190068366,0.11230308540028765,0.018032209702957987,0.14069908207246684
W195c4af40eae77340006,0.028759920310276018,0.008554601193300744,0.09034329017040171,0.07585179647073197,0.04523113494618011,0.14963257849584388,0.021210019040407705,0.014064136969869441,0.012719031129930529,0.19230849190068366,0.11230308540028765,0.018032209702957987,0.14069908207246684
W1981eb76c9c18c3f0000,0.020602228546059,0.0034427394803122438,0.16038606692795188,0.23413873423658108,0.024572096609937467,0.1103730164174811,0.043862150975197876,0.006858260948951656,0.008853606894870657,0.028493493659215923,0.043840699603517545,0.050677031665597116,0.03838954897573425
W1981eb76c9c18c3f0001,0.020602228546059,0.0034427394803122438,0.16038606692795188,0.23413873423658108,0.024572096609937467,0.1103730164174811,0.043862150975197876,0.006858260948951656,0.008853606894870657,0.028493493659215923,0.043840699603517545,0.050677031665597116,0.03838954897573425
W1981eb76c9c18c3f0002,0.020602228546059,0.0034427394803122438,0.16038606692795188,0.23413873423658108,0.024572096609937467,0.1103730164174811,0.043862150975197876,0.006858260948951656,0.008853606894870657,0.028493493659215923,0.043840699603517545,0.050677031665597116,0.03838954897573425
W1981eb76c9c18c3f0003,0.020602228546059,0.0034427394803122438,0.16038606692795188,0.23413873423658108,0.024572096609937467,0.1103730164174811,0.043862150975197876,0.006858260948951656,0.008853606894870657,0.028493493659215923,0.043840699603517545,0.050677031665597116,0.03838954897573425
W1981eb76c9c18c3f0004,0.020602228546059,0.0034427394803122438,0.16038606692795188,0.23413873423658108,0.024572096609937467,0.1103730164174811,0.043862150975197876,0.006858260948951656,0.008853606894870657,0.028493493659215923,0.043840699603517545,0.050677031665597116,0.03838954897573425
W1981eb76c9c18c3f0005,0.020602228546059,0.0034427394803122438,0.16038606692795188,0.23413873423658108,0.024572096609937467,0.1103730164174811,0.043862150975197876,0.006858260948951656,0.008853606894870657,0.028493493659215923,0.043840699603517545,0.050677031665597116,0.03838954897573425
W1981eb76c9c18c3f0006,0.020602228546059,0.0034427394803122438,0.16038606692795188,0.23413873423658108,0.024572096609937467,0.1103730164174811,0.043862150975197876,0.006858260948951656,0.008853606894870657,0.028493493659215923,0.043840699603517545,0.050677031665597116,0.03838954897573425
W19aeeb61c88250180000,0.004565703101016538,0.002646379720806231,0.03106174860907916,0.013624706480075542,0.016902123635282307,0.004583572695933216,0.018414803321736173,0.08817534755087354,0.011365725884709525,0.024907188292501613,0.05251837254425489,0.020792256717137015,0.19865618196037413
W19aeeb61c88250180001,0.004565703101016538,0.002646379720806231,0.03106174860907916,0.013624706480075542,0.016902123635282307,0.004583572695933216,0.018414803321736173,0.08817534755087354,0.011365725884709525,0.024907188292501613,0.05251837254425489,0.020792256717137015,0.19865618196037413
W19aeeb61c88250180002,0.004565703101016538,0.002646379720806231,0.03106174860907916,0.013624706480075542,0.016902123635282307,0.004583572695933216,0.018414803321736173,0.08817534755087354,0.011365725884709525,0.024907188292501613,0.05251837254425489,0.020792256717137015,0.19865618196037413
W19aeeb61c88250180003,0.004565703101016538,0.002646379720806231,0.03106174860907916,0.013624706480075542,0.016902123635282307,0.004583572695933216,0.018414803321736173,0.08817534755087354,0.011365725884709525,0.024907188292501613,0.05251837254425489,0.020792256717137015,0.19865618196037413
W19aeeb61c88250180004,0.004565703101016538,0.002646379720806231,0.03106174860907916,0.013624706480075542,0.016902123635282307,0.004583572695933216,0.018414803321736173,0.08817534755087354,0.011365725884709525,0.024907188292501613,0.05251837254425489,0.020792256717137015,0.19865618196037413
W19aeeb61c88250180005,0.004565703101016538,0.002646379720806231,0.03106174860907916,0.013624706480075542,0.016902123635282307,0.004583572695933216,0.018414803321736173,0.08817534755087354,0.011365725884709525,0.024907188292501613,0.05251837254425489,0.020792256717137015,0.19865618196037413
W19aeeb61c88250180006,0.004565703101016538,0.002646379720806231,0.03106174860907916,0.013624706480075542,0.016902123635282307,0.004583572695933216,0.018414803321736173,0.08817534755087354,0.011365725884709525,0.024907188292501613,0.05251837254425489,0.020792256717137015,0.19865618196037413
W19b93dad2115da5f0000,0.03656436711945801,0.004087476287578653,0.029072096356513158,0.12689366236611743,0.056899168192970355,0.026257294057389326,0.017210908004564006,0.05445529813095004,0.01707211111630414,0.06867905794371261,0.021882300868413845,0.009362477820480143,0.019605534092506493
W19b93dad2115da5f0001,0.03656436711945801,0.004087476287578653,0.029072096356513158,0.12689366236611743,0.056899168192970355,0.026257294057389326,0.017210908004564006,0.05445529813095004,0.01707211111630414,0.06867905794371261,0.021882300868413845,0.009362477820480143,0.019605534092506493
W19b93dad2115da5f0002,0.03656436711945801,0.004087476287578653,0.029072096356513158,0.12689366236611743,0.056899168192970355,0.026257294057389326,0.017210908004564006,0.05445529813095004,0.01707211111630414,0.06867905794371261,0.021882300868413845,0.009362477820480143,0.019605534092506493
W19b93dad2115da5f0003,0.03656436711945801,0.004087476287578653,0.029072096356513158,0.12689366236611743,0.056899168192970355,0.026257294057389326,0.017210908004564006,0.05445529813095004,0.01707211111630414,0.06867905794371261,0.021882300868413845,0.009362477820480143,0.019605534092506493
W19b93dad2115da5f0004,0.03656436711945801,0.004087476287578653,0.029072096356513158,0.12689366236611743,0.056899168192970355,0.026257294057389326,0.017210908004564006,0.05445529813095004,0.01707211111630414,0.06867905794371261,0.021882300868413845,0.009362477820480143,0.019605534092506493
W19b93dad2115da5f0005,0.03656436711945801,0.004087476287578653,0.029072096356513158,0.12689366236611743,0.056899168192970355,0.026257294057389326,0.017210908004564006,0.05445529813095004,0.01707211111630414,0.06867905794371261,0.021882300868413845,0.009362477820480143,0.019605534092506493
W19b93dad2115da5f0006,0.03656436711945801,0.004087476287578653,0.029072096356513158,0.12689366236611743,0.056899168192970355,0.026257294057389326,0.017210908004564006,0.05445529813095004,0.01707211111630414,0.06867905794371261,0.021882300868413845,0.009362477820480143,0.019605534092506493
W1a7eeab32d8e40880000,0.007967142276109467,0.08279025878651072,0.04823631598521857,0.037496413166948704,0.058181390328332,0.0196467207830881,0.5221402347758434,0.019439301103554404,0.005983805550810819,0.04772277354823638,0.04158444647346896,0.016477006676120138,0.022746259414961285
W1a7eeab32d8e40880001,0.007967142276109467,0.08279025878651072,0.04823631598521857,0.037496413166948704,0.058181390328332,0.0196467207830881,0.5221402347758434,0.019439301103554404,0.005983805550810819,0.04772277354823638,0.04158444647346896,0.016477006676120138,0.022746259414961285
W1a7eeab32d8e40880002,0.007967142276109467,0.08279025878651072,0.04823631598521857,0.037496413166948704,0.058181390328332,0.0196467207830881,0.5221402347758434,0.019439301103554404,0.005983805550810819,0.04772277354823638,0.04158444647346896,0.016477006676120138,0.022746259414961285
W1a7eeab32d8e40880003,0.007967142276109467,0.08279025878651072,0.04823631598521857,0.037496413166948704,0.058181390328332,0.0196467207830881,0.5221402347758434,0.019439301103554404,0.005983805550810819,0.04772277354823638,0.04158444647346896,0.016477006676120138,0.022746259414961285
W1a7eeab32d8e40880004,0.007967142276109467,0.08279025878651072,0.04823631598521857,0.037496413166948704,0.058181390328332,0.0196467207830881,0.5221402347758434,0.019439301103554404,0.005983805550810819,0.04772277354823638,0.04158444647346896,0.016477006676120138,0.022746259414961285
W1a7eeab32d8e40880005,0.007967142276109467,0.08279025878651072,0.04823631598521857,0.037496413166948704,0.058181390328332,0.0196467207830881,0.5221402347758434,0.019439301103554404,0.005983805550810819,0.04772277354823638,0.04158444647346896,0.016477006676120138,0.022746259414961285
W1a7eeab32d8e40880006,0.007967142276109467,0.08279025878651072,0.04823631598521857,0.037496413166948704,0.058181390328332,0.0196467207830881,0.5221402347758434,0.019439301103554404,0.005983805550810819,0.04772277354823638,0.04158444647346896,0.016477006676120138,0.022746259414961285
W1b68e1996a189c2a0000,0.0073087408595387555,0.00019049950494382122,0.010045969412485452,0.007486668865544951,0.005853803896205835,0.626809208619808,0.0021832802382596595,0.000140955611606822,0.00013124377290945371,0.00029141659411109367,0.0010094257277172636,0.33135371029877675,0.006022494367856518
W1b68e1996a189c2a0001,0.0073087408595387555,0.00019049950494382122,0.010045969412485452,0.007486668865544951,0.005853803896205835,0.626809208619808,0.0021832802382596595,0.000140955611606822,0.00013124377290945371,0.00029141659411109367,0.0010094257277172636,0.33135371029877675,0.006022494367856518
W1b68e1996a189c2a0002,0.0073087408595387555,0.00019049950494382122,0.010045969412485452,0.007486668865544951,0.005853803896205835,0.626809208619808,0.0021832802382596595,0.000140955611606822,0.00013124377290945371,0.00029141659411109367,0.0010094257277172636,0.33135371029877675,0.006022494367856518
W1b68e1996a189c2a0003,0.0073087408595387555,0.00019049950494382122,0.010045969412485452,0.007486668865544951,0.005853803896205835,0.626809208619808,0.0021832802382596595,0.000140955611606822,0.00013124377290945371,0.00029141659411109367,0.0010094257277172636,0.33135371029877675,0.006022494367856518
W1b68e1996a189c2a0004,0.0073087408595387555,0.00019049950494382122,0.010045969412485452,0.007486668865544951,0.005853803896205835,0.626809208619808,0.0021832802382596595,0.000140955611606822,0.00013124377290945371,0.00029141659411109367,0.0010094257277172636,0.33135371029877675,0.006022494367856518
W1b68e1996a189c2a0005,0.0073087408595387555,0.00019049950494382122,0.010045969412485452,0.007486668865544951,0.005853803896205835,0.626809208619808,0.0021832802382596595,0.000140955611606822,0.00013124377290945371,0.00029141659411109367,0.0010094257277172636,0.33135371029877675,0.006022494367856518
W1b68e1996a189c2a0006,0.0073087408595387555,0.00019049950494382122,0.010045969412485452,0.007486668865544951,0.005853803896205835,0.626809208619808,0.0021832802382596595,0.000140955611606822,0.00013124377290945371,0.00029141659411109367,0.0010094257277172636,0.33135371029877675,0.006022494367856518
W1bc9d460ba90432d0000,0.01289540389534848,0.006696696272243756,0.03577257585463825,0.12404186019755718,0.08955549274754157,0.0487442751296573,0.029543748724960312,0.3591811777818182,0.016159570680165426,0.017736490248506483,0.026583742915167918,0.02382084264942858,0.05779476594703474
W1bc9d460ba90432d0001,0.01289540389534848,0.006696696272243756,0.03577257585463825,0.12404186019755718,0.08955549274754157,0.0487442751296573,0.029543748724960312,0.3591811777818182,0.016159570680165426,0.017736490248506483,0.026583742915167918,0.02382084264942858,0.05779476594703474
W1bc9d460ba90432d0002,0.01289540389534848,0.006696696272243756,0.03577257585463825,0.12404186019755718,0.08955549274754157,0.0487442751296573,0.029543748724960312,0.3591811777818182,0.016159570680165426,0.017736490248506483,0.026583742915167918,0.02382084264942858,0.05779476594703474
W1bc9d460ba90432d0003,0.01289540389534848,0.006696696272243756,0.03577257585463825,0.12404186019755718,0.08955549274754157,0.0487442751296573,0.029543748724960312,0.3591811777818182,0.016159570680165426,0.017736490248506483,0.026583742915167918,0.02382084264942858,0.05779476594703474
W1bc9d460ba90432d0004,0.01289540389534848,0.006696696272243756,0.03577257585463825,0.12404186019755718,0.08955549274754157,0.0487442751296573,0.029543748724960312,0.3591811777818182,0.016159570680165426,0.017736490248506483,0.026583742915167918,0.02382084264942858,0.05779476594703474
W1bc9d460ba90432d0005,0.01289540389534848,0.006696696272243756,0.03577257585463825,0.12404186019755718,0.08955549274754157,0.0487442751296573,0.029543748724960312,0.3591811777818182,0.016159570680165426,0.017736490248506483,0.026583742915167918,0.02382084264942858,0.05779476594703474
W1bc9d460ba90432d0006,0.01289540389534848,0.006696696272243756,0.03577257585463825,0.12404186019755718,0.08955549274754157,0.0487442751296573,0.029543748724960312,0.3591811777818182,0.016159570680165426,0.017736490248506483,0.026583742915167918,0.02382084264942858,0.05779476594703474
W1c9fd97fe8e874400000,9.969731746455834e-05,9.577874435926959e-06,0.0021275560424730386,0.0033446244878658398,0.0010523119458592334,0.03917628132713619,0.0003787369751635363,5.312282249365004e-05,6.595898497984849e-06,5.708205180346947e-06,9.420841253373138e-06,0.9376587268599287,0.015676439748419764
W1c9fd97fe8e874400001,9.969731746455834e-05,9.577874435926959e-06,0.0021275560424730386,0.0033446244878658398,0.0010523119458592334,0.03917628132713619,0.0003787369751635363,5.312282249365004e-05,6.595898497984849e-06,5.708205180346947e-06,9.420841253373138e-06,0.9376587268599287,0.015676439748419764
W1c9fd97fe8e874400002,9.969731746455834e-05,9.577874435926959e-06,0.0021275560424730386,0.0033446244878658398,0.0010523119458592334,0.03917628132713619,0.0003787369751635363,5.312282249365004e-05,6.595898497984849e-06,5.708205180346947e-06,9.420841253373138e-06,0.9376587268599287,0.015676439748419764
W1c9fd97fe8e874400003,9.969731746455834e-05,9.577874435926959e-06,0.0021275560424730386,0.0033446244878658398,0.0010523119458592334,0.03917628132713619,0.0003787369751635363,5.312282249365004e-05,6.595898497984849e-06,5.708205180346947e-06,9.420841253373138e-06,0.9376587268599287,0.015676439748419764
W1c9fd97fe8e874400004,9.969731746455834e-05,9.577874435926959e-06,0.0021275560424730386,0.0033446244878658398,0.0010523119458592334,0.03917628132713619,0.0003787369751635363,5.312282249365004e-05,6.595898497984849e-06,5.708205180346947e-06,9.420841253373138e-06,0.9376587268599287,0.015676439748419764
W1c9fd97fe8e874400005,9.969731746455834e-05,9.577874435926959e-06,0.0021275560424730386,0.0033446244878658398,0.0010523119458592334,0.03917628132713619,0.0003787369751635363,5.312282249365004e-05,6.595898497984849e-06,5.708205180346947e-06,9.420841253373138e-06,0.9376587268599287,0.015676439748419764
W1c9fd97fe8e874400006,9.969731746455834e-05,9.577874435926959e-06,0.0021275560424730386,0.0033446244878658398,0.0010523119458592334,0.03917628132713619,0.0003787369751635363,5.312282249365004e-05,6.595898497984849e-06,5.708205180346947e-06,9.420841253373138e-06,0.9376587268599287,0.015676439748419764
W1e2f5351ccb6cc030000,0.005481491840602664,0.0009128316735008355,0.022263356436884416,0.007600267573383693,0.005866614103750771,0.7532005976567561,0.00045059752237239014,0.00013462043108732755,0.00024988092088833506,0.0009650935504186473,0.0009561150657529972,0.19848958464849759,0.0030253705368870685
W1e2f5351ccb6cc030001,0.005481491840602664,0.0009128316735008355,0.022263356436884416,0.007600267573383693,0.005866614103750771,0.7532005976567561,0.00045059752237239014,0.00013462043108732755,0.00024988092088833506,0.0009650935504186473,0.0009561150657529972,0.19848958464849759,0.0030253705368870685
W1e2f5351ccb6cc030002,0.005481491840602664,0.0009128316735008355,0.022263356436884416,0.007600267573383693,0.005866614103750771,0.7532005976567561,0.00045059752237239014,0.00013462043108732755,0.00024988092088833506,0.0009650935504186473,0.0009561150657529972,0.19848958464849759,0.0030253705368870685
W1e2f5351ccb6cc030003,0.005481491840602664,0.0009128316735008355,0.022263356436884416,0.007600267573383693,0.005866614103750771,0.7532005976567561,0.00045059752237239014,0.00013462043108732755,0.00024988092088833506,0.0009650935504186473,0.0009561150657529972,0.19848958464849759,0.0030253705368870685
W1e2f5351ccb6cc030004,0.005481491840602664,0.0009128316735008355,0.022263356436884416,0.007600267573383693,0.005866614103750771,0.7532005976567561,0.00045059752237239014,0.00013462043108732755,0.00024988092088833506,0.0009650935504186473,0.0009561150657529972,0.19848958464849759,0.0030253705368870685
W1e2f5351ccb6cc030005,0.005481491840602664,0.0009128316735008355,0.022263356436884416,0.007600267573383693,0.005866614103750771,0.7532005976567561,0.00045059752237239014,0.00013462043108732755,0.00024988092088833506,0.0009650935504186473,0.0009561150657529972,0.19848958464849759,0.0030253705368870685
W1e2f5351ccb6cc030006,0.005481491840602664,0.0009128316735008355,0.022263356436884416,0.007600267573383693,0.005866614103750771,0.7532005976567561,0.00045059752237239014,0.00013462043108732755,0.00024988092088833506,0.0009650935504186473,0.0009561150657529972,0.19848958464849759,0.0030253705368870685
W1e83f9c972bd3f8c0000,0.005518779616508428,0.0021877067413078625,0.1011948567500997,0.022051061946250457,0.030717840001914236,0.5035141118300402,0.011958431825236936,0.0021715111867042234,0.0036877243281435903,0.0016982345485052764,0.0015337169682625626,0.2952999059730313,0.01422132183699509
W1e83f9c972bd3f8c0001,0.005518779616508428,0.0021877067413078625,0.1011948567500997,0.022051061946250457,0.030717840001914236,0.5035141118300402,0.011958431825236936,0.0021715111867042234,0.0036877243281435903,0.0016982345485052764,0.0015337169682625626,0.2952999059730313,0.01422132183699509
W1e83f9c972bd3f8c0002,0.005518779616508428,0.0021877067413078625,0.1011948567500997,0.022051061946250457,0.030717840001914236,0.5035141118300402,0.011958431825236936,0.0021715111867042234,0.0036877243281435903,0.0016982345485052764,0.0015337169682625626,0.2952999059730313,0.01422132183699509
W1e83f9c972bd3f8c0003,0.005518779616508428,0.0021877067413078625,0.1011948567500997,0.022051061946250457,0.030717840001914236,0.5035141118300402,0.011958431825236936,0.0021715111867042234,0.0036877243281435903,0.0016982345485052764,0.0015337169682625626,0.2952999059730313,0.01422132183699509
W1e83f9c972bd3f8c0004,0.005518779616508428,0.0021877067413078625,0.1011948567500997,0.022051061946250457,0.030717840001914236,0.5035141118300402,0.011958431825236936,0.0021715111867042234,0.0036877243281435903,0.0016982345485052764,0.0015337169682625626,0.2952999059730313,0.01422132183699509
W1e83f9c972bd3f8c0005,0.005518779616508428,0.0021877067413078625,0.1011948567500997,0.022051061946250457,0.030717840001914236,0.5035141118300402,0.011958431825236936,0.0021715111867042234,0.0036877243281435903,0.0016982345485052764,0.0015337169682625626,0.2952999059730313,0.01422132183699509
W1e83f9c972bd3f8c0006,0.005518779616508428,0.0021877067413078625,0.1011948567500997,0.022051061946250457,0.030717840001914236,0.5035141118300402,0.011958431825236936,0.0021715111867042234,0.0036877243281435903,0.0016982345485052764,0.0015337169682625626,0.2952999059730313,0.01422132183699509
W1f1289746d5fbec80000,0.02178957274291336,0.004501871491788794,0.07650600202632821,0.12256817292026065,0.2943786358288985,0.04844136053421642,0.02753625841228215,0.20593180344133824,0.004292540123300632,0.012331238309445207,0.007977866300143808,0.13570585432335655,0.02219773610484097
W1f1289746d5fbec80001,0.02178957274291336,0.004501871491788794,0.07650600202632821,0.12256817292026065,0.2943786358288985,0.04844136053421642,0.02753625841228215,0.20593180344133824,0.004292540123300632,0.012331238309445207,0.007977866300143808,0.13570585432335655,0.02219773610484097
W1f1289746d5fbec80002,0.02178957274291336,0.004501871491788794,0.07650600202632821,0.12256817292026065,0.2943786358288985,0.04844136053421642,0.02753625841228215,0.20593180344133824,0.004292540123300632,0.012331238309445207,0.007977866300143808,0.13570585432335655,0.02219773610484097
W1f1289746d5fbec80003,0.02178957274291336,0.004501871491788794,0.07650600202632821,0.12256817292026065,0.2943786358288985,0.04844136053421642,0.02753625841228215,0.20593180344133824,0.004292540123300632,0.012331238309445207,0.007977866300143808,0.13570585432335655,0.02219773610484097
W1f1289746d5fbec80004,0.02178957274291336,0.004501871491788794,0.07650600202632821,0.12256817292026065,0.2943786358288985,0.04844136053421642,0.02753625841228215,0.20593180344133824,0.004292540123300632,0.012331238309445207,0.007977866300143808,0.13570585432335655,0.02219773610484097
W1f1289746d5fbec80005,0.02178957274291336,0.004501871491788794,0.07650600202632821,0.12256817292026065,0.2943786358288985,0.04844136053421642,0.02753625841228215,0.20593180344133824,0.004292540123300632,0.012331238309445207,0.007977866300143808,0.13570585432335655,0.02219773610484097
W1f1289746d5fbec80006,0.02178957274291336,0.004501871491788794,0.07650600202632821,0.12256817292026065,0.2943786358288985,0.04844136053421642,0.02753625841228215,0.20593180344133824,0.004292540123300632,0.012331238309445207,0.007977866300143808,0.13570585432335655,0.02219773610484097
W20f15f3c9efb048b0000,0.10696730007223385,0.009118483644050287,0.05826750884190806,0.05260631279841374,0.10411846661768387,0.08062051829738899,0.041111952593826794,0.03695466761129275,0.02103716649682696,0.10402429934191104,0.02548662326466074,0.14333646153955737,0.05603332162039047
W20f15f3c9efb048b0001,0.10696730007223385,0.009118483644050287,0.05826750884190806,0.05260631279841374,0.10411846661768387,0.08062051829738899,0.041111952593826794,0.03695466761129275,0.02103716649682696,0.10402429934191104,0.02548662326466074,0.14333646153955737,0.05603332162039047
W20f15f3c9efb048b0002,0.10696730007223385,0.009118483644050287,0.05826750884190806,0.05260631279841374,0.10411846661768387,0.08062051829738899,0.041111952593826794,0.03695466761129275,0.02103716649682696,0.10402429934191104,0.02548662326466074,0.14333646153955737,0.05603332162039047
W20f15f3c9efb048b0003,0.10696730007223385,0.009118483644050287,0.05826750884190806,0.05260631279841374,0.10411846661768387,0.08062051829738899,0.041111952593826794,0.03695466761129275,0.02103716649682696,0.10402429934191104,0.02548662326466074,0.14333646153955737,0.05603332162039047
W20f15f3c9efb048b0004,0.10696730007223385,0.009118483644050287,0.05826750884190806,0.05260631279841374,0.10411846661768387,0.08062051829738899,0.041111952593826794,0.03695466761129275,0.02103716649682696,0.10402429934191104,0.02548662326466074,0.14333646153955737,0.05603332162039047
W20f15f3c9efb048b0005,0.10696730007223385,0.009118483644050287,0.05826750884190806,0.05260631279841374,0.10411846661768387,0.08062051829738899,0.041111952593826794,0.03695466761129275,0.02103716649682696,0.10402429934191104,0.02548662326466074,0.14333646153955737,0.05603332162039047
W20f15f3c9efb048b0006,0.10696730007223385,0.009118483644050287,0.05826750884190806,0.05260631279841374,0.10411846661768387,0.08062051829738899,0.041111952593826794,0.03695466761129275,0.02103716649682696,0.10402429934191104,0.02548662326466074,0.14333646153955737,0.05603332162039047
W227eda14227e98e70000,0.0059581860667605535,0.003279168847241734,0.05258244651162209,0.022739134812918168,0.03509710274454453,0.0058725955589745815,0.0371039669233615,0.015786737205958957,0.024489092696116148,0.018314484629160955,0.027017570595706582,0.005657079029029181,0.028755955187123587
W227eda14227e98e70001,0.0059581860667605535,0.003279168847241734,0.05258244651162209,0.022739134812918168,0.03509710274454453,0.0058725955589745815,0.0371039669233615,0.015786737205958957,0.024489092696116148,0.018314484629160955,0.027017570595706582,0.005657079029029181,0.028755955187123587
W227eda14227e98e70002,0.0059581860667605535,0.003279168847241734,0.05258244651162209,0.022739134812918168,0.03509710274454453,0.0058725955589745815,0.0371039669233615,0.015786737205958957,0.024489092696116148,0.018314484629160955,0.027017570595706582,0.005657079029029181,0.028755955187123587
W227eda14227e98e70003,0.0059581860667605535,0.003279168847241734,0.05258244651162209,0.022739134812918168,0.03509710274454453,0.0058725955589745815,0.0371039669233615,0.015786737205958957,0.024489092696116148,0.018314484629160955,0.027017570595706582,0.005657079029029181,0.028755955187123587
W227eda14227e98e70004,0.0059581860667605535,0.003279168847241734,0.05258244651162209,0.022739134812918168,0.03509710274454453,0.0058725955589745815,0.0371039669233615,0.015786737205958957,0.024489092696116148,0.018314484629160955,0.027017570595706582,0.005657079029029181,0.028755955187123587
W227eda14227e98e70005,0.0059581860667605535,0.003279168847241734,0.05258244651162209,0.022739134812918168,0.03509710274454453,0.0058725955589745815,0.0371039669233615,0.015786737205958957,0.024489092696116148,0.018314484629160955,0.027017570595706582,0.005657079029029181,0.028755955187123587
W227eda14227e98e70006,0.0059581860667605535,0.003279168847241734,0.05258244651162209,0.022739134812918168,0.03509710274454453,0.0058725955589745815,0.0371039669233615,0.015786737205958957,0.024489092696116148,0.018314484629160955,0.027017570595706582,0.005657079029029181,0.028755955187123587
W241e39bc4686316f0000,0.022933645990720893,0.00017019924914208855,0.19094579912902238,0.08005185034894419,0.029966595350481517,0.5509927791510766,0.027651458474050934,0.0015959619078878082,0.003064772138749277,0.0028229216225487313,0.002606911438089842,0.06974712583501708,0.0072300876444044634
W241e39bc4686316f0001,0.022933645990720893,0.00017019924914208855,0.19094579912902238,0.08005185034894419,0.029966595350481517,0.5509927791510766,0.027651458474050934,0.0015959619078878082,0.003064772138749277,0.0028229216225487313,0.002606911438089842,0.06974712583501708,0.0072300876444044634
W241e39bc4686316f0002,0.022933645990720893,0.00017019924914208855,0.19094579912902238,0.08005185034894419,0.029966595350481517,0.5509927791510766,0.027651458474050934,0.0015959619078878082,0.003064772138749277,0.0028229216225487313,0.002606911438089842,0.06974712583501708,0.0072300876444044634
W241e39bc4686316f0003,0.022933645990720893,0.00017019924914208855,0.19094579912902238,0.08005185034894419,0.029966595350481517,0.5509927791510766,0.027651458474050934,0.0015959619078878082,0.003064772138749277,0.0028229216225487313,0.002606911438089842,0.06974712583501708,0.0072300876444044634
W241e39bc4686316f0004,0.022933645990720893,0.00017019924914208855,0.19094579912902238,0.08005185034894419,0.029966595350481517,0.5509927791510766,0.027651458474050934,0.0015959619078878082,0.003064772138749277,0.0028229216225487313,0.002606911438089842,0.06974712583501708,0.0072300876444044634
W241e39bc4686316f0005,0.022933645990720893,0.00017019924914208855,0.19094579912902238,0.08005185034894419,0.029966595350481517,0.5509927791510766,0.027651458474050934,0.0015959619078878082,0.003064772138749277,0.0028229216225487313,0.002606911438089842,0.06974712583501708,0.0072300876444044634
W241e39bc4686316f0006,0.022933645990720893,0.00017019924914208855,0.19094579912902238,0.08005185034894419,0.029966595350481517,0.5509927791510766,0.027651458474050934,0.0015959619078878082,0.003064772138749277,0.0028229216225487313,0.002606911438089842,0.06974712583501708,0.0072300876444044634
W24630876331b3bec0000,0.0185162585712588,0.6846725490882033,0.033938855816989806,0.01626604103149289,0.028666660113146135,0.024746921656202164,0.03599001902275611,0.009122347501508163,0.0037178942412594384,0.01606949131766539,0.03484266245341743,0.008421619119456445,0.02672661563300435
W24630876331b3bec0001,0.0185162585712588,0.6846725490882033,0.033938855816989806,0.01626604103149289,0.028666660113146135,0.024746921656202164,0.03599001902275611,0.009122347501508163,0.0037178942412594384,0.01606949131766539,0.03484266245341743,0.008421619119456445,0.02672661563300435
W24630876331b3bec0002,0.0185162585712588,0.6846725490882033,0.033938855816989806,0.01626604103149289,0.028666660113146135,0.024746921656202164,0.03599001902275611,0.009122347501508163,0.0037178942412594384,0.01606949131766539,0.03484266245341743,0.008421619119456445,0.02672661563300435
W24630876331b3bec0003,0.0185162585712588,0.6846725490882033,0.033938855816989806,0.01626604103149289,0.028666660113146135,0.024746921656202164,0.03599001902275611,0.009122347501508163,0.0037178942412594384,0.01606949131766539,0.03484266245341743,0.008421619119456445,0.02672661563300435
W24630876331b3bec0004,0.0185162585712588,0.6846725490882033,0.033938855816989806,0.01626604103149289,0.028666660113146135,0.024746921656202164,0.03599001902275611,0.009122347501508163,0.0037178942412594384,0.01606949131766539,0.03484266245341743,0.008421619119456445,0.02672661563300435
W24630876331b3bec0005,0.0185162585712588,0.6846725490882033,0.033938855816989806,0.01626604103149289,0.028666660113146135,0.024746921656202164,0.03599001902275611,0.009122347501508163,0.0037178942412594384,0.01606949131766539,0.03484266245341743,0.008421619119456445,0.02672661563300435
W24630876331b3bec0006,0.0185162585712588,0.6846725490882033,0.033938855816989806,0.01626604103149289,0.028666660113146135,0.024746921656202164,0.03599001902275611,0.009122347501508163,0.0037178942412594384,0.01606949131766539,0.03484266245341743,0.008421619119456445,0.02672661563300435
W24b085596f0cbfd20000,0.00011928945728676092,1.5491616907958377e-05,0.0010450795583664802,0.002366425011842216,0.001644173430805576,0.027619364432304144,0.00031038439074390395,5.473685266826173e-06,6.279252868738184e-06,5.029733816354038e-06,1.3817679971302895e-05,0.9521914228081857,0.014514649024509442
W24b085596f0cbfd20001,0.00011928945728676092,1.5491616907958377e-05,0.0010450795583664802,0.002366425011842216,0.001644173430805576,0.027619364432304144,0.00031038439074390395,5.473685266826173e-06,6.279252868738184e-06,5.029733816354038e-06,1.3817679971302895e-05,0.9521914228081857,0.014514649024509442
W24b085596f0cbfd20002,0.00011928945728676092,1.5491616907958377e-05,0.0010450795583664802,0.002366425011842216,0.001644173430805576,0.027619364432304144,0.00031038439074390395,5.473685266826173e-06,6.279252868738184e-06,5.029733816354038e-06,1.3817679971302895e-05,0.9521914228081857,0.014514649024509442
W24b085596f0cbfd20003,0.00011928945728676092,1.5491616907958377e-05,0.0010450795583664802,0.002366425011842216,0.001644173430805576,0.027619364432304144,0.00031038439074390395,5.473685266826173e-06,6.279252868738184e-06,5.029733816354038e-06,1.3817679971302895e-05,0.9521914228081857,0.014514649024509442
W24b085596f0cbfd20004,0.00011928945728676092,1.5491616907958377e-05,0.0010450795583664802,0.002366425011842216,0.001644173430805576,0.027619364432304144,0.00031038439074390395,5.473685266826173e-06,6.279252868738184e-06,5.029733816354038e-06,1.3817679971302895e-05,0.9521914228081857,0.014514649024509442
W24b085596f0cbfd20005,0.00011928945728676092,1.5491616907958377e-05,0.0010450795583664802,0.002366425011842216,0.001644173430805576,0.027619364432304144,0.00031038439074390395,5.473685266826173e-06,6.279252868738184e-06,5.029733816354038e-06,1.3817679971302895e-05,0.9521914228081857,0.014514649024509442
W24b085596f0cbfd20006,0.00011928945728676092,1.5491616907958377e-05,0.0010450795583664802,0.002366425011842216,0.001644173430805576,0.027619364432304144,0.00031038439074390395,5.473685266826173e-06,6.279252868738184e-06,5.029733816354038e-06,1.3817679971302895e-05,0.9521914228081857,0.014514649024509442
W254694347e7baa8f0000,0.021529329134703647,0.0019809165164483464,0.15722295336540187,0.36273693579093963,0.07866990276633105,0.08191043085699574,0.013299749656794523,0.015607143768681641,0.0108219686831091,0.0662010605103643,0.02077485997995792,0.012784729992114326,0.061170683258078125
W254694347e7baa8f0001,0.021529329134703647,0.0019809165164483464,0.15722295336540187,0.36273693579093963,0.07866990276633105,0.08191043085699574,0.013299749656794523,0.015607143768681641,0.0108219686831091,0.0662010605103643,0.02077485997995792,0.012784729992114326,0.061170683258078125
W254694347e7baa8f0002,0.021529329134703647,0.0019809165164483464,0.15722295336540187,0.36273693579093963,0.07866990276633105,0.08191043085699574,0.013299749656794523,0.015607143768681641,0.0108219686831091,0.0662010605103643,0.02077485997995792,0.012784729992114326,0.061170683258078125
W254694347e7baa8f0003,0.021529329134703647,0.0019809165164483464,0.15722295336540187,0.36273693579093963,0.07866990276633105,0.08191043085699574,0.013299749656794523,0.015607143768681641,0.0108219686831091,0.0662010605103643,0.02077485997995792,0.012784729992114326,0.061170683258078125
W254694347e7baa8f0004,0.021529329134703647,0.0019809165164483464,0.15722295336540187,0.36273693579093963,0.07866990276633105,0.08191043085699574,0.013299749656794523,0.015607143768681641,0.0108219686831091,0.0662010605103643,0.02077485997995792,0.012784729992114326,0.061170683258078125
W254694347e7baa8f0005,0.021529329134703647,0.0019809165164483464,0.15722295336540187,0.36273693579093963,0.07866990276633105,0.08191043085699574,0.013299749656794523,0.015607143768681641,0.0108219686831091,0.0662010605103643,0.02077485997995792,0.012784729992114326,0.061170683258078125
W254694347e7baa8f0006,0.021529329134703647,0.0019809165164483464,0.15722295336540187,0.36273693579093963,0.07866990276633105,0.08191043085699574,0.013299749656794523,0.015607143768681641,0.0108219686831091,0.0662010605103643,0.02077485997995792,0.012784729992114326,0.061170683258078125
W26c33f39ec486dc40000,0.004419702474772234,0.00474004799644163,0.016940721716968657,0.009978205220868118,0.01843990387333756,0.0056557687154937634,0.01665085035942321,0.07225645114710524,0.37954011175409486,0.013035426752473551,0.0699727115995524,0.005434859922448602,0.0307575732098352
W26c33f39ec486dc40001,0.004419702474772234,0.00474004799644163,0.016940721716968657,0.009978205220868118,0.01843990387333756,0.0056557687154937634,0.01665085035942321,0.07225645114710524,0.37954011175409486,0.013035426752473551,0.0699727115995524,0.005434859922448602,0.0307575732098352
W26c33f39ec486dc40002,0.004419702474772234,0.00474004799644163,0.016940721716968657,0.009978205220868118,0.01843990387333756,0.0056557687154937634,0.01665085035942321,0.07225645114710524,0.37954011175409486,0.013035426752473551,0.0699727115995524,0.005434859922448602,0.0307575732098352
W26c33f39ec486dc40003,0.004419702474772234,0.00474004799644163,0.016940721716968657,0.009978205220868118,0.01843990387333756,0.0056557687154937634,0.01665085035942321,0.07225645114710524,0.37954011175409486,0.013035426752473551,0.0699727115995524,0.005434859922448602,0.0307575732098352
W26c33f39ec486dc40004,0.004419702474772234,0.00474004799644163,0.016940721716968657,0.009978205220868118,0.01843990387333756,0.0056557687154937634,0.01665085035942321,0.07225645114710524,0.37954011175409486,0.013035426752473551,0.0699727115995524,0.005434859922448602,0.0307575732098352
W26c33f39ec486dc40005,0.004419702474772234,0.00474004799644163,0.016940721716968657,0.009978205220868118,0.01843990387333756,0.0056557687154937634,0.01665085035942321,0.07225645114710524,0.37954011175409486,0.013035426752473551,0.0699727115995524,0.005434859922448602,0.0307575732098352
W26c33f39ec486dc40006,0.004419702474772234,0.00474004799644163,0.016940721716968657,0.009978205220868118,0.01843990387333756,0.0056557687154937634,0.01665085035942321,0.07225645114710524,0.37954011175409486,0.013035426752473551,0.0699727115995524,0.005434859922448602,0.0307575732098352
W2b547b8884802d090000,0.04196343694058783,0.0016179849590589343,0.3041170634291376,0.26864469010787195,0.1232413472074833,0.026128345027104146,0.029367171423105142,0.02836640704213015,0.013697726775277799,0.026587455457258928,0.014036365023892076,0.026336089577922057,0.032644882738182245
W2b547b8884802d090001,0.04196343694058783,0.0016179849590589343,0.3041170634291376,0.26864469010787195,0.1232413472074833,0.026128345027104146,0.029367171423105142,0.02836640704213015,0.013697726775277799,0.026587455457258928,0.014036365023892076,0.026336089577922057,0.032644882738182245
W2b547b8884802d090002,0.04196343694058783,0.0016179849590589343,0.3041170634291376,0.26864469010787195,0.1232413472074833,0.026128345027104146,0.029367171423105142,0.02836640704213015,0.013697726775277799,0.026587455457258928,0.014036365023892076,0.026336089577922057,0.032644882738182245
W2b547b8884802d090003,0.04196343694058783,0.0016179849590589343,0.3041170634291376,0.26864469010787195,0.1232413472074833,0.026128345027104146,0.029367171423105142,0.02836640704213015,0.013697726775277799,0.026587455457258928,0.014036365023892076,0.026336089577922057,0.032644882738182245
W2b547b8884802d090004,0.04196343694058783,0.0016179849590589343,0.3041170634291376,0.26864469010787195,0.1232413472074833,0.026128345027104146,0.029367171423105142,0.02836640704213015,0.013697726775277799,0.026587455457258928,0.014036365023892076,0.026336089577922057,0.032644882738182245
W2b547b8884802d090005,0.04196343694058783,0.0016179849590589343,0.3041170634291376,0.26864469010787195,0.1232413472074833,0.026128345027104146,0.029367171423105142,0.02836640704213015,0.013697726775277799,0.026587455457258928,0.014036365023892076,0.026336089577922057,0.032644882738182245
W2b547b8884802d090006,0.04196343694058783,0.0016179849590589343,0.3041170634291376,0.26864469010787195,0.1232413472074833,0.026128345027104146,0.029367171423105142,0.02836640704213015,0.013697726775277799,0.026587455457258928,0.014036365023892076,0.026336089577922057,0.032644882738182245
W2b76a98b5fdc112c0000,0.012692852798800305,0.935289351933609,0.0040536435368567535,0.0027878635930592157,0.0051737300204746164,0.002153205853075071,0.015357941952181113,0.0027458029511788235,0.0023077924177895546,0.0037168286854662187,0.0019566549360564094,0.00325163166001509,0.0015947199753385407
W2b76a98b5fdc112c0001,0.012692852798800305,0.935289351933609,0.0040536435368567535,0.0027878635930592157,0.0051737300204746164,0.002153205853075071,0.015357941952181113,0.0027458029511788235,0.0023077924177895546,0.0037168286854662187,0.0019566549360564094,0.00325163166001509,0.0015947199753385407
W2b76a98b5fdc112c0002,0.012692852798800305,0.935289351933609,0.0040536435368567535,0.0027878635930592157,0.0051737300204746164,0.002153205853075071,0.015357941952181113,0.0027458029511788235,0.0023077924177895546,0.0037168286854662187,0.0019566549360564094,0.00325163166001509,0.0015947199753385407
W2b76a98b5fdc112c0003,0.012692852798800305,0.935289351933609,0.0040536435368567535,0.0027878635930592157,0.0051737300204746164,0.002153205853075071,0.015357941952181113,0.0027458029511788235,0.0023077924177895546,0.0037168286854662187,0.0019566549360564094,0.00325163166001509,0.0015947199753385407
W2b76a98b5fdc112c0004,0.012692852798800305,0.935289351933609,0.0040536435368567535,0.0027878635930592157,0.0051737300204746164,0.002153205853075071,0.015357941952181113,0.0027458029511788235,0.0023077924177895546,0.0037168286854662187,0.0019566549360564094,0.00325163166001509,0.0015947199753385407
W2b76a98b5fdc112c0005,0.012692852798800305,0.935289351933609,0.0040536435368567535,0.0027878635930592157,0.0051737300204746164,0.002153205853075071,0.015357941952181113,0.0027458029511788235,0.0023077924177895546,0.0037168286854662187,0.0019566549360564094,0.00325163166001509,0.0015947199753385407
W2b76a98b5fdc112c0006,0.012692852798800305,0.935289351933609,0.0040536435368567535,0.0027878635930592157,0.0051737300204746164,0.002153205853075071,0.015357941952181113,0.0027458029511788235,0.0023077924177895546,0.0037168286854662187,0.0019566549360564094,0.00325163166001509,0.0015947199753385407
W2c589b5392085eab0000,0.01505867668333523,0.007275891343774157,0.07453416681994883,0.4212141135193441,0.13685525616987926,0.13660113549411165,0.047550614959750756,0.003791683626426934,0.0011068558690117323,0.005051510599668694,0.004700666045749181,0.1259655923957214,0.008367998982439126
W2c589b5392085eab0001,0.01505867668333523,0.007275891343774157,0.07453416681994883,0.4212141135193441,0.13685525616987926,0.13660113549411165,0.047550614959750756,0.003791683626426934,0.0011068558690117323,0.005051510599668694,0.004700666045749181,0.1259655923957214,0.008367998982439126
W2c589b5392085eab0002,0.01505867668333523,0.007275891343774157,0.07453416681994883,0.4212141135193441,0.13685525616987926,0.13660113549411165,0.047550614959750756,0.003791683626426934,0.0011068558690117323,0.005051510599668694,0.004700666045749181,0.1259655923957214,0.008367998982439126
W2c589b5392085eab0003,0.01505867668333523,0.007275891343774157,0.07453416681994883,0.4212141135193441,0.13685525616987926,0.13660113549411165,0.047550614959750756,0.003791683626426934,0.0011068558690117323,0.005051510599668694,0.004700666045749181,0.1259655923957214,0.008367998982439126
W2c589b5392085eab0004,0.01505867668333523,0.007275891343774157,0.07453416681994883,0.4212141135193441,0.13685525616987926,0.13660113549411165,0.047550614959750756,0.003791683626426934,0.0011068558690117323,0.005051510599668694,0.004700666045749181,0.1259655923957214,0.008367998982439126
W2c589b5392085eab0005,0.01505867668333523,0.007275891343774157,0.07453416681994883,0.4212141135193441,0.13685525616987926,0.13660113549411165,0.047550614959750756,0.003791683626426934,0.0011068558690117323,0.005051510599668694,0.004700666045749181,0.1259655923957214,0.008367998982439126
W2c589b5392085eab0006,0.01505867668333523,0.007275891343774157,0.07453416681994883,0.4212141135193441,0.13685525616987926,0.13660113549411165,0.047550614959750756,0.003791683626426934,0.0011068558690117323,0.005051510599668694,0.004700666045749181,0.1259655923957214,0.008367998982439126
W2ceaaf5d76ae865f0000,0.02008236659507476,0.0005209713299550943,0.28260195388926734,0.08351061216379903,0.07080373971403561,0.44229664006757696,0.013609430888422995,0.0007730620996674692,0.0008744899400408075,0.002029614152883035,0.00420936510867248,0.06535131111469474,0.0065198190821753365
W2ceaaf5d76ae865f0001,0.02008236659507476,0.0005209713299550943,0.28260195388926734,0.08351061216379903,0.07080373971403561,0.44229664006757696,0.013609430888422995,0.0007730620996674692,0.0008744899400408075,0.002029614152883035,0.00420936510867248,0.06535131111469474,0.0065198190821753365
W2ceaaf5d76ae865f0002,0.02008236659507476,0.0005209713299550943,0.28260195388926734,0.08351061216379903,0.07080373971403561,0.44229664006757696,0.013609430888422995,0.0007730620996674692,0.0008744899400408075,0.002029614152883035,0.00420936510867248,0.06535131111469474,0.0065198190821753365
W2ceaaf5d76ae865f0003,0.02008236659507476,0.0005209713299550943,0.28260195388926734,0.08351061216379903,0.07080373971403561,0.44229664006757696,0.013609430888422995,0.0007730620996674692,0.0008744899400408075,0.002029614152883035,0.00420936510867248,0.06535131111469474,0.0065198190821753365
W2ceaaf5d76ae865f0004,0.02008236659507476,0.0005209713299550943,0.28260195388926734,0.08351061216379903,0.07080373971403561,0.44229664006757696,0.013609430888422995,0.0007730620996674692,0.0008744899400408075,0.002029614152883035,0.00420936510867248,0.06535131111469474,0.0065198190821753365
W2ceaaf5d76ae865f0005,0.02008236659507476,0.0005209713299550943,0.28260195388926734,0.08351061216379903,0.07080373971403561,0.44229664006757696,0.013609430888422995,0.0007730620996674692,0.0008744899400408075,0.002029614152883035,0.00420936510867248,0.06535131111469474,0.0065198190821753365
W2ceaaf5d76ae865f0006,0.02008236659507476,0.0005209713299550943,0.28260195388926734,0.08351061216379903,0.07080373971403561,0.44229664006757696,0.013609430888422995,0.0007730620996674692,0.0008744899400408075,0.002029614152883035,0.00420936510867248,0.06535131111469474,0.0065198190821753365
W2d862e29ffe711480000,0.024829401228082543,0.00889173953277704,0.09569564832628104,0.03336780456310932,0.0416521366539427,0.0461962432667274,0.019054682842394022,0.03062165343120436,0.06254167129936886,0.341358855331357,0.046904038330383147,0.014005152381113637,0.03157932053909274
W2d862e29ffe711480001,0.024829401228082543,0.00889173953277704,0.09569564832628104,0.03336780456310932,0.0416521366539427,0.0461962432667274,0.019054682842394022,0.03062165343120436,0.06254167129936886,0.341358855331357,0.046904038330383147,0.014005152381113637,0.03157932053909274
W2d862e29ffe711480002,0.024829401228082543,0.00889173953277704,0.09569564832628104,0.03336780456310932,0.0416521366539427,0.0461962432667274,0.019054682842394022,0.03062165343120436,0.06254167129936886,0.341358855331357,0.046904038330383147,0.014005152381113637,0.03157932053909274
W2d862e29ffe711480003,0.024829401228082543,0.00889173953277704,0.09569564832628104,0.03336780456310932,0.0416521366539427,0.0461962432667274,0.019054682842394022,0.03062165343120436,0.06254167129936886,0.341358855331357,0.046904038330383147,0.014005152381113637,0.03157932053909274
W2d862e29ffe711480004,0.024829401228082543,0.00889173953277704,0.09569564832628104,0.03336780456310932,0.0416521366539427,0.0461962432667274,0.019054682842394022,0.03062165343120436,0.06254167129936886,0.341358855331357,0.046904038330383147,0.014005152381113637,0.03157932053909274
W2d862e29ffe711480005,0.024829401228082543,0.00889173953277704,0.09569564832628104,0.03336780456310932,0.0416521366539427,0.0461962432667274,0.019054682842394022,0.03062165343120436,0.06254167129936886,0.341358855331357,0.046904038330383147,0.014005152381113637,0.03157932053909274
W2d862e29ffe711480006,0.024829401228082543,0.00889173953277704,0.09569564832628104,0.03336780456310932,0.0416521366539427,0.0461962432667274,0.019054682842394022,0.03062165343120436,0.06254167129936886,0.341358855331357,0.046904038330383147,0.014005152381113637,0.03157932053909274
W2efa997a9b7c98ee0000,0.0061588229875052004,0.022595769071516315,0.23430284470500554,0.012856730587798867,0.024368721613154155,0.013117630718892532,0.02500539831220173,0.033571096789206153,0.05474040267864347,0.2949739857086092,0.06873300815104645,0.006408218379644964,0.09871225704994196
W2efa997a9b7c98ee0001,0.0061588229875052004,0.022595769071516315,0.23430284470500554,0.012856730587798867,0.024368721613154155,0.013117630718892532,0.02500539831220173,0.033571096789206153,0.05474040267864347,0.2949739857086092,0.06873300815104645,0.006408218379644964,0.09871225704994196
W2efa997a9b7c98ee0002,0.0061588229875052004,0.022595769071516315,0.23430284470500554,0.012856730587798867,0.024368721613154155,0.013117630718892532,0.02500539831220173,0.033571096789206153,0.05474040267864347,0.2949739857086092,0.06873300815104645,0.006408218379644964,0.09871225704994196
W2efa997a9b7c98ee0003,0.0061588229875052004,0.022595769071516315,0.23430284470500554,0.012856730587798867,0.024368721613154155,0.013117630718892532,0.02500539831220173,0.033571096789206153,0.05474040267864347,0.2949739857086092,0.06873300815104645,0.006408218379644964,0.09871225704994196
W2efa997a9b7c98ee0004,0.0061588229875052004,0.022595769071516315,0.23430284470500554,0.012856730587798867,0.024368721613154155,0.013117630718892532,0.02500539831220173,0.033571096789206153,0.05474040267864347,0.2949739857086092,0.06873300815104645,0.006408218379644964,0.09871225704994196
W2efa997a9b7c98ee0005,0.0061588229875052004,0.022595769071516315,0.23430284470500554,0.012856730587798867,0.024368721613154155,0.013117630718892532,0.02500539831220173,0.033571096789206153,0.05474040267864347,0.2949739857086092,0.06873300815104645,0.006408218379644964,0.09871225704994196
W2efa997a9b7c98ee0006,0.0061588229875052004,0.022595769071516315,0.23430284470500554,0.012856730587798867,0.024368721613154155,0.013117630718892532,0.02500539831220173,0.033571096789206153,0.05474040267864347,0.2949739857086092,0.06873300815104645,0.006408218379644964,0.09871225704994196
W2f09f36e113015d80000,0.006740491848577094,0.0002364678142482103,0.01284410527417313,0.006960712967693452,0.008584256155712589,0.17044422115289945,0.003266933706497334,9.501326066674373e-05,0.00011223386320593885,0.001296936001121994,0.00015239900274654618,0.7752562824112644,0.011122559724462413
W2f09f36e113015d80001,0.006740491848577094,0.0002364678142482103,0.01284410527417313,0.006960712967693452,0.008584256155712589,0.17044422115289945,0.003266933706497334,9.501326066674373e-05,0.00011223386320593885,0.001296936001121994,0.00015239900274654618,0.7752562824112644,0.011122559724462413
W2f09f36e113015d80002,0.006740491848577094,0.0002364678142482103,0.01284410527417313,0.006960712967693452,0.008584256155712589,0.17044422115289945,0.003266933706497334,9.501326066674373e-05,0.00011223386320593885,0.001296936001121994,0.00015239900274654618,0.7752562824112644,0.011122559724462413
W2f09f36e113015d80003,0.006740491848577094,0.0002364678142482103,0.01284410527417313,0.006960712967693452,0.008584256155712589,0.17044422115289945,0.003266933706497334,9.501326066674373e-05,0.00011223386320593885,0.001296936001121994,0.00015239900274654618,0.7752562824112644,0.011122559724462413
W2f09f36e113015d80004,0.006740491848577094,0.0002364678142482103,0.01284410527417313,0.006960712967693452,0.008584256155712589,0.17044422115289945,0.003266933706497334,9.501326066674373e-05,0.00011223386320593885,0.001296936001121994,0.00015239900274654618,0.7752562824112644,0.011122559724462413
W2f09f36e113015d80005,0.006740491848577094,0.0002364678142482103,0.01284410527417313,0.006960712967693452,0.008584256155712589,0.17044422115289945,0.003266933706497334,9.501326066674373e-05,0.00011223386320593885,0.001296936001121994,0.00015239900274654618,0.7752562824112644,0.011122559724462413
W2f09f36e113015d80006,0.006740491848577094,0.0002364678142482103,0.01284410527417313,0.006960712967693452,0.008584256155712589,0.17044422115289945,0.003266933706497334,9.501326066674373e-05,0.00011223386320593885,0.001296936001121994,0.00015239900274654618,0.7752562824112644,0.011122559724462413
W2f994ecdb980801c0000,0.3312757883001484,0.0021925675993953466,0.07466959014171279,0.14401797087504875,0.011584210315840657,0.07713940069589227,0.052401710051037886,0.008669505710098446,0.004552733129211253,0.07166229372040632,0.019992801018608963,0.015241231824823944,0.06415452247085485
W2f994ecdb980801c0001,0.3312757883001484,0.0021925675993953466,0.07466959014171279,0.14401797087504875,0.011584210315840657,0.07713940069589227,0.052401710051037886,0.008669505710098446,0.004552733129211253,0.07166229372040632,0.019992801018608963,0.015241231824823944,0.06415452247085485
W2f994ecdb980801c0002,0.3312757883001484,0.0021925675993953466,0.07466959014171279,0.14401797087504875,0.011584210315840657,0.07713940069589227,0.052401710051037886,0.008669505710098446,0.004552733129211253,0.07166229372040632,0.019992801018608963,0.015241231824823944,0.06415452247085485
W2f994ecdb980801c0003,0.3312757883001484,0.0021925675993953466,0.07466959014171279,0.14401797087504875,0.011584210315840657,0.07713940069589227,0.052401710051037886,0.008669505710098446,0.004552733129211253,0.07166229372040632,0.019992801018608963,0.015241231824823944,0.06415452247085485
W2f994ecdb980801c0004,0.3312757883001484,0.0021925675993953466,0.07466959014171279,0.14401797087504875,0.011584210315840657,0.07713940069589227,0.052401710051037886,0.008669505710098446,0.004552733129211253,0.07166229372040632,0.019992801018608963,0.015241231824823944,0.06415452247085485
W2f994ecdb980801c0005,0.3312757883001484,0.0021925675993953466,0.07466959014171279,0.14401797087504875,0.011584210315840657,0.07713940069589227,0.052401710051037886,0.008669505710098446,0.004552733129211253,0.07166229372040632,0.019992801018608963,0.015241231824823944,0.06415452247085485
W2f994ecdb980801c0006,0.3312757883001484,0.0021925675993953466,0.07466959014171279,0.14401797087504875,0.011584210315840657,0.07713940069589227,0.052401710051037886,0.008669505710098446,0.004552733129211253,0.07166229372040632,0.019992801018608963,0.015241231824823944,0.06415452247085485
W2fef388ddea1a5470000,0.002393131065618458,0.0006438756445073931,0.010257015703887054,0.006721797391622784,0.005236960423735499,0.8041584143776099,0.0013803680897457394,0.0009538881246506513,4.67853497381024e-05,2.7363730988582045e-05,0.0004296393417898776,0.16056665543062956,0.005672583606622782
W2fef388ddea1a5470001,0.002393131065618458,0.0006438756445073931,0.010257015703887054,0.006721797391622784,0.005236960423735499,0.8041584143776099,0.0013803680897457394,0.0009538881246506513,4.67853497381024e-05,2.7363730988582045e-05,0.0004296393417898776,0.16056665543062956,0.005672583606622782
W2fef388ddea1a5470002,0.002393131065618458,0.0006438756445073931,0.010257015703887054,0.006721797391622784,0.005236960423735499,0.8041584143776099,0.0013803680897457394,0.0009538881246506513,4.67853497381024e-05,2.7363730988582045e-05,0.0004296393417898776,0.16056665543062956,0.005672583606622782
W2fef388ddea1a5470003,0.002393131065618458,0.0006438756445073931,0.010257015703887054,0.006721797391622784,0.005236960423735499,0.8041584143776099,0.0013803680897457394,0.0009538881246506513,4.67853497381024e-05,2.7363730988582045e-05,0.0004296393417898776,0.16056665543062956,0.005672583606622782
W2fef388ddea1a5470004,0.002393131065618458,0.0006438756445073931,0.010257015703887054,0.006721797391622784,0.005236960423735499,0.8041584143776099,0.0013803680897457394,0.0009538881246506513,4.67853497381024e-05,2.7363730988582045e-05,0.0004296393417898776,0.16056665543062956,0.005672583606622782
W2fef388ddea1a5470005,0.002393131065618458,0.0006438756445073931,0.010257015703887054,0.006721797391622784,0.005236960423735499,0.8041584143776099,0.0013803680897457394,0.0009538881246506513,4.67853497381024e-05,2.7363730988582045e-05,0.0004296393417898776,0.16056665543062956,0.005672583606622782
W2fef388ddea1a5470006,0.002393131065618458,0.0006438756445073931,0.010257015703887054,0.006721797391622784,0.005236960423735499,0.8041584143776099,0.0013803680897457394,0.0009538881246506513,4.67853497381024e-05,2.7363730988582045e-05,0.0004296393417898776,0.16056665543062956,0.005672583606622782
W31929a826970ecea0000,0.007035741815935111,0.008333087063974108,0.21201196062325975,0.0515440159868866,0.12770130165816768,0.02261827125631453,0.04717075419832056,0.02272134005030126,0.014182493259834485,0.0521887817055395,0.010138668760131732,0.015370762033653607,0.07622846778343419
W31929a826970ecea0001,0.007035741815935111,0.008333087063974108,0.21201196062325975,0.0515440159868866,0.12770130165816768,0.02261827125631453,0.04717075419832056,0.02272134005030126,0.014182493259834485,0.0521887817055395,0.010138668760131732,0.015370762033653607,0.07622846778343419
W31929a826970ecea0002,0.007035741815935111,0.008333087063974108,0.21201196062325975,0.0515440159868866,0.12770130165816768,0.02261827125631453,0.04717075419832056,0.02272134005030126,0.014182493259834485,0.0521887817055395,0.010138668760131732,0.015370762033653607,0.07622846778343419
W31929a826970ecea0003,0.007035741815935111,0.008333087063974108,0.21201196062325975,0.0515440159868866,0.12770130165816768,0.02261827125631453,0.04717075419832056,0.02272134005030126,0.014182493259834485,0.0521887817055395,0.010138668760131732,0.015370762033653607,0.07622846778343419
W31929a826970ecea0004,0.007035741815935111,0.008333087063974108,0.21201196062325975,0.0515440159868866,0.12770130165816768,0.02261827125631453,0.04717075419832056,0.02272134005030126,0.014182493259834485,0.0521887817055395,0.010138668760131732,0.015370762033653607,0.07622846778343419
W31929a826970ecea0005,0.007035741815935111,0.008333087063974108,0.21201196062325975,0.0515440159868866,0.12770130165816768,0.02261827125631453,0.04717075419832056,0.02272134005030126,0.014182493259834485,0.0521887817055395,0.010138668760131732,0.015370762033653607,0.07622846778343419
W31929a826970ecea0006,0.007035741815935111,0.008333087063974108,0.21201196062325975,0.0515440159868866,0.12770130165816768,0.02261827125631453,0.04717075419832056,0.02272134005030126,0.014182493259834485,0.0521887817055395,0.010138668760131732,0.015370762033653607,0.07622846778343419
W3200649c2441eeea0000,0.007878784608853754,0.00012193402877471204,0.011917898080126391,0.010735410342352163,0.015860289231197193,0.17581343083820652,0.0009292136264083866,0.0021771713140415856,5.276441056469029e-05,0.0009054729310023119,0.0009858415556205345,0.7644939276444919,0.004548895663368821
W3200649c2441eeea0001,0.007878784608853754,0.00012193402877471204,0.011917898080126391,0.010735410342352163,0.015860289231197193,0.17581343083820652,0.0009292136264083866,0.0021771713140415856,5.276441056469029e-05,0.0009054729310023119,0.0009858415556205345,0.7644939276444919,0.004548895663368821
W3200649c2441eeea0002,0.007878784608853754,0.00012193402877471204,0.011917898080126391,0.010735410342352163,0.015860289231197193,0.17581343083820652,0.0009292136264083866,0.0021771713140415856,5.276441056469029e-05,0.0009054729310023119,0.0009858415556205345,0.7644939276444919,0.004548895663368821
W3200649c2441eeea0003,0.007878784608853754,0.00012193402877471204,0.011917898080126391,0.010735410342352163,0.015860289231197193,0.17581343083820652,0.0009292136264083866,0.0021771713140415856,5.276441056469029e-05,0.0009054729310023119,0.0009858415556205345,0.7644939276444919,0.004548895663368821
W3200649c2441eeea0004,0.007878784608853754,0.00012193402877471204,0.011917898080126391,0.010735410342352163,0.015860289231197193,0.17581343083820652,0.0009292136264083866,0.0021771713140415856,5.276441056469029e-05,0.0009054729310023119,0.0009858415556205345,0.7644939276444919,0.004548895663368821
W3200649c2441eeea0005,0.007878784608853754,0.00012193402877471204,0.011917898080126391,0.010735410342352163,0.015860289231197193,0.17581343083820652,0.0009292136264083866,0.0021771713140415856,5.276441056469029e-05,0.0009054729310023119,0.0009858415556205345,0.7644939276444919,0.004548895663368821
W3200649c2441eeea0006,0.007878784608853754,0.00012193402877471204,0.011917898080126391,0.010735410342352163,0.015860289231197193,0.17581343083820652,0.0009292136264083866,0.0021771713140415856,5.276441056469029e-05,0.0009054729310023119,0.0009858415556205345,0.7644939276444919,0.004548895663368821
W3473531eb2823bc50000,0.04329510368582934,0.0029308751380093733,0.41457438864560187,0.1253281789102347,0.20298047195395394,0.02643589130294471,0.028135871626173075,0.01232610306268771,0.012441878099738473,0.014567311773602707,0.011503772767760281,0.03700695522788346,0.02148153970539482
W3473531eb2823bc50001,0.04329510368582934,0.0029308751380093733,0.41457438864560187,0.1253281789102347,0.20298047195395394,0.02643589130294471,0.028135871626173075,0.01232610306268771,0.012441878099738473,0.014567311773602707,0.011503772767760281,0.03700695522788346,0.02148153970539482
W3473531eb2823bc50002,0.04329510368582934,0.0029308751380093733,0.41457438864560187,0.1253281789102347,0.20298047195395394,0.02643589130294471,0.028135871626173075,0.01232610306268771,0.012441878099738473,0.014567311773602707,0.011503772767760281,0.03700695522788346,0.02148153970539482
W3473531eb2823bc50003,0.04329510368582934,0.0029308751380093733,0.41457438864560187,0.1253281789102347,0.20298047195395394,0.02643589130294471,0.028135871626173075,0.01232610306268771,0.012441878099738473,0.014567311773602707,0.011503772767760281,0.03700695522788346,0.02148153970539482
W3473531eb2823bc50004,0.04329510368582934,0.0029308751380093733,0.41457438864560187,0.1253281789102347,0.20298047195395394,0.02643589130294471,0.028135871626173075,0.01232610306268771,0.012441878099738473,0.014567311773602707,0.011503772767760281,0.03700695522788346,0.02148153970539482
W3473531eb2823bc50005,0.04329510368582934,0.0029308751380093733,0.41457438864560187,0.1253281789102347,0.20298047195395394,0.02643589130294471,0.028135871626173075,0.01232610306268771,0.012441878099738473,0.014567311773602707,0.011503772767760281,0.03700695522788346,0.02148153970539482
W3473531eb2823bc50006,0.04329510368582934,0.0029308751380093733,0.41457438864560187,0.1253281789102347,0.20298047195395394,0.02643589130294471,0.028135871626173075,0.01232610306268771,0.012441878099738473,0.014567311773602707,0.011503772767760281,0.03700695522788346,0.02148153970539482
W3546dd5862165a310000,0.0010967723977999921,0.0005520309452927938,0.0036070956280076986,0.005467937448007892,9.947961989731157e-05,0.017842402342350277,0.00017339726910015085,5.572290738988533e-06,6.604553494558883e-06,4.412300242293817e-06,9.107486985479009e-06,0.9505808544343362,0.020529808262590793
W3546dd5862165a310001,0.0010967723977999921,0.0005520309452927938,0.0036070956280076986,0.005467937448007892,9.947961989731157e-05,0.017842402342350277,0.00017339726910015085,5.572290738988533e-06,6.604553494558883e-06,4.412300242293817e-06,9.107486985479009e-06,0.9505808544343362,0.020529808262590793
W3546dd5862165a310002,0.0010967723977999921,0.0005520309452927938,0.0036070956280076986,0.005467937448007892,9.947961989731157e-05,0.017842402342350277,0.00017339726910015085,5.572290738988533e-06,6.604553494558883e-06,4.412300242293817e-06,9.107486985479009e-06,0.9505808544343362,0.020529808262590793
W3546dd5862165a310003,0.0010967723977999921,0.0005520309452927938,0.0036070956280076986,0.005467937448007892,9.947961989731157e-05,0.017842402342350277,0.00017339726910015085,5.572290738988533e-06,6.604553494558883e-06,4.412300242293817e-06,9.107486985479009e-06,0.9505808544343362,0.020529808262590793
W3546dd5862165a310004,0.0010967723977999921,0.0005520309452927938,0.0036070956280076986,0.005467937448007892,9.947961989731157e-05,0.017842402342350277,0.00017339726910015085,5.572290738988533e-06,6.604553494558883e-06,4.412300242293817e-06,9.107486985479009e-06,0.9505808544343362,0.020529808262590793
W3546dd5862165a310005,0.0010967723977999921,0.0005520309452927938,0.0036070956280076986,0.005467937448007892,9.947961989731157e-05,0.017842402342350277,0.00017339726910015085,5.572290738988533e-06,6.604553494558883e-06,4.412300242293817e-06,9.107486985479009e-06,0.9505808544343362,0.020529808262590793
W3546dd5862165a310006,0.0010967723977999921,0.0005520309452927938,0.0036070956280076986,0.005467937448007892,9.947961989731157e-05,0.017842402342350277,0.00017339726910015085,5.572290738988533e-06,6.604553494558883e-06,4.412300242293817e-06,9.107486985479009e-06,0.9505808544343362,0.020529808262590793
W372ee4e3091c33bb0000,0.0015402610436794349,0.017953967237206478,0.04589928050851946,0.006612064537500243,0.013282148138782182,0.003807629063189804,0.006195908858816194,0.0499652276669161,0.544446104283035,0.0726592286574459,0.16405686112883497,0.0032927984104851086,0.02398134413982493
W372ee4e3091c33bb0001,0.0015402610436794349,0.017953967237206478,0.04589928050851946,0.006612064537500243,0.013282148138782182,0.003807629063189804,0.006195908858816194,0.0499652276669161,0.544446104283035,0.0726592286574459,0.16405686112883497,0.0032927984104851086,0.02398134413982493
W372ee4e3091c33bb0002,0.0015402610436794349,0.017953967237206478,0.04589928050851946,0.006612064537500243,0.013282148138782182,0.003807629063189804,0.006195908858816194,0.0499652276669161,0.544446104283035,0.0726592286574459,0.16405686112883497,0.0032927984104851086,0.02398134413982493
W372ee4e3091c33bb0003,0.0015402610436794349,0.017953967237206478,0.04589928050851946,0.006612064537500243,0.013282148138782182,0.003807629063189804,0.006195908858816194,0.0499652276669161,0.544446104283035,0.0726592286574459,0.16405686112883497,0.0032927984104851086,0.02398134413982493
W372ee4e3091c33bb0004,0.0015402610436794349,0.017953967237206478,0.04589928050851946,0.006612064537500243,0.013282148138782182,0.003807629063189804,0.006195908858816194,0.0499652276669161,0.544446104283035,0.0726592286574459,0.16405686112883497,0.0032927984104851086,0.02398134413982493
W372ee4e3091c33bb0005,0.0015402610436794349,0.017953967237206478,0.04589928050851946,0.006612064537500243,0.013282148138782182,0.003807629063189804,0.006195908858816194,0.0499652276669161,0.544446104283035,0.0726592286574459,0.16405686112883497,0.0032927984104851086,0.02398134413982493
W372ee4e3091c33bb0006,0.0015402610436794349,0.017953967237206478,0.04589928050851946,0.006612064537500243,0.013282148138782182,0.003807629063189804,0.006195908858816194,0.0499652276669161,0.544446104283035,0.0726592286574459,0.16405686112883497,0.0032927984104851086,0.02398134413982493
W37fe5be573d394450000,0.01119018215691145,0.01620640587324019,0.08251560539468407,0.04992401511828622,0.03399381707241774,0.11020501807983352,0.18981253712528565,0.028774433789623993,0.02765840240188082,0.03875688336408086,0.10815311131151438,0.032942066217063797,0.1370690216896199
W37fe5be573d394450001,0.01119018215691145,0.01620640587324019,0.08251560539468407,0.04992401511828622,0.03399381707241774,0.11020501807983352,0.18981253712528565,0.028774433789623993,0.02765840240188082,0.03875688336408086,0.10815311131151438,0.032942066217063797,0.1370690216896199
W37fe5be573d394450002,0.01119018215691145,0.01620640587324019,0.08251560539468407,0.04992401511828622,0.03399381707241774,0.11020501807983352,0.18981253712528565,0.028774433789623993,0.02765840240188082,0.03875688336408086,0.10815311131151438,0.032942066217063797,0.1370690216896199
W37fe5be573d394450003,0.01119018215691145,0.01620640587324019,0.08251560539468407,0.04992401511828622,0.03399381707241774,0.11020501807983352,0.18981253712528565,0.028774433789623993,0.02765840240188082,0.03875688336408086,0.10815311131151438,0.032942066217063797,0.1370690216896199
W37fe5be573d394450004,0.01119018215691145,0.01620640587324019,0.08251560539468407,0.04992401511828622,0.03399381707241774,0.11020501807983352,0.18981253712528565,0.028774433789623993,0.02765840240188082,0.03875688336408086,0.10815311131151438,0.032942066217063797,0.1370690216896199
W37fe5be573d394450005,0.01119018215691145,0.01620640587324019,0.08251560539468407,0.04992401511828622,0.03399381707241774,0.11020501807983352,0.18981253712528565,0.028774433789623993,0.02765840240188082,0.03875688336408086,0.10815311131151438,0.032942066217063797,0.1370690216896199
W37fe5be573d394450006,0.01119018215691145,0.01620640587324019,0.08251560539468407,0.04992401511828622,0.03399381707241774,0.11020501807983352,0.18981253712528565,0.028774433789623993,0.02765840240188082,0.03875688336408086,0.10815311131151438,0.032942066217063797,0.1370690216896199
W3850cfe923211d2a0000,0.049931865638536466,0.00923927635958549,0.02579790439862871,0.04552954405472554,0.062238928337019904,0.02200467317491682,0.044794529416608615,0.4153986593925971,0.010014477283036448,0.042756948767684363,0.04117866183527536,0.013295048537229834,0.015647130138990144
W3850cfe923211d2a0001,0.049931865638536466,0.00923927635958549,0.02579790439862871,0.04552954405472554,0.062238928337019904,0.02200467317491682,0.044794529416608615,0.4153986593925971,0.010014477283036448,0.042756948767684363,0.04117866183527536,0.013295048537229834,0.015647130138990144
W3850cfe923211d2a0002,0.049931865638536466,0.00923927635958549,0.02579790439862871,0.04552954405472554,0.062238928337019904,0.02200467317491682,0.044794529416608615,0.4153986593925971,0.010014477283036448,0.042756948767684363,0.04117866183527536,0.013295048537229834,0.015647130138990144
W3850cfe923211d2a0003,0.049931865638536466,0.00923927635958549,0.02579790439862871,0.04552954405472554,0.062238928337019904,0.02200467317491682,0.044794529416608615,0.4153986593925971,0.010014477283036448,0.042756948767684363,0.04117866183527536,0.013295048537229834,0.015647130138990144
W3850cfe923211d2a0004,0.049931865638536466,0.00923927635958549,0.02579790439862871,0.04552954405472554,0.062238928337019904,0.02200467317491682,0.044794529416608615,0.4153986593925971,0.010014477283036448,0.042756948767684363,0.04117866183527536,0.013295048537229834,0.015647130138990144
W3850cfe923211d2a0005,0.049931865638536466,0.00923927635958549,0.02579790439862871,0.04552954405472554,0.062238928337019904,0.02200467317491682,0.044794529416608615,0.4153986593925971,0.010014477283036448,0.042756948767684363,0.04117866183527536,0.013295048537229834,0.015647130138990144
W3850cfe923211d2a0006,0.049931865638536466,0.00923927635958549,0.02579790439862871,0.04552954405472554,0.062238928337019904,0.02200467317491682,0.044794529416608615,0.4153986593925971,0.010014477283036448,0.042756948767684363,0.04117866183527536,0.013295048537229834,0.015647130138990144
W399b55598af37b7b0000,0.01515757652839416,0.0010398121612358315,0.062096555713443434,0.16996879406434917,0.0583481768038799,0.05637157891264892,0.017271729362428188,0.3016312261750444,0.012168642917224618,0.11379901427911818,0.0519606040401146,0.01110443083641231,0.023556882421280068
W399b55598af37b7b0001,0.01515757652839416,0.0010398121612358315,0.062096555713443434,0.16996879406434917,0.0583481768038799,0.05637157891264892,0.017271729362428188,0.3016312261750444,0.012168642917224618,0.11379901427911818,0.0519606040401146,0.01110443083641231,0.023556882421280068
W399b55598af37b7b0002,0.01515757652839416,0.0010398121612358315,0.062096555713443434,0.16996879406434917,0.0583481768038799,0.05637157891264892,0.017271729362428188,0.3016312261750444,0.012168642917224618,0.11379901427911818,0.0519606040401146,0.01110443083641231,0.023556882421280068
W399b55598af37b7b0003,0.01515757652839416,0.0010398121612358315,0.062096555713443434,0.16996879406434917,0.0583481768038799,0.05637157891264892,0.017271729362428188,0.3016312261750444,0.012168642917224618,0.11379901427911818,0.0519606040401146,0.01110443083641231,0.023556882421280068
W399b55598af37b7b0004,0.01515757652839416,0.0010398121612358315,0.062096555713443434,0.16996879406434917,0.0583481768038799,0.05637157891264892,0.017271729362428188,0.3016312261750444,0.012168642917224618,0.11379901427911818,0.0519606040401146,0.01110443083641231,0.023556882421280068
W399b55598af37b7b0005,0.01515757652839416,0.0010398121612358315,0.062096555713443434,0.16996879406434917,0.0583481768038799,0.05637157891264892,0.017271729362428188,0.3016312261750444,0.012168642917224618,0.11379901427911818,0.0519606040401146,0.01110443083641231,0.023556882421280068
W399b55598af37b7b0006,0.01515757652839416,0.0010398121612358315,0.062096555713443434,0.16996879406434917,0.0583481768038799,0.05637157891264892,0.017271729362428188,0.3016312261750444,0.012168642917224618,0.11379901427911818,0.0519606040401146,0.01110443083641231,0.023556882421280068
W3b18f3c30c47d8040000,0.8497561380538146,0.02308863602457707,0.008909856861847098,0.014940928622996506,0.01527061510847391,0.00473781208493058,0.012179735924381199,0.0035308057996348424,0.002179994108383968,0.03331812384552164,0.0017794335575141598,0.011619750367098948,0.008585810196656732
W3b18f3c30c47d8040001,0.8497561380538146,0.02308863602457707,0.008909856861847098,0.014940928622996506,0.01527061510847391,0.00473781208493058,0.012179735924381199,0.0035308057996348424,0.002179994108383968,0.03331812384552164,0.0017794335575141598,0.011619750367098948,0.008585810196656732
W3b18f3c30c47d8040002,0.8497561380538146,0.02308863602457707,0.008909856861847098,0.014940928622996506,0.01527061510847391,0.00473781208493058,0.012179735924381199,0.0035308057996348424,0.002179994108383968,0.03331812384552164,0.0017794335575141598,0.011619750367098948,0.008585810196656732
W3b18f3c30c47d8040003,0.8497561380538146,0.02308863602457707,0.008909856861847098,0.014940928622996506,0.01527061510847391,0.00473781208493058,0.012179735924381199,0.0035308057996348424,0.002179994108383968,0.03331812384552164,0.0017794335575141598,0.011619750367098948,0.008585810196656732
W3b18f3c30c47d8040004,0.8497561380538146,0.02308863602457707,0.008909856861847098,0.014940928622996506,0.01527061510847391,0.00473781208493058,0.012179735924381199,0.0035308057996348424,0.002179994108383968,0.03331812384552164,0.0017794335575141598,0.011619750367098948,0.008585810196656732
W3b18f3c30c47d8040005,0.8497561380538146,0.02308863602457707,0.008909856861847098,0.014940928622996506,0.01527061510847391,0.00473781208493058,0.012179735924381199,0.0035308057996348424,0.002179994108383968,0.03331812384552164,0.0017794335575141598,0.011619750367098948,0.008585810196656732
W3b18f3c30c47d8040006,0.8497561380538146,0.02308863602457707,0.008909856861847098,0.014940928622996506,0.01527061510847391,0.00473781208493058,0.012179735924381199,0.0035308057996348424,0.002179994108383968,0.03331812384552164,0.0017794335575141598,0.011619750367098948,0.008585810196656732
W3bafbf7685d60ad30000,0.007794358658912508,0.026378382411624553,0.0824939621362818,0.015433508565801187,0.031820721723868566,0.01649300472898532,0.02355874728912988,0.03381828198084993,0.11749059387030951,0.25775477396872915,0.1622449486578562,0.010957625521264907,0.05860081355981607
W3bafbf7685d60ad30001,0.007794358658912508,0.026378382411624553,0.0824939621362818,0.015433508565801187,0.031820721723868566,0.01649300472898532,0.02355874728912988,0.03381828198084993,0.11749059387030951,0.25775477396872915,0.1622449486578562,0.010957625521264907,0.05860081355981607
W3bafbf7685d60ad30002,0.007794358658912508,0.026378382411624553,0.0824939621362818,0.015433508565801187,0.031820721723868566,0.01649300472898532,0.02355874728912988,0.03381828198084993,0.11749059387030951,0.25775477396872915,0.1622449486578562,0.010957625521264907,0.05860081355981607
W3bafbf7685d60ad30003,0.007794358658912508,0.026378382411624553,0.0824939621362818,0.015433508565801187,0.031820721723868566,0.01649300472898532,0.02355874728912988,0.03381828198084993,0.11749059387030951,0.25775477396872915,0.1622449486578562,0.010957625521264907,0.05860081355981607
W3bafbf7685d60ad30004,0.007794358658912508,0.026378382411624553,0.0824939621362818,0.015433508565801187,0.031820721723868566,0.01649300472898532,0.02355874728912988,0.03381828198084993,0.11749059387030951,0.25775477396872915,0.1622449486578562,0.010957625521264907,0.05860081355981607
W3bafbf7685d60ad30005,0.007794358658912508,0.026378382411624553,0.0824939621362818,0.015433508565801187,0.031820721723868566,0.01649300472898532,0.02355874728912988,0.03381828198084993,0.11749059387030951,0.25775477396872915,0.1622449486578562,0.010957625521264907,0.05860081355981607
W3bafbf7685d60ad30006,0.007794358658912508,0.026378382411624553,0.0824939621362818,0.015433508565801187,0.031820721723868566,0.01649300472898532,0.02355874728912988,0.03381828198084993,0.11749059387030951,0.25775477396872915,0.1622449486578562,0.010957625521264907,0.05860081355981607
W3d68ba1ac902179b0000,0.004426150799491876,0.8699358841011616,0.0036416082108388054,0.005431043646110591,0.0030505070210143266,0.0027415560778138027,0.011295799114700878,0.022714952100438987,0.03933252693121034,0.005768023907017895,0.019611352104714135,0.005609247355290604,0.002045885816825569
W3d68ba1ac902179b0001,0.004426150799491876,0.8699358841011616,0.0036416082108388054,0.005431043646110591,0.0030505070210143266,0.0027415560778138027,0.011295799114700878,0.022714952100438987,0.03933252693121034,0.005768023907017895,0.019611352104714135,0.005609247355290604,0.002045885816825569
W3d68ba1ac902179b0002,0.004426150799491876,0.8699358841011616,0.0036416082108388054,0.005431043646110591,0.0030505070210143266,0.0027415560778138027,0.011295799114700878,0.022714952100438987,0.03933252693121034,0.005768023907017895,0.019611352104714135,0.005609247355290604,0.002045885816825569
W3d68ba1ac902179b0003,0.004426150799491876,0.8699358841011616,0.0036416082108388054,0.005431043646110591,0.0030505070210143266,0.0027415560778138027,0.011295799114700878,0.022714952100438987,0.03933252693121034,0.005768023907017895,0.019611352104714135,0.005609247355290604,0.002045885816825569
W3d68ba1ac902179b0004,0.004426150799491876,0.8699358841011616,0.0036416082108388054,0.005431043646110591,0.0030505070210143266,0.0027415560778138027,0.011295799114700878,0.022714952100438987,0.03933252693121034,0.005768023907017895,0.019611352104714135,0.005609247355290604,0.002045885816825569
W3d68ba1ac902179b0005,0.004426150799491876,0.8699358841011616,0.0036416082108388054,0.005431043646110591,0.0030505070210143266,0.0027415560778138027,0.011295799114700878,0.022714952100438987,0.03933252693121034,0.005768023907017895,0.019611352104714135,0.005609247355290604,0.002045885816825569
W3d68ba1ac902179b0006,0.004426150799491876,0.8699358841011616,0.0036416082108388054,0.005431043646110591,0.0030505070210143266,0.0027415560778138027,0.011295799114700878,0.022714952100438987,0.03933252693121034,0.005768023907017895,0.019611352104714135,0.005609247355290604,0.002045885816825569
W3ea9e82425f581770000,0.026064241489537714,0.0016631979143373263,0.07978358419473315,0.07759714587459372,0.07873477965099361,0.02530637278416633,0.01683737531382288,0.039534970349084,0.018706064252346163,0.015019569370898558,0.009490953058094904,0.012237741418886974,0.025449066422378826
W3ea9e82425f581770001,0.026064241489537714,0.0016631979143373263,0.07978358419473315,0.07759714587459372,0.07873477965099361,0.02530637278416633,0.01683737531382288,0.039534970349084,0.018706064252346163,0.015019569370898558,0.009490953058094904,0.012237741418886974,0.025449066422378826
W3ea9e82425f581770002,0.026064241489537714,0.0016631979143373263,0.07978358419473315,0.07759714587459372,0.07873477965099361,0.02530637278416633,0.01683737531382288,0.039534970349084,0.018706064252346163,0.015019569370898558,0.009490953058094904,0.012237741418886974,0.025449066422378826
W3ea9e82425f581770003,0.026064241489537714,0.0016631979143373263,0.07978358419473315,0.07759714587459372,0.07873477965099361,0.02530637278416633,0.01683737531382288,0.039534970349084,0.018706064252346163,0.015019569370898558,0.009490953058094904,0.012237741418886974,0.025449066422378826
W3ea9e82425f581770004,0.026064241489537714,0.0016631979143373263,0.07978358419473315,0.07759714587459372,0.07873477965099361,0.02530637278416633,0.01683737531382288,0.039534970349084,0.018706064252346163,0.015019569370898558,0.009490953058094904,0.012237741418886974,0.025449066422378826
W3ea9e82425f581770005,0.026064241489537714,0.0016631979143373263,0.07978358419473315,0.07759714587459372,0.07873477965099361,0.02530637278416633,0.01683737531382288,0.039534970349084,0.018706064252346163,0.015019569370898558,0.009490953058094904,0.012237741418886974,0.025449066422378826
W3ea9e82425f581770006,0.026064241489537714,0.0016631979143373263,0.07978358419473315,0.07759714587459372,0.07873477965099361,0.02530637278416633,0.01683737531382288,0.039534970349084,0.018706064252346163,0.015019569370898558,0.009490953058094904,0.012237741418886974,0.025449066422378826
W3eeea8cf96c231ac0000,0.019983527216941032,0.9169779825762154,0.004954192209249843,0.006331711845392664,0.006605715366013923,0.0056911925974608155,0.011189921334852521,0.0034630884613653912,3.114035456425375e-05,0.005816247046335328,0.004036063743147321,0.0037778625085525463,0.003316501678254496
W3eeea8cf96c231ac0001,0.019983527216941032,0.9169779825762154,0.004954192209249843,0.006331711845392664,0.006605715366013923,0.0056911925974608155,0.011189921334852521,0.0034630884613653912,3.114035456425375e-05,0.005816247046335328,0.004036063743147321,0.0037778625085525463,0.003316501678254496
W3eeea8cf96c231ac0002,0.019983527216941032,0.9169779825762154,0.004954192209249843,0.006331711845392664,0.006605715366013923,0.0056911925974608155,0.011189921334852521,0.0034630884613653912,3.114035456425375e-05,0.005816247046335328,0.004036063743147321,0.0037778625085525463,0.003316501678254496
W3eeea8cf96c231ac0003,0.019983527216941032,0.9169779825762154,0.004954192209249843,0.006331711845392664,0.006605715366013923,0.0056911925974608155,0.011189921334852521,0.0034630884613653912,3.114035456425375e-05,0.005816247046335328,0.004036063743147321,0.0037778625085525463,0.003316501678254496
W3eeea8cf96c231ac0004,0.019983527216941032,0.9169779825762154,0.004954192209249843,0.006331711845392664,0.006605715366013923,0.0056911925974608155,0.011189921334852521,0.0034630884613653912,3.114035456425375e-05,0.005816247046335328,0.004036063743147321,0.0037778625085525463,0.003316501678254496
W3eeea8cf96c231ac0005,0.019983527216941032,0.9169779825762154,0.004954192209249843,0.006331711845392664,0.006605715366013923,0.0056911925974608155,0.011189921334852521,0.0034630884613653912,3.114035456425375e-05,0.005816247046335328,0.004036063743147321,0.0037778625085525463,0.003316501678254496
W3eeea8cf96c231ac0006,0.019983527216941032,0.9169779825762154,0.004954192209249843,0.006331711845392664,0.006605715366013923,0.0056911925974608155,0.011189921334852521,0.0034630884613653912,3.114035456425375e-05,0.005816247046335328,0.004036063743147321,0.0037778625085525463,0.003316501678254496
W3f26b96bfa78adc60000,0.010736343702722452,0.008446020709704056,0.05709544999155635,0.03666346795318923,0.03705048581226214,0.017806398184077164,0.07188817460817538,0.03085566427718452,0.02135788091007039,0.0831346799403741,0.05885751014058164,0.020896917974730016,0.09088304117474584
W3f26b96bfa78adc60001,0.010736343702722452,0.008446020709704056,0.05709544999155635,0.03666346795318923,0.03705048581226214,0.017806398184077164,0.07188817460817538,0.03085566427718452,0.02135788091007039,0.0831346799403741,0.05885751014058164,0.020896917974730016,0.09088304117474584
W3f26b96bfa78adc60002,0.010736343702722452,0.008446020709704056,0.05709544999155635,0.03666346795318923,0.03705048581226214,0.017806398184077164,0.07188817460817538,0.03085566427718452,0.02135788091007039,0.0831346799403741,0.05885751014058164,0.020896917974730016,0.09088304117474584
W3f26b96bfa78adc60003,0.010736343702722452,0.008446020709704056,0.05709544999155635,0.03666346795318923,0.03705048581226214,0.017806398184077164,0.07188817460817538,0.03085566427718452,0.02135788091007039,0.0831346799403741,0.05885751014058164,0.020896917974730016,0.09088304117474584
W3f26b96bfa78adc60004,0.010736343702722452,0.008446020709704056,0.05709544999155635,0.03666346795318923,0.03705048581226214,0.017806398184077164,0.07188817460817538,0.03085566427718452,0.02135788091007039,0.0831346799403741,0.05885751014058164,0.020896917974730016,0.09088304117474584
W3f26b96bfa78adc60005,0.010736343702722452,0.008446020709704056,0.05709544999155635,0.03666346795318923,0.03705048581226214,0.017806398184077164,0.07188817460817538,0.03085566427718452,0.02135788091007039,0.0831346799403741,0.05885751014058164,0.020896917974730016,0.09088304117474584
W3f26b96bfa78adc60006,0.010736343702722452,0.008446020709704056,0.05709544999155635,0.03666346795318923,0.03705048581226214,0.017806398184077164,0.07188817460817538,0.03085566427718452,0.02135788091007039,0.0831346799403741,0.05885751014058164,0.020896917974730016,0.09088304117474584
W4067912de7075f720000,0.18311164623397008,0.0066828920785823595,0.0389160336242099,0.04800515029099595,0.04367553107026313,0.032635502295358415,0.017603818858514454,0.027361125708328594,0.0089176610918334,0.21427500222989457,0.017007132274850394,0.03647102232233674,0.06066621026891032
W4067912de7075f720001,0.18311164623397008,0.0066828920785823595,0.0389160336242099,0.04800515029099595,0.04367553107026313,0.032635502295358415,0.017603818858514454,0.027361125708328594,0.0089176610918334,0.21427500222989457,0.017007132274850394,0.03647102232233674,0.06066621026891032
W4067912de7075f720002,0.18311164623397008,0.0066828920785823595,0.0389160336242099,0.04800515029099595,0.04367553107026313,0.032635502295358415,0.017603818858514454,0.027361125708328594,0.0089176610918334,0.21427500222989457,0.017007132274850394,0.03647102232233674,0.06066621026891032
W4067912de7075f720003,0.18311164623397008,0.0066828920785823595,0.0389160336242099,0.04800515029099595,0.04367553107026313,0.032635502295358415,0.017603818858514454,0.027361125708328594,0.0089176610918334,0.21427500222989457,0.017007132274850394,0.03647102232233674,0.06066621026891032
W4067912de7075f720004,0.18311164623397008,0.0066828920785823595,0.0389160336242099,0.04800515029099595,0.04367553107026313,0.032635502295358415,0.017603818858514454,0.027361125708328594,0.0089176610918334,0.21427500222989457,0.017007132274850394,0.03647102232233674,0.06066621026891032
W4067912de7075f720005,0.18311164623397008,0.0066828920785823595,0.0389160336242099,0.04800515029099595,0.04367553107026313,0.032635502295358415,0.017603818858514454,0.027361125708328594,0.0089176610918334,0.21427500222989457,0.017007132274850394,0.03647102232233674,0.06066621026891032
W4067912de7075f720006,0.18311164623397008,0.0066828920785823595,0.0389160336242099,0.04800515029099595,0.04367553107026313,0.032635502295358415,0.017603818858514454,0.027361125708328594,0.0089176610918334,0.21427500222989457,0.017007132274850394,0.03647102232233674,0.06066621026891032
W406d4c539a8af8f70000,0.001717851239130979,0.9815174995639693,0.0010452046883820476,0.0009506757530659158,0.0003076020347353578,0.0005282497120449685,0.005432635976275232,0.000136913492739201,0.0006895716512965949,0.001187906982968,0.000692585936624306,0.003502471736526484,0.001103313102400984
W406d4c539a8af8f70001,0.001717851239130979,0.9815174995639693,0.0010452046883820476,0.0009506757530659158,0.0003076020347353578,0.0005282497120449685,0.005432635976275232,0.000136913492739201,0.0006895716512965949,0.001187906982968,0.000692585936624306,0.003502471736526484,0.001103313102400984
W406d4c539a8af8f70002,0.001717851239130979,0.9815174995639693,0.0010452046883820476,0.0009506757530659158,0.0003076020347353578,0.0005282497120449685,0.005432635976275232,0.000136913492739201,0.0006895716512965949,0.001187906982968,0.000692585936624306,0.003502471736526484,0.001103313102400984
W406d4c539a8af8f70003,0.001717851239130979,0.9815174995639693,0.0010452046883820476,0.0009506757530659158,0.0003076020347353578,0.0005282497120449685,0.005432635976275232,0.000136913492739201,0.0006895716512965949,0.001187906982968,0.000692585936624306,0.003502471736526484,0.001103313102400984
W406d4c539a8af8f70004,0.001717851239130979,0.9815174995639693,0.0010452046883820476,0.0009506757530659158,0.0003076020347353578,0.0005282497120449685,0.005432635976275232,0.000136913492739201,0.0006895716512965949,0.001187906982968,0.000692585936624306,0.003502471736526484,0.001103313102400984
W406d4c539a8af8f70005,0.001717851239130979,0.9815174995639693,0.0010452046883820476,0.0009506757530659158,0.0003076020347353578,0.0005282497120449685,0.005432635976275232,0.000136913492739201,0.0006895716512965949,0.001187906982968,0.000692585936624306,0.003502471736526484,0.001103313102400984
W406d4c539a8af8f70006,0.001717851239130979,0.9815174995639693,0.0010452046883820476,0.0009506757530659158,0.0003076020347353578,0.0005282497120449685,0.005432635976275232,0.000136913492739201,0.0006895716512965949,0.001187906982968,0.000692585936624306,0.003502471736526484,0.001103313102400984
W43ee54d0f337756b0000,0.0077886293463625645,0.01001379834611486,0.09239881871295857,0.04156155540937582,0.03146274636079524,0.03250673356808749,0.5502415366284877,0.01768687309588387,0.01677127862086382,0.021620399436368204,0.0424870841420064,0.015027094607922113,0.03351287147473102
W43ee54d0f337756b0001,0.0077886293463625645,0.01001379834611486,0.09239881871295857,0.04156155540937582,0.03146274636079524,0.03250673356808749,0.5502415366284877,0.01768687309588387,0.01677127862086382,0.021620399436368204,0.0424870841420064,0.015027094607922113,0.03351287147473102
W43ee54d0f337756b0002,0.0077886293463625645,0.01001379834611486,0.09239881871295857,0.04156155540937582,0.03146274636079524,0.03250673356808749,0.5502415366284877,0.01768687309588387,0.01677127862086382,0.021620399436368204,0.0424870841420064,0.015027094607922113,0.03351287147473102
W43ee54d0f337756b0003,0.0077886293463625645,0.01001379834611486,0.09239881871295857,0.04156155540937582,0.03146274636079524,0.03250673356808749,0.5502415366284877,0.01768687309588387,0.01677127862086382,0.021620399436368204,0.0424870841420064,0.015027094607922113,0.03351287147473102
W43ee54d0f337756b0004,0.0077886293463625645,0.01001379834611486,0.09239881871295857,0.04156155540937582,0.03146274636079524,0.03250673356808749,0.5502415366284877,0.01768687309588387,0.01677127862086382,0.021620399436368204,0.0424870841420064,0.015027094607922113,0.03351287147473102
W43ee54d0f337756b0005,0.0077886293463625645,0.01001379834611486,0.09239881871295857,0.04156155540937582,0.03146274636079524,0.03250673356808749,0.5502415366284877,0.01768687309588387,0.01677127862086382,0.021620399436368204,0.0424870841420064,0.015027094607922113,0.03351287147473102
W43ee54d0f337756b0006,0.0077886293463625645,0.01001379834611486,0.09239881871295857,0.04156155540937582,0.03146274636079524,0.03250673356808749,0.5502415366284877,0.01768687309588387,0.01677127862086382,0.021620399436368204,0.0424870841420064,0.015027094607922113,0.03351287147473102
W463dcae88125d0440000,0.01090386341332536,0.8804293300996648,0.0018803207237848135,0.0028311371911543814,0.003913691997722395,0.0007030537398933705,0.009703484268803039,0.007043679048218345,0.04650719446886133,0.003319675436445198,0.022013832565212547,0.002863928955276457,0.0005242200915739883
W463dcae88125d0440001,0.01090386341332536,0.8804293300996648,0.0018803207237848135,0.0028311371911543814,0.003913691997722395,0.0007030537398933705,0.009703484268803039,0.007043679048218345,0.04650719446886133,0.003319675436445198,0.022013832565212547,0.002863928955276457,0.0005242200915739883
W463dcae88125d0440002,0.01090386341332536,0.8804293300996648,0.0018803207237848135,0.0028311371911543814,0.003913691997722395,0.0007030537398933705,0.009703484268803039,0.007043679048218345,0.04650719446886133,0.003319675436445198,0.022013832565212547,0.002863928955276457,0.0005242200915739883
W463dcae88125d0440003,0.01090386341332536,0.8804293300996648,0.0018803207237848135,0.0028311371911543814,0.003913691997722395,0.0007030537398933705,0.009703484268803039,0.007043679048218345,0.04650719446886133,0.003319675436445198,0.022013832565212547,0.002863928955276457,0.0005242200915739883
W463dcae88125d0440004,0.01090386341332536,0.8804293300996648,0.0018803207237848135,0.0028311371911543814,0.003913691997722395,0.0007030537398933705,0.009703484268803039,0.007043679048218345,0.04650719446886133,0.003319675436445198,0.022013832565212547,0.002863928955276457,0.0005242200915739883
W463dcae88125d0440005,0.01090386341332536,0.8804293300996648,0.0018803207237848135,0.0028311371911543814,0.003913691997722395,0.0007030537398933705,0.009703484268803039,0.007043679048218345,0.04650719446886133,0.003319675436445198,0.022013832565212547,0.002863928955276457,0.0005242200915739883
W463dcae88125d0440006,0.01090386341332536,0.8804293300996648,0.0018803207237848135,0.0028311371911543814,0.003913691997722395,0.0007030537398933705,0.009703484268803039,0.007043679048218345,0.04650719446886133,0.003319675436445198,0.022013832565212547,0.002863928955276457,0.0005242200915739883
W464df89a515d6d220000,0.09047609889032907,0.0068230716141817185,0.03712980475996891,0.04677304225242512,0.08211689325114867,0.062060602218118086,0.04181500430353583,0.02883710820153799,0.022280329915177376,0.11785454486568854,0.025367093379994224,0.025124560110041386,0.04867588819727486
W464df89a515d6d220001,0.09047609889032907,0.0068230716141817185,0.03712980475996891,0.04677304225242512,0.08211689325114867,0.062060602218118086,0.04181500430353583,0.02883710820153799,0.022280329915177376,0.11785454486568854,0.025367093379994224,0.025124560110041386,0.04867588819727486
W464df89a515d6d220002,0.09047609889032907,0.0068230716141817185,0.03712980475996891,0.04677304225242512,0.08211689325114867,0.062060602218118086,0.04181500430353583,0.02883710820153799,0.022280329915177376,0.11785454486568854,0.025367093379994224,0.025124560110041386,0.04867588819727486
W464df89a515d6d220003,0.09047609889032907,0.0068230716141817185,0.03712980475996891,0.04677304225242512,0.08211689325114867,0.062060602218118086,0.04181500430353583,0.02883710820153799,0.022280329915177376,0.11785454486568854,0.025367093379994224,0.025124560110041386,0.04867588819727486
W464df89a515d6d220004,0.09047609889032907,0.0068230716141817185,0.03712980475996891,0.04677304225242512,0.08211689325114867,0.062060602218118086,0.04181500430353583,0.02883710820153799,0.022280329915177376,0.11785454486568854,0.025367093379994224,0.025124560110041386,0.04867588819727486
W464df89a515d6d220005,0.09047609889032907,0.0068230716141817185,0.03712980475996891,0.04677304225242512,0.08211689325114867,0.062060602218118086,0.04181500430353583,0.02883710820153799,0.022280329915177376,0.11785454486568854,0.025367093379994224,0.025124560110041386,0.04867588819727486
W464df89a515d6d220006,0.09047609889032907,0.0068230716141817185,0.03712980475996891,0.04677304225242512,0.08211689325114867,0.062060602218118086,0.04181500430353583,0.02883710820153799,0.022280329915177376,0.11785454486568854,0.025367093379994224,0.025124560110041386,0.04867588819727486
W46caf6625c92e8490000,0.07114655019158718,0.00233392608642447,0.013458754326611656,0.06384589406075034,0.04449045746028898,0.05378680466413867,0.01016632357046908,0.03379779268326146,0.18660738884003478,0.08381262282218885,0.37086441482784305,0.007557224874614403,0.0333899851408609
W46caf6625c92e8490001,0.07114655019158718,0.00233392608642447,0.013458754326611656,0.06384589406075034,0.04449045746028898,0.05378680466413867,0.01016632357046908,0.03379779268326146,0.18660738884003478,0.08381262282218885,0.37086441482784305,0.007557224874614403,0.0333899851408609
W46caf6625c92e8490002,0.07114655019158718,0.00233392608642447,0.013458754326611656,0.06384589406075034,0.04449045746028898,0.05378680466413867,0.01016632357046908,0.03379779268326146,0.18660738884003478,0.08381262282218885,0.37086441482784305,0.007557224874614403,0.0333899851408609
W46caf6625c92e8490003,0.07114655019158718,0.00233392608642447,0.013458754326611656,0.06384589406075034,0.04449045746028898,0.05378680466413867,0.01016632357046908,0.03379779268326146,0.18660738884003478,0.08381262282218885,0.37086441482784305,0.007557224874614403,0.0333899851408609
W46caf6625c92e8490004,0.07114655019158718,0.00233392608642447,0.013458754326611656,0.06384589406075034,0.04449045746028898,0.05378680466413867,0.01016632357046908,0.03379779268326146,0.18660738884003478,0.08381262282218885,0.37086441482784305,0.007557224874614403,0.0333899851408609
W46caf6625c92e8490005,0.07114655019158718,0.00233392608642447,0.013458754326611656,0.06384589406075034,0.04449045746028898,0.05378680466413867,0.01016632357046908,0.03379779268326146,0.18660738884003478,0.08381262282218885,0.37086441482784305,0.007557224874614403,0.0333899851408609
W46caf6625c92e8490006,0.07114655019158718,0.00233392608642447,0.013458754326611656,0.06384589406075034,0.04449045746028898,0.05378680466413867,0.01016632357046908,0.03379779268326146,0.18660738884003478,0.08381262282218885,0.37086441482784305,0.007557224874614403,0.0333899851408609
W474deeee09a43e6b0000,0.01795351223831029,0.0006954221337060881,0.12576569890873665,0.02532794161681299,0.032640112050010245,0.37465092731285665,0.011224332439608355,0.000772818466706803,0.001758257140806446,0.004834415904572561,0.001591584162983646,0.392718730076839,0.004654287298479143
W474deeee09a43e6b0001,0.01795351223831029,0.0006954221337060881,0.12576569890873665,0.02532794161681299,0.032640112050010245,0.37465092731285665,0.011224332439608355,0.000772818466706803,0.001758257140806446,0.004834415904572561,0.001591584162983646,0.392718730076839,0.004654287298479143
W474deeee09a43e6b0002,0.01795351223831029,0.0006954221337060881,0.12576569890873665,0.02532794161681299,0.032640112050010245,0.37465092731285665,0.011224332439608355,0.000772818466706803,0.001758257140806446,0.004834415904572561,0.001591584162983646,0.392718730076839,0.004654287298479143
W474deeee09a43e6b0003,0.01795351223831029,0.0006954221337060881,0.12576569890873665,0.02532794161681299,0.032640112050010245,0.37465092731285665,0.011224332439608355,0.000772818466706803,0.001758257140806446,0.004834415904572561,0.001591584162983646,0.392718730076839,0.004654287298479143
W474deeee09a43e6b0004,0.01795351223831029,0.0006954221337060881,0.12576569890873665,0.02532794161681299,0.032640112050010245,0.37465092731285665,0.011224332439608355,0.000772818466706803,0.001758257140806446,0.004834415904572561,0.001591584162983646,0.392718730076839,0.004654287298479143
W474deeee09a43e6b0005,0.01795351223831029,0.0006954221337060881,0.12576569890873665,0.02532794161681299,0.032640112050010245,0.37465092731285665,0.011224332439608355,0.000772818466706803,0.001758257140806446,0.004834415904572561,0.001591584162983646,0.392718730076839,0.004654287298479143
W474deeee09a43e6b0006,0.01795351223831029,0.0006954221337060881,0.12576569890873665,0.02532794161681299,0.032640112050010245,0.37465092731285665,0.011224332439608355,0.000772818466706803,0.001758257140806446,0.004834415904572561,0.001591584162983646,0.392718730076839,0.004654287298479143
W47cbd528d616aeff0000,0.008524821623262614,0.00916262388915343,0.04205385099922035,0.02908324440830154,0.04243151630405451,0.027783123808903576,0.03745585096188745,0.1096374735562848,0.06914411280276707,0.2419618849394959,0.16012941750607282,0.02241969098454977,0.04094599335933548
W47cbd528d616aeff0001,0.008524821623262614,0.00916262388915343,0.04205385099922035,0.02908324440830154,0.04243151630405451,0.027783123808903576,0.03745585096188745,0.1096374735562848,0.06914411280276707,0.2419618849394959,0.16012941750607282,0.02241969098454977,0.04094599335933548
W47cbd528d616aeff0002,0.008524821623262614,0.00916262388915343,0.04205385099922035,0.02908324440830154,0.04243151630405451,0.027783123808903576,0.03745585096188745,0.1096374735562848,0.06914411280276707,0.2419618849394959,0.16012941750607282,0.02241969098454977,0.04094599335933548
W47cbd528d616aeff0003,0.008524821623262614,0.00916262388915343,0.04205385099922035,0.02908324440830154,0.04243151630405451,0.027783123808903576,0.03745585096188745,0.1096374735562848,0.06914411280276707,0.2419618849394959,0.16012941750607282,0.02241969098454977,0.04094599335933548
W47cbd528d616aeff0004,0.008524821623262614,0.00916262388915343,0.04205385099922035,0.02908324440830154,0.04243151630405451,0.027783123808903576,0.03745585096188745,0.1096374735562848,0.06914411280276707,0.2419618849394959,0.16012941750607282,0.02241969098454977,0.04094599335933548
W47cbd528d616aeff0005,0.008524821623262614,0.00916262388915343,0.04205385099922035,0.02908324440830154,0.04243151630405451,0.027783123808903576,0.03745585096188745,0.1096374735562848,0.06914411280276707,0.2419618849394959,0.16012941750607282,0.02241969098454977,0.04094599335933548
W47cbd528d616aeff0006,0.008524821623262614,0.00916262388915343,0.04205385099922035,0.02908324440830154,0.04243151630405451,0.027783123808903576,0.03745585096188745,0.1096374735562848,0.06914411280276707,0.2419618849394959,0.16012941750607282,0.02241969098454977,0.04094599335933548
W47e0abad7c6045cc0000,0.01832488376400383,0.0004894054568708386,0.1302682906535049,0.05585328699440383,0.0355722956683674,0.43004157767057194,0.007485196530635965,0.00324709152390777,0.0007866140658678261,0.01029371907441222,0.002058690238964344,0.29414887006699064,0.005010841866512048
W47e0abad7c6045cc0001,0.01832488376400383,0.0004894054568708386,0.1302682906535049,0.05585328699440383,0.0355722956683674,0.43004157767057194,0.007485196530635965,0.00324709152390777,0.0007866140658678261,0.01029371907441222,0.002058690238964344,0.29414887006699064,0.005010841866512048
W47e0abad7c6045cc0002,0.01832488376400383,0.0004894054568708386,0.1302682906535049,0.05585328699440383,0.0355722956683674,0.43004157767057194,0.007485196530635965,0.00324709152390777,0.0007866140658678261,0.01029371907441222,0.002058690238964344,0.29414887006699064,0.005010841866512048
W47e0abad7c6045cc0003,0.01832488376400383,0.0004894054568708386,0.1302682906535049,0.05585328699440383,0.0355722956683674,0.43004157767057194,0.007485196530635965,0.00324709152390777,0.0007866140658678261,0.01029371907441222,0.002058690238964344,0.29414887006699064,0.005010841866512048
W47e0abad7c6045cc0004,0.01832488376400383,0.0004894054568708386,0.1302682906535049,0.05585328699440383,0.0355722956683674,0.43004157767057194,0.007485196530635965,0.00324709152390777,0.0007866140658678261,0.01029371907441222,0.002058690238964344,0.29414887006699064,0.005010841866512048
W47e0abad7c6045cc0005,0.01832488376400383,0.0004894054568708386,0.1302682906535049,0.05585328699440383,0.0355722956683674,0.43004157767057194,0.007485196530635965,0.00324709152390777,0.0007866140658678261,0.01029371907441222,0.002058690238964344,0.29414887006699064,0.005010841866512048
W47e0abad7c6045cc0006,0.01832488376400383,0.0004894054568708386,0.1302682906535049,0.05585328699440383,0.0355722956683674,0.43004157767057194,0.007485196530635965,0.00324709152390777,0.0007866140658678261,0.01029371907441222,0.002058690238964344,0.29414887006699064,0.005010841866512048
W48a6edf5a92845740000,0.02367921217252954,0.1163743656394812,0.038217066029953416,0.03832037094309413,0.09333149141835881,0.027302874623107348,0.020090404873300653,0.05436464028251739,0.012912679322449305,0.27727202547798985,0.13230952231571397,0.010615902387751945,0.036865434297123384
W48a6edf5a92845740001,0.02367921217252954,0.1163743656394812,0.038217066029953416,0.03832037094309413,0.09333149141835881,0.027302874623107348,0.020090404873300653,0.05436464028251739,0.012912679322449305,0.27727202547798985,0.13230952231571397,0.010615902387751945,0.036865434297123384
W48a6edf5a92845740002,0.02367921217252954,0.1163743656394812,0.038217066029953416,0.03832037094309413,0.09333149141835881,0.027302874623107348,0.020090404873300653,0.05436464028251739,0.012912679322449305,0.27727202547798985,0.13230952231571397,0.010615902387751945,0.036865434297123384
W48a6edf5a92845740003,0.02367921217252954,0.1163743656394812,0.038217066029953416,0.03832037094309413,0.09333149141835881,0.027302874623107348,0.020090404873300653,0.05436464028251739,0.012912679322449305,0.27727202547798985,0.13230952231571397,0.010615902387751945,0.036865434297123384
W48a6edf5a92845740004,0.02367921217252954,0.1163743656394812,0.038217066029953416,0.03832037094309413,0.09333149141835881,0.027302874623107348,0.020090404873300653,0.05436464028251739,0.012912679322449305,0.27727202547798985,0.13230952231571397,0.010615902387751945,0.036865434297123384
W48a6edf5a92845740005,0.02367921217252954,0.1163743656394812,0.038217066029953416,0.03832037094309413,0.09333149141835881,0.027302874623107348,0.020090404873300653,0.05436464028251739,0.012912679322449305,0.27727202547798985,0.13230952231571397,0.010615902387751945,0.036865434297123384
W48a6edf5a92845740006,0.02367921217252954,0.1163743656394812,0.038217066029953416,0.03832037094309413,0.09333149141835881,0.027302874623107348,0.020090404873300653,0.05436464028251739,0.012912679322449305,0.27727202547798985,0.13230952231571397,0.010615902387751945,0.036865434297123384
W4a58e097b02affee0000,0.013769692359447916,0.010550401655909388,0.27908491453747614,0.035447915739938995,0.08879786852937492,0.0802617468059057,0.015175537052895953,0.03420154469538048,0.01332080854130285,0.14250683965148056,0.028695982691352925,0.007979400894285947,0.04028497570764631
W4a58e097b02affee0001,0.013769692359447916,0.010550401655909388,0.27908491453747614,0.035447915739938995,0.08879786852937492,0.0802617468059057,0.015175537052895953,0.03420154469538048,0.01332080854130285,0.14250683965148056,0.028695982691352925,0.007979400894285947,0.04028497570764631
W4a58e097b02affee0002,0.013769692359447916,0.010550401655909388,0.27908491453747614,0.035447915739938995,0.08879786852937492,0.0802617468059057,0.015175537052895953,0.03420154469538048,0.01332080854130285,0.14250683965148056,0.028695982691352925,0.007979400894285947,0.04028497570764631
W4a58e097b02affee0003,0.013769692359447916,0.010550401655909388,0.27908491453747614,0.035447915739938995,0.08879786852937492,0.0802617468059057,0.015175537052895953,0.03420154469538048,0.01332080854130285,0.14250683965148056,0.028695982691352925,0.007979400894285947,0.04028497570764631
W4a58e097b02affee0004,0.013769692359447916,0.010550401655909388,0.27908491453747614,0.035447915739938995,0.08879786852937492,0.0802617468059057,0.015175537052895953,0.03420154469538048,0.01332080854130285,0.14250683965148056,0.028695982691352925,0.007979400894285947,0.04028497570764631
W4a58e097b02affee0005,0.013769692359447916,0.010550401655909388,0.27908491453747614,0.035447915739938995,0.08879786852937492,0.0802617468059057,0.015175537052895953,0.03420154469538048,0.01332080854130285,0.14250683965148056,0.028695982691352925,0.007979400894285947,0.04028497570764631
W4a58e097b02affee0006,0.013769692359447916,0.010550401655909388,0.27908491453747614,0.035447915739938995,0.08879786852937492,0.0802617468059057,0.015175537052895953,0.03420154469538048,0.01332080854130285,0.14250683965148056,0.028695982691352925,0.007979400894285947,0.04028497570764631
W4c18d806976b77260000,0.009966196052902557,0.01393352894111473,0.08537772312681907,0.06372156437355658,0.03670049639723717,0.06342875487707932,0.3037313179391364,0.02473451167053553,0.014053090166884675,0.022728552679294037,0.034225613908705814,0.01382862785125741,0.07919347719872315
W4c18d806976b77260001,0.009966196052902557,0.01393352894111473,0.08537772312681907,0.06372156437355658,0.03670049639723717,0.06342875487707932,0.3037313179391364,0.02473451167053553,0.014053090166884675,0.022728552679294037,0.034225613908705814,0.01382862785125741,0.07919347719872315
W4c18d806976b77260002,0.009966196052902557,0.01393352894111473,0.08537772312681907,0.06372156437355658,0.03670049639723717,0.06342875487707932,0.3037313179391364,0.02473451167053553,0.014053090166884675,0.022728552679294037,0.034225613908705814,0.01382862785125741,0.07919347719872315
W4c18d806976b77260003,0.009966196052902557,0.01393352894111473,0.08537772312681907,0.06372156437355658,0.03670049639723717,0.06342875487707932,0.3037313179391364,0.02473451167053553,0.014053090166884675,0.022728552679294037,0.034225613908705814,0.01382862785125741,0.07919347719872315
W4c18d806976b77260004,0.009966196052902557,0.01393352894111473,0.08537772312681907,0.06372156437355658,0.03670049639723717,0.06342875487707932,0.3037313179391364,0.02473451167053553,0.014053090166884675,0.022728552679294037,0.034225613908705814,0.01382862785125741,0.07919347719872315
W4c18d806976b77260005,0.009966196052902557,0.01393352894111473,0.08537772312681907,0.06372156437355658,0.03670049639723717,0.06342875487707932,0.3037313179391364,0.02473451167053553,0.014053090166884675,0.022728552679294037,0.034225613908705814,0.01382862785125741,0.07919347719872315
W4c18d806976b77260006,0.009966196052902557,0.01393352894111473,0.08537772312681907,0.06372156437355658,0.03670049639723717,0.06342875487707932,0.3037313179391364,0.02473451167053553,0.014053090166884675,0.022728552679294037,0.034225613908705814,0.01382862785125741,0.07919347719872315
W4d47f4ab363886280000,0.024218784080643853,0.0026255959189572715,0.08775019551851654,0.15462489685625763,0.21641775897556892,0.354390536957555,0.056530120411231066,0.00358005081545056,0.0032092594436171564,0.007503611250911279,0.006094505769050998,0.056446805867293164,0.01110444796954159
W4d47f4ab363886280001,0.024218784080643853,0.0026255959189572715,0.08775019551851654,0.15462489685625763,0.21641775897556892,0.354390536957555,0.056530120411231066,0.00358005081545056,0.0032092594436171564,0.007503611250911279,0.006094505769050998,0.056446805867293164,0.01110444796954159
W4d47f4ab363886280002,0.024218784080643853,0.0026255959189572715,0.08775019551851654,0.15462489685625763,0.21641775897556892,0.354390536957555,0.056530120411231066,0.00358005081545056,0.0032092594436171564,0.007503611250911279,0.006094505769050998,0.056446805867293164,0.01110444796954159
W4d47f4ab363886280003,0.024218784080643853,0.0026255959189572715,0.08775019551851654,0.15462489685625763,0.21641775897556892,0.354390536957555,0.056530120411231066,0.00358005081545056,0.0032092594436171564,0.007503611250911279,0.006094505769050998,0.056446805867293164,0.01110444796954159
W4d47f4ab363886280004,0.024218784080643853,0.0026255959189572715,0.08775019551851654,0.15462489685625763,0.21641775897556892,0.354390536957555,0.056530120411231066,0.00358005081545056,0.0032092594436171564,0.007503611250911279,0.006094505769050998,0.056446805867293164,0.01110444796954159
W4d47f4ab363886280005,0.024218784080643853,0.0026255959189572715,0.08775019551851654,0.15462489685625763,0.21641775897556892,0.354390536957555,0.056530120411231066,0.00358005081545056,0.0032092594436171564,0.007503611250911279,0.006094505769050998,0.056446805867293164,0.01110444796954159
W4d47f4ab363886280006,0.024218784080643853,0.0026255959189572715,0.08775019551851654,0.15462489685625763,0.21641775897556892,0.354390536957555,0.056530120411231066,0.00358005081545056,0.0032092594436171564,0.007503611250911279,0.006094505769050998,0.056446805867293164,0.01110444796954159
W4db21bcac263f5970000,0.035638630883341356,0.00469409339427054,0.02675216652938379,0.020400694674826435,0.05948064378029589,0.01689341306641836,0.016603983141494544,0.551089094916827,0.014266630700787078,0.05305129288614844,0.01445367364440235,0.01475379963695158,0.04384855234452105
W4db21bcac263f5970001,0.035638630883341356,0.00469409339427054,0.02675216652938379,0.020400694674826435,0.05948064378029589,0.01689341306641836,0.016603983141494544,0.551089094916827,0.014266630700787078,0.05305129288614844,0.01445367364440235,0.01475379963695158,0.04384855234452105
W4db21bcac263f5970002,0.035638630883341356,0.00469409339427054,0.02675216652938379,0.020400694674826435,0.05948064378029589,0.01689341306641836,0.016603983141494544,0.551089094916827,0.014266630700787078,0.05305129288614844,0.01445367364440235,0.01475379963695158,0.04384855234452105
W4db21bcac263f5970003,0.035638630883341356,0.00469409339427054,0.02675216652938379,0.020400694674826435,0.05948064378029589,0.01689341306641836,0.016603983141494544,0.551089094916827,0.014266630700787078,0.05305129288614844,0.01445367364440235,0.01475379963695158,0.04384855234452105
W4db21bcac263f5970004,0.035638630883341356,0.00469409339427054,0.02675216652938379,0.020400694674826435,0.05948064378029589,0.01689341306641836,0.016603983141494544,0.551089094916827,0.014266630700787078,0.05305129288614844,0.01445367364440235,0.01475379963695158,0.04384855234452105
W4db21bcac263f5970005,0.035638630883341356,0.00469409339427054,0.02675216652938379,0.020400694674826435,0.05948064378029589,0.01689341306641836,0.016603983141494544,0.551089094916827,0.014266630700787078,0.05305129288614844,0.01445367364440235,0.01475379963695158,0.04384855234452105
W4db21bcac263f5970006,0.035638630883341356,0.00469409339427054,0.02675216652938379,0.020400694674826435,0.05948064378029589,0.01689341306641836,0.016603983141494544,0.551089094916827,0.014266630700787078,0.05305129288614844,0.01445367364440235,0.01475379963695158,0.04384855234452105
W50234e213d2d407e0000,0.029597026015512992,0.1132886121944476,0.028487643996993318,0.022364602640171365,0.040642125753817454,0.04340890165148515,0.6012240608727109,0.010549611348185335,0.005818834478716177,0.016365520994677245,0.03194822489256337,0.016696897717486458,0.008411730459598456
W50234e213d2d407e0001,0.029597026015512992,0.1132886121944476,0.028487643996993318,0.022364602640171365,0.040642125753817454,0.04340890165148515,0.6012240608727109,0.010549611348185335,0.005818834478716177,0.016365520994677245,0.03194822489256337,0.016696897717486458,0.008411730459598456
W50234e213d2d407e0002,0.029597026015512992,0.1132886121944476,0.028487643996993318,0.022364602640171365,0.040642125753817454,0.04340890165148515,0.6012240608727109,0.010549611348185335,0.005818834478716177,0.016365520994677245,0.03194822489256337,0.016696897717486458,0.008411730459598456
W50234e213d2d407e0003,0.029597026015512992,0.1132886121944476,0.028487643996993318,0.022364602640171365,0.040642125753817454,0.04340890165148515,0.6012240608727109,0.010549611348185335,0.005818834478716177,0.016365520994677245,0.03194822489256337,0.016696897717486458,0.008411730459598456
W50234e213d2d407e0004,0.029597026015512992,0.1132886121944476,0.028487643996993318,0.022364602640171365,0.040642125753817454,0.04340890165148515,0.6012240608727109,0.010549611348185335,0.005818834478716177,0.016365520994677245,0.03194822489256337,0.016696897717486458,0.008411730459598456
W50234e213d2d407e0005,0.029597026015512992,0.1132886121944476,0.028487643996993318,0.022364602640171365,0.040642125753817454,0.04340890165148515,0.6012240608727109,0.010549611348185335,0.005818834478716177,0.016365520994677245,0.03194822489256337,0.016696897717486458,0.008411730459598456
W50234e213d2d407e0006,0.029597026015512992,0.1132886121944476,0.028487643996993318,0.022364602640171365,0.040642125753817454,0.04340890165148515,0.6012240608727109,0.010549611348185335,0.005818834478716177,0.016365520994677245,0.03194822489256337,0.016696897717486458,0.008411730459598456
W524e3e385f318ae50000,0.0232969160867211,0.0015160232232087176,0.09136803006251724,0.0875129480616435,0.03980976349847789,0.03868073079296726,0.0056069026711716655,0.04645804665243463,0.11868796210285008,0.2226137156885134,0.20120442720774412,0.004235902361341052,0.0074938834204517635
W524e3e385f318ae50001,0.0232969160867211,0.0015160232232087176,0.09136803006251724,0.0875129480616435,0.03980976349847789,0.03868073079296726,0.0056069026711716655,0.04645804665243463,0.11868796210285008,0.2226137156885134,0.20120442720774412,0.004235902361341052,0.0074938834204517635
W524e3e385f318ae50002,0.0232969160867211,0.0015160232232087176,0.09136803006251724,0.0875129480616435,0.03980976349847789,0.03868073079296726,0.0056069026711716655,0.04645804665243463,0.11868796210285008,0.2226137156885134,0.20120442720774412,0.004235902361341052,0.0074938834204517635
W524e3e385f318ae50003,0.0232969160867211,0.0015160232232087176,0.09136803006251724,0.0875129480616435,0.03980976349847789,0.03868073079296726,0.0056069026711716655,0.04645804665243463,0.11868796210285008,0.2226137156885134,0.20120442720774412,0.004235902361341052,0.0074938834204517635
W524e3e385f318ae50004,0.0232969160867211,0.0015160232232087176,0.09136803006251724,0.0875129480616435,0.03980976349847789,0.03868073079296726,0.0056069026711716655,0.04645804665243463,0.11868796210285008,0.2226137156885134,0.20120442720774412,0.004235902361341052,0.0074938834204517635
W524e3e385f318ae50005,0.0232969160867211,0.0015160232232087176,0.09136803006251724,0.0875129480616435,0.03980976349847789,0.03868073079296726,0.0056069026711716655,0.04645804665243463,0.11868796210285008,0.2226137156885134,0.20120442720774412,0.004235902361341052,0.0074938834204517635
W524e3e385f318ae50006,0.0232969160867211,0.0015160232232087176,0.09136803006251724,0.0875129480616435,0.03980976349847789,0.03868073079296726,0.0056069026711716655,0.04645804665243463,0.11868796210285008,0.2226137156885134,0.20120442720774412,0.004235902361341052,0.0074938834204517635
W534b20232e0659880000,0.11300311111375747,0.008224663028515324,0.07494415343126688,0.043140168526478694,0.4374057544016173,0.03739542294449718,0.060163058466545315,0.033370930368742835,0.014343102980278374,0.042471141669600934,0.007951455054840174,0.03480738674789962,0.04352884553457918
W534b20232e0659880001,0.11300311111375747,0.008224663028515324,0.07494415343126688,0.043140168526478694,0.4374057544016173,0.03739542294449718,0.060163058466545315,0.033370930368742835,0.014343102980278374,0.042471141669600934,0.007951455054840174,0.03480738674789962,0.04352884553457918
W534b20232e0659880002,0.11300311111375747,0.008224663028515324,0.07494415343126688,0.043140168526478694,0.4374057544016173,0.03739542294449718,0.060163058466545315,0.033370930368742835,0.014343102980278374,0.042471141669600934,0.007951455054840174,0.03480738674789962,0.04352884553457918
W534b20232e0659880003,0.11300311111375747,0.008224663028515324,0.07494415343126688,0.043140168526478694,0.4374057544016173,0.03739542294449718,0.060163058466545315,0.033370930368742835,0.014343102980278374,0.042471141669600934,0.007951455054840174,0.03480738674789962,0.04352884553457918
W534b20232e0659880004,0.11300311111375747,0.008224663028515324,0.07494415343126688,0.043140168526478694,0.4374057544016173,0.03739542294449718,0.060163058466545315,0.033370930368742835,0.014343102980278374,0.042471141669600934,0.007951455054840174,0.03480738674789962,0.04352884553457918
W534b20232e0659880005,0.11300311111375747,0.008224663028515324,0.07494415343126688,0.043140168526478694,0.4374057544016173,0.03739542294449718,0.060163058466545315,0.033370930368742835,0.014343102980278374,0.042471141669600934,0.007951455054840174,0.03480738674789962,0.04352884553457918
W534b20232e0659880006,0.11300311111375747,0.008224663028515324,0.07494415343126688,0.043140168526478694,0.4374057544016173,0.03739542294449718,0.060163058466545315,0.033370930368742835,0.014343102980278374,0.042471141669600934,0.007951455054840174,0.03480738674789962,0.04352884553457918
W54ad0480a569cb320000,0.0069737775591379204,0.8465944404302527,0.004620493417036672,0.004759246923578819,0.00373802740304259,0.002034359180084519,0.015491383206311096,0.011657523530691459,0.043339594732323836,0.006131488993541668,0.03864377549167819,0.0034484670656980123,0.001888115602733103
W54ad0480a569cb320001,0.0069737775591379204,0.8465944404302527,0.004620493417036672,0.004759246923578819,0.00373802740304259,0.002034359180084519,0.015491383206311096,0.011657523530691459,0.043339594732323836,0.006131488993541668,0.03864377549167819,0.0034484670656980123,0.001888115602733103
W54ad0480a569cb320002,0.0069737775591379204,0.8465944404302527,0.004620493417036672,0.004759246923578819,0.00373802740304259,0.002034359180084519,0.015491383206311096,0.011657523530691459,0.043339594732323836,0.006131488993541668,0.03864377549167819,0.0034484670656980123,0.001888115602733103
W54ad0480a569cb320003,0.0069737775591379204,0.8465944404302527,0.004620493417036672,0.004759246923578819,0.00373802740304259,0.002034359180084519,0.015491383206311096,0.011657523530691459,0.043339594732323836,0.006131488993541668,0.03864377549167819,0.0034484670656980123,0.001888115602733103
W54ad0480a569cb320004,0.0069737775591379204,0.8465944404302527,0.004620493417036672,0.004759246923578819,0.00373802740304259,0.002034359180084519,0.015491383206311096,0.011657523530691459,0.043339594732323836,0.006131488993541668,0.03864377549167819,0.0034484670656980123,0.001888115602733103
W54ad0480a569cb320005,0.0069737775591379204,0.8465944404302527,0.004620493417036672,0.004759246923578819,0.00373802740304259,0.002034359180084519,0.015491383206311096,0.011657523530691459,0.043339594732323836,0.006131488993541668,0.03864377549167819,0.0034484670656980123,0.001888115602733103
W54ad0480a569cb320006,0.0069737775591379204,0.8465944404302527,0.004620493417036672,0.004759246923578819,0.00373802740304259,0.002034359180084519,0.015491383206311096,0.011657523530691459,0.043339594732323836,0.006131488993541668,0.03864377549167819,0.0034484670656980123,0.001888115602733103
W54bebce4609783090000,0.006268731833230302,0.9075508631390571,0.002681808517112056,0.0039577710563466085,0.001966152973635108,0.0014923377179507662,0.01061580370965978,0.004842552997485951,0.0420311466223806,0.0017690393074334542,0.010769964711175384,0.0019457772513523624,0.00019638272001614153
W54bebce4609783090001,0.006268731833230302,0.9075508631390571,0.002681808517112056,0.0039577710563466085,0.001966152973635108,0.0014923377179507662,0.01061580370965978,0.004842552997485951,0.0420311466223806,0.0017690393074334542,0.010769964711175384,0.0019457772513523624,0.00019638272001614153
W54bebce4609783090002,0.006268731833230302,0.9075508631390571,0.002681808517112056,0.0039577710563466085,0.001966152973635108,0.0014923377179507662,0.01061580370965978,0.004842552997485951,0.0420311466223806,0.0017690393074334542,0.010769964711175384,0.0019457772513523624,0.00019638272001614153
W54bebce4609783090003,0.006268731833230302,0.9075508631390571,0.002681808517112056,0.0039577710563466085,0.001966152973635108,0.0014923377179507662,0.01061580370965978,0.004842552997485951,0.0420311466223806,0.0017690393074334542,0.010769964711175384,0.0019457772513523624,0.00019638272001614153
W54bebce4609783090004,0.006268731833230302,0.9075508631390571,0.002681808517112056,0.0039577710563466085,0.001966152973635108,0.0014923377179507662,0.01061580370965978,0.004842552997485951,0.0420311466223806,0.0017690393074334542,0.010769964711175384,0.0019457772513523624,0.00019638272001614153
W54bebce4609783090005,0.006268731833230302,0.9075508631390571,0.002681808517112056,0.0039577710563466085,0.001966152973635108,0.0014923377179507662,0.01061580370965978,0.004842552997485951,0.0420311466223806,0.0017690393074334542,0.010769964711175384,0.0019457772513523624,0.00019638272001614153
W54bebce4609783090006,0.006268731833230302,0.9075508631390571,0.002681808517112056,0.0039577710563466085,0.001966152973635108,0.0014923377179507662,0.01061580370965978,0.004842552997485951,0.0420311466223806,0.0017690393074334542,0.010769964711175384,0.0019457772513523624,0.00019638272001614153
W54ee2ed2c75bc2f50000,0.013421531530502722,0.6993159461531808,0.03464376721040145,0.017414959557177895,0.03129857044734369,0.012083153702118902,0.07300476921216048,0.009106845845193244,0.0025850543239629583,0.0051071556880701524,0.028728648175168837,0.008956731437003429,0.016424960040590218
W54ee2ed2c75bc2f50001,0.013421531530502722,0.6993159461531808,0.03464376721040145,0.017414959557177895,0.03129857044734369,0.012083153702118902,0.07300476921216048,0.009106845845193244,0.0025850543239629583,0.0051071556880701524,0.028728648175168837,0.008956731437003429,0.016424960040590218
W54ee2ed2c75bc2f50002,0.013421531530502722,0.6993159461531808,0.03464376721040145,0.017414959557177895,0.03129857044734369,0.012083153702118902,0.07300476921216048,0.009106845845193244,0.0025850543239629583,0.0051071556880701524,0.028728648175168837,0.008956731437003429,0.016424960040590218
W54ee2ed2c75bc2f50003,0.013421531530502722,0.6993159461531808,0.03464376721040145,0.017414959557177895,0.03129857044734369,0.012083153702118902,0.07300476921216048,0.009106845845193244,0.0025850543239629583,0.0051071556880701524,0.028728648175168837,0.008956731437003429,0.016424960040590218
W54ee2ed2c75bc2f50004,0.013421531530502722,0.6993159461531808,0.03464376721040145,0.017414959557177895,0.03129857044734369,0.012083153702118902,0.07300476921216048,0.009106845845193244,0.0025850543239629583,0.0051071556880701524,0.028728648175168837,0.008956731437003429,0.016424960040590218
W54ee2ed2c75bc2f50005,0.013421531530502722,0.6993159461531808,0.03464376721040145,0.017414959557177895,0.03129857044734369,0.012083153702118902,0.07300476921216048,0.009106845845193244,0.0025850543239629583,0.0051071556880701524,0.028728648175168837,0.008956731437003429,0.016424960040590218
W54ee2ed2c75bc2f50006,0.013421531530502722,0.6993159461531808,0.03464376721040145,0.017414959557177895,0.03129857044734369,0.012083153702118902,0.07300476921216048,0.009106845845193244,0.0025850543239629583,0.0051071556880701524,0.028728648175168837,0.008956731437003429,0.016424960040590218
W55036d5bf29e8bf00000,0.0058760726151907755,0.00255813372707307,0.020400037036308126,0.021139788676188948,0.01722522215368041,0.009091927939847158,0.0087362497561413,0.031802092721853435,0.07011687670318567,0.10063616057355462,0.2404774656699075,0.013225700726113267,0.03419157297880396
W55036d5bf29e8bf00001,0.0058760726151907755,0.00255813372707307,0.020400037036308126,0.021139788676188948,0.01722522215368041,0.009091927939847158,0.0087362497561413,0.031802092721853435,0.07011687670318567,0.10063616057355462,0.2404774656699075,0.013225700726113267,0.03419157297880396
W55036d5bf29e8bf00002,0.0058760726151907755,0.00255813372707307,0.020400037036308126,0.021139788676188948,0.01722522215368041,0.009091927939847158,0.0087362497561413,0.031802092721853435,0.07011687670318567,0.10063616057355462,0.2404774656699075,0.013225700726113267,0.03419157297880396
W55036d5bf29e8bf00003,0.0058760726151907755,0.00255813372707307,0.020400037036308126,0.021139788676188948,0.01722522215368041,0.009091927939847158,0.0087362497561413,0.031802092721853435,0.07011687670318567,0.10063616057355462,0.2404774656699075,0.013225700726113267,0.03419157297880396
W55036d5bf29e8bf00004,0.0058760726151907755,0.00255813372707307,0.020400037036308126,0.021139788676188948,0.01722522215368041,0.009091927939847158,0.0087362497561413,0.031802092721853435,0.07011687670318567,0.10063616057355462,0.2404774656699075,0.013225700726113267,0.03419157297880396
W55036d5bf29e8bf00005,0.0058760726151907755,0.00255813372707307,0.020400037036308126,0.021139788676188948,0.01722522215368041,0.009091927939847158,0.0087362497561413,0.031802092721853435,0.07011687670318567,0.10063616057355462,0.2404774656699075,0.013225700726113267,0.03419157297880396
W55036d5bf29e8bf00006,0.0058760726151907755,0.00255813372707307,0.020400037036308126,0.021139788676188948,0.01722522215368041,0.009091927939847158,0.0087362497561413,0.031802092721853435,0.07011687670318567,0.10063616057355462,0.2404774656699075,0.013225700726113267,0.03419157297880396
W55377da729846c8b0000,0.027951861769399577,0.0015185881000718982,0.017973618315181475,0.016174724079100117,0.038879254936995906,0.014356683694974396,0.007213122033467877,0.03569527502252848,0.5351836161300055,0.08737420364617982,0.0883937965377879,0.008535696557812405,0.011347429617015419
W55377da729846c8b0001,0.027951861769399577,0.0015185881000718982,0.017973618315181475,0.016174724079100117,0.038879254936995906,0.014356683694974396,0.007213122033467877,0.03569527502252848,0.5351836161300055,0.08737420364617982,0.0883937965377879,0.008535696557812405,0.011347429617015419
W55377da729846c8b0002,0.027951861769399577,0.0015185881000718982,0.017973618315181475,0.016174724079100117,0.038879254936995906,0.014356683694974396,0.007213122033467877,0.03569527502252848,0.5351836161300055,0.08737420364617982,0.0883937965377879,0.008535696557812405,0.011347429617015419
W55377da729846c8b0003,0.027951861769399577,0.0015185881000718982,0.017973618315181475,0.016174724079100117,0.038879254936995906,0.014356683694974396,0.007213122033467877,0.03569527502252848,0.5351836161300055,0.08737420364617982,0.0883937965377879,0.008535696557812405,0.011347429617015419
W55377da729846c8b0004,0.027951861769399577,0.0015185881000718982,0.017973618315181475,0.016174724079100117,0.038879254936995906,0.014356683694974396,0.007213122033467877,0.03569527502252848,0.5351836161300055,0.08737420364617982,0.0883937965377879,0.008535696557812405,0.011347429617015419
W55377da729846c8b0005,0.027951861769399577,0.0015185881000718982,0.017973618315181475,0.016174724079100117,0.038879254936995906,0.014356683694974396,0.007213122033467877,0.03569527502252848,0.5351836161300055,0.08737420364617982,0.0883937965377879,0.008535696557812405,0.011347429617015419
W55377da729846c8b0006,0.027951861769399577,0.0015185881000718982,0.017973618315181475,0.016174724079100117,0.038879254936995906,0.014356683694974396,0.007213122033467877,0.03569527502252848,0.5351836161300055,0.08737420364617982,0.0883937965377879,0.008535696557812405,0.011347429617015419
W5626f48fb9a65fd30000,0.02039734086067385,0.014580804919331794,0.06014112310106056,0.05090352616697791,0.05235421262250561,0.02551409187749344,0.04237291039816768,0.03480636284884646,0.034247727218535334,0.026386095366813724,0.23437562088245162,0.01560919108541244,0.027754099883615425
W5626f48fb9a65fd30001,0.02039734086067385,0.014580804919331794,0.06014112310106056,0.05090352616697791,0.05235421262250561,0.02551409187749344,0.04237291039816768,0.03480636284884646,0.034247727218535334,0.026386095366813724,0.23437562088245162,0.01560919108541244,0.027754099883615425
W5626f48fb9a65fd30002,0.02039734086067385,0.014580804919331794,0.06014112310106056,0.05090352616697791,0.05235421262250561,0.02551409187749344,0.04237291039816768,0.03480636284884646,0.034247727218535334,0.026386095366813724,0.23437562088245162,0.01560919108541244,0.027754099883615425
W5626f48fb9a65fd30003,0.02039734086067385,0.014580804919331794,0.06014112310106056,0.05090352616697791,0.05235421262250561,0.02551409187749344,0.04237291039816768,0.03480636284884646,0.034247727218535334,0.026386095366813724,0.23437562088245162,0.01560919108541244,0.027754099883615425
W5626f48fb9a65fd30004,0.02039734086067385,0.014580804919331794,0.06014112310106056,0.05090352616697791,0.05235421262250561,0.02551409187749344,0.04237291039816768,0.03480636284884646,0.034247727218535334,0.026386095366813724,0.23437562088245162,0.01560919108541244,0.027754099883615425
W5626f48fb9a65fd30005,0.02039734086067385,0.014580804919331794,0.06014112310106056,0.05090352616697791,0.05235421262250561,0.02551409187749344,0.04237291039816768,0.03480636284884646,0.034247727218535334,0.026386095366813724,0.23437562088245162,0.01560919108541244,0.027754099883615425
W5626f48fb9a65fd30006,0.02039734086067385,0.014580804919331794,0.06014112310106056,0.05090352616697791,0.05235421262250561,0.02551409187749344,0.04237291039816768,0.03480636284884646,0.034247727218535334,0.026386095366813724,0.23437562088245162,0.01560919108541244,0.027754099883615425
W56ea264a95a55a780000,0.014410099339945777,0.004232228689148196,0.25344396627439136,0.2272311931393063,0.13592987856691685,0.0612210885083002,0.009192248284838755,0.16882464307960252,0.009886690386802656,0.02720146535267296,0.014607953545434506,0.028902964615228077,0.015002777640499556
W56ea264a95a55a780001,0.014410099339945777,0.004232228689148196,0.25344396627439136,0.2272311931393063,0.13592987856691685,0.0612210885083002,0.009192248284838755,0.16882464307960252,0.009886690386802656,0.02720146535267296,0.014607953545434506,0.028902964615228077,0.015002777640499556
W56ea264a95a55a780002,0.014410099339945777,0.004232228689148196,0.25344396627439136,0.2272311931393063,0.13592987856691685,0.0612210885083002,0.009192248284838755,0.16882464307960252,0.009886690386802656,0.02720146535267296,0.014607953545434506,0.028902964615228077,0.015002777640499556
W56ea264a95a55a780003,0.014410099339945777,0.004232228689148196,0.25344396627439136,0.2272311931393063,0.13592987856691685,0.0612210885083002,0.009192248284838755,0.16882464307960252,0.009886690386802656,0.02720146535267296,0.014607953545434506,0.028902964615228077,0.015002777640499556
W56ea264a95a55a780004,0.014410099339945777,0.004232228689148196,0.25344396627439136,0.2272311931393063,0.13592987856691685,0.0612210885083002,0.009192248284838755,0.16882464307960252,0.009886690386802656,0.02720146535267296,0.014607953545434506,0.028902964615228077,0.015002777640499556
W56ea264a95a55a780005,0.014410099339945777,0.004232228689148196,0.25344396627439136,0.2272311931393063,0.13592987856691685,0.0612210885083002,0.009192248284838755,0.16882464307960252,0.009886690386802656,0.02720146535267296,0.014607953545434506,0.028902964615228077,0.015002777640499556
W56ea264a95a55a780006,0.014410099339945777,0.004232228689148196,0.25344396627439136,0.2272311931393063,0.13592987856691685,0.0612210885083002,0.009192248284838755,0.16882464307960252,0.009886690386802656,0.02720146535267296,0.014607953545434506,0.028902964615228077,0.015002777640499556
W59dad39ee79c5ee60000,0.001960478440592092,0.001044601617926794,0.005609644508985189,0.0022593811164835827,0.002358326027615348,0.0653775578823878,0.0016673548178341208,0.003599746095895433,0.0009238169255749385,0.0001164208318152054,0.00019679129100875847,0.9014754538808205,0.013254593352860704
W59dad39ee79c5ee60001,0.001960478440592092,0.001044601617926794,0.005609644508985189,0.0022593811164835827,0.002358326027615348,0.0653775578823878,0.0016673548178341208,0.003599746095895433,0.0009238169255749385,0.0001164208318152054,0.00019679129100875847,0.9014754538808205,0.013254593352860704
W59dad39ee79c5ee60002,0.001960478440592092,0.001044601617926794,0.005609644508985189,0.0022593811164835827,0.002358326027615348,0.0653775578823878,0.0016673548178341208,0.003599746095895433,0.0009238169255749385,0.0001164208318152054,0.00019679129100875847,0.9014754538808205,0.013254593352860704
W59dad39ee79c5ee60003,0.001960478440592092,0.001044601617926794,0.005609644508985189,0.0022593811164835827,0.002358326027615348,0.0653775578823878,0.0016673548178341208,0.003599746095895433,0.0009238169255749385,0.0001164208318152054,0.00019679129100875847,0.9014754538808205,0.013254593352860704
W59dad39ee79c5ee60004,0.001960478440592092,0.001044601617926794,0.005609644508985189,0.0022593811164835827,0.002358326027615348,0.0653775578823878,0.0016673548178341208,0.003599746095895433,0.0009238169255749385,0.0001164208318152054,0.00019679129100875847,0.9014754538808205,0.013254593352860704
W59dad39ee79c5ee60005,0.001960478440592092,0.001044601617926794,0.005609644508985189,0.0022593811164835827,0.002358326027615348,0.0653775578823878,0.0016673548178341208,0.003599746095895433,0.0009238169255749385,0.0001164208318152054,0.00019679129100875847,0.9014754538808205,0.013254593352860704
W59dad39ee79c5ee60006,0.001960478440592092,0.001044601617926794,0.005609644508985189,0.0022593811164835827,0.002358326027615348,0.0653775578823878,0.0016673548178341208,0.003599746095895433,0.0009238169255749385,0.0001164208318152054,0.00019679129100875847,0.9014754538808205,0.013254593352860704
W5a0d1356e71f9a420000,0.8754377245552825,0.011618681384550184,0.010140478541255524,0.009241928919096325,0.013806244740612424,0.010092323846718454,0.0033277433739125964,0.016270188823884087,3.159491257941422e-05,0.011379912932550333,0.0005302669563364672,0.02613354072525586,0.007269457939209259
W5a0d1356e71f9a420001,0.8754377245552825,0.011618681384550184,0.010140478541255524,0.009241928919096325,0.013806244740612424,0.010092323846718454,0.0033277433739125964,0.016270188823884087,3.159491257941422e-05,0.011379912932550333,0.0005302669563364672,0.02613354072525586,0.007269457939209259
W5a0d1356e71f9a420002,0.8754377245552825,0.011618681384550184,0.010140478541255524,0.009241928919096325,0.013806244740612424,0.010092323846718454,0.0033277433739125964,0.016270188823884087,3.159491257941422e-05,0.011379912932550333,0.0005302669563364672,0.02613354072525586,0.007269457939209259
W5a0d1356e71f9a420003,0.8754377245552825,0.011618681384550184,0.010140478541255524,0.009241928919096325,0.013806244740612424,0.010092323846718454,0.0033277433739125964,0.016270188823884087,3.159491257941422e-05,0.011379912932550333,0.0005302669563364672,0.02613354072525586,0.007269457939209259
W5a0d1356e71f9a420004,0.8754377245552825,0.011618681384550184,0.010140478541255524,0.009241928919096325,0.013806244740612424,0.010092323846718454,0.0033277433739125964,0.016270188823884087,3.159491257941422e-05,0.011379912932550333,0.0005302669563364672,0.02613354072525586,0.007269457939209259
W5a0d1356e71f9a420005,0.8754377245552825,0.011618681384550184,0.010140478541255524,0.009241928919096325,0.013806244740612424,0.010092323846718454,0.0033277433739125964,0.016270188823884087,3.159491257941422e-05,0.011379912932550333,0.0005302669563364672,0.02613354072525586,0.007269457939209259
W5a0d1356e71f9a420006,0.8754377245552825,0.011618681384550184,0.010140478541255524,0.009241928919096325,0.013806244740612424,0.010092323846718454,0.0033277433739125964,0.016270188823884087,3.159491257941422e-05,0.011379912932550333,0.0005302669563364672,0.02613354072525586,0.007269457939209259
W5af5022a25493e0f0000,0.022579409005235643,0.005705130596289768,0.05156242252074724,0.07978911995678692,0.5104357461382957,0.07416991152212492,0.10657295307353981,0.017979697743433446,0.007970548700326905,0.011489548577405112,0.012513361728096292,0.0450037629554356,0.02113614493194826
W5af5022a25493e0f0001,0.022579409005235643,0.005705130596289768,0.05156242252074724,0.07978911995678692,0.5104357461382957,0.07416991152212492,0.10657295307353981,0.017979697743433446,0.007970548700326905,0.011489548577405112,0.012513361728096292,0.0450037629554356,0.02113614493194826
W5af5022a25493e0f0002,0.022579409005235643,0.005705130596289768,0.05156242252074724,0.07978911995678692,0.5104357461382957,0.07416991152212492,0.10657295307353981,0.017979697743433446,0.007970548700326905,0.011489548577405112,0.012513361728096292,0.0450037629554356,0.02113614493194826
W5af5022a25493e0f0003,0.022579409005235643,0.005705130596289768,0.05156242252074724,0.07978911995678692,0.5104357461382957,0.07416991152212492,0.10657295307353981,0.017979697743433446,0.007970548700326905,0.011489548577405112,0.012513361728096292,0.0450037629554356,0.02113614493194826
W5af5022a25493e0f0004,0.022579409005235643,0.005705130596289768,0.05156242252074724,0.07978911995678692,0.5104357461382957,0.07416991152212492,0.10657295307353981,0.017979697743433446,0.007970548700326905,0.011489548577405112,0.012513361728096292,0.0450037629554356,0.02113614493194826
W5af5022a25493e0f0005,0.022579409005235643,0.005705130596289768,0.05156242252074724,0.07978911995678692,0.5104357461382957,0.07416991152212492,0.10657295307353981,0.017979697743433446,0.007970548700326905,0.011489548577405112,0.012513361728096292,0.0450037629554356,0.02113614493194826
W5af5022a25493e0f0006,0.022579409005235643,0.005705130596289768,0.05156242252074724,0.07978911995678692,0.5104357461382957,0.07416991152212492,0.10657295307353981,0.017979697743433446,0.007970548700326905,0.011489548577405112,0.012513361728096292,0.0450037629554356,0.02113614493194826
W5b73b129e0149fda0000,0.006179653446401068,0.86592002132505,0.002952288655972764,0.003217015980158379,0.0008219049992112483,0.0016310544946599721,0.006551552886320026,0.007862767920513826,0.0566075153619949,0.0029664368600581252,0.03469157787304939,0.001122124233058785,0.0033955217257993354
W5b73b129e0149fda0001,0.006179653446401068,0.86592002132505,0.002952288655972764,0.003217015980158379,0.0008219049992112483,0.0016310544946599721,0.006551552886320026,0.007862767920513826,0.0566075153619949,0.0029664368600581252,0.03469157787304939,0.001122124233058785,0.0033955217257993354
W5b73b129e0149fda0002,0.006179653446401068,0.86592002132505,0.002952288655972764,0.003217015980158379,0.0008219049992112483,0.0016310544946599721,0.006551552886320026,0.007862767920513826,0.0566075153619949,0.0029664368600581252,0.03469157787304939,0.001122124233058785,0.0033955217257993354
W5b73b129e0149fda0003,0.006179653446401068,0.86592002132505,0.002952288655972764,0.003217015980158379,0.0008219049992112483,0.0016310544946599721,0.006551552886320026,0.007862767920513826,0.0566075153619949,0.0029664368600581252,0.03469157787304939,0.001122124233058785,0.0033955217257993354
W5b73b129e0149fda0004,0.006179653446401068,0.86592002132505,0.002952288655972764,0.003217015980158379,0.0008219049992112483,0.0016310544946599721,0.006551552886320026,0.007862767920513826,0.0566075153619949,0.0029664368600581252,0.03469157787304939,0.001122124233058785,0.0033955217257993354
W5b73b129e0149fda0005,0.006179653446401068,0.86592002132505,0.002952288655972764,0.003217015980158379,0.0008219049992112483,0.0016310544946599721,0.006551552886320026,0.007862767920513826,0.0566075153619949,0.0029664368600581252,0.03469157787304939,0.001122124233058785,0.0033955217257993354
W5b73b129e0149fda0006,0.006179653446401068,0.86592002132505,0.002952288655972764,0.003217015980158379,0.0008219049992112483,0.0016310544946599721,0.006551552886320026,0.007862767920513826,0.0566075153619949,0.0029664368600581252,0.03469157787304939,0.001122124233058785,0.0033955217257993354
W5bd5ac8deca7e9a10000,0.007436473198032712,0.0017671998024937144,0.021232184007588292,0.01019315196439021,0.016795477928314262,0.49162952713491687,0.0036905520953532905,0.0012460066910742564,0.002280086593921617,0.001742424526484433,0.0013610878710509896,0.42183970004140886,0.014676277273764448
W5bd5ac8deca7e9a10001,0.007436473198032712,0.0017671998024937144,0.021232184007588292,0.01019315196439021,0.016795477928314262,0.49162952713491687,0.0036905520953532905,0.0012460066910742564,0.002280086593921617,0.001742424526484433,0.0013610878710509896,0.42183970004140886,0.014676277273764448
W5bd5ac8deca7e9a10002,0.007436473198032712,0.0017671998024937144,0.021232184007588292,0.01019315196439021,0.016795477928314262,0.49162952713491687,0.0036905520953532905,0.0012460066910742564,0.002280086593921617,0.001742424526484433,0.0013610878710509896,0.42183970004140886,0.014676277273764448
W5bd5ac8deca7e9a10003,0.007436473198032712,0.0017671998024937144,0.021232184007588292,0.01019315196439021,0.016795477928314262,0.49162952713491687,0.0036905520953532905,0.0012460066910742564,0.002280086593921617,0.001742424526484433,0.0013610878710509896,0.42183970004140886,0.014676277273764448
W5bd5ac8deca7e9a10004,0.007436473198032712,0.0017671998024937144,0.021232184007588292,0.01019315196439021,0.016795477928314262,0.49162952713491687,0.0036905520953532905,0.0012460066910742564,0.002280086593921617,0.001742424526484433,0.0013610878710509896,0.42183970004140886,0.014676277273764448
W5bd5ac8deca7e9a10005,0.007436473198032712,0.0017671998024937144,0.021232184007588292,0.01019315196439021,0.016795477928314262,0.49162952713491687,0.0036905520953532905,0.0012460066910742564,0.002280086593921617,0.001742424526484433,0.0013610878710509896,0.42183970004140886,0.014676277273764448
W5bd5ac8deca7e9a10006,0.007436473198032712,0.0017671998024937144,0.021232184007588292,0.01019315196439021,0.016795477928314262,0.49162952713491687,0.0036905520953532905,0.0012460066910742564,0.002280086593921617,0.001742424526484433,0.0013610878710509896,0.42183970004140886,0.014676277273764448
W5cdef46cd88dc3b20000,0.01175188992041872,0.0033339354384612292,0.0756110409027715,0.09185229412581916,0.15023854727388572,0.0727077542088723,0.018716769209664263,0.2964384412499259,0.006438147983031079,0.03389545217007934,0.013747366624594887,0.01755491648588965,0.05651375296550721
W5cdef46cd88dc3b20001,0.01175188992041872,0.0033339354384612292,0.0756110409027715,0.09185229412581916,0.15023854727388572,0.0727077542088723,0.018716769209664263,0.2964384412499259,0.006438147983031079,0.03389545217007934,0.013747366624594887,0.01755491648588965,0.05651375296550721
W5cdef46cd88dc3b20002,0.01175188992041872,0.0033339354384612292,0.0756110409027715,0.09185229412581916,0.15023854727388572,0.0727077542088723,0.018716769209664263,0.2964384412499259,0.006438147983031079,0.03389545217007934,0.013747366624594887,0.01755491648588965,0.05651375296550721
W5cdef46cd88dc3b20003,0.01175188992041872,0.0033339354384612292,0.0756110409027715,0.09185229412581916,0.15023854727388572,0.0727077542088723,0.018716769209664263,0.2964384412499259,0.006438147983031079,0.03389545217007934,0.013747366624594887,0.01755491648588965,0.05651375296550721
W5cdef46cd88dc3b20004,0.01175188992041872,0.0033339354384612292,0.0756110409027715,0.09185229412581916,0.15023854727388572,0.0727077542088723,0.018716769209664263,0.2964384412499259,0.006438147983031079,0.03389545217007934,0.013747366624594887,0.01755491648588965,0.05651375296550721
W5cdef46cd88dc3b20005,0.01175188992041872,0.0033339354384612292,0.0756110409027715,0.09185229412581916,0.15023854727388572,0.0727077542088723,0.018716769209664263,0.2964384412499259,0.006438147983031079,0.03389545217007934,0.013747366624594887,0.01755491648588965,0.05651375296550721
W5cdef46cd88dc3b20006,0.01175188992041872,0.0033339354384612292,0.0756110409027715,0.09185229412581916,0.15023854727388572,0.0727077542088723,0.018716769209664263,0.2964384412499259,0.006438147983031079,0.03389545217007934,0.013747366624594887,0.01755491648588965,0.05651375296550721
W5d1f49fb5c8b81eb0000,0.04185230981829078,0.013160648096138757,0.026904195353214595,0.039962892300753415,0.04629711750845306,0.02466819319268889,0.6920213124863692,0.005071829780520688,0.005870793123615829,0.022605229550473203,0.007249266923130204,0.019046992087882395,0.01886427591142573
W5d1f49fb5c8b81eb0001,0.04185230981829078,0.013160648096138757,0.026904195353214595,0.039962892300753415,0.04629711750845306,0.02466819319268889,0.6920213124863692,0.005071829780520688,0.005870793123615829,0.022605229550473203,0.007249266923130204,0.019046992087882395,0.01886427591142573
W5d1f49fb5c8b81eb0002,0.04185230981829078,0.013160648096138757,0.026904195353214595,0.039962892300753415,0.04629711750845306,0.02466819319268889,0.6920213124863692,0.005071829780520688,0.005870793123615829,0.022605229550473203,0.007249266923130204,0.019046992087882395,0.01886427591142573
W5d1f49fb5c8b81eb0003,0.04185230981829078,0.013160648096138757,0.026904195353214595,0.039962892300753415,0.04629711750845306,0.02466819319268889,0.6920213124863692,0.005071829780520688,0.005870793123615829,0.022605229550473203,0.007249266923130204,0.019046992087882395,0.01886427591142573
W5d1f49fb5c8b81eb0004,0.04185230981829078,0.013160648096138757,0.026904195353214595,0.039962892300753415,0.04629711750845306,0.02466819319268889,0.6920213124863692,0.005071829780520688,0.005870793123615829,0.022605229550473203,0.007249266923130204,0.019046992087882395,0.01886427591142573
W5d1f49fb5c8b81eb0005,0.04185230981829078,0.013160648096138757,0.026904195353214595,0.039962892300753415,0.04629711750845306,0.02466819319268889,0.6920213124863692,0.005071829780520688,0.005870793123615829,0.022605229550473203,0.007249266923130204,0.019046992087882395,0.01886427591142573
W5d1f49fb5c8b81eb0006,0.04185230981829078,0.013160648096138757,0.026904195353214595,0.039962892300753415,0.04629711750845306,0.02466819319268889,0.6920213124863692,0.005071829780520688,0.005870793123615829,0.022605229550473203,0.007249266923130204,0.019046992087882395,0.01886427591142573
W5f5e9a3603056de80000,0.027255642226458605,0.005232598914750093,0.20282999367124854,0.10262284100117967,0.1191685466768201,0.022628295991099,0.060567184223910164,0.0700872152395877,0.03385134590893712,0.030229549318328983,0.04205577028677504,0.05240880576300161,0.03419629193075703
W5f5e9a3603056de80001,0.027255642226458605,0.005232598914750093,0.20282999367124854,0.10262284100117967,0.1191685466768201,0.022628295991099,0.060567184223910164,0.0700872152395877,0.03385134590893712,0.030229549318328983,0.04205577028677504,0.05240880576300161,0.03419629193075703
W5f5e9a3603056de80002,0.027255642226458605,0.005232598914750093,0.20282999367124854,0.10262284100117967,0.1191685466768201,0.022628295991099,0.060567184223910164,0.0700872152395877,0.03385134590893712,0.030229549318328983,0.04205577028677504,0.05240880576300161,0.03419629193075703
W5f5e9a3603056de80003,0.027255642226458605,0.005232598914750093,0.20282999367124854,0.10262284100117967,0.1191685466768201,0.022628295991099,0.060567184223910164,0.0700872152395877,0.03385134590893712,0.030229549318328983,0.04205577028677504,0.05240880576300161,0.03419629193075703
W5f5e9a3603056de80004,0.027255642226458605,0.005232598914750093,0.20282999367124854,0.10262284100117967,0.1191685466768201,0.022628295991099,0.060567184223910164,0.0700872152395877,0.03385134590893712,0.030229549318328983,0.04205577028677504,0.05240880576300161,0.03419629193075703
W5f5e9a3603056de80005,0.027255642226458605,0.005232598914750093,0.20282999367124854,0.10262284100117967,0.1191685466768201,0.022628295991099,0.060567184223910164,0.0700872152395877,0.03385134590893712,0.030229549318328983,0.04205577028677504,0.05240880576300161,0.03419629193075703
W5f5e9a3603056de80006,0.027255642226458605,0.005232598914750093,0.20282999367124854,0.10262284100117967,0.1191685466768201,0.022628295991099,0.060567184223910164,0.0700872152395877,0.03385134590893712,0.030229549318328983,0.04205577028677504,0.05240880576300161,0.03419629193075703
W5fb8219ca01882850000,0.004070730535620088,0.024161201918718834,0.09251619607561488,0.028441608937100592,0.04569301561912808,0.006693677410416289,0.06876794443455894,0.07554604506551674,0.014467174184088844,0.01378839934685577,0.04320165793391468,0.010344086299276427,0.22683224935951016
W5fb8219ca01882850001,0.004070730535620088,0.024161201918718834,0.09251619607561488,0.028441608937100592,0.04569301561912808,0.006693677410416289,0.06876794443455894,0.07554604506551674,0.014467174184088844,0.01378839934685577,0.04320165793391468,0.010344086299276427,0.22683224935951016
W5fb8219ca01882850002,0.004070730535620088,0.024161201918718834,0.09251619607561488,0.028441608937100592,0.04569301561912808,0.006693677410416289,0.06876794443455894,0.07554604506551674,0.014467174184088844,0.01378839934685577,0.04320165793391468,0.010344086299276427,0.22683224935951016
W5fb8219ca01882850003,0.004070730535620088,0.024161201918718834,0.09251619607561488,0.028441608937100592,0.04569301561912808,0.006693677410416289,0.06876794443455894,0.07554604506551674,0.014467174184088844,0.01378839934685577,0.04320165793391468,0.010344086299276427,0.22683224935951016
W5fb8219ca01882850004,0.004070730535620088,0.024161201918718834,0.09251619607561488,0.028441608937100592,0.04569301561912808,0.006693677410416289,0.06876794443455894,0.07554604506551674,0.014467174184088844,0.01378839934685577,0.04320165793391468,0.010344086299276427,0.22683224935951016
W5fb8219ca01882850005,0.004070730535620088,0.024161201918718834,0.09251619607561488,0.028441608937100592,0.04569301561912808,0.006693677410416289,0.06876794443455894,0.07554604506551674,0.014467174184088844,0.01378839934685577,0.04320165793391468,0.010344086299276427,0.22683224935951016
W5fb8219ca01882850006,0.004070730535620088,0.024161201918718834,0.09251619607561488,0.028441608937100592,0.04569301561912808,0.006693677410416289,0.06876794443455894,0.07554604506551674,0.014467174184088844,0.01378839934685577,0.04320165793391468,0.010344086299276427,0.22683224935951016
W5ffdedad0bc160500000,0.7068482458117062,0.12908760013438259,0.010563827915767468,0.020570406452462553,0.013445261645008207,0.01687573099557538,0.015342422344093486,0.004689668524981142,0.0007453396880951024,0.014164351111748267,0.004465961223073098,0.04892746869927399,0.0069675802743817536
W5ffdedad0bc160500001,0.7068482458117062,0.12908760013438259,0.010563827915767468,0.020570406452462553,0.013445261645008207,0.01687573099557538,0.015342422344093486,0.004689668524981142,0.0007453396880951024,0.014164351111748267,0.004465961223073098,0.04892746869927399,0.0069675802743817536
W5ffdedad0bc160500002,0.7068482458117062,0.12908760013438259,0.010563827915767468,0.020570406452462553,0.013445261645008207,0.01687573099557538,0.015342422344093486,0.004689668524981142,0.0007453396880951024,0.014164351111748267,0.004465961223073098,0.04892746869927399,0.0069675802743817536
W5ffdedad0bc160500003,0.7068482458117062,0.12908760013438259,0.010563827915767468,0.020570406452462553,0.013445261645008207,0.01687573099557538,0.015342422344093486,0.004689668524981142,0.0007453396880951024,0.014164351111748267,0.004465961223073098,0.04892746869927399,0.0069675802743817536
W5ffdedad0bc160500004,0.7068482458117062,0.12908760013438259,0.010563827915767468,0.020570406452462553,0.013445261645008207,0.01687573099557538,0.015342422344093486,0.004689668524981142,0.0007453396880951024,0.014164351111748267,0.004465961223073098,0.04892746869927399,0.0069675802743817536
W5ffdedad0bc160500005,0.7068482458117062,0.12908760013438259,0.010563827915767468,0.020570406452462553,0.013445261645008207,0.01687573099557538,0.015342422344093486,0.004689668524981142,0.0007453396880951024,0.014164351111748267,0.004465961223073098,0.04892746869927399,0.0069675802743817536
W5ffdedad0bc160500006,0.7068482458117062,0.12908760013438259,0.010563827915767468,0.020570406452462553,0.013445261645008207,0.01687573099557538,0.015342422344093486,0.004689668524981142,0.0007453396880951024,0.014164351111748267,0.004465961223073098,0.04892746869927399,0.0069675802743817536
W6000b3b22c11e3f90000,0.044717839860493144,0.004422845624231792,0.1550536378798629,0.18227999526568248,0.18682279232980198,0.20994315404115102,0.025362108693439644,0.017592065867503278,0.003932157296078893,0.005955644950879753,0.0042485388508885485,0.13180958791674807,0.019701950880974404
W6000b3b22c11e3f90001,0.044717839860493144,0.004422845624231792,0.1550536378798629,0.18227999526568248,0.18682279232980198,0.20994315404115102,0.025362108693439644,0.017592065867503278,0.003932157296078893,0.005955644950879753,0.0042485388508885485,0.13180958791674807,0.019701950880974404
W6000b3b22c11e3f90002,0.044717839860493144,0.004422845624231792,0.1550536378798629,0.18227999526568248,0.18682279232980198,0.20994315404115102,0.025362108693439644,0.017592065867503278,0.003932157296078893,0.005955644950879753,0.0042485388508885485,0.13180958791674807,0.019701950880974404
W6000b3b22c11e3f90003,0.044717839860493144,0.004422845624231792,0.1550536378798629,0.18227999526568248,0.18682279232980198,0.20994315404115102,0.025362108693439644,0.017592065867503278,0.003932157296078893,0.005955644950879753,0.0042485388508885485,0.13180958791674807,0.019701950880974404
W6000b3b22c11e3f90004,0.044717839860493144,0.004422845624231792,0.1550536378798629,0.18227999526568248,0.18682279232980198,0.20994315404115102,0.025362108693439644,0.017592065867503278,0.003932157296078893,0.005955644950879753,0.0042485388508885485,0.13180958791674807,0.019701950880974404
W6000b3b22c11e3f90005,0.044717839860493144,0.004422845624231792,0.1550536378798629,0.18227999526568248,0.18682279232980198,0.20994315404115102,0.025362108693439644,0.017592065867503278,0.003932157296078893,0.005955644950879753,0.0042485388508885485,0.13180958791674807,0.019701950880974404
W6000b3b22c11e3f90006,0.044717839860493144,0.004422845624231792,0.1550536378798629,0.18227999526568248,0.18682279232980198,0.20994315404115102,0.025362108693439644,0.017592065867503278,0.003932157296078893,0.005955644950879753,0.0042485388508885485,0.13180958791674807,0.019701950880974404
W60996ce94f8e80df0000,0.0766753322367104,0.005968065635951637,0.03622873408156743,0.0386232665745277,0.02267853710072623,0.47825747420485776,0.008593826214551173,0.002929376389277863,0.004264469050185163,0.0023428958037494544,0.0049267392481044435,0.2792370209047202,0.03509792543636866
W60996ce94f8e80df0001,0.0766753322367104,0.005968065635951637,0.03622873408156743,0.0386232665745277,0.02267853710072623,0.47825747420485776,0.008593826214551173,0.002929376389277863,0.004264469050185163,0.0023428958037494544,0.0049267392481044435,0.2792370209047202,0.03509792543636866
W60996ce94f8e80df0002,0.0766753322367104,0.005968065635951637,0.03622873408156743,0.0386232665745277,0.02267853710072623,0.47825747420485776,0.008593826214551173,0.002929376389277863,0.004264469050185163,0.0023428958037494544,0.0049267392481044435,0.2792370209047202,0.03509792543636866
W60996ce94f8e80df0003,0.0766753322367104,0.005968065635951637,0.03622873408156743,0.0386232665745277,0.02267853710072623,0.47825747420485776,0.008593826214551173,0.002929376389277863,0.004264469050185163,0.0023428958037494544,0.0049267392481044435,0.2792370209047202,0.03509792543636866
W60996ce94f8e80df0004,0.0766753322367104,0.005968065635951637,0.03622873408156743,0.0386232665745277,0.02267853710072623,0.47825747420485776,0.008593826214551173,0.002929376389277863,0.004264469050185163,0.0023428958037494544,0.0049267392481044435,0.2792370209047202,0.03509792543636866
W60996ce94f8e80df0005,0.0766753322367104,0.005968065635951637,0.03622873408156743,0.0386232665745277,0.02267853710072623,0.47825747420485776,0.008593826214551173,0.002929376389277863,0.004264469050185163,0.0023428958037494544,0.0049267392481044435,0.2792370209047202,0.03509792543636866
W60996ce94f8e80df0006,0.0766753322367104,0.005968065635951637,0.03622873408156743,0.0386232665745277,0.02267853710072623,0.47825747420485776,0.008593826214551173,0.002929376389277863,0.004264469050185163,0.0023428958037494544,0.0049267392481044435,0.2792370209047202,0.03509792543636866
W61443c7edeab75570000,0.0015296666623508474,0.9485060824482188,0.0021987992198871332,0.004220788539878645,0.00483044219937724,0.0034760408664542587,0.01711669665172271,0.0031598750175320565,0.0009321110088760975,0.0023094583118052404,0.004076929889116726,0.0020322622890717825,0.0014745270680696142
W61443c7edeab75570001,0.0015296666623508474,0.9485060824482188,0.0021987992198871332,0.004220788539878645,0.00483044219937724,0.0034760408664542587,0.01711669665172271,0.0031598750175320565,0.0009321110088760975,0.0023094583118052404,0.004076929889116726,0.0020322622890717825,0.0014745270680696142
W61443c7edeab75570002,0.0015296666623508474,0.9485060824482188,0.0021987992198871332,0.004220788539878645,0.00483044219937724,0.0034760408664542587,0.01711669665172271,0.0031598750175320565,0.0009321110088760975,0.0023094583118052404,0.004076929889116726,0.0020322622890717825,0.0014745270680696142
W61443c7edeab75570003,0.0015296666623508474,0.9485060824482188,0.0021987992198871332,0.004220788539878645,0.00483044219937724,0.0034760408664542587,0.01711669665172271,0.0031598750175320565,0.0009321110088760975,0.0023094583118052404,0.004076929889116726,0.0020322622890717825,0.0014745270680696142
W61443c7edeab75570004,0.0015296666623508474,0.9485060824482188,0.0021987992198871332,0.004220788539878645,0.00483044219937724,0.0034760408664542587,0.01711669665172271,0.0031598750175320565,0.0009321110088760975,0.0023094583118052404,0.004076929889116726,0.0020322622890717825,0.0014745270680696142
W61443c7edeab75570005,0.0015296666623508474,0.9485060824482188,0.0021987992198871332,0.004220788539878645,0.00483044219937724,0.0034760408664542587,0.01711669665172271,0.0031598750175320565,0.0009321110088760975,0.0023094583118052404,0.004076929889116726,0.0020322622890717825,0.0014745270680696142
W61443c7edeab75570006,0.0015296666623508474,0.9485060824482188,0.0021987992198871332,0.004220788539878645,0.00483044219937724,0.0034760408664542587,0.01711669665172271,0.0031598750175320565,0.0009321110088760975,0.0023094583118052404,0.004076929889116726,0.0020322622890717825,0.0014745270680696142
W626cdb6a7e66a7910000,0.0696017574560299,0.0017686876451386481,0.012801940782313078,0.01301023615796918,0.008711064388470992,0.004416675964094035,0.006969890908134088,0.7466193096910048,0.0022375193666379326,0.06949383538474488,0.0011283529531658256,0.007794591770129103,0.014476711733026972
W626cdb6a7e66a7910001,0.0696017574560299,0.0017686876451386481,0.012801940782313078,0.01301023615796918,0.008711064388470992,0.004416675964094035,0.006969890908134088,0.7466193096910048,0.0022375193666379326,0.06949383538474488,0.0011283529531658256,0.007794591770129103,0.014476711733026972
W626cdb6a7e66a7910002,0.0696017574560299,0.0017686876451386481,0.012801940782313078,0.01301023615796918,0.008711064388470992,0.004416675964094035,0.006969890908134088,0.7466193096910048,0.0022375193666379326,0.06949383538474488,0.0011283529531658256,0.007794591770129103,0.014476711733026972
W626cdb6a7e66a7910003,0.0696017574560299,0.0017686876451386481,0.012801940782313078,0.01301023615796918,0.008711064388470992,0.004416675964094035,0.006969890908134088,0.7466193096910048,0.0022375193666379326,0.06949383538474488,0.0011283529531658256,0.007794591770129103,0.014476711733026972
W626cdb6a7e66a7910004,0.0696017574560299,0.0017686876451386481,0.012801940782313078,0.01301023615796918,0.008711064388470992,0.004416675964094035,0.006969890908134088,0.7466193096910048,0.0022375193666379326,0.06949383538474488,0.0011283529531658256,0.007794591770129103,0.014476711733026972
W626cdb6a7e66a7910005,0.0696017574560299,0.0017686876451386481,0.012801940782313078,0.01301023615796918,0.008711064388470992,0.004416675964094035,0.006969890908134088,0.7466193096910048,0.0022375193666379326,0.06949383538474488,0.0011283529531658256,0.007794591770129103,0.014476711733026972
W626cdb6a7e66a7910006,0.0696017574560299,0.0017686876451386481,0.012801940782313078,0.01301023615796918,0.008711064388470992,0.004416675964094035,0.006969890908134088,0.7466193096910048,0.0022375193666379326,0.06949383538474488,0.0011283529531658256,0.007794591770129103,0.014476711733026972
W62c2ea531ccd02ed0000,0.036415246224994056,0.002736159712141956,0.3162593181950323,0.17143679589296906,0.1942843229435329,0.045560025804768596,0.020207772821951776,0.022722243170225483,0.010539399097335164,0.02510500806078821,0.022755172112727123,0.02065098727731765,0.026231866703804927
W62c2ea531ccd02ed0001,0.036415246224994056,0.002736159712141956,0.3162593181950323,0.17143679589296906,0.1942843229435329,0.045560025804768596,0.020207772821951776,0.022722243170225483,0.010539399097335164,0.02510500806078821,0.022755172112727123,0.02065098727731765,0.026231866703804927
W62c2ea531ccd02ed0002,0.036415246224994056,0.002736159712141956,0.3162593181950323,0.17143679589296906,0.1942843229435329,0.045560025804768596,0.020207772821951776,0.022722243170225483,0.010539399097335164,0.02510500806078821,0.022755172112727123,0.02065098727731765,0.026231866703804927
W62c2ea531ccd02ed0003,0.036415246224994056,0.002736159712141956,0.3162593181950323,0.17143679589296906,0.1942843229435329,0.045560025804768596,0.020207772821951776,0.022722243170225483,0.010539399097335164,0.02510500806078821,0.022755172112727123,0.02065098727731765,0.026231866703804927
W62c2ea531ccd02ed0004,0.036415246224994056,0.002736159712141956,0.3162593181950323,0.17143679589296906,0.1942843229435329,0.045560025804768596,0.020207772821951776,0.022722243170225483,0.010539399097335164,0.02510500806078821,0.022755172112727123,0.02065098727731765,0.026231866703804927
W62c2ea531ccd02ed0005,0.036415246224994056,0.002736159712141956,0.3162593181950323,0.17143679589296906,0.1942843229435329,0.045560025804768596,0.020207772821951776,0.022722243170225483,0.010539399097335164,0.02510500806078821,0.022755172112727123,0.02065098727731765,0.026231866703804927
W62c2ea531ccd02ed0006,0.036415246224994056,0.002736159712141956,0.3162593181950323,0.17143679589296906,0.1942843229435329,0.045560025804768596,0.020207772821951776,0.022722243170225483,0.010539399097335164,0.02510500806078821,0.022755172112727123,0.02065098727731765,0.026231866703804927
W6361bf78352c102e0000,0.002620219292245149,0.900239715598391,0.0021595376464973487,0.0022715072973070478,0.0011317347058348594,0.00020595978156359612,0.005627812742353648,0.0028439061453191194,0.058161808359087255,0.0007726155936244517,0.014030275120349996,0.0029134792081064284,0.0013851750156096724
W6361bf78352c102e0001,0.002620219292245149,0.900239715598391,0.0021595376464973487,0.0022715072973070478,0.0011317347058348594,0.00020595978156359612,0.005627812742353648,0.0028439061453191194,0.058161808359087255,0.0007726155936244517,0.014030275120349996,0.0029134792081064284,0.0013851750156096724
W6361bf78352c102e0002,0.002620219292245149,0.900239715598391,0.0021595376464973487,0.0022715072973070478,0.0011317347058348594,0.00020595978156359612,0.005627812742353648,0.0028439061453191194,0.058161808359087255,0.0007726155936244517,0.014030275120349996,0.0029134792081064284,0.0013851750156096724
W6361bf78352c102e0003,0.002620219292245149,0.900239715598391,0.0021595376464973487,0.0022715072973070478,0.0011317347058348594,0.00020595978156359612,0.005627812742353648,0.0028439061453191194,0.058161808359087255,0.0007726155936244517,0.014030275120349996,0.0029134792081064284,0.0013851750156096724
W6361bf78352c102e0004,0.002620219292245149,0.900239715598391,0.0021595376464973487,0.0022715072973070478,0.0011317347058348594,0.00020595978156359612,0.005627812742353648,0.0028439061453191194,0.058161808359087255,0.0007726155936244517,0.014030275120349996,0.0029134792081064284,0.0013851750156096724
W6361bf78352c102e0005,0.002620219292245149,0.900239715598391,0.0021595376464973487,0.0022715072973070478,0.0011317347058348594,0.00020595978156359612,0.005627812742353648,0.0028439061453191194,0.058161808359087255,0.0007726155936244517,0.014030275120349996,0.0029134792081064284,0.0013851750156096724
W6361bf78352c102e0006,0.002620219292245149,0.900239715598391,0.0021595376464973487,0.0022715072973070478,0.0011317347058348594,0.00020595978156359612,0.005627812742353648,0.0028439061453191194,0.058161808359087255,0.0007726155936244517,0.014030275120349996,0.0029134792081064284,0.0013851750156096724
W64fe51a60c40ad2c0000,0.03034789675933297,0.0028137640978535606,0.1865205096993698,0.21525494845327542,0.3069784058907758,0.07915525482301607,0.019146790660325454,0.0071017415914887486,0.009934661689299368,0.0140190416413905,0.013244597128150223,0.02851079183325522,0.028409806433018908
W64fe51a60c40ad2c0001,0.03034789675933297,0.0028137640978535606,0.1865205096993698,0.21525494845327542,0.3069784058907758,0.07915525482301607,0.019146790660325454,0.0071017415914887486,0.009934661689299368,0.0140190416413905,0.013244597128150223,0.02851079183325522,0.028409806433018908
W64fe51a60c40ad2c0002,0.03034789675933297,0.0028137640978535606,0.1865205096993698,0.21525494845327542,0.3069784058907758,0.07915525482301607,0.019146790660325454,0.0071017415914887486,0.009934661689299368,0.0140190416413905,0.013244597128150223,0.02851079183325522,0.028409806433018908
W64fe51a60c40ad2c0003,0.03034789675933297,0.0028137640978535606,0.1865205096993698,0.21525494845327542,0.3069784058907758,0.07915525482301607,0.019146790660325454,0.0071017415914887486,0.009934661689299368,0.0140190416413905,0.013244597128150223,0.02851079183325522,0.028409806433018908
W64fe51a60c40ad2c0004,0.03034789675933297,0.0028137640978535606,0.1865205096993698,0.21525494845327542,0.3069784058907758,0.07915525482301607,0.019146790660325454,0.0071017415914887486,0.009934661689299368,0.0140190416413905,0.013244597128150223,0.02851079183325522,0.028409806433018908
W64fe51a60c40ad2c0005,0.03034789675933297,0.0028137640978535606,0.1865205096993698,0.21525494845327542,0.3069784058907758,0.07915525482301607,0.019146790660325454,0.0071017415914887486,0.009934661689299368,0.0140190416413905,0.013244597128150223,0.02851079183325522,0.028409806433018908
W64fe51a60c40ad2c0006,0.03034789675933297,0.0028137640978535606,0.1865205096993698,0.21525494845327542,0.3069784058907758,0.07915525482301607,0.019146790660325454,0.0071017415914887486,0.009934661689299368,0.0140190416413905,0.013244597128150223,0.02851079183325522,0.028409806433018908
W65f9a995382c18a70000,0.02761454841553111,0.0017724222555895906,0.05528943493224793,0.145419757569365,0.42619596569110524,0.021072722629691547,0.016120035196740535,0.1999477841391719,0.007743848595505621,0.018073652752937718,0.01166827107087381,0.03265881697356283,0.012202438827784608
W65f9a995382c18a70001,0.02761454841553111,0.0017724222555895906,0.05528943493224793,0.145419757569365,0.42619596569110524,0.021072722629691547,0.016120035196740535,0.1999477841391719,0.007743848595505621,0.018073652752937718,0.01166827107087381,0.03265881697356283,0.012202438827784608
W65f9a995382c18a70002,0.02761454841553111,0.0017724222555895906,0.05528943493224793,0.145419757569365,0.42619596569110524,0.021072722629691547,0.016120035196740535,0.1999477841391719,0.007743848595505621,0.018073652752937718,0.01166827107087381,0.03265881697356283,0.012202438827784608
W65f9a995382c18a70003,0.02761454841553111,0.0017724222555895906,0.05528943493224793,0.145419757569365,0.42619596569110524,0.021072722629691547,0.016120035196740535,0.1999477841391719,0.007743848595505621,0.018073652752937718,0.01166827107087381,0.03265881697356283,0.012202438827784608
W65f9a995382c18a70004,0.02761454841553111,0.0017724222555895906,0.05528943493224793,0.145419757569365,0.42619596569110524,0.021072722629691547,0.016120035196740535,0.1999477841391719,0.007743848595505621,0.018073652752937718,0.01166827107087381,0.03265881697356283,0.012202438827784608
W65f9a995382c18a70005,0.02761454841553111,0.0017724222555895906,0.05528943493224793,0.145419757569365,0.42619596569110524,0.021072722629691547,0.016120035196740535,0.1999477841391719,0.007743848595505621,0.018073652752937718,0.01166827107087381,0.03265881697356283,0.012202438827784608
W65f9a995382c18a70006,0.02761454841553111,0.0017724222555895906,0.05528943493224793,0.145419757569365,0.42619596569110524,0.021072722629691547,0.016120035196740535,0.1999477841391719,0.007743848595505621,0.018073652752937718,0.01166827107087381,0.03265881697356283,0.012202438827784608
W6896dab34a30aeab0000,0.019612589863828512,0.007150058241279299,0.04185855115552908,0.041582287828258846,0.5328921886618287,0.03540253830377013,0.06124050628284151,0.049906347802396854,0.008177007019039399,0.03299020710892485,0.02470419995756397,0.015816337192255784,0.02293427615158446
W6896dab34a30aeab0001,0.019612589863828512,0.007150058241279299,0.04185855115552908,0.041582287828258846,0.5328921886618287,0.03540253830377013,0.06124050628284151,0.049906347802396854,0.008177007019039399,0.03299020710892485,0.02470419995756397,0.015816337192255784,0.02293427615158446
W6896dab34a30aeab0002,0.019612589863828512,0.007150058241279299,0.04185855115552908,0.041582287828258846,0.5328921886618287,0.03540253830377013,0.06124050628284151,0.049906347802396854,0.008177007019039399,0.03299020710892485,0.02470419995756397,0.015816337192255784,0.02293427615158446
W6896dab34a30aeab0003,0.019612589863828512,0.007150058241279299,0.04185855115552908,0.041582287828258846,0.5328921886618287,0.03540253830377013,0.06124050628284151,0.049906347802396854,0.008177007019039399,0.03299020710892485,0.02470419995756397,0.015816337192255784,0.02293427615158446
W6896dab34a30aeab0004,0.019612589863828512,0.007150058241279299,0.04185855115552908,0.041582287828258846,0.5328921886618287,0.03540253830377013,0.06124050628284151,0.049906347802396854,0.008177007019039399,0.03299020710892485,0.02470419995756397,0.015816337192255784,0.02293427615158446
W6896dab34a30aeab0005,0.019612589863828512,0.007150058241279299,0.04185855115552908,0.041582287828258846,0.5328921886618287,0.03540253830377013,0.06124050628284151,0.049906347802396854,0.008177007019039399,0.03299020710892485,0.02470419995756397,0.015816337192255784,0.02293427615158446
W6896dab34a30aeab0006,0.019612589863828512,0.007150058241279299,0.04185855115552908,0.041582287828258846,0.5328921886618287,0.03540253830377013,0.06124050628284151,0.049906347802396854,0.008177007019039399,0.03299020710892485,0.02470419995756397,0.015816337192255784,0.02293427615158446
W68a746653bc5de3a0000,0.003008274294834287,0.14024628832777794,0.04078851585689355,0.058655741393535514,0.041706240146264784,0.00837213015123986,0.4091733352887738,0.01914192666860311,0.008998758897651579,0.02550907774443029,0.0425596434496589,0.016008715740491224,0.05804690811551697
W68a746653bc5de3a0001,0.003008274294834287,0.14024628832777794,0.04078851585689355,0.058655741393535514,0.041706240146264784,0.00837213015123986,0.4091733352887738,0.01914192666860311,0.008998758897651579,0.02550907774443029,0.0425596434496589,0.016008715740491224,0.05804690811551697
W68a746653bc5de3a0002,0.003008274294834287,0.14024628832777794,0.04078851585689355,0.058655741393535514,0.041706240146264784,0.00837213015123986,0.4091733352887738,0.01914192666860311,0.008998758897651579,0.02550907774443029,0.0425596434496589,0.016008715740491224,0.05804690811551697
W68a746653bc5de3a0003,0.003008274294834287,0.14024628832777794,0.04078851585689355,0.058655741393535514,0.041706240146264784,0.00837213015123986,0.4091733352887738,0.01914192666860311,0.008998758897651579,0.02550907774443029,0.0425596434496589,0.016008715740491224,0.05804690811551697
W68a746653bc5de3a0004,0.003008274294834287,0.14024628832777794,0.04078851585689355,0.058655741393535514,0.041706240146264784,0.00837213015123986,0.4091733352887738,0.01914192666860311,0.008998758897651579,0.02550907774443029,0.0425596434496589,0.016008715740491224,0.05804690811551697
W68a746653bc5de3a0005,0.003008274294834287,0.14024628832777794,0.04078851585689355,0.058655741393535514,0.041706240146264784,0.00837213015123986,0.4091733352887738,0.01914192666860311,0.008998758897651579,0.02550907774443029,0.0425596434496589,0.016008715740491224,0.05804690811551697
W68a746653bc5de3a0006,0.003008274294834287,0.14024628832777794,0.04078851585689355,0.058655741393535514,0.041706240146264784,0.00837213015123986,0.4091733352887738,0.01914192666860311,0.008998758897651579,0.02550907774443029,0.0425596434496589,0.016008715740491224,0.05804690811551697
W6afe7fefa060e33d0000,0.021691887304158566,0.002850409197120818,0.18439567545680063,0.29595295562427365,0.1537496441494865,0.09286937190553195,0.028756474523790928,0.03562155088076229,0.002624273527855759,0.017963360255678004,0.009995881860945917,0.09011932150124179,0.0459264844153718
W6afe7fefa060e33d0001,0.021691887304158566,0.002850409197120818,0.18439567545680063,0.29595295562427365,0.1537496441494865,0.09286937190553195,0.028756474523790928,0.03562155088076229,0.002624273527855759,0.017963360255678004,0.009995881860945917,0.09011932150124179,0.0459264844153718
W6afe7fefa060e33d0002,0.021691887304158566,0.002850409197120818,0.18439567545680063,0.29595295562427365,0.1537496441494865,0.09286937190553195,0.028756474523790928,0.03562155088076229,0.002624273527855759,0.017963360255678004,0.009995881860945917,0.09011932150124179,0.0459264844153718
W6afe7fefa060e33d0003,0.021691887304158566,0.002850409197120818,0.18439567545680063,0.29595295562427365,0.1537496441494865,0.09286937190553195,0.028756474523790928,0.03562155088076229,0.002624273527855759,0.017963360255678004,0.009995881860945917,0.09011932150124179,0.0459264844153718
W6afe7fefa060e33d0004,0.021691887304158566,0.002850409197120818,0.18439567545680063,0.29595295562427365,0.1537496441494865,0.09286937190553195,0.028756474523790928,0.03562155088076229,0.002624273527855759,0.017963360255678004,0.009995881860945917,0.09011932150124179,0.0459264844153718
W6afe7fefa060e33d0005,0.021691887304158566,0.002850409197120818,0.18439567545680063,0.29595295562427365,0.1537496441494865,0.09286937190553195,0.028756474523790928,0.03562155088076229,0.002624273527855759,0.017963360255678004,0.009995881860945917,0.09011932150124179,0.0459264844153718
W6afe7fefa060e33d0006,0.021691887304158566,0.002850409197120818,0.18439567545680063,0.29595295562427365,0.1537496441494865,0.09286937190553195,0.028756474523790928,0.03562155088076229,0.002624273527855759,0.017963360255678004,0.009995881860945917,0.09011932150124179,0.0459264844153718
W6b98e963fa9af6860000,0.0058492960153877305,0.009134823122394761,0.03697422869212282,0.12932425432472106,0.03208390637516338,0.007491311162763931,0.05509961076951509,0.103720024783608,0.0071905036409531786,0.10823667384635846,0.04738804105738659,0.0736971451386304,0.04710004477500331
W6b98e963fa9af6860001,0.0058492960153877305,0.009134823122394761,0.03697422869212282,0.12932425432472106,0.03208390637516338,0.007491311162763931,0.05509961076951509,0.103720024783608,0.0071905036409531786,0.10823667384635846,0.04738804105738659,0.0736971451386304,0.04710004477500331
W6b98e963fa9af6860002,0.0058492960153877305,0.009134823122394761,0.03697422869212282,0.12932425432472106,0.03208390637516338,0.007491311162763931,0.05509961076951509,0.103720024783608,0.0071905036409531786,0.10823667384635846,0.04738804105738659,0.0736971451386304,0.04710004477500331
W6b98e963fa9af6860003,0.0058492960153877305,0.009134823122394761,0.03697422869212282,0.12932425432472106,0.03208390637516338,0.007491311162763931,0.05509961076951509,0.103720024783608,0.0071905036409531786,0.10823667384635846,0.04738804105738659,0.0736971451386304,0.04710004477500331
W6b98e963fa9af6860004,0.0058492960153877305,0.009134823122394761,0.03697422869212282,0.12932425432472106,0.03208390637516338,0.007491311162763931,0.05509961076951509,0.103720024783608,0.0071905036409531786,0.10823667384635846,0.04738804105738659,0.0736971451386304,0.04710004477500331
W6b98e963fa9af6860005,0.0058492960153877305,0.009134823122394761,0.03697422869212282,0.12932425432472106,0.03208390637516338,0.007491311162763931,0.05509961076951509,0.103720024783608,0.0071905036409531786,0.10823667384635846,0.04738804105738659,0.0736971451386304,0.04710004477500331
W6b98e963fa9af6860006,0.0058492960153877305,0.009134823122394761,0.03697422869212282,0.12932425432472106,0.03208390637516338,0.007491311162763931,0.05509961076951509,0.103720024783608,0.0071905036409531786,0.10823667384635846,0.04738804105738659,0.0736971451386304,0.04710004477500331
W6d3840bb93b384910000,0.011117888170801822,0.0020631036928944776,0.016472573946264855,0.039316804122277685,0.020504183056156568,0.011749004251072578,0.004981550408093756,0.04088907405908444,0.06607265132649712,0.040399306403320005,0.16709836060295413,0.001393499465084527,0.02942758530694429
W6d3840bb93b384910001,0.011117888170801822,0.0020631036928944776,0.016472573946264855,0.039316804122277685,0.020504183056156568,0.011749004251072578,0.004981550408093756,0.04088907405908444,0.06607265132649712,0.040399306403320005,0.16709836060295413,0.001393499465084527,0.02942758530694429
W6d3840bb93b384910002,0.011117888170801822,0.0020631036928944776,0.016472573946264855,0.039316804122277685,0.020504183056156568,0.011749004251072578,0.004981550408093756,0.04088907405908444,0.06607265132649712,0.040399306403320005,0.16709836060295413,0.001393499465084527,0.02942758530694429
W6d3840bb93b384910003,0.011117888170801822,0.0020631036928944776,0.016472573946264855,0.039316804122277685,0.020504183056156568,0.011749004251072578,0.004981550408093756,0.04088907405908444,0.06607265132649712,0.040399306403320005,0.16709836060295413,0.001393499465084527,0.02942758530694429
W6d3840bb93b384910004,0.011117888170801822,0.0020631036928944776,0.016472573946264855,0.039316804122277685,0.020504183056156568,0.011749004251072578,0.004981550408093756,0.04088907405908444,0.06607265132649712,0.040399306403320005,0.16709836060295413,0.001393499465084527,0.02942758530694429
W6d3840bb93b384910005,0.011117888170801822,0.0020631036928944776,0.016472573946264855,0.039316804122277685,0.020504183056156568,0.011749004251072578,0.004981550408093756,0.04088907405908444,0.06607265132649712,0.040399306403320005,0.16709836060295413,0.001393499465084527,0.02942758530694429
W6d3840bb93b384910006,0.011117888170801822,0.0020631036928944776,0.016472573946264855,0.039316804122277685,0.020504183056156568,0.011749004251072578,0.004981550408093756,0.04088907405908444,0.06607265132649712,0.040399306403320005,0.16709836060295413,0.001393499465084527,0.02942758530694429
W6d3b2a24032b729b0000,0.002547860343497997,0.0034380957983498332,0.001773219665750624,0.0030777048689332475,0.0010318550655695413,0.03150109352281257,0.0002182030045416987,7.152162753854998e-06,2.3568328340080085e-05,1.0699566713741156e-05,0.00011144933409042017,0.9242335830509398,0.032012357766433915
W6d3b2a24032b729b0001,0.002547860343497997,0.0034380957983498332,0.001773219665750624,0.0030777048689332475,0.0010318550655695413,0.03150109352281257,0.0002182030045416987,7.152162753854998e-06,2.3568328340080085e-05,1.0699566713741156e-05,0.00011144933409042017,0.9242335830509398,0.032012357766433915
W6d3b2a24032b729b0002,0.002547860343497997,0.0034380957983498332,0.001773219665750624,0.0030777048689332475,0.0010318550655695413,0.03150109352281257,0.0002182030045416987,7.152162753854998e-06,2.3568328340080085e-05,1.0699566713741156e-05,0.00011144933409042017,0.9242335830509398,0.032012357766433915
W6d3b2a24032b729b0003,0.002547860343497997,0.0034380957983498332,0.001773219665750624,0.0030777048689332475,0.0010318550655695413,0.03150109352281257,0.0002182030045416987,7.152162753854998e-06,2.3568328340080085e-05,1.0699566713741156e-05,0.00011144933409042017,0.9242335830509398,0.032012357766433915
W6d3b2a24032b729b0004,0.002547860343497997,0.0034380957983498332,0.001773219665750624,0.0030777048689332475,0.0010318550655695413,0.03150109352281257,0.0002182030045416987,7.152162753854998e-06,2.3568328340080085e-05,1.0699566713741156e-05,0.00011144933409042017,0.9242335830509398,0.032012357766433915
W6d3b2a24032b729b0005,0.002547860343497997,0.0034380957983498332,0.001773219665750624,0.0030777048689332475,0.0010318550655695413,0.03150109352281257,0.0002182030045416987,7.152162753854998e-06,2.3568328340080085e-05,1.0699566713741156e-05,0.00011144933409042017,0.9242335830509398,0.032012357766433915
W6d3b2a24032b729b0006,0.002547860343497997,0.0034380957983498332,0.001773219665750624,0.0030777048689332475,0.0010318550655695413,0.03150109352281257,0.0002182030045416987,7.152162753854998e-06,2.3568328340080085e-05,1.0699566713741156e-05,0.00011144933409042017,0.9242335830509398,0.032012357766433915
W6fcba0a340edc8d30000,0.028622149533698352,0.0018569475297098407,0.44034353061359865,0.10108864807376554,0.22819890206717422,0.04867016830721484,0.010532274400373859,0.0051023032980148,0.015289765577585416,0.010797482231299576,0.009678041056115357,0.03021440714031406,0.02026507168566334
W6fcba0a340edc8d30001,0.028622149533698352,0.0018569475297098407,0.44034353061359865,0.10108864807376554,0.22819890206717422,0.04867016830721484,0.010532274400373859,0.0051023032980148,0.015289765577585416,0.010797482231299576,0.009678041056115357,0.03021440714031406,0.02026507168566334
W6fcba0a340edc8d30002,0.028622149533698352,0.0018569475297098407,0.44034353061359865,0.10108864807376554,0.22819890206717422,0.04867016830721484,0.010532274400373859,0.0051023032980148,0.015289765577585416,0.010797482231299576,0.009678041056115357,0.03021440714031406,0.02026507168566334
W6fcba0a340edc8d30003,0.028622149533698352,0.0018569475297098407,0.44034353061359865,0.10108864807376554,0.22819890206717422,0.04867016830721484,0.010532274400373859,0.0051023032980148,0.015289765577585416,0.010797482231299576,0.009678041056115357,0.03021440714031406,0.02026507168566334
W6fcba0a340edc8d30004,0.028622149533698352,0.0018569475297098407,0.44034353061359865,0.10108864807376554,0.22819890206717422,0.04867016830721484,0.010532274400373859,0.0051023032980148,0.015289765577585416,0.010797482231299576,0.009678041056115357,0.03021440714031406,0.02026507168566334
W6fcba0a340edc8d30005,0.028622149533698352,0.0018569475297098407,0.44034353061359865,0.10108864807376554,0.22819890206717422,0.04867016830721484,0.010532274400373859,0.0051023032980148,0.015289765577585416,0.010797482231299576,0.009678041056115357,0.03021440714031406,0.02026507168566334
W6fcba0a340edc8d30006,0.028622149533698352,0.0018569475297098407,0.44034353061359865,0.10108864807376554,0.22819890206717422,0.04867016830721484,0.010532274400373859,0.0051023032980148,0.015289765577585416,0.010797482231299576,0.009678041056115357,0.03021440714031406,0.02026507168566334
W7006f3c66af00e6b0000,0.013033113260186534,0.0032195331584469787,0.1506540311714318,0.10285677607853587,0.1386831756672548,0.37777364658319623,0.01082310174870761,0.1194507713665721,0.003603495749972382,0.004489407088988027,0.005103583953981264,0.04750143366378582,0.009298745186839505
W7006f3c66af00e6b0001,0.013033113260186534,0.0032195331584469787,0.1506540311714318,0.10285677607853587,0.1386831756672548,0.37777364658319623,0.01082310174870761,0.1194507713665721,0.003603495749972382,0.004489407088988027,0.005103583953981264,0.04750143366378582,0.009298745186839505
W7006f3c66af00e6b0002,0.013033113260186534,0.0032195331584469787,0.1506540311714318,0.10285677607853587,0.1386831756672548,0.37777364658319623,0.01082310174870761,0.1194507713665721,0.003603495749972382,0.004489407088988027,0.005103583953981264,0.04750143366378582,0.009298745186839505
W7006f3c66af00e6b0003,0.013033113260186534,0.0032195331584469787,0.1506540311714318,0.10285677607853587,0.1386831756672548,0.37777364658319623,0.01082310174870761,0.1194507713665721,0.003603495749972382,0.004489407088988027,0.005103583953981264,0.04750143366378582,0.009298745186839505
W7006f3c66af00e6b0004,0.013033113260186534,0.0032195331584469787,0.1506540311714318,0.10285677607853587,0.1386831756672548,0.37777364658319623,0.01082310174870761,0.1194507713665721,0.003603495749972382,0.004489407088988027,0.005103583953981264,0.04750143366378582,0.009298745186839505
W7006f3c66af00e6b0005,0.013033113260186534,0.0032195331584469787,0.1506540311714318,0.10285677607853587,0.1386831756672548,0.37777364658319623,0.01082310174870761,0.1194507713665721,0.003603495749972382,0.004489407088988027,0.005103583953981264,0.04750143366378582,0.009298745186839505
W7006f3c66af00e6b0006,0.013033113260186534,0.0032195331584469787,0.1506540311714318,0.10285677607853587,0.1386831756672548,0.37777364658319623,0.01082310174870761,0.1194507713665721,0.003603495749972382,0.004489407088988027,0.005103583953981264,0.04750143366378582,0.009298745186839505
W71bc87bb603413cf0000,0.1342529526111049,0.008013706381945419,0.028267470264345822,0.04111609033588308,0.07586582185950896,0.030252282131205194,0.01636593061225079,0.02900002720721761,0.013187679872518688,0.1821461189330479,0.014839803966202594,0.10250447611026473,0.12472880047114974
W71bc87bb603413cf0001,0.1342529526111049,0.008013706381945419,0.028267470264345822,0.04111609033588308,0.07586582185950896,0.030252282131205194,0.01636593061225079,0.02900002720721761,0.013187679872518688,0.1821461189330479,0.014839803966202594,0.10250447611026473,0.12472880047114974
W71bc87bb603413cf0002,0.1342529526111049,0.008013706381945419,0.028267470264345822,0.04111609033588308,0.07586582185950896,0.030252282131205194,0.01636593061225079,0.02900002720721761,0.013187679872518688,0.1821461189330479,0.014839803966202594,0.10250447611026473,0.12472880047114974
W71bc87bb603413cf0003,0.1342529526111049,0.008013706381945419,0.028267470264345822,0.04111609033588308,0.07586582185950896,0.030252282131205194,0.01636593061225079,0.02900002720721761,0.013187679872518688,0.1821461189330479,0.014839803966202594,0.10250447611026473,0.12472880047114974
W71bc87bb603413cf0004,0.1342529526111049,0.008013706381945419,0.028267470264345822,0.04111609033588308,0.07586582185950896,0.030252282131205194,0.01636593061225079,0.02900002720721761,0.013187679872518688,0.1821461189330479,0.014839803966202594,0.10250447611026473,0.12472880047114974
W71bc87bb603413cf0005,0.1342529526111049,0.008013706381945419,0.028267470264345822,0.04111609033588308,0.07586582185950896,0.030252282131205194,0.01636593061225079,0.02900002720721761,0.013187679872518688,0.1821461189330479,0.014839803966202594,0.10250447611026473,0.12472880047114974
W71bc87bb603413cf0006,0.1342529526111049,0.008013706381945419,0.028267470264345822,0.04111609033588308,0.07586582185950896,0.030252282131205194,0.01636593061225079,0.02900002720721761,0.013187679872518688,0.1821461189330479,0.014839803966202594,0.10250447611026473,0.12472880047114974
W71ed08969928aa290000,0.008545940783219408,0.0019239308365728445,0.07044630910517134,0.015343363329915776,0.023558278411686253,0.5405258979415581,0.006185390383093294,0.0032106222466041696,0.0015161338162553997,0.0064653748408127895,0.0009343784389274527,0.313773249289694,0.0025353514420127536
W71ed08969928aa290001,0.008545940783219408,0.0019239308365728445,0.07044630910517134,0.015343363329915776,0.023558278411686253,0.5405258979415581,0.006185390383093294,0.0032106222466041696,0.0015161338162553997,0.0064653748408127895,0.0009343784389274527,0.313773249289694,0.0025353514420127536
W71ed08969928aa290002,0.008545940783219408,0.0019239308365728445,0.07044630910517134,0.015343363329915776,0.023558278411686253,0.5405258979415581,0.006185390383093294,0.0032106222466041696,0.0015161338162553997,0.0064653748408127895,0.0009343784389274527,0.313773249289694,0.0025353514420127536
W71ed08969928aa290003,0.008545940783219408,0.0019239308365728445,0.07044630910517134,0.015343363329915776,0.023558278411686253,0.5405258979415581,0.006185390383093294,0.0032106222466041696,0.0015161338162553997,0.0064653748408127895,0.0009343784389274527,0.313773249289694,0.0025353514420127536
W71ed08969928aa290004,0.008545940783219408,0.0019239308365728445,0.07044630910517134,0.015343363329915776,0.023558278411686253,0.5405258979415581,0.006185390383093294,0.0032106222466041696,0.0015161338162553997,0.0064653748408127895,0.0009343784389274527,0.313773249289694,0.0025353514420127536
W71ed08969928aa290005,0.008545940783219408,0.0019239308365728445,0.07044630910517134,0.015343363329915776,0.023558278411686253,0.5405258979415581,0.006185390383093294,0.0032106222466041696,0.0015161338162553997,0.0064653748408127895,0.0009343784389274527,0.313773249289694,0.0025353514420127536
W71ed08969928aa290006,0.008545940783219408,0.0019239308365728445,0.07044630910517134,0.015343363329915776,0.023558278411686253,0.5405258979415581,0.006185390383093294,0.0032106222466041696,0.0015161338162553997,0.0064653748408127895,0.0009343784389274527,0.313773249289694,0.0025353514420127536
W72644c30a07b7c5a0000,0.013337167116182047,0.7562573945882988,0.007340191215250365,0.00843649756788382,0.00970036088311781,0.003867205649633295,0.020965726694142987,0.017182433572532334,0.09212560231478685,0.002587234043807353,0.05145985344354885,0.004180404564057473,0.0027907272052538194
W72644c30a07b7c5a0001,0.013337167116182047,0.7562573945882988,0.007340191215250365,0.00843649756788382,0.00970036088311781,0.003867205649633295,0.020965726694142987,0.017182433572532334,0.09212560231478685,0.002587234043807353,0.05145985344354885,0.004180404564057473,0.0027907272052538194
W72644c30a07b7c5a0002,0.013337167116182047,0.7562573945882988,0.007340191215250365,0.00843649756788382,0.00970036088311781,0.003867205649633295,0.020965726694142987,0.017182433572532334,0.09212560231478685,0.002587234043807353,0.05145985344354885,0.004180404564057473,0.0027907272052538194
W72644c30a07b7c5a0003,0.013337167116182047,0.7562573945882988,0.007340191215250365,0.00843649756788382,0.00970036088311781,0.003867205649633295,0.020965726694142987,0.017182433572532334,0.09212560231478685,0.002587234043807353,0.05145985344354885,0.004180404564057473,0.0027907272052538194
W72644c30a07b7c5a0004,0.013337167116182047,0.7562573945882988,0.007340191215250365,0.00843649756788382,0.00970036088311781,0.003867205649633295,0.020965726694142987,0.017182433572532334,0.09212560231478685,0.002587234043807353,0.05145985344354885,0.004180404564057473,0.0027907272052538194
W72644c30a07b7c5a0005,0.013337167116182047,0.7562573945882988,0.007340191215250365,0.00843649756788382,0.00970036088311781,0.003867205649633295,0.020965726694142987,0.017182433572532334,0.09212560231478685,0.002587234043807353,0.05145985344354885,0.004180404564057473,0.0027907272052538194
W72644c30a07b7c5a0006,0.013337167116182047,0.7562573945882988,0.007340191215250365,0.00843649756788382,0.00970036088311781,0.003867205649633295,0.020965726694142987,0.017182433572532334,0.09212560231478685,0.002587234043807353,0.05145985344354885,0.004180404564057473,0.0027907272052538194
W727940b18345130e0000,0.0005982263788735968,0.003632174637003967,0.00943605723501152,0.005143015218466961,0.008658001953884357,0.0016569065725392912,0.010655423534301213,0.8027626688611332,0.006892427691206586,0.012560887512266167,0.04946276209852684,0.0025798049743435965,0.01914847042801762
W727940b18345130e0001,0.0005982263788735968,0.003632174637003967,0.00943605723501152,0.005143015218466961,0.008658001953884357,0.0016569065725392912,0.010655423534301213,0.8027626688611332,0.006892427691206586,0.012560887512266167,0.04946276209852684,0.0025798049743435965,0.01914847042801762
W727940b18345130e0002,0.0005982263788735968,0.003632174637003967,0.00943605723501152,0.005143015218466961,0.008658001953884357,0.0016569065725392912,0.010655423534301213,0.8027626688611332,0.006892427691206586,0.012560887512266167,0.04946276209852684,0.0025798049743435965,0.01914847042801762
W727940b18345130e0003,0.0005982263788735968,0.003632174637003967,0.00943605723501152,0.005143015218466961,0.008658001953884357,0.0016569065725392912,0.010655423534301213,0.8027626688611332,0.006892427691206586,0.012560887512266167,0.04946276209852684,0.0025798049743435965,0.01914847042801762
W727940b18345130e0004,0.0005982263788735968,0.003632174637003967,0.00943605723501152,0.005143015218466961,0.008658001953884357,0.0016569065725392912,0.010655423534301213,0.8027626688611332,0.006892427691206586,0.012560887512266167,0.04946276209852684,0.0025798049743435965,0.01914847042801762
W727940b18345130e0005,0.0005982263788735968,0.003632174637003967,0.00943605723501152,0.005143015218466961,0.008658001953884357,0.0016569065725392912,0.010655423534301213,0.8027626688611332,0.006892427691206586,0.012560887512266167,0.04946276209852684,0.0025798049743435965,0.01914847042801762
W727940b18345130e0006,0.0005982263788735968,0.003632174637003967,0.00943605723501152,0.005143015218466961,0.008658001953884357,0.0016569065725392912,0.010655423534301213,0.8027626688611332,0.006892427691206586,0.012560887512266167,0.04946276209852684,0.0025798049743435965,0.01914847042801762
W729325f0d9eaf9060000,0.01887135614058916,0.005578106210815837,0.15818948560356466,0.022840774843578437,0.032196241269867615,0.020925502148477437,0.1193028885121895,0.021695785208596583,0.007544122090655024,0.06686577613922719,0.029580385796541486,0.006141613299131131,0.06863292628249515
W729325f0d9eaf9060001,0.01887135614058916,0.005578106210815837,0.15818948560356466,0.022840774843578437,0.032196241269867615,0.020925502148477437,0.1193028885121895,0.021695785208596583,0.007544122090655024,0.06686577613922719,0.029580385796541486,0.006141613299131131,0.06863292628249515
W729325f0d9eaf9060002,0.01887135614058916,0.005578106210815837,0.15818948560356466,0.022840774843578437,0.032196241269867615,0.020925502148477437,0.1193028885121895,0.021695785208596583,0.007544122090655024,0.06686577613922719,0.029580385796541486,0.006141613299131131,0.06863292628249515
W729325f0d9eaf9060003,0.01887135614058916,0.005578106210815837,0.15818948560356466,0.022840774843578437,0.032196241269867615,0.020925502148477437,0.1193028885121895,0.021695785208596583,0.007544122090655024,0.06686577613922719,0.029580385796541486,0.006141613299131131,0.06863292628249515
W729325f0d9eaf9060004,0.01887135614058916,0.005578106210815837,0.15818948560356466,0.022840774843578437,0.032196241269867615,0.020925502148477437,0.1193028885121895,0.021695785208596583,0.007544122090655024,0.06686577613922719,0.029580385796541486,0.006141613299131131,0.06863292628249515
W729325f0d9eaf9060005,0.01887135614058916,0.005578106210815837,0.15818948560356466,0.022840774843578437,0.032196241269867615,0.020925502148477437,0.1193028885121895,0.021695785208596583,0.007544122090655024,0.06686577613922719,0.029580385796541486,0.006141613299131131,0.06863292628249515
W729325f0d9eaf9060006,0.01887135614058916,0.005578106210815837,0.15818948560356466,0.022840774843578437,0.032196241269867615,0.020925502148477437,0.1193028885121895,0.021695785208596583,0.007544122090655024,0.06686577613922719,0.029580385796541486,0.006141613299131131,0.06863292628249515
W7323d1ca6e11182e0000,0.002621294188923953,0.00028406859723994885,0.0818490615707059,0.017784420426802935,0.031050776613070222,0.7223131228417968,0.005656956384248727,0.009930311875450458,0.0016058938055815302,0.0006574422178570459,0.0001613676585701552,0.12046046742098523,0.002350219923739251
W7323d1ca6e11182e0001,0.002621294188923953,0.00028406859723994885,0.0818490615707059,0.017784420426802935,0.031050776613070222,0.7223131228417968,0.005656956384248727,0.009930311875450458,0.0016058938055815302,0.0006574422178570459,0.0001613676585701552,0.12046046742098523,0.002350219923739251
W7323d1ca6e11182e0002,0.002621294188923953,0.00028406859723994885,0.0818490615707059,0.017784420426802935,0.031050776613070222,0.7223131228417968,0.005656956384248727,0.009930311875450458,0.0016058938055815302,0.0006574422178570459,0.0001613676585701552,0.12046046742098523,0.002350219923739251
W7323d1ca6e11182e0003,0.002621294188923953,0.00028406859723994885,0.0818490615707059,0.017784420426802935,0.031050776613070222,0.7223131228417968,0.005656956384248727,0.009930311875450458,0.0016058938055815302,0.0006574422178570459,0.0001613676585701552,0.12046046742098523,0.002350219923739251
W7323d1ca6e11182e0004,0.002621294188923953,0.00028406859723994885,0.0818490615707059,0.017784420426802935,0.031050776613070222,0.7223131228417968,0.005656956384248727,0.009930311875450458,0.0016058938055815302,0.0006574422178570459,0.0001613676585701552,0.12046046742098523,0.002350219923739251
W7323d1ca6e11182e0005,0.002621294188923953,0.00028406859723994885,0.0818490615707059,0.017784420426802935,0.031050776613070222,0.7223131228417968,0.005656956384248727,0.009930311875450458,0.0016058938055815302,0.0006574422178570459,0.0001613676585701552,0.12046046742098523,0.002350219923739251
W7323d1ca6e11182e0006,0.002621294188923953,0.00028406859723994885,0.0818490615707059,0.017784420426802935,0.031050776613070222,0.7223131228417968,0.005656956384248727,0.009930311875450458,0.0016058938055815302,0.0006574422178570459,0.0001613676585701552,0.12046046742098523,0.002350219923739251
W73ed5859f924416c0000,0.0030450298129368752,0.009878909731718023,0.02687794904427669,0.020508279390274758,0.019703391597371434,0.0027038858576924414,0.016528058364843525,0.03426214056389862,0.014559856630316457,0.06588404478462281,0.01932303370382647,0.014357996659235072,0.05709392342605647
W73ed5859f924416c0001,0.0030450298129368752,0.009878909731718023,0.02687794904427669,0.020508279390274758,0.019703391597371434,0.0027038858576924414,0.016528058364843525,0.03426214056389862,0.014559856630316457,0.06588404478462281,0.01932303370382647,0.014357996659235072,0.05709392342605647
W73ed5859f924416c0002,0.0030450298129368752,0.009878909731718023,0.02687794904427669,0.020508279390274758,0.019703391597371434,0.0027038858576924414,0.016528058364843525,0.03426214056389862,0.014559856630316457,0.06588404478462281,0.01932303370382647,0.014357996659235072,0.05709392342605647
W73ed5859f924416c0003,0.0030450298129368752,0.009878909731718023,0.02687794904427669,0.020508279390274758,0.019703391597371434,0.0027038858576924414,0.016528058364843525,0.03426214056389862,0.014559856630316457,0.06588404478462281,0.01932303370382647,0.014357996659235072,0.05709392342605647
W73ed5859f924416c0004,0.0030450298129368752,0.009878909731718023,0.02687794904427669,0.020508279390274758,0.019703391597371434,0.0027038858576924414,0.016528058364843525,0.03426214056389862,0.014559856630316457,0.06588404478462281,0.01932303370382647,0.014357996659235072,0.05709392342605647
W73ed5859f924416c0005,0.0030450298129368752,0.009878909731718023,0.02687794904427669,0.020508279390274758,0.019703391597371434,0.0027038858576924414,0.016528058364843525,0.03426214056389862,0.014559856630316457,0.06588404478462281,0.01932303370382647,0.014357996659235072,0.05709392342605647
W73ed5859f924416c0006,0.0030450298129368752,0.009878909731718023,0.02687794904427669,0.020508279390274758,0.019703391597371434,0.0027038858576924414,0.016528058364843525,0.03426214056389862,0.014559856630316457,0.06588404478462281,0.01932303370382647,0.014357996659235072,0.05709392342605647
W74a550cd58cac66b0000,0.006289220458760548,0.035877627228808384,0.029801385246613382,0.023356345753495496,0.03782272972594768,0.00722530550466677,0.6634902384172485,0.05040147538078651,0.0033224589321318595,0.02149323215485308,0.021285538221396796,0.011655355931779689,0.029708754926729825
W74a550cd58cac66b0001,0.006289220458760548,0.035877627228808384,0.029801385246613382,0.023356345753495496,0.03782272972594768,0.00722530550466677,0.6634902384172485,0.05040147538078651,0.0033224589321318595,0.02149323215485308,0.021285538221396796,0.011655355931779689,0.029708754926729825
W74a550cd58cac66b0002,0.006289220458760548,0.035877627228808384,0.029801385246613382,0.023356345753495496,0.03782272972594768,0.00722530550466677,0.6634902384172485,0.05040147538078651,0.0033224589321318595,0.02149323215485308,0.021285538221396796,0.011655355931779689,0.029708754926729825
W74a550cd58cac66b0003,0.006289220458760548,0.035877627228808384,0.029801385246613382,0.023356345753495496,0.03782272972594768,0.00722530550466677,0.6634902384172485,0.05040147538078651,0.0033224589321318595,0.02149323215485308,0.021285538221396796,0.011655355931779689,0.029708754926729825
W74a550cd58cac66b0004,0.006289220458760548,0.035877627228808384,0.029801385246613382,0.023356345753495496,0.03782272972594768,0.00722530550466677,0.6634902384172485,0.05040147538078651,0.0033224589321318595,0.02149323215485308,0.021285538221396796,0.011655355931779689,0.029708754926729825
W74a550cd58cac66b0005,0.006289220458760548,0.035877627228808384,0.029801385246613382,0.023356345753495496,0.03782272972594768,0.00722530550466677,0.6634902384172485,0.05040147538078651,0.0033224589321318595,0.02149323215485308,0.021285538221396796,0.011655355931779689,0.029708754926729825
W74a550cd58cac66b0006,0.006289220458760548,0.035877627228808384,0.029801385246613382,0.023356345753495496,0.03782272972594768,0.00722530550466677,0.6634902384172485,0.05040147538078651,0.0033224589321318595,0.02149323215485308,0.021285538221396796,0.011655355931779689,0.029708754926729825
W74ca5568fc785c740000,0.002863764743811863,0.055221931446297154,0.019270512723528477,0.01670886163137708,0.043519534498909856,0.2899284075871755,0.012606872978737568,0.0026045273058156546,0.0006884047768445342,0.003839102984544341,0.002086855657500573,0.513404777725891,0.035257280993243274
W74ca5568fc785c740001,0.002863764743811863,0.055221931446297154,0.019270512723528477,0.01670886163137708,0.043519534498909856,0.2899284075871755,0.012606872978737568,0.0026045273058156546,0.0006884047768445342,0.003839102984544341,0.002086855657500573,0.513404777725891,0.035257280993243274
W74ca5568fc785c740002,0.002863764743811863,0.055221931446297154,0.019270512723528477,0.01670886163137708,0.043519534498909856,0.2899284075871755,0.012606872978737568,0.0026045273058156546,0.0006884047768445342,0.003839102984544341,0.002086855657500573,0.513404777725891,0.035257280993243274
W74ca5568fc785c740003,0.002863764743811863,0.055221931446297154,0.019270512723528477,0.01670886163137708,0.043519534498909856,0.2899284075871755,0.012606872978737568,0.0026045273058156546,0.0006884047768445342,0.003839102984544341,0.002086855657500573,0.513404777725891,0.035257280993243274
W74ca5568fc785c740004,0.002863764743811863,0.055221931446297154,0.019270512723528477,0.01670886163137708,0.043519534498909856,0.2899284075871755,0.012606872978737568,0.0026045273058156546,0.0006884047768445342,0.003839102984544341,0.002086855657500573,0.513404777725891,0.035257280993243274
W74ca5568fc785c740005,0.002863764743811863,0.055221931446297154,0.019270512723528477,0.01670886163137708,0.043519534498909856,0.2899284075871755,0.012606872978737568,0.0026045273058156546,0.0006884047768445342,0.003839102984544341,0.002086855657500573,0.513404777725891,0.035257280993243274
W74ca5568fc785c740006,0.002863764743811863,0.055221931446297154,0.019270512723528477,0.01670886163137708,0.043519534498909856,0.2899284075871755,0.012606872978737568,0.0026045273058156546,0.0006884047768445342,0.003839102984544341,0.002086855657500573,0.513404777725891,0.035257280993243274
W7557edb163ff1ca10000,0.011525896193539165,0.0010505159961655373,0.17704726718792205,0.06489123563012322,0.07562533239095551,0.0916481440469807,0.0100497032658263,0.0012950415135891498,0.0013665560883952992,0.0053861170655194945,0.0018659559452472092,0.5460852962240392,0.007752732262379734
W7557edb163ff1ca10001,0.011525896193539165,0.0010505159961655373,0.17704726718792205,0.06489123563012322,0.07562533239095551,0.0916481440469807,0.0100497032658263,0.0012950415135891498,0.0013665560883952992,0.0053861170655194945,0.0018659559452472092,0.5460852962240392,0.007752732262379734
W7557edb163ff1ca10002,0.011525896193539165,0.0010505159961655373,0.17704726718792205,0.06489123563012322,0.07562533239095551,0.0916481440469807,0.0100497032658263,0.0012950415135891498,0.0013665560883952992,0.0053861170655194945,0.0018659559452472092,0.5460852962240392,0.007752732262379734
W7557edb163ff1ca10003,0.011525896193539165,0.0010505159961655373,0.17704726718792205,0.06489123563012322,0.07562533239095551,0.0916481440469807,0.0100497032658263,0.0012950415135891498,0.0013665560883952992,0.0053861170655194945,0.0018659559452472092,0.5460852962240392,0.007752732262379734
W7557edb163ff1ca10004,0.011525896193539165,0.0010505159961655373,0.17704726718792205,0.06489123563012322,0.07562533239095551,0.0916481440469807,0.0100497032658263,0.0012950415135891498,0.0013665560883952992,0.0053861170655194945,0.0018659559452472092,0.5460852962240392,0.007752732262379734
W7557edb163ff1ca10005,0.011525896193539165,0.0010505159961655373,0.17704726718792205,0.06489123563012322,0.07562533239095551,0.0916481440469807,0.0100497032658263,0.0012950415135891498,0.0013665560883952992,0.0053861170655194945,0.0018659559452472092,0.5460852962240392,0.007752732262379734
W7557edb163ff1ca10006,0.011525896193539165,0.0010505159961655373,0.17704726718792205,0.06489123563012322,0.07562533239095551,0.0916481440469807,0.0100497032658263,0.0012950415135891498,0.0013665560883952992,0.0053861170655194945,0.0018659559452472092,0.5460852962240392,0.007752732262379734
W7575a97fc8a0191b0000,0.004293872992854503,0.0004613509765955019,0.03526385154068705,0.026812224586453926,0.009785964427057441,0.22336934722897625,0.0036604153000279545,0.0005471901104490308,0.00015240645156580122,0.0005027800084572131,8.622196533676499e-05,0.6883124540448207,0.004352749980799455
W7575a97fc8a0191b0001,0.004293872992854503,0.0004613509765955019,0.03526385154068705,0.026812224586453926,0.009785964427057441,0.22336934722897625,0.0036604153000279545,0.0005471901104490308,0.00015240645156580122,0.0005027800084572131,8.622196533676499e-05,0.6883124540448207,0.004352749980799455
W7575a97fc8a0191b0002,0.004293872992854503,0.0004613509765955019,0.03526385154068705,0.026812224586453926,0.009785964427057441,0.22336934722897625,0.0036604153000279545,0.0005471901104490308,0.00015240645156580122,0.0005027800084572131,8.622196533676499e-05,0.6883124540448207,0.004352749980799455
W7575a97fc8a0191b0003,0.004293872992854503,0.0004613509765955019,0.03526385154068705,0.026812224586453926,0.009785964427057441,0.22336934722897625,0.0036604153000279545,0.0005471901104490308,0.00015240645156580122,0.0005027800084572131,8.622196533676499e-05,0.6883124540448207,0.004352749980799455
W7575a97fc8a0191b0004,0.004293872992854503,0.0004613509765955019,0.03526385154068705,0.026812224586453926,0.009785964427057441,0.22336934722897625,0.0036604153000279545,0.0005471901104490308,0.00015240645156580122,0.0005027800084572131,8.622196533676499e-05,0.6883124540448207,0.004352749980799455
W7575a97fc8a0191b0005,0.004293872992854503,0.0004613509765955019,0.03526385154068705,0.026812224586453926,0.009785964427057441,0.22336934722897625,0.0036604153000279545,0.0005471901104490308,0.00015240645156580122,0.0005027800084572131,8.622196533676499e-05,0.6883124540448207,0.004352749980799455
W7575a97fc8a0191b0006,0.004293872992854503,0.0004613509765955019,0.03526385154068705,0.026812224586453926,0.009785964427057441,0.22336934722897625,0.0036604153000279545,0.0005471901104490308,0.00015240645156580122,0.0005027800084572131,8.622196533676499e-05,0.6883124540448207,0.004352749980799455
W757e2d1c9dfbee5c0000,0.0015324657211868184,0.00014227010690069677,0.0226286017893221,0.005163999758461797,0.006863969006046457,0.7426310978294086,0.014265223924156698,0.0006540176407566067,0.00012808480971321202,0.0001321798024113284,0.0006201174138941344,0.19896638346832263,0.004847593741151702
W757e2d1c9dfbee5c0001,0.0015324657211868184,0.00014227010690069677,0.0226286017893221,0.005163999758461797,0.006863969006046457,0.7426310978294086,0.014265223924156698,0.0006540176407566067,0.00012808480971321202,0.0001321798024113284,0.0006201174138941344,0.19896638346832263,0.004847593741151702
W757e2d1c9dfbee5c0002,0.0015324657211868184,0.00014227010690069677,0.0226286017893221,0.005163999758461797,0.006863969006046457,0.7426310978294086,0.014265223924156698,0.0006540176407566067,0.00012808480971321202,0.0001321798024113284,0.0006201174138941344,0.19896638346832263,0.004847593741151702
W757e2d1c9dfbee5c0003,0.0015324657211868184,0.00014227010690069677,0.0226286017893221,0.005163999758461797,0.006863969006046457,0.7426310978294086,0.014265223924156698,0.0006540176407566067,0.00012808480971321202,0.0001321798024113284,0.0006201174138941344,0.19896638346832263,0.004847593741151702
W757e2d1c9dfbee5c0004,0.0015324657211868184,0.00014227010690069677,0.0226286017893221,0.005163999758461797,0.006863969006046457,0.7426310978294086,0.014265223924156698,0.0006540176407566067,0.00012808480971321202,0.0001321798024113284,0.0006201174138941344,0.19896638346832263,0.004847593741151702
W757e2d1c9dfbee5c0005,0.0015324657211868184,0.00014227010690069677,0.0226286017893221,0.005163999758461797,0.006863969006046457,0.7426310978294086,0.014265223924156698,0.0006540176407566067,0.00012808480971321202,0.0001321798024113284,0.0006201174138941344,0.19896638346832263,0.004847593741151702
W757e2d1c9dfbee5c0006,0.0015324657211868184,0.00014227010690069677,0.0226286017893221,0.005163999758461797,0.006863969006046457,0.7426310978294086,0.014265223924156698,0.0006540176407566067,0.00012808480971321202,0.0001321798024113284,0.0006201174138941344,0.19896638346832263,0.004847593741151702
W764bbe99e72ba4c90000,0.00798835984168416,0.00371834890172784,0.030485126635205688,0.022038087180409924,0.027086213784203294,0.00851826695940529,0.012937329369318028,0.017280502086108207,0.028731272921782368,0.025108456392108767,0.048613789754611066,0.002588405631481645,0.042002532397006465
W764bbe99e72ba4c90001,0.00798835984168416,0.00371834890172784,0.030485126635205688,0.022038087180409924,0.027086213784203294,0.00851826695940529,0.012937329369318028,0.017280502086108207,0.028731272921782368,0.025108456392108767,0.048613789754611066,0.002588405631481645,0.042002532397006465
W764bbe99e72ba4c90002,0.00798835984168416,0.00371834890172784,0.030485126635205688,0.022038087180409924,0.027086213784203294,0.00851826695940529,0.012937329369318028,0.017280502086108207,0.028731272921782368,0.025108456392108767,0.048613789754611066,0.002588405631481645,0.042002532397006465
W764bbe99e72ba4c90003,0.00798835984168416,0.00371834890172784,0.030485126635205688,0.022038087180409924,0.027086213784203294,0.00851826695940529,0.012937329369318028,0.017280502086108207,0.028731272921782368,0.025108456392108767,0.048613789754611066,0.002588405631481645,0.042002532397006465
W764bbe99e72ba4c90004,0.00798835984168416,0.00371834890172784,0.030485126635205688,0.022038087180409924,0.027086213784203294,0.00851826695940529,0.012937329369318028,0.017280502086108207,0.028731272921782368,0.025108456392108767,0.048613789754611066,0.002588405631481645,0.042002532397006465
W764bbe99e72ba4c90005,0.00798835984168416,0.00371834890172784,0.030485126635205688,0.022038087180409924,0.027086213784203294,0.00851826695940529,0.012937329369318028,0.017280502086108207,0.028731272921782368,0.025108456392108767,0.048613789754611066,0.002588405631481645,0.042002532397006465
W764bbe99e72ba4c90006,0.00798835984168416,0.00371834890172784,0.030485126635205688,0.022038087180409924,0.027086213784203294,0.00851826695940529,0.012937329369318028,0.017280502086108207,0.028731272921782368,0.025108456392108767,0.048613789754611066,0.002588405631481645,0.042002532397006465
W76ffa8ac18f801550000,0.0061524827096806995,0.00012238253299858465,0.017478613131457287,0.007651615439056252,0.016200703258186365,0.679015458087951,0.0033272734826782263,0.0021416888109552982,2.9830020289693446e-05,0.002415101264821963,0.0004018286397274238,0.26214763281865,0.001352637636347292
W76ffa8ac18f801550001,0.0061524827096806995,0.00012238253299858465,0.017478613131457287,0.007651615439056252,0.016200703258186365,0.679015458087951,0.0033272734826782263,0.0021416888109552982,2.9830020289693446e-05,0.002415101264821963,0.0004018286397274238,0.26214763281865,0.001352637636347292
W76ffa8ac18f801550002,0.0061524827096806995,0.00012238253299858465,0.017478613131457287,0.007651615439056252,0.016200703258186365,0.679015458087951,0.0033272734826782263,0.0021416888109552982,2.9830020289693446e-05,0.002415101264821963,0.0004018286397274238,0.26214763281865,0.001352637636347292
W76ffa8ac18f801550003,0.0061524827096806995,0.00012238253299858465,0.017478613131457287,0.007651615439056252,0.016200703258186365,0.679015458087951,0.0033272734826782263,0.0021416888109552982,2.9830020289693446e-05,0.002415101264821963,0.0004018286397274238,0.26214763281865,0.001352637636347292
W76ffa8ac18f801550004,0.0061524827096806995,0.00012238253299858465,0.017478613131457287,0.007651615439056252,0.016200703258186365,0.679015458087951,0.0033272734826782263,0.0021416888109552982,2.9830020289693446e-05,0.002415101264821963,0.0004018286397274238,0.26214763281865,0.001352637636347292
W76ffa8ac18f801550005,0.0061524827096806995,0.00012238253299858465,0.017478613131457287,0.007651615439056252,0.016200703258186365,0.679015458087951,0.0033272734826782263,0.0021416888109552982,2.9830020289693446e-05,0.002415101264821963,0.0004018286397274238,0.26214763281865,0.001352637636347292
W76ffa8ac18f801550006,0.0061524827096806995,0.00012238253299858465,0.017478613131457287,0.007651615439056252,0.016200703258186365,0.679015458087951,0.0033272734826782263,0.0021416888109552982,2.9830020289693446e-05,0.002415101264821963,0.0004018286397274238,0.26214763281865,0.001352637636347292
W790478c62835aaae0000,0.037704452943379194,0.0041747527507048875,0.033733960682381714,0.055150798865112635,0.07221295569992531,0.04526828768771236,0.02749162479455301,0.5934391909810213,0.007653604260760228,0.019943773166069757,0.02700005920524162,0.016770951916125713,0.022573736849049855
W790478c62835aaae0001,0.037704452943379194,0.0041747527507048875,0.033733960682381714,0.055150798865112635,0.07221295569992531,0.04526828768771236,0.02749162479455301,0.5934391909810213,0.007653604260760228,0.019943773166069757,0.02700005920524162,0.016770951916125713,0.022573736849049855
W790478c62835aaae0002,0.037704452943379194,0.0041747527507048875,0.033733960682381714,0.055150798865112635,0.07221295569992531,0.04526828768771236,0.02749162479455301,0.5934391909810213,0.007653604260760228,0.019943773166069757,0.02700005920524162,0.016770951916125713,0.022573736849049855
W790478c62835aaae0003,0.037704452943379194,0.0041747527507048875,0.033733960682381714,0.055150798865112635,0.07221295569992531,0.04526828768771236,0.02749162479455301,0.5934391909810213,0.007653604260760228,0.019943773166069757,0.02700005920524162,0.016770951916125713,0.022573736849049855
W790478c62835aaae0004,0.037704452943379194,0.0041747527507048875,0.033733960682381714,0.055150798865112635,0.07221295569992531,0.04526828768771236,0.02749162479455301,0.5934391909810213,0.007653604260760228,0.019943773166069757,0.02700005920524162,0.016770951916125713,0.022573736849049855
W790478c62835aaae0005,0.037704452943379194,0.0041747527507048875,0.033733960682381714,0.055150798865112635,0.07221295569992531,0.04526828768771236,0.02749162479455301,0.5934391909810213,0.007653604260760228,0.019943773166069757,0.02700005920524162,0.016770951916125713,0.022573736849049855
W790478c62835aaae0006,0.037704452943379194,0.0041747527507048875,0.033733960682381714,0.055150798865112635,0.07221295569992531,0.04526828768771236,0.02749162479455301,0.5934391909810213,0.007653604260760228,0.019943773166069757,0.02700005920524162,0.016770951916125713,0.022573736849049855
W7a583d6765fed99a0000,0.08514702500105546,0.0028524459342050804,0.023136386175197105,0.014986158390160176,0.023238918966694357,0.00756991378178367,0.012188525711501736,0.0362829071123231,0.3461546613921755,0.1587974651332192,0.18008797424785727,0.023642066475558124,0.020108574711399835
W7a583d6765fed99a0001,0.08514702500105546,0.0028524459342050804,0.023136386175197105,0.014986158390160176,0.023238918966694357,0.00756991378178367,0.012188525711501736,0.0362829071123231,0.3461546613921755,0.1587974651332192,0.18008797424785727,0.023642066475558124,0.020108574711399835
W7a583d6765fed99a0002,0.08514702500105546,0.0028524459342050804,0.023136386175197105,0.014986158390160176,0.023238918966694357,0.00756991378178367,0.012188525711501736,0.0362829071123231,0.3461546613921755,0.1587974651332192,0.18008797424785727,0.023642066475558124,0.020108574711399835
W7a583d6765fed99a0003,0.08514702500105546,0.0028524459342050804,0.023136386175197105,0.014986158390160176,0.023238918966694357,0.00756991378178367,0.012188525711501736,0.0362829071123231,0.3461546613921755,0.1587974651332192,0.18008797424785727,0.023642066475558124,0.020108574711399835
W7a583d6765fed99a0004,0.08514702500105546,0.0028524459342050804,0.023136386175197105,0.014986158390160176,0.023238918966694357,0.00756991378178367,0.012188525711501736,0.0362829071123231,0.3461546613921755,0.1587974651332192,0.18008797424785727,0.023642066475558124,0.020108574711399835
W7a583d6765fed99a0005,0.08514702500105546,0.0028524459342050804,0.023136386175197105,0.014986158390160176,0.023238918966694357,0.00756991378178367,0.012188525711501736,0.0362829071123231,0.3461546613921755,0.1587974651332192,0.18008797424785727,0.023642066475558124,0.020108574711399835
W7a583d6765fed99a0006,0.08514702500105546,0.0028524459342050804,0.023136386175197105,0.014986158390160176,0.023238918966694357,0.00756991378178367,0.012188525711501736,0.0362829071123231,0.3461546613921755,0.1587974651332192,0.18008797424785727,0.023642066475558124,0.020108574711399835
W7aebe5708c8c9c110000,0.010172286254262733,0.0071365115034915,0.18639059457375237,0.2265425016357721,0.10559568823983516,0.02286485980588787,0.09417712579206167,0.037464273877699544,0.008830882277026742,0.08595307934084315,0.025679908660321986,0.02028034722574957,0.021848490250216304
W7aebe5708c8c9c110001,0.010172286254262733,0.0071365115034915,0.18639059457375237,0.2265425016357721,0.10559568823983516,0.02286485980588787,0.09417712579206167,0.037464273877699544,0.008830882277026742,0.08595307934084315,0.025679908660321986,0.02028034722574957,0.021848490250216304
W7aebe5708c8c9c110002,0.010172286254262733,0.0071365115034915,0.18639059457375237,0.2265425016357721,0.10559568823983516,0.02286485980588787,0.09417712579206167,0.037464273877699544,0.008830882277026742,0.08595307934084315,0.025679908660321986,0.02028034722574957,0.021848490250216304
W7aebe5708c8c9c110003,0.010172286254262733,0.0071365115034915,0.18639059457375237,0.2265425016357721,0.10559568823983516,0.02286485980588787,0.09417712579206167,0.037464273877699544,0.008830882277026742,0.08595307934084315,0.025679908660321986,0.02028034722574957,0.021848490250216304
W7aebe5708c8c9c110004,0.010172286254262733,0.0071365115034915,0.18639059457375237,0.2265425016357721,0.10559568823983516,0.02286485980588787,0.09417712579206167,0.037464273877699544,0.008830882277026742,0.08595307934084315,0.025679908660321986,0.02028034722574957,0.021848490250216304
W7aebe5708c8c9c110005,0.010172286254262733,0.0071365115034915,0.18639059457375237,0.2265425016357721,0.10559568823983516,0.02286485980588787,0.09417712579206167,0.037464273877699544,0.008830882277026742,0.08595307934084315,0.025679908660321986,0.02028034722574957,0.021848490250216304
W7aebe5708c8c9c110006,0.010172286254262733,0.0071365115034915,0.18639059457375237,0.2265425016357721,0.10559568823983516,0.02286485980588787,0.09417712579206167,0.037464273877699544,0.008830882277026742,0.08595307934084315,0.025679908660321986,0.02028034722574957,0.021848490250216304
W7c0ec7abab1d4b1b0000,0.037566798047412864,0.002243673917986001,0.11249668671141652,0.1399981463951093,0.45413861292524565,0.07673951942899129,0.010427693033395862,0.033245227636142884,0.01269892638675982,0.03379033958378846,0.01660547003468806,0.023592446040560947,0.01150239619064467
W7c0ec7abab1d4b1b0001,0.037566798047412864,0.002243673917986001,0.11249668671141652,0.1399981463951093,0.45413861292524565,0.07673951942899129,0.010427693033395862,0.033245227636142884,0.01269892638675982,0.03379033958378846,0.01660547003468806,0.023592446040560947,0.01150239619064467
W7c0ec7abab1d4b1b0002,0.037566798047412864,0.002243673917986001,0.11249668671141652,0.1399981463951093,0.45413861292524565,0.07673951942899129,0.010427693033395862,0.033245227636142884,0.01269892638675982,0.03379033958378846,0.01660547003468806,0.023592446040560947,0.01150239619064467
W7c0ec7abab1d4b1b0003,0.037566798047412864,0.002243673917986001,0.11249668671141652,0.1399981463951093,0.45413861292524565,0.07673951942899129,0.010427693033395862,0.033245227636142884,0.01269892638675982,0.03379033958378846,0.01660547003468806,0.023592446040560947,0.01150239619064467
W7c0ec7abab1d4b1b0004,0.037566798047412864,0.002243673917986001,0.11249668671141652,0.1399981463951093,0.45413861292524565,0.07673951942899129,0.010427693033395862,0.033245227636142884,0.01269892638675982,0.03379033958378846,0.01660547003468806,0.023592446040560947,0.01150239619064467
W7c0ec7abab1d4b1b0005,0.037566798047412864,0.002243673917986001,0.11249668671141652,0.1399981463951093,0.45413861292524565,0.07673951942899129,0.010427693033395862,0.033245227636142884,0.01269892638675982,0.03379033958378846,0.01660547003468806,0.023592446040560947,0.01150239619064467
W7c0ec7abab1d4b1b0006,0.037566798047412864,0.002243673917986001,0.11249668671141652,0.1399981463951093,0.45413861292524565,0.07673951942899129,0.010427693033395862,0.033245227636142884,0.01269892638675982,0.03379033958378846,0.01660547003468806,0.023592446040560947,0.01150239619064467
W7db60bf6517a53a60000,0.02292880945539292,0.6066923325193562,0.02046125916540101,0.007491790604661727,0.022708770677097475,0.017074829115777655,0.02306543528944184,0.03922721129952127,0.10745417116363555,0.013980088564109051,0.07325340559771669,0.004837022378278124,0.008331254310324483
W7db60bf6517a53a60001,0.02292880945539292,0.6066923325193562,0.02046125916540101,0.007491790604661727,0.022708770677097475,0.017074829115777655,0.02306543528944184,0.03922721129952127,0.10745417116363555,0.013980088564109051,0.07325340559771669,0.004837022378278124,0.008331254310324483
W7db60bf6517a53a60002,0.02292880945539292,0.6066923325193562,0.02046125916540101,0.007491790604661727,0.022708770677097475,0.017074829115777655,0.02306543528944184,0.03922721129952127,0.10745417116363555,0.013980088564109051,0.07325340559771669,0.004837022378278124,0.008331254310324483
W7db60bf6517a53a60003,0.02292880945539292,0.6066923325193562,0.02046125916540101,0.007491790604661727,0.022708770677097475,0.017074829115777655,0.02306543528944184,0.03922721129952127,0.10745417116363555,0.013980088564109051,0.07325340559771669,0.004837022378278124,0.008331254310324483
W7db60bf6517a53a60004,0.02292880945539292,0.6066923325193562,0.02046125916540101,0.007491790604661727,0.022708770677097475,0.017074829115777655,0.02306543528944184,0.03922721129952127,0.10745417116363555,0.013980088564109051,0.07325340559771669,0.004837022378278124,0.008331254310324483
W7db60bf6517a53a60005,0.02292880945539292,0.6066923325193562,0.02046125916540101,0.007491790604661727,0.022708770677097475,0.017074829115777655,0.02306543528944184,0.03922721129952127,0.10745417116363555,0.013980088564109051,0.07325340559771669,0.004837022378278124,0.008331254310324483
W7db60bf6517a53a60006,0.02292880945539292,0.6066923325193562,0.02046125916540101,0.007491790604661727,0.022708770677097475,0.017074829115777655,0.02306543528944184,0.03922721129952127,0.10745417116363555,0.013980088564109051,0.07325340559771669,0.004837022378278124,0.008331254310324483
W7e5726e04f4f70af0000,0.018409024794019117,0.0026675321709322946,0.13999677541888622,0.08895763532565563,0.25558136083498895,0.1534682345396029,0.037319456584547425,0.04020154283145763,0.0035023614792124716,0.009272729537238877,0.007830958849432627,0.214684974544378,0.010199863170067065
W7e5726e04f4f70af0001,0.018409024794019117,0.0026675321709322946,0.13999677541888622,0.08895763532565563,0.25558136083498895,0.1534682345396029,0.037319456584547425,0.04020154283145763,0.0035023614792124716,0.009272729537238877,0.007830958849432627,0.214684974544378,0.010199863170067065
W7e5726e04f4f70af0002,0.018409024794019117,0.0026675321709322946,0.13999677541888622,0.08895763532565563,0.25558136083498895,0.1534682345396029,0.037319456584547425,0.04020154283145763,0.0035023614792124716,0.009272729537238877,0.007830958849432627,0.214684974544378,0.010199863170067065
W7e5726e04f4f70af0003,0.018409024794019117,0.0026675321709322946,0.13999677541888622,0.08895763532565563,0.25558136083498895,0.1534682345396029,0.037319456584547425,0.04020154283145763,0.0035023614792124716,0.009272729537238877,0.007830958849432627,0.214684974544378,0.010199863170067065
W7e5726e04f4f70af0004,0.018409024794019117,0.0026675321709322946,0.13999677541888622,0.08895763532565563,0.25558136083498895,0.1534682345396029,0.037319456584547425,0.04020154283145763,0.0035023614792124716,0.009272729537238877,0.007830958849432627,0.214684974544378,0.010199863170067065
W7e5726e04f4f70af0005,0.018409024794019117,0.0026675321709322946,0.13999677541888622,0.08895763532565563,0.25558136083498895,0.1534682345396029,0.037319456584547425,0.04020154283145763,0.0035023614792124716,0.009272729537238877,0.007830958849432627,0.214684974544378,0.010199863170067065
W7e5726e04f4f70af0006,0.018409024794019117,0.0026675321709322946,0.13999677541888622,0.08895763532565563,0.25558136083498895,0.1534682345396029,0.037319456584547425,0.04020154283145763,0.0035023614792124716,0.009272729537238877,0.007830958849432627,0.214684974544378,0.010199863170067065
W7e86cb0d38c2eb570000,0.7778356745650837,0.005176713737865529,0.034315721723095056,0.024014744703784847,0.03699689521333486,0.015704953446606905,0.008945230432670717,0.006822969858020508,0.007995765923927502,0.015226831740644818,0.012861402985506523,0.011709548453083482,0.010337372676756626
W7e86cb0d38c2eb570001,0.7778356745650837,0.005176713737865529,0.034315721723095056,0.024014744703784847,0.03699689521333486,0.015704953446606905,0.008945230432670717,0.006822969858020508,0.007995765923927502,0.015226831740644818,0.012861402985506523,0.011709548453083482,0.010337372676756626
W7e86cb0d38c2eb570002,0.7778356745650837,0.005176713737865529,0.034315721723095056,0.024014744703784847,0.03699689521333486,0.015704953446606905,0.008945230432670717,0.006822969858020508,0.007995765923927502,0.015226831740644818,0.012861402985506523,0.011709548453083482,0.010337372676756626
W7e86cb0d38c2eb570003,0.7778356745650837,0.005176713737865529,0.034315721723095056,0.024014744703784847,0.03699689521333486,0.015704953446606905,0.008945230432670717,0.006822969858020508,0.007995765923927502,0.015226831740644818,0.012861402985506523,0.011709548453083482,0.010337372676756626
W7e86cb0d38c2eb570004,0.7778356745650837,0.005176713737865529,0.034315721723095056,0.024014744703784847,0.03699689521333486,0.015704953446606905,0.008945230432670717,0.006822969858020508,0.007995765923927502,0.015226831740644818,0.012861402985506523,0.011709548453083482,0.010337372676756626
W7e86cb0d38c2eb570005,0.7778356745650837,0.005176713737865529,0.034315721723095056,0.024014744703784847,0.03699689521333486,0.015704953446606905,0.008945230432670717,0.006822969858020508,0.007995765923927502,0.015226831740644818,0.012861402985506523,0.011709548453083482,0.010337372676756626
W7e86cb0d38c2eb570006,0.7778356745650837,0.005176713737865529,0.034315721723095056,0.024014744703784847,0.03699689521333486,0.015704953446606905,0.008945230432670717,0.006822969858020508,0.007995765923927502,0.015226831740644818,0.012861402985506523,0.011709548453083482,0.010337372676756626
W7f4d678f74ce885e0000,0.05097194595925852,0.006864013753241421,0.13636197225330732,0.05436830985031245,0.034841352355815675,0.048339387418127044,0.021817054535089853,0.015450815111917926,0.012935978787374803,0.1995172784781923,0.05097174376563606,0.007321967097411516,0.03688732584311919
W7f4d678f74ce885e0001,0.05097194595925852,0.006864013753241421,0.13636197225330732,0.05436830985031245,0.034841352355815675,0.048339387418127044,0.021817054535089853,0.015450815111917926,0.012935978787374803,0.1995172784781923,0.05097174376563606,0.007321967097411516,0.03688732584311919
W7f4d678f74ce885e0002,0.05097194595925852,0.006864013753241421,0.13636197225330732,0.05436830985031245,0.034841352355815675,0.048339387418127044,0.021817054535089853,0.015450815111917926,0.012935978787374803,0.1995172784781923,0.05097174376563606,0.007321967097411516,0.03688732584311919
W7f4d678f74ce885e0003,0.05097194595925852,0.006864013753241421,0.13636197225330732,0.05436830985031245,0.034841352355815675,0.048339387418127044,0.021817054535089853,0.015450815111917926,0.012935978787374803,0.1995172784781923,0.05097174376563606,0.007321967097411516,0.03688732584311919
W7f4d678f74ce885e0004,0.05097194595925852,0.006864013753241421,0.13636197225330732,0.05436830985031245,0.034841352355815675,0.048339387418127044,0.021817054535089853,0.015450815111917926,0.012935978787374803,0.1995172784781923,0.05097174376563606,0.007321967097411516,0.03688732584311919
W7f4d678f74ce885e0005,0.05097194595925852,0.006864013753241421,0.13636197225330732,0.05436830985031245,0.034841352355815675,0.048339387418127044,0.021817054535089853,0.015450815111917926,0.012935978787374803,0.1995172784781923,0.05097174376563606,0.007321967097411516,0.03688732584311919
W7f4d678f74ce885e0006,0.05097194595925852,0.006864013753241421,0.13636197225330732,0.05436830985031245,0.034841352355815675,0.048339387418127044,0.021817054535089853,0.015450815111917926,0.012935978787374803,0.1995172784781923,0.05097174376563606,0.007321967097411516,0.03688732584311919
W7f6c80e36d4f87700000,0.8332800653172069,0.0019347237811788939,0.028500823508256997,0.03774979231248382,0.014859997933469855,0.028586153189236956,0.012736310821070936,0.00262476170194056,3.938382128189501e-05,0.006210754969570125,0.0016647870599817377,0.024086579652383797,0.005053774132439308
W7f6c80e36d4f87700001,0.8332800653172069,0.0019347237811788939,0.028500823508256997,0.03774979231248382,0.014859997933469855,0.028586153189236956,0.012736310821070936,0.00262476170194056,3.938382128189501e-05,0.006210754969570125,0.0016647870599817377,0.024086579652383797,0.005053774132439308
W7f6c80e36d4f87700002,0.8332800653172069,0.0019347237811788939,0.028500823508256997,0.03774979231248382,0.014859997933469855,0.028586153189236956,0.012736310821070936,0.00262476170194056,3.938382128189501e-05,0.006210754969570125,0.0016647870599817377,0.024086579652383797,0.005053774132439308
W7f6c80e36d4f87700003,0.8332800653172069,0.0019347237811788939,0.028500823508256997,0.03774979231248382,0.014859997933469855,0.028586153189236956,0.012736310821070936,0.00262476170194056,3.938382128189501e-05,0.006210754969570125,0.0016647870599817377,0.024086579652383797,0.005053774132439308
W7f6c80e36d4f87700004,0.8332800653172069,0.0019347237811788939,0.028500823508256997,0.03774979231248382,0.014859997933469855,0.028586153189236956,0.012736310821070936,0.00262476170194056,3.938382128189501e-05,0.006210754969570125,0.0016647870599817377,0.024086579652383797,0.005053774132439308
W7f6c80e36d4f87700005,0.8332800653172069,0.0019347237811788939,0.028500823508256997,0.03774979231248382,0.014859997933469855,0.028586153189236956,0.012736310821070936,0.00262476170194056,3.938382128189501e-05,0.006210754969570125,0.0016647870599817377,0.024086579652383797,0.005053774132439308
W7f6c80e36d4f87700006,0.8332800653172069,0.0019347237811788939,0.028500823508256997,0.03774979231248382,0.014859997933469855,0.028586153189236956,0.012736310821070936,0.00262476170194056,3.938382128189501e-05,0.006210754969570125,0.0016647870599817377,0.024086579652383797,0.005053774132439308
W803bfaffc17fce280000,0.0017640635837250273,0.0005453460107797512,0.012584078583434976,0.024419304185241294,0.006779004710646696,0.05456512381324387,0.001174627250489774,0.000689939960925116,0.0001540159517285217,0.00014352996407823886,0.00021909581304606894,0.8630142655356585,0.033669642345042675
W803bfaffc17fce280001,0.0017640635837250273,0.0005453460107797512,0.012584078583434976,0.024419304185241294,0.006779004710646696,0.05456512381324387,0.001174627250489774,0.000689939960925116,0.0001540159517285217,0.00014352996407823886,0.00021909581304606894,0.8630142655356585,0.033669642345042675
W803bfaffc17fce280002,0.0017640635837250273,0.0005453460107797512,0.012584078583434976,0.024419304185241294,0.006779004710646696,0.05456512381324387,0.001174627250489774,0.000689939960925116,0.0001540159517285217,0.00014352996407823886,0.00021909581304606894,0.8630142655356585,0.033669642345042675
W803bfaffc17fce280003,0.0017640635837250273,0.0005453460107797512,0.012584078583434976,0.024419304185241294,0.006779004710646696,0.05456512381324387,0.001174627250489774,0.000689939960925116,0.0001540159517285217,0.00014352996407823886,0.00021909581304606894,0.8630142655356585,0.033669642345042675
W803bfaffc17fce280004,0.0017640635837250273,0.0005453460107797512,0.012584078583434976,0.024419304185241294,0.006779004710646696,0.05456512381324387,0.001174627250489774,0.000689939960925116,0.0001540159517285217,0.00014352996407823886,0.00021909581304606894,0.8630142655356585,0.033669642345042675
W803bfaffc17fce280005,0.0017640635837250273,0.0005453460107797512,0.012584078583434976,0.024419304185241294,0.006779004710646696,0.05456512381324387,0.001174627250489774,0.000689939960925116,0.0001540159517285217,0.00014352996407823886,0.00021909581304606894,0.8630142655356585,0.033669642345042675
W803bfaffc17fce280006,0.0017640635837250273,0.0005453460107797512,0.012584078583434976,0.024419304185241294,0.006779004710646696,0.05456512381324387,0.001174627250489774,0.000689939960925116,0.0001540159517285217,0.00014352996407823886,0.00021909581304606894,0.8630142655356585,0.033669642345042675
W832bb66842a232d80000,0.015941371710911135,0.0013604148562444808,0.05796779448445041,0.11358712099097358,0.1079742708589429,0.5645708828155579,0.025789895905164593,0.008055188458561994,0.0034675146203500063,0.018152731548708407,0.010742812238229165,0.03506172266466945,0.015383402753780036
W832bb66842a232d80001,0.015941371710911135,0.0013604148562444808,0.05796779448445041,0.11358712099097358,0.1079742708589429,0.5645708828155579,0.025789895905164593,0.008055188458561994,0.0034675146203500063,0.018152731548708407,0.010742812238229165,0.03506172266466945,0.015383402753780036
W832bb66842a232d80002,0.015941371710911135,0.0013604148562444808,0.05796779448445041,0.11358712099097358,0.1079742708589429,0.5645708828155579,0.025789895905164593,0.008055188458561994,0.0034675146203500063,0.018152731548708407,0.010742812238229165,0.03506172266466945,0.015383402753780036
W832bb66842a232d80003,0.015941371710911135,0.0013604148562444808,0.05796779448445041,0.11358712099097358,0.1079742708589429,0.5645708828155579,0.025789895905164593,0.008055188458561994,0.0034675146203500063,0.018152731548708407,0.010742812238229165,0.03506172266466945,0.015383402753780036
W832bb66842a232d80004,0.015941371710911135,0.0013604148562444808,0.05796779448445041,0.11358712099097358,0.1079742708589429,0.5645708828155579,0.025789895905164593,0.008055188458561994,0.0034675146203500063,0.018152731548708407,0.010742812238229165,0.03506172266466945,0.015383402753780036
W832bb66842a232d80005,0.015941371710911135,0.0013604148562444808,0.05796779448445041,0.11358712099097358,0.1079742708589429,0.5645708828155579,0.025789895905164593,0.008055188458561994,0.0034675146203500063,0.018152731548708407,0.010742812238229165,0.03506172266466945,0.015383402753780036
W832bb66842a232d80006,0.015941371710911135,0.0013604148562444808,0.05796779448445041,0.11358712099097358,0.1079742708589429,0.5645708828155579,0.025789895905164593,0.008055188458561994,0.0034675146203500063,0.018152731548708407,0.010742812238229165,0.03506172266466945,0.015383402753780036
W846e69bda91827c60000,0.01848799194790344,0.0038561227243405086,0.3021956955377786,0.07527428811987033,0.21029921068223248,0.07714519571741005,0.020215761310215685,0.04557710918347868,0.005140026139846678,0.011547607347878235,0.011784356367883785,0.18535206880812274,0.010816214220802839
W846e69bda91827c60001,0.01848799194790344,0.0038561227243405086,0.3021956955377786,0.07527428811987033,0.21029921068223248,0.07714519571741005,0.020215761310215685,0.04557710918347868,0.005140026139846678,0.011547607347878235,0.011784356367883785,0.18535206880812274,0.010816214220802839
W846e69bda91827c60002,0.01848799194790344,0.0038561227243405086,0.3021956955377786,0.07527428811987033,0.21029921068223248,0.07714519571741005,0.020215761310215685,0.04557710918347868,0.005140026139846678,0.011547607347878235,0.011784356367883785,0.18535206880812274,0.010816214220802839
W846e69bda91827c60003,0.01848799194790344,0.0038561227243405086,0.3021956955377786,0.07527428811987033,0.21029921068223248,0.07714519571741005,0.020215761310215685,0.04557710918347868,0.005140026139846678,0.011547607347878235,0.011784356367883785,0.18535206880812274,0.010816214220802839
W846e69bda91827c60004,0.01848799194790344,0.0038561227243405086,0.3021956955377786,0.07527428811987033,0.21029921068223248,0.07714519571741005,0.020215761310215685,0.04557710918347868,0.005140026139846678,0.011547607347878235,0.011784356367883785,0.18535206880812274,0.010816214220802839
W846e69bda91827c60005,0.01848799194790344,0.0038561227243405086,0.3021956955377786,0.07527428811987033,0.21029921068223248,0.07714519571741005,0.020215761310215685,0.04557710918347868,0.005140026139846678,0.011547607347878235,0.011784356367883785,0.18535206880812274,0.010816214220802839
W846e69bda91827c60006,0.01848799194790344,0.0038561227243405086,0.3021956955377786,0.07527428811987033,0.21029921068223248,0.07714519571741005,0.020215761310215685,0.04557710918347868,0.005140026139846678,0.011547607347878235,0.011784356367883785,0.18535206880812274,0.010816214220802839
W85284b0ed100de9d0000,0.8078250576922225,0.004057338659938177,0.012345948629901038,0.007176926685440144,0.034669881526263865,0.011427973917981211,0.004864325647120477,0.0375997562548684,0.005422299416081864,0.023784400419955977,0.0055110589746486475,0.009650121958053787,0.020737200547178827
W85284b0ed100de9d0001,0.8078250576922225,0.004057338659938177,0.012345948629901038,0.007176926685440144,0.034669881526263865,0.011427973917981211,0.004864325647120477,0.0375997562548684,0.005422299416081864,0.023784400419955977,0.0055110589746486475,0.009650121958053787,0.020737200547178827
W85284b0ed100de9d0002,0.8078250576922225,0.004057338659938177,0.012345948629901038,0.007176926685440144,0.034669881526263865,0.011427973917981211,0.004864325647120477,0.0375997562548684,0.005422299416081864,0.023784400419955977,0.0055110589746486475,0.009650121958053787,0.020737200547178827
W85284b0ed100de9d0003,0.8078250576922225,0.004057338659938177,0.012345948629901038,0.007176926685440144,0.034669881526263865,0.011427973917981211,0.004864325647120477,0.0375997562548684,0.005422299416081864,0.023784400419955977,0.0055110589746486475,0.009650121958053787,0.020737200547178827
W85284b0ed100de9d0004,0.8078250576922225,0.004057338659938177,0.012345948629901038,0.007176926685440144,0.034669881526263865,0.011427973917981211,0.004864325647120477,0.0375997562548684,0.005422299416081864,0.023784400419955977,0.0055110589746486475,0.009650121958053787,0.020737200547178827
W85284b0ed100de9d0005,0.8078250576922225,0.004057338659938177,0.012345948629901038,0.007176926685440144,0.034669881526263865,0.011427973917981211,0.004864325647120477,0.0375997562548684,0.005422299416081864,0.023784400419955977,0.0055110589746486475,0.009650121958053787,0.020737200547178827
W85284b0ed100de9d0006,0.8078250576922225,0.004057338659938177,0.012345948629901038,0.007176926685440144,0.034669881526263865,0.011427973917981211,0.004864325647120477,0.0375997562548684,0.005422299416081864,0.023784400419955977,0.0055110589746486475,0.009650121958053787,0.020737200547178827
W8660945c824e57580000,0.020505697935261368,0.005673864449952271,0.7490375962573481,0.04226249970615748,0.03855742858769164,0.02468084126878227,0.03511058042166535,0.0036639047277336628,0.0060165821518874734,0.004600913852124219,0.003610806977685563,0.02272721947413572,0.010551485252143422
W8660945c824e57580001,0.020505697935261368,0.005673864449952271,0.7490375962573481,0.04226249970615748,0.03855742858769164,0.02468084126878227,0.03511058042166535,0.0036639047277336628,0.0060165821518874734,0.004600913852124219,0.003610806977685563,0.02272721947413572,0.010551485252143422
W8660945c824e57580002,0.020505697935261368,0.005673864449952271,0.7490375962573481,0.04226249970615748,0.03855742858769164,0.02468084126878227,0.03511058042166535,0.0036639047277336628,0.0060165821518874734,0.004600913852124219,0.003610806977685563,0.02272721947413572,0.010551485252143422
W8660945c824e57580003,0.020505697935261368,0.005673864449952271,0.7490375962573481,0.04226249970615748,0.03855742858769164,0.02468084126878227,0.03511058042166535,0.0036639047277336628,0.0060165821518874734,0.004600913852124219,0.003610806977685563,0.02272721947413572,0.010551485252143422
W8660945c824e57580004,0.020505697935261368,0.005673864449952271,0.7490375962573481,0.04226249970615748,0.03855742858769164,0.02468084126878227,0.03511058042166535,0.0036639047277336628,0.0060165821518874734,0.004600913852124219,0.003610806977685563,0.02272721947413572,0.010551485252143422
W8660945c824e57580005,0.020505697935261368,0.005673864449952271,0.7490375962573481,0.04226249970615748,0.03855742858769164,0.02468084126878227,0.03511058042166535,0.0036639047277336628,0.0060165821518874734,0.004600913852124219,0.003610806977685563,0.02272721947413572,0.010551485252143422
W8660945c824e57580006,0.020505697935261368,0.005673864449952271,0.7490375962573481,0.04226249970615748,0.03855742858769164,0.02468084126878227,0.03511058042166535,0.0036639047277336628,0.0060165821518874734,0.004600913852124219,0.003610806977685563,0.02272721947413572,0.010551485252143422
W86ffa78453432ead0000,0.0037703104102503903,5.6232491720383974e-05,0.010779397968136187,0.005112167488332134,0.010249018760411217,0.22675593114322545,0.003973210625503337,0.015044746634830661,5.851420222485998e-05,0.00031352163523633357,0.001112450467332551,0.7182127623455827,0.002430025095577577
W86ffa78453432ead0001,0.0037703104102503903,5.6232491720383974e-05,0.010779397968136187,0.005112167488332134,0.010249018760411217,0.22675593114322545,0.003973210625503337,0.015044746634830661,5.851420222485998e-05,0.00031352163523633357,0.001112450467332551,0.7182127623455827,0.002430025095577577
W86ffa78453432ead0002,0.0037703104102503903,5.6232491720383974e-05,0.010779397968136187,0.005112167488332134,0.010249018760411217,0.22675593114322545,0.003973210625503337,0.015044746634830661,5.851420222485998e-05,0.00031352163523633357,0.001112450467332551,0.7182127623455827,0.002430025095577577
W86ffa78453432ead0003,0.0037703104102503903,5.6232491720383974e-05,0.010779397968136187,0.005112167488332134,0.010249018760411217,0.22675593114322545,0.003973210625503337,0.015044746634830661,5.851420222485998e-05,0.00031352163523633357,0.001112450467332551,0.7182127623455827,0.002430025095577577
W86ffa78453432ead0004,0.0037703104102503903,5.6232491720383974e-05,0.010779397968136187,0.005112167488332134,0.010249018760411217,0.22675593114322545,0.003973210625503337,0.015044746634830661,5.851420222485998e-05,0.00031352163523633357,0.001112450467332551,0.7182127623455827,0.002430025095577577
W86ffa78453432ead0005,0.0037703104102503903,5.6232491720383974e-05,0.010779397968136187,0.005112167488332134,0.010249018760411217,0.22675593114322545,0.003973210625503337,0.015044746634830661,5.851420222485998e-05,0.00031352163523633357,0.001112450467332551,0.7182127623455827,0.002430025095577577
W86ffa78453432ead0006,0.0037703104102503903,5.6232491720383974e-05,0.010779397968136187,0.005112167488332134,0.010249018760411217,0.22675593114322545,0.003973210625503337,0.015044746634830661,5.851420222485998e-05,0.00031352163523633357,0.001112450467332551,0.7182127623455827,0.002430025095577577
W87d770d630701d350000,0.05301607904215705,0.08547474015111327,0.07228645512393532,0.06313218247959547,0.41814707911627497,0.04084759951548896,0.04405904490105126,0.017732359034194855,0.010439084684674988,0.026018919884756436,0.01657560329304749,0.09733649402798734,0.018565269682443895
W87d770d630701d350001,0.05301607904215705,0.08547474015111327,0.07228645512393532,0.06313218247959547,0.41814707911627497,0.04084759951548896,0.04405904490105126,0.017732359034194855,0.010439084684674988,0.026018919884756436,0.01657560329304749,0.09733649402798734,0.018565269682443895
W87d770d630701d350002,0.05301607904215705,0.08547474015111327,0.07228645512393532,0.06313218247959547,0.41814707911627497,0.04084759951548896,0.04405904490105126,0.017732359034194855,0.010439084684674988,0.026018919884756436,0.01657560329304749,0.09733649402798734,0.018565269682443895
W87d770d630701d350003,0.05301607904215705,0.08547474015111327,0.07228645512393532,0.06313218247959547,0.41814707911627497,0.04084759951548896,0.04405904490105126,0.017732359034194855,0.010439084684674988,0.026018919884756436,0.01657560329304749,0.09733649402798734,0.018565269682443895
W87d770d630701d350004,0.05301607904215705,0.08547474015111327,0.07228645512393532,0.06313218247959547,0.41814707911627497,0.04084759951548896,0.04405904490105126,0.017732359034194855,0.010439084684674988,0.026018919884756436,0.01657560329304749,0.09733649402798734,0.018565269682443895
W87d770d630701d350005,0.05301607904215705,0.08547474015111327,0.07228645512393532,0.06313218247959547,0.41814707911627497,0.04084759951548896,0.04405904490105126,0.017732359034194855,0.010439084684674988,0.026018919884756436,0.01657560329304749,0.09733649402798734,0.018565269682443895
W87d770d630701d350006,0.05301607904215705,0.08547474015111327,0.07228645512393532,0.06313218247959547,0.41814707911627497,0.04084759951548896,0.04405904490105126,0.017732359034194855,0.010439084684674988,0.026018919884756436,0.01657560329304749,0.09733649402798734,0.018565269682443895
W88df56cdedc1c9f90000,0.0047455123715079185,0.0013939955514186604,0.08064425281356338,0.025697595188444958,0.024515733741703866,0.015859011676704563,0.0173338556717879,0.012645624976786155,0.014492236866180733,0.08456085351639975,0.03267475202661113,0.0018849419627884967,0.09540073338745281
W88df56cdedc1c9f90001,0.0047455123715079185,0.0013939955514186604,0.08064425281356338,0.025697595188444958,0.024515733741703866,0.015859011676704563,0.0173338556717879,0.012645624976786155,0.014492236866180733,0.08456085351639975,0.03267475202661113,0.0018849419627884967,0.09540073338745281
W88df56cdedc1c9f90002,0.0047455123715079185,0.0013939955514186604,0.08064425281356338,0.025697595188444958,0.024515733741703866,0.015859011676704563,0.0173338556717879,0.012645624976786155,0.014492236866180733,0.08456085351639975,0.03267475202661113,0.0018849419627884967,0.09540073338745281
W88df56cdedc1c9f90003,0.0047455123715079185,0.0013939955514186604,0.08064425281356338,0.025697595188444958,0.024515733741703866,0.015859011676704563,0.0173338556717879,0.012645624976786155,0.014492236866180733,0.08456085351639975,0.03267475202661113,0.0018849419627884967,0.09540073338745281
W88df56cdedc1c9f90004,0.0047455123715079185,0.0013939955514186604,0.08064425281356338,0.025697595188444958,0.024515733741703866,0.015859011676704563,0.0173338556717879,0.012645624976786155,0.014492236866180733,0.08456085351639975,0.03267475202661113,0.0018849419627884967,0.09540073338745281
W88df56cdedc1c9f90005,0.0047455123715079185,0.0013939955514186604,0.08064425281356338,0.025697595188444958,0.024515733741703866,0.015859011676704563,0.0173338556717879,0.012645624976786155,0.014492236866180733,0.08456085351639975,0.03267475202661113,0.0018849419627884967,0.09540073338745281
W88df56cdedc1c9f90006,0.0047455123715079185,0.0013939955514186604,0.08064425281356338,0.025697595188444958,0.024515733741703866,0.015859011676704563,0.0173338556717879,0.012645624976786155,0.014492236866180733,0.08456085351639975,0.03267475202661113,0.0018849419627884967,0.09540073338745281
W89dba8cf45fe1eac0000,0.01995226241247395,0.7543968716040593,0.01099391622086673,0.010412271800581267,0.010950093228608862,0.024163896641676716,0.11440227423159535,0.0013182908348163434,0.00038420137263175507,0.0028572104484885915,0.003498557442420728,0.030183954492972318,0.004997220242838514
W89dba8cf45fe1eac0001,0.01995226241247395,0.7543968716040593,0.01099391622086673,0.010412271800581267,0.010950093228608862,0.024163896641676716,0.11440227423159535,0.0013182908348163434,0.00038420137263175507,0.0028572104484885915,0.003498557442420728,0.030183954492972318,0.004997220242838514
W89dba8cf45fe1eac0002,0.01995226241247395,0.7543968716040593,0.01099391622086673,0.010412271800581267,0.010950093228608862,0.024163896641676716,0.11440227423159535,0.0013182908348163434,0.00038420137263175507,0.0028572104484885915,0.003498557442420728,0.030183954492972318,0.004997220242838514
W89dba8cf45fe1eac0003,0.01995226241247395,0.7543968716040593,0.01099391622086673,0.010412271800581267,0.010950093228608862,0.024163896641676716,0.11440227423159535,0.0013182908348163434,0.00038420137263175507,0.0028572104484885915,0.003498557442420728,0.030183954492972318,0.004997220242838514
W89dba8cf45fe1eac0004,0.01995226241247395,0.7543968716040593,0.01099391622086673,0.010412271800581267,0.010950093228608862,0.024163896641676716,0.11440227423159535,0.0013182908348163434,0.00038420137263175507,0.0028572104484885915,0.003498557442420728,0.030183954492972318,0.004997220242838514
W89dba8cf45fe1eac0005,0.01995226241247395,0.7543968716040593,0.01099391622086673,0.010412271800581267,0.010950093228608862,0.024163896641676716,0.11440227423159535,0.0013182908348163434,0.00038420137263175507,0.0028572104484885915,0.003498557442420728,0.030183954492972318,0.004997220242838514
W89dba8cf45fe1eac0006,0.01995226241247395,0.7543968716040593,0.01099391622086673,0.010412271800581267,0.010950093228608862,0.024163896641676716,0.11440227423159535,0.0013182908348163434,0.00038420137263175507,0.0028572104484885915,0.003498557442420728,0.030183954492972318,0.004997220242838514
W89f090125bfffe9d0000,0.007440502767103297,0.00429876886622585,0.03675678124053375,0.2682878447386947,0.17433033052536748,0.05291993677832671,0.015743039915760818,0.2409596185257831,0.010072205047175624,0.049944254255522555,0.023054957944587985,0.014896108204889196,0.024203268363708424
W89f090125bfffe9d0001,0.007440502767103297,0.00429876886622585,0.03675678124053375,0.2682878447386947,0.17433033052536748,0.05291993677832671,0.015743039915760818,0.2409596185257831,0.010072205047175624,0.049944254255522555,0.023054957944587985,0.014896108204889196,0.024203268363708424
W89f090125bfffe9d0002,0.007440502767103297,0.00429876886622585,0.03675678124053375,0.2682878447386947,0.17433033052536748,0.05291993677832671,0.015743039915760818,0.2409596185257831,0.010072205047175624,0.049944254255522555,0.023054957944587985,0.014896108204889196,0.024203268363708424
W89f090125bfffe9d0003,0.007440502767103297,0.00429876886622585,0.03675678124053375,0.2682878447386947,0.17433033052536748,0.05291993677832671,0.015743039915760818,0.2409596185257831,0.010072205047175624,0.049944254255522555,0.023054957944587985,0.014896108204889196,0.024203268363708424
W89f090125bfffe9d0004,0.007440502767103297,0.00429876886622585,0.03675678124053375,0.2682878447386947,0.17433033052536748,0.05291993677832671,0.015743039915760818,0.2409596185257831,0.010072205047175624,0.049944254255522555,0.023054957944587985,0.014896108204889196,0.024203268363708424
W89f090125bfffe9d0005,0.007440502767103297,0.00429876886622585,0.03675678124053375,0.2682878447386947,0.17433033052536748,0.05291993677832671,0.015743039915760818,0.2409596185257831,0.010072205047175624,0.049944254255522555,0.023054957944587985,0.014896108204889196,0.024203268363708424
W89f090125bfffe9d0006,0.007440502767103297,0.00429876886622585,0.03675678124053375,0.2682878447386947,0.17433033052536748,0.05291993677832671,0.015743039915760818,0.2409596185257831,0.010072205047175624,0.049944254255522555,0.023054957944587985,0.014896108204889196,0.024203268363708424
W8fdaa6f350b04e640000,0.001257024962607319,0.0009497409015620688,0.0033693813040234963,0.0011214762229890605,0.003934199467249442,0.06002085682367801,0.0007700858622132192,0.00025297386833096126,1.874170478773238e-05,1.9124268528062564e-05,0.0009287743954580003,0.9046333048097992,0.022674048691498683
W8fdaa6f350b04e640001,0.001257024962607319,0.0009497409015620688,0.0033693813040234963,0.0011214762229890605,0.003934199467249442,0.06002085682367801,0.0007700858622132192,0.00025297386833096126,1.874170478773238e-05,1.9124268528062564e-05,0.0009287743954580003,0.9046333048097992,0.022674048691498683
W8fdaa6f350b04e640002,0.001257024962607319,0.0009497409015620688,0.0033693813040234963,0.0011214762229890605,0.003934199467249442,0.06002085682367801,0.0007700858622132192,0.00025297386833096126,1.874170478773238e-05,1.9124268528062564e-05,0.0009287743954580003,0.9046333048097992,0.022674048691498683
W8fdaa6f350b04e640003,0.001257024962607319,0.0009497409015620688,0.0033693813040234963,0.0011214762229890605,0.003934199467249442,0.06002085682367801,0.0007700858622132192,0.00025297386833096126,1.874170478773238e-05,1.9124268528062564e-05,0.0009287743954580003,0.9046333048097992,0.022674048691498683
W8fdaa6f350b04e640004,0.001257024962607319,0.0009497409015620688,0.0033693813040234963,0.0011214762229890605,0.003934199467249442,0.06002085682367801,0.0007700858622132192,0.00025297386833096126,1.874170478773238e-05,1.9124268528062564e-05,0.0009287743954580003,0.9046333048097992,0.022674048691498683
W8fdaa6f350b04e640005,0.001257024962607319,0.0009497409015620688,0.0033693813040234963,0.0011214762229890605,0.003934199467249442,0.06002085682367801,0.0007700858622132192,0.00025297386833096126,1.874170478773238e-05,1.9124268528062564e-05,0.0009287743954580003,0.9046333048097992,0.022674048691498683
W8fdaa6f350b04e640006,0.001257024962607319,0.0009497409015620688,0.0033693813040234963,0.0011214762229890605,0.003934199467249442,0.06002085682367801,0.0007700858622132192,0.00025297386833096126,1.874170478773238e-05,1.9124268528062564e-05,0.0009287743954580003,0.9046333048097992,0.022674048691498683
W9167103c2a2f5c940000,0.004014900153110275,0.001953995370304733,0.02056356631117983,0.0205727306275598,0.022484000316159488,0.004254633199676723,0.0071210287262541356,0.0537376140966326,0.3537412143577177,0.014037000377256104,0.37644987576335526,0.0025520318898735804,0.042314155740671114
W9167103c2a2f5c940001,0.004014900153110275,0.001953995370304733,0.02056356631117983,0.0205727306275598,0.022484000316159488,0.004254633199676723,0.0071210287262541356,0.0537376140966326,0.3537412143577177,0.014037000377256104,0.37644987576335526,0.0025520318898735804,0.042314155740671114
W9167103c2a2f5c940002,0.004014900153110275,0.001953995370304733,0.02056356631117983,0.0205727306275598,0.022484000316159488,0.004254633199676723,0.0071210287262541356,0.0537376140966326,0.3537412143577177,0.014037000377256104,0.37644987576335526,0.0025520318898735804,0.042314155740671114
W9167103c2a2f5c940003,0.004014900153110275,0.001953995370304733,0.02056356631117983,0.0205727306275598,0.022484000316159488,0.004254633199676723,0.0071210287262541356,0.0537376140966326,0.3537412143577177,0.014037000377256104,0.37644987576335526,0.0025520318898735804,0.042314155740671114
W9167103c2a2f5c940004,0.004014900153110275,0.001953995370304733,0.02056356631117983,0.0205727306275598,0.022484000316159488,0.004254633199676723,0.0071210287262541356,0.0537376140966326,0.3537412143577177,0.014037000377256104,0.37644987576335526,0.0025520318898735804,0.042314155740671114
W9167103c2a2f5c940005,0.004014900153110275,0.001953995370304733,0.02056356631117983,0.0205727306275598,0.022484000316159488,0.004254633199676723,0.0071210287262541356,0.0537376140966326,0.3537412143577177,0.014037000377256104,0.37644987576335526,0.0025520318898735804,0.042314155740671114
W9167103c2a2f5c940006,0.004014900153110275,0.001953995370304733,0.02056356631117983,0.0205727306275598,0.022484000316159488,0.004254633199676723,0.0071210287262541356,0.0537376140966326,0.3537412143577177,0.014037000377256104,0.37644987576335526,0.0025520318898735804,0.042314155740671114
W91728f6dcf9532870000,0.006979076410001307,0.003975562142189586,0.14741913105404092,0.02712242997962362,0.02858040280769956,0.01936443187011627,0.03285605562494531,0.016280684333521592,0.023395980400518396,0.03184441044623576,0.03341406785971013,0.004198871192517037,0.12931422697388875
W91728f6dcf9532870001,0.006979076410001307,0.003975562142189586,0.14741913105404092,0.02712242997962362,0.02858040280769956,0.01936443187011627,0.03285605562494531,0.016280684333521592,0.023395980400518396,0.03184441044623576,0.03341406785971013,0.004198871192517037,0.12931422697388875
W91728f6dcf9532870002,0.006979076410001307,0.003975562142189586,0.14741913105404092,0.02712242997962362,0.02858040280769956,0.01936443187011627,0.03285605562494531,0.016280684333521592,0.023395980400518396,0.03184441044623576,0.03341406785971013,0.004198871192517037,0.12931422697388875
W91728f6dcf9532870003,0.006979076410001307,0.003975562142189586,0.14741913105404092,0.02712242997962362,0.02858040280769956,0.01936443187011627,0.03285605562494531,0.016280684333521592,0.023395980400518396,0.03184441044623576,0.03341406785971013,0.004198871192517037,0.12931422697388875
W91728f6dcf9532870004,0.006979076410001307,0.003975562142189586,0.14741913105404092,0.02712242997962362,0.02858040280769956,0.01936443187011627,0.03285605562494531,0.016280684333521592,0.023395980400518396,0.03184441044623576,0.03341406785971013,0.004198871192517037,0.12931422697388875
W91728f6dcf9532870005,0.006979076410001307,0.003975562142189586,0.14741913105404092,0.02712242997962362,0.02858040280769956,0.01936443187011627,0.03285605562494531,0.016280684333521592,0.023395980400518396,0.03184441044623576,0.03341406785971013,0.004198871192517037,0.12931422697388875
W91728f6dcf9532870006,0.006979076410001307,0.003975562142189586,0.14741913105404092,0.02712242997962362,0.02858040280769956,0.01936443187011627,0.03285605562494531,0.016280684333521592,0.023395980400518396,0.03184441044623576,0.03341406785971013,0.004198871192517037,0.12931422697388875
W933dee989fcf34660000,0.00860294288689763,0.0018330275665511026,0.435995680234454,0.13645254380927538,0.05214482826738706,0.04444120724028372,0.012128670997590891,0.16662449374658733,0.005380544615021547,0.042119738896230045,0.01926009576526965,0.012618329123896339,0.011490943146846054
W933dee989fcf34660001,0.00860294288689763,0.0018330275665511026,0.435995680234454,0.13645254380927538,0.05214482826738706,0.04444120724028372,0.012128670997590891,0.16662449374658733,0.005380544615021547,0.042119738896230045,0.01926009576526965,0.012618329123896339,0.011490943146846054
W933dee989fcf34660002,0.00860294288689763,0.0018330275665511026,0.435995680234454,0.13645254380927538,0.05214482826738706,0.04444120724028372,0.012128670997590891,0.16662449374658733,0.005380544615021547,0.042119738896230045,0.01926009576526965,0.012618329123896339,0.011490943146846054
W933dee989fcf34660003,0.00860294288689763,0.0018330275665511026,0.435995680234454,0.13645254380927538,0.05214482826738706,0.04444120724028372,0.012128670997590891,0.16662449374658733,0.005380544615021547,0.042119738896230045,0.01926009576526965,0.012618329123896339,0.011490943146846054
W933dee989fcf34660004,0.00860294288689763,0.0018330275665511026,0.435995680234454,0.13645254380927538,0.05214482826738706,0.04444120724028372,0.012128670997590891,0.16662449374658733,0.005380544615021547,0.042119738896230045,0.01926009576526965,0.012618329123896339,0.011490943146846054
W933dee989fcf34660005,0.00860294288689763,0.0018330275665511026,0.435995680234454,0.13645254380927538,0.05214482826738706,0.04444120724028372,0.012128670997590891,0.16662449374658733,0.005380544615021547,0.042119738896230045,0.01926009576526965,0.012618329123896339,0.011490943146846054
W933dee989fcf34660006,0.00860294288689763,0.0018330275665511026,0.435995680234454,0.13645254380927538,0.05214482826738706,0.04444120724028372,0.012128670997590891,0.16662449374658733,0.005380544615021547,0.042119738896230045,0.01926009576526965,0.012618329123896339,0.011490943146846054
W9344c87845ff6cef0000,0.007635663827668305,0.013333771508842768,0.022113625103879507,0.019370700365672927,0.025778108076823944,0.005237522174598169,0.02253587417817472,0.17006184093835724,0.0445393724992064,0.018320671553813544,0.4385857503818649,0.006929312437164873,0.08422032427117117
W9344c87845ff6cef0001,0.007635663827668305,0.013333771508842768,0.022113625103879507,0.019370700365672927,0.025778108076823944,0.005237522174598169,0.02253587417817472,0.17006184093835724,0.0445393724992064,0.018320671553813544,0.4385857503818649,0.006929312437164873,0.08422032427117117
W9344c87845ff6cef0002,0.007635663827668305,0.013333771508842768,0.022113625103879507,0.019370700365672927,0.025778108076823944,0.005237522174598169,0.02253587417817472,0.17006184093835724,0.0445393724992064,0.018320671553813544,0.4385857503818649,0.006929312437164873,0.08422032427117117
W9344c87845ff6cef0003,0.007635663827668305,0.013333771508842768,0.022113625103879507,0.019370700365672927,0.025778108076823944,0.005237522174598169,0.02253587417817472,0.17006184093835724,0.0445393724992064,0.018320671553813544,0.4385857503818649,0.006929312437164873,0.08422032427117117
W9344c87845ff6cef0004,0.007635663827668305,0.013333771508842768,0.022113625103879507,0.019370700365672927,0.025778108076823944,0.005237522174598169,0.02253587417817472,0.17006184093835724,0.0445393724992064,0.018320671553813544,0.4385857503818649,0.006929312437164873,0.08422032427117117
W9344c87845ff6cef0005,0.007635663827668305,0.013333771508842768,0.022113625103879507,0.019370700365672927,0.025778108076823944,0.005237522174598169,0.02253587417817472,0.17006184093835724,0.0445393724992064,0.018320671553813544,0.4385857503818649,0.006929312437164873,0.08422032427117117
W9344c87845ff6cef0006,0.007635663827668305,0.013333771508842768,0.022113625103879507,0.019370700365672927,0.025778108076823944,0.005237522174598169,0.02253587417817472,0.17006184093835724,0.0445393724992064,0.018320671553813544,0.4385857503818649,0.006929312437164873,0.08422032427117117
W934d536e0a4fa75e0000,0.0028369113041019265,0.012410361287957068,0.023475916800707545,0.008844058616908264,0.03788720813149085,0.007418877567873584,0.02035725215526795,0.013317188051752133,0.007994949576624636,0.02705135939674353,0.33912634551680493,0.006580350843557482,0.14339067185127813
W934d536e0a4fa75e0001,0.0028369113041019265,0.012410361287957068,0.023475916800707545,0.008844058616908264,0.03788720813149085,0.007418877567873584,0.02035725215526795,0.013317188051752133,0.007994949576624636,0.02705135939674353,0.33912634551680493,0.006580350843557482,0.14339067185127813
W934d536e0a4fa75e0002,0.0028369113041019265,0.012410361287957068,0.023475916800707545,0.008844058616908264,0.03788720813149085,0.007418877567873584,0.02035725215526795,0.013317188051752133,0.007994949576624636,0.02705135939674353,0.33912634551680493,0.006580350843557482,0.14339067185127813
W934d536e0a4fa75e0003,0.0028369113041019265,0.012410361287957068,0.023475916800707545,0.008844058616908264,0.03788720813149085,0.007418877567873584,0.02035725215526795,0.013317188051752133,0.007994949576624636,0.02705135939674353,0.33912634551680493,0.006580350843557482,0.14339067185127813
W934d536e0a4fa75e0004,0.0028369113041019265,0.012410361287957068,0.023475916800707545,0.008844058616908264,0.03788720813149085,0.007418877567873584,0.02035725215526795,0.013317188051752133,0.007994949576624636,0.02705135939674353,0.33912634551680493,0.006580350843557482,0.14339067185127813
W934d536e0a4fa75e0005,0.0028369113041019265,0.012410361287957068,0.023475916800707545,0.008844058616908264,0.03788720813149085,0.007418877567873584,0.02035725215526795,0.013317188051752133,0.007994949576624636,0.02705135939674353,0.33912634551680493,0.006580350843557482,0.14339067185127813
W934d536e0a4fa75e0006,0.0028369113041019265,0.012410361287957068,0.023475916800707545,0.008844058616908264,0.03788720813149085,0.007418877567873584,0.02035725215526795,0.013317188051752133,0.007994949576624636,0.02705135939674353,0.33912634551680493,0.006580350843557482,0.14339067185127813
W94816ea9aa4a7b080000,0.018302258893372045,0.00400942063512722,0.35428439832687497,0.16908602047323096,0.03467046059452038,0.09953365575560165,0.13091184882229634,0.009223946013866486,0.021642386070345392,0.012428878225484774,0.02880104922699871,0.03683950754663825,0.02187684742832004
W94816ea9aa4a7b080001,0.018302258893372045,0.00400942063512722,0.35428439832687497,0.16908602047323096,0.03467046059452038,0.09953365575560165,0.13091184882229634,0.009223946013866486,0.021642386070345392,0.012428878225484774,0.02880104922699871,0.03683950754663825,0.02187684742832004
W94816ea9aa4a7b080002,0.018302258893372045,0.00400942063512722,0.35428439832687497,0.16908602047323096,0.03467046059452038,0.09953365575560165,0.13091184882229634,0.009223946013866486,0.021642386070345392,0.012428878225484774,0.02880104922699871,0.03683950754663825,0.02187684742832004
W94816ea9aa4a7b080003,0.018302258893372045,0.00400942063512722,0.35428439832687497,0.16908602047323096,0.03467046059452038,0.09953365575560165,0.13091184882229634,0.009223946013866486,0.021642386070345392,0.012428878225484774,0.02880104922699871,0.03683950754663825,0.02187684742832004
W94816ea9aa4a7b080004,0.018302258893372045,0.00400942063512722,0.35428439832687497,0.16908602047323096,0.03467046059452038,0.09953365575560165,0.13091184882229634,0.009223946013866486,0.021642386070345392,0.012428878225484774,0.02880104922699871,0.03683950754663825,0.02187684742832004
W94816ea9aa4a7b080005,0.018302258893372045,0.00400942063512722,0.35428439832687497,0.16908602047323096,0.03467046059452038,0.09953365575560165,0.13091184882229634,0.009223946013866486,0.021642386070345392,0.012428878225484774,0.02880104922699871,0.03683950754663825,0.02187684742832004
W94816ea9aa4a7b080006,0.018302258893372045,0.00400942063512722,0.35428439832687497,0.16908602047323096,0.03467046059452038,0.09953365575560165,0.13091184882229634,0.009223946013866486,0.021642386070345392,0.012428878225484774,0.02880104922699871,0.03683950754663825,0.02187684742832004
W95f1ffc10b00a1510000,0.0065868534832206225,0.002674270447255307,0.08451299637183599,0.028119355819814187,0.021820003018840982,0.020259081279850568,0.01833355187503245,0.02824524232358522,0.017821158194307574,0.05531763498401476,0.036785504578364325,0.003956805236416606,0.06496117917816151
W95f1ffc10b00a1510001,0.0065868534832206225,0.002674270447255307,0.08451299637183599,0.028119355819814187,0.021820003018840982,0.020259081279850568,0.01833355187503245,0.02824524232358522,0.017821158194307574,0.05531763498401476,0.036785504578364325,0.003956805236416606,0.06496117917816151
W95f1ffc10b00a1510002,0.0065868534832206225,0.002674270447255307,0.08451299637183599,0.028119355819814187,0.021820003018840982,0.020259081279850568,0.01833355187503245,0.02824524232358522,0.017821158194307574,0.05531763498401476,0.036785504578364325,0.003956805236416606,0.06496117917816151
W95f1ffc10b00a1510003,0.0065868534832206225,0.002674270447255307,0.08451299637183599,0.028119355819814187,0.021820003018840982,0.020259081279850568,0.01833355187503245,0.02824524232358522,0.017821158194307574,0.05531763498401476,0.036785504578364325,0.003956805236416606,0.06496117917816151
W95f1ffc10b00a1510004,0.0065868534832206225,0.002674270447255307,0.08451299637183599,0.028119355819814187,0.021820003018840982,0.020259081279850568,0.01833355187503245,0.02824524232358522,0.017821158194307574,0.05531763498401476,0.036785504578364325,0.003956805236416606,0.06496117917816151
W95f1ffc10b00a1510005,0.0065868534832206225,0.002674270447255307,0.08451299637183599,0.028119355819814187,0.021820003018840982,0.020259081279850568,0.01833355187503245,0.02824524232358522,0.017821158194307574,0.05531763498401476,0.036785504578364325,0.003956805236416606,0.06496117917816151
W95f1ffc10b00a1510006,0.0065868534832206225,0.002674270447255307,0.08451299637183599,0.028119355819814187,0.021820003018840982,0.020259081279850568,0.01833355187503245,0.02824524232358522,0.017821158194307574,0.05531763498401476,0.036785504578364325,0.003956805236416606,0.06496117917816151
W97c45b19745b94df0000,0.008110998931752418,0.003023450720833305,0.044919344690823794,0.034305223400432995,0.05321856664392698,0.679810923316089,0.005540343689403125,0.0012187105612354357,0.00024148712605258284,0.006190980297828362,0.003362907809158183,0.1531582384940066,0.0019269184981969714
W97c45b19745b94df0001,0.008110998931752418,0.003023450720833305,0.044919344690823794,0.034305223400432995,0.05321856664392698,0.679810923316089,0.005540343689403125,0.0012187105612354357,0.00024148712605258284,0.006190980297828362,0.003362907809158183,0.1531582384940066,0.0019269184981969714
W97c45b19745b94df0002,0.008110998931752418,0.003023450720833305,0.044919344690823794,0.034305223400432995,0.05321856664392698,0.679810923316089,0.005540343689403125,0.0012187105612354357,0.00024148712605258284,0.006190980297828362,0.003362907809158183,0.1531582384940066,0.0019269184981969714
W97c45b19745b94df0003,0.008110998931752418,0.003023450720833305,0.044919344690823794,0.034305223400432995,0.05321856664392698,0.679810923316089,0.005540343689403125,0.0012187105612354357,0.00024148712605258284,0.006190980297828362,0.003362907809158183,0.1531582384940066,0.0019269184981969714
W97c45b19745b94df0004,0.008110998931752418,0.003023450720833305,0.044919344690823794,0.034305223400432995,0.05321856664392698,0.679810923316089,0.005540343689403125,0.0012187105612354357,0.00024148712605258284,0.006190980297828362,0.003362907809158183,0.1531582384940066,0.0019269184981969714
W97c45b19745b94df0005,0.008110998931752418,0.003023450720833305,0.044919344690823794,0.034305223400432995,0.05321856664392698,0.679810923316089,0.005540343689403125,0.0012187105612354357,0.00024148712605258284,0.006190980297828362,0.003362907809158183,0.1531582384940066,0.0019269184981969714
W97c45b19745b94df0006,0.008110998931752418,0.003023450720833305,0.044919344690823794,0.034305223400432995,0.05321856664392698,0.679810923316089,0.005540343689403125,0.0012187105612354357,0.00024148712605258284,0.006190980297828362,0.003362907809158183,0.1531582384940066,0.0019269184981969714
W98363a8dc28d4e7a0000,0.008471296502583653,0.938204397021964,0.005060675225524572,0.00277928715773804,0.005292302938352333,0.0016996821715846372,0.016963848480715665,0.0009665335381942727,0.0010364983943907033,0.00239226521920537,0.0032318904893302255,0.0038608743648663388,0.0015369937518280715
W98363a8dc28d4e7a0001,0.008471296502583653,0.938204397021964,0.005060675225524572,0.00277928715773804,0.005292302938352333,0.0016996821715846372,0.016963848480715665,0.0009665335381942727,0.0010364983943907033,0.00239226521920537,0.0032318904893302255,0.0038608743648663388,0.0015369937518280715
W98363a8dc28d4e7a0002,0.008471296502583653,0.938204397021964,0.005060675225524572,0.00277928715773804,0.005292302938352333,0.0016996821715846372,0.016963848480715665,0.0009665335381942727,0.0010364983943907033,0.00239226521920537,0.0032318904893302255,0.0038608743648663388,0.0015369937518280715
W98363a8dc28d4e7a0003,0.008471296502583653,0.938204397021964,0.005060675225524572,0.00277928715773804,0.005292302938352333,0.0016996821715846372,0.016963848480715665,0.0009665335381942727,0.0010364983943907033,0.00239226521920537,0.0032318904893302255,0.0038608743648663388,0.0015369937518280715
W98363a8dc28d4e7a0004,0.008471296502583653,0.938204397021964,0.005060675225524572,0.00277928715773804,0.005292302938352333,0.0016996821715846372,0.016963848480715665,0.0009665335381942727,0.0010364983943907033,0.00239226521920537,0.0032318904893302255,0.0038608743648663388,0.0015369937518280715
W98363a8dc28d4e7a0005,0.008471296502583653,0.938204397021964,0.005060675225524572,0.00277928715773804,0.005292302938352333,0.0016996821715846372,0.016963848480715665,0.0009665335381942727,0.0010364983943907033,0.00239226521920537,0.0032318904893302255,0.0038608743648663388,0.0015369937518280715
W98363a8dc28d4e7a0006,0.008471296502583653,0.938204397021964,0.005060675225524572,0.00277928715773804,0.005292302938352333,0.0016996821715846372,0.016963848480715665,0.0009665335381942727,0.0010364983943907033,0.00239226521920537,0.0032318904893302255,0.0038608743648663388,0.0015369937518280715
W996235ea48a904bf0000,0.010471275423823962,0.010108251468238847,0.30614502011369465,0.013732136685898772,0.03983148451811484,0.028741978481816453,0.017621067501032175,0.0375063394318012,0.061936102873355804,0.13970028172444063,0.03624465217227046,0.006159262765103278,0.194078459357333
W996235ea48a904bf0001,0.010471275423823962,0.010108251468238847,0.30614502011369465,0.013732136685898772,0.03983148451811484,0.028741978481816453,0.017621067501032175,0.0375063394318012,0.061936102873355804,0.13970028172444063,0.03624465217227046,0.006159262765103278,0.194078459357333
W996235ea48a904bf0002,0.010471275423823962,0.010108251468238847,0.30614502011369465,0.013732136685898772,0.03983148451811484,0.028741978481816453,0.017621067501032175,0.0375063394318012,0.061936102873355804,0.13970028172444063,0.03624465217227046,0.006159262765103278,0.194078459357333
W996235ea48a904bf0003,0.010471275423823962,0.010108251468238847,0.30614502011369465,0.013732136685898772,0.03983148451811484,0.028741978481816453,0.017621067501032175,0.0375063394318012,0.061936102873355804,0.13970028172444063,0.03624465217227046,0.006159262765103278,0.194078459357333
W996235ea48a904bf0004,0.010471275423823962,0.010108251468238847,0.30614502011369465,0.013732136685898772,0.03983148451811484,0.028741978481816453,0.017621067501032175,0.0375063394318012,0.061936102873355804,0.13970028172444063,0.03624465217227046,0.006159262765103278,0.194078459357333
W996235ea48a904bf0005,0.010471275423823962,0.010108251468238847,0.30614502011369465,0.013732136685898772,0.03983148451811484,0.028741978481816453,0.017621067501032175,0.0375063394318012,0.061936102873355804,0.13970028172444063,0.03624465217227046,0.006159262765103278,0.194078459357333
W996235ea48a904bf0006,0.010471275423823962,0.010108251468238847,0.30614502011369465,0.013732136685898772,0.03983148451811484,0.028741978481816453,0.017621067501032175,0.0375063394318012,0.061936102873355804,0.13970028172444063,0.03624465217227046,0.006159262765103278,0.194078459357333
W9aa5c5ee10122b880000,0.010946618662886529,0.003604169703444075,0.06545719045155092,0.022166928421383267,0.025827890631112852,0.02349954043105325,0.009141792281043584,0.012508114893411913,0.028142201840484778,0.03999805561554793,0.03483010925477644,0.008333984079604612,0.32545761063340434
W9aa5c5ee10122b880001,0.010946618662886529,0.003604169703444075,0.06545719045155092,0.022166928421383267,0.025827890631112852,0.02349954043105325,0.009141792281043584,0.012508114893411913,0.028142201840484778,0.03999805561554793,0.03483010925477644,0.008333984079604612,0.32545761063340434
W9aa5c5ee10122b880002,0.010946618662886529,0.003604169703444075,0.06545719045155092,0.022166928421383267,0.025827890631112852,0.02349954043105325,0.009141792281043584,0.012508114893411913,0.028142201840484778,0.03999805561554793,0.03483010925477644,0.008333984079604612,0.32545761063340434
W9aa5c5ee10122b880003,0.010946618662886529,0.003604169703444075,0.06545719045155092,0.022166928421383267,0.025827890631112852,0.02349954043105325,0.009141792281043584,0.012508114893411913,0.028142201840484778,0.03999805561554793,0.03483010925477644,0.008333984079604612,0.32545761063340434
W9aa5c5ee10122b880004,0.010946618662886529,0.003604169703444075,0.06545719045155092,0.022166928421383267,0.025827890631112852,0.02349954043105325,0.009141792281043584,0.012508114893411913,0.028142201840484778,0.03999805561554793,0.03483010925477644,0.008333984079604612,0.32545761063340434
W9aa5c5ee10122b880005,0.010946618662886529,0.003604169703444075,0.06545719045155092,0.022166928421383267,0.025827890631112852,0.02349954043105325,0.009141792281043584,0.012508114893411913,0.028142201840484778,0.03999805561554793,0.03483010925477644,0.008333984079604612,0.32545761063340434
W9aa5c5ee10122b880006,0.010946618662886529,0.003604169703444075,0.06545719045155092,0.022166928421383267,0.025827890631112852,0.02349954043105325,0.009141792281043584,0.012508114893411913,0.028142201840484778,0.03999805561554793,0.03483010925477644,0.008333984079604612,0.32545761063340434
W9be63e50209fda370000,0.02016422101915358,0.6582987926582986,0.026559468951375963,0.014254006466997657,0.02187329148618701,0.006652256232982794,0.08057680408387057,0.01468278472419416,0.004766337044119079,0.01678209279523718,0.04911204930554177,0.004196089777722641,0.02004088472709341
W9be63e50209fda370001,0.02016422101915358,0.6582987926582986,0.026559468951375963,0.014254006466997657,0.02187329148618701,0.006652256232982794,0.08057680408387057,0.01468278472419416,0.004766337044119079,0.01678209279523718,0.04911204930554177,0.004196089777722641,0.02004088472709341
W9be63e50209fda370002,0.02016422101915358,0.6582987926582986,0.026559468951375963,0.014254006466997657,0.02187329148618701,0.006652256232982794,0.08057680408387057,0.01468278472419416,0.004766337044119079,0.01678209279523718,0.04911204930554177,0.004196089777722641,0.02004088472709341
W9be63e50209fda370003,0.02016422101915358,0.6582987926582986,0.026559468951375963,0.014254006466997657,0.02187329148618701,0.006652256232982794,0.08057680408387057,0.01468278472419416,0.004766337044119079,0.01678209279523718,0.04911204930554177,0.004196089777722641,0.02004088472709341
W9be63e50209fda370004,0.02016422101915358,0.6582987926582986,0.026559468951375963,0.014254006466997657,0.02187329148618701,0.006652256232982794,0.08057680408387057,0.01468278472419416,0.004766337044119079,0.01678209279523718,0.04911204930554177,0.004196089777722641,0.02004088472709341
W9be63e50209fda370005,0.02016422101915358,0.6582987926582986,0.026559468951375963,0.014254006466997657,0.02187329148618701,0.006652256232982794,0.08057680408387057,0.01468278472419416,0.004766337044119079,0.01678209279523718,0.04911204930554177,0.004196089777722641,0.02004088472709341
W9be63e50209fda370006,0.02016422101915358,0.6582987926582986,0.026559468951375963,0.014254006466997657,0.02187329148618701,0.006652256232982794,0.08057680408387057,0.01468278472419416,0.004766337044119079,0.01678209279523718,0.04911204930554177,0.004196089777722641,0.02004088472709341
W9c32d29c5c5991240000,0.033210818250366196,0.002990350402983631,0.4419225624150691,0.11486682894206167,0.11070532056260732,0.038187686332964335,0.015758817026395814,0.12612565690665226,0.012625587872388747,0.015624910679965702,0.014336357972122321,0.01563232358244559,0.009929044864381691
W9c32d29c5c5991240001,0.033210818250366196,0.002990350402983631,0.4419225624150691,0.11486682894206167,0.11070532056260732,0.038187686332964335,0.015758817026395814,0.12612565690665226,0.012625587872388747,0.015624910679965702,0.014336357972122321,0.01563232358244559,0.009929044864381691
W9c32d29c5c5991240002,0.033210818250366196,0.002990350402983631,0.4419225624150691,0.11486682894206167,0.11070532056260732,0.038187686332964335,0.015758817026395814,0.12612565690665226,0.012625587872388747,0.015624910679965702,0.014336357972122321,0.01563232358244559,0.009929044864381691
W9c32d29c5c5991240003,0.033210818250366196,0.002990350402983631,0.4419225624150691,0.11486682894206167,0.11070532056260732,0.038187686332964335,0.015758817026395814,0.12612565690665226,0.012625587872388747,0.015624910679965702,0.014336357972122321,0.01563232358244559,0.009929044864381691
W9c32d29c5c5991240004,0.033210818250366196,0.002990350402983631,0.4419225624150691,0.11486682894206167,0.11070532056260732,0.038187686332964335,0.015758817026395814,0.12612565690665226,0.012625587872388747,0.015624910679965702,0.014336357972122321,0.01563232358244559,0.009929044864381691
W9c32d29c5c5991240005,0.033210818250366196,0.002990350402983631,0.4419225624150691,0.11486682894206167,0.11070532056260732,0.038187686332964335,0.015758817026395814,0.12612565690665226,0.012625587872388747,0.015624910679965702,0.014336357972122321,0.01563232358244559,0.009929044864381691
W9c32d29c5c5991240006,0.033210818250366196,0.002990350402983631,0.4419225624150691,0.11486682894206167,0.11070532056260732,0.038187686332964335,0.015758817026395814,0.12612565690665226,0.012625587872388747,0.015624910679965702,0.014336357972122321,0.01563232358244559,0.009929044864381691
W9d4441fee3e033450000,0.027649527302573633,0.009939446988115337,0.2216019941432461,0.07926381928861469,0.06158942242498635,0.0778559366482551,0.05116629312521878,0.01638236882197759,0.04261647996207823,0.16170039670400546,0.046751908464935335,0.01632026935271087,0.03311115321873705
W9d4441fee3e033450001,0.027649527302573633,0.009939446988115337,0.2216019941432461,0.07926381928861469,0.06158942242498635,0.0778559366482551,0.05116629312521878,0.01638236882197759,0.04261647996207823,0.16170039670400546,0.046751908464935335,0.01632026935271087,0.03311115321873705
W9d4441fee3e033450002,0.027649527302573633,0.009939446988115337,0.2216019941432461,0.07926381928861469,0.06158942242498635,0.0778559366482551,0.05116629312521878,0.01638236882197759,0.04261647996207823,0.16170039670400546,0.046751908464935335,0.01632026935271087,0.03311115321873705
W9d4441fee3e033450003,0.027649527302573633,0.009939446988115337,0.2216019941432461,0.07926381928861469,0.06158942242498635,0.0778559366482551,0.05116629312521878,0.01638236882197759,0.04261647996207823,0.16170039670400546,0.046751908464935335,0.01632026935271087,0.03311115321873705
W9d4441fee3e033450004,0.027649527302573633,0.009939446988115337,0.2216019941432461,0.07926381928861469,0.06158942242498635,0.0778559366482551,0.05116629312521878,0.01638236882197759,0.04261647996207823,0.16170039670400546,0.046751908464935335,0.01632026935271087,0.03311115321873705
W9d4441fee3e033450005,0.027649527302573633,0.009939446988115337,0.2216019941432461,0.07926381928861469,0.06158942242498635,0.0778559366482551,0.05116629312521878,0.01638236882197759,0.04261647996207823,0.16170039670400546,0.046751908464935335,0.01632026935271087,0.03311115321873705
W9d4441fee3e033450006,0.027649527302573633,0.009939446988115337,0.2216019941432461,0.07926381928861469,0.06158942242498635,0.0778559366482551,0.05116629312521878,0.01638236882197759,0.04261647996207823,0.16170039670400546,0.046751908464935335,0.01632026935271087,0.03311115321873705
W9da0e7068237f0450000,0.0194473278222623,0.0024007005350283085,0.6815527687968738,0.06942724108538434,0.08307062759118738,0.07886429438917052,0.004784889739569008,0.00286863904710261,0.0013357503129343593,0.00953835075029037,0.0014691912050973388,0.030105892518465766,0.00496707074968671
W9da0e7068237f0450001,0.0194473278222623,0.0024007005350283085,0.6815527687968738,0.06942724108538434,0.08307062759118738,0.07886429438917052,0.004784889739569008,0.00286863904710261,0.0013357503129343593,0.00953835075029037,0.0014691912050973388,0.030105892518465766,0.00496707074968671
W9da0e7068237f0450002,0.0194473278222623,0.0024007005350283085,0.6815527687968738,0.06942724108538434,0.08307062759118738,0.07886429438917052,0.004784889739569008,0.00286863904710261,0.0013357503129343593,0.00953835075029037,0.0014691912050973388,0.030105892518465766,0.00496707074968671
W9da0e7068237f0450003,0.0194473278222623,0.0024007005350283085,0.6815527687968738,0.06942724108538434,0.08307062759118738,0.07886429438917052,0.004784889739569008,0.00286863904710261,0.0013357503129343593,0.00953835075029037,0.0014691912050973388,0.030105892518465766,0.00496707074968671
W9da0e7068237f0450004,0.0194473278222623,0.0024007005350283085,0.6815527687968738,0.06942724108538434,0.08307062759118738,0.07886429438917052,0.004784889739569008,0.00286863904710261,0.0013357503129343593,0.00953835075029037,0.0014691912050973388,0.030105892518465766,0.00496707074968671
W9da0e7068237f0450005,0.0194473278222623,0.0024007005350283085,0.6815527687968738,0.06942724108538434,0.08307062759118738,0.07886429438917052,0.004784889739569008,0.00286863904710261,0.0013357503129343593,0.00953835075029037,0.0014691912050973388,0.030105892518465766,0.00496707074968671
W9da0e7068237f0450006,0.0194473278222623,0.0024007005350283085,0.6815527687968738,0.06942724108538434,0.08307062759118738,0.07886429438917052,0.004784889739569008,0.00286863904710261,0.0013357503129343593,0.00953835075029037,0.0014691912050973388,0.030105892518465766,0.00496707074968671
Wa057a5b77f36fc860000,0.0020690227128501936,7.977028379161066e-05,0.003992187461788466,0.005181308819099597,0.0075690110884935585,0.20626553987565244,0.0010641394965983015,0.013276603428277547,0.0009850895452503082,0.00012666282879110884,0.0004513599671888104,0.753632305629924,0.0035503352745970425
Wa057a5b77f36fc860001,0.0020690227128501936,7.977028379161066e-05,0.003992187461788466,0.005181308819099597,0.0075690110884935585,0.20626553987565244,0.0010641394965983015,0.013276603428277547,0.0009850895452503082,0.00012666282879110884,0.0004513599671888104,0.753632305629924,0.0035503352745970425
Wa057a5b77f36fc860002,0.0020690227128501936,7.977028379161066e-05,0.003992187461788466,0.005181308819099597,0.0075690110884935585,0.20626553987565244,0.0010641394965983015,0.013276603428277547,0.0009850895452503082,0.00012666282879110884,0.0004513599671888104,0.753632305629924,0.0035503352745970425
Wa057a5b77f36fc860003,0.0020690227128501936,7.977028379161066e-05,0.003992187461788466,0.005181308819099597,0.0075690110884935585,0.20626553987565244,0.0010641394965983015,0.013276603428277547,0.0009850895452503082,0.00012666282879110884,0.0004513599671888104,0.753632305629924,0.0035503352745970425
Wa057a5b77f36fc860004,0.0020690227128501936,7.977028379161066e-05,0.003992187461788466,0.005181308819099597,0.0075690110884935585,0.20626553987565244,0.0010641394965983015,0.013276603428277547,0.0009850895452503082,0.00012666282879110884,0.0004513599671888104,0.753632305629924,0.0035503352745970425
Wa057a5b77f36fc860005,0.0020690227128501936,7.977028379161066e-05,0.003992187461788466,0.005181308819099597,0.0075690110884935585,0.20626553987565244,0.0010641394965983015,0.013276603428277547,0.0009850895452503082,0.00012666282879110884,0.0004513599671888104,0.753632305629924,0.0035503352745970425
Wa057a5b77f36fc860006,0.0020690227128501936,7.977028379161066e-05,0.003992187461788466,0.005181308819099597,0.0075690110884935585,0.20626553987565244,0.0010641394965983015,0.013276603428277547,0.0009850895452503082,0.00012666282879110884,0.0004513599671888104,0.753632305629924,0.0035503352745970425
Wa0c609cd1eedb9570000,0.0025136308372735597,0.003068725996384461,0.020298144412316036,0.016951549133751253,0.017053722986825608,0.0028869534709531617,0.04933415101937178,0.08456701106296019,0.013734258999007683,0.023424807978306046,0.04903811229618925,0.021596302518655006,0.10829469034158344
Wa0c609cd1eedb9570001,0.0025136308372735597,0.003068725996384461,0.020298144412316036,0.016951549133751253,0.017053722986825608,0.0028869534709531617,0.04933415101937178,0.08456701106296019,0.013734258999007683,0.023424807978306046,0.04903811229618925,0.021596302518655006,0.10829469034158344
Wa0c609cd1eedb9570002,0.0025136308372735597,0.003068725996384461,0.020298144412316036,0.016951549133751253,0.017053722986825608,0.0028869534709531617,0.04933415101937178,0.08456701106296019,0.013734258999007683,0.023424807978306046,0.04903811229618925,0.021596302518655006,0.10829469034158344
Wa0c609cd1eedb9570003,0.0025136308372735597,0.003068725996384461,0.020298144412316036,0.016951549133751253,0.017053722986825608,0.0028869534709531617,0.04933415101937178,0.08456701106296019,0.013734258999007683,0.023424807978306046,0.04903811229618925,0.021596302518655006,0.10829469034158344
Wa0c609cd1eedb9570004,0.0025136308372735597,0.003068725996384461,0.020298144412316036,0.016951549133751253,0.017053722986825608,0.0028869534709531617,0.04933415101937178,0.08456701106296019,0.013734258999007683,0.023424807978306046,0.04903811229618925,0.021596302518655006,0.10829469034158344
Wa0c609cd1eedb9570005,0.0025136308372735597,0.003068725996384461,0.020298144412316036,0.016951549133751253,0.017053722986825608,0.0028869534709531617,0.04933415101937178,0.08456701106296019,0.013734258999007683,0.023424807978306046,0.04903811229618925,0.021596302518655006,0.10829469034158344
Wa0c609cd1eedb9570006,0.0025136308372735597,0.003068725996384461,0.020298144412316036,0.016951549133751253,0.017053722986825608,0.0028869534709531617,0.04933415101937178,0.08456701106296019,0.013734258999007683,0.023424807978306046,0.04903811229618925,0.021596302518655006,0.10829469034158344
Wa21b3e0948b305ef0000,0.8365216482244588,0.0026418746956281677,0.017213662666533923,0.0265399655787293,0.021190011393449205,0.022212961737541805,0.014616812079978878,0.0044512354405158265,0.00011380397969792682,0.021218239586400525,0.0009505096712358807,0.01001519905646059,0.014785629940670992
Wa21b3e0948b305ef0001,0.8365216482244588,0.0026418746956281677,0.017213662666533923,0.0265399655787293,0.021190011393449205,0.022212961737541805,0.014616812079978878,0.0044512354405158265,0.00011380397969792682,0.021218239586400525,0.0009505096712358807,0.01001519905646059,0.014785629940670992
Wa21b3e0948b305ef0002,0.8365216482244588,0.0026418746956281677,0.017213662666533923,0.0265399655787293,0.021190011393449205,0.022212961737541805,0.014616812079978878,0.0044512354405158265,0.00011380397969792682,0.021218239586400525,0.0009505096712358807,0.01001519905646059,0.014785629940670992
Wa21b3e0948b305ef0003,0.8365216482244588,0.0026418746956281677,0.017213662666533923,0.0265399655787293,0.021190011393449205,0.022212961737541805,0.014616812079978878,0.0044512354405158265,0.00011380397969792682,0.021218239586400525,0.0009505096712358807,0.01001519905646059,0.014785629940670992
Wa21b3e0948b305ef0004,0.8365216482244588,0.0026418746956281677,0.017213662666533923,0.0265399655787293,0.021190011393449205,0.022212961737541805,0.014616812079978878,0.0044512354405158265,0.00011380397969792682,0.021218239586400525,0.0009505096712358807,0.01001519905646059,0.014785629940670992
Wa21b3e0948b305ef0005,0.8365216482244588,0.0026418746956281677,0.017213662666533923,0.0265399655787293,0.021190011393449205,0.022212961737541805,0.014616812079978878,0.0044512354405158265,0.00011380397969792682,0.021218239586400525,0.0009505096712358807,0.01001519905646059,0.014785629940670992
Wa21b3e0948b305ef0006,0.8365216482244588,0.0026418746956281677,0.017213662666533923,0.0265399655787293,0.021190011393449205,0.022212961737541805,0.014616812079978878,0.0044512354405158265,0.00011380397969792682,0.021218239586400525,0.0009505096712358807,0.01001519905646059,0.014785629940670992
Wa2a75addcf692f5e0000,0.0045132161218728786,0.0031241842982785814,0.052584350078201746,0.025426381782130997,0.038494220273779904,0.005663211932388932,0.022826657587068075,0.11484341669666584,0.03853606782444118,0.0550301230511726,0.04820982318064318,0.014787308989136848,0.03048874117638962
Wa2a75addcf692f5e0001,0.0045132161218728786,0.0031241842982785814,0.052584350078201746,0.025426381782130997,0.038494220273779904,0.005663211932388932,0.022826657587068075,0.11484341669666584,0.03853606782444118,0.0550301230511726,0.04820982318064318,0.014787308989136848,0.03048874117638962
Wa2a75addcf692f5e0002,0.0045132161218728786,0.0031241842982785814,0.052584350078201746,0.025426381782130997,0.038494220273779904,0.005663211932388932,0.022826657587068075,0.11484341669666584,0.03853606782444118,0.0550301230511726,0.04820982318064318,0.014787308989136848,0.03048874117638962
Wa2a75addcf692f5e0003,0.0045132161218728786,0.0031241842982785814,0.052584350078201746,0.025426381782130997,0.038494220273779904,0.005663211932388932,0.022826657587068075,0.11484341669666584,0.03853606782444118,0.0550301230511726,0.04820982318064318,0.014787308989136848,0.03048874117638962
Wa2a75addcf692f5e0004,0.0045132161218728786,0.0031241842982785814,0.052584350078201746,0.025426381782130997,0.038494220273779904,0.005663211932388932,0.022826657587068075,0.11484341669666584,0.03853606782444118,0.0550301230511726,0.04820982318064318,0.014787308989136848,0.03048874117638962
Wa2a75addcf692f5e0005,0.0045132161218728786,0.0031241842982785814,0.052584350078201746,0.025426381782130997,0.038494220273779904,0.005663211932388932,0.022826657587068075,0.11484341669666584,0.03853606782444118,0.0550301230511726,0.04820982318064318,0.014787308989136848,0.03048874117638962
Wa2a75addcf692f5e0006,0.0045132161218728786,0.0031241842982785814,0.052584350078201746,0.025426381782130997,0.038494220273779904,0.005663211932388932,0.022826657587068075,0.11484341669666584,0.03853606782444118,0.0550301230511726,0.04820982318064318,0.014787308989136848,0.03048874117638962
Wa3a325220c6dacae0000,0.025546740500441995,0.004416758970519597,0.36431646882902907,0.08504452302828436,0.06570401832592529,0.3399053688601226,0.016145664670378722,0.008408584302735491,0.007028898814572435,0.010869730626042368,0.007979013848275984,0.042106292556947957,0.009227568219852145
Wa3a325220c6dacae0001,0.025546740500441995,0.004416758970519597,0.36431646882902907,0.08504452302828436,0.06570401832592529,0.3399053688601226,0.016145664670378722,0.008408584302735491,0.007028898814572435,0.010869730626042368,0.007979013848275984,0.042106292556947957,0.009227568219852145
Wa3a325220c6dacae0002,0.025546740500441995,0.004416758970519597,0.36431646882902907,0.08504452302828436,0.06570401832592529,0.3399053688601226,0.016145664670378722,0.008408584302735491,0.007028898814572435,0.010869730626042368,0.007979013848275984,0.042106292556947957,0.009227568219852145
Wa3a325220c6dacae0003,0.025546740500441995,0.004416758970519597,0.36431646882902907,0.08504452302828436,0.06570401832592529,0.3399053688601226,0.016145664670378722,0.008408584302735491,0.007028898814572435,0.010869730626042368,0.007979013848275984,0.042106292556947957,0.009227568219852145
Wa3a325220c6dacae0004,0.025546740500441995,0.004416758970519597,0.36431646882902907,0.08504452302828436,0.06570401832592529,0.3399053688601226,0.016145664670378722,0.008408584302735491,0.007028898814572435,0.010869730626042368,0.007979013848275984,0.042106292556947957,0.009227568219852145
Wa3a325220c6dacae0005,0.025546740500441995,0.004416758970519597,0.36431646882902907,0.08504452302828436,0.06570401832592529,0.3399053688601226,0.016145664670378722,0.008408584302735491,0.007028898814572435,0.010869730626042368,0.007979013848275984,0.042106292556947957,0.009227568219852145
Wa3a325220c6dacae0006,0.025546740500441995,0.004416758970519597,0.36431646882902907,0.08504452302828436,0.06570401832592529,0.3399053688601226,0.016145664670378722,0.008408584302735491,0.007028898814572435,0.010869730626042368,0.007979013848275984,0.042106292556947957,0.009227568219852145
Wa3bc913035208cb30000,0.006954272887777608,0.0089554271357062,0.03782823209138596,0.020604418029896304,0.033320706386037895,0.007236661108318202,0.01698870290350989,0.046229832248141034,0.15773733479039162,0.010697897522316552,0.3890213921320604,0.03906954656644104,0.09749014730837051
Wa3bc913035208cb30001,0.006954272887777608,0.0089554271357062,0.03782823209138596,0.020604418029896304,0.033320706386037895,0.007236661108318202,0.01698870290350989,0.046229832248141034,0.15773733479039162,0.010697897522316552,0.3890213921320604,0.03906954656644104,0.09749014730837051
Wa3bc913035208cb30002,0.006954272887777608,0.0089554271357062,0.03782823209138596,0.020604418029896304,0.033320706386037895,0.007236661108318202,0.01698870290350989,0.046229832248141034,0.15773733479039162,0.010697897522316552,0.3890213921320604,0.03906954656644104,0.09749014730837051
Wa3bc913035208cb30003,0.006954272887777608,0.0089554271357062,0.03782823209138596,0.020604418029896304,0.033320706386037895,0.007236661108318202,0.01698870290350989,0.046229832248141034,0.15773733479039162,0.010697897522316552,0.3890213921320604,0.03906954656644104,0.09749014730837051
Wa3bc913035208cb30004,0.006954272887777608,0.0089554271357062,0.03782823209138596,0.020604418029896304,0.033320706386037895,0.007236661108318202,0.01698870290350989,0.046229832248141034,0.15773733479039162,0.010697897522316552,0.3890213921320604,0.03906954656644104,0.09749014730837051
Wa3bc913035208cb30005,0.006954272887777608,0.0089554271357062,0.03782823209138596,0.020604418029896304,0.033320706386037895,0.007236661108318202,0.01698870290350989,0.046229832248141034,0.15773733479039162,0.010697897522316552,0.3890213921320604,0.03906954656644104,0.09749014730837051
Wa3bc913035208cb30006,0.006954272887777608,0.0089554271357062,0.03782823209138596,0.020604418029896304,0.033320706386037895,0.007236661108318202,0.01698870290350989,0.046229832248141034,0.15773733479039162,0.010697897522316552,0.3890213921320604,0.03906954656644104,0.09749014730837051
Wa433eaf242aa9bdc0000,0.009195771175638186,0.7259812400150738,0.008856210535473035,0.005373432424255622,0.0046315700240465284,0.00324740882566348,0.008650409371021628,0.018677316025246606,0.132411378051168,0.006176574956988887,0.0553051839805169,0.0056218158603294705,0.004462862873700427
Wa433eaf242aa9bdc0001,0.009195771175638186,0.7259812400150738,0.008856210535473035,0.005373432424255622,0.0046315700240465284,0.00324740882566348,0.008650409371021628,0.018677316025246606,0.132411378051168,0.006176574956988887,0.0553051839805169,0.0056218158603294705,0.004462862873700427
Wa433eaf242aa9bdc0002,0.009195771175638186,0.7259812400150738,0.008856210535473035,0.005373432424255622,0.0046315700240465284,0.00324740882566348,0.008650409371021628,0.018677316025246606,0.132411378051168,0.006176574956988887,0.0553051839805169,0.0056218158603294705,0.004462862873700427
Wa433eaf242aa9bdc0003,0.009195771175638186,0.7259812400150738,0.008856210535473035,0.005373432424255622,0.0046315700240465284,0.00324740882566348,0.008650409371021628,0.018677316025246606,0.132411378051168,0.006176574956988887,0.0553051839805169,0.0056218158603294705,0.004462862873700427
Wa433eaf242aa9bdc0004,0.009195771175638186,0.7259812400150738,0.008856210535473035,0.005373432424255622,0.0046315700240465284,0.00324740882566348,0.008650409371021628,0.018677316025246606,0.132411378051168,0.006176574956988887,0.0553051839805169,0.0056218158603294705,0.004462862873700427
Wa433eaf242aa9bdc0005,0.009195771175638186,0.7259812400150738,0.008856210535473035,0.005373432424255622,0.0046315700240465284,0.00324740882566348,0.008650409371021628,0.018677316025246606,0.132411378051168,0.006176574956988887,0.0553051839805169,0.0056218158603294705,0.004462862873700427
Wa433eaf242aa9bdc0006,0.009195771175638186,0.7259812400150738,0.008856210535473035,0.005373432424255622,0.0046315700240465284,0.00324740882566348,0.008650409371021628,0.018677316025246606,0.132411378051168,0.006176574956988887,0.0553051839805169,0.0056218158603294705,0.004462862873700427
Wa4794774ced410db0000,0.018476255653187904,0.003617419891910933,0.277027241813336,0.11256109022352681,0.23024015061707656,0.14822675895189127,0.027508006646339594,0.010430048855502886,0.008821304081051334,0.012511724285096651,0.01300106925402885,0.07215495893645539,0.025023318319860474
Wa4794774ced410db0001,0.018476255653187904,0.003617419891910933,0.277027241813336,0.11256109022352681,0.23024015061707656,0.14822675895189127,0.027508006646339594,0.010430048855502886,0.008821304081051334,0.012511724285096651,0.01300106925402885,0.07215495893645539,0.025023318319860474
Wa4794774ced410db0002,0.018476255653187904,0.003617419891910933,0.277027241813336,0.11256109022352681,0.23024015061707656,0.14822675895189127,0.027508006646339594,0.010430048855502886,0.008821304081051334,0.012511724285096651,0.01300106925402885,0.07215495893645539,0.025023318319860474
Wa4794774ced410db0003,0.018476255653187904,0.003617419891910933,0.277027241813336,0.11256109022352681,0.23024015061707656,0.14822675895189127,0.027508006646339594,0.010430048855502886,0.008821304081051334,0.012511724285096651,0.01300106925402885,0.07215495893645539,0.025023318319860474
Wa4794774ced410db0004,0.018476255653187904,0.003617419891910933,0.277027241813336,0.11256109022352681,0.23024015061707656,0.14822675895189127,0.027508006646339594,0.010430048855502886,0.008821304081051334,0.012511724285096651,0.01300106925402885,0.07215495893645539,0.025023318319860474
Wa4794774ced410db0005,0.018476255653187904,0.003617419891910933,0.277027241813336,0.11256109022352681,0.23024015061707656,0.14822675895189127,0.027508006646339594,0.010430048855502886,0.008821304081051334,0.012511724285096651,0.01300106925402885,0.07215495893645539,0.025023318319860474
Wa4794774ced410db0006,0.018476255653187904,0.003617419891910933,0.277027241813336,0.11256109022352681,0.23024015061707656,0.14822675895189127,0.027508006646339594,0.010430048855502886,0.008821304081051334,0.012511724285096651,0.01300106925402885,0.07215495893645539,0.025023318319860474
Wa5b0c38fd83642d70000,0.02402603577398261,0.004972930449916681,0.11660666077315779,0.26192326069713734,0.11542726262896581,0.03358792979848524,0.23462729179118855,0.015800685181414354,0.026842747438542234,0.02411903419768368,0.02145895064876935,0.011739966395312275,0.025469836524252814
Wa5b0c38fd83642d70001,0.02402603577398261,0.004972930449916681,0.11660666077315779,0.26192326069713734,0.11542726262896581,0.03358792979848524,0.23462729179118855,0.015800685181414354,0.026842747438542234,0.02411903419768368,0.02145895064876935,0.011739966395312275,0.025469836524252814
Wa5b0c38fd83642d70002,0.02402603577398261,0.004972930449916681,0.11660666077315779,0.26192326069713734,0.11542726262896581,0.03358792979848524,0.23462729179118855,0.015800685181414354,0.026842747438542234,0.02411903419768368,0.02145895064876935,0.011739966395312275,0.025469836524252814
Wa5b0c38fd83642d70003,0.02402603577398261,0.004972930449916681,0.11660666077315779,0.26192326069713734,0.11542726262896581,0.03358792979848524,0.23462729179118855,0.015800685181414354,0.026842747438542234,0.02411903419768368,0.02145895064876935,0.011739966395312275,0.025469836524252814
Wa5b0c38fd83642d70004,0.02402603577398261,0.004972930449916681,0.11660666077315779,0.26192326069713734,0.11542726262896581,0.03358792979848524,0.23462729179118855,0.015800685181414354,0.026842747438542234,0.02411903419768368,0.02145895064876935,0.011739966395312275,0.025469836524252814
Wa5b0c38fd83642d70005,0.02402603577398261,0.004972930449916681,0.11660666077315779,0.26192326069713734,0.11542726262896581,0.03358792979848524,0.23462729179118855,0.015800685181414354,0.026842747438542234,0.02411903419768368,0.02145895064876935,0.011739966395312275,0.025469836524252814
Wa5b0c38fd83642d70006,0.02402603577398261,0.004972930449916681,0.11660666077315779,0.26192326069713734,0.11542726262896581,0.03358792979848524,0.23462729179118855,0.015800685181414354,0.026842747438542234,0.02411903419768368,0.02145895064876935,0.011739966395312275,0.025469836524252814
Wa61f059ad132aba60000,0.004041593860949715,0.0009908324404856405,0.06902329273567853,0.023895635948087333,0.014789960679516911,0.6916444545094906,0.01979106610033076,0.0014242366676058417,0.0018004891571279965,0.003684594796146131,0.0039768901905809185,0.14782782153660015,0.004627357773967468
Wa61f059ad132aba60001,0.004041593860949715,0.0009908324404856405,0.06902329273567853,0.023895635948087333,0.014789960679516911,0.6916444545094906,0.01979106610033076,0.0014242366676058417,0.0018004891571279965,0.003684594796146131,0.0039768901905809185,0.14782782153660015,0.004627357773967468
Wa61f059ad132aba60002,0.004041593860949715,0.0009908324404856405,0.06902329273567853,0.023895635948087333,0.014789960679516911,0.6916444545094906,0.01979106610033076,0.0014242366676058417,0.0018004891571279965,0.003684594796146131,0.0039768901905809185,0.14782782153660015,0.004627357773967468
Wa61f059ad132aba60003,0.004041593860949715,0.0009908324404856405,0.06902329273567853,0.023895635948087333,0.014789960679516911,0.6916444545094906,0.01979106610033076,0.0014242366676058417,0.0018004891571279965,0.003684594796146131,0.0039768901905809185,0.14782782153660015,0.004627357773967468
Wa61f059ad132aba60004,0.004041593860949715,0.0009908324404856405,0.06902329273567853,0.023895635948087333,0.014789960679516911,0.6916444545094906,0.01979106610033076,0.0014242366676058417,0.0018004891571279965,0.003684594796146131,0.0039768901905809185,0.14782782153660015,0.004627357773967468
Wa61f059ad132aba60005,0.004041593860949715,0.0009908324404856405,0.06902329273567853,0.023895635948087333,0.014789960679516911,0.6916444545094906,0.01979106610033076,0.0014242366676058417,0.0018004891571279965,0.003684594796146131,0.0039768901905809185,0.14782782153660015,0.004627357773967468
Wa61f059ad132aba60006,0.004041593860949715,0.0009908324404856405,0.06902329273567853,0.023895635948087333,0.014789960679516911,0.6916444545094906,0.01979106610033076,0.0014242366676058417,0.0018004891571279965,0.003684594796146131,0.0039768901905809185,0.14782782153660015,0.004627357773967468
Wa857080b36e8cb110000,0.002078623522116327,0.0012449244624629576,0.012785513132806526,0.014001716793467534,0.016984085062421855,0.2350175053100758,0.0010510848903392067,0.0010006982214809542,0.00017808886926365584,0.0012639310394288762,0.00040344362840585027,0.7044734233846612,0.008578500050061038
Wa857080b36e8cb110001,0.002078623522116327,0.0012449244624629576,0.012785513132806526,0.014001716793467534,0.016984085062421855,0.2350175053100758,0.0010510848903392067,0.0010006982214809542,0.00017808886926365584,0.0012639310394288762,0.00040344362840585027,0.7044734233846612,0.008578500050061038
Wa857080b36e8cb110002,0.002078623522116327,0.0012449244624629576,0.012785513132806526,0.014001716793467534,0.016984085062421855,0.2350175053100758,0.0010510848903392067,0.0010006982214809542,0.00017808886926365584,0.0012639310394288762,0.00040344362840585027,0.7044734233846612,0.008578500050061038
Wa857080b36e8cb110003,0.002078623522116327,0.0012449244624629576,0.012785513132806526,0.014001716793467534,0.016984085062421855,0.2350175053100758,0.0010510848903392067,0.0010006982214809542,0.00017808886926365584,0.0012639310394288762,0.00040344362840585027,0.7044734233846612,0.008578500050061038
Wa857080b36e8cb110004,0.002078623522116327,0.0012449244624629576,0.012785513132806526,0.014001716793467534,0.016984085062421855,0.2350175053100758,0.0010510848903392067,0.0010006982214809542,0.00017808886926365584,0.0012639310394288762,0.00040344362840585027,0.7044734233846612,0.008578500050061038
Wa857080b36e8cb110005,0.002078623522116327,0.0012449244624629576,0.012785513132806526,0.014001716793467534,0.016984085062421855,0.2350175053100758,0.0010510848903392067,0.0010006982214809542,0.00017808886926365584,0.0012639310394288762,0.00040344362840585027,0.7044734233846612,0.008578500050061038
Wa857080b36e8cb110006,0.002078623522116327,0.0012449244624629576,0.012785513132806526,0.014001716793467534,0.016984085062421855,0.2350175053100758,0.0010510848903392067,0.0010006982214809542,0.00017808886926365584,0.0012639310394288762,0.00040344362840585027,0.7044734233846612,0.008578500050061038
Wa90143ff735b972b0000,0.009775060232001703,0.009778185438088963,0.046137253387813736,0.016960295823296646,0.035284752717560354,0.004707278854715356,0.03346486038555311,0.1582328348420516,0.13941187819631534,0.037086217392323984,0.27459247174769724,0.04162245867543542,0.0284279141262849
Wa90143ff735b972b0001,0.009775060232001703,0.009778185438088963,0.046137253387813736,0.016960295823296646,0.035284752717560354,0.004707278854715356,0.03346486038555311,0.1582328348420516,0.13941187819631534,0.037086217392323984,0.27459247174769724,0.04162245867543542,0.0284279141262849
Wa90143ff735b972b0002,0.009775060232001703,0.009778185438088963,0.046137253387813736,0.016960295823296646,0.035284752717560354,0.004707278854715356,0.03346486038555311,0.1582328348420516,0.13941187819631534,0.037086217392323984,0.27459247174769724,0.04162245867543542,0.0284279141262849
Wa90143ff735b972b0003,0.009775060232001703,0.009778185438088963,0.046137253387813736,0.016960295823296646,0.035284752717560354,0.004707278854715356,0.03346486038555311,0.1582328348420516,0.13941187819631534,0.037086217392323984,0.27459247174769724,0.04162245867543542,0.0284279141262849
Wa90143ff735b972b0004,0.009775060232001703,0.009778185438088963,0.046137253387813736,0.016960295823296646,0.035284752717560354,0.004707278854715356,0.03346486038555311,0.1582328348420516,0.13941187819631534,0.037086217392323984,0.27459247174769724,0.04162245867543542,0.0284279141262849
Wa90143ff735b972b0005,0.009775060232001703,0.009778185438088963,0.046137253387813736,0.016960295823296646,0.035284752717560354,0.004707278854715356,0.03346486038555311,0.1582328348420516,0.13941187819631534,0.037086217392323984,0.27459247174769724,0.04162245867543542,0.0284279141262849
Wa90143ff735b972b0006,0.009775060232001703,0.009778185438088963,0.046137253387813736,0.016960295823296646,0.035284752717560354,0.004707278854715356,0.03346486038555311,0.1582328348420516,0.13941187819631534,0.037086217392323984,0.27459247174769724,0.04162245867543542,0.0284279141262849
Wa93c026225e11f340000,0.7967739704791893,0.03401666099819217,0.017409890030503073,0.015660754301382494,0.012307174904948431,0.009477005472967585,0.005985419271546953,0.0027812140522153724,0.002186492032391122,0.04770368067202682,0.0008438887094342897,0.01359243954782016,0.014840998795790622
Wa93c026225e11f340001,0.7967739704791893,0.03401666099819217,0.017409890030503073,0.015660754301382494,0.012307174904948431,0.009477005472967585,0.005985419271546953,0.0027812140522153724,0.002186492032391122,0.04770368067202682,0.0008438887094342897,0.01359243954782016,0.014840998795790622
Wa93c026225e11f340002,0.7967739704791893,0.03401666099819217,0.017409890030503073,0.015660754301382494,0.012307174904948431,0.009477005472967585,0.005985419271546953,0.0027812140522153724,0.002186492032391122,0.04770368067202682,0.0008438887094342897,0.01359243954782016,0.014840998795790622
Wa93c026225e11f340003,0.7967739704791893,0.03401666099819217,0.017409890030503073,0.015660754301382494,0.012307174904948431,0.009477005472967585,0.005985419271546953,0.0027812140522153724,0.002186492032391122,0.04770368067202682,0.0008438887094342897,0.01359243954782016,0.014840998795790622
Wa93c026225e11f340004,0.7967739704791893,0.03401666099819217,0.017409890030503073,0.015660754301382494,0.012307174904948431,0.009477005472967585,0.005985419271546953,0.0027812140522153724,0.002186492032391122,0.04770368067202682,0.0008438887094342897,0.01359243954782016,0.014840998795790622
Wa93c026225e11f340005,0.7967739704791893,0.03401666099819217,0.017409890030503073,0.015660754301382494,0.012307174904948431,0.009477005472967585,0.005985419271546953,0.0027812140522153724,0.002186492032391122,0.04770368067202682,0.0008438887094342897,0.01359243954782016,0.014840998795790622
Wa93c026225e11f340006,0.7967739704791893,0.03401666099819217,0.017409890030503073,0.015660754301382494,0.012307174904948431,0.009477005472967585,0.005985419271546953,0.0027812140522153724,0.002186492032391122,0.04770368067202682,0.0008438887094342897,0.01359243954782016,0.014840998795790622
Wa948226053bdb8340000,0.01225520730430779,0.0014797827565185548,0.39784305793652064,0.22843511777261613,0.0458735117699872,0.07704752929105106,0.017249894989120024,0.027677715505651106,0.0060642659977140885,0.05950626107589857,0.021077651634167985,0.01836190191722189,0.014624576550912613
Wa948226053bdb8340001,0.01225520730430779,0.0014797827565185548,0.39784305793652064,0.22843511777261613,0.0458735117699872,0.07704752929105106,0.017249894989120024,0.027677715505651106,0.0060642659977140885,0.05950626107589857,0.021077651634167985,0.01836190191722189,0.014624576550912613
Wa948226053bdb8340002,0.01225520730430779,0.0014797827565185548,0.39784305793652064,0.22843511777261613,0.0458735117699872,0.07704752929105106,0.017249894989120024,0.027677715505651106,0.0060642659977140885,0.05950626107589857,0.021077651634167985,0.01836190191722189,0.014624576550912613
Wa948226053bdb8340003,0.01225520730430779,0.0014797827565185548,0.39784305793652064,0.22843511777261613,0.0458735117699872,0.07704752929105106,0.017249894989120024,0.027677715505651106,0.0060642659977140885,0.05950626107589857,0.021077651634167985,0.01836190191722189,0.014624576550912613
Wa948226053bdb8340004,0.01225520730430779,0.0014797827565185548,0.39784305793652064,0.22843511777261613,0.0458735117699872,0.07704752929105106,0.017249894989120024,0.027677715505651106,0.0060642659977140885,0.05950626107589857,0.021077651634167985,0.01836190191722189,0.014624576550912613
Wa948226053bdb8340005,0.01225520730430779,0.0014797827565185548,0.39784305793652064,0.22843511777261613,0.0458735117699872,0.07704752929105106,0.017249894989120024,0.027677715505651106,0.0060642659977140885,0.05950626107589857,0.021077651634167985,0.01836190191722189,0.014624576550912613
Wa948226053bdb8340006,0.01225520730430779,0.0014797827565185548,0.39784305793652064,0.22843511777261613,0.0458735117699872,0.07704752929105106,0.017249894989120024,0.027677715505651106,0.0060642659977140885,0.05950626107589857,0.021077651634167985,0.01836190191722189,0.014624576550912613
Wa9b31ae7cf2469740000,0.001750899260373141,2.753243248890899e-05,0.0034538228081412614,0.0016622028197327912,0.0008432050895884772,0.04717070030413226,0.0022833667644964178,2.636317988112255e-05,3.468701049486154e-05,3.056837940118029e-05,0.00019355611518729384,0.9404382995935241,0.0020300678292078465
Wa9b31ae7cf2469740001,0.001750899260373141,2.753243248890899e-05,0.0034538228081412614,0.0016622028197327912,0.0008432050895884772,0.04717070030413226,0.0022833667644964178,2.636317988112255e-05,3.468701049486154e-05,3.056837940118029e-05,0.00019355611518729384,0.9404382995935241,0.0020300678292078465
Wa9b31ae7cf2469740002,0.001750899260373141,2.753243248890899e-05,0.0034538228081412614,0.0016622028197327912,0.0008432050895884772,0.04717070030413226,0.0022833667644964178,2.636317988112255e-05,3.468701049486154e-05,3.056837940118029e-05,0.00019355611518729384,0.9404382995935241,0.0020300678292078465
Wa9b31ae7cf2469740003,0.001750899260373141,2.753243248890899e-05,0.0034538228081412614,0.0016622028197327912,0.0008432050895884772,0.04717070030413226,0.0022833667644964178,2.636317988112255e-05,3.468701049486154e-05,3.056837940118029e-05,0.00019355611518729384,0.9404382995935241,0.0020300678292078465
Wa9b31ae7cf2469740004,0.001750899260373141,2.753243248890899e-05,0.0034538228081412614,0.0016622028197327912,0.0008432050895884772,0.04717070030413226,0.0022833667644964178,2.636317988112255e-05,3.468701049486154e-05,3.056837940118029e-05,0.00019355611518729384,0.9404382995935241,0.0020300678292078465
Wa9b31ae7cf2469740005,0.001750899260373141,2.753243248890899e-05,0.0034538228081412614,0.0016622028197327912,0.0008432050895884772,0.04717070030413226,0.0022833667644964178,2.636317988112255e-05,3.468701049486154e-05,3.056837940118029e-05,0.00019355611518729384,0.9404382995935241,0.0020300678292078465
Wa9b31ae7cf2469740006,0.001750899260373141,2.753243248890899e-05,0.0034538228081412614,0.0016622028197327912,0.0008432050895884772,0.04717070030413226,0.0022833667644964178,2.636317988112255e-05,3.468701049486154e-05,3.056837940118029e-05,0.00019355611518729384,0.9404382995935241,0.0020300678292078465
Wabb35a3a44185f260000,0.00525256438915441,0.000525507012086036,0.03505234729728241,0.018607469825521354,0.013712075230407664,0.07251397933621721,0.0035033245931539968,0.0004183742739866236,0.00019846506283940107,0.002855747605502914,0.0002192960844695134,0.8298348578192135,0.0160257419204649
Wabb35a3a44185f260001,0.00525256438915441,0.000525507012086036,0.03505234729728241,0.018607469825521354,0.013712075230407664,0.07251397933621721,0.0035033245931539968,0.0004183742739866236,0.00019846506283940107,0.002855747605502914,0.0002192960844695134,0.8298348578192135,0.0160257419204649
Wabb35a3a44185f260002,0.00525256438915441,0.000525507012086036,0.03505234729728241,0.018607469825521354,0.013712075230407664,0.07251397933621721,0.0035033245931539968,0.0004183742739866236,0.00019846506283940107,0.002855747605502914,0.0002192960844695134,0.8298348578192135,0.0160257419204649
Wabb35a3a44185f260003,0.00525256438915441,0.000525507012086036,0.03505234729728241,0.018607469825521354,0.013712075230407664,0.07251397933621721,0.0035033245931539968,0.0004183742739866236,0.00019846506283940107,0.002855747605502914,0.0002192960844695134,0.8298348578192135,0.0160257419204649
Wabb35a3a44185f260004,0.00525256438915441,0.000525507012086036,0.03505234729728241,0.018607469825521354,0.013712075230407664,0.07251397933621721,0.0035033245931539968,0.0004183742739866236,0.00019846506283940107,0.002855747605502914,0.0002192960844695134,0.8298348578192135,0.0160257419204649
Wabb35a3a44185f260005,0.00525256438915441,0.000525507012086036,0.03505234729728241,0.018607469825521354,0.013712075230407664,0.07251397933621721,0.0035033245931539968,0.0004183742739866236,0.00019846506283940107,0.002855747605502914,0.0002192960844695134,0.8298348578192135,0.0160257419204649
Wabb35a3a44185f260006,0.00525256438915441,0.000525507012086036,0.03505234729728241,0.018607469825521354,0.013712075230407664,0.07251397933621721,0.0035033245931539968,0.0004183742739866236,0.00019846506283940107,0.002855747605502914,0.0002192960844695134,0.8298348578192135,0.0160257419204649
Wac33d09a667cb3570000,0.011084517586663276,0.0019137898386333717,0.02151930545915754,0.15326714239284145,0.02827603767950667,0.03224839396605268,0.006372911507468342,0.5424836789730986,0.005229544618519152,0.063931398832696,0.019898766098882092,0.00721926986295535,0.008485974796715584
Wac33d09a667cb3570001,0.011084517586663276,0.0019137898386333717,0.02151930545915754,0.15326714239284145,0.02827603767950667,0.03224839396605268,0.006372911507468342,0.5424836789730986,0.005229544618519152,0.063931398832696,0.019898766098882092,0.00721926986295535,0.008485974796715584
Wac33d09a667cb3570002,0.011084517586663276,0.0019137898386333717,0.02151930545915754,0.15326714239284145,0.02827603767950667,0.03224839396605268,0.006372911507468342,0.5424836789730986,0.005229544618519152,0.063931398832696,0.019898766098882092,0.00721926986295535,0.008485974796715584
Wac33d09a667cb3570003,0.011084517586663276,0.0019137898386333717,0.02151930545915754,0.15326714239284145,0.02827603767950667,0.03224839396605268,0.006372911507468342,0.5424836789730986,0.005229544618519152,0.063931398832696,0.019898766098882092,0.00721926986295535,0.008485974796715584
Wac33d09a667cb3570004,0.011084517586663276,0.0019137898386333717,0.02151930545915754,0.15326714239284145,0.02827603767950667,0.03224839396605268,0.006372911507468342,0.5424836789730986,0.005229544618519152,0.063931398832696,0.019898766098882092,0.00721926986295535,0.008485974796715584
Wac33d09a667cb3570005,0.011084517586663276,0.0019137898386333717,0.02151930545915754,0.15326714239284145,0.02827603767950667,0.03224839396605268,0.006372911507468342,0.5424836789730986,0.005229544618519152,0.063931398832696,0.019898766098882092,0.00721926986295535,0.008485974796715584
Wac33d09a667cb3570006,0.011084517586663276,0.0019137898386333717,0.02151930545915754,0.15326714239284145,0.02827603767950667,0.03224839396605268,0.006372911507468342,0.5424836789730986,0.005229544618519152,0.063931398832696,0.019898766098882092,0.00721926986295535,0.008485974796715584
Wadaf8416360a220c0000,0.002230174089530428,0.0006041782447561364,0.0039407400222028184,0.0018394615376975357,0.001841582864045897,0.03744583519066783,0.00023123582191420013,0.00024033331083557583,6.320075046414863e-05,0.0023849708597713216,8.6684595013782e-05,0.9332208407337217,0.015652012937291744
Wadaf8416360a220c0001,0.002230174089530428,0.0006041782447561364,0.0039407400222028184,0.0018394615376975357,0.001841582864045897,0.03744583519066783,0.00023123582191420013,0.00024033331083557583,6.320075046414863e-05,0.0023849708597713216,8.6684595013782e-05,0.9332208407337217,0.015652012937291744
Wadaf8416360a220c0002,0.002230174089530428,0.0006041782447561364,0.0039407400222028184,0.0018394615376975357,0.001841582864045897,0.03744583519066783,0.00023123582191420013,0.00024033331083557583,6.320075046414863e-05,0.0023849708597713216,8.6684595013782e-05,0.9332208407337217,0.015652012937291744
Wadaf8416360a220c0003,0.002230174089530428,0.0006041782447561364,0.0039407400222028184,0.0018394615376975357,0.001841582864045897,0.03744583519066783,0.00023123582191420013,0.00024033331083557583,6.320075046414863e-05,0.0023849708597713216,8.6684595013782e-05,0.9332208407337217,0.015652012937291744
Wadaf8416360a220c0004,0.002230174089530428,0.0006041782447561364,0.0039407400222028184,0.0018394615376975357,0.001841582864045897,0.03744583519066783,0.00023123582191420013,0.00024033331083557583,6.320075046414863e-05,0.0023849708597713216,8.6684595013782e-05,0.9332208407337217,0.015652012937291744
Wadaf8416360a220c0005,0.002230174089530428,0.0006041782447561364,0.0039407400222028184,0.0018394615376975357,0.001841582864045897,0.03744583519066783,0.00023123582191420013,0.00024033331083557583,6.320075046414863e-05,0.0023849708597713216,8.6684595013782e-05,0.9332208407337217,0.015652012937291744
Wadaf8416360a220c0006,0.002230174089530428,0.0006041782447561364,0.0039407400222028184,0.0018394615376975357,0.001841582864045897,0.03744583519066783,0.00023123582191420013,0.00024033331083557583,6.320075046414863e-05,0.0023849708597713216,8.6684595013782e-05,0.9332208407337217,0.015652012937291744
Waf4284369bd947370000,0.032018017937776026,0.008345322451043231,0.29461653576369423,0.10911107306979802,0.03918917161610024,0.07964497114404685,0.04558052096643087,0.016320119915506175,0.016220461666485695,0.10746553297821683,0.03529734466875182,0.009351997363454573,0.030963541226269306
Waf4284369bd947370001,0.032018017937776026,0.008345322451043231,0.29461653576369423,0.10911107306979802,0.03918917161610024,0.07964497114404685,0.04558052096643087,0.016320119915506175,0.016220461666485695,0.10746553297821683,0.03529734466875182,0.009351997363454573,0.030963541226269306
Waf4284369bd947370002,0.032018017937776026,0.008345322451043231,0.29461653576369423,0.10911107306979802,0.03918917161610024,0.07964497114404685,0.04558052096643087,0.016320119915506175,0.016220461666485695,0.10746553297821683,0.03529734466875182,0.009351997363454573,0.030963541226269306
Waf4284369bd947370003,0.032018017937776026,0.008345322451043231,0.29461653576369423,0.10911107306979802,0.03918917161610024,0.07964497114404685,0.04558052096643087,0.016320119915506175,0.016220461666485695,0.10746553297821683,0.03529734466875182,0.009351997363454573,0.030963541226269306
Waf4284369bd947370004,0.032018017937776026,0.008345322451043231,0.29461653576369423,0.10911107306979802,0.03918917161610024,0.07964497114404685,0.04558052096643087,0.016320119915506175,0.016220461666485695,0.10746553297821683,0.03529734466875182,0.009351997363454573,0.030963541226269306
Waf4284369bd947370005,0.032018017937776026,0.008345322451043231,0.29461653576369423,0.10911107306979802,0.03918917161610024,0.07964497114404685,0.04558052096643087,0.016320119915506175,0.016220461666485695,0.10746553297821683,0.03529734466875182,0.009351997363454573,0.030963541226269306
Waf4284369bd947370006,0.032018017937776026,0.008345322451043231,0.29461653576369423,0.10911107306979802,0.03918917161610024,0.07964497114404685,0.04558052096643087,0.016320119915506175,0.016220461666485695,0.10746553297821683,0.03529734466875182,0.009351997363454573,0.030963541226269306
Wafe031a9dde0317b0000,0.006521230144690526,0.9106826412253641,0.000775476070035104,0.003754971822412752,0.003528584012721839,0.00026161176258487966,0.00894610034607943,0.006909905719161897,0.03135924859141788,0.003321365972476617,0.016568041642391545,0.0011391118003946162,0.0006437943619726885
Wafe031a9dde0317b0001,0.006521230144690526,0.9106826412253641,0.000775476070035104,0.003754971822412752,0.003528584012721839,0.00026161176258487966,0.00894610034607943,0.006909905719161897,0.03135924859141788,0.003321365972476617,0.016568041642391545,0.0011391118003946162,0.0006437943619726885
Wafe031a9dde0317b0002,0.006521230144690526,0.9106826412253641,0.000775476070035104,0.003754971822412752,0.003528584012721839,0.00026161176258487966,0.00894610034607943,0.006909905719161897,0.03135924859141788,0.003321365972476617,0.016568041642391545,0.0011391118003946162,0.0006437943619726885
Wafe031a9dde0317b0003,0.006521230144690526,0.9106826412253641,0.000775476070035104,0.003754971822412752,0.003528584012721839,0.00026161176258487966,0.00894610034607943,0.006909905719161897,0.03135924859141788,0.003321365972476617,0.016568041642391545,0.0011391118003946162,0.0006437943619726885
Wafe031a9dde0317b0004,0.006521230144690526,0.9106826412253641,0.000775476070035104,0.003754971822412752,0.003528584012721839,0.00026161176258487966,0.00894610034607943,0.006909905719161897,0.03135924859141788,0.003321365972476617,0.016568041642391545,0.0011391118003946162,0.0006437943619726885
Wafe031a9dde0317b0005,0.006521230144690526,0.9106826412253641,0.000775476070035104,0.003754971822412752,0.003528584012721839,0.00026161176258487966,0.00894610034607943,0.006909905719161897,0.03135924859141788,0.003321365972476617,0.016568041642391545,0.0011391118003946162,0.0006437943619726885
Wafe031a9dde0317b0006,0.006521230144690526,0.9106826412253641,0.000775476070035104,0.003754971822412752,0.003528584012721839,0.00026161176258487966,0.00894610034607943,0.006909905719161897,0.03135924859141788,0.003321365972476617,0.016568041642391545,0.0011391118003946162,0.0006437943619726885
Wb332d3101cf4d1c00000,0.01127728287852703,0.008020055209424618,0.06180831043409921,0.05171512332879967,0.09115878235024463,0.03992199110985871,0.07972340214621325,0.038114831960612654,0.014028810759084185,0.13774985539683118,0.05137727476199754,0.02998124402280428,0.10345167676523381
Wb332d3101cf4d1c00001,0.01127728287852703,0.008020055209424618,0.06180831043409921,0.05171512332879967,0.09115878235024463,0.03992199110985871,0.07972340214621325,0.038114831960612654,0.014028810759084185,0.13774985539683118,0.05137727476199754,0.02998124402280428,0.10345167676523381
Wb332d3101cf4d1c00002,0.01127728287852703,0.008020055209424618,0.06180831043409921,0.05171512332879967,0.09115878235024463,0.03992199110985871,0.07972340214621325,0.038114831960612654,0.014028810759084185,0.13774985539683118,0.05137727476199754,0.02998124402280428,0.10345167676523381
Wb332d3101cf4d1c00003,0.01127728287852703,0.008020055209424618,0.06180831043409921,0.05171512332879967,0.09115878235024463,0.03992199110985871,0.07972340214621325,0.038114831960612654,0.014028810759084185,0.13774985539683118,0.05137727476199754,0.02998124402280428,0.10345167676523381
Wb332d3101cf4d1c00004,0.01127728287852703,0.008020055209424618,0.06180831043409921,0.05171512332879967,0.09115878235024463,0.03992199110985871,0.07972340214621325,0.038114831960612654,0.014028810759084185,0.13774985539683118,0.05137727476199754,0.02998124402280428,0.10345167676523381
Wb332d3101cf4d1c00005,0.01127728287852703,0.008020055209424618,0.06180831043409921,0.05171512332879967,0.09115878235024463,0.03992199110985871,0.07972340214621325,0.038114831960612654,0.014028810759084185,0.13774985539683118,0.05137727476199754,0.02998124402280428,0.10345167676523381
Wb332d3101cf4d1c00006,0.01127728287852703,0.008020055209424618,0.06180831043409921,0.05171512332879967,0.09115878235024463,0.03992199110985871,0.07972340214621325,0.038114831960612654,0.014028810759084185,0.13774985539683118,0.05137727476199754,0.02998124402280428,0.10345167676523381
Wb37ad6ce89974d2f0000,0.01619899601254996,0.0033891758642716186,0.05346184601189629,0.047445131140772784,0.04853000747689528,0.05145769342761819,0.015935394771575132,0.013767272422685418,0.04537846117058888,0.09133097498709554,0.5159314259457686,0.016945366865704373,0.02234034707034656
Wb37ad6ce89974d2f0001,0.01619899601254996,0.0033891758642716186,0.05346184601189629,0.047445131140772784,0.04853000747689528,0.05145769342761819,0.015935394771575132,0.013767272422685418,0.04537846117058888,0.09133097498709554,0.5159314259457686,0.016945366865704373,0.02234034707034656
Wb37ad6ce89974d2f0002,0.01619899601254996,0.0033891758642716186,0.05346184601189629,0.047445131140772784,0.04853000747689528,0.05145769342761819,0.015935394771575132,0.013767272422685418,0.04537846117058888,0.09133097498709554,0.5159314259457686,0.016945366865704373,0.02234034707034656
Wb37ad6ce89974d2f0003,0.01619899601254996,0.0033891758642716186,0.05346184601189629,0.047445131140772784,0.04853000747689528,0.05145769342761819,0.015935394771575132,0.013767272422685418,0.04537846117058888,0.09133097498709554,0.5159314259457686,0.016945366865704373,0.02234034707034656
Wb37ad6ce89974d2f0004,0.01619899601254996,0.0033891758642716186,0.05346184601189629,0.047445131140772784,0.04853000747689528,0.05145769342761819,0.015935394771575132,0.013767272422685418,0.04537846117058888,0.09133097498709554,0.5159314259457686,0.016945366865704373,0.02234034707034656
Wb37ad6ce89974d2f0005,0.01619899601254996,0.0033891758642716186,0.05346184601189629,0.047445131140772784,0.04853000747689528,0.05145769342761819,0.015935394771575132,0.013767272422685418,0.04537846117058888,0.09133097498709554,0.5159314259457686,0.016945366865704373,0.02234034707034656
Wb37ad6ce89974d2f0006,0.01619899601254996,0.0033891758642716186,0.05346184601189629,0.047445131140772784,0.04853000747689528,0.05145769342761819,0.015935394771575132,0.013767272422685418,0.04537846117058888,0.09133097498709554,0.5159314259457686,0.016945366865704373,0.02234034707034656
Wb704079f55322cf10000,0.22588055198884335,0.011433446957273446,0.04828736477507511,0.07474330953584882,0.06207621347607022,0.03768638805080482,0.014196317027637389,0.08659628852694823,0.023233318465445085,0.1053485998273137,0.13538404034803797,0.03146905334287357,0.02671811994582109
Wb704079f55322cf10001,0.22588055198884335,0.011433446957273446,0.04828736477507511,0.07474330953584882,0.06207621347607022,0.03768638805080482,0.014196317027637389,0.08659628852694823,0.023233318465445085,0.1053485998273137,0.13538404034803797,0.03146905334287357,0.02671811994582109
Wb704079f55322cf10002,0.22588055198884335,0.011433446957273446,0.04828736477507511,0.07474330953584882,0.06207621347607022,0.03768638805080482,0.014196317027637389,0.08659628852694823,0.023233318465445085,0.1053485998273137,0.13538404034803797,0.03146905334287357,0.02671811994582109
Wb704079f55322cf10003,0.22588055198884335,0.011433446957273446,0.04828736477507511,0.07474330953584882,0.06207621347607022,0.03768638805080482,0.014196317027637389,0.08659628852694823,0.023233318465445085,0.1053485998273137,0.13538404034803797,0.03146905334287357,0.02671811994582109
Wb704079f55322cf10004,0.22588055198884335,0.011433446957273446,0.04828736477507511,0.07474330953584882,0.06207621347607022,0.03768638805080482,0.014196317027637389,0.08659628852694823,0.023233318465445085,0.1053485998273137,0.13538404034803797,0.03146905334287357,0.02671811994582109
Wb704079f55322cf10005,0.22588055198884335,0.011433446957273446,0.04828736477507511,0.07474330953584882,0.06207621347607022,0.03768638805080482,0.014196317027637389,0.08659628852694823,0.023233318465445085,0.1053485998273137,0.13538404034803797,0.03146905334287357,0.02671811994582109
Wb704079f55322cf10006,0.22588055198884335,0.011433446957273446,0.04828736477507511,0.07474330953584882,0.06207621347607022,0.03768638805080482,0.014196317027637389,0.08659628852694823,0.023233318465445085,0.1053485998273137,0.13538404034803797,0.03146905334287357,0.02671811994582109
Wb7130727df9f1e840000,0.013034322103827418,0.011518058359031556,0.06335945402628636,0.016558381369580818,0.031426021670983434,0.005417199823027654,0.049406474031729,0.019065148655819243,0.022479582995957058,0.01841724372228512,0.03277486146444683,0.00275772844588509,0.20553501382861983
Wb7130727df9f1e840001,0.013034322103827418,0.011518058359031556,0.06335945402628636,0.016558381369580818,0.031426021670983434,0.005417199823027654,0.049406474031729,0.019065148655819243,0.022479582995957058,0.01841724372228512,0.03277486146444683,0.00275772844588509,0.20553501382861983
Wb7130727df9f1e840002,0.013034322103827418,0.011518058359031556,0.06335945402628636,0.016558381369580818,0.031426021670983434,0.005417199823027654,0.049406474031729,0.019065148655819243,0.022479582995957058,0.01841724372228512,0.03277486146444683,0.00275772844588509,0.20553501382861983
Wb7130727df9f1e840003,0.013034322103827418,0.011518058359031556,0.06335945402628636,0.016558381369580818,0.031426021670983434,0.005417199823027654,0.049406474031729,0.019065148655819243,0.022479582995957058,0.01841724372228512,0.03277486146444683,0.00275772844588509,0.20553501382861983
Wb7130727df9f1e840004,0.013034322103827418,0.011518058359031556,0.06335945402628636,0.016558381369580818,0.031426021670983434,0.005417199823027654,0.049406474031729,0.019065148655819243,0.022479582995957058,0.01841724372228512,0.03277486146444683,0.00275772844588509,0.20553501382861983
Wb7130727df9f1e840005,0.013034322103827418,0.011518058359031556,0.06335945402628636,0.016558381369580818,0.031426021670983434,0.005417199823027654,0.049406474031729,0.019065148655819243,0.022479582995957058,0.01841724372228512,0.03277486146444683,0.00275772844588509,0.20553501382861983
Wb7130727df9f1e840006,0.013034322103827418,0.011518058359031556,0.06335945402628636,0.016558381369580818,0.031426021670983434,0.005417199823027654,0.049406474031729,0.019065148655819243,0.022479582995957058,0.01841724372228512,0.03277486146444683,0.00275772844588509,0.20553501382861983
Wb744190a6f40adfd0000,0.011377825739744192,0.003230535898342618,0.371924351639741,0.14470067726795222,0.07694792541261823,0.05533755355607936,0.03425871276784596,0.019048359585666755,0.0226000117460848,0.05749430276758735,0.023299052469029483,0.0032125600721092276,0.0578701680591394
Wb744190a6f40adfd0001,0.011377825739744192,0.003230535898342618,0.371924351639741,0.14470067726795222,0.07694792541261823,0.05533755355607936,0.03425871276784596,0.019048359585666755,0.0226000117460848,0.05749430276758735,0.023299052469029483,0.0032125600721092276,0.0578701680591394
Wb744190a6f40adfd0002,0.011377825739744192,0.003230535898342618,0.371924351639741,0.14470067726795222,0.07694792541261823,0.05533755355607936,0.03425871276784596,0.019048359585666755,0.0226000117460848,0.05749430276758735,0.023299052469029483,0.0032125600721092276,0.0578701680591394
Wb744190a6f40adfd0003,0.011377825739744192,0.003230535898342618,0.371924351639741,0.14470067726795222,0.07694792541261823,0.05533755355607936,0.03425871276784596,0.019048359585666755,0.0226000117460848,0.05749430276758735,0.023299052469029483,0.0032125600721092276,0.0578701680591394
Wb744190a6f40adfd0004,0.011377825739744192,0.003230535898342618,0.371924351639741,0.14470067726795222,0.07694792541261823,0.05533755355607936,0.03425871276784596,0.019048359585666755,0.0226000117460848,0.05749430276758735,0.023299052469029483,0.0032125600721092276,0.0578701680591394
Wb744190a6f40adfd0005,0.011377825739744192,0.003230535898342618,0.371924351639741,0.14470067726795222,0.07694792541261823,0.05533755355607936,0.03425871276784596,0.019048359585666755,0.0226000117460848,0.05749430276758735,0.023299052469029483,0.0032125600721092276,0.0578701680591394
Wb744190a6f40adfd0006,0.011377825739744192,0.003230535898342618,0.371924351639741,0.14470067726795222,0.07694792541261823,0.05533755355607936,0.03425871276784596,0.019048359585666755,0.0226000117460848,0.05749430276758735,0.023299052469029483,0.0032125600721092276,0.0578701680591394
Wb778ed4071abe0380000,0.008108653421845635,0.005843447332629979,0.027118781069608345,0.019398064156053326,0.022250115242134164,0.006262000242810649,0.03408261332280283,0.05142328202308019,0.03229051792440479,0.20441326961332196,0.06237837879549003,0.009994048741959295,0.04594854795477903
Wb778ed4071abe0380001,0.008108653421845635,0.005843447332629979,0.027118781069608345,0.019398064156053326,0.022250115242134164,0.006262000242810649,0.03408261332280283,0.05142328202308019,0.03229051792440479,0.20441326961332196,0.06237837879549003,0.009994048741959295,0.04594854795477903
Wb778ed4071abe0380002,0.008108653421845635,0.005843447332629979,0.027118781069608345,0.019398064156053326,0.022250115242134164,0.006262000242810649,0.03408261332280283,0.05142328202308019,0.03229051792440479,0.20441326961332196,0.06237837879549003,0.009994048741959295,0.04594854795477903
Wb778ed4071abe0380003,0.008108653421845635,0.005843447332629979,0.027118781069608345,0.019398064156053326,0.022250115242134164,0.006262000242810649,0.03408261332280283,0.05142328202308019,0.03229051792440479,0.20441326961332196,0.06237837879549003,0.009994048741959295,0.04594854795477903
Wb778ed4071abe0380004,0.008108653421845635,0.005843447332629979,0.027118781069608345,0.019398064156053326,0.022250115242134164,0.006262000242810649,0.03408261332280283,0.05142328202308019,0.03229051792440479,0.20441326961332196,0.06237837879549003,0.009994048741959295,0.04594854795477903
Wb778ed4071abe0380005,0.008108653421845635,0.005843447332629979,0.027118781069608345,0.019398064156053326,0.022250115242134164,0.006262000242810649,0.03408261332280283,0.05142328202308019,0.03229051792440479,0.20441326961332196,0.06237837879549003,0.009994048741959295,0.04594854795477903
Wb778ed4071abe0380006,0.008108653421845635,0.005843447332629979,0.027118781069608345,0.019398064156053326,0.022250115242134164,0.006262000242810649,0.03408261332280283,0.05142328202308019,0.03229051792440479,0.20441326961332196,0.06237837879549003,0.009994048741959295,0.04594854795477903
Wbb8c4883dd3019a00000,0.05098648668007264,0.004055766978483885,0.5591389741198042,0.09760220140700836,0.08217956469885564,0.025315524861645,0.02466941867857353,0.02658888440145776,0.01569175847456854,0.024870147196926436,0.009645198457291494,0.020134661033495538,0.015665858929005815
Wbb8c4883dd3019a00001,0.05098648668007264,0.004055766978483885,0.5591389741198042,0.09760220140700836,0.08217956469885564,0.025315524861645,0.02466941867857353,0.02658888440145776,0.01569175847456854,0.024870147196926436,0.009645198457291494,0.020134661033495538,0.015665858929005815
Wbb8c4883dd3019a00002,0.05098648668007264,0.004055766978483885,0.5591389741198042,0.09760220140700836,0.08217956469885564,0.025315524861645,0.02466941867857353,0.02658888440145776,0.01569175847456854,0.024870147196926436,0.009645198457291494,0.020134661033495538,0.015665858929005815
Wbb8c4883dd3019a00003,0.05098648668007264,0.004055766978483885,0.5591389741198042,0.09760220140700836,0.08217956469885564,0.025315524861645,0.02466941867857353,0.02658888440145776,0.01569175847456854,0.024870147196926436,0.009645198457291494,0.020134661033495538,0.015665858929005815
Wbb8c4883dd3019a00004,0.05098648668007264,0.004055766978483885,0.5591389741198042,0.09760220140700836,0.08217956469885564,0.025315524861645,0.02466941867857353,0.02658888440145776,0.01569175847456854,0.024870147196926436,0.009645198457291494,0.020134661033495538,0.015665858929005815
Wbb8c4883dd3019a00005,0.05098648668007264,0.004055766978483885,0.5591389741198042,0.09760220140700836,0.08217956469885564,0.025315524861645,0.02466941867857353,0.02658888440145776,0.01569175847456854,0.024870147196926436,0.009645198457291494,0.020134661033495538,0.015665858929005815
Wbb8c4883dd3019a00006,0.05098648668007264,0.004055766978483885,0.5591389741198042,0.09760220140700836,0.08217956469885564,0.025315524861645,0.02466941867857353,0.02658888440145776,0.01569175847456854,0.024870147196926436,0.009645198457291494,0.020134661033495538,0.015665858929005815
Wbc1297dd69eb83c70000,0.0032024409278236126,0.03464233543923867,0.02395053661202419,0.02296239221859905,0.022381797353885267,0.011998586116091508,0.7376372300403297,0.0054051789695842055,0.0029554098118044414,0.01228191565621844,0.027360089772281,0.0030811619409959992,0.034898051457760086
Wbc1297dd69eb83c70001,0.0032024409278236126,0.03464233543923867,0.02395053661202419,0.02296239221859905,0.022381797353885267,0.011998586116091508,0.7376372300403297,0.0054051789695842055,0.0029554098118044414,0.01228191565621844,0.027360089772281,0.0030811619409959992,0.034898051457760086
Wbc1297dd69eb83c70002,0.0032024409278236126,0.03464233543923867,0.02395053661202419,0.02296239221859905,0.022381797353885267,0.011998586116091508,0.7376372300403297,0.0054051789695842055,0.0029554098118044414,0.01228191565621844,0.027360089772281,0.0030811619409959992,0.034898051457760086
Wbc1297dd69eb83c70003,0.0032024409278236126,0.03464233543923867,0.02395053661202419,0.02296239221859905,0.022381797353885267,0.011998586116091508,0.7376372300403297,0.0054051789695842055,0.0029554098118044414,0.01228191565621844,0.027360089772281,0.0030811619409959992,0.034898051457760086
Wbc1297dd69eb83c70004,0.0032024409278236126,0.03464233543923867,0.02395053661202419,0.02296239221859905,0.022381797353885267,0.011998586116091508,0.7376372300403297,0.0054051789695842055,0.0029554098118044414,0.01228191565621844,0.027360089772281,0.0030811619409959992,0.034898051457760086
Wbc1297dd69eb83c70005,0.0032024409278236126,0.03464233543923867,0.02395053661202419,0.02296239221859905,0.022381797353885267,0.011998586116091508,0.7376372300403297,0.0054051789695842055,0.0029554098118044414,0.01228191565621844,0.027360089772281,0.0030811619409959992,0.034898051457760086
Wbc1297dd69eb83c70006,0.0032024409278236126,0.03464233543923867,0.02395053661202419,0.02296239221859905,0.022381797353885267,0.011998586116091508,0.7376372300403297,0.0054051789695842055,0.0029554098118044414,0.01228191565621844,0.027360089772281,0.0030811619409959992,0.034898051457760086
Wbc29bbe3ceddcefb0000,0.0011585696585960487,0.011266487229707215,0.03408531059416907,0.005001270610531012,0.010895744503933855,0.0042313522311888735,0.005016077490583408,0.11810341060589949,0.2845728556656749,0.14155437628370135,0.2611999801146137,0.002624225021232498,0.07365581737544688
Wbc29bbe3ceddcefb0001,0.0011585696585960487,0.011266487229707215,0.03408531059416907,0.005001270610531012,0.010895744503933855,0.0042313522311888735,0.005016077490583408,0.11810341060589949,0.2845728556656749,0.14155437628370135,0.2611999801146137,0.002624225021232498,0.07365581737544688
Wbc29bbe3ceddcefb0002,0.0011585696585960487,0.011266487229707215,0.03408531059416907,0.005001270610531012,0.010895744503933855,0.0042313522311888735,0.005016077490583408,0.11810341060589949,0.2845728556656749,0.14155437628370135,0.2611999801146137,0.002624225021232498,0.07365581737544688
Wbc29bbe3ceddcefb0003,0.0011585696585960487,0.011266487229707215,0.03408531059416907,0.005001270610531012,0.010895744503933855,0.0042313522311888735,0.005016077490583408,0.11810341060589949,0.2845728556656749,0.14155437628370135,0.2611999801146137,0.002624225021232498,0.07365581737544688
Wbc29bbe3ceddcefb0004,0.0011585696585960487,0.011266487229707215,0.03408531059416907,0.005001270610531012,0.010895744503933855,0.0042313522311888735,0.005016077490583408,0.11810341060589949,0.2845728556656749,0.14155437628370135,0.2611999801146137,0.002624225021232498,0.07365581737544688
Wbc29bbe3ceddcefb0005,0.0011585696585960487,0.011266487229707215,0.03408531059416907,0.005001270610531012,0.010895744503933855,0.0042313522311888735,0.005016077490583408,0.11810341060589949,0.2845728556656749,0.14155437628370135,0.2611999801146137,0.002624225021232498,0.07365581737544688
Wbc29bbe3ceddcefb0006,0.0011585696585960487,0.011266487229707215,0.03408531059416907,0.005001270610531012,0.010895744503933855,0.0042313522311888735,0.005016077490583408,0.11810341060589949,0.2845728556656749,0.14155437628370135,0.2611999801146137,0.002624225021232498,0.07365581737544688
Wbc43cd69cb14bab70000,0.006695418720683069,0.0024130093804331605,0.03460017917459215,0.008317604244552211,0.014307193086400974,0.6421968480498995,0.0041289213796101825,0.0017429706652107608,0.000651147229267494,0.0030967522876162823,0.00325591891680474,0.27312608222231144,0.0035054801764282067
Wbc43cd69cb14bab70001,0.006695418720683069,0.0024130093804331605,0.03460017917459215,0.008317604244552211,0.014307193086400974,0.6421968480498995,0.0041289213796101825,0.0017429706652107608,0.000651147229267494,0.0030967522876162823,0.00325591891680474,0.27312608222231144,0.0035054801764282067
Wbc43cd69cb14bab70002,0.006695418720683069,0.0024130093804331605,0.03460017917459215,0.008317604244552211,0.014307193086400974,0.6421968480498995,0.0041289213796101825,0.0017429706652107608,0.000651147229267494,0.0030967522876162823,0.00325591891680474,0.27312608222231144,0.0035054801764282067
Wbc43cd69cb14bab70003,0.006695418720683069,0.0024130093804331605,0.03460017917459215,0.008317604244552211,0.014307193086400974,0.6421968480498995,0.0041289213796101825,0.0017429706652107608,0.000651147229267494,0.0030967522876162823,0.00325591891680474,0.27312608222231144,0.0035054801764282067
Wbc43cd69cb14bab70004,0.006695418720683069,0.0024130093804331605,0.03460017917459215,0.008317604244552211,0.014307193086400974,0.6421968480498995,0.0041289213796101825,0.0017429706652107608,0.000651147229267494,0.0030967522876162823,0.00325591891680474,0.27312608222231144,0.0035054801764282067
Wbc43cd69cb14bab70005,0.006695418720683069,0.0024130093804331605,0.03460017917459215,0.008317604244552211,0.014307193086400974,0.6421968480498995,0.0041289213796101825,0.0017429706652107608,0.000651147229267494,0.0030967522876162823,0.00325591891680474,0.27312608222231144,0.0035054801764282067
Wbc43cd69cb14bab70006,0.006695418720683069,0.0024130093804331605,0.03460017917459215,0.008317604244552211,0.014307193086400974,0.6421968480498995,0.0041289213796101825,0.0017429706652107608,0.000651147229267494,0.0030967522876162823,0.00325591891680474,0.27312608222231144,0.0035054801764282067
Wbdd0baed9376e5c00000,0.3646496911658663,0.003696020308467017,0.06858998738071626,0.04377560341474336,0.02533151972096977,0.021853077455391993,0.019217410040195792,0.018951877252154827,0.006210530361062041,0.23397713749934007,0.013211530155993764,0.020260565538486687,0.04372665904057063
Wbdd0baed9376e5c00001,0.3646496911658663,0.003696020308467017,0.06858998738071626,0.04377560341474336,0.02533151972096977,0.021853077455391993,0.019217410040195792,0.018951877252154827,0.006210530361062041,0.23397713749934007,0.013211530155993764,0.020260565538486687,0.04372665904057063
Wbdd0baed9376e5c00002,0.3646496911658663,0.003696020308467017,0.06858998738071626,0.04377560341474336,0.02533151972096977,0.021853077455391993,0.019217410040195792,0.018951877252154827,0.006210530361062041,0.23397713749934007,0.013211530155993764,0.020260565538486687,0.04372665904057063
Wbdd0baed9376e5c00003,0.3646496911658663,0.003696020308467017,0.06858998738071626,0.04377560341474336,0.02533151972096977,0.021853077455391993,0.019217410040195792,0.018951877252154827,0.006210530361062041,0.23397713749934007,0.013211530155993764,0.020260565538486687,0.04372665904057063
Wbdd0baed9376e5c00004,0.3646496911658663,0.003696020308467017,0.06858998738071626,0.04377560341474336,0.02533151972096977,0.021853077455391993,0.019217410040195792,0.018951877252154827,0.006210530361062041,0.23397713749934007,0.013211530155993764,0.020260565538486687,0.04372665904057063
Wbdd0baed9376e5c00005,0.3646496911658663,0.003696020308467017,0.06858998738071626,0.04377560341474336,0.02533151972096977,0.021853077455391993,0.019217410040195792,0.018951877252154827,0.006210530361062041,0.23397713749934007,0.013211530155993764,0.020260565538486687,0.04372665904057063
Wbdd0baed9376e5c00006,0.3646496911658663,0.003696020308467017,0.06858998738071626,0.04377560341474336,0.02533151972096977,0.021853077455391993,0.019217410040195792,0.018951877252154827,0.006210530361062041,0.23397713749934007,0.013211530155993764,0.020260565538486687,0.04372665904057063
Wbde569410fe8e49f0000,0.019377154887666972,0.007081647698068206,0.053189955307517855,0.257214074738289,0.03995870159361878,0.02619040369086853,0.011204839961303266,0.014613730895098265,0.01416441365360994,0.051601028249992145,0.018583904721125945,0.004844995810779449,0.03853656868484567
Wbde569410fe8e49f0001,0.019377154887666972,0.007081647698068206,0.053189955307517855,0.257214074738289,0.03995870159361878,0.02619040369086853,0.011204839961303266,0.014613730895098265,0.01416441365360994,0.051601028249992145,0.018583904721125945,0.004844995810779449,0.03853656868484567
Wbde569410fe8e49f0002,0.019377154887666972,0.007081647698068206,0.053189955307517855,0.257214074738289,0.03995870159361878,0.02619040369086853,0.011204839961303266,0.014613730895098265,0.01416441365360994,0.051601028249992145,0.018583904721125945,0.004844995810779449,0.03853656868484567
Wbde569410fe8e49f0003,0.019377154887666972,0.007081647698068206,0.053189955307517855,0.257214074738289,0.03995870159361878,0.02619040369086853,0.011204839961303266,0.014613730895098265,0.01416441365360994,0.051601028249992145,0.018583904721125945,0.004844995810779449,0.03853656868484567
Wbde569410fe8e49f0004,0.019377154887666972,0.007081647698068206,0.053189955307517855,0.257214074738289,0.03995870159361878,0.02619040369086853,0.011204839961303266,0.014613730895098265,0.01416441365360994,0.051601028249992145,0.018583904721125945,0.004844995810779449,0.03853656868484567
Wbde569410fe8e49f0005,0.019377154887666972,0.007081647698068206,0.053189955307517855,0.257214074738289,0.03995870159361878,0.02619040369086853,0.011204839961303266,0.014613730895098265,0.01416441365360994,0.051601028249992145,0.018583904721125945,0.004844995810779449,0.03853656868484567
Wbde569410fe8e49f0006,0.019377154887666972,0.007081647698068206,0.053189955307517855,0.257214074738289,0.03995870159361878,0.02619040369086853,0.011204839961303266,0.014613730895098265,0.01416441365360994,0.051601028249992145,0.018583904721125945,0.004844995810779449,0.03853656868484567
Wbeaec377d94993050000,0.011008541944765544,0.0011044320628147586,0.020329559245679005,0.011636501133162603,0.011556534203751712,0.4602916024781643,0.003267783544680396,0.004503786443066149,0.00013567355618053037,0.002607835261202779,0.0023738652121118617,0.4697632800430048,0.0009556302972672317
Wbeaec377d94993050001,0.011008541944765544,0.0011044320628147586,0.020329559245679005,0.011636501133162603,0.011556534203751712,0.4602916024781643,0.003267783544680396,0.004503786443066149,0.00013567355618053037,0.002607835261202779,0.0023738652121118617,0.4697632800430048,0.0009556302972672317
Wbeaec377d94993050002,0.011008541944765544,0.0011044320628147586,0.020329559245679005,0.011636501133162603,0.011556534203751712,0.4602916024781643,0.003267783544680396,0.004503786443066149,0.00013567355618053037,0.002607835261202779,0.0023738652121118617,0.4697632800430048,0.0009556302972672317
Wbeaec377d94993050003,0.011008541944765544,0.0011044320628147586,0.020329559245679005,0.011636501133162603,0.011556534203751712,0.4602916024781643,0.003267783544680396,0.004503786443066149,0.00013567355618053037,0.002607835261202779,0.0023738652121118617,0.4697632800430048,0.0009556302972672317
Wbeaec377d94993050004,0.011008541944765544,0.0011044320628147586,0.020329559245679005,0.011636501133162603,0.011556534203751712,0.4602916024781643,0.003267783544680396,0.004503786443066149,0.00013567355618053037,0.002607835261202779,0.0023738652121118617,0.4697632800430048,0.0009556302972672317
Wbeaec377d94993050005,0.011008541944765544,0.0011044320628147586,0.020329559245679005,0.011636501133162603,0.011556534203751712,0.4602916024781643,0.003267783544680396,0.004503786443066149,0.00013567355618053037,0.002607835261202779,0.0023738652121118617,0.4697632800430048,0.0009556302972672317
Wbeaec377d94993050006,0.011008541944765544,0.0011044320628147586,0.020329559245679005,0.011636501133162603,0.011556534203751712,0.4602916024781643,0.003267783544680396,0.004503786443066149,0.00013567355618053037,0.002607835261202779,0.0023738652121118617,0.4697632800430048,0.0009556302972672317
Wbef72f581e29cf990000,0.013658759918402607,0.017156533156969866,0.11530626206225444,0.03117788869951186,0.0478185310352431,0.0412144119798691,0.35868952245295355,0.02766598413968287,0.04395579883819867,0.021540132230143758,0.07223315726547463,0.015702289218163412,0.03114243113228272
Wbef72f581e29cf990001,0.013658759918402607,0.017156533156969866,0.11530626206225444,0.03117788869951186,0.0478185310352431,0.0412144119798691,0.35868952245295355,0.02766598413968287,0.04395579883819867,0.021540132230143758,0.07223315726547463,0.015702289218163412,0.03114243113228272
Wbef72f581e29cf990002,0.013658759918402607,0.017156533156969866,0.11530626206225444,0.03117788869951186,0.0478185310352431,0.0412144119798691,0.35868952245295355,0.02766598413968287,0.04395579883819867,0.021540132230143758,0.07223315726547463,0.015702289218163412,0.03114243113228272
Wbef72f581e29cf990003,0.013658759918402607,0.017156533156969866,0.11530626206225444,0.03117788869951186,0.0478185310352431,0.0412144119798691,0.35868952245295355,0.02766598413968287,0.04395579883819867,0.021540132230143758,0.07223315726547463,0.015702289218163412,0.03114243113228272
Wbef72f581e29cf990004,0.013658759918402607,0.017156533156969866,0.11530626206225444,0.03117788869951186,0.0478185310352431,0.0412144119798691,0.35868952245295355,0.02766598413968287,0.04395579883819867,0.021540132230143758,0.07223315726547463,0.015702289218163412,0.03114243113228272
Wbef72f581e29cf990005,0.013658759918402607,0.017156533156969866,0.11530626206225444,0.03117788869951186,0.0478185310352431,0.0412144119798691,0.35868952245295355,0.02766598413968287,0.04395579883819867,0.021540132230143758,0.07223315726547463,0.015702289218163412,0.03114243113228272
Wbef72f581e29cf990006,0.013658759918402607,0.017156533156969866,0.11530626206225444,0.03117788869951186,0.0478185310352431,0.0412144119798691,0.35868952245295355,0.02766598413968287,0.04395579883819867,0.021540132230143758,0.07223315726547463,0.015702289218163412,0.03114243113228272
Wc132f976421ef79e0000,0.004719804758183818,0.007415551811491888,0.11807079238480926,0.02718504683381044,0.02682799043520733,0.014959205167993246,0.026503173671553738,0.032826571616331186,0.0917228331825032,0.2113323056166542,0.042650681203525394,0.00652860897627296,0.20688108459795287
Wc132f976421ef79e0001,0.004719804758183818,0.007415551811491888,0.11807079238480926,0.02718504683381044,0.02682799043520733,0.014959205167993246,0.026503173671553738,0.032826571616331186,0.0917228331825032,0.2113323056166542,0.042650681203525394,0.00652860897627296,0.20688108459795287
Wc132f976421ef79e0002,0.004719804758183818,0.007415551811491888,0.11807079238480926,0.02718504683381044,0.02682799043520733,0.014959205167993246,0.026503173671553738,0.032826571616331186,0.0917228331825032,0.2113323056166542,0.042650681203525394,0.00652860897627296,0.20688108459795287
Wc132f976421ef79e0003,0.004719804758183818,0.007415551811491888,0.11807079238480926,0.02718504683381044,0.02682799043520733,0.014959205167993246,0.026503173671553738,0.032826571616331186,0.0917228331825032,0.2113323056166542,0.042650681203525394,0.00652860897627296,0.20688108459795287
Wc132f976421ef79e0004,0.004719804758183818,0.007415551811491888,0.11807079238480926,0.02718504683381044,0.02682799043520733,0.014959205167993246,0.026503173671553738,0.032826571616331186,0.0917228331825032,0.2113323056166542,0.042650681203525394,0.00652860897627296,0.20688108459795287
Wc132f976421ef79e0005,0.004719804758183818,0.007415551811491888,0.11807079238480926,0.02718504683381044,0.02682799043520733,0.014959205167993246,0.026503173671553738,0.032826571616331186,0.0917228331825032,0.2113323056166542,0.042650681203525394,0.00652860897627296,0.20688108459795287
Wc132f976421ef79e0006,0.004719804758183818,0.007415551811491888,0.11807079238480926,0.02718504683381044,0.02682799043520733,0.014959205167993246,0.026503173671553738,0.032826571616331186,0.0917228331825032,0.2113323056166542,0.042650681203525394,0.00652860897627296,0.20688108459795287
Wc446c80bb89bb5ff0000,0.7989673052393177,0.005372371373595589,0.03529517256910407,0.014805435042303517,0.007955985967192823,0.01145913705843522,0.017656114028976346,0.011910300656965878,0.001753181616102326,0.03753430306464363,0.004409066990673306,0.005914941880065947,0.008741675799901991
Wc446c80bb89bb5ff0001,0.7989673052393177,0.005372371373595589,0.03529517256910407,0.014805435042303517,0.007955985967192823,0.01145913705843522,0.017656114028976346,0.011910300656965878,0.001753181616102326,0.03753430306464363,0.004409066990673306,0.005914941880065947,0.008741675799901991
Wc446c80bb89bb5ff0002,0.7989673052393177,0.005372371373595589,0.03529517256910407,0.014805435042303517,0.007955985967192823,0.01145913705843522,0.017656114028976346,0.011910300656965878,0.001753181616102326,0.03753430306464363,0.004409066990673306,0.005914941880065947,0.008741675799901991
Wc446c80bb89bb5ff0003,0.7989673052393177,0.005372371373595589,0.03529517256910407,0.014805435042303517,0.007955985967192823,0.01145913705843522,0.017656114028976346,0.011910300656965878,0.001753181616102326,0.03753430306464363,0.004409066990673306,0.005914941880065947,0.008741675799901991
Wc446c80bb89bb5ff0004,0.7989673052393177,0.005372371373595589,0.03529517256910407,0.014805435042303517,0.007955985967192823,0.01145913705843522,0.017656114028976346,0.011910300656965878,0.001753181616102326,0.03753430306464363,0.004409066990673306,0.005914941880065947,0.008741675799901991
Wc446c80bb89bb5ff0005,0.7989673052393177,0.005372371373595589,0.03529517256910407,0.014805435042303517,0.007955985967192823,0.01145913705843522,0.017656114028976346,0.011910300656965878,0.001753181616102326,0.03753430306464363,0.004409066990673306,0.005914941880065947,0.008741675799901991
Wc446c80bb89bb5ff0006,0.7989673052393177,0.005372371373595589,0.03529517256910407,0.014805435042303517,0.007955985967192823,0.01145913705843522,0.017656114028976346,0.011910300656965878,0.001753181616102326,0.03753430306464363,0.004409066990673306,0.005914941880065947,0.008741675799901991
Wc4d73b3dd10bb6550000,0.030076750520872924,0.09951175072912884,0.030542009268901323,0.020696806570856482,0.09876013262427838,0.0315538126358908,0.02887304974924686,0.10569253044743077,0.04794400661845779,0.09268111084813994,0.2881209267897256,0.012881357209721533,0.026293707596830578
Wc4d73b3dd10bb6550001,0.030076750520872924,0.09951175072912884,0.030542009268901323,0.020696806570856482,0.09876013262427838,0.0315538126358908,0.02887304974924686,0.10569253044743077,0.04794400661845779,0.09268111084813994,0.2881209267897256,0.012881357209721533,0.026293707596830578
Wc4d73b3dd10bb6550002,0.030076750520872924,0.09951175072912884,0.030542009268901323,0.020696806570856482,0.09876013262427838,0.0315538126358908,0.02887304974924686,0.10569253044743077,0.04794400661845779,0.09268111084813994,0.2881209267897256,0.012881357209721533,0.026293707596830578
Wc4d73b3dd10bb6550003,0.030076750520872924,0.09951175072912884,0.030542009268901323,0.020696806570856482,0.09876013262427838,0.0315538126358908,0.02887304974924686,0.10569253044743077,0.04794400661845779,0.09268111084813994,0.2881209267897256,0.012881357209721533,0.026293707596830578
Wc4d73b3dd10bb6550004,0.030076750520872924,0.09951175072912884,0.030542009268901323,0.020696806570856482,0.09876013262427838,0.0315538126358908,0.02887304974924686,0.10569253044743077,0.04794400661845779,0.09268111084813994,0.2881209267897256,0.012881357209721533,0.026293707596830578
Wc4d73b3dd10bb6550005,0.030076750520872924,0.09951175072912884,0.030542009268901323,0.020696806570856482,0.09876013262427838,0.0315538126358908,0.02887304974924686,0.10569253044743077,0.04794400661845779,0.09268111084813994,0.2881209267897256,0.012881357209721533,0.026293707596830578
Wc4d73b3dd10bb6550006,0.030076750520872924,0.09951175072912884,0.030542009268901323,0.020696806570856482,0.09876013262427838,0.0315538126358908,0.02887304974924686,0.10569253044743077,0.04794400661845779,0.09268111084813994,0.2881209267897256,0.012881357209721533,0.026293707596830578
Wc57515d8229271fc0000,0.0017159393845288748,0.914169555968032,0.00039263542211152614,0.0032535747080178617,0.0013504543396437062,0.0006719665584408683,0.003043807772291096,0.005162930361406243,0.04461302107766019,0.0006578130897453534,0.019231118214910674,0.0009446303967757447,0.0004072327284912036
Wc57515d8229271fc0001,0.0017159393845288748,0.914169555968032,0.00039263542211152614,0.0032535747080178617,0.0013504543396437062,0.0006719665584408683,0.003043807772291096,0.005162930361406243,0.04461302107766019,0.0006578130897453534,0.019231118214910674,0.0009446303967757447,0.0004072327284912036
Wc57515d8229271fc0002,0.0017159393845288748,0.914169555968032,0.00039263542211152614,0.0032535747080178617,0.0013504543396437062,0.0006719665584408683,0.003043807772291096,0.005162930361406243,0.04461302107766019,0.0006578130897453534,0.019231118214910674,0.0009446303967757447,0.0004072327284912036
Wc57515d8229271fc0003,0.0017159393845288748,0.914169555968032,0.00039263542211152614,0.0032535747080178617,0.0013504543396437062,0.0006719665584408683,0.003043807772291096,0.005162930361406243,0.04461302107766019,0.0006578130897453534,0.019231118214910674,0.0009446303967757447,0.0004072327284912036
Wc57515d8229271fc0004,0.0017159393845288748,0.914169555968032,0.00039263542211152614,0.0032535747080178617,0.0013504543396437062,0.0006719665584408683,0.003043807772291096,0.005162930361406243,0.04461302107766019,0.0006578130897453534,0.019231118214910674,0.0009446303967757447,0.0004072327284912036
Wc57515d8229271fc0005,0.0017159393845288748,0.914169555968032,0.00039263542211152614,0.0032535747080178617,0.0013504543396437062,0.0006719665584408683,0.003043807772291096,0.005162930361406243,0.04461302107766019,0.0006578130897453534,0.019231118214910674,0.0009446303967757447,0.0004072327284912036
Wc57515d8229271fc0006,0.0017159393845288748,0.914169555968032,0.00039263542211152614,0.0032535747080178617,0.0013504543396437062,0.0006719665584408683,0.003043807772291096,0.005162930361406243,0.04461302107766019,0.0006578130897453534,0.019231118214910674,0.0009446303967757447,0.0004072327284912036
Wc5996b4fa3dbcce70000,0.020183411897210388,0.0028480752532321326,0.2065439051776669,0.18379954851631702,0.3570598488477218,0.04155171219062245,0.05772660835285757,0.009183585306780746,0.007602269804676546,0.013723363857872782,0.00968127600012559,0.04153469198285714,0.019169532560524873
Wc5996b4fa3dbcce70001,0.020183411897210388,0.0028480752532321326,0.2065439051776669,0.18379954851631702,0.3570598488477218,0.04155171219062245,0.05772660835285757,0.009183585306780746,0.007602269804676546,0.013723363857872782,0.00968127600012559,0.04153469198285714,0.019169532560524873
Wc5996b4fa3dbcce70002,0.020183411897210388,0.0028480752532321326,0.2065439051776669,0.18379954851631702,0.3570598488477218,0.04155171219062245,0.05772660835285757,0.009183585306780746,0.007602269804676546,0.013723363857872782,0.00968127600012559,0.04153469198285714,0.019169532560524873
Wc5996b4fa3dbcce70003,0.020183411897210388,0.0028480752532321326,0.2065439051776669,0.18379954851631702,0.3570598488477218,0.04155171219062245,0.05772660835285757,0.009183585306780746,0.007602269804676546,0.013723363857872782,0.00968127600012559,0.04153469198285714,0.019169532560524873
Wc5996b4fa3dbcce70004,0.020183411897210388,0.0028480752532321326,0.2065439051776669,0.18379954851631702,0.3570598488477218,0.04155171219062245,0.05772660835285757,0.009183585306780746,0.007602269804676546,0.013723363857872782,0.00968127600012559,0.04153469198285714,0.019169532560524873
Wc5996b4fa3dbcce70005,0.020183411897210388,0.0028480752532321326,0.2065439051776669,0.18379954851631702,0.3570598488477218,0.04155171219062245,0.05772660835285757,0.009183585306780746,0.007602269804676546,0.013723363857872782,0.00968127600012559,0.04153469198285714,0.019169532560524873
Wc5996b4fa3dbcce70006,0.020183411897210388,0.0028480752532321326,0.2065439051776669,0.18379954851631702,0.3570598488477218,0.04155171219062245,0.05772660835285757,0.009183585306780746,0.007602269804676546,0.013723363857872782,0.00968127600012559,0.04153469198285714,0.019169532560524873
Wc5dabfe82b90ea9a0000,0.04207987180643905,0.00287753903182906,0.23975840378595034,0.2467993372251322,0.19929292996128098,0.07400871491349738,0.013949556715836602,0.02054821373074675,0.007574989278898968,0.028692159611697892,0.02347620456228025,0.0203742829543367,0.021271788830138524
Wc5dabfe82b90ea9a0001,0.04207987180643905,0.00287753903182906,0.23975840378595034,0.2467993372251322,0.19929292996128098,0.07400871491349738,0.013949556715836602,0.02054821373074675,0.007574989278898968,0.028692159611697892,0.02347620456228025,0.0203742829543367,0.021271788830138524
Wc5dabfe82b90ea9a0002,0.04207987180643905,0.00287753903182906,0.23975840378595034,0.2467993372251322,0.19929292996128098,0.07400871491349738,0.013949556715836602,0.02054821373074675,0.007574989278898968,0.028692159611697892,0.02347620456228025,0.0203742829543367,0.021271788830138524
Wc5dabfe82b90ea9a0003,0.04207987180643905,0.00287753903182906,0.23975840378595034,0.2467993372251322,0.19929292996128098,0.07400871491349738,0.013949556715836602,0.02054821373074675,0.007574989278898968,0.028692159611697892,0.02347620456228025,0.0203742829543367,0.021271788830138524
Wc5dabfe82b90ea9a0004,0.04207987180643905,0.00287753903182906,0.23975840378595034,0.2467993372251322,0.19929292996128098,0.07400871491349738,0.013949556715836602,0.02054821373074675,0.007574989278898968,0.028692159611697892,0.02347620456228025,0.0203742829543367,0.021271788830138524
Wc5dabfe82b90ea9a0005,0.04207987180643905,0.00287753903182906,0.23975840378595034,0.2467993372251322,0.19929292996128098,0.07400871491349738,0.013949556715836602,0.02054821373074675,0.007574989278898968,0.028692159611697892,0.02347620456228025,0.0203742829543367,0.021271788830138524
Wc5dabfe82b90ea9a0006,0.04207987180643905,0.00287753903182906,0.23975840378595034,0.2467993372251322,0.19929292996128098,0.07400871491349738,0.013949556715836602,0.02054821373074675,0.007574989278898968,0.028692159611697892,0.02347620456228025,0.0203742829543367,0.021271788830138524
Wc6ea7f21070970a90000,0.03165545284819787,0.6203103515904475,0.02238157753902783,0.03155909616720907,0.02819463366795769,0.00777182372125012,0.14695698707546292,0.008313065373956027,0.005408392774968665,0.01373812523412767,0.022799306151323754,0.0069335680862047475,0.014018481560062433
Wc6ea7f21070970a90001,0.03165545284819787,0.6203103515904475,0.02238157753902783,0.03155909616720907,0.02819463366795769,0.00777182372125012,0.14695698707546292,0.008313065373956027,0.005408392774968665,0.01373812523412767,0.022799306151323754,0.0069335680862047475,0.014018481560062433
Wc6ea7f21070970a90002,0.03165545284819787,0.6203103515904475,0.02238157753902783,0.03155909616720907,0.02819463366795769,0.00777182372125012,0.14695698707546292,0.008313065373956027,0.005408392774968665,0.01373812523412767,0.022799306151323754,0.0069335680862047475,0.014018481560062433
Wc6ea7f21070970a90003,0.03165545284819787,0.6203103515904475,0.02238157753902783,0.03155909616720907,0.02819463366795769,0.00777182372125012,0.14695698707546292,0.008313065373956027,0.005408392774968665,0.01373812523412767,0.022799306151323754,0.0069335680862047475,0.014018481560062433
Wc6ea7f21070970a90004,0.03165545284819787,0.6203103515904475,0.02238157753902783,0.03155909616720907,0.02819463366795769,0.00777182372125012,0.14695698707546292,0.008313065373956027,0.005408392774968665,0.01373812523412767,0.022799306151323754,0.0069335680862047475,0.014018481560062433
Wc6ea7f21070970a90005,0.03165545284819787,0.6203103515904475,0.02238157753902783,0.03155909616720907,0.02819463366795769,0.00777182372125012,0.14695698707546292,0.008313065373956027,0.005408392774968665,0.01373812523412767,0.022799306151323754,0.0069335680862047475,0.014018481560062433
Wc6ea7f21070970a90006,0.03165545284819787,0.6203103515904475,0.02238157753902783,0.03155909616720907,0.02819463366795769,0.00777182372125012,0.14695698707546292,0.008313065373956027,0.005408392774968665,0.01373812523412767,0.022799306151323754,0.0069335680862047475,0.014018481560062433
Wc71266a645637d7b0000,0.017133394489737802,0.8123384547944571,0.02109052770694274,0.015439972240969078,0.021587378324098416,0.0024425739608009045,0.042225947673497174,0.011578654523679576,0.0024202083246870976,0.005344810549188282,0.016714474598122562,0.00860228238051781,0.0074521564345606025
Wc71266a645637d7b0001,0.017133394489737802,0.8123384547944571,0.02109052770694274,0.015439972240969078,0.021587378324098416,0.0024425739608009045,0.042225947673497174,0.011578654523679576,0.0024202083246870976,0.005344810549188282,0.016714474598122562,0.00860228238051781,0.0074521564345606025
Wc71266a645637d7b0002,0.017133394489737802,0.8123384547944571,0.02109052770694274,0.015439972240969078,0.021587378324098416,0.0024425739608009045,0.042225947673497174,0.011578654523679576,0.0024202083246870976,0.005344810549188282,0.016714474598122562,0.00860228238051781,0.0074521564345606025
Wc71266a645637d7b0003,0.017133394489737802,0.8123384547944571,0.02109052770694274,0.015439972240969078,0.021587378324098416,0.0024425739608009045,0.042225947673497174,0.011578654523679576,0.0024202083246870976,0.005344810549188282,0.016714474598122562,0.00860228238051781,0.0074521564345606025
Wc71266a645637d7b0004,0.017133394489737802,0.8123384547944571,0.02109052770694274,0.015439972240969078,0.021587378324098416,0.0024425739608009045,0.042225947673497174,0.011578654523679576,0.0024202083246870976,0.005344810549188282,0.016714474598122562,0.00860228238051781,0.0074521564345606025
Wc71266a645637d7b0005,0.017133394489737802,0.8123384547944571,0.02109052770694274,0.015439972240969078,0.021587378324098416,0.0024425739608009045,0.042225947673497174,0.011578654523679576,0.0024202083246870976,0.005344810549188282,0.016714474598122562,0.00860228238051781,0.0074521564345606025
Wc71266a645637d7b0006,0.017133394489737802,0.8123384547944571,0.02109052770694274,0.015439972240969078,0.021587378324098416,0.0024425739608009045,0.042225947673497174,0.011578654523679576,0.0024202083246870976,0.005344810549188282,0.016714474598122562,0.00860228238051781,0.0074521564345606025
Wc7ab4b9a55950dab0000,0.008360163940277027,0.020566907439660907,0.053167135560954155,0.04672025580265357,0.04201553601567562,0.00718475133614155,0.1105035663063352,0.02579228792321934,0.024841561203005114,0.02588091900595456,0.2749218630979748,0.01047124421173295,0.04971205565482837
Wc7ab4b9a55950dab0001,0.008360163940277027,0.020566907439660907,0.053167135560954155,0.04672025580265357,0.04201553601567562,0.00718475133614155,0.1105035663063352,0.02579228792321934,0.024841561203005114,0.02588091900595456,0.2749218630979748,0.01047124421173295,0.04971205565482837
Wc7ab4b9a55950dab0002,0.008360163940277027,0.020566907439660907,0.053167135560954155,0.04672025580265357,0.04201553601567562,0.00718475133614155,0.1105035663063352,0.02579228792321934,0.024841561203005114,0.02588091900595456,0.2749218630979748,0.01047124421173295,0.04971205565482837
Wc7ab4b9a55950dab0003,0.008360163940277027,0.020566907439660907,0.053167135560954155,0.04672025580265357,0.04201553601567562,0.00718475133614155,0.1105035663063352,0.02579228792321934,0.024841561203005114,0.02588091900595456,0.2749218630979748,0.01047124421173295,0.04971205565482837
Wc7ab4b9a55950dab0004,0.008360163940277027,0.020566907439660907,0.053167135560954155,0.04672025580265357,0.04201553601567562,0.00718475133614155,0.1105035663063352,0.02579228792321934,0.024841561203005114,0.02588091900595456,0.2749218630979748,0.01047124421173295,0.04971205565482837
Wc7ab4b9a55950dab0005,0.008360163940277027,0.020566907439660907,0.053167135560954155,0.04672025580265357,0.04201553601567562,0.00718475133614155,0.1105035663063352,0.02579228792321934,0.024841561203005114,0.02588091900595456,0.2749218630979748,0.01047124421173295,0.04971205565482837
Wc7ab4b9a55950dab0006,0.008360163940277027,0.020566907439660907,0.053167135560954155,0.04672025580265357,0.04201553601567562,0.00718475133614155,0.1105035663063352,0.02579228792321934,0.024841561203005114,0.02588091900595456,0.2749218630979748,0.01047124421173295,0.04971205565482837
Wc8ea48ec838d9beb0000,0.011882492186294145,0.007770586111232253,0.24170351537726154,0.03905503968152213,0.03758597839481476,0.06579969245539453,0.23275420703992555,0.015010038778065667,0.029961788131496084,0.018740236458141095,0.057755587525248196,0.011729070300286994,0.06233905354856026
Wc8ea48ec838d9beb0001,0.011882492186294145,0.007770586111232253,0.24170351537726154,0.03905503968152213,0.03758597839481476,0.06579969245539453,0.23275420703992555,0.015010038778065667,0.029961788131496084,0.018740236458141095,0.057755587525248196,0.011729070300286994,0.06233905354856026
Wc8ea48ec838d9beb0002,0.011882492186294145,0.007770586111232253,0.24170351537726154,0.03905503968152213,0.03758597839481476,0.06579969245539453,0.23275420703992555,0.015010038778065667,0.029961788131496084,0.018740236458141095,0.057755587525248196,0.011729070300286994,0.06233905354856026
Wc8ea48ec838d9beb0003,0.011882492186294145,0.007770586111232253,0.24170351537726154,0.03905503968152213,0.03758597839481476,0.06579969245539453,0.23275420703992555,0.015010038778065667,0.029961788131496084,0.018740236458141095,0.057755587525248196,0.011729070300286994,0.06233905354856026
Wc8ea48ec838d9beb0004,0.011882492186294145,0.007770586111232253,0.24170351537726154,0.03905503968152213,0.03758597839481476,0.06579969245539453,0.23275420703992555,0.015010038778065667,0.029961788131496084,0.018740236458141095,0.057755587525248196,0.011729070300286994,0.06233905354856026
Wc8ea48ec838d9beb0005,0.011882492186294145,0.007770586111232253,0.24170351537726154,0.03905503968152213,0.03758597839481476,0.06579969245539453,0.23275420703992555,0.015010038778065667,0.029961788131496084,0.018740236458141095,0.057755587525248196,0.011729070300286994,0.06233905354856026
Wc8ea48ec838d9beb0006,0.011882492186294145,0.007770586111232253,0.24170351537726154,0.03905503968152213,0.03758597839481476,0.06579969245539453,0.23275420703992555,0.015010038778065667,0.029961788131496084,0.018740236458141095,0.057755587525248196,0.011729070300286994,0.06233905354856026
Wca152ae15fea4f2e0000,0.01911589402902936,0.8782687070227179,0.01018228006290554,0.005947006755748908,0.01042781622277637,0.005161760260320538,0.02403597947540282,0.004128009191173749,0.002858678447030971,0.005858388780887006,0.009063552315219383,0.006638196414111233,0.004138897992475909
Wca152ae15fea4f2e0001,0.01911589402902936,0.8782687070227179,0.01018228006290554,0.005947006755748908,0.01042781622277637,0.005161760260320538,0.02403597947540282,0.004128009191173749,0.002858678447030971,0.005858388780887006,0.009063552315219383,0.006638196414111233,0.004138897992475909
Wca152ae15fea4f2e0002,0.01911589402902936,0.8782687070227179,0.01018228006290554,0.005947006755748908,0.01042781622277637,0.005161760260320538,0.02403597947540282,0.004128009191173749,0.002858678447030971,0.005858388780887006,0.009063552315219383,0.006638196414111233,0.004138897992475909
Wca152ae15fea4f2e0003,0.01911589402902936,0.8782687070227179,0.01018228006290554,0.005947006755748908,0.01042781622277637,0.005161760260320538,0.02403597947540282,0.004128009191173749,0.002858678447030971,0.005858388780887006,0.009063552315219383,0.006638196414111233,0.004138897992475909
Wca152ae15fea4f2e0004,0.01911589402902936,0.8782687070227179,0.01018228006290554,0.005947006755748908,0.01042781622277637,0.005161760260320538,0.02403597947540282,0.004128009191173749,0.002858678447030971,0.005858388780887006,0.009063552315219383,0.006638196414111233,0.004138897992475909
Wca152ae15fea4f2e0005,0.01911589402902936,0.8782687070227179,0.01018228006290554,0.005947006755748908,0.01042781622277637,0.005161760260320538,0.02403597947540282,0.004128009191173749,0.002858678447030971,0.005858388780887006,0.009063552315219383,0.006638196414111233,0.004138897992475909
Wca152ae15fea4f2e0006,0.01911589402902936,0.8782687070227179,0.01018228006290554,0.005947006755748908,0.01042781622277637,0.005161760260320538,0.02403597947540282,0.004128009191173749,0.002858678447030971,0.005858388780887006,0.009063552315219383,0.006638196414111233,0.004138897992475909
Wcb6954925b3070d00000,0.005787700049028085,0.0039122550501236,0.028448358712743285,0.015597642044512266,0.026564696777184035,0.01836589637047191,0.010344041652194857,0.10513845335639246,0.18926930408143997,0.03175399412198016,0.38897982271206843,0.005781866719925116,0.012793949149440867
Wcb6954925b3070d00001,0.005787700049028085,0.0039122550501236,0.028448358712743285,0.015597642044512266,0.026564696777184035,0.01836589637047191,0.010344041652194857,0.10513845335639246,0.18926930408143997,0.03175399412198016,0.38897982271206843,0.005781866719925116,0.012793949149440867
Wcb6954925b3070d00002,0.005787700049028085,0.0039122550501236,0.028448358712743285,0.015597642044512266,0.026564696777184035,0.01836589637047191,0.010344041652194857,0.10513845335639246,0.18926930408143997,0.03175399412198016,0.38897982271206843,0.005781866719925116,0.012793949149440867
Wcb6954925b3070d00003,0.005787700049028085,0.0039122550501236,0.028448358712743285,0.015597642044512266,0.026564696777184035,0.01836589637047191,0.010344041652194857,0.10513845335639246,0.18926930408143997,0.03175399412198016,0.38897982271206843,0.005781866719925116,0.012793949149440867
Wcb6954925b3070d00004,0.005787700049028085,0.0039122550501236,0.028448358712743285,0.015597642044512266,0.026564696777184035,0.01836589637047191,0.010344041652194857,0.10513845335639246,0.18926930408143997,0.03175399412198016,0.38897982271206843,0.005781866719925116,0.012793949149440867
Wcb6954925b3070d00005,0.005787700049028085,0.0039122550501236,0.028448358712743285,0.015597642044512266,0.026564696777184035,0.01836589637047191,0.010344041652194857,0.10513845335639246,0.18926930408143997,0.03175399412198016,0.38897982271206843,0.005781866719925116,0.012793949149440867
Wcb6954925b3070d00006,0.005787700049028085,0.0039122550501236,0.028448358712743285,0.015597642044512266,0.026564696777184035,0.01836589637047191,0.010344041652194857,0.10513845335639246,0.18926930408143997,0.03175399412198016,0.38897982271206843,0.005781866719925116,0.012793949149440867
Wcbfffdfdecb25d9f0000,0.007781145837429896,0.0015746191717868686,0.5674695769055066,0.14224994854915346,0.09254155398800856,0.052446664277404284,0.01778981526013171,0.0017153659312250684,0.004739213638666378,0.004398111290661199,0.0020492628170596197,0.09154414418684657,0.008944883709429004
Wcbfffdfdecb25d9f0001,0.007781145837429896,0.0015746191717868686,0.5674695769055066,0.14224994854915346,0.09254155398800856,0.052446664277404284,0.01778981526013171,0.0017153659312250684,0.004739213638666378,0.004398111290661199,0.0020492628170596197,0.09154414418684657,0.008944883709429004
Wcbfffdfdecb25d9f0002,0.007781145837429896,0.0015746191717868686,0.5674695769055066,0.14224994854915346,0.09254155398800856,0.052446664277404284,0.01778981526013171,0.0017153659312250684,0.004739213638666378,0.004398111290661199,0.0020492628170596197,0.09154414418684657,0.008944883709429004
Wcbfffdfdecb25d9f0003,0.007781145837429896,0.0015746191717868686,0.5674695769055066,0.14224994854915346,0.09254155398800856,0.052446664277404284,0.01778981526013171,0.0017153659312250684,0.004739213638666378,0.004398111290661199,0.0020492628170596197,0.09154414418684657,0.008944883709429004
Wcbfffdfdecb25d9f0004,0.007781145837429896,0.0015746191717868686,0.5674695769055066,0.14224994854915346,0.09254155398800856,0.052446664277404284,0.01778981526013171,0.0017153659312250684,0.004739213638666378,0.004398111290661199,0.0020492628170596197,0.09154414418684657,0.008944883709429004
Wcbfffdfdecb25d9f0005,0.007781145837429896,0.0015746191717868686,0.5674695769055066,0.14224994854915346,0.09254155398800856,0.052446664277404284,0.01778981526013171,0.0017153659312250684,0.004739213638666378,0.004398111290661199,0.0020492628170596197,0.09154414418684657,0.008944883709429004
Wcbfffdfdecb25d9f0006,0.007781145837429896,0.0015746191717868686,0.5674695769055066,0.14224994854915346,0.09254155398800856,0.052446664277404284,0.01778981526013171,0.0017153659312250684,0.004739213638666378,0.004398111290661199,0.0020492628170596197,0.09154414418684657,0.008944883709429004
Wcc1d8419a2bafe770000,0.010776692021015027,0.006219990421906436,0.03380343930258114,0.05181047021158519,0.06884293850810223,0.028307297651455142,0.03983169378506065,0.06400113296180966,0.3524615788124798,0.05130960760502339,0.07959100909109805,0.012074305844210898,0.022773019464871556
Wcc1d8419a2bafe770001,0.010776692021015027,0.006219990421906436,0.03380343930258114,0.05181047021158519,0.06884293850810223,0.028307297651455142,0.03983169378506065,0.06400113296180966,0.3524615788124798,0.05130960760502339,0.07959100909109805,0.012074305844210898,0.022773019464871556
Wcc1d8419a2bafe770002,0.010776692021015027,0.006219990421906436,0.03380343930258114,0.05181047021158519,0.06884293850810223,0.028307297651455142,0.03983169378506065,0.06400113296180966,0.3524615788124798,0.05130960760502339,0.07959100909109805,0.012074305844210898,0.022773019464871556
Wcc1d8419a2bafe770003,0.010776692021015027,0.006219990421906436,0.03380343930258114,0.05181047021158519,0.06884293850810223,0.028307297651455142,0.03983169378506065,0.06400113296180966,0.3524615788124798,0.05130960760502339,0.07959100909109805,0.012074305844210898,0.022773019464871556
Wcc1d8419a2bafe770004,0.010776692021015027,0.006219990421906436,0.03380343930258114,0.05181047021158519,0.06884293850810223,0.028307297651455142,0.03983169378506065,0.06400113296180966,0.3524615788124798,0.05130960760502339,0.07959100909109805,0.012074305844210898,0.022773019464871556
Wcc1d8419a2bafe770005,0.010776692021015027,0.006219990421906436,0.03380343930258114,0.05181047021158519,0.06884293850810223,0.028307297651455142,0.03983169378506065,0.06400113296180966,0.3524615788124798,0.05130960760502339,0.07959100909109805,0.012074305844210898,0.022773019464871556
Wcc1d8419a2bafe770006,0.010776692021015027,0.006219990421906436,0.03380343930258114,0.05181047021158519,0.06884293850810223,0.028307297651455142,0.03983169378506065,0.06400113296180966,0.3524615788124798,0.05130960760502339,0.07959100909109805,0.012074305844210898,0.022773019464871556
Wccb0089e24aa28300000,0.003931584241819382,0.09809511326004895,0.019359978707056826,0.03588637348717788,0.021728012388750252,0.005237903424979483,0.025736139485714734,0.027345363979469902,0.1070156756758033,0.029709191063568115,0.46443792328019146,0.01518844713423748,0.032429638682198815
Wccb0089e24aa28300001,0.003931584241819382,0.09809511326004895,0.019359978707056826,0.03588637348717788,0.021728012388750252,0.005237903424979483,0.025736139485714734,0.027345363979469902,0.1070156756758033,0.029709191063568115,0.46443792328019146,0.01518844713423748,0.032429638682198815
Wccb0089e24aa28300002,0.003931584241819382,0.09809511326004895,0.019359978707056826,0.03588637348717788,0.021728012388750252,0.005237903424979483,0.025736139485714734,0.027345363979469902,0.1070156756758033,0.029709191063568115,0.46443792328019146,0.01518844713423748,0.032429638682198815
Wccb0089e24aa28300003,0.003931584241819382,0.09809511326004895,0.019359978707056826,0.03588637348717788,0.021728012388750252,0.005237903424979483,0.025736139485714734,0.027345363979469902,0.1070156756758033,0.029709191063568115,0.46443792328019146,0.01518844713423748,0.032429638682198815
Wccb0089e24aa28300004,0.003931584241819382,0.09809511326004895,0.019359978707056826,0.03588637348717788,0.021728012388750252,0.005237903424979483,0.025736139485714734,0.027345363979469902,0.1070156756758033,0.029709191063568115,0.46443792328019146,0.01518844713423748,0.032429638682198815
Wccb0089e24aa28300005,0.003931584241819382,0.09809511326004895,0.019359978707056826,0.03588637348717788,0.021728012388750252,0.005237903424979483,0.025736139485714734,0.027345363979469902,0.1070156756758033,0.029709191063568115,0.46443792328019146,0.01518844713423748,0.032429638682198815
Wccb0089e24aa28300006,0.003931584241819382,0.09809511326004895,0.019359978707056826,0.03588637348717788,0.021728012388750252,0.005237903424979483,0.025736139485714734,0.027345363979469902,0.1070156756758033,0.029709191063568115,0.46443792328019146,0.01518844713423748,0.032429638682198815
Wcdafd0c1c160088f0000,0.009939719379308293,0.0011056099025705914,0.04315357333893117,0.023685767773357184,0.0277473007974217,0.01377296003827765,0.027890383273837752,0.800319446002713,0.005724705170781662,0.008775373252343623,0.006557869001576223,0.008026222285764157,0.002748002003662294
Wcdafd0c1c160088f0001,0.009939719379308293,0.0011056099025705914,0.04315357333893117,0.023685767773357184,0.0277473007974217,0.01377296003827765,0.027890383273837752,0.800319446002713,0.005724705170781662,0.008775373252343623,0.006557869001576223,0.008026222285764157,0.002748002003662294
Wcdafd0c1c160088f0002,0.009939719379308293,0.0011056099025705914,0.04315357333893117,0.023685767773357184,0.0277473007974217,0.01377296003827765,0.027890383273837752,0.800319446002713,0.005724705170781662,0.008775373252343623,0.006557869001576223,0.008026222285764157,0.002748002003662294
Wcdafd0c1c160088f0003,0.009939719379308293,0.0011056099025705914,0.04315357333893117,0.023685767773357184,0.0277473007974217,0.01377296003827765,0.027890383273837752,0.800319446002713,0.005724705170781662,0.008775373252343623,0.006557869001576223,0.008026222285764157,0.002748002003662294
Wcdafd0c1c160088f0004,0.009939719379308293,0.0011056099025705914,0.04315357333893117,0.023685767773357184,0.0277473007974217,0.01377296003827765,0.027890383273837752,0.800319446002713,0.005724705170781662,0.008775373252343623,0.006557869001576223,0.008026222285764157,0.002748002003662294
Wcdafd0c1c160088f0005,0.009939719379308293,0.0011056099025705914,0.04315357333893117,0.023685767773357184,0.0277473007974217,0.01377296003827765,0.027890383273837752,0.800319446002713,0.005724705170781662,0.008775373252343623,0.006557869001576223,0.008026222285764157,0.002748002003662294
Wcdafd0c1c160088f0006,0.009939719379308293,0.0011056099025705914,0.04315357333893117,0.023685767773357184,0.0277473007974217,0.01377296003827765,0.027890383273837752,0.800319446002713,0.005724705170781662,0.008775373252343623,0.006557869001576223,0.008026222285764157,0.002748002003662294
Wce11436042f2d8240000,0.005690042491390269,0.005341581658747966,0.04019765355182892,0.02906375302246699,0.032976391461974223,0.007675909147243572,0.038656728970288594,0.015415337197905454,0.023856027385242333,0.022727186778894168,0.03003456667691833,0.011309744378720354,0.09287191739955143
Wce11436042f2d8240001,0.005690042491390269,0.005341581658747966,0.04019765355182892,0.02906375302246699,0.032976391461974223,0.007675909147243572,0.038656728970288594,0.015415337197905454,0.023856027385242333,0.022727186778894168,0.03003456667691833,0.011309744378720354,0.09287191739955143
Wce11436042f2d8240002,0.005690042491390269,0.005341581658747966,0.04019765355182892,0.02906375302246699,0.032976391461974223,0.007675909147243572,0.038656728970288594,0.015415337197905454,0.023856027385242333,0.022727186778894168,0.03003456667691833,0.011309744378720354,0.09287191739955143
Wce11436042f2d8240003,0.005690042491390269,0.005341581658747966,0.04019765355182892,0.02906375302246699,0.032976391461974223,0.007675909147243572,0.038656728970288594,0.015415337197905454,0.023856027385242333,0.022727186778894168,0.03003456667691833,0.011309744378720354,0.09287191739955143
Wce11436042f2d8240004,0.005690042491390269,0.005341581658747966,0.04019765355182892,0.02906375302246699,0.032976391461974223,0.007675909147243572,0.038656728970288594,0.015415337197905454,0.023856027385242333,0.022727186778894168,0.03003456667691833,0.011309744378720354,0.09287191739955143
Wce11436042f2d8240005,0.005690042491390269,0.005341581658747966,0.04019765355182892,0.02906375302246699,0.032976391461974223,0.007675909147243572,0.038656728970288594,0.015415337197905454,0.023856027385242333,0.022727186778894168,0.03003456667691833,0.011309744378720354,0.09287191739955143
Wce11436042f2d8240006,0.005690042491390269,0.005341581658747966,0.04019765355182892,0.02906375302246699,0.032976391461974223,0.007675909147243572,0.038656728970288594,0.015415337197905454,0.023856027385242333,0.022727186778894168,0.03003456667691833,0.011309744378720354,0.09287191739955143
Wd14ef862c437481f0000,0.008778735975087873,0.0014380700227229802,0.03599715469757364,0.011760033857876783,0.019878559791052013,0.26244662998424373,0.0038269808079954993,0.007881253221481073,0.002081566404790671,0.002153917097574943,0.0009305538502853707,0.6135763208904398,0.02544044795556524
Wd14ef862c437481f0001,0.008778735975087873,0.0014380700227229802,0.03599715469757364,0.011760033857876783,0.019878559791052013,0.26244662998424373,0.0038269808079954993,0.007881253221481073,0.002081566404790671,0.002153917097574943,0.0009305538502853707,0.6135763208904398,0.02544044795556524
Wd14ef862c437481f0002,0.008778735975087873,0.0014380700227229802,0.03599715469757364,0.011760033857876783,0.019878559791052013,0.26244662998424373,0.0038269808079954993,0.007881253221481073,0.002081566404790671,0.002153917097574943,0.0009305538502853707,0.6135763208904398,0.02544044795556524
Wd14ef862c437481f0003,0.008778735975087873,0.0014380700227229802,0.03599715469757364,0.011760033857876783,0.019878559791052013,0.26244662998424373,0.0038269808079954993,0.007881253221481073,0.002081566404790671,0.002153917097574943,0.0009305538502853707,0.6135763208904398,0.02544044795556524
Wd14ef862c437481f0004,0.008778735975087873,0.0014380700227229802,0.03599715469757364,0.011760033857876783,0.019878559791052013,0.26244662998424373,0.0038269808079954993,0.007881253221481073,0.002081566404790671,0.002153917097574943,0.0009305538502853707,0.6135763208904398,0.02544044795556524
Wd14ef862c437481f0005,0.008778735975087873,0.0014380700227229802,0.03599715469757364,0.011760033857876783,0.019878559791052013,0.26244662998424373,0.0038269808079954993,0.007881253221481073,0.002081566404790671,0.002153917097574943,0.0009305538502853707,0.6135763208904398,0.02544044795556524
Wd14ef862c437481f0006,0.008778735975087873,0.0014380700227229802,0.03599715469757364,0.011760033857876783,0.019878559791052013,0.26244662998424373,0.0038269808079954993,0.007881253221481073,0.002081566404790671,0.002153917097574943,0.0009305538502853707,0.6135763208904398,0.02544044795556524
Wd1c5aada37093e340000,0.037725854133327595,0.024933051133787295,0.09069608085274555,0.028653756272086803,0.06812563677011589,0.02311554395578178,0.0246940973309814,0.09381846243061728,0.05014804060245051,0.04502243944019071,0.14658960356412992,0.06393481805498324,0.09155634820084066
Wd1c5aada37093e340001,0.037725854133327595,0.024933051133787295,0.09069608085274555,0.028653756272086803,0.06812563677011589,0.02311554395578178,0.0246940973309814,0.09381846243061728,0.05014804060245051,0.04502243944019071,0.14658960356412992,0.06393481805498324,0.09155634820084066
Wd1c5aada37093e340002,0.037725854133327595,0.024933051133787295,0.09069608085274555,0.028653756272086803,0.06812563677011589,0.02311554395578178,0.0246940973309814,0.09381846243061728,0.05014804060245051,0.04502243944019071,0.14658960356412992,0.06393481805498324,0.09155634820084066
Wd1c5aada37093e340003,0.037725854133327595,0.024933051133787295,0.09069608085274555,0.028653756272086803,0.06812563677011589,0.02311554395578178,0.0246940973309814,0.09381846243061728,0.05014804060245051,0.04502243944019071,0.14658960356412992,0.06393481805498324,0.09155634820084066
Wd1c5aada37093e340004,0.037725854133327595,0.024933051133787295,0.09069608085274555,0.028653756272086803,0.06812563677011589,0.02311554395578178,0.0246940973309814,0.09381846243061728,0.05014804060245051,0.04502243944019071,0.14658960356412992,0.06393481805498324,0.09155634820084066
Wd1c5aada37093e340005,0.037725854133327595,0.024933051133787295,0.09069608085274555,0.028653756272086803,0.06812563677011589,0.02311554395578178,0.0246940973309814,0.09381846243061728,0.05014804060245051,0.04502243944019071,0.14658960356412992,0.06393481805498324,0.09155634820084066
Wd1c5aada37093e340006,0.037725854133327595,0.024933051133787295,0.09069608085274555,0.028653756272086803,0.06812563677011589,0.02311554395578178,0.0246940973309814,0.09381846243061728,0.05014804060245051,0.04502243944019071,0.14658960356412992,0.06393481805498324,0.09155634820084066
Wd50e6c5c6ebd461a0000,0.0088749571388705,0.0036697838730829165,0.03716770301928942,0.017533540593235537,0.018533616309879968,0.004805935221234057,0.027232728274080742,0.08322901781019638,0.011512901958348554,0.02133067732259995,0.04872528558264893,0.01402506312374306,0.07239433495861296
Wd50e6c5c6ebd461a0001,0.0088749571388705,0.0036697838730829165,0.03716770301928942,0.017533540593235537,0.018533616309879968,0.004805935221234057,0.027232728274080742,0.08322901781019638,0.011512901958348554,0.02133067732259995,0.04872528558264893,0.01402506312374306,0.07239433495861296
Wd50e6c5c6ebd461a0002,0.0088749571388705,0.0036697838730829165,0.03716770301928942,0.017533540593235537,0.018533616309879968,0.004805935221234057,0.027232728274080742,0.08322901781019638,0.011512901958348554,0.02133067732259995,0.04872528558264893,0.01402506312374306,0.07239433495861296
Wd50e6c5c6ebd461a0003,0.0088749571388705,0.0036697838730829165,0.03716770301928942,0.017533540593235537,0.018533616309879968,0.004805935221234057,0.027232728274080742,0.08322901781019638,0.011512901958348554,0.02133067732259995,0.04872528558264893,0.01402506312374306,0.07239433495861296
Wd50e6c5c6ebd461a0004,0.0088749571388705,0.0036697838730829165,0.03716770301928942,0.017533540593235537,0.018533616309879968,0.004805935221234057,0.027232728274080742,0.08322901781019638,0.011512901958348554,0.02133067732259995,0.04872528558264893,0.01402506312374306,0.07239433495861296
Wd50e6c5c6ebd461a0005,0.0088749571388705,0.0036697838730829165,0.03716770301928942,0.017533540593235537,0.018533616309879968,0.004805935221234057,0.027232728274080742,0.08322901781019638,0.011512901958348554,0.02133067732259995,0.04872528558264893,0.01402506312374306,0.07239433495861296
Wd50e6c5c6ebd461a0006,0.0088749571388705,0.0036697838730829165,0.03716770301928942,0.017533540593235537,0.018533616309879968,0.004805935221234057,0.027232728274080742,0.08322901781019638,0.011512901958348554,0.02133067732259995,0.04872528558264893,0.01402506312374306,0.07239433495861296
Wd5d870a7ea096bfc0000,0.0062709344998571614,0.029093507792492763,0.015612253495860802,0.00601631105306183,0.016164543329885928,0.008126506317086694,0.010595453447520239,0.7797741725136305,0.004164658938991388,0.053280143488525694,0.012925096169400898,0.00678186400720224,0.006001667964164258
Wd5d870a7ea096bfc0001,0.0062709344998571614,0.029093507792492763,0.015612253495860802,0.00601631105306183,0.016164543329885928,0.008126506317086694,0.010595453447520239,0.7797741725136305,0.004164658938991388,0.053280143488525694,0.012925096169400898,0.00678186400720224,0.006001667964164258
Wd5d870a7ea096bfc0002,0.0062709344998571614,0.029093507792492763,0.015612253495860802,0.00601631105306183,0.016164543329885928,0.008126506317086694,0.010595453447520239,0.7797741725136305,0.004164658938991388,0.053280143488525694,0.012925096169400898,0.00678186400720224,0.006001667964164258
Wd5d870a7ea096bfc0003,0.0062709344998571614,0.029093507792492763,0.015612253495860802,0.00601631105306183,0.016164543329885928,0.008126506317086694,0.010595453447520239,0.7797741725136305,0.004164658938991388,0.053280143488525694,0.012925096169400898,0.00678186400720224,0.006001667964164258
Wd5d870a7ea096bfc0004,0.0062709344998571614,0.029093507792492763,0.015612253495860802,0.00601631105306183,0.016164543329885928,0.008126506317086694,0.010595453447520239,0.7797741725136305,0.004164658938991388,0.053280143488525694,0.012925096169400898,0.00678186400720224,0.006001667964164258
Wd5d870a7ea096bfc0005,0.0062709344998571614,0.029093507792492763,0.015612253495860802,0.00601631105306183,0.016164543329885928,0.008126506317086694,0.010595453447520239,0.7797741725136305,0.004164658938991388,0.053280143488525694,0.012925096169400898,0.00678186400720224,0.006001667964164258
Wd5d870a7ea096bfc0006,0.0062709344998571614,0.029093507792492763,0.015612253495860802,0.00601631105306183,0.016164543329885928,0.008126506317086694,0.010595453447520239,0.7797741725136305,0.004164658938991388,0.053280143488525694,0.012925096169400898,0.00678186400720224,0.006001667964164258
Wd62ebc7d6eab5fbc0000,0.0366647115915611,0.006111436830221364,0.23180486333254685,0.1144164763993296,0.047063551313567514,0.2998520387908876,0.026645480464526902,0.003864485345805802,0.004937399631264066,0.004768321137610903,0.003902593414888425,0.17784673940456047,0.033788095801885014
Wd62ebc7d6eab5fbc0001,0.0366647115915611,0.006111436830221364,0.23180486333254685,0.1144164763993296,0.047063551313567514,0.2998520387908876,0.026645480464526902,0.003864485345805802,0.004937399631264066,0.004768321137610903,0.003902593414888425,0.17784673940456047,0.033788095801885014
Wd62ebc7d6eab5fbc0002,0.0366647115915611,0.006111436830221364,0.23180486333254685,0.1144164763993296,0.047063551313567514,0.2998520387908876,0.026645480464526902,0.003864485345805802,0.004937399631264066,0.004768321137610903,0.003902593414888425,0.17784673940456047,0.033788095801885014
Wd62ebc7d6eab5fbc0003,0.0366647115915611,0.006111436830221364,0.23180486333254685,0.1144164763993296,0.047063551313567514,0.2998520387908876,0.026645480464526902,0.003864485345805802,0.004937399631264066,0.004768321137610903,0.003902593414888425,0.17784673940456047,0.033788095801885014
Wd62ebc7d6eab5fbc0004,0.0366647115915611,0.006111436830221364,0.23180486333254685,0.1144164763993296,0.047063551313567514,0.2998520387908876,0.026645480464526902,0.003864485345805802,0.004937399631264066,0.004768321137610903,0.003902593414888425,0.17784673940456047,0.033788095801885014
Wd62ebc7d6eab5fbc0005,0.0366647115915611,0.006111436830221364,0.23180486333254685,0.1144164763993296,0.047063551313567514,0.2998520387908876,0.026645480464526902,0.003864485345805802,0.004937399631264066,0.004768321137610903,0.003902593414888425,0.17784673940456047,0.033788095801885014
Wd62ebc7d6eab5fbc0006,0.0366647115915611,0.006111436830221364,0.23180486333254685,0.1144164763993296,0.047063551313567514,0.2998520387908876,0.026645480464526902,0.003864485345805802,0.004937399631264066,0.004768321137610903,0.003902593414888425,0.17784673940456047,0.033788095801885014
Wd6c28a4102d20bda0000,0.002570495480263255,0.0038528109072972004,0.018030244301063317,0.004727412134814248,0.00812812377903057,0.008290196576142907,0.0055605012774177995,0.6825064661122521,0.03268682514151052,0.13538995143004026,0.015679482332756844,0.0043041610810306535,0.017348114634920756
Wd6c28a4102d20bda0001,0.002570495480263255,0.0038528109072972004,0.018030244301063317,0.004727412134814248,0.00812812377903057,0.008290196576142907,0.0055605012774177995,0.6825064661122521,0.03268682514151052,0.13538995143004026,0.015679482332756844,0.0043041610810306535,0.017348114634920756
Wd6c28a4102d20bda0002,0.002570495480263255,0.0038528109072972004,0.018030244301063317,0.004727412134814248,0.00812812377903057,0.008290196576142907,0.0055605012774177995,0.6825064661122521,0.03268682514151052,0.13538995143004026,0.015679482332756844,0.0043041610810306535,0.017348114634920756
Wd6c28a4102d20bda0003,0.002570495480263255,0.0038528109072972004,0.018030244301063317,0.004727412134814248,0.00812812377903057,0.008290196576142907,0.0055605012774177995,0.6825064661122521,0.03268682514151052,0.13538995143004026,0.015679482332756844,0.0043041610810306535,0.017348114634920756
Wd6c28a4102d20bda0004,0.002570495480263255,0.0038528109072972004,0.018030244301063317,0.004727412134814248,0.00812812377903057,0.008290196576142907,0.0055605012774177995,0.6825064661122521,0.03268682514151052,0.13538995143004026,0.015679482332756844,0.0043041610810306535,0.017348114634920756
Wd6c28a4102d20bda0005,0.002570495480263255,0.0038528109072972004,0.018030244301063317,0.004727412134814248,0.00812812377903057,0.008290196576142907,0.0055605012774177995,0.6825064661122521,0.03268682514151052,0.13538995143004026,0.015679482332756844,0.0043041610810306535,0.017348114634920756
Wd6c28a4102d20bda0006,0.002570495480263255,0.0038528109072972004,0.018030244301063317,0.004727412134814248,0.00812812377903057,0.008290196576142907,0.0055605012774177995,0.6825064661122521,0.03268682514151052,0.13538995143004026,0.015679482332756844,0.0043041610810306535,0.017348114634920756
Wd6c781b1a87beb650000,0.0040022671683923195,0.00024314474061422665,0.05899114234081225,0.011928095519520211,0.011984534207462937,0.7443819288989824,0.017172789498350105,0.00042878024442954667,9.271880798482423e-05,0.0017603734771059036,0.00038314444239012315,0.14488959233214846,0.002819770048091452
Wd6c781b1a87beb650001,0.0040022671683923195,0.00024314474061422665,0.05899114234081225,0.011928095519520211,0.011984534207462937,0.7443819288989824,0.017172789498350105,0.00042878024442954667,9.271880798482423e-05,0.0017603734771059036,0.00038314444239012315,0.14488959233214846,0.002819770048091452
Wd6c781b1a87beb650002,0.0040022671683923195,0.00024314474061422665,0.05899114234081225,0.011928095519520211,0.011984534207462937,0.7443819288989824,0.017172789498350105,0.00042878024442954667,9.271880798482423e-05,0.0017603734771059036,0.00038314444239012315,0.14488959233214846,0.002819770048091452
Wd6c781b1a87beb650003,0.0040022671683923195,0.00024314474061422665,0.05899114234081225,0.011928095519520211,0.011984534207462937,0.7443819288989824,0.017172789498350105,0.00042878024442954667,9.271880798482423e-05,0.0017603734771059036,0.00038314444239012315,0.14488959233214846,0.002819770048091452
Wd6c781b1a87beb650004,0.0040022671683923195,0.00024314474061422665,0.05899114234081225,0.011928095519520211,0.011984534207462937,0.7443819288989824,0.017172789498350105,0.00042878024442954667,9.271880798482423e-05,0.0017603734771059036,0.00038314444239012315,0.14488959233214846,0.002819770048091452
Wd6c781b1a87beb650005,0.0040022671683923195,0.00024314474061422665,0.05899114234081225,0.011928095519520211,0.011984534207462937,0.7443819288989824,0.017172789498350105,0.00042878024442954667,9.271880798482423e-05,0.0017603734771059036,0.00038314444239012315,0.14488959233214846,0.002819770048091452
Wd6c781b1a87beb650006,0.0040022671683923195,0.00024314474061422665,0.05899114234081225,0.011928095519520211,0.011984534207462937,0.7443819288989824,0.017172789498350105,0.00042878024442954667,9.271880798482423e-05,0.0017603734771059036,0.00038314444239012315,0.14488959233214846,0.002819770048091452
Wd70ef012bf2c69f10000,0.021391827282454326,0.004670474420913757,0.0534187350197279,0.0745172550915724,0.12584297512594303,0.02768716426812545,0.028222910316873663,0.03799266150811816,0.2604071919520144,0.017551001286372818,0.2551736630211859,0.031559843387222966,0.017927670099979302
Wd70ef012bf2c69f10001,0.021391827282454326,0.004670474420913757,0.0534187350197279,0.0745172550915724,0.12584297512594303,0.02768716426812545,0.028222910316873663,0.03799266150811816,0.2604071919520144,0.017551001286372818,0.2551736630211859,0.031559843387222966,0.017927670099979302
Wd70ef012bf2c69f10002,0.021391827282454326,0.004670474420913757,0.0534187350197279,0.0745172550915724,0.12584297512594303,0.02768716426812545,0.028222910316873663,0.03799266150811816,0.2604071919520144,0.017551001286372818,0.2551736630211859,0.031559843387222966,0.017927670099979302
Wd70ef012bf2c69f10003,0.021391827282454326,0.004670474420913757,0.0534187350197279,0.0745172550915724,0.12584297512594303,0.02768716426812545,0.028222910316873663,0.03799266150811816,0.2604071919520144,0.017551001286372818,0.2551736630211859,0.031559843387222966,0.017927670099979302
Wd70ef012bf2c69f10004,0.021391827282454326,0.004670474420913757,0.0534187350197279,0.0745172550915724,0.12584297512594303,0.02768716426812545,0.028222910316873663,0.03799266150811816,0.2604071919520144,0.017551001286372818,0.2551736630211859,0.031559843387222966,0.017927670099979302
Wd70ef012bf2c69f10005,0.021391827282454326,0.004670474420913757,0.0534187350197279,0.0745172550915724,0.12584297512594303,0.02768716426812545,0.028222910316873663,0.03799266150811816,0.2604071919520144,0.017551001286372818,0.2551736630211859,0.031559843387222966,0.017927670099979302
Wd70ef012bf2c69f10006,0.021391827282454326,0.004670474420913757,0.0534187350197279,0.0745172550915724,0.12584297512594303,0.02768716426812545,0.028222910316873663,0.03799266150811816,0.2604071919520144,0.017551001286372818,0.2551736630211859,0.031559843387222966,0.017927670099979302
Wd921f572535536ac0000,0.026650470274745305,0.0016058166838156043,0.2894233868824486,0.07157245774125574,0.3663178494682778,0.059718395259058504,0.02608976044647211,0.011700996260937452,0.005853057299647015,0.013852891671080225,0.005554681084315332,0.08599160865642085,0.012518726774567083
Wd921f572535536ac0001,0.026650470274745305,0.0016058166838156043,0.2894233868824486,0.07157245774125574,0.3663178494682778,0.059718395259058504,0.02608976044647211,0.011700996260937452,0.005853057299647015,0.013852891671080225,0.005554681084315332,0.08599160865642085,0.012518726774567083
Wd921f572535536ac0002,0.026650470274745305,0.0016058166838156043,0.2894233868824486,0.07157245774125574,0.3663178494682778,0.059718395259058504,0.02608976044647211,0.011700996260937452,0.005853057299647015,0.013852891671080225,0.005554681084315332,0.08599160865642085,0.012518726774567083
Wd921f572535536ac0003,0.026650470274745305,0.0016058166838156043,0.2894233868824486,0.07157245774125574,0.3663178494682778,0.059718395259058504,0.02608976044647211,0.011700996260937452,0.005853057299647015,0.013852891671080225,0.005554681084315332,0.08599160865642085,0.012518726774567083
Wd921f572535536ac0004,0.026650470274745305,0.0016058166838156043,0.2894233868824486,0.07157245774125574,0.3663178494682778,0.059718395259058504,0.02608976044647211,0.011700996260937452,0.005853057299647015,0.013852891671080225,0.005554681084315332,0.08599160865642085,0.012518726774567083
Wd921f572535536ac0005,0.026650470274745305,0.0016058166838156043,0.2894233868824486,0.07157245774125574,0.3663178494682778,0.059718395259058504,0.02608976044647211,0.011700996260937452,0.005853057299647015,0.013852891671080225,0.005554681084315332,0.08599160865642085,0.012518726774567083
Wd921f572535536ac0006,0.026650470274745305,0.0016058166838156043,0.2894233868824486,0.07157245774125574,0.3663178494682778,0.059718395259058504,0.02608976044647211,0.011700996260937452,0.005853057299647015,0.013852891671080225,0.005554681084315332,0.08599160865642085,0.012518726774567083
Wd9b6b05204cba6da0000,0.0036296483438331916,0.9632024231532352,0.0038436147029428914,0.004773433033864327,0.0027147316041200523,0.0011063457258286217,0.008194565830297266,0.0009856252759191024,1.6277447495501822e-05,0.000970315943571716,0.004092555193008602,0.002444295201581992,0.00018414497988385094
Wd9b6b05204cba6da0001,0.0036296483438331916,0.9632024231532352,0.0038436147029428914,0.004773433033864327,0.0027147316041200523,0.0011063457258286217,0.008194565830297266,0.0009856252759191024,1.6277447495501822e-05,0.000970315943571716,0.004092555193008602,0.002444295201581992,0.00018414497988385094
Wd9b6b05204cba6da0002,0.0036296483438331916,0.9632024231532352,0.0038436147029428914,0.004773433033864327,0.0027147316041200523,0.0011063457258286217,0.008194565830297266,0.0009856252759191024,1.6277447495501822e-05,0.000970315943571716,0.004092555193008602,0.002444295201581992,0.00018414497988385094
Wd9b6b05204cba6da0003,0.0036296483438331916,0.9632024231532352,0.0038436147029428914,0.004773433033864327,0.0027147316041200523,0.0011063457258286217,0.008194565830297266,0.0009856252759191024,1.6277447495501822e-05,0.000970315943571716,0.004092555193008602,0.002444295201581992,0.00018414497988385094
Wd9b6b05204cba6da0004,0.0036296483438331916,0.9632024231532352,0.0038436147029428914,0.004773433033864327,0.0027147316041200523,0.0011063457258286217,0.008194565830297266,0.0009856252759191024,1.6277447495501822e-05,0.000970315943571716,0.004092555193008602,0.002444295201581992,0.00018414497988385094
Wd9b6b05204cba6da0005,0.0036296483438331916,0.9632024231532352,0.0038436147029428914,0.004773433033864327,0.0027147316041200523,0.0011063457258286217,0.008194565830297266,0.0009856252759191024,1.6277447495501822e-05,0.000970315943571716,0.004092555193008602,0.002444295201581992,0.00018414497988385094
Wd9b6b05204cba6da0006,0.0036296483438331916,0.9632024231532352,0.0038436147029428914,0.004773433033864327,0.0027147316041200523,0.0011063457258286217,0.008194565830297266,0.0009856252759191024,1.6277447495501822e-05,0.000970315943571716,0.004092555193008602,0.002444295201581992,0.00018414497988385094
Wdafc86efc3092c1a0000,0.014302583502327527,0.01127428266011751,0.05938310124306098,0.04414592678741814,0.08370488297506466,0.07342058198284224,0.05801922060934517,0.051120434813065996,0.010657090868791231,0.10077779017935438,0.09463585212976279,0.017113570311711273,0.11395491298528324
Wdafc86efc3092c1a0001,0.014302583502327527,0.01127428266011751,0.05938310124306098,0.04414592678741814,0.08370488297506466,0.07342058198284224,0.05801922060934517,0.051120434813065996,0.010657090868791231,0.10077779017935438,0.09463585212976279,0.017113570311711273,0.11395491298528324
Wdafc86efc3092c1a0002,0.014302583502327527,0.01127428266011751,0.05938310124306098,0.04414592678741814,0.08370488297506466,0.07342058198284224,0.05801922060934517,0.051120434813065996,0.010657090868791231,0.10077779017935438,0.09463585212976279,0.017113570311711273,0.11395491298528324
Wdafc86efc3092c1a0003,0.014302583502327527,0.01127428266011751,0.05938310124306098,0.04414592678741814,0.08370488297506466,0.07342058198284224,0.05801922060934517,0.051120434813065996,0.010657090868791231,0.10077779017935438,0.09463585212976279,0.017113570311711273,0.11395491298528324
Wdafc86efc3092c1a0004,0.014302583502327527,0.01127428266011751,0.05938310124306098,0.04414592678741814,0.08370488297506466,0.07342058198284224,0.05801922060934517,0.051120434813065996,0.010657090868791231,0.10077779017935438,0.09463585212976279,0.017113570311711273,0.11395491298528324
Wdafc86efc3092c1a0005,0.014302583502327527,0.01127428266011751,0.05938310124306098,0.04414592678741814,0.08370488297506466,0.07342058198284224,0.05801922060934517,0.051120434813065996,0.010657090868791231,0.10077779017935438,0.09463585212976279,0.017113570311711273,0.11395491298528324
Wdafc86efc3092c1a0006,0.014302583502327527,0.01127428266011751,0.05938310124306098,0.04414592678741814,0.08370488297506466,0.07342058198284224,0.05801922060934517,0.051120434813065996,0.010657090868791231,0.10077779017935438,0.09463585212976279,0.017113570311711273,0.11395491298528324
Wdc2fda9c98784d720000,0.0141031303815536,0.0006676048234923215,0.6325758952351459,0.07312844074801181,0.08277918752404767,0.08530411146764387,0.013715473553955245,0.0033025990072235046,0.0041797015489207084,0.013726131589146947,0.005714112877662717,0.03865316042844605,0.012841485266558384
Wdc2fda9c98784d720001,0.0141031303815536,0.0006676048234923215,0.6325758952351459,0.07312844074801181,0.08277918752404767,0.08530411146764387,0.013715473553955245,0.0033025990072235046,0.0041797015489207084,0.013726131589146947,0.005714112877662717,0.03865316042844605,0.012841485266558384
Wdc2fda9c98784d720002,0.0141031303815536,0.0006676048234923215,0.6325758952351459,0.07312844074801181,0.08277918752404767,0.08530411146764387,0.013715473553955245,0.0033025990072235046,0.0041797015489207084,0.013726131589146947,0.005714112877662717,0.03865316042844605,0.012841485266558384
Wdc2fda9c98784d720003,0.0141031303815536,0.0006676048234923215,0.6325758952351459,0.07312844074801181,0.08277918752404767,0.08530411146764387,0.013715473553955245,0.0033025990072235046,0.0041797015489207084,0.013726131589146947,0.005714112877662717,0.03865316042844605,0.012841485266558384
Wdc2fda9c98784d720004,0.0141031303815536,0.0006676048234923215,0.6325758952351459,0.07312844074801181,0.08277918752404767,0.08530411146764387,0.013715473553955245,0.0033025990072235046,0.0041797015489207084,0.013726131589146947,0.005714112877662717,0.03865316042844605,0.012841485266558384
Wdc2fda9c98784d720005,0.0141031303815536,0.0006676048234923215,0.6325758952351459,0.07312844074801181,0.08277918752404767,0.08530411146764387,0.013715473553955245,0.0033025990072235046,0.0041797015489207084,0.013726131589146947,0.005714112877662717,0.03865316042844605,0.012841485266558384
Wdc2fda9c98784d720006,0.0141031303815536,0.0006676048234923215,0.6325758952351459,0.07312844074801181,0.08277918752404767,0.08530411146764387,0.013715473553955245,0.0033025990072235046,0.0041797015489207084,0.013726131589146947,0.005714112877662717,0.03865316042844605,0.012841485266558384
Wdebcbd1cb67fde3d0000,0.004154278602233957,0.003383449490446768,0.021969643138528033,0.01689696241581446,0.015299161749047266,0.016566807874342792,0.02061494672377714,0.29134182341310383,0.27722394274833567,0.013808131578964473,0.09215354179465654,0.002668048356746832,0.04397101302029583
Wdebcbd1cb67fde3d0001,0.004154278602233957,0.003383449490446768,0.021969643138528033,0.01689696241581446,0.015299161749047266,0.016566807874342792,0.02061494672377714,0.29134182341310383,0.27722394274833567,0.013808131578964473,0.09215354179465654,0.002668048356746832,0.04397101302029583
Wdebcbd1cb67fde3d0002,0.004154278602233957,0.003383449490446768,0.021969643138528033,0.01689696241581446,0.015299161749047266,0.016566807874342792,0.02061494672377714,0.29134182341310383,0.27722394274833567,0.013808131578964473,0.09215354179465654,0.002668048356746832,0.04397101302029583
Wdebcbd1cb67fde3d0003,0.004154278602233957,0.003383449490446768,0.021969643138528033,0.01689696241581446,0.015299161749047266,0.016566807874342792,0.02061494672377714,0.29134182341310383,0.27722394274833567,0.013808131578964473,0.09215354179465654,0.002668048356746832,0.04397101302029583
Wdebcbd1cb67fde3d0004,0.004154278602233957,0.003383449490446768,0.021969643138528033,0.01689696241581446,0.015299161749047266,0.016566807874342792,0.02061494672377714,0.29134182341310383,0.27722394274833567,0.013808131578964473,0.09215354179465654,0.002668048356746832,0.04397101302029583
Wdebcbd1cb67fde3d0005,0.004154278602233957,0.003383449490446768,0.021969643138528033,0.01689696241581446,0.015299161749047266,0.016566807874342792,0.02061494672377714,0.29134182341310383,0.27722394274833567,0.013808131578964473,0.09215354179465654,0.002668048356746832,0.04397101302029583
Wdebcbd1cb67fde3d0006,0.004154278602233957,0.003383449490446768,0.021969643138528033,0.01689696241581446,0.015299161749047266,0.016566807874342792,0.02061494672377714,0.29134182341310383,0.27722394274833567,0.013808131578964473,0.09215354179465654,0.002668048356746832,0.04397101302029583
We2227b7d75b090040000,0.6751512682497288,0.0016986282365298098,0.05362634798878748,0.05812627968024058,0.04552534624389421,0.04368448551482314,0.04732427946922244,0.0044881863990993975,0.0028900338357471553,0.011901717829001951,0.005153706355541818,0.028090657980379286,0.010589846197132326
We2227b7d75b090040001,0.6751512682497288,0.0016986282365298098,0.05362634798878748,0.05812627968024058,0.04552534624389421,0.04368448551482314,0.04732427946922244,0.0044881863990993975,0.0028900338357471553,0.011901717829001951,0.005153706355541818,0.028090657980379286,0.010589846197132326
We2227b7d75b090040002,0.6751512682497288,0.0016986282365298098,0.05362634798878748,0.05812627968024058,0.04552534624389421,0.04368448551482314,0.04732427946922244,0.0044881863990993975,0.0028900338357471553,0.011901717829001951,0.005153706355541818,0.028090657980379286,0.010589846197132326
We2227b7d75b090040003,0.6751512682497288,0.0016986282365298098,0.05362634798878748,0.05812627968024058,0.04552534624389421,0.04368448551482314,0.04732427946922244,0.0044881863990993975,0.0028900338357471553,0.011901717829001951,0.005153706355541818,0.028090657980379286,0.010589846197132326
We2227b7d75b090040004,0.6751512682497288,0.0016986282365298098,0.05362634798878748,0.05812627968024058,0.04552534624389421,0.04368448551482314,0.04732427946922244,0.0044881863990993975,0.0028900338357471553,0.011901717829001951,0.005153706355541818,0.028090657980379286,0.010589846197132326
We2227b7d75b090040005,0.6751512682497288,0.0016986282365298098,0.05362634798878748,0.05812627968024058,0.04552534624389421,0.04368448551482314,0.04732427946922244,0.0044881863990993975,0.0028900338357471553,0.011901717829001951,0.005153706355541818,0.028090657980379286,0.010589846197132326
We2227b7d75b090040006,0.6751512682497288,0.0016986282365298098,0.05362634798878748,0.05812627968024058,0.04552534624389421,0.04368448551482314,0.04732427946922244,0.0044881863990993975,0.0028900338357471553,0.011901717829001951,0.005153706355541818,0.028090657980379286,0.010589846197132326
We61939a9c41ce45d0000,0.014757101239260927,0.00031842035832919214,0.17092156881489395,0.03832433452146159,0.016933180281244114,0.5445566229403005,0.023014253863359653,0.00036719273547498416,0.0014463300164280993,0.002287019792102476,0.003754951917988264,0.15325233147775963,0.012887645991936255
We61939a9c41ce45d0001,0.014757101239260927,0.00031842035832919214,0.17092156881489395,0.03832433452146159,0.016933180281244114,0.5445566229403005,0.023014253863359653,0.00036719273547498416,0.0014463300164280993,0.002287019792102476,0.003754951917988264,0.15325233147775963,0.012887645991936255
We61939a9c41ce45d0002,0.014757101239260927,0.00031842035832919214,0.17092156881489395,0.03832433452146159,0.016933180281244114,0.5445566229403005,0.023014253863359653,0.00036719273547498416,0.0014463300164280993,0.002287019792102476,0.003754951917988264,0.15325233147775963,0.012887645991936255
We61939a9c41ce45d0003,0.014757101239260927,0.00031842035832919214,0.17092156881489395,0.03832433452146159,0.016933180281244114,0.5445566229403005,0.023014253863359653,0.00036719273547498416,0.0014463300164280993,0.002287019792102476,0.003754951917988264,0.15325233147775963,0.012887645991936255
We61939a9c41ce45d0004,0.014757101239260927,0.00031842035832919214,0.17092156881489395,0.03832433452146159,0.016933180281244114,0.5445566229403005,0.023014253863359653,0.00036719273547498416,0.0014463300164280993,0.002287019792102476,0.003754951917988264,0.15325233147775963,0.012887645991936255
We61939a9c41ce45d0005,0.014757101239260927,0.00031842035832919214,0.17092156881489395,0.03832433452146159,0.016933180281244114,0.5445566229403005,0.023014253863359653,0.00036719273547498416,0.0014463300164280993,0.002287019792102476,0.003754951917988264,0.15325233147775963,0.012887645991936255
We61939a9c41ce45d0006,0.014757101239260927,0.00031842035832919214,0.17092156881489395,0.03832433452146159,0.016933180281244114,0.5445566229403005,0.023014253863359653,0.00036719273547498416,0.0014463300164280993,0.002287019792102476,0.003754951917988264,0.15325233147775963,0.012887645991936255
We756706426cf12a00000,0.028078340548780344,0.008514335096278938,0.18517030058986114,0.08436857028342307,0.09521341222014022,0.04583927074615284,0.045280552214074926,0.0617823279408758,0.04181285849555862,0.03479755533373947,0.03560092476770103,0.029020807135479852,0.09460812882008518
We756706426cf12a00001,0.028078340548780344,0.008514335096278938,0.18517030058986114,0.08436857028342307,0.09521341222014022,0.04583927074615284,0.045280552214074926,0.0617823279408758,0.04181285849555862,0.03479755533373947,0.03560092476770103,0.029020807135479852,0.09460812882008518
We756706426cf12a00002,0.028078340548780344,0.008514335096278938,0.18517030058986114,0.08436857028342307,0.09521341222014022,0.04583927074615284,0.045280552214074926,0.0617823279408758,0.04181285849555862,0.03479755533373947,0.03560092476770103,0.029020807135479852,0.09460812882008518
We756706426cf12a00003,0.028078340548780344,0.008514335096278938,0.18517030058986114,0.08436857028342307,0.09521341222014022,0.04583927074615284,0.045280552214074926,0.0617823279408758,0.04181285849555862,0.03479755533373947,0.03560092476770103,0.029020807135479852,0.09460812882008518
We756706426cf12a00004,0.028078340548780344,0.008514335096278938,0.18517030058986114,0.08436857028342307,0.09521341222014022,0.04583927074615284,0.045280552214074926,0.0617823279408758,0.04181285849555862,0.03479755533373947,0.03560092476770103,0.029020807135479852,0.09460812882008518
We756706426cf12a00005,0.028078340548780344,0.008514335096278938,0.18517030058986114,0.08436857028342307,0.09521341222014022,0.04583927074615284,0.045280552214074926,0.0617823279408758,0.04181285849555862,0.03479755533373947,0.03560092476770103,0.029020807135479852,0.09460812882008518
We756706426cf12a00006,0.028078340548780344,0.008514335096278938,0.18517030058986114,0.08436857028342307,0.09521341222014022,0.04583927074615284,0.045280552214074926,0.0617823279408758,0.04181285849555862,0.03479755533373947,0.03560092476770103,0.029020807135479852,0.09460812882008518
We81a12f0ae5b8c360000,0.00492437090265325,0.004538640712605699,0.02011373575323273,0.005385156685849084,0.016732823282637904,0.001701270636023787,0.008047765178084124,0.021141401367608444,0.7477816822027838,0.0048574982133158355,0.08851396141903084,0.0012541421419630429,0.020778258986554367
We81a12f0ae5b8c360001,0.00492437090265325,0.004538640712605699,0.02011373575323273,0.005385156685849084,0.016732823282637904,0.001701270636023787,0.008047765178084124,0.021141401367608444,0.7477816822027838,0.0048574982133158355,0.08851396141903084,0.0012541421419630429,0.020778258986554367
We81a12f0ae5b8c360002,0.00492437090265325,0.004538640712605699,0.02011373575323273,0.005385156685849084,0.016732823282637904,0.001701270636023787,0.008047765178084124,0.021141401367608444,0.7477816822027838,0.0048574982133158355,0.08851396141903084,0.0012541421419630429,0.020778258986554367
We81a12f0ae5b8c360003,0.00492437090265325,0.004538640712605699,0.02011373575323273,0.005385156685849084,0.016732823282637904,0.001701270636023787,0.008047765178084124,0.021141401367608444,0.7477816822027838,0.0048574982133158355,0.08851396141903084,0.0012541421419630429,0.020778258986554367
We81a12f0ae5b8c360004,0.00492437090265325,0.004538640712605699,0.02011373575323273,0.005385156685849084,0.016732823282637904,0.001701270636023787,0.008047765178084124,0.021141401367608444,0.7477816822027838,0.0048574982133158355,0.08851396141903084,0.0012541421419630429,0.020778258986554367
We81a12f0ae5b8c360005,0.00492437090265325,0.004538640712605699,0.02011373575323273,0.005385156685849084,0.016732823282637904,0.001701270636023787,0.008047765178084124,0.021141401367608444,0.7477816822027838,0.0048574982133158355,0.08851396141903084,0.0012541421419630429,0.020778258986554367
We81a12f0ae5b8c360006,0.00492437090265325,0.004538640712605699,0.02011373575323273,0.005385156685849084,0.016732823282637904,0.001701270636023787,0.008047765178084124,0.021141401367608444,0.7477816822027838,0.0048574982133158355,0.08851396141903084,0.0012541421419630429,0.020778258986554367
We86a577fce5463880000,0.05598433459493425,0.0011090881695024952,0.27531803858276654,0.14507629124687915,0.0492125929613587,0.14874653156020526,0.02166338970811975,0.13054467070702325,0.002121095677678567,0.054166128982355316,0.01941134702330032,0.05600310130118414,0.016115297571357774
We86a577fce5463880001,0.05598433459493425,0.0011090881695024952,0.27531803858276654,0.14507629124687915,0.0492125929613587,0.14874653156020526,0.02166338970811975,0.13054467070702325,0.002121095677678567,0.054166128982355316,0.01941134702330032,0.05600310130118414,0.016115297571357774
We86a577fce5463880002,0.05598433459493425,0.0011090881695024952,0.27531803858276654,0.14507629124687915,0.0492125929613587,0.14874653156020526,0.02166338970811975,0.13054467070702325,0.002121095677678567,0.054166128982355316,0.01941134702330032,0.05600310130118414,0.016115297571357774
We86a577fce5463880003,0.05598433459493425,0.0011090881695024952,0.27531803858276654,0.14507629124687915,0.0492125929613587,0.14874653156020526,0.02166338970811975,0.13054467070702325,0.002121095677678567,0.054166128982355316,0.01941134702330032,0.05600310130118414,0.016115297571357774
We86a577fce5463880004,0.05598433459493425,0.0011090881695024952,0.27531803858276654,0.14507629124687915,0.0492125929613587,0.14874653156020526,0.02166338970811975,0.13054467070702325,0.002121095677678567,0.054166128982355316,0.01941134702330032,0.05600310130118414,0.016115297571357774
We86a577fce5463880005,0.05598433459493425,0.0011090881695024952,0.27531803858276654,0.14507629124687915,0.0492125929613587,0.14874653156020526,0.02166338970811975,0.13054467070702325,0.002121095677678567,0.054166128982355316,0.01941134702330032,0.05600310130118414,0.016115297571357774
We86a577fce5463880006,0.05598433459493425,0.0011090881695024952,0.27531803858276654,0.14507629124687915,0.0492125929613587,0.14874653156020526,0.02166338970811975,0.13054467070702325,0.002121095677678567,0.054166128982355316,0.01941134702330032,0.05600310130118414,0.016115297571357774
We904476167c139f90000,0.016498210971574976,0.8464075628161902,0.010809617143304253,0.009643232586028998,0.006160680331641958,0.011776764240195227,0.047545930250873135,0.0010445647071187206,0.00042016672732027473,0.0022198748358270193,0.006150102204549209,0.028695152267905977,0.005897796946422316
We904476167c139f90001,0.016498210971574976,0.8464075628161902,0.010809617143304253,0.009643232586028998,0.006160680331641958,0.011776764240195227,0.047545930250873135,0.0010445647071187206,0.00042016672732027473,0.0022198748358270193,0.006150102204549209,0.028695152267905977,0.005897796946422316
We904476167c139f90002,0.016498210971574976,0.8464075628161902,0.010809617143304253,0.009643232586028998,0.006160680331641958,0.011776764240195227,0.047545930250873135,0.0010445647071187206,0.00042016672732027473,0.0022198748358270193,0.006150102204549209,0.028695152267905977,0.005897796946422316
We904476167c139f90003,0.016498210971574976,0.8464075628161902,0.010809617143304253,0.009643232586028998,0.006160680331641958,0.011776764240195227,0.047545930250873135,0.0010445647071187206,0.00042016672732027473,0.0022198748358270193,0.006150102204549209,0.028695152267905977,0.005897796946422316
We904476167c139f90004,0.016498210971574976,0.8464075628161902,0.010809617143304253,0.009643232586028998,0.006160680331641958,0.011776764240195227,0.047545930250873135,0.0010445647071187206,0.00042016672732027473,0.0022198748358270193,0.006150102204549209,0.028695152267905977,0.005897796946422316
We904476167c139f90005,0.016498210971574976,0.8464075628161902,0.010809617143304253,0.009643232586028998,0.006160680331641958,0.011776764240195227,0.047545930250873135,0.0010445647071187206,0.00042016672732027473,0.0022198748358270193,0.006150102204549209,0.028695152267905977,0.005897796946422316
We904476167c139f90006,0.016498210971574976,0.8464075628161902,0.010809617143304253,0.009643232586028998,0.006160680331641958,0.011776764240195227,0.047545930250873135,0.0010445647071187206,0.00042016672732027473,0.0022198748358270193,0.006150102204549209,0.028695152267905977,0.005897796946422316
We96e25bbbc0bc26b0000,0.015453554237436244,0.0018564682572120301,0.14674297860915975,0.13117091511802284,0.04619813032772269,0.07530679902538653,0.028073741981038597,0.012582086813776379,0.019913465635673304,0.04640849509577494,0.13172787418580695,0.022784107989041753,0.022588284982725894
We96e25bbbc0bc26b0001,0.015453554237436244,0.0018564682572120301,0.14674297860915975,0.13117091511802284,0.04619813032772269,0.07530679902538653,0.028073741981038597,0.012582086813776379,0.019913465635673304,0.04640849509577494,0.13172787418580695,0.022784107989041753,0.022588284982725894
We96e25bbbc0bc26b0002,0.015453554237436244,0.0018564682572120301,0.14674297860915975,0.13117091511802284,0.04619813032772269,0.07530679902538653,0.028073741981038597,0.012582086813776379,0.019913465635673304,0.04640849509577494,0.13172787418580695,0.022784107989041753,0.022588284982725894
We96e25bbbc0bc26b0003,0.015453554237436244,0.0018564682572120301,0.14674297860915975,0.13117091511802284,0.04619813032772269,0.07530679902538653,0.028073741981038597,0.012582086813776379,0.019913465635673304,0.04640849509577494,0.13172787418580695,0.022784107989041753,0.022588284982725894
We96e25bbbc0bc26b0004,0.015453554237436244,0.0018564682572120301,0.14674297860915975,0.13117091511802284,0.04619813032772269,0.07530679902538653,0.028073741981038597,0.012582086813776379,0.019913465635673304,0.04640849509577494,0.13172787418580695,0.022784107989041753,0.022588284982725894
We96e25bbbc0bc26b0005,0.015453554237436244,0.0018564682572120301,0.14674297860915975,0.13117091511802284,0.04619813032772269,0.07530679902538653,0.028073741981038597,0.012582086813776379,0.019913465635673304,0.04640849509577494,0.13172787418580695,0.022784107989041753,0.022588284982725894
We96e25bbbc0bc26b0006,0.015453554237436244,0.0018564682572120301,0.14674297860915975,0.13117091511802284,0.04619813032772269,0.07530679902538653,0.028073741981038597,0.012582086813776379,0.019913465635673304,0.04640849509577494,0.13172787418580695,0.022784107989041753,0.022588284982725894
Weabcd903c499c6ca0000,0.01034107882278273,0.0014791240096688895,0.1206599469567033,0.16056119309733718,0.3354101959169413,0.21475142428830835,0.044719361142185034,0.005217031678206739,0.0038771317641619744,0.006184837263754629,0.0023769813199817293,0.07104852676842831,0.011039275618010231
Weabcd903c499c6ca0001,0.01034107882278273,0.0014791240096688895,0.1206599469567033,0.16056119309733718,0.3354101959169413,0.21475142428830835,0.044719361142185034,0.005217031678206739,0.0038771317641619744,0.006184837263754629,0.0023769813199817293,0.07104852676842831,0.011039275618010231
Weabcd903c499c6ca0002,0.01034107882278273,0.0014791240096688895,0.1206599469567033,0.16056119309733718,0.3354101959169413,0.21475142428830835,0.044719361142185034,0.005217031678206739,0.0038771317641619744,0.006184837263754629,0.0023769813199817293,0.07104852676842831,0.011039275618010231
Weabcd903c499c6ca0003,0.01034107882278273,0.0014791240096688895,0.1206599469567033,0.16056119309733718,0.3354101959169413,0.21475142428830835,0.044719361142185034,0.005217031678206739,0.0038771317641619744,0.006184837263754629,0.0023769813199817293,0.07104852676842831,0.011039275618010231
Weabcd903c499c6ca0004,0.01034107882278273,0.0014791240096688895,0.1206599469567033,0.16056119309733718,0.3354101959169413,0.21475142428830835,0.044719361142185034,0.005217031678206739,0.0038771317641619744,0.006184837263754629,0.0023769813199817293,0.07104852676842831,0.011039275618010231
Weabcd903c499c6ca0005,0.01034107882278273,0.0014791240096688895,0.1206599469567033,0.16056119309733718,0.3354101959169413,0.21475142428830835,0.044719361142185034,0.005217031678206739,0.0038771317641619744,0.006184837263754629,0.0023769813199817293,0.07104852676842831,0.011039275618010231
Weabcd903c499c6ca0006,0.01034107882278273,0.0014791240096688895,0.1206599469567033,0.16056119309733718,0.3354101959169413,0.21475142428830835,0.044719361142185034,0.005217031678206739,0.0038771317641619744,0.006184837263754629,0.0023769813199817293,0.07104852676842831,0.011039275618010231
Weebdd07a3de3cd1c0000,0.004594175256270035,0.0015947846184470667,0.023801950957352092,0.020537858853059518,0.02889113700124504,0.004604470007438339,0.008478750763677469,0.8379371598960746,0.01192369367605565,0.004938103458021411,0.007542986336536793,0.004748859783563453,0.011225817069914492
Weebdd07a3de3cd1c0001,0.004594175256270035,0.0015947846184470667,0.023801950957352092,0.020537858853059518,0.02889113700124504,0.004604470007438339,0.008478750763677469,0.8379371598960746,0.01192369367605565,0.004938103458021411,0.007542986336536793,0.004748859783563453,0.011225817069914492
Weebdd07a3de3cd1c0002,0.004594175256270035,0.0015947846184470667,0.023801950957352092,0.020537858853059518,0.02889113700124504,0.004604470007438339,0.008478750763677469,0.8379371598960746,0.01192369367605565,0.004938103458021411,0.007542986336536793,0.004748859783563453,0.011225817069914492
Weebdd07a3de3cd1c0003,0.004594175256270035,0.0015947846184470667,0.023801950957352092,0.020537858853059518,0.02889113700124504,0.004604470007438339,0.008478750763677469,0.8379371598960746,0.01192369367605565,0.004938103458021411,0.007542986336536793,0.004748859783563453,0.011225817069914492
Weebdd07a3de3cd1c0004,0.004594175256270035,0.0015947846184470667,0.023801950957352092,0.020537858853059518,0.02889113700124504,0.004604470007438339,0.008478750763677469,0.8379371598960746,0.01192369367605565,0.004938103458021411,0.007542986336536793,0.004748859783563453,0.011225817069914492
Weebdd07a3de3cd1c0005,0.004594175256270035,0.0015947846184470667,0.023801950957352092,0.020537858853059518,0.02889113700124504,0.004604470007438339,0.008478750763677469,0.8379371598960746,0.01192369367605565,0.004938103458021411,0.007542986336536793,0.004748859783563453,0.011225817069914492
Weebdd07a3de3cd1c0006,0.004594175256270035,0.0015947846184470667,0.023801950957352092,0.020537858853059518,0.02889113700124504,0.004604470007438339,0.008478750763677469,0.8379371598960746,0.01192369367605565,0.004938103458021411,0.007542986336536793,0.004748859783563453,0.011225817069914492
Wef2cc15f16103ef60000,0.8679730917422228,0.008559214788625934,0.011289281415644172,0.02730541980063106,0.006176313125090726,0.012043720413757515,0.0019882596941811367,0.006637587691141013,0.00012602345196467075,0.012162606640273448,0.0026116628010605224,0.028181151458426854,0.013356965717708575
Wef2cc15f16103ef60001,0.8679730917422228,0.008559214788625934,0.011289281415644172,0.02730541980063106,0.006176313125090726,0.012043720413757515,0.0019882596941811367,0.006637587691141013,0.00012602345196467075,0.012162606640273448,0.0026116628010605224,0.028181151458426854,0.013356965717708575
Wef2cc15f16103ef60002,0.8679730917422228,0.008559214788625934,0.011289281415644172,0.02730541980063106,0.006176313125090726,0.012043720413757515,0.0019882596941811367,0.006637587691141013,0.00012602345196467075,0.012162606640273448,0.0026116628010605224,0.028181151458426854,0.013356965717708575
Wef2cc15f16103ef60003,0.8679730917422228,0.008559214788625934,0.011289281415644172,0.02730541980063106,0.006176313125090726,0.012043720413757515,0.0019882596941811367,0.006637587691141013,0.00012602345196467075,0.012162606640273448,0.0026116628010605224,0.028181151458426854,0.013356965717708575
Wef2cc15f16103ef60004,0.8679730917422228,0.008559214788625934,0.011289281415644172,0.02730541980063106,0.006176313125090726,0.012043720413757515,0.0019882596941811367,0.006637587691141013,0.00012602345196467075,0.012162606640273448,0.0026116628010605224,0.028181151458426854,0.013356965717708575
Wef2cc15f16103ef60005,0.8679730917422228,0.008559214788625934,0.011289281415644172,0.02730541980063106,0.006176313125090726,0.012043720413757515,0.0019882596941811367,0.006637587691141013,0.00012602345196467075,0.012162606640273448,0.0026116628010605224,0.028181151458426854,0.013356965717708575
Wef2cc15f16103ef60006,0.8679730917422228,0.008559214788625934,0.011289281415644172,0.02730541980063106,0.006176313125090726,0.012043720413757515,0.0019882596941811367,0.006637587691141013,0.00012602345196467075,0.012162606640273448,0.0026116628010605224,0.028181151458426854,0.013356965717708575
Wef4a3d6322b8f1560000,0.04045321580153729,0.009534821172268296,0.08341283871818363,0.07510720169055497,0.0418389368081274,0.19081726961807452,0.022845742666927165,0.013247117423478992,0.01633852468244416,0.19861535748363088,0.10023682601449571,0.01872390373585162,0.059677611456970286
Wef4a3d6322b8f1560001,0.04045321580153729,0.009534821172268296,0.08341283871818363,0.07510720169055497,0.0418389368081274,0.19081726961807452,0.022845742666927165,0.013247117423478992,0.01633852468244416,0.19861535748363088,0.10023682601449571,0.01872390373585162,0.059677611456970286
Wef4a3d6322b8f1560002,0.04045321580153729,0.009534821172268296,0.08341283871818363,0.07510720169055497,0.0418389368081274,0.19081726961807452,0.022845742666927165,0.013247117423478992,0.01633852468244416,0.19861535748363088,0.10023682601449571,0.01872390373585162,0.059677611456970286
Wef4a3d6322b8f1560003,0.04045321580153729,0.009534821172268296,0.08341283871818363,0.07510720169055497,0.0418389368081274,0.19081726961807452,0.022845742666927165,0.013247117423478992,0.01633852468244416,0.19861535748363088,0.10023682601449571,0.01872390373585162,0.059677611456970286
Wef4a3d6322b8f1560004,0.04045321580153729,0.009534821172268296,0.08341283871818363,0.07510720169055497,0.0418389368081274,0.19081726961807452,0.022845742666927165,0.013247117423478992,0.01633852468244416,0.19861535748363088,0.10023682601449571,0.01872390373585162,0.059677611456970286
Wef4a3d6322b8f1560005,0.04045321580153729,0.009534821172268296,0.08341283871818363,0.07510720169055497,0.0418389368081274,0.19081726961807452,0.022845742666927165,0.013247117423478992,0.01633852468244416,0.19861535748363088,0.10023682601449571,0.01872390373585162,0.059677611456970286
Wef4a3d6322b8f1560006,0.04045321580153729,0.009534821172268296,0.08341283871818363,0.07510720169055497,0.0418389368081274,0.19081726961807452,0.022845742666927165,0.013247117423478992,0.01633852468244416,0.19861535748363088,0.10023682601449571,0.01872390373585162,0.059677611456970286
Wefcdce98f521c4be0000,0.011189071934691956,0.0010619843774970438,0.12721735991703773,0.10593857797227231,0.0803769009334149,0.3559680664501963,0.012785695000906054,0.21671168085170606,0.005719750629884007,0.014411161418920137,0.008389567006517145,0.025069481925140396,0.015713439645449682
Wefcdce98f521c4be0001,0.011189071934691956,0.0010619843774970438,0.12721735991703773,0.10593857797227231,0.0803769009334149,0.3559680664501963,0.012785695000906054,0.21671168085170606,0.005719750629884007,0.014411161418920137,0.008389567006517145,0.025069481925140396,0.015713439645449682
Wefcdce98f521c4be0002,0.011189071934691956,0.0010619843774970438,0.12721735991703773,0.10593857797227231,0.0803769009334149,0.3559680664501963,0.012785695000906054,0.21671168085170606,0.005719750629884007,0.014411161418920137,0.008389567006517145,0.025069481925140396,0.015713439645449682
Wefcdce98f521c4be0003,0.011189071934691956,0.0010619843774970438,0.12721735991703773,0.10593857797227231,0.0803769009334149,0.3559680664501963,0.012785695000906054,0.21671168085170606,0.005719750629884007,0.014411161418920137,0.008389567006517145,0.025069481925140396,0.015713439645449682
Wefcdce98f521c4be0004,0.011189071934691956,0.0010619843774970438,0.12721735991703773,0.10593857797227231,0.0803769009334149,0.3559680664501963,0.012785695000906054,0.21671168085170606,0.005719750629884007,0.014411161418920137,0.008389567006517145,0.025069481925140396,0.015713439645449682
Wefcdce98f521c4be0005,0.011189071934691956,0.0010619843774970438,0.12721735991703773,0.10593857797227231,0.0803769009334149,0.3559680664501963,0.012785695000906054,0.21671168085170606,0.005719750629884007,0.014411161418920137,0.008389567006517145,0.025069481925140396,0.015713439645449682
Wefcdce98f521c4be0006,0.011189071934691956,0.0010619843774970438,0.12721735991703773,0.10593857797227231,0.0803769009334149,0.3559680664501963,0.012785695000906054,0.21671168085170606,0.005719750629884007,0.014411161418920137,0.008389567006517145,0.025069481925140396,0.015713439645449682
Wf1d9f9e8929c4b4c0000,0.013244922275616857,0.0071388125353748525,0.07504606362619469,0.036495409290870605,0.06517941726598471,0.034063258075267444,0.04983155556271481,0.028668046412469943,0.008757112573030745,0.04154461681127341,0.023717356695619005,0.005207466494114351,0.03482937832587752
Wf1d9f9e8929c4b4c0001,0.013244922275616857,0.0071388125353748525,0.07504606362619469,0.036495409290870605,0.06517941726598471,0.034063258075267444,0.04983155556271481,0.028668046412469943,0.008757112573030745,0.04154461681127341,0.023717356695619005,0.005207466494114351,0.03482937832587752
Wf1d9f9e8929c4b4c0002,0.013244922275616857,0.0071388125353748525,0.07504606362619469,0.036495409290870605,0.06517941726598471,0.034063258075267444,0.04983155556271481,0.028668046412469943,0.008757112573030745,0.04154461681127341,0.023717356695619005,0.005207466494114351,0.03482937832587752
Wf1d9f9e8929c4b4c0003,0.013244922275616857,0.0071388125353748525,0.07504606362619469,0.036495409290870605,0.06517941726598471,0.034063258075267444,0.04983155556271481,0.028668046412469943,0.008757112573030745,0.04154461681127341,0.023717356695619005,0.005207466494114351,0.03482937832587752
Wf1d9f9e8929c4b4c0004,0.013244922275616857,0.0071388125353748525,0.07504606362619469,0.036495409290870605,0.06517941726598471,0.034063258075267444,0.04983155556271481,0.028668046412469943,0.008757112573030745,0.04154461681127341,0.023717356695619005,0.005207466494114351,0.03482937832587752
Wf1d9f9e8929c4b4c0005,0.013244922275616857,0.0071388125353748525,0.07504606362619469,0.036495409290870605,0.06517941726598471,0.034063258075267444,0.04983155556271481,0.028668046412469943,0.008757112573030745,0.04154461681127341,0.023717356695619005,0.005207466494114351,0.03482937832587752
Wf1d9f9e8929c4b4c0006,0.013244922275616857,0.0071388125353748525,0.07504606362619469,0.036495409290870605,0.06517941726598471,0.034063258075267444,0.04983155556271481,0.028668046412469943,0.008757112573030745,0.04154461681127341,0.023717356695619005,0.005207466494114351,0.03482937832587752
Wf4758011109bcff40000,0.04742094731246695,0.5662813599989153,0.019474970221503744,0.020927594979675033,0.021994881218113813,0.036339396400734,0.20350742114036752,0.007479524407861549,0.003529707752336468,0.01187555022796409,0.007112826209156616,0.035732967932319636,0.006869137539733861
Wf4758011109bcff40001,0.04742094731246695,0.5662813599989153,0.019474970221503744,0.020927594979675033,0.021994881218113813,0.036339396400734,0.20350742114036752,0.007479524407861549,0.003529707752336468,0.01187555022796409,0.007112826209156616,0.035732967932319636,0.006869137539733861
Wf4758011109bcff40002,0.04742094731246695,0.5662813599989153,0.019474970221503744,0.020927594979675033,0.021994881218113813,0.036339396400734,0.20350742114036752,0.007479524407861549,0.003529707752336468,0.01187555022796409,0.007112826209156616,0.035732967932319636,0.006869137539733861
Wf4758011109bcff40003,0.04742094731246695,0.5662813599989153,0.019474970221503744,0.020927594979675033,0.021994881218113813,0.036339396400734,0.20350742114036752,0.007479524407861549,0.003529707752336468,0.01187555022796409,0.007112826209156616,0.035732967932319636,0.006869137539733861
Wf4758011109bcff40004,0.04742094731246695,0.5662813599989153,0.019474970221503744,0.020927594979675033,0.021994881218113813,0.036339396400734,0.20350742114036752,0.007479524407861549,0.003529707752336468,0.01187555022796409,0.007112826209156616,0.035732967932319636,0.006869137539733861
Wf4758011109bcff40005,0.04742094731246695,0.5662813599989153,0.019474970221503744,0.020927594979675033,0.021994881218113813,0.036339396400734,0.20350742114036752,0.007479524407861549,0.003529707752336468,0.01187555022796409,0.007112826209156616,0.035732967932319636,0.006869137539733861
Wf4758011109bcff40006,0.04742094731246695,0.5662813599989153,0.019474970221503744,0.020927594979675033,0.021994881218113813,0.036339396400734,0.20350742114036752,0.007479524407861549,0.003529707752336468,0.01187555022796409,0.007112826209156616,0.035732967932319636,0.006869137539733861
Wf59b57b9ae65f7be0000,0.03193456529508932,0.0055895728099024785,0.14217267828807634,0.29812925139312757,0.09936635864819546,0.1158944879517352,0.022978386894116864,0.030638263195245985,0.006924645921932712,0.06692413358947341,0.015125732966953846,0.019317931257191764,0.06890388497045628
Wf59b57b9ae65f7be0001,0.03193456529508932,0.0055895728099024785,0.14217267828807634,0.29812925139312757,0.09936635864819546,0.1158944879517352,0.022978386894116864,0.030638263195245985,0.006924645921932712,0.06692413358947341,0.015125732966953846,0.019317931257191764,0.06890388497045628
Wf59b57b9ae65f7be0002,0.03193456529508932,0.0055895728099024785,0.14217267828807634,0.29812925139312757,0.09936635864819546,0.1158944879517352,0.022978386894116864,0.030638263195245985,0.006924645921932712,0.06692413358947341,0.015125732966953846,0.019317931257191764,0.06890388497045628
Wf59b57b9ae65f7be0003,0.03193456529508932,0.0055895728099024785,0.14217267828807634,0.29812925139312757,0.09936635864819546,0.1158944879517352,0.022978386894116864,0.030638263195245985,0.006924645921932712,0.06692413358947341,0.015125732966953846,0.019317931257191764,0.06890388497045628
Wf59b57b9ae65f7be0004,0.03193456529508932,0.0055895728099024785,0.14217267828807634,0.29812925139312757,0.09936635864819546,0.1158944879517352,0.022978386894116864,0.030638263195245985,0.006924645921932712,0.06692413358947341,0.015125732966953846,0.019317931257191764,0.06890388497045628
Wf59b57b9ae65f7be0005,0.03193456529508932,0.0055895728099024785,0.14217267828807634,0.29812925139312757,0.09936635864819546,0.1158944879517352,0.022978386894116864,0.030638263195245985,0.006924645921932712,0.06692413358947341,0.015125732966953846,0.019317931257191764,0.06890388497045628
Wf59b57b9ae65f7be0006,0.03193456529508932,0.0055895728099024785,0.14217267828807634,0.29812925139312757,0.09936635864819546,0.1158944879517352,0.022978386894116864,0.030638263195245985,0.006924645921932712,0.06692413358947341,0.015125732966953846,0.019317931257191764,0.06890388497045628
Wf67e1729784c92fb0000,0.02694493524686112,0.0025338203822992326,0.07287584780597627,0.03205752677082111,0.02346189894276263,0.015969440554715587,0.011057739610289805,0.7192504458929165,0.006636158574252914,0.0173348001327769,0.012599226549774608,0.008886408474735576,0.011505442203276596
Wf67e1729784c92fb0001,0.02694493524686112,0.0025338203822992326,0.07287584780597627,0.03205752677082111,0.02346189894276263,0.015969440554715587,0.011057739610289805,0.7192504458929165,0.006636158574252914,0.0173348001327769,0.012599226549774608,0.008886408474735576,0.011505442203276596
Wf67e1729784c92fb0002,0.02694493524686112,0.0025338203822992326,0.07287584780597627,0.03205752677082111,0.02346189894276263,0.015969440554715587,0.011057739610289805,0.7192504458929165,0.006636158574252914,0.0173348001327769,0.012599226549774608,0.008886408474735576,0.011505442203276596
Wf67e1729784c92fb0003,0.02694493524686112,0.0025338203822992326,0.07287584780597627,0.03205752677082111,0.02346189894276263,0.015969440554715587,0.011057739610289805,0.7192504458929165,0.006636158574252914,0.0173348001327769,0.012599226549774608,0.008886408474735576,0.011505442203276596
Wf67e1729784c92fb0004,0.02694493524686112,0.0025338203822992326,0.07287584780597627,0.03205752677082111,0.02346189894276263,0.015969440554715587,0.011057739610289805,0.7192504458929165,0.006636158574252914,0.0173348001327769,0.012599226549774608,0.008886408474735576,0.011505442203276596
Wf67e1729784c92fb0005,0.02694493524686112,0.0025338203822992326,0.07287584780597627,0.03205752677082111,0.02346189894276263,0.015969440554715587,0.011057739610289805,0.7192504458929165,0.006636158574252914,0.0173348001327769,0.012599226549774608,0.008886408474735576,0.011505442203276596
Wf67e1729784c92fb0006,0.02694493524686112,0.0025338203822992326,0.07287584780597627,0.03205752677082111,0.02346189894276263,0.015969440554715587,0.011057739610289805,0.7192504458929165,0.006636158574252914,0.0173348001327769,0.012599226549774608,0.008886408474735576,0.011505442203276596
Wf6efc5aaecd330440000,0.004538477555865729,0.00046799483302534765,0.010111900191934284,0.00690746754082951,0.0026354735267575527,0.07486610068390266,0.003723745161225791,0.0011101460331318141,0.00026787199787639006,0.0014483135499827422,0.0003373743251869138,0.8834218433769673,0.008643046955719078
Wf6efc5aaecd330440001,0.004538477555865729,0.00046799483302534765,0.010111900191934284,0.00690746754082951,0.0026354735267575527,0.07486610068390266,0.003723745161225791,0.0011101460331318141,0.00026787199787639006,0.0014483135499827422,0.0003373743251869138,0.8834218433769673,0.008643046955719078
Wf6efc5aaecd330440002,0.004538477555865729,0.00046799483302534765,0.010111900191934284,0.00690746754082951,0.0026354735267575527,0.07486610068390266,0.003723745161225791,0.0011101460331318141,0.00026787199787639006,0.0014483135499827422,0.0003373743251869138,0.8834218433769673,0.008643046955719078
Wf6efc5aaecd330440003,0.004538477555865729,0.00046799483302534765,0.010111900191934284,0.00690746754082951,0.0026354735267575527,0.07486610068390266,0.003723745161225791,0.0011101460331318141,0.00026787199787639006,0.0014483135499827422,0.0003373743251869138,0.8834218433769673,0.008643046955719078
Wf6efc5aaecd330440004,0.004538477555865729,0.00046799483302534765,0.010111900191934284,0.00690746754082951,0.0026354735267575527,0.07486610068390266,0.003723745161225791,0.0011101460331318141,0.00026787199787639006,0.0014483135499827422,0.0003373743251869138,0.8834218433769673,0.008643046955719078
Wf6efc5aaecd330440005,0.004538477555865729,0.00046799483302534765,0.010111900191934284,0.00690746754082951,0.0026354735267575527,0.07486610068390266,0.003723745161225791,0.0011101460331318141,0.00026787199787639006,0.0014483135499827422,0.0003373743251869138,0.8834218433769673,0.008643046955719078
Wf6efc5aaecd330440006,0.004538477555865729,0.00046799483302534765,0.010111900191934284,0.00690746754082951,0.0026354735267575527,0.07486610068390266,0.003723745161225791,0.0011101460331318141,0.00026787199787639006,0.0014483135499827422,0.0003373743251869138,0.8834218433769673,0.008643046955719078
Wf71d5a82e2b2591a0000,0.01213954206986554,0.018917719203984794,0.05157807914264874,0.061805036499927725,0.056863121444258626,0.011108660990364925,0.0421863326590888,0.1269871648234072,0.056007068498169714,0.040801517422068924,0.11152014910951175,0.11313778046618221,0.07474151648118536
Wf71d5a82e2b2591a0001,0.01213954206986554,0.018917719203984794,0.05157807914264874,0.061805036499927725,0.056863121444258626,0.011108660990364925,0.0421863326590888,0.1269871648234072,0.056007068498169714,0.040801517422068924,0.11152014910951175,0.11313778046618221,0.07474151648118536
Wf71d5a82e2b2591a0002,0.01213954206986554,0.018917719203984794,0.05157807914264874,0.061805036499927725,0.056863121444258626,0.011108660990364925,0.0421863326590888,0.1269871648234072,0.056007068498169714,0.040801517422068924,0.11152014910951175,0.11313778046618221,0.07474151648118536
Wf71d5a82e2b2591a0003,0.01213954206986554,0.018917719203984794,0.05157807914264874,0.061805036499927725,0.056863121444258626,0.011108660990364925,0.0421863326590888,0.1269871648234072,0.056007068498169714,0.040801517422068924,0.11152014910951175,0.11313778046618221,0.07474151648118536
Wf71d5a82e2b2591a0004,0.01213954206986554,0.018917719203984794,0.05157807914264874,0.061805036499927725,0.056863121444258626,0.011108660990364925,0.0421863326590888,0.1269871648234072,0.056007068498169714,0.040801517422068924,0.11152014910951175,0.11313778046618221,0.07474151648118536
Wf71d5a82e2b2591a0005,0.01213954206986554,0.018917719203984794,0.05157807914264874,0.061805036499927725,0.056863121444258626,0.011108660990364925,0.0421863326590888,0.1269871648234072,0.056007068498169714,0.040801517422068924,0.11152014910951175,0.11313778046618221,0.07474151648118536
Wf71d5a82e2b2591a0006,0.01213954206986554,0.018917719203984794,0.05157807914264874,0.061805036499927725,0.056863121444258626,0.011108660990364925,0.0421863326590888,0.1269871648234072,0.056007068498169714,0.040801517422068924,0.11152014910951175,0.11313778046618221,0.07474151648118536
Wf9376d0a25f5831f0000,0.007953130067187076,0.7752424354179528,0.02393271801038157,0.015573184295927158,0.025216137835616565,0.0052718003925442776,0.07202545692700646,0.004050138546042095,0.003045128735069594,0.011108151541559997,0.013198176374781444,0.007372683123286545,0.013245817876014919
Wf9376d0a25f5831f0001,0.007953130067187076,0.7752424354179528,0.02393271801038157,0.015573184295927158,0.025216137835616565,0.0052718003925442776,0.07202545692700646,0.004050138546042095,0.003045128735069594,0.011108151541559997,0.013198176374781444,0.007372683123286545,0.013245817876014919
Wf9376d0a25f5831f0002,0.007953130067187076,0.7752424354179528,0.02393271801038157,0.015573184295927158,0.025216137835616565,0.0052718003925442776,0.07202545692700646,0.004050138546042095,0.003045128735069594,0.011108151541559997,0.013198176374781444,0.007372683123286545,0.013245817876014919
Wf9376d0a25f5831f0003,0.007953130067187076,0.7752424354179528,0.02393271801038157,0.015573184295927158,0.025216137835616565,0.0052718003925442776,0.07202545692700646,0.004050138546042095,0.003045128735069594,0.011108151541559997,0.013198176374781444,0.007372683123286545,0.013245817876014919
Wf9376d0a25f5831f0004,0.007953130067187076,0.7752424354179528,0.02393271801038157,0.015573184295927158,0.025216137835616565,0.0052718003925442776,0.07202545692700646,0.004050138546042095,0.003045128735069594,0.011108151541559997,0.013198176374781444,0.007372683123286545,0.013245817876014919
Wf9376d0a25f5831f0005,0.007953130067187076,0.7752424354179528,0.02393271801038157,0.015573184295927158,0.025216137835616565,0.0052718003925442776,0.07202545692700646,0.004050138546042095,0.003045128735069594,0.011108151541559997,0.013198176374781444,0.007372683123286545,0.013245817876014919
Wf9376d0a25f5831f0006,0.007953130067187076,0.7752424354179528,0.02393271801038157,0.015573184295927158,0.025216137835616565,0.0052718003925442776,0.07202545692700646,0.004050138546042095,0.003045128735069594,0.011108151541559997,0.013198176374781444,0.007372683123286545,0.013245817876014919
Wfaa483cc9bda9fb40000,0.0044347466335626865,0.003755269356628537,0.03813771146413084,0.02629542513722842,0.02569425818001573,0.008665206032806542,0.03306855243978059,0.02608643936952755,0.017391642146498028,0.016878262954535074,0.02273755368930329,0.00801626753603433,0.05064679377505773
Wfaa483cc9bda9fb40001,0.0044347466335626865,0.003755269356628537,0.03813771146413084,0.02629542513722842,0.02569425818001573,0.008665206032806542,0.03306855243978059,0.02608643936952755,0.017391642146498028,0.016878262954535074,0.02273755368930329,0.00801626753603433,0.05064679377505773
Wfaa483cc9bda9fb40002,0.0044347466335626865,0.003755269356628537,0.03813771146413084,0.02629542513722842,0.02569425818001573,0.008665206032806542,0.03306855243978059,0.02608643936952755,0.017391642146498028,0.016878262954535074,0.02273755368930329,0.00801626753603433,0.05064679377505773
Wfaa483cc9bda9fb40003,0.0044347466335626865,0.003755269356628537,0.03813771146413084,0.02629542513722842,0.02569425818001573,0.008665206032806542,0.03306855243978059,0.02608643936952755,0.017391642146498028,0.016878262954535074,0.02273755368930329,0.00801626753603433,0.05064679377505773
Wfaa483cc9bda9fb40004,0.0044347466335626865,0.003755269356628537,0.03813771146413084,0.02629542513722842,0.02569425818001573,0.008665206032806542,0.03306855243978059,0.02608643936952755,0.017391642146498028,0.016878262954535074,0.02273755368930329,0.00801626753603433,0.05064679377505773
Wfaa483cc9bda9fb40005,0.0044347466335626865,0.003755269356628537,0.03813771146413084,0.02629542513722842,0.02569425818001573,0.008665206032806542,0.03306855243978059,0.02608643936952755,0.017391642146498028,0.016878262954535074,0.02273755368930329,0.00801626753603433,0.05064679377505773
Wfaa483cc9bda9fb40006,0.0044347466335626865,0.003755269356628537,0.03813771146413084,0.02629542513722842,0.02569425818001573,0.008665206032806542,0.03306855243978059,0.02608643936952755,0.017391642146498028,0.016878262954535074,0.02273755368930329,0.00801626753603433,0.05064679377505773
Wfaba63e098f23be50000,0.014691447140549199,0.8726962625754009,0.004105443504282338,0.004575748453299849,0.007265110773657484,0.002259842460556724,0.014066951261723597,0.004635386487941896,0.035911964765777925,0.003350849843614637,0.019992056139392967,0.007111841374638128,0.00023336314084870273
Wfaba63e098f23be50001,0.014691447140549199,0.8726962625754009,0.004105443504282338,0.004575748453299849,0.007265110773657484,0.002259842460556724,0.014066951261723597,0.004635386487941896,0.035911964765777925,0.003350849843614637,0.019992056139392967,0.007111841374638128,0.00023336314084870273
Wfaba63e098f23be50002,0.014691447140549199,0.8726962625754009,0.004105443504282338,0.004575748453299849,0.007265110773657484,0.002259842460556724,0.014066951261723597,0.004635386487941896,0.035911964765777925,0.003350849843614637,0.019992056139392967,0.007111841374638128,0.00023336314084870273
Wfaba63e098f23be50003,0.014691447140549199,0.8726962625754009,0.004105443504282338,0.004575748453299849,0.007265110773657484,0.002259842460556724,0.014066951261723597,0.004635386487941896,0.035911964765777925,0.003350849843614637,0.019992056139392967,0.007111841374638128,0.00023336314084870273
Wfaba63e098f23be50004,0.014691447140549199,0.8726962625754009,0.004105443504282338,0.004575748453299849,0.007265110773657484,0.002259842460556724,0.014066951261723597,0.004635386487941896,0.035911964765777925,0.003350849843614637,0.019992056139392967,0.007111841374638128,0.00023336314084870273
Wfaba63e098f23be50005,0.014691447140549199,0.8726962625754009,0.004105443504282338,0.004575748453299849,0.007265110773657484,0.002259842460556724,0.014066951261723597,0.004635386487941896,0.035911964765777925,0.003350849843614637,0.019992056139392967,0.007111841374638128,0.00023336314084870273
Wfaba63e098f23be50006,0.014691447140549199,0.8726962625754009,0.004105443504282338,0.004575748453299849,0.007265110773657484,0.002259842460556724,0.014066951261723597,0.004635386487941896,0.035911964765777925,0.003350849843614637,0.019992056139392967,0.007111841374638128,0.00023336314084870273
Wfdd58305c41484a30000,0.004326364810626233,0.0039490047233905175,0.09675694777385854,0.015689505948580817,0.027242458699305933,0.036457072779057235,0.009931665389430544,0.1413990016694099,0.1839373824653385,0.13346798483602823,0.1674380246224418,0.008444597373481863,0.06605455391962055
Wfdd58305c41484a30001,0.004326364810626233,0.0039490047233905175,0.09675694777385854,0.015689505948580817,0.027242458699305933,0.036457072779057235,0.009931665389430544,0.1413990016694099,0.1839373824653385,0.13346798483602823,0.1674380246224418,0.008444597373481863,0.06605455391962055
Wfdd58305c41484a30002,0.004326364810626233,0.0039490047233905175,0.09675694777385854,0.015689505948580817,0.027242458699305933,0.036457072779057235,0.009931665389430544,0.1413990016694099,0.1839373824653385,0.13346798483602823,0.1674380246224418,0.008444597373481863,0.06605455391962055
Wfdd58305c41484a30003,0.004326364810626233,0.0039490047233905175,0.09675694777385854,0.015689505948580817,0.027242458699305933,0.036457072779057235,0.009931665389430544,0.1413990016694099,0.1839373824653385,0.13346798483602823,0.1674380246224418,0.008444597373481863,0.06605455391962055
Wfdd58305c41484a30004,0.004326364810626233,0.0039490047233905175,0.09675694777385854,0.015689505948580817,0.027242458699305933,0.036457072779057235,0.009931665389430544,0.1413990016694099,0.1839373824653385,0.13346798483602823,0.1674380246224418,0.008444597373481863,0.06605455391962055
Wfdd58305c41484a30005,0.004326364810626233,0.0039490047233905175,0.09675694777385854,0.015689505948580817,0.027242458699305933,0.036457072779057235,0.009931665389430544,0.1413990016694099,0.1839373824653385,0.13346798483602823,0.1674380246224418,0.008444597373481863,0.06605455391962055
Wfdd58305c41484a30006,0.004326364810626233,0.0039490047233905175,0.09675694777385854,0.015689505948580817,0.027242458699305933,0.036457072779057235,0.009931665389430544,0.1413990016694099,0.1839373824653385,0.13346798483602823,0.1674380246224418,0.008444597373481863,0.06605455391962055
Wfe087e60becde77e0000,0.003979554738701623,0.005782048966923799,0.0585335245908967,0.015947455690448392,0.025308324484805102,0.010613455308444621,0.020277652713216084,0.1475487875065678,0.4612001931680134,0.017870290328449175,0.10348635844938607,0.004998292733871072,0.013476843371937627
Wfe087e60becde77e0001,0.003979554738701623,0.005782048966923799,0.0585335245908967,0.015947455690448392,0.025308324484805102,0.010613455308444621,0.020277652713216084,0.1475487875065678,0.4612001931680134,0.017870290328449175,0.10348635844938607,0.004998292733871072,0.013476843371937627
Wfe087e60becde77e0002,0.003979554738701623,0.005782048966923799,0.0585335245908967,0.015947455690448392,0.025308324484805102,0.010613455308444621,0.020277652713216084,0.1475487875065678,0.4612001931680134,0.017870290328449175,0.10348635844938607,0.004998292733871072,0.013476843371937627
Wfe087e60becde77e0003,0.003979554738701623,0.005782048966923799,0.0585335245908967,0.015947455690448392,0.025308324484805102,0.010613455308444621,0.020277652713216084,0.1475487875065678,0.4612001931680134,0.017870290328449175,0.10348635844938607,0.004998292733871072,0.013476843371937627
Wfe087e60becde77e0004,0.003979554738701623,0.005782048966923799,0.0585335245908967,0.015947455690448392,0.025308324484805102,0.010613455308444621,0.020277652713216084,0.1475487875065678,0.4612001931680134,0.017870290328449175,0.10348635844938607,0.004998292733871072,0.013476843371937627
Wfe087e60becde77e0005,0.003979554738701623,0.005782048966923799,0.0585335245908967,0.015947455690448392,0.025308324484805102,0.010613455308444621,0.020277652713216084,0.1475487875065678,0.4612001931680134,0.017870290328449175,0.10348635844938607,0.004998292733871072,0.013476843371937627
Wfe087e60becde77e0006,0.003979554738701623,0.005782048966923799,0.0585335245908967,0.015947455690448392,0.025308324484805102,0.010613455308444621,0.020277652713216084,0.1475487875065678,0.4612001931680134,0.017870290328449175,0.10348635844938607,0.004998292733871072,0.013476843371937627
Wfe131a9a23bcd6b40000,0.02442358095985455,0.8174310054258661,0.009620084323719892,0.008348583836526013,0.009627049812008038,0.003899615226471624,0.05120858890723236,0.009298526116975282,0.004147984001396576,0.008901078468288018,0.012213430765723348,0.004103664611248027,0.006404896750108859
Wfe131a9a23bcd6b40001,0.02442358095985455,0.8174310054258661,0.009620084323719892,0.008348583836526013,0.009627049812008038,0.003899615226471624,0.05120858890723236,0.009298526116975282,0.004147984001396576,0.008901078468288018,0.012213430765723348,0.004103664611248027,0.006404896750108859
Wfe131a9a23bcd6b40002,0.02442358095985455,0.8174310054258661,0.009620084323719892,0.008348583836526013,0.009627049812008038,0.003899615226471624,0.05120858890723236,0.009298526116975282,0.004147984001396576,0.008901078468288018,0.012213430765723348,0.004103664611248027,0.006404896750108859
Wfe131a9a23bcd6b40003,0.02442358095985455,0.8174310054258661,0.009620084323719892,0.008348583836526013,0.009627049812008038,0.003899615226471624,0.05120858890723236,0.009298526116975282,0.004147984001396576,0.008901078468288018,0.012213430765723348,0.004103664611248027,0.006404896750108859
Wfe131a9a23bcd6b40004,0.02442358095985455,0.8174310054258661,0.009620084323719892,0.008348583836526013,0.009627049812008038,0.003899615226471624,0.05120858890723236,0.009298526116975282,0.004147984001396576,0.008901078468288018,0.012213430765723348,0.004103664611248027,0.006404896750108859
Wfe131a9a23bcd6b40005,0.02442358095985455,0.8174310054258661,0.009620084323719892,0.008348583836526013,0.009627049812008038,0.003899615226471624,0.05120858890723236,0.009298526116975282,0.004147984001396576,0.008901078468288018,0.012213430765723348,0.004103664611248027,0.006404896750108859
Wfe131a9a23bcd6b40006,0.02442358095985455,0.8174310054258661,0.009620084323719892,0.008348583836526013,0.009627049812008038,0.003899615226471624,0.05120858890723236,0.009298526116975282,0.004147984001396576,0.008901078468288018,0.012213430765723348,0.004103664611248027,0.006404896750108859
Wfe5b5fd90a0f32520000,0.011829366703574956,0.030369555410298326,0.03728078357808333,0.041980141509387406,0.0326462749812544,0.0679305633207723,0.6610850797058163,0.010359309127480298,0.0049514325605238005,0.01186043592870509,0.018203568490728773,0.029791263679136232,0.009970978098450647
Wfe5b5fd90a0f32520001,0.011829366703574956,0.030369555410298326,0.03728078357808333,0.041980141509387406,0.0326462749812544,0.0679305633207723,0.6610850797058163,0.010359309127480298,0.0049514325605238005,0.01186043592870509,0.018203568490728773,0.029791263679136232,0.009970978098450647
Wfe5b5fd90a0f32520002,0.011829366703574956,0.030369555410298326,0.03728078357808333,0.041980141509387406,0.0326462749812544,0.0679305633207723,0.6610850797058163,0.010359309127480298,0.0049514325605238005,0.01186043592870509,0.018203568490728773,0.029791263679136232,0.009970978098450647
Wfe5b5fd90a0f32520003,0.011829366703574956,0.030369555410298326,0.03728078357808333,0.041980141509387406,0.0326462749812544,0.0679305633207723,0.6610850797058163,0.010359309127480298,0.0049514325605238005,0.01186043592870509,0.018203568490728773,0.029791263679136232,0.009970978098450647
Wfe5b5fd90a0f32520004,0.011829366703574956,0.030369555410298326,0.03728078357808333,0.041980141509387406,0.0326462749812544,0.0679305633207723,0.6610850797058163,0.010359309127480298,0.0049514325605238005,0.01186043592870509,0.018203568490728773,0.029791263679136232,0.009970978098450647
Wfe5b5fd90a0f32520005,0.011829366703574956,0.030369555410298326,0.03728078357808333,0.041980141509387406,0.0326462749812544,0.0679305633207723,0.6610850797058163,0.010359309127480298,0.0049514325605238005,0.01186043592870509,0.018203568490728773,0.029791263679136232,0.009970978098450647
Wfe5b5fd90a0f32520006,0.011829366703574956,0.030369555410298326,0.03728078357808333,0.041980141509387406,0.0326462749812544,0.0679305633207723,0.6610850797058163,0.010359309127480298,0.0049514325605238005,0.01186043592870509,0.018203568490728773,0.029791263679136232,0.009970978098450647
Wfeb1d9279b09dcc20000,0.0069614011594199094,0.12369356570434505,0.029896858354148428,0.0555254829278525,0.035073198458446225,0.009710928201112929,0.03965349074420468,0.018111300108204196,0.019860304718860546,0.03587951114649183,0.09922061768276975,0.01874072642659167,0.09088128255823316
Wfeb1d9279b09dcc20001,0.0069614011594199094,0.12369356570434505,0.029896858354148428,0.0555254829278525,0.035073198458446225,0.009710928201112929,0.03965349074420468,0.018111300108204196,0.019860304718860546,0.03587951114649183,0.09922061768276975,0.01874072642659167,0.09088128255823316
Wfeb1d9279b09dcc20002,0.0069614011594199094,0.12369356570434505,0.029896858354148428,0.0555254829278525,0.035073198458446225,0.009710928201112929,0.03965349074420468,0.018111300108204196,0.019860304718860546,0.03587951114649183,0.09922061768276975,0.01874072642659167,0.09088128255823316
Wfeb1d9279b09dcc20003,0.0069614011594199094,0.12369356570434505,0.029896858354148428,0.0555254829278525,0.035073198458446225,0.009710928201112929,0.03965349074420468,0.018111300108204196,0.019860304718860546,0.03587951114649183,0.09922061768276975,0.01874072642659167,0.09088128255823316
Wfeb1d9279b09dcc20004,0.0069614011594199094,0.12369356570434505,0.029896858354148428,0.0555254829278525,0.035073198458446225,0.009710928201112929,0.03965349074420468,0.018111300108204196,0.019860304718860546,0.03587951114649183,0.09922061768276975,0.01874072642659167,0.09088128255823316
Wfeb1d9279b09dcc20005,0.0069614011594199094,0.12369356570434505,0.029896858354148428,0.0555254829278525,0.035073198458446225,0.009710928201112929,0.03965349074420468,0.018111300108204196,0.019860304718860546,0.03587951114649183,0.09922061768276975,0.01874072642659167,0.09088128255823316
Wfeb1d9279b09dcc20006,0.0069614011594199094,0.12369356570434505,0.029896858354148428,0.0555254829278525,0.035073198458446225,0.009710928201112929,0.03965349074420468,0.018111300108204196,0.019860304718860546,0.03587951114649183,0.09922061768276975,0.01874072642659167,0.09088128255823316
Wfebd5f1c4ad913370000,0.060252015004982035,0.005183694257875929,0.026817736130195127,0.3787164641813919,0.12025319472458662,0.035735073539127866,0.012223581037064016,0.24251148756377455,0.0035125339397728958,0.024809703880029566,0.019633700492106054,0.019214947239881576,0.018163840774800072
Wfebd5f1c4ad913370001,0.060252015004982035,0.005183694257875929,0.026817736130195127,0.3787164641813919,0.12025319472458662,0.035735073539127866,0.012223581037064016,0.24251148756377455,0.0035125339397728958,0.024809703880029566,0.019633700492106054,0.019214947239881576,0.018163840774800072
Wfebd5f1c4ad913370002,0.060252015004982035,0.005183694257875929,0.026817736130195127,0.3787164641813919,0.12025319472458662,0.035735073539127866,0.012223581037064016,0.24251148756377455,0.0035125339397728958,0.024809703880029566,0.019633700492106054,0.019214947239881576,0.018163840774800072
Wfebd5f1c4ad913370003,0.060252015004982035,0.005183694257875929,0.026817736130195127,0.3787164641813919,0.12025319472458662,0.035735073539127866,0.012223581037064016,0.24251148756377455,0.0035125339397728958,0.024809703880029566,0.019633700492106054,0.019214947239881576,0.018163840774800072
Wfebd5f1c4ad913370004,0.060252015004982035,0.005183694257875929,0.026817736130195127,0.3787164641813919,0.12025319472458662,0.035735073539127866,0.012223581037064016,0.24251148756377455,0.0035125339397728958,0.024809703880029566,0.019633700492106054,0.019214947239881576,0.018163840774800072
Wfebd5f1c4ad913370005,0.060252015004982035,0.005183694257875929,0.026817736130195127,0.3787164641813919,0.12025319472458662,0.035735073539127866,0.012223581037064016,0.24251148756377455,0.0035125339397728958,0.024809703880029566,0.019633700492106054,0.019214947239881576,0.018163840774800072
Wfebd5f1c4ad913370006,0.060252015004982035,0.005183694257875929,0.026817736130195127,0.3787164641813919,0.12025319472458662,0.035735073539127866,0.012223581037064016,0.24251148756377455,0.0035125339397728958,0.024809703880029566,0.019633700492106054,0.019214947239881576,0.018163840774800072
