window_id,F01,F02,F03,F04,F05,F06,F07,F08,F09,F10,F11,F12,F13
W000adee795ae7cdb0000,0.87996215189744,0.002732790312987856,0.0012013594626796996,0.004446465932325534,0.004516520520756159,0.04498756313843408,0.0010425514974543094,4.300880639035966e-06,5.881279112239906e-06,0.00046967484538235456,0.0006476541398145783,0.05740603417885223,0.0019744772472766246
W000adee795ae7cdb0001,0.87996215189744,0.002732790312987856,0.0012013594626796996,0.004446465932325534,0.004516520520756159,0.04498756313843408,0.0010425514974543094,4.300880639035966e-06,5.881279112239906e-06,0.00046967484538235456,0.0006476541398145783,0.05740603417885223,0.0019744772472766246
W000adee795ae7cdb0002,0.87996215189744,0.002732790312987856,0.0012013594626796996,0.004446465932325534,0.004516520520756159,0.04498756313843408,0.0010425514974543094,4.300880639035966e-06,5.881279112239906e-06,0.00046967484538235456,0.0006476541398145783,0.05740603417885223,0.0019744772472766246
W000adee795ae7cdb0003,0.87996215189744,0.002732790312987856,0.0012013594626796996,0.004446465932325534,0.004516520520756159,0.04498756313843408,0.0010425514974543094,4.300880639035966e-06,5.881279112239906e-06,0.00046967484538235456,0.0006476541398145783,0.05740603417885223,0.0019744772472766246
W000adee795ae7cdb0004,0.87996215189744,0.002732790312987856,0.0012013594626796996,0.004446465932325534,0.004516520520756159,0.04498756313843408,0.0010425514974543094,4.300880639035966e-06,5.881279112239906e-06,0.00046967484538235456,0.0006476541398145783,0.05740603417885223,0.0019744772472766246
W000adee795ae7cdb0005,0.87996215189744,0.002732790312987856,0.0012013594626796996,0.004446465932325534,0.004516520520756159,0.04498756313843408,0.0010425514974543094,4.300880639035966e-06,5.881279112239906e-06,0.00046967484538235456,0.0006476541398145783,0.05740603417885223,0.0019744772472766246
W000adee795ae7cdb0006,0.87996215189744,0.002732790312987856,0.0012013594626796996,0.004446465932325534,0.004516520520756159,0.04498756313843408,0.0010425514974543094,4.300880639035966e-06,5.881279112239906e-06,0.00046967484538235456,0.0006476541398145783,0.05740603417885223,0.0019744772472766246
W00d9b92b429254d10000,0.0038052101443678803,0.7582198541865597,0.0004673612231760233,0.001398402454155669,0.0024893062523746036,0.001587334477928245,0.0013185208286091176,0.007398371857349477,0.20653270640042448,0.0014352422437271543,0.011965180393746328,0.0006099180601762183,0.0009440435127879202
W00d9b92b429254d10001,0.0038052101443678803,0.7582198541865597,0.0004673612231760233,0.001398402454155669,0.0024893062523746036,0.001587334477928245,0.0013185208286091176,0.007398371857349477,0.20653270640042448,0.0014352422437271543,0.011965180393746328,0.0006099180601762183,0.0009440435127879202
W00d9b92b429254d10002,0.0038052101443678803,0.7582198541865597,0.0004673612231760233,0.001398402454155669,0.0024893062523746036,0.001587334477928245,0.0013185208286091176,0.007398371857349477,0.20653270640042448,0.0014352422437271543,0.011965180393746328,0.0006099180601762183,0.0009440435127879202
W00d9b92b429254d10003,0.0038052101443678803,0.7582198541865597,0.0004673612231760233,0.001398402454155669,0.0024893062523746036,0.001587334477928245,0.0013185208286091176,0.007398371857349477,0.20653270640042448,0.0014352422437271543,0.011965180393746328,0.0006099180601762183,0.0009440435127879202
W00d9b92b429254d10004,0.0038052101443678803,0.7582198541865597,0.0004673612231760233,0.001398402454155669,0.0024893062523746036,0.001587334477928245,0.0013185208286091176,0.007398371857349477,0.20653270640042448,0.0014352422437271543,0.011965180393746328,0.0006099180601762183,0.0009440435127879202
W00d9b92b429254d10005,0.0038052101443678803,0.7582198541865597,0.0004673612231760233,0.001398402454155669,0.0024893062523746036,0.001587334477928245,0.0013185208286091176,0.007398371857349477,0.20653270640042448,0.0014352422437271543,0.011965180393746328,0.0006099180601762183,0.0009440435127879202
W00d9b92b429254d10006,0.0038052101443678803,0.7582198541865597,0.0004673612231760233,0.001398402454155669,0.0024893062523746036,0.001587334477928245,0.0013185208286091176,0.007398371857349477,0.20653270640042448,0.0014352422437271543,0.011965180393746328,0.0006099180601762183,0.0009440435127879202
W011c5210582bb0430000,0.01602570444025935,0.0019397723845895605,0.641382664233168,0.14387453282655369,0.08641148940560105,0.01580944662035792,0.008371402165570578,0.0036761322660331494,0.0034437478402603726,0.00952735523472162,0.002585935276708504,0.019630826707792925,0.013417047882595262
W011c5210582bb0430001,0.01602570444025935,0.0019397723845895605,0.641382664233168,0.14387453282655369,0.08641148940560105,0.01580944662035792,0.008371402165570578,0.0036761322660331494,0.0034437478402603726,0.00952735523472162,0.002585935276708504,0.019630826707792925,0.013417047882595262
W011c5210582bb0430002,0.01602570444025935,0.0019397723845895605,0.641382664233168,0.14387453282655369,0.08641148940560105,0.01580944662035792,0.008371402165570578,0.0036761322660331494,0.0034437478402603726,0.00952735523472162,0.002585935276708504,0.019630826707792925,0.013417047882595262
W011c5210582bb0430003,0.01602570444025935,0.0019397723845895605,0.641382664233168,0.14387453282655369,0.08641148940560105,0.01580944662035792,0.008371402165570578,0.0036761322660331494,0.0034437478402603726,0.00952735523472162,0.002585935276708504,0.019630826707792925,0.013417047882595262
W011c5210582bb0430004,0.01602570444025935,0.0019397723845895605,0.641382664233168,0.14387453282655369,0.08641148940560105,0.01580944662035792,0.008371402165570578,0.0036761322660331494,0.0034437478402603726,0.00952735523472162,0.002585935276708504,0.019630826707792925,0.013417047882595262
W011c5210582bb0430005,0.01602570444025935,0.0019397723845895605,0.641382664233168,0.14387453282655369,0.08641148940560105,0.01580944662035792,0.008371402165570578,0.0036761322660331494,0.0034437478402603726,0.00952735523472162,0.002585935276708504,0.019630826707792925,0.013417047882595262
W011c5210582bb0430006,0.01602570444025935,0.0019397723845895605,0.641382664233168,0.14387453282655369,0.08641148940560105,0.01580944662035792,0.008371402165570578,0.0036761322660331494,0.0034437478402603726,0.00952735523472162,0.002585935276708504,0.019630826707792925,0.013417047882595262
W01dad0ab3839cd3a0000,0.0002175266501435088,0.0005819410783702669,0.010772260648671135,0.01022301416714773,0.008520914338951432,0.0014144964510602335,0.004853148282442667,0.21863863280953572,0.5967071924658909,0.02042421811885131,0.052658313761530934,0.0005953744880725347,0.011555214449095474
W01dad0ab3839cd3a0001,0.0002175266501435088,0.0005819410783702669,0.010772260648671135,0.01022301416714773,0.008520914338951432,0.0014144964510602335,0.004853148282442667,0.21863863280953572,0.5967071924658909,0.02042421811885131,0.052658313761530934,0.0005953744880725347,0.011555214449095474
W01dad0ab3839cd3a0002,0.0002175266501435088,0.0005819410783702669,0.010772260648671135,0.01022301416714773,0.008520914338951432,0.0014144964510602335,0.004853148282442667,0.21863863280953572,0.5967071924658909,0.02042421811885131,0.052658313761530934,0.0005953744880725347,0.011555214449095474
W01dad0ab3839cd3a0003,0.0002175266501435088,0.0005819410783702669,0.010772260648671135,0.01022301416714773,0.008520914338951432,0.0014144964510602335,0.004853148282442667,0.21863863280953572,0.5967071924658909,0.02042421811885131,0.052658313761530934,0.0005953744880725347,0.011555214449095474
W01dad0ab3839cd3a0004,0.0002175266501435088,0.0005819410783702669,0.010772260648671135,0.01022301416714773,0.008520914338951432,0.0014144964510602335,0.004853148282442667,0.21863863280953572,0.5967071924658909,0.02042421811885131,0.052658313761530934,0.0005953744880725347,0.011555214449095474
W01dad0ab3839cd3a0005,0.0002175266501435088,0.0005819410783702669,0.010772260648671135,0.01022301416714773,0.008520914338951432,0.0014144964510602335,0.004853148282442667,0.21863863280953572,0.5967071924658909,0.02042421811885131,0.052658313761530934,0.0005953744880725347,0.011555214449095474
W01dad0ab3839cd3a0006,0.0002175266501435088,0.0005819410783702669,0.010772260648671135,0.01022301416714773,0.008520914338951432,0.0014144964510602335,0.004853148282442667,0.21863863280953572,0.5967071924658909,0.02042421811885131,0.052658313761530934,0.0005953744880725347,0.011555214449095474
W0257b7e5d137a4440000,0.0012502014069781283,9.135223958054593e-05,0.003053166975891524,0.0036074356451820926,0.0014144789607601937,0.23250377089075444,0.0005324371410968076,0.00021113582428903017,8.325097320357777e-05,0.0016958565981591409,0.00011259268462202974,0.7489504595513948,0.00492065391736332
W0257b7e5d137a4440001,0.0012502014069781283,9.135223958054593e-05,0.003053166975891524,0.0036074356451820926,0.0014144789607601937,0.23250377089075444,0.0005324371410968076,0.00021113582428903017,8.325097320357777e-05,0.0016958565981591409,0.00011259268462202974,0.7489504595513948,0.00492065391736332
W0257b7e5d137a4440002,0.0012502014069781283,9.135223958054593e-05,0.003053166975891524,0.0036074356451820926,0.0014144789607601937,0.23250377089075444,0.0005324371410968076,0.00021113582428903017,8.325097320357777e-05,0.0016958565981591409,0.00011259268462202974,0.7489504595513948,0.00492065391736332
W0257b7e5d137a4440003,0.0012502014069781283,9.135223958054593e-05,0.003053166975891524,0.0036074356451820926,0.0014144789607601937,0.23250377089075444,0.0005324371410968076,0.00021113582428903017,8.325097320357777e-05,0.0016958565981591409,0.00011259268462202974,0.7489504595513948,0.00492065391736332
W0257b7e5d137a4440004,0.0012502014069781283,9.135223958054593e-05,0.003053166975891524,0.0036074356451820926,0.0014144789607601937,0.23250377089075444,0.0005324371410968076,0.00021113582428903017,8.325097320357777e-05,0.0016958565981591409,0.00011259268462202974,0.7489504595513948,0.00492065391736332
W0257b7e5d137a4440005,0.0012502014069781283,9.135223958054593e-05,0.003053166975891524,0.0036074356451820926,0.0014144789607601937,0.23250377089075444,0.0005324371410968076,0.00021113582428903017,8.325097320357777e-05,0.0016958565981591409,0.00011259268462202974,0.7489504595513948,0.00492065391736332
W0257b7e5d137a4440006,0.0012502014069781283,9.135223958054593e-05,0.003053166975891524,0.0036074356451820926,0.0014144789607601937,0.23250377089075444,0.0005324371410968076,0.00021113582428903017,8.325097320357777e-05,0.0016958565981591409,0.00011259268462202974,0.7489504595513948,0.00492065391736332
W0290b13796da5daa0000,0.004343460192574094,0.0026550959046375147,0.07774039387774445,0.10171465772612036,0.038810359618751025,0.0585556461611506,0.019587953408401654,0.030080483137037234,0.20715038258037446,0.07622936922492068,0.10570053130984497,0.007326830795193579,0.039730274734554975
W0290b13796da5daa0001,0.004343460192574094,0.0026550959046375147,0.07774039387774445,0.10171465772612036,0.038810359618751025,0.0585556461611506,0.019587953408401654,0.030080483137037234,0.20715038258037446,0.07622936922492068,0.10570053130984497,0.007326830795193579,0.039730274734554975
W0290b13796da5daa0002,0.004343460192574094,0.0026550959046375147,0.07774039387774445,0.10171465772612036,0.038810359618751025,0.0585556461611506,0.019587953408401654,0.030080483137037234,0.20715038258037446,0.07622936922492068,0.10570053130984497,0.007326830795193579,0.039730274734554975
W0290b13796da5daa0003,0.004343460192574094,0.0026550959046375147,0.07774039387774445,0.10171465772612036,0.038810359618751025,0.0585556461611506,0.019587953408401654,0.030080483137037234,0.20715038258037446,0.07622936922492068,0.10570053130984497,0.007326830795193579,0.039730274734554975
W0290b13796da5daa0004,0.004343460192574094,0.0026550959046375147,0.07774039387774445,0.10171465772612036,0.038810359618751025,0.0585556461611506,0.019587953408401654,0.030080483137037234,0.20715038258037446,0.07622936922492068,0.10570053130984497,0.007326830795193579,0.039730274734554975
W0290b13796da5daa0005,0.004343460192574094,0.0026550959046375147,0.07774039387774445,0.10171465772612036,0.038810359618751025,0.0585556461611506,0.019587953408401654,0.030080483137037234,0.20715038258037446,0.07622936922492068,0.10570053130984497,0.007326830795193579,0.039730274734554975
W0290b13796da5daa0006,0.004343460192574094,0.0026550959046375147,0.07774039387774445,0.10171465772612036,0.038810359618751025,0.0585556461611506,0.019587953408401654,0.030080483137037234,0.20715038258037446,0.07622936922492068,0.10570053130984497,0.007326830795193579,0.039730274734554975
W02e28fb5a87e30ff0000,0.0010701183451326498,0.0004026925469582401,0.008089174689292896,0.00438902268200566,0.0033882416060179417,0.002378820060181408,0.011026649240028824,0.9321709675953818,0.003959132730901144,0.00274637844246927,0.0030927328763799833,0.0023153636435192053,0.002745277531660928
W02e28fb5a87e30ff0001,0.0010701183451326498,0.0004026925469582401,0.008089174689292896,0.00438902268200566,0.0033882416060179417,0.002378820060181408,0.011026649240028824,0.9321709675953818,0.003959132730901144,0.00274637844246927,0.0030927328763799833,0.0023153636435192053,0.002745277531660928
W02e28fb5a87e30ff0002,0.0010701183451326498,0.0004026925469582401,0.008089174689292896,0.00438902268200566,0.0033882416060179417,0.002378820060181408,0.011026649240028824,0.9321709675953818,0.003959132730901144,0.00274637844246927,0.0030927328763799833,0.0023153636435192053,0.002745277531660928
W02e28fb5a87e30ff0003,0.0010701183451326498,0.0004026925469582401,0.008089174689292896,0.00438902268200566,0.0033882416060179417,0.002378820060181408,0.011026649240028824,0.9321709675953818,0.003959132730901144,0.00274637844246927,0.0030927328763799833,0.0023153636435192053,0.002745277531660928
W02e28fb5a87e30ff0004,0.0010701183451326498,0.0004026925469582401,0.008089174689292896,0.00438902268200566,0.0033882416060179417,0.002378820060181408,0.011026649240028824,0.9321709675953818,0.003959132730901144,0.00274637844246927,0.0030927328763799833,0.0023153636435192053,0.002745277531660928
W02e28fb5a87e30ff0005,0.0010701183451326498,0.0004026925469582401,0.008089174689292896,0.00438902268200566,0.0033882416060179417,0.002378820060181408,0.011026649240028824,0.9321709675953818,0.003959132730901144,0.00274637844246927,0.0030927328763799833,0.0023153636435192053,0.002745277531660928
W02e28fb5a87e30ff0006,0.0010701183451326498,0.0004026925469582401,0.008089174689292896,0.00438902268200566,0.0033882416060179417,0.002378820060181408,0.011026649240028824,0.9321709675953818,0.003959132730901144,0.00274637844246927,0.0030927328763799833,0.0023153636435192053,0.002745277531660928
W048d92294828d32c0000,0.05093861261454789,0.00494882476560507,0.20261176853868257,0.24342268162426683,0.122541255684128,0.04338791165801276,0.020449968010139277,0.0315826000168932,0.0031232751880898627,0.21417441491638115,0.0093389659319756,0.01725093504563646,0.011350386220405328
W048d92294828d32c0001,0.05093861261454789,0.00494882476560507,0.20261176853868257,0.24342268162426683,0.122541255684128,0.04338791165801276,0.020449968010139277,0.0315826000168932,0.0031232751880898627,0.21417441491638115,0.0093389659319756,0.01725093504563646,0.011350386220405328
W048d92294828d32c0002,0.05093861261454789,0.00494882476560507,0.20261176853868257,0.24342268162426683,0.122541255684128,0.04338791165801276,0.020449968010139277,0.0315826000168932,0.0031232751880898627,0.21417441491638115,0.0093389659319756,0.01725093504563646,0.011350386220405328
W048d92294828d32c0003,0.05093861261454789,0.00494882476560507,0.20261176853868257,0.24342268162426683,0.122541255684128,0.04338791165801276,0.020449968010139277,0.0315826000168932,0.0031232751880898627,0.21417441491638115,0.0093389659319756,0.01725093504563646,0.011350386220405328
W048d92294828d32c0004,0.05093861261454789,0.00494882476560507,0.20261176853868257,0.24342268162426683,0.122541255684128,0.04338791165801276,0.020449968010139277,0.0315826000168932,0.0031232751880898627,0.21417441491638115,0.0093389659319756,0.01725093504563646,0.011350386220405328
W048d92294828d32c0005,0.05093861261454789,0.00494882476560507,0.20261176853868257,0.24342268162426683,0.122541255684128,0.04338791165801276,0.020449968010139277,0.0315826000168932,0.0031232751880898627,0.21417441491638115,0.0093389659319756,0.01725093504563646,0.011350386220405328
W048d92294828d32c0006,0.05093861261454789,0.00494882476560507,0.20261176853868257,0.24342268162426683,0.122541255684128,0.04338791165801276,0.020449968010139277,0.0315826000168932,0.0031232751880898627,0.21417441491638115,0.0093389659319756,0.01725093504563646,0.011350386220405328
W0490aebc1737e82f0000,0.002341554008520782,0.002823046400435598,0.08732023146316217,0.03395335506256096,0.04164739876954825,0.025516644230373565,0.7547897307603434,0.002085742055862232,0.006983493079062932,0.0034760507287221014,0.00864071796738715,0.014227447195128005,0.004311157564169682
W0490aebc1737e82f0001,0.002341554008520782,0.002823046400435598,0.08732023146316217,0.03395335506256096,0.04164739876954825,0.025516644230373565,0.7547897307603434,0.002085742055862232,0.006983493079062932,0.0034760507287221014,0.00864071796738715,0.014227447195128005,0.004311157564169682
W0490aebc1737e82f0002,0.002341554008520782,0.002823046400435598,0.08732023146316217,0.03395335506256096,0.04164739876954825,0.025516644230373565,0.7547897307603434,0.002085742055862232,0.006983493079062932,0.0034760507287221014,0.00864071796738715,0.014227447195128005,0.004311157564169682
W0490aebc1737e82f0003,0.002341554008520782,0.002823046400435598,0.08732023146316217,0.03395335506256096,0.04164739876954825,0.025516644230373565,0.7547897307603434,0.002085742055862232,0.006983493079062932,0.0034760507287221014,0.00864071796738715,0.014227447195128005,0.004311157564169682
W0490aebc1737e82f0004,0.002341554008520782,0.002823046400435598,0.08732023146316217,0.03395335506256096,0.04164739876954825,0.025516644230373565,0.7547897307603434,0.002085742055862232,0.006983493079062932,0.0034760507287221014,0.00864071796738715,0.014227447195128005,0.004311157564169682
W0490aebc1737e82f0005,0.002341554008520782,0.002823046400435598,0.08732023146316217,0.03395335506256096,0.04164739876954825,0.025516644230373565,0.7547897307603434,0.002085742055862232,0.006983493079062932,0.0034760507287221014,0.00864071796738715,0.014227447195128005,0.004311157564169682
W0490aebc1737e82f0006,0.002341554008520782,0.002823046400435598,0.08732023146316217,0.03395335506256096,0.04164739876954825,0.025516644230373565,0.7547897307603434,0.002085742055862232,0.006983493079062932,0.0034760507287221014,0.00864071796738715,0.014227447195128005,0.004311157564169682
W04bd8a749e25fe910000,0.026078423126661976,0.006783564359580945,0.49833302828730874,0.06467787735502156,0.09547451423040546,0.03796564287806831,0.06649902375905664,0.016908071734172036,0.00752500987583422,0.02110576414020807,0.00982012439666231,0.018354379876518192,0.018621801876142992
W04bd8a749e25fe910001,0.026078423126661976,0.006783564359580945,0.49833302828730874,0.06467787735502156,0.09547451423040546,0.03796564287806831,0.06649902375905664,0.016908071734172036,0.00752500987583422,0.02110576414020807,0.00982012439666231,0.018354379876518192,0.018621801876142992
W04bd8a749e25fe910002,0.026078423126661976,0.006783564359580945,0.49833302828730874,0.06467787735502156,0.09547451423040546,0.03796564287806831,0.06649902375905664,0.016908071734172036,0.00752500987583422,0.02110576414020807,0.00982012439666231,0.018354379876518192,0.018621801876142992
W04bd8a749e25fe910003,0.026078423126661976,0.006783564359580945,0.49833302828730874,0.06467787735502156,0.09547451423040546,0.03796564287806831,0.06649902375905664,0.016908071734172036,0.00752500987583422,0.02110576414020807,0.00982012439666231,0.018354379876518192,0.018621801876142992
W04bd8a749e25fe910004,0.026078423126661976,0.006783564359580945,0.49833302828730874,0.06467787735502156,0.09547451423040546,0.03796564287806831,0.06649902375905664,0.016908071734172036,0.00752500987583422,0.02110576414020807,0.00982012439666231,0.018354379876518192,0.018621801876142992
W04bd8a749e25fe910005,0.026078423126661976,0.006783564359580945,0.49833302828730874,0.06467787735502156,0.09547451423040546,0.03796564287806831,0.06649902375905664,0.016908071734172036,0.00752500987583422,0.02110576414020807,0.00982012439666231,0.018354379876518192,0.018621801876142992
W04bd8a749e25fe910006,0.026078423126661976,0.006783564359580945,0.49833302828730874,0.06467787735502156,0.09547451423040546,0.03796564287806831,0.06649902375905664,0.016908071734172036,0.00752500987583422,0.02110576414020807,0.00982012439666231,0.018354379876518192,0.018621801876142992
W07c81bc1aa9fc7f00000,0.0031596937965544356,0.008260200205847008,0.02367248777478099,0.005120477776003507,0.04404245827075829,0.0071645744311538105,0.010545424554697957,0.010119725368379953,0.00987189984116777,0.030240070886957737,0.42267025425714233,0.0022153059915541395,0.09719461316917641
W07c81bc1aa9fc7f00001,0.0031596937965544356,0.008260200205847008,0.02367248777478099,0.005120477776003507,0.04404245827075829,0.0071645744311538105,0.010545424554697957,0.010119725368379953,0.00987189984116777,0.030240070886957737,0.42267025425714233,0.0022153059915541395,0.09719461316917641
W07c81bc1aa9fc7f00002,0.0031596937965544356,0.008260200205847008,0.02367248777478099,0.005120477776003507,0.04404245827075829,0.0071645744311538105,0.010545424554697957,0.010119725368379953,0.00987189984116777,0.030240070886957737,0.42267025425714233,0.0022153059915541395,0.09719461316917641
W07c81bc1aa9fc7f00003,0.0031596937965544356,0.008260200205847008,0.02367248777478099,0.005120477776003507,0.04404245827075829,0.0071645744311538105,0.010545424554697957,0.010119725368379953,0.00987189984116777,0.030240070886957737,0.42267025425714233,0.0022153059915541395,0.09719461316917641
W07c81bc1aa9fc7f00004,0.0031596937965544356,0.008260200205847008,0.02367248777478099,0.005120477776003507,0.04404245827075829,0.0071645744311538105,0.010545424554697957,0.010119725368379953,0.00987189984116777,0.030240070886957737,0.42267025425714233,0.0022153059915541395,0.09719461316917641
W07c81bc1aa9fc7f00005,0.0031596937965544356,0.008260200205847008,0.02367248777478099,0.005120477776003507,0.04404245827075829,0.0071645744311538105,0.010545424554697957,0.010119725368379953,0.00987189984116777,0.030240070886957737,0.42267025425714233,0.0022153059915541395,0.09719461316917641
W07c81bc1aa9fc7f00006,0.0031596937965544356,0.008260200205847008,0.02367248777478099,0.005120477776003507,0.04404245827075829,0.0071645744311538105,0.010545424554697957,0.010119725368379953,0.00987189984116777,0.030240070886957737,0.42267025425714233,0.0022153059915541395,0.09719461316917641
W08bd29d9e33fae850000,0.05463184421027339,0.0034310620092374905,0.026626406037633627,0.047237358705138795,0.1151080887335409,0.08487089260329903,0.010583994793256167,0.01958325045977442,0.012713031875897401,0.08853030499798964,0.3342110160709181,0.013388770646518038,0.013912150193787151
W08bd29d9e33fae850001,0.05463184421027339,0.0034310620092374905,0.026626406037633627,0.047237358705138795,0.1151080887335409,0.08487089260329903,0.010583994793256167,0.01958325045977442,0.012713031875897401,0.08853030499798964,0.3342110160709181,0.013388770646518038,0.013912150193787151
W08bd29d9e33fae850002,0.05463184421027339,0.0034310620092374905,0.026626406037633627,0.047237358705138795,0.1151080887335409,0.08487089260329903,0.010583994793256167,0.01958325045977442,0.012713031875897401,0.08853030499798964,0.3342110160709181,0.013388770646518038,0.013912150193787151
W08bd29d9e33fae850003,0.05463184421027339,0.0034310620092374905,0.026626406037633627,0.047237358705138795,0.1151080887335409,0.08487089260329903,0.010583994793256167,0.01958325045977442,0.012713031875897401,0.08853030499798964,0.3342110160709181,0.013388770646518038,0.013912150193787151
W08bd29d9e33fae850004,0.05463184421027339,0.0034310620092374905,0.026626406037633627,0.047237358705138795,0.1151080887335409,0.08487089260329903,0.010583994793256167,0.01958325045977442,0.012713031875897401,0.08853030499798964,0.3342110160709181,0.013388770646518038,0.013912150193787151
W08bd29d9e33fae850005,0.05463184421027339,0.0034310620092374905,0.026626406037633627,0.047237358705138795,0.1151080887335409,0.08487089260329903,0.010583994793256167,0.01958325045977442,0.012713031875897401,0.08853030499798964,0.3342110160709181,0.013388770646518038,0.013912150193787151
W08bd29d9e33fae850006,0.05463184421027339,0.0034310620092374905,0.026626406037633627,0.047237358705138795,0.1151080887335409,0.08487089260329903,0.010583994793256167,0.01958325045977442,0.012713031875897401,0.08853030499798964,0.3342110160709181,0.013388770646518038,0.013912150193787151
W0b460f4a0d46f8570000,0.7891031579894529,0.011249824317190751,0.03270190257616714,0.029747440825770008,0.024013229161245264,0.023584789359809365,0.008737894573067737,0.004840366126488121,0.0033443010481158633,0.017771997556928824,0.0014899491077127046,0.02084804616045076,0.014740225963072619
W0b460f4a0d46f8570001,0.7891031579894529,0.011249824317190751,0.03270190257616714,0.029747440825770008,0.024013229161245264,0.023584789359809365,0.008737894573067737,0.004840366126488121,0.0033443010481158633,0.017771997556928824,0.0014899491077127046,0.02084804616045076,0.014740225963072619
W0b460f4a0d46f8570002,0.7891031579894529,0.011249824317190751,0.03270190257616714,0.029747440825770008,0.024013229161245264,0.023584789359809365,0.008737894573067737,0.004840366126488121,0.0033443010481158633,0.017771997556928824,0.0014899491077127046,0.02084804616045076,0.014740225963072619
W0b460f4a0d46f8570003,0.7891031579894529,0.011249824317190751,0.03270190257616714,0.029747440825770008,0.024013229161245264,0.023584789359809365,0.008737894573067737,0.004840366126488121,0.0033443010481158633,0.017771997556928824,0.0014899491077127046,0.02084804616045076,0.014740225963072619
W0b460f4a0d46f8570004,0.7891031579894529,0.011249824317190751,0.03270190257616714,0.029747440825770008,0.024013229161245264,0.023584789359809365,0.008737894573067737,0.004840366126488121,0.0033443010481158633,0.017771997556928824,0.0014899491077127046,0.02084804616045076,0.014740225963072619
W0b460f4a0d46f8570005,0.7891031579894529,0.011249824317190751,0.03270190257616714,0.029747440825770008,0.024013229161245264,0.023584789359809365,0.008737894573067737,0.004840366126488121,0.0033443010481158633,0.017771997556928824,0.0014899491077127046,0.02084804616045076,0.014740225963072619
W0b460f4a0d46f8570006,0.7891031579894529,0.011249824317190751,0.03270190257616714,0.029747440825770008,0.024013229161245264,0.023584789359809365,0.008737894573067737,0.004840366126488121,0.0033443010481158633,0.017771997556928824,0.0014899491077127046,0.02084804616045076,0.014740225963072619
W0b4c6c6d3c8992600000,0.0019280271755414537,0.004491978350140963,0.013805909710206137,0.012166878210501365,0.016067781388158626,0.0028132103955798215,0.0068961516786059315,0.3354345794499164,0.36582843480542326,0.010882222610852746,0.1079105476967191,0.009541665465911387,0.007759078584454006
W0b4c6c6d3c8992600001,0.0019280271755414537,0.004491978350140963,0.013805909710206137,0.012166878210501365,0.016067781388158626,0.0028132103955798215,0.0068961516786059315,0.3354345794499164,0.36582843480542326,0.010882222610852746,0.1079105476967191,0.009541665465911387,0.007759078584454006
W0b4c6c6d3c8992600002,0.0019280271755414537,0.004491978350140963,0.013805909710206137,0.012166878210501365,0.016067781388158626,0.0028132103955798215,0.0068961516786059315,0.3354345794499164,0.36582843480542326,0.010882222610852746,0.1079105476967191,0.009541665465911387,0.007759078584454006
W0b4c6c6d3c8992600003,0.0019280271755414537,0.004491978350140963,0.013805909710206137,0.012166878210501365,0.016067781388158626,0.0028132103955798215,0.0068961516786059315,0.3354345794499164,0.36582843480542326,0.010882222610852746,0.1079105476967191,0.009541665465911387,0.007759078584454006
W0b4c6c6d3c8992600004,0.0019280271755414537,0.004491978350140963,0.013805909710206137,0.012166878210501365,0.016067781388158626,0.0028132103955798215,0.0068961516786059315,0.3354345794499164,0.36582843480542326,0.010882222610852746,0.1079105476967191,0.009541665465911387,0.007759078584454006
W0b4c6c6d3c8992600005,0.0019280271755414537,0.004491978350140963,0.013805909710206137,0.012166878210501365,0.016067781388158626,0.0028132103955798215,0.0068961516786059315,0.3354345794499164,0.36582843480542326,0.010882222610852746,0.1079105476967191,0.009541665465911387,0.007759078584454006
W0b4c6c6d3c8992600006,0.0019280271755414537,0.004491978350140963,0.013805909710206137,0.012166878210501365,0.016067781388158626,0.0028132103955798215,0.0068961516786059315,0.3354345794499164,0.36582843480542326,0.010882222610852746,0.1079105476967191,0.009541665465911387,0.007759078584454006
W0bc3a2bd2bbfa8550000,0.004211559482822545,0.0009274412429305574,0.04650451599466999,0.0828916329517653,0.0372029739342799,0.167078519863912,0.5884472788159744,0.0018270381943931737,0.004560127465667131,0.01279727291603236,0.01507832057148613,0.010740151881135892,0.004875989606609049
W0bc3a2bd2bbfa8550001,0.004211559482822545,0.0009274412429305574,0.04650451599466999,0.0828916329517653,0.0372029739342799,0.167078519863912,0.5884472788159744,0.0018270381943931737,0.004560127465667131,0.01279727291603236,0.01507832057148613,0.010740151881135892,0.004875989606609049
W0bc3a2bd2bbfa8550002,0.004211559482822545,0.0009274412429305574,0.04650451599466999,0.0828916329517653,0.0372029739342799,0.167078519863912,0.5884472788159744,0.0018270381943931737,0.004560127465667131,0.01279727291603236,0.01507832057148613,0.010740151881135892,0.004875989606609049
W0bc3a2bd2bbfa8550003,0.004211559482822545,0.0009274412429305574,0.04650451599466999,0.0828916329517653,0.0372029739342799,0.167078519863912,0.5884472788159744,0.0018270381943931737,0.004560127465667131,0.01279727291603236,0.01507832057148613,0.010740151881135892,0.004875989606609049
W0bc3a2bd2bbfa8550004,0.004211559482822545,0.0009274412429305574,0.04650451599466999,0.0828916329517653,0.0372029739342799,0.167078519863912,0.5884472788159744,0.0018270381943931737,0.004560127465667131,0.01279727291603236,0.01507832057148613,0.010740151881135892,0.004875989606609049
W0bc3a2bd2bbfa8550005,0.004211559482822545,0.0009274412429305574,0.04650451599466999,0.0828916329517653,0.0372029739342799,0.167078519863912,0.5884472788159744,0.0018270381943931737,0.004560127465667131,0.01279727291603236,0.01507832057148613,0.010740151881135892,0.004875989606609049
W0bc3a2bd2bbfa8550006,0.004211559482822545,0.0009274412429305574,0.04650451599466999,0.0828916329517653,0.0372029739342799,0.167078519863912,0.5884472788159744,0.0018270381943931737,0.004560127465667131,0.01279727291603236,0.01507832057148613,0.010740151881135892,0.004875989606609049
W0c9deb460d4cdf680000,0.012817084413039463,0.006370722280383234,0.39248208705179494,0.026953625751876865,0.03879730974718817,0.010841088938299114,0.03554932977925027,0.019498699552073263,0.008887435137844093,0.06057220067842362,0.016439953714837356,0.008140893693227276,0.04104362320641464
W0c9deb460d4cdf680001,0.012817084413039463,0.006370722280383234,0.39248208705179494,0.026953625751876865,0.03879730974718817,0.010841088938299114,0.03554932977925027,0.019498699552073263,0.008887435137844093,0.06057220067842362,0.016439953714837356,0.008140893693227276,0.04104362320641464
W0c9deb460d4cdf680002,0.012817084413039463,0.006370722280383234,0.39248208705179494,0.026953625751876865,0.03879730974718817,0.010841088938299114,0.03554932977925027,0.019498699552073263,0.008887435137844093,0.06057220067842362,0.016439953714837356,0.008140893693227276,0.04104362320641464
W0c9deb460d4cdf680003,0.012817084413039463,0.006370722280383234,0.39248208705179494,0.026953625751876865,0.03879730974718817,0.010841088938299114,0.03554932977925027,0.019498699552073263,0.008887435137844093,0.06057220067842362,0.016439953714837356,0.008140893693227276,0.04104362320641464
W0c9deb460d4cdf680004,0.012817084413039463,0.006370722280383234,0.39248208705179494,0.026953625751876865,0.03879730974718817,0.010841088938299114,0.03554932977925027,0.019498699552073263,0.008887435137844093,0.06057220067842362,0.016439953714837356,0.008140893693227276,0.04104362320641464
W0c9deb460d4cdf680005,0.012817084413039463,0.006370722280383234,0.39248208705179494,0.026953625751876865,0.03879730974718817,0.010841088938299114,0.03554932977925027,0.019498699552073263,0.008887435137844093,0.06057220067842362,0.016439953714837356,0.008140893693227276,0.04104362320641464
W0c9deb460d4cdf680006,0.012817084413039463,0.006370722280383234,0.39248208705179494,0.026953625751876865,0.03879730974718817,0.010841088938299114,0.03554932977925027,0.019498699552073263,0.008887435137844093,0.06057220067842362,0.016439953714837356,0.008140893693227276,0.04104362320641464
W0cef648f9afc97ca0000,0.008239402630628197,0.004339462924749693,0.3381277807070221,0.16765821837908407,0.06416509660018758,0.0366010848216727,0.08487669966653978,0.010901832834104105,0.00627978444455018,0.038534026452204086,0.007357606659647538,0.08089238287413886,0.04906039978067068
W0cef648f9afc97ca0001,0.008239402630628197,0.004339462924749693,0.3381277807070221,0.16765821837908407,0.06416509660018758,0.0366010848216727,0.08487669966653978,0.010901832834104105,0.00627978444455018,0.038534026452204086,0.007357606659647538,0.08089238287413886,0.04906039978067068
W0cef648f9afc97ca0002,0.008239402630628197,0.004339462924749693,0.3381277807070221,0.16765821837908407,0.06416509660018758,0.0366010848216727,0.08487669966653978,0.010901832834104105,0.00627978444455018,0.038534026452204086,0.007357606659647538,0.08089238287413886,0.04906039978067068
W0cef648f9afc97ca0003,0.008239402630628197,0.004339462924749693,0.3381277807070221,0.16765821837908407,0.06416509660018758,0.0366010848216727,0.08487669966653978,0.010901832834104105,0.00627978444455018,0.038534026452204086,0.007357606659647538,0.08089238287413886,0.04906039978067068
W0cef648f9afc97ca0004,0.008239402630628197,0.004339462924749693,0.3381277807070221,0.16765821837908407,0.06416509660018758,0.0366010848216727,0.08487669966653978,0.010901832834104105,0.00627978444455018,0.038534026452204086,0.007357606659647538,0.08089238287413886,0.04906039978067068
W0cef648f9afc97ca0005,0.008239402630628197,0.004339462924749693,0.3381277807070221,0.16765821837908407,0.06416509660018758,0.0366010848216727,0.08487669966653978,0.010901832834104105,0.00627978444455018,0.038534026452204086,0.007357606659647538,0.08089238287413886,0.04906039978067068
W0cef648f9afc97ca0006,0.008239402630628197,0.004339462924749693,0.3381277807070221,0.16765821837908407,0.06416509660018758,0.0366010848216727,0.08487669966653978,0.010901832834104105,0.00627978444455018,0.038534026452204086,0.007357606659647538,0.08089238287413886,0.04906039978067068
W0e5a0e62ce08e1d40000,0.011366386141454523,0.6640954342683026,0.007922924064966022,0.003782844288353917,0.0023227936259286657,0.004729643303610889,0.2716775414512375,0.0005592348554985646,0.0010781678199850975,0.006318791377126589,0.009096057229601568,0.0004333355446387939,0.003950557133264577
W0e5a0e62ce08e1d40001,0.011366386141454523,0.6640954342683026,0.007922924064966022,0.003782844288353917,0.0023227936259286657,0.004729643303610889,0.2716775414512375,0.0005592348554985646,0.0010781678199850975,0.006318791377126589,0.009096057229601568,0.0004333355446387939,0.003950557133264577
W0e5a0e62ce08e1d40002,0.011366386141454523,0.6640954342683026,0.007922924064966022,0.003782844288353917,0.0023227936259286657,0.004729643303610889,0.2716775414512375,0.0005592348554985646,0.0010781678199850975,0.006318791377126589,0.009096057229601568,0.0004333355446387939,0.003950557133264577
W0e5a0e62ce08e1d40003,0.011366386141454523,0.6640954342683026,0.007922924064966022,0.003782844288353917,0.0023227936259286657,0.004729643303610889,0.2716775414512375,0.0005592348554985646,0.0010781678199850975,0.006318791377126589,0.009096057229601568,0.0004333355446387939,0.003950557133264577
W0e5a0e62ce08e1d40004,0.011366386141454523,0.6640954342683026,0.007922924064966022,0.003782844288353917,0.0023227936259286657,0.004729643303610889,0.2716775414512375,0.0005592348554985646,0.0010781678199850975,0.006318791377126589,0.009096057229601568,0.0004333355446387939,0.003950557133264577
W0e5a0e62ce08e1d40005,0.011366386141454523,0.6640954342683026,0.007922924064966022,0.003782844288353917,0.0023227936259286657,0.004729643303610889,0.2716775414512375,0.0005592348554985646,0.0010781678199850975,0.006318791377126589,0.009096057229601568,0.0004333355446387939,0.003950557133264577
W0e5a0e62ce08e1d40006,0.011366386141454523,0.6640954342683026,0.007922924064966022,0.003782844288353917,0.0023227936259286657,0.004729643303610889,0.2716775414512375,0.0005592348554985646,0.0010781678199850975,0.006318791377126589,0.009096057229601568,0.0004333355446387939,0.003950557133264577
W0e9796c7c593dd980000,0.0006378697142680759,0.00013933330529127235,0.08534927577312626,0.012271830067137087,0.02659535992060786,0.657286003563465,0.0006391638494824626,9.529380668726162e-05,0.00030687184362448446,0.0005822737964171616,0.0003122776171135516,0.21305853158998764,0.0017880479334081696
W0e9796c7c593dd980001,0.0006378697142680759,0.00013933330529127235,0.08534927577312626,0.012271830067137087,0.02659535992060786,0.657286003563465,0.0006391638494824626,9.529380668726162e-05,0.00030687184362448446,0.0005822737964171616,0.0003122776171135516,0.21305853158998764,0.0017880479334081696
W0e9796c7c593dd980002,0.0006378697142680759,0.00013933330529127235,0.08534927577312626,0.012271830067137087,0.02659535992060786,0.657286003563465,0.0006391638494824626,9.529380668726162e-05,0.00030687184362448446,0.0005822737964171616,0.0003122776171135516,0.21305853158998764,0.0017880479334081696
W0e9796c7c593dd980003,0.0006378697142680759,0.00013933330529127235,0.08534927577312626,0.012271830067137087,0.02659535992060786,0.657286003563465,0.0006391638494824626,9.529380668726162e-05,0.00030687184362448446,0.0005822737964171616,0.0003122776171135516,0.21305853158998764,0.0017880479334081696
W0e9796c7c593dd980004,0.0006378697142680759,0.00013933330529127235,0.08534927577312626,0.012271830067137087,0.02659535992060786,0.657286003563465,0.0006391638494824626,9.529380668726162e-05,0.00030687184362448446,0.0005822737964171616,0.0003122776171135516,0.21305853158998764,0.0017880479334081696
W0e9796c7c593dd980005,0.0006378697142680759,0.00013933330529127235,0.08534927577312626,0.012271830067137087,0.02659535992060786,0.657286003563465,0.0006391638494824626,9.529380668726162e-05,0.00030687184362448446,0.0005822737964171616,0.0003122776171135516,0.21305853158998764,0.0017880479334081696
W0e9796c7c593dd980006,0.0006378697142680759,0.00013933330529127235,0.08534927577312626,0.012271830067137087,0.02659535992060786,0.657286003563465,0.0006391638494824626,9.529380668726162e-05,0.00030687184362448446,0.0005822737964171616,0.0003122776171135516,0.21305853158998764,0.0017880479334081696
W0ec28fea344854cd0000,0.014212618401403102,0.011799486002806473,0.05989028830108385,0.0814481152383955,0.3646123705148075,0.046352823834899096,0.021518192968564376,0.07312653530117312,0.005770255228484862,0.042651815432334865,0.09583575673931996,0.0443820065345702,0.07175018267302763
W0ec28fea344854cd0001,0.014212618401403102,0.011799486002806473,0.05989028830108385,0.0814481152383955,0.3646123705148075,0.046352823834899096,0.021518192968564376,0.07312653530117312,0.005770255228484862,0.042651815432334865,0.09583575673931996,0.0443820065345702,0.07175018267302763
W0ec28fea344854cd0002,0.014212618401403102,0.011799486002806473,0.05989028830108385,0.0814481152383955,0.3646123705148075,0.046352823834899096,0.021518192968564376,0.07312653530117312,0.005770255228484862,0.042651815432334865,0.09583575673931996,0.0443820065345702,0.07175018267302763
W0ec28fea344854cd0003,0.014212618401403102,0.011799486002806473,0.05989028830108385,0.0814481152383955,0.3646123705148075,0.046352823834899096,0.021518192968564376,0.07312653530117312,0.005770255228484862,0.042651815432334865,0.09583575673931996,0.0443820065345702,0.07175018267302763
W0ec28fea344854cd0004,0.014212618401403102,0.011799486002806473,0.05989028830108385,0.0814481152383955,0.3646123705148075,0.046352823834899096,0.021518192968564376,0.07312653530117312,0.005770255228484862,0.042651815432334865,0.09583575673931996,0.0443820065345702,0.07175018267302763
W0ec28fea344854cd0005,0.014212618401403102,0.011799486002806473,0.05989028830108385,0.0814481152383955,0.3646123705148075,0.046352823834899096,0.021518192968564376,0.07312653530117312,0.005770255228484862,0.042651815432334865,0.09583575673931996,0.0443820065345702,0.07175018267302763
W0ec28fea344854cd0006,0.014212618401403102,0.011799486002806473,0.05989028830108385,0.0814481152383955,0.3646123705148075,0.046352823834899096,0.021518192968564376,0.07312653530117312,0.005770255228484862,0.042651815432334865,0.09583575673931996,0.0443820065345702,0.07175018267302763
W0f4adaf45b7388430000,0.004657451995080453,0.0008539102715476367,0.5563573066449637,0.07064999039495519,0.1111710306562463,0.1257616486238022,0.0047138524423187686,0.07791049418137252,0.0006300296832852727,0.00205540498599198,0.004163128782551334,0.028058115952752115,0.005614540286779844
W0f4adaf45b7388430001,0.004657451995080453,0.0008539102715476367,0.5563573066449637,0.07064999039495519,0.1111710306562463,0.1257616486238022,0.0047138524423187686,0.07791049418137252,0.0006300296832852727,0.00205540498599198,0.004163128782551334,0.028058115952752115,0.005614540286779844
W0f4adaf45b7388430002,0.004657451995080453,0.0008539102715476367,0.5563573066449637,0.07064999039495519,0.1111710306562463,0.1257616486238022,0.0047138524423187686,0.07791049418137252,0.0006300296832852727,0.00205540498599198,0.004163128782551334,0.028058115952752115,0.005614540286779844
W0f4adaf45b7388430003,0.004657451995080453,0.0008539102715476367,0.5563573066449637,0.07064999039495519,0.1111710306562463,0.1257616486238022,0.0047138524423187686,0.07791049418137252,0.0006300296832852727,0.00205540498599198,0.004163128782551334,0.028058115952752115,0.005614540286779844
W0f4adaf45b7388430004,0.004657451995080453,0.0008539102715476367,0.5563573066449637,0.07064999039495519,0.1111710306562463,0.1257616486238022,0.0047138524423187686,0.07791049418137252,0.0006300296832852727,0.00205540498599198,0.004163128782551334,0.028058115952752115,0.005614540286779844
W0f4adaf45b7388430005,0.004657451995080453,0.0008539102715476367,0.5563573066449637,0.07064999039495519,0.1111710306562463,0.1257616486238022,0.0047138524423187686,0.07791049418137252,0.0006300296832852727,0.00205540498599198,0.004163128782551334,0.028058115952752115,0.005614540286779844
W0f4adaf45b7388430006,0.004657451995080453,0.0008539102715476367,0.5563573066449637,0.07064999039495519,0.1111710306562463,0.1257616486238022,0.0047138524423187686,0.07791049418137252,0.0006300296832852727,0.00205540498599198,0.004163128782551334,0.028058115952752115,0.005614540286779844
W0f7aa67121ad4dab0000,0.0011891460904437995,0.9953021748806736,1.1052420105514178e-05,0.00015314752322629488,0.0005336138593432189,5.347449172173025e-05,0.00033057962567553775,7.552675226627577e-06,6.179296456835118e-06,0.0003200486646510453,0.0006168506483958773,0.0003776180485067549,0.0009766584587199145
W0f7aa67121ad4dab0001,0.0011891460904437995,0.9953021748806736,1.1052420105514178e-05,0.00015314752322629488,0.0005336138593432189,5.347449172173025e-05,0.00033057962567553775,7.552675226627577e-06,6.179296456835118e-06,0.0003200486646510453,0.0006168506483958773,0.0003776180485067549,0.0009766584587199145
W0f7aa67121ad4dab0002,0.0011891460904437995,0.9953021748806736,1.1052420105514178e-05,0.00015314752322629488,0.0005336138593432189,5.347449172173025e-05,0.00033057962567553775,7.552675226627577e-06,6.179296456835118e-06,0.0003200486646510453,0.0006168506483958773,0.0003776180485067549,0.0009766584587199145
W0f7aa67121ad4dab0003,0.0011891460904437995,0.9953021748806736,1.1052420105514178e-05,0.00015314752322629488,0.0005336138593432189,5.347449172173025e-05,0.00033057962567553775,7.552675226627577e-06,6.179296456835118e-06,0.0003200486646510453,0.0006168506483958773,0.0003776180485067549,0.0009766584587199145
W0f7aa67121ad4dab0004,0.0011891460904437995,0.9953021748806736,1.1052420105514178e-05,0.00015314752322629488,0.0005336138593432189,5.347449172173025e-05,0.00033057962567553775,7.552675226627577e-06,6.179296456835118e-06,0.0003200486646510453,0.0006168506483958773,0.0003776180485067549,0.0009766584587199145
W0f7aa67121ad4dab0005,0.0011891460904437995,0.9953021748806736,1.1052420105514178e-05,0.00015314752322629488,0.0005336138593432189,5.347449172173025e-05,0.00033057962567553775,7.552675226627577e-06,6.179296456835118e-06,0.0003200486646510453,0.0006168506483958773,0.0003776180485067549,0.0009766584587199145
W0f7aa67121ad4dab0006,0.0011891460904437995,0.9953021748806736,1.1052420105514178e-05,0.00015314752322629488,0.0005336138593432189,5.347449172173025e-05,0.00033057962567553775,7.552675226627577e-06,6.179296456835118e-06,0.0003200486646510453,0.0006168506483958773,0.0003776180485067549,0.0009766584587199145
W0ff1fcd1013fefbd0000,0.018306626419831572,0.002073795839800911,0.0355768739281909,0.0050838412996457635,0.007626435844654521,0.5860083011043261,0.0018220307509453028,0.002661047962517487,0.00039881226994939293,0.020429451115523824,0.0008296759701313518,0.2921633962070612,0.02123361830602253
W0ff1fcd1013fefbd0001,0.018306626419831572,0.002073795839800911,0.0355768739281909,0.0050838412996457635,0.007626435844654521,0.5860083011043261,0.0018220307509453028,0.002661047962517487,0.00039881226994939293,0.020429451115523824,0.0008296759701313518,0.2921633962070612,0.02123361830602253
W0ff1fcd1013fefbd0002,0.018306626419831572,0.002073795839800911,0.0355768739281909,0.0050838412996457635,0.007626435844654521,0.5860083011043261,0.0018220307509453028,0.002661047962517487,0.00039881226994939293,0.020429451115523824,0.0008296759701313518,0.2921633962070612,0.02123361830602253
W0ff1fcd1013fefbd0003,0.018306626419831572,0.002073795839800911,0.0355768739281909,0.0050838412996457635,0.007626435844654521,0.5860083011043261,0.0018220307509453028,0.002661047962517487,0.00039881226994939293,0.020429451115523824,0.0008296759701313518,0.2921633962070612,0.02123361830602253
W0ff1fcd1013fefbd0004,0.018306626419831572,0.002073795839800911,0.0355768739281909,0.0050838412996457635,0.007626435844654521,0.5860083011043261,0.0018220307509453028,0.002661047962517487,0.00039881226994939293,0.020429451115523824,0.0008296759701313518,0.2921633962070612,0.02123361830602253
W0ff1fcd1013fefbd0005,0.018306626419831572,0.002073795839800911,0.0355768739281909,0.0050838412996457635,0.007626435844654521,0.5860083011043261,0.0018220307509453028,0.002661047962517487,0.00039881226994939293,0.020429451115523824,0.0008296759701313518,0.2921633962070612,0.02123361830602253
W0ff1fcd1013fefbd0006,0.018306626419831572,0.002073795839800911,0.0355768739281909,0.0050838412996457635,0.007626435844654521,0.5860083011043261,0.0018220307509453028,0.002661047962517487,0.00039881226994939293,0.020429451115523824,0.0008296759701313518,0.2921633962070612,0.02123361830602253
W10d509cc954647eb0000,0.007086583182188809,0.00445940928290322,0.07950571663443443,0.03333597431739256,0.03930551258552174,0.10730627959150052,0.027404364871388632,0.019575374538086047,0.01066874182387433,0.037455024168830175,0.04723339585149264,0.003507779673107567,0.01724821114584122
W10d509cc954647eb0001,0.007086583182188809,0.00445940928290322,0.07950571663443443,0.03333597431739256,0.03930551258552174,0.10730627959150052,0.027404364871388632,0.019575374538086047,0.01066874182387433,0.037455024168830175,0.04723339585149264,0.003507779673107567,0.01724821114584122
W10d509cc954647eb0002,0.007086583182188809,0.00445940928290322,0.07950571663443443,0.03333597431739256,0.03930551258552174,0.10730627959150052,0.027404364871388632,0.019575374538086047,0.01066874182387433,0.037455024168830175,0.04723339585149264,0.003507779673107567,0.01724821114584122
W10d509cc954647eb0003,0.007086583182188809,0.00445940928290322,0.07950571663443443,0.03333597431739256,0.03930551258552174,0.10730627959150052,0.027404364871388632,0.019575374538086047,0.01066874182387433,0.037455024168830175,0.04723339585149264,0.003507779673107567,0.01724821114584122
W10d509cc954647eb0004,0.007086583182188809,0.00445940928290322,0.07950571663443443,0.03333597431739256,0.03930551258552174,0.10730627959150052,0.027404364871388632,0.019575374538086047,0.01066874182387433,0.037455024168830175,0.04723339585149264,0.003507779673107567,0.01724821114584122
W10d509cc954647eb0005,0.007086583182188809,0.00445940928290322,0.07950571663443443,0.03333597431739256,0.03930551258552174,0.10730627959150052,0.027404364871388632,0.019575374538086047,0.01066874182387433,0.037455024168830175,0.04723339585149264,0.003507779673107567,0.01724821114584122
W10d509cc954647eb0006,0.007086583182188809,0.00445940928290322,0.07950571663443443,0.03333597431739256,0.03930551258552174,0.10730627959150052,0.027404364871388632,0.019575374538086047,0.01066874182387433,0.037455024168830175,0.04723339585149264,0.003507779673107567,0.01724821114584122
W10e2051532c96cc70000,0.003426559423373015,0.0009673266651276193,0.0325075238904612,0.0231169399362179,0.01994958013824561,0.018776377138817996,0.006711517061480165,0.028804313103751953,0.023855783968227597,0.04211173634524339,0.36818019926504636,0.002868098862699378,0.009099210493338082
W10e2051532c96cc70001,0.003426559423373015,0.0009673266651276193,0.0325075238904612,0.0231169399362179,0.01994958013824561,0.018776377138817996,0.006711517061480165,0.028804313103751953,0.023855783968227597,0.04211173634524339,0.36818019926504636,0.002868098862699378,0.009099210493338082
W10e2051532c96cc70002,0.003426559423373015,0.0009673266651276193,0.0325075238904612,0.0231169399362179,0.01994958013824561,0.018776377138817996,0.006711517061480165,0.028804313103751953,0.023855783968227597,0.04211173634524339,0.36818019926504636,0.002868098862699378,0.009099210493338082
W10e2051532c96cc70003,0.003426559423373015,0.0009673266651276193,0.0325075238904612,0.0231169399362179,0.01994958013824561,0.018776377138817996,0.006711517061480165,0.028804313103751953,0.023855783968227597,0.04211173634524339,0.36818019926504636,0.002868098862699378,0.009099210493338082
W10e2051532c96cc70004,0.003426559423373015,0.0009673266651276193,0.0325075238904612,0.0231169399362179,0.01994958013824561,0.018776377138817996,0.006711517061480165,0.028804313103751953,0.023855783968227597,0.04211173634524339,0.36818019926504636,0.002868098862699378,0.009099210493338082
W10e2051532c96cc70005,0.003426559423373015,0.0009673266651276193,0.0325075238904612,0.0231169399362179,0.01994958013824561,0.018776377138817996,0.006711517061480165,0.028804313103751953,0.023855783968227597,0.04211173634524339,0.36818019926504636,0.002868098862699378,0.009099210493338082
W10e2051532c96cc70006,0.003426559423373015,0.0009673266651276193,0.0325075238904612,0.0231169399362179,0.01994958013824561,0.018776377138817996,0.006711517061480165,0.028804313103751953,0.023855783968227597,0.04211173634524339,0.36818019926504636,0.002868098862699378,0.009099210493338082
W112dd88bc24030fe0000,0.0037321514082875786,0.4303873879515816,0.013394965473110226,0.012933532696586354,0.019220070405837068,0.012792687896857913,0.015606732927450243,0.04763254532080503,0.3544478214605789,0.0053873687362400915,0.0684617179639533,0.002908263736463865,0.005465891897616844
W112dd88bc24030fe0001,0.0037321514082875786,0.4303873879515816,0.013394965473110226,0.012933532696586354,0.019220070405837068,0.012792687896857913,0.015606732927450243,0.04763254532080503,0.3544478214605789,0.0053873687362400915,0.0684617179639533,0.002908263736463865,0.005465891897616844
W112dd88bc24030fe0002,0.0037321514082875786,0.4303873879515816,0.013394965473110226,0.012933532696586354,0.019220070405837068,0.012792687896857913,0.015606732927450243,0.04763254532080503,0.3544478214605789,0.0053873687362400915,0.0684617179639533,0.002908263736463865,0.005465891897616844
W112dd88bc24030fe0003,0.0037321514082875786,0.4303873879515816,0.013394965473110226,0.012933532696586354,0.019220070405837068,0.012792687896857913,0.015606732927450243,0.04763254532080503,0.3544478214605789,0.0053873687362400915,0.0684617179639533,0.002908263736463865,0.005465891897616844
W112dd88bc24030fe0004,0.0037321514082875786,0.4303873879515816,0.013394965473110226,0.012933532696586354,0.019220070405837068,0.012792687896857913,0.015606732927450243,0.04763254532080503,0.3544478214605789,0.0053873687362400915,0.0684617179639533,0.002908263736463865,0.005465891897616844
W112dd88bc24030fe0005,0.0037321514082875786,0.4303873879515816,0.013394965473110226,0.012933532696586354,0.019220070405837068,0.012792687896857913,0.015606732927450243,0.04763254532080503,0.3544478214605789,0.0053873687362400915,0.0684617179639533,0.002908263736463865,0.005465891897616844
W112dd88bc24030fe0006,0.0037321514082875786,0.4303873879515816,0.013394965473110226,0.012933532696586354,0.019220070405837068,0.012792687896857913,0.015606732927450243,0.04763254532080503,0.3544478214605789,0.0053873687362400915,0.0684617179639533,0.002908263736463865,0.005465891897616844
W12dd826290532eea0000,0.006097538753364701,0.8034116101166815,0.0012021459043976112,0.0035255647575254635,0.001690836562741605,0.003771198299945975,0.0026771786934236402,0.006570923737742067,0.1302945660300709,0.0019385956475312064,0.024798272987788302,0.0022763258217273026,0.002433753147327616
W12dd826290532eea0001,0.006097538753364701,0.8034116101166815,0.0012021459043976112,0.0035255647575254635,0.001690836562741605,0.003771198299945975,0.0026771786934236402,0.006570923737742067,0.1302945660300709,0.0019385956475312064,0.024798272987788302,0.0022763258217273026,0.002433753147327616
W12dd826290532eea0002,0.006097538753364701,0.8034116101166815,0.0012021459043976112,0.0035255647575254635,0.001690836562741605,0.003771198299945975,0.0026771786934236402,0.006570923737742067,0.1302945660300709,0.0019385956475312064,0.024798272987788302,0.0022763258217273026,0.002433753147327616
W12dd826290532eea0003,0.006097538753364701,0.8034116101166815,0.0012021459043976112,0.0035255647575254635,0.001690836562741605,0.003771198299945975,0.0026771786934236402,0.006570923737742067,0.1302945660300709,0.0019385956475312064,0.024798272987788302,0.0022763258217273026,0.002433753147327616
W12dd826290532eea0004,0.006097538753364701,0.8034116101166815,0.0012021459043976112,0.0035255647575254635,0.001690836562741605,0.003771198299945975,0.0026771786934236402,0.006570923737742067,0.1302945660300709,0.0019385956475312064,0.024798272987788302,0.0022763258217273026,0.002433753147327616
W12dd826290532eea0005,0.006097538753364701,0.8034116101166815,0.0012021459043976112,0.0035255647575254635,0.001690836562741605,0.003771198299945975,0.0026771786934236402,0.006570923737742067,0.1302945660300709,0.0019385956475312064,0.024798272987788302,0.0022763258217273026,0.002433753147327616
W12dd826290532eea0006,0.006097538753364701,0.8034116101166815,0.0012021459043976112,0.0035255647575254635,0.001690836562741605,0.003771198299945975,0.0026771786934236402,0.006570923737742067,0.1302945660300709,0.0019385956475312064,0.024798272987788302,0.0022763258217273026,0.002433753147327616
W13f06082619423f00000,0.0010118874116710533,0.00017422080010518585,0.012148426149967126,0.007071506243518001,0.004297861145700424,0.4215975494247796,0.0003482336028509318,0.00031622915351908656,0.00013985970474857934,0.00034921606456340124,0.00019512207952391896,0.5436215501623031,0.007973243835212003
W13f06082619423f00001,0.0010118874116710533,0.00017422080010518585,0.012148426149967126,0.007071506243518001,0.004297861145700424,0.4215975494247796,0.0003482336028509318,0.00031622915351908656,0.00013985970474857934,0.00034921606456340124,0.00019512207952391896,0.5436215501623031,0.007973243835212003
W13f06082619423f00002,0.0010118874116710533,0.00017422080010518585,0.012148426149967126,0.007071506243518001,0.004297861145700424,0.4215975494247796,0.0003482336028509318,0.00031622915351908656,0.00013985970474857934,0.00034921606456340124,0.00019512207952391896,0.5436215501623031,0.007973243835212003
W13f06082619423f00003,0.0010118874116710533,0.00017422080010518585,0.012148426149967126,0.007071506243518001,0.004297861145700424,0.4215975494247796,0.0003482336028509318,0.00031622915351908656,0.00013985970474857934,0.00034921606456340124,0.00019512207952391896,0.5436215501623031,0.007973243835212003
W13f06082619423f00004,0.0010118874116710533,0.00017422080010518585,0.012148426149967126,0.007071506243518001,0.004297861145700424,0.4215975494247796,0.0003482336028509318,0.00031622915351908656,0.00013985970474857934,0.00034921606456340124,0.00019512207952391896,0.5436215501623031,0.007973243835212003
W13f06082619423f00005,0.0010118874116710533,0.00017422080010518585,0.012148426149967126,0.007071506243518001,0.004297861145700424,0.4215975494247796,0.0003482336028509318,0.00031622915351908656,0.00013985970474857934,0.00034921606456340124,0.00019512207952391896,0.5436215501623031,0.007973243835212003
W13f06082619423f00006,0.0010118874116710533,0.00017422080010518585,0.012148426149967126,0.007071506243518001,0.004297861145700424,0.4215975494247796,0.0003482336028509318,0.00031622915351908656,0.00013985970474857934,0.00034921606456340124,0.00019512207952391896,0.5436215501623031,0.007973243835212003
W148bf406de84e96d0000,0.04655245954696425,0.000262558761498247,0.058815381330119744,0.06697827234274896,0.027402156930408355,0.24315542665757983,0.014486094287566621,0.006575207553375458,0.004836874119278049,0.02371023359707613,0.017296537627869077,0.007338277215166851,0.03286141165461143
W148bf406de84e96d0001,0.04655245954696425,0.000262558761498247,0.058815381330119744,0.06697827234274896,0.027402156930408355,0.24315542665757983,0.014486094287566621,0.006575207553375458,0.004836874119278049,0.02371023359707613,0.017296537627869077,0.007338277215166851,0.03286141165461143
W148bf406de84e96d0002,0.04655245954696425,0.000262558761498247,0.058815381330119744,0.06697827234274896,0.027402156930408355,0.24315542665757983,0.014486094287566621,0.006575207553375458,0.004836874119278049,0.02371023359707613,0.017296537627869077,0.007338277215166851,0.03286141165461143
W148bf406de84e96d0003,0.04655245954696425,0.000262558761498247,0.058815381330119744,0.06697827234274896,0.027402156930408355,0.24315542665757983,0.014486094287566621,0.006575207553375458,0.004836874119278049,0.02371023359707613,0.017296537627869077,0.007338277215166851,0.03286141165461143
W148bf406de84e96d0004,0.04655245954696425,0.000262558761498247,0.058815381330119744,0.06697827234274896,0.027402156930408355,0.24315542665757983,0.014486094287566621,0.006575207553375458,0.004836874119278049,0.02371023359707613,0.017296537627869077,0.007338277215166851,0.03286141165461143
W148bf406de84e96d0005,0.04655245954696425,0.000262558761498247,0.058815381330119744,0.06697827234274896,0.027402156930408355,0.24315542665757983,0.014486094287566621,0.006575207553375458,0.004836874119278049,0.02371023359707613,0.017296537627869077,0.007338277215166851,0.03286141165461143
W148bf406de84e96d0006,0.04655245954696425,0.000262558761498247,0.058815381330119744,0.06697827234274896,0.027402156930408355,0.24315542665757983,0.014486094287566621,0.006575207553375458,0.004836874119278049,0.02371023359707613,0.017296537627869077,0.007338277215166851,0.03286141165461143
W1677b368f7a7d4cb0000,0.001609759650459597,0.00012314149774226486,0.021401598800522538,0.0015612904401590421,0.00412867583306736,0.6190919603011814,0.00048112503606699173,0.0003340610659853765,0.001320204097937799,7.687308925736678e-05,0.0001247492071071023,0.3410306851730653,0.007421788964046191
W1677b368f7a7d4cb0001,0.001609759650459597,0.00012314149774226486,0.021401598800522538,0.0015612904401590421,0.00412867583306736,0.6190919603011814,0.00048112503606699173,0.0003340610659853765,0.001320204097937799,7.687308925736678e-05,0.0001247492071071023,0.3410306851730653,0.007421788964046191
W1677b368f7a7d4cb0002,0.001609759650459597,0.00012314149774226486,0.021401598800522538,0.0015612904401590421,0.00412867583306736,0.6190919603011814,0.00048112503606699173,0.0003340610659853765,0.001320204097937799,7.687308925736678e-05,0.0001247492071071023,0.3410306851730653,0.007421788964046191
W1677b368f7a7d4cb0003,0.001609759650459597,0.00012314149774226486,0.021401598800522538,0.0015612904401590421,0.00412867583306736,0.6190919603011814,0.00048112503606699173,0.0003340610659853765,0.001320204097937799,7.687308925736678e-05,0.0001247492071071023,0.3410306851730653,0.007421788964046191
W1677b368f7a7d4cb0004,0.001609759650459597,0.00012314149774226486,0.021401598800522538,0.0015612904401590421,0.00412867583306736,0.6190919603011814,0.00048112503606699173,0.0003340610659853765,0.001320204097937799,7.687308925736678e-05,0.0001247492071071023,0.3410306851730653,0.007421788964046191
W1677b368f7a7d4cb0005,0.001609759650459597,0.00012314149774226486,0.021401598800522538,0.0015612904401590421,0.00412867583306736,0.6190919603011814,0.00048112503606699173,0.0003340610659853765,0.001320204097937799,7.687308925736678e-05,0.0001247492071071023,0.3410306851730653,0.007421788964046191
W1677b368f7a7d4cb0006,0.001609759650459597,0.00012314149774226486,0.021401598800522538,0.0015612904401590421,0.00412867583306736,0.6190919603011814,0.00048112503606699173,0.0003340610659853765,0.001320204097937799,7.687308925736678e-05,0.0001247492071071023,0.3410306851730653,0.007421788964046191
W16c71d34f644cae10000,0.0004547244482583209,0.0009846192320855736,0.00531932107885827,0.0034447127522310886,0.004007924745446487,0.002269466358316369,0.016461528630446715,0.0858044119223758,0.5373642835707629,0.006417542490165856,0.20692285413883854,0.005884772785254159,0.044477359032800784
W16c71d34f644cae10001,0.0004547244482583209,0.0009846192320855736,0.00531932107885827,0.0034447127522310886,0.004007924745446487,0.002269466358316369,0.016461528630446715,0.0858044119223758,0.5373642835707629,0.006417542490165856,0.20692285413883854,0.005884772785254159,0.044477359032800784
W16c71d34f644cae10002,0.0004547244482583209,0.0009846192320855736,0.00531932107885827,0.0034447127522310886,0.004007924745446487,0.002269466358316369,0.016461528630446715,0.0858044119223758,0.5373642835707629,0.006417542490165856,0.20692285413883854,0.005884772785254159,0.044477359032800784
W16c71d34f644cae10003,0.0004547244482583209,0.0009846192320855736,0.00531932107885827,0.0034447127522310886,0.004007924745446487,0.002269466358316369,0.016461528630446715,0.0858044119223758,0.5373642835707629,0.006417542490165856,0.20692285413883854,0.005884772785254159,0.044477359032800784
W16c71d34f644cae10004,0.0004547244482583209,0.0009846192320855736,0.00531932107885827,0.0034447127522310886,0.004007924745446487,0.002269466358316369,0.016461528630446715,0.0858044119223758,0.5373642835707629,0.006417542490165856,0.20692285413883854,0.005884772785254159,0.044477359032800784
W16c71d34f644cae10005,0.0004547244482583209,0.0009846192320855736,0.00531932107885827,0.0034447127522310886,0.004007924745446487,0.002269466358316369,0.016461528630446715,0.0858044119223758,0.5373642835707629,0.006417542490165856,0.20692285413883854,0.005884772785254159,0.044477359032800784
W16c71d34f644cae10006,0.0004547244482583209,0.0009846192320855736,0.00531932107885827,0.0034447127522310886,0.004007924745446487,0.002269466358316369,0.016461528630446715,0.0858044119223758,0.5373642835707629,0.006417542490165856,0.20692285413883854,0.005884772785254159,0.044477359032800784
W1733af1df1f936590000,0.003218426532960677,0.0011510128934536402,0.02799299235521502,0.01887457272375193,0.022286459119017023,0.01333858388387276,0.0035589886788809405,0.032924854605303304,0.03658994889550098,0.03513574528068674,0.37158743578862363,0.005305459806151261,0.0071619091572730125
W1733af1df1f936590001,0.003218426532960677,0.0011510128934536402,0.02799299235521502,0.01887457272375193,0.022286459119017023,0.01333858388387276,0.0035589886788809405,0.032924854605303304,0.03658994889550098,0.03513574528068674,0.37158743578862363,0.005305459806151261,0.0071619091572730125
W1733af1df1f936590002,0.003218426532960677,0.0011510128934536402,0.02799299235521502,0.01887457272375193,0.022286459119017023,0.01333858388387276,0.0035589886788809405,0.032924854605303304,0.03658994889550098,0.03513574528068674,0.37158743578862363,0.005305459806151261,0.0071619091572730125
W1733af1df1f936590003,0.003218426532960677,0.0011510128934536402,0.02799299235521502,0.01887457272375193,0.022286459119017023,0.01333858388387276,0.0035589886788809405,0.032924854605303304,0.03658994889550098,0.03513574528068674,0.37158743578862363,0.005305459806151261,0.0071619091572730125
W1733af1df1f936590004,0.003218426532960677,0.0011510128934536402,0.02799299235521502,0.01887457272375193,0.022286459119017023,0.01333858388387276,0.0035589886788809405,0.032924854605303304,0.03658994889550098,0.03513574528068674,0.37158743578862363,0.005305459806151261,0.0071619091572730125
W1733af1df1f936590005,0.003218426532960677,0.0011510128934536402,0.02799299235521502,0.01887457272375193,0.022286459119017023,0.01333858388387276,0.0035589886788809405,0.032924854605303304,0.03658994889550098,0.03513574528068674,0.37158743578862363,0.005305459806151261,0.0071619091572730125
W1733af1df1f936590006,0.003218426532960677,0.0011510128934536402,0.02799299235521502,0.01887457272375193,0.022286459119017023,0.01333858388387276,0.0035589886788809405,0.032924854605303304,0.03658994889550098,0.03513574528068674,0.37158743578862363,0.005305459806151261,0.0071619091572730125
W17e3988fa13c94340000,0.9552722750019956,1.20804909846925e-05,0.004771491129712546,0.002695873104148012,0.006380132696984425,0.0026375909404754176,0.0012655984237885517,0.0010133404654063774,6.482176754288026e-06,0.02003063383473339,4.860022823275816e-06,0.0013891139411277276,0.0020702848831955557
W17e3988fa13c94340001,0.9552722750019956,1.20804909846925e-05,0.004771491129712546,0.002695873104148012,0.006380132696984425,0.0026375909404754176,0.0012655984237885517,0.0010133404654063774,6.482176754288026e-06,0.02003063383473339,4.860022823275816e-06,0.0013891139411277276,0.0020702848831955557
W17e3988fa13c94340002,0.9552722750019956,1.20804909846925e-05,0.004771491129712546,0.002695873104148012,0.006380132696984425,0.0026375909404754176,0.0012655984237885517,0.0010133404654063774,6.482176754288026e-06,0.02003063383473339,4.860022823275816e-06,0.0013891139411277276,0.0020702848831955557
W17e3988fa13c94340003,0.9552722750019956,1.20804909846925e-05,0.004771491129712546,0.002695873104148012,0.006380132696984425,0.0026375909404754176,0.0012655984237885517,0.0010133404654063774,6.482176754288026e-06,0.02003063383473339,4.860022823275816e-06,0.0013891139411277276,0.0020702848831955557
W17e3988fa13c94340004,0.9552722750019956,1.20804909846925e-05,0.004771491129712546,0.002695873104148012,0.006380132696984425,0.0026375909404754176,0.0012655984237885517,0.0010133404654063774,6.482176754288026e-06,0.02003063383473339,4.860022823275816e-06,0.0013891139411277276,0.0020702848831955557
W17e3988fa13c94340005,0.9552722750019956,1.20804909846925e-05,0.004771491129712546,0.002695873104148012,0.006380132696984425,0.0026375909404754176,0.0012655984237885517,0.0010133404654063774,6.482176754288026e-06,0.02003063383473339,4.860022823275816e-06,0.0013891139411277276,0.0020702848831955557
W17e3988fa13c94340006,0.9552722750019956,1.20804909846925e-05,0.004771491129712546,0.002695873104148012,0.006380132696984425,0.0026375909404754176,0.0012655984237885517,0.0010133404654063774,6.482176754288026e-06,0.02003063383473339,4.860022823275816e-06,0.0013891139411277276,0.0020702848831955557
W195c4af40eae77340000,0.010889528494567167,0.0071607493657774276,0.0915368598647338,0.06421460987648289,0.05572523200708655,0.33196095180943075,0.01906390986688315,0.007122934777032099,0.004751526438504537,0.10705068266272642,0.06653222723637237,0.013457046070319164,0.11430911774211361
W195c4af40eae77340001,0.010889528494567167,0.0071607493657774276,0.0915368598647338,0.06421460987648289,0.05572523200708655,0.33196095180943075,0.01906390986688315,0.007122934777032099,0.004751526438504537,0.10705068266272642,0.06653222723637237,0.013457046070319164,0.11430911774211361
W195c4af40eae77340002,0.010889528494567167,0.0071607493657774276,0.0915368598647338,0.06421460987648289,0.05572523200708655,0.33196095180943075,0.01906390986688315,0.007122934777032099,0.004751526438504537,0.10705068266272642,0.06653222723637237,0.013457046070319164,0.11430911774211361
W195c4af40eae77340003,0.010889528494567167,0.0071607493657774276,0.0915368598647338,0.06421460987648289,0.05572523200708655,0.33196095180943075,0.01906390986688315,0.007122934777032099,0.004751526438504537,0.10705068266272642,0.06653222723637237,0.013457046070319164,0.11430911774211361
W195c4af40eae77340004,0.010889528494567167,0.0071607493657774276,0.0915368598647338,0.06421460987648289,0.05572523200708655,0.33196095180943075,0.01906390986688315,0.007122934777032099,0.004751526438504537,0.10705068266272642,0.06653222723637237,0.013457046070319164,0.11430911774211361
W195c4af40eae77340005,0.010889528494567167,0.0071607493657774276,0.0915368598647338,0.06421460987648289,0.05572523200708655,0.33196095180943075,0.01906390986688315,0.007122934777032099,0.004751526438504537,0.10705068266272642,0.06653222723637237,0.013457046070319164,0.11430911774211361
W195c4af40eae77340006,0.010889528494567167,0.0071607493657774276,0.0915368598647338,0.06421460987648289,0.05572523200708655,0.33196095180943075,0.01906390986688315,0.007122934777032099,0.004751526438504537,0.10705068266272642,0.06653222723637237,0.013457046070319164,0.11430911774211361
W1981eb76c9c18c3f0000,0.008162756723483103,0.00170136035983827,0.11257236393162358,0.1698593162845688,0.019196038692258627,0.3843960874051952,0.028284872492432993,0.004082599352554739,0.005537262556583377,0.022419737888961806,0.03010010199609027,0.024413702543406874,0.030490639857112114
W1981eb76c9c18c3f0001,0.008162756723483103,0.00170136035983827,0.11257236393162358,0.1698593162845688,0.019196038692258627,0.3843960874051952,0.028284872492432993,0.004082599352554739,0.005537262556583377,0.022419737888961806,0.03010010199609027,0.024413702543406874,0.030490639857112114
W1981eb76c9c18c3f0002,0.008162756723483103,0.00170136035983827,0.11257236393162358,0.1698593162845688,0.019196038692258627,0.3843960874051952,0.028284872492432993,0.004082599352554739,0.005537262556583377,0.022419737888961806,0.03010010199609027,0.024413702543406874,0.030490639857112114
W1981eb76c9c18c3f0003,0.008162756723483103,0.00170136035983827,0.11257236393162358,0.1698593162845688,0.019196038692258627,0.3843960874051952,0.028284872492432993,0.004082599352554739,0.005537262556583377,0.022419737888961806,0.03010010199609027,0.024413702543406874,0.030490639857112114
W1981eb76c9c18c3f0004,0.008162756723483103,0.00170136035983827,0.11257236393162358,0.1698593162845688,0.019196038692258627,0.3843960874051952,0.028284872492432993,0.004082599352554739,0.005537262556583377,0.022419737888961806,0.03010010199609027,0.024413702543406874,0.030490639857112114
W1981eb76c9c18c3f0005,0.008162756723483103,0.00170136035983827,0.11257236393162358,0.1698593162845688,0.019196038692258627,0.3843960874051952,0.028284872492432993,0.004082599352554739,0.005537262556583377,0.022419737888961806,0.03010010199609027,0.024413702543406874,0.030490639857112114
W1981eb76c9c18c3f0006,0.008162756723483103,0.00170136035983827,0.11257236393162358,0.1698593162845688,0.019196038692258627,0.3843960874051952,0.028284872492432993,0.004082599352554739,0.005537262556583377,0.022419737888961806,0.03010010199609027,0.024413702543406874,0.030490639857112114
W19aeeb61c88250180000,0.0016047668912104376,0.00040628893281138557,0.01672661704963208,0.008327300743548522,0.010092430363389294,0.0058965983663848845,0.016866487860493284,0.05139988513922907,0.0035076901852410663,0.017269470715909892,0.03669266784619427,0.009871311531071411,0.46795574443070154
W19aeeb61c88250180001,0.0016047668912104376,0.00040628893281138557,0.01672661704963208,0.008327300743548522,0.010092430363389294,0.0058965983663848845,0.016866487860493284,0.05139988513922907,0.0035076901852410663,0.017269470715909892,0.03669266784619427,0.009871311531071411,0.46795574443070154
W19aeeb61c88250180002,0.0016047668912104376,0.00040628893281138557,0.01672661704963208,0.008327300743548522,0.010092430363389294,0.0058965983663848845,0.016866487860493284,0.05139988513922907,0.0035076901852410663,0.017269470715909892,0.03669266784619427,0.009871311531071411,0.46795574443070154
W19aeeb61c88250180003,0.0016047668912104376,0.00040628893281138557,0.01672661704963208,0.008327300743548522,0.010092430363389294,0.0058965983663848845,0.016866487860493284,0.05139988513922907,0.0035076901852410663,0.017269470715909892,0.03669266784619427,0.009871311531071411,0.46795574443070154
W19aeeb61c88250180004,0.0016047668912104376,0.00040628893281138557,0.01672661704963208,0.008327300743548522,0.010092430363389294,0.0058965983663848845,0.016866487860493284,0.05139988513922907,0.0035076901852410663,0.017269470715909892,0.03669266784619427,0.009871311531071411,0.46795574443070154
W19aeeb61c88250180005,0.0016047668912104376,0.00040628893281138557,0.01672661704963208,0.008327300743548522,0.010092430363389294,0.0058965983663848845,0.016866487860493284,0.05139988513922907,0.0035076901852410663,0.017269470715909892,0.03669266784619427,0.009871311531071411,0.46795574443070154
W19aeeb61c88250180006,0.0016047668912104376,0.00040628893281138557,0.01672661704963208,0.008327300743548522,0.010092430363389294,0.0058965983663848845,0.016866487860493284,0.05139988513922907,0.0035076901852410663,0.017269470715909892,0.03669266784619427,0.009871311531071411,0.46795574443070154
W19b93dad2115da5f0000,0.040639990310899654,0.002428679725350957,0.02637004713206204,0.07071894651995121,0.0272079602978252,0.028463788267083776,0.016055496280228225,0.029863061166984457,0.011449206729834861,0.04800815575853667,0.02296718714341773,0.002596080184411404,0.019685486500593236
W19b93dad2115da5f0001,0.040639990310899654,0.002428679725350957,0.02637004713206204,0.07071894651995121,0.0272079602978252,0.028463788267083776,0.016055496280228225,0.029863061166984457,0.011449206729834861,0.04800815575853667,0.02296718714341773,0.002596080184411404,0.019685486500593236
W19b93dad2115da5f0002,0.040639990310899654,0.002428679725350957,0.02637004713206204,0.07071894651995121,0.0272079602978252,0.028463788267083776,0.016055496280228225,0.029863061166984457,0.011449206729834861,0.04800815575853667,0.02296718714341773,0.002596080184411404,0.019685486500593236
W19b93dad2115da5f0003,0.040639990310899654,0.002428679725350957,0.02637004713206204,0.07071894651995121,0.0272079602978252,0.028463788267083776,0.016055496280228225,0.029863061166984457,0.011449206729834861,0.04800815575853667,0.02296718714341773,0.002596080184411404,0.019685486500593236
W19b93dad2115da5f0004,0.040639990310899654,0.002428679725350957,0.02637004713206204,0.07071894651995121,0.0272079602978252,0.028463788267083776,0.016055496280228225,0.029863061166984457,0.011449206729834861,0.04800815575853667,0.02296718714341773,0.002596080184411404,0.019685486500593236
W19b93dad2115da5f0005,0.040639990310899654,0.002428679725350957,0.02637004713206204,0.07071894651995121,0.0272079602978252,0.028463788267083776,0.016055496280228225,0.029863061166984457,0.011449206729834861,0.04800815575853667,0.02296718714341773,0.002596080184411404,0.019685486500593236
W19b93dad2115da5f0006,0.040639990310899654,0.002428679725350957,0.02637004713206204,0.07071894651995121,0.0272079602978252,0.028463788267083776,0.016055496280228225,0.029863061166984457,0.011449206729834861,0.04800815575853667,0.02296718714341773,0.002596080184411404,0.019685486500593236
W1a7eeab32d8e40880000,0.0021777863209987915,0.05756632972101622,0.03966572470378154,0.022965939427846218,0.03686171487242738,0.014688339465536594,0.7075492851172888,0.0045271051937442255,0.0014843261495912806,0.04865622690490861,0.01383277530914275,0.005984895330086442,0.010926356047214215
W1a7eeab32d8e40880001,0.0021777863209987915,0.05756632972101622,0.03966572470378154,0.022965939427846218,0.03686171487242738,0.014688339465536594,0.7075492851172888,0.0045271051937442255,0.0014843261495912806,0.04865622690490861,0.01383277530914275,0.005984895330086442,0.010926356047214215
W1a7eeab32d8e40880002,0.0021777863209987915,0.05756632972101622,0.03966572470378154,0.022965939427846218,0.03686171487242738,0.014688339465536594,0.7075492851172888,0.0045271051937442255,0.0014843261495912806,0.04865622690490861,0.01383277530914275,0.005984895330086442,0.010926356047214215
W1a7eeab32d8e40880003,0.0021777863209987915,0.05756632972101622,0.03966572470378154,0.022965939427846218,0.03686171487242738,0.014688339465536594,0.7075492851172888,0.0045271051937442255,0.0014843261495912806,0.04865622690490861,0.01383277530914275,0.005984895330086442,0.010926356047214215
W1a7eeab32d8e40880004,0.0021777863209987915,0.05756632972101622,0.03966572470378154,0.022965939427846218,0.03686171487242738,0.014688339465536594,0.7075492851172888,0.0045271051937442255,0.0014843261495912806,0.04865622690490861,0.01383277530914275,0.005984895330086442,0.010926356047214215
W1a7eeab32d8e40880005,0.0021777863209987915,0.05756632972101622,0.03966572470378154,0.022965939427846218,0.03686171487242738,0.014688339465536594,0.7075492851172888,0.0045271051937442255,0.0014843261495912806,0.04865622690490861,0.01383277530914275,0.005984895330086442,0.010926356047214215
W1a7eeab32d8e40880006,0.0021777863209987915,0.05756632972101622,0.03966572470378154,0.022965939427846218,0.03686171487242738,0.014688339465536594,0.7075492851172888,0.0045271051937442255,0.0014843261495912806,0.04865622690490861,0.01383277530914275,0.005984895330086442,0.010926356047214215
W1b68e1996a189c2a0000,0.002234588934237465,7.689434969424863e-05,0.0025307341709886358,0.005218373720263236,0.0015827261073039923,0.7863615881236474,0.0008864381795474029,0.0003421043215908876,6.123269813644001e-05,0.0012843472110123256,7.938241451490152e-05,0.19479477243861157,0.0032007730022627053
W1b68e1996a189c2a0001,0.002234588934237465,7.689434969424863e-05,0.0025307341709886358,0.005218373720263236,0.0015827261073039923,0.7863615881236474,0.0008864381795474029,0.0003421043215908876,6.123269813644001e-05,0.0012843472110123256,7.938241451490152e-05,0.19479477243861157,0.0032007730022627053
W1b68e1996a189c2a0002,0.002234588934237465,7.689434969424863e-05,0.0025307341709886358,0.005218373720263236,0.0015827261073039923,0.7863615881236474,0.0008864381795474029,0.0003421043215908876,6.123269813644001e-05,0.0012843472110123256,7.938241451490152e-05,0.19479477243861157,0.0032007730022627053
W1b68e1996a189c2a0003,0.002234588934237465,7.689434969424863e-05,0.0025307341709886358,0.005218373720263236,0.0015827261073039923,0.7863615881236474,0.0008864381795474029,0.0003421043215908876,6.123269813644001e-05,0.0012843472110123256,7.938241451490152e-05,0.19479477243861157,0.0032007730022627053
W1b68e1996a189c2a0004,0.002234588934237465,7.689434969424863e-05,0.0025307341709886358,0.005218373720263236,0.0015827261073039923,0.7863615881236474,0.0008864381795474029,0.0003421043215908876,6.123269813644001e-05,0.0012843472110123256,7.938241451490152e-05,0.19479477243861157,0.0032007730022627053
W1b68e1996a189c2a0005,0.002234588934237465,7.689434969424863e-05,0.0025307341709886358,0.005218373720263236,0.0015827261073039923,0.7863615881236474,0.0008864381795474029,0.0003421043215908876,6.123269813644001e-05,0.0012843472110123256,7.938241451490152e-05,0.19479477243861157,0.0032007730022627053
W1b68e1996a189c2a0006,0.002234588934237465,7.689434969424863e-05,0.0025307341709886358,0.005218373720263236,0.0015827261073039923,0.7863615881236474,0.0008864381795474029,0.0003421043215908876,6.123269813644001e-05,0.0012843472110123256,7.938241451490152e-05,0.19479477243861157,0.0032007730022627053
W1bc9d460ba90432d0000,0.008864193379557437,0.002988846576810284,0.029142086685148068,0.09255787054044294,0.05576363454554842,0.03293432603342181,0.026737018402208875,0.5439627327909812,0.006481724443486981,0.01507998687162082,0.02143867785192055,0.011663674356839791,0.036592877820013026
W1bc9d460ba90432d0001,0.008864193379557437,0.002988846576810284,0.029142086685148068,0.09255787054044294,0.05576363454554842,0.03293432603342181,0.026737018402208875,0.5439627327909812,0.006481724443486981,0.01507998687162082,0.02143867785192055,0.011663674356839791,0.036592877820013026
W1bc9d460ba90432d0002,0.008864193379557437,0.002988846576810284,0.029142086685148068,0.09255787054044294,0.05576363454554842,0.03293432603342181,0.026737018402208875,0.5439627327909812,0.006481724443486981,0.01507998687162082,0.02143867785192055,0.011663674356839791,0.036592877820013026
W1bc9d460ba90432d0003,0.008864193379557437,0.002988846576810284,0.029142086685148068,0.09255787054044294,0.05576363454554842,0.03293432603342181,0.026737018402208875,0.5439627327909812,0.006481724443486981,0.01507998687162082,0.02143867785192055,0.011663674356839791,0.036592877820013026
W1bc9d460ba90432d0004,0.008864193379557437,0.002988846576810284,0.029142086685148068,0.09255787054044294,0.05576363454554842,0.03293432603342181,0.026737018402208875,0.5439627327909812,0.006481724443486981,0.01507998687162082,0.02143867785192055,0.011663674356839791,0.036592877820013026
W1bc9d460ba90432d0005,0.008864193379557437,0.002988846576810284,0.029142086685148068,0.09255787054044294,0.05576363454554842,0.03293432603342181,0.026737018402208875,0.5439627327909812,0.006481724443486981,0.01507998687162082,0.02143867785192055,0.011663674356839791,0.036592877820013026
W1bc9d460ba90432d0006,0.008864193379557437,0.002988846576810284,0.029142086685148068,0.09255787054044294,0.05576363454554842,0.03293432603342181,0.026737018402208875,0.5439627327909812,0.006481724443486981,0.01507998687162082,0.02143867785192055,0.011663674356839791,0.036592877820013026
W1c9fd97fe8e874400000,6.858749276114792e-06,6.507766329919943e-06,2.692435544544168e-05,8.262527038460368e-05,9.532947793446004e-05,0.10677731201733583,4.0315990272556484e-05,4.7502614493593125e-06,7.663042172158236e-06,3.875551123496174e-06,3.5021701912535073e-06,0.8820878681066749,0.010850440931550156
W1c9fd97fe8e874400001,6.858749276114792e-06,6.507766329919943e-06,2.692435544544168e-05,8.262527038460368e-05,9.532947793446004e-05,0.10677731201733583,4.0315990272556484e-05,4.7502614493593125e-06,7.663042172158236e-06,3.875551123496174e-06,3.5021701912535073e-06,0.8820878681066749,0.010850440931550156
W1c9fd97fe8e874400002,6.858749276114792e-06,6.507766329919943e-06,2.692435544544168e-05,8.262527038460368e-05,9.532947793446004e-05,0.10677731201733583,4.0315990272556484e-05,4.7502614493593125e-06,7.663042172158236e-06,3.875551123496174e-06,3.5021701912535073e-06,0.8820878681066749,0.010850440931550156
W1c9fd97fe8e874400003,6.858749276114792e-06,6.507766329919943e-06,2.692435544544168e-05,8.262527038460368e-05,9.532947793446004e-05,0.10677731201733583,4.0315990272556484e-05,4.7502614493593125e-06,7.663042172158236e-06,3.875551123496174e-06,3.5021701912535073e-06,0.8820878681066749,0.010850440931550156
W1c9fd97fe8e874400004,6.858749276114792e-06,6.507766329919943e-06,2.692435544544168e-05,8.262527038460368e-05,9.532947793446004e-05,0.10677731201733583,4.0315990272556484e-05,4.7502614493593125e-06,7.663042172158236e-06,3.875551123496174e-06,3.5021701912535073e-06,0.8820878681066749,0.010850440931550156
W1c9fd97fe8e874400005,6.858749276114792e-06,6.507766329919943e-06,2.692435544544168e-05,8.262527038460368e-05,9.532947793446004e-05,0.10677731201733583,4.0315990272556484e-05,4.7502614493593125e-06,7.663042172158236e-06,3.875551123496174e-06,3.5021701912535073e-06,0.8820878681066749,0.010850440931550156
W1c9fd97fe8e874400006,6.858749276114792e-06,6.507766329919943e-06,2.692435544544168e-05,8.262527038460368e-05,9.532947793446004e-05,0.10677731201733583,4.0315990272556484e-05,4.7502614493593125e-06,7.663042172158236e-06,3.875551123496174e-06,3.5021701912535073e-06,0.8820878681066749,0.010850440931550156
W1e2f5351ccb6cc030000,0.002569686770270846,0.0008889495575189152,0.05295504066712079,0.0026541527035202506,0.002679218103534271,0.7343358295156486,0.0014723688100721911,0.00016424994554223242,0.0006261791215017439,0.00023966846592826652,0.0016325298413357996,0.1865512234889228,0.012730836921193037
W1e2f5351ccb6cc030001,0.002569686770270846,0.0008889495575189152,0.05295504066712079,0.0026541527035202506,0.002679218103534271,0.7343358295156486,0.0014723688100721911,0.00016424994554223242,0.0006261791215017439,0.00023966846592826652,0.0016325298413357996,0.1865512234889228,0.012730836921193037
W1e2f5351ccb6cc030002,0.002569686770270846,0.0008889495575189152,0.05295504066712079,0.0026541527035202506,0.002679218103534271,0.7343358295156486,0.0014723688100721911,0.00016424994554223242,0.0006261791215017439,0.00023966846592826652,0.0016325298413357996,0.1865512234889228,0.012730836921193037
W1e2f5351ccb6cc030003,0.002569686770270846,0.0008889495575189152,0.05295504066712079,0.0026541527035202506,0.002679218103534271,0.7343358295156486,0.0014723688100721911,0.00016424994554223242,0.0006261791215017439,0.00023966846592826652,0.0016325298413357996,0.1865512234889228,0.012730836921193037
W1e2f5351ccb6cc030004,0.002569686770270846,0.0008889495575189152,0.05295504066712079,0.0026541527035202506,0.002679218103534271,0.7343358295156486,0.0014723688100721911,0.00016424994554223242,0.0006261791215017439,0.00023966846592826652,0.0016325298413357996,0.1865512234889228,0.012730836921193037
W1e2f5351ccb6cc030005,0.002569686770270846,0.0008889495575189152,0.05295504066712079,0.0026541527035202506,0.002679218103534271,0.7343358295156486,0.0014723688100721911,0.00016424994554223242,0.0006261791215017439,0.00023966846592826652,0.0016325298413357996,0.1865512234889228,0.012730836921193037
W1e2f5351ccb6cc030006,0.002569686770270846,0.0008889495575189152,0.05295504066712079,0.0026541527035202506,0.002679218103534271,0.7343358295156486,0.0014723688100721911,0.00016424994554223242,0.0006261791215017439,0.00023966846592826652,0.0016325298413357996,0.1865512234889228,0.012730836921193037
W1e83f9c972bd3f8c0000,0.00330122138127671,0.0017376945857884194,0.06894354182188725,0.013807455037572788,0.01753485838150733,0.6854465554434214,0.004982308963197489,0.0015361260793872477,0.0016424729009405805,0.0022122856271212387,0.000940543078288239,0.19105599815097254,0.0048563030706305875
W1e83f9c972bd3f8c0001,0.00330122138127671,0.0017376945857884194,0.06894354182188725,0.013807455037572788,0.01753485838150733,0.6854465554434214,0.004982308963197489,0.0015361260793872477,0.0016424729009405805,0.0022122856271212387,0.000940543078288239,0.19105599815097254,0.0048563030706305875
W1e83f9c972bd3f8c0002,0.00330122138127671,0.0017376945857884194,0.06894354182188725,0.013807455037572788,0.01753485838150733,0.6854465554434214,0.004982308963197489,0.0015361260793872477,0.0016424729009405805,0.0022122856271212387,0.000940543078288239,0.19105599815097254,0.0048563030706305875
W1e83f9c972bd3f8c0003,0.00330122138127671,0.0017376945857884194,0.06894354182188725,0.013807455037572788,0.01753485838150733,0.6854465554434214,0.004982308963197489,0.0015361260793872477,0.0016424729009405805,0.0022122856271212387,0.000940543078288239,0.19105599815097254,0.0048563030706305875
W1e83f9c972bd3f8c0004,0.00330122138127671,0.0017376945857884194,0.06894354182188725,0.013807455037572788,0.01753485838150733,0.6854465554434214,0.004982308963197489,0.0015361260793872477,0.0016424729009405805,0.0022122856271212387,0.000940543078288239,0.19105599815097254,0.0048563030706305875
W1e83f9c972bd3f8c0005,0.00330122138127671,0.0017376945857884194,0.06894354182188725,0.013807455037572788,0.01753485838150733,0.6854465554434214,0.004982308963197489,0.0015361260793872477,0.0016424729009405805,0.0022122856271212387,0.000940543078288239,0.19105599815097254,0.0048563030706305875
W1e83f9c972bd3f8c0006,0.00330122138127671,0.0017376945857884194,0.06894354182188725,0.013807455037572788,0.01753485838150733,0.6854465554434214,0.004982308963197489,0.0015361260793872477,0.0016424729009405805,0.0022122856271212387,0.000940543078288239,0.19105599815097254,0.0048563030706305875
W1f1289746d5fbec80000,0.008603245090962741,0.0017530308039014366,0.062262504032275304,0.07948402205901677,0.24138682626322316,0.05077788210718471,0.020604017322556626,0.4154273930194879,0.002840854213548736,0.007266150040418688,0.003995443213873081,0.08558280029643325,0.009689880088814745
W1f1289746d5fbec80001,0.008603245090962741,0.0017530308039014366,0.062262504032275304,0.07948402205901677,0.24138682626322316,0.05077788210718471,0.020604017322556626,0.4154273930194879,0.002840854213548736,0.007266150040418688,0.003995443213873081,0.08558280029643325,0.009689880088814745
W1f1289746d5fbec80002,0.008603245090962741,0.0017530308039014366,0.062262504032275304,0.07948402205901677,0.24138682626322316,0.05077788210718471,0.020604017322556626,0.4154273930194879,0.002840854213548736,0.007266150040418688,0.003995443213873081,0.08558280029643325,0.009689880088814745
W1f1289746d5fbec80003,0.008603245090962741,0.0017530308039014366,0.062262504032275304,0.07948402205901677,0.24138682626322316,0.05077788210718471,0.020604017322556626,0.4154273930194879,0.002840854213548736,0.007266150040418688,0.003995443213873081,0.08558280029643325,0.009689880088814745
W1f1289746d5fbec80004,0.008603245090962741,0.0017530308039014366,0.062262504032275304,0.07948402205901677,0.24138682626322316,0.05077788210718471,0.020604017322556626,0.4154273930194879,0.002840854213548736,0.007266150040418688,0.003995443213873081,0.08558280029643325,0.009689880088814745
W1f1289746d5fbec80005,0.008603245090962741,0.0017530308039014366,0.062262504032275304,0.07948402205901677,0.24138682626322316,0.05077788210718471,0.020604017322556626,0.4154273930194879,0.002840854213548736,0.007266150040418688,0.003995443213873081,0.08558280029643325,0.009689880088814745
W1f1289746d5fbec80006,0.008603245090962741,0.0017530308039014366,0.062262504032275304,0.07948402205901677,0.24138682626322316,0.05077788210718471,0.020604017322556626,0.4154273930194879,0.002840854213548736,0.007266150040418688,0.003995443213873081,0.08558280029643325,0.009689880088814745
W20f15f3c9efb048b0000,0.05261159938139732,0.011138938385138448,0.04762070847929961,0.036248411597885985,0.1974785625494197,0.07016256826746599,0.022620367971307967,0.022619439285927277,0.006551055611638771,0.2475818337968948,0.016220980473078232,0.10635976880189543,0.0496560149928981
W20f15f3c9efb048b0001,0.05261159938139732,0.011138938385138448,0.04762070847929961,0.036248411597885985,0.1974785625494197,0.07016256826746599,0.022620367971307967,0.022619439285927277,0.006551055611638771,0.2475818337968948,0.016220980473078232,0.10635976880189543,0.0496560149928981
W20f15f3c9efb048b0002,0.05261159938139732,0.011138938385138448,0.04762070847929961,0.036248411597885985,0.1974785625494197,0.07016256826746599,0.022620367971307967,0.022619439285927277,0.006551055611638771,0.2475818337968948,0.016220980473078232,0.10635976880189543,0.0496560149928981
W20f15f3c9efb048b0003,0.05261159938139732,0.011138938385138448,0.04762070847929961,0.036248411597885985,0.1974785625494197,0.07016256826746599,0.022620367971307967,0.022619439285927277,0.006551055611638771,0.2475818337968948,0.016220980473078232,0.10635976880189543,0.0496560149928981
W20f15f3c9efb048b0004,0.05261159938139732,0.011138938385138448,0.04762070847929961,0.036248411597885985,0.1974785625494197,0.07016256826746599,0.022620367971307967,0.022619439285927277,0.006551055611638771,0.2475818337968948,0.016220980473078232,0.10635976880189543,0.0496560149928981
W20f15f3c9efb048b0005,0.05261159938139732,0.011138938385138448,0.04762070847929961,0.036248411597885985,0.1974785625494197,0.07016256826746599,0.022620367971307967,0.022619439285927277,0.006551055611638771,0.2475818337968948,0.016220980473078232,0.10635976880189543,0.0496560149928981
W20f15f3c9efb048b0006,0.05261159938139732,0.011138938385138448,0.04762070847929961,0.036248411597885985,0.1974785625494197,0.07016256826746599,0.022620367971307967,0.022619439285927277,0.006551055611638771,0.2475818337968948,0.016220980473078232,0.10635976880189543,0.0496560149928981
W227eda14227e98e70000,0.0028007560471098123,0.0005465635531254276,0.1966014405030212,0.018140558162796937,0.023646502536343674,0.003522714907716447,0.03408426526902414,0.0052921772979746895,0.0045812626966981575,0.007462772549420441,0.015191535216850752,0.003719710124991311,0.016508073807429385
W227eda14227e98e70001,0.0028007560471098123,0.0005465635531254276,0.1966014405030212,0.018140558162796937,0.023646502536343674,0.003522714907716447,0.03408426526902414,0.0052921772979746895,0.0045812626966981575,0.007462772549420441,0.015191535216850752,0.003719710124991311,0.016508073807429385
W227eda14227e98e70002,0.0028007560471098123,0.0005465635531254276,0.1966014405030212,0.018140558162796937,0.023646502536343674,0.003522714907716447,0.03408426526902414,0.0052921772979746895,0.0045812626966981575,0.007462772549420441,0.015191535216850752,0.003719710124991311,0.016508073807429385
W227eda14227e98e70003,0.0028007560471098123,0.0005465635531254276,0.1966014405030212,0.018140558162796937,0.023646502536343674,0.003522714907716447,0.03408426526902414,0.0052921772979746895,0.0045812626966981575,0.007462772549420441,0.015191535216850752,0.003719710124991311,0.016508073807429385
W227eda14227e98e70004,0.0028007560471098123,0.0005465635531254276,0.1966014405030212,0.018140558162796937,0.023646502536343674,0.003522714907716447,0.03408426526902414,0.0052921772979746895,0.0045812626966981575,0.007462772549420441,0.015191535216850752,0.003719710124991311,0.016508073807429385
W227eda14227e98e70005,0.0028007560471098123,0.0005465635531254276,0.1966014405030212,0.018140558162796937,0.023646502536343674,0.003522714907716447,0.03408426526902414,0.0052921772979746895,0.0045812626966981575,0.007462772549420441,0.015191535216850752,0.003719710124991311,0.016508073807429385
W227eda14227e98e70006,0.0028007560471098123,0.0005465635531254276,0.1966014405030212,0.018140558162796937,0.023646502536343674,0.003522714907716447,0.03408426526902414,0.0052921772979746895,0.0045812626966981575,0.007462772549420441,0.015191535216850752,0.003719710124991311,0.016508073807429385
W241e39bc4686316f0000,0.010443605137705394,9.634430879024555e-05,0.180559475829441,0.02989237444082977,0.021862960015803425,0.7070588555752981,0.01076776194810849,0.00021781566566659596,7.569226822821336e-05,0.002397576445244453,0.001808309704166702,0.02503959139779909,0.002898533376100709
W241e39bc4686316f0001,0.010443605137705394,9.634430879024555e-05,0.180559475829441,0.02989237444082977,0.021862960015803425,0.7070588555752981,0.01076776194810849,0.00021781566566659596,7.569226822821336e-05,0.002397576445244453,0.001808309704166702,0.02503959139779909,0.002898533376100709
W241e39bc4686316f0002,0.010443605137705394,9.634430879024555e-05,0.180559475829441,0.02989237444082977,0.021862960015803425,0.7070588555752981,0.01076776194810849,0.00021781566566659596,7.569226822821336e-05,0.002397576445244453,0.001808309704166702,0.02503959139779909,0.002898533376100709
W241e39bc4686316f0003,0.010443605137705394,9.634430879024555e-05,0.180559475829441,0.02989237444082977,0.021862960015803425,0.7070588555752981,0.01076776194810849,0.00021781566566659596,7.569226822821336e-05,0.002397576445244453,0.001808309704166702,0.02503959139779909,0.002898533376100709
W241e39bc4686316f0004,0.010443605137705394,9.634430879024555e-05,0.180559475829441,0.02989237444082977,0.021862960015803425,0.7070588555752981,0.01076776194810849,0.00021781566566659596,7.569226822821336e-05,0.002397576445244453,0.001808309704166702,0.02503959139779909,0.002898533376100709
W241e39bc4686316f0005,0.010443605137705394,9.634430879024555e-05,0.180559475829441,0.02989237444082977,0.021862960015803425,0.7070588555752981,0.01076776194810849,0.00021781566566659596,7.569226822821336e-05,0.002397576445244453,0.001808309704166702,0.02503959139779909,0.002898533376100709
W241e39bc4686316f0006,0.010443605137705394,9.634430879024555e-05,0.180559475829441,0.02989237444082977,0.021862960015803425,0.7070588555752981,0.01076776194810849,0.00021781566566659596,7.569226822821336e-05,0.002397576445244453,0.001808309704166702,0.02503959139779909,0.002898533376100709
W24630876331b3bec0000,0.009937132014872695,0.6895207983354824,0.024171898419642728,0.013320362991944343,0.014578475047384847,0.11562318182133409,0.029602181819973143,0.001139164978274933,0.0014443938145097723,0.00687844024485486,0.01915354122896618,0.005662873246322371,0.03517190606850289
W24630876331b3bec0001,0.009937132014872695,0.6895207983354824,0.024171898419642728,0.013320362991944343,0.014578475047384847,0.11562318182133409,0.029602181819973143,0.001139164978274933,0.0014443938145097723,0.00687844024485486,0.01915354122896618,0.005662873246322371,0.03517190606850289
W24630876331b3bec0002,0.009937132014872695,0.6895207983354824,0.024171898419642728,0.013320362991944343,0.014578475047384847,0.11562318182133409,0.029602181819973143,0.001139164978274933,0.0014443938145097723,0.00687844024485486,0.01915354122896618,0.005662873246322371,0.03517190606850289
W24630876331b3bec0003,0.009937132014872695,0.6895207983354824,0.024171898419642728,0.013320362991944343,0.014578475047384847,0.11562318182133409,0.029602181819973143,0.001139164978274933,0.0014443938145097723,0.00687844024485486,0.01915354122896618,0.005662873246322371,0.03517190606850289
W24630876331b3bec0004,0.009937132014872695,0.6895207983354824,0.024171898419642728,0.013320362991944343,0.014578475047384847,0.11562318182133409,0.029602181819973143,0.001139164978274933,0.0014443938145097723,0.00687844024485486,0.01915354122896618,0.005662873246322371,0.03517190606850289
W24630876331b3bec0005,0.009937132014872695,0.6895207983354824,0.024171898419642728,0.013320362991944343,0.014578475047384847,0.11562318182133409,0.029602181819973143,0.001139164978274933,0.0014443938145097723,0.00687844024485486,0.01915354122896618,0.005662873246322371,0.03517190606850289
W24630876331b3bec0006,0.009937132014872695,0.6895207983354824,0.024171898419642728,0.013320362991944343,0.014578475047384847,0.11562318182133409,0.029602181819973143,0.001139164978274933,0.0014443938145097723,0.00687844024485486,0.01915354122896618,0.005662873246322371,0.03517190606850289
W24b085596f0cbfd20000,8.794271080296821e-06,1.1910320502773536e-05,9.52627861743745e-05,0.00027345154014525396,9.371544165605483e-05,0.05872639921909422,2.9496921951103138e-05,3.821973753280657e-06,4.385925890926378e-06,3.52842160166508e-06,6.7086897983748446e-06,0.8954473831288897,0.045289086203483715
W24b085596f0cbfd20001,8.794271080296821e-06,1.1910320502773536e-05,9.52627861743745e-05,0.00027345154014525396,9.371544165605483e-05,0.05872639921909422,2.9496921951103138e-05,3.821973753280657e-06,4.385925890926378e-06,3.52842160166508e-06,6.7086897983748446e-06,0.8954473831288897,0.045289086203483715
W24b085596f0cbfd20002,8.794271080296821e-06,1.1910320502773536e-05,9.52627861743745e-05,0.00027345154014525396,9.371544165605483e-05,0.05872639921909422,2.9496921951103138e-05,3.821973753280657e-06,4.385925890926378e-06,3.52842160166508e-06,6.7086897983748446e-06,0.8954473831288897,0.045289086203483715
W24b085596f0cbfd20003,8.794271080296821e-06,1.1910320502773536e-05,9.52627861743745e-05,0.00027345154014525396,9.371544165605483e-05,0.05872639921909422,2.9496921951103138e-05,3.821973753280657e-06,4.385925890926378e-06,3.52842160166508e-06,6.7086897983748446e-06,0.8954473831288897,0.045289086203483715
W24b085596f0cbfd20004,8.794271080296821e-06,1.1910320502773536e-05,9.52627861743745e-05,0.00027345154014525396,9.371544165605483e-05,0.05872639921909422,2.9496921951103138e-05,3.821973753280657e-06,4.385925890926378e-06,3.52842160166508e-06,6.7086897983748446e-06,0.8954473831288897,0.045289086203483715
W24b085596f0cbfd20005,8.794271080296821e-06,1.1910320502773536e-05,9.52627861743745e-05,0.00027345154014525396,9.371544165605483e-05,0.05872639921909422,2.9496921951103138e-05,3.821973753280657e-06,4.385925890926378e-06,3.52842160166508e-06,6.7086897983748446e-06,0.8954473831288897,0.045289086203483715
W24b085596f0cbfd20006,8.794271080296821e-06,1.1910320502773536e-05,9.52627861743745e-05,0.00027345154014525396,9.371544165605483e-05,0.05872639921909422,2.9496921951103138e-05,3.821973753280657e-06,4.385925890926378e-06,3.52842160166508e-06,6.7086897983748446e-06,0.8954473831288897,0.045289086203483715
W254694347e7baa8f0000,0.011611377550293461,0.0008143555818978778,0.4313050405739683,0.25855135655828043,0.05804099772028571,0.06226756021028902,0.011130954711174658,0.008449317588760616,0.0031953880724383947,0.03969805095127077,0.013926224249100297,0.0044681437357937635,0.040502842892139804
W254694347e7baa8f0001,0.011611377550293461,0.0008143555818978778,0.4313050405739683,0.25855135655828043,0.05804099772028571,0.06226756021028902,0.011130954711174658,0.008449317588760616,0.0031953880724383947,0.03969805095127077,0.013926224249100297,0.0044681437357937635,0.040502842892139804
W254694347e7baa8f0002,0.011611377550293461,0.0008143555818978778,0.4313050405739683,0.25855135655828043,0.05804099772028571,0.06226756021028902,0.011130954711174658,0.008449317588760616,0.0031953880724383947,0.03969805095127077,0.013926224249100297,0.0044681437357937635,0.040502842892139804
W254694347e7baa8f0003,0.011611377550293461,0.0008143555818978778,0.4313050405739683,0.25855135655828043,0.05804099772028571,0.06226756021028902,0.011130954711174658,0.008449317588760616,0.0031953880724383947,0.03969805095127077,0.013926224249100297,0.0044681437357937635,0.040502842892139804
W254694347e7baa8f0004,0.011611377550293461,0.0008143555818978778,0.4313050405739683,0.25855135655828043,0.05804099772028571,0.06226756021028902,0.011130954711174658,0.008449317588760616,0.0031953880724383947,0.03969805095127077,0.013926224249100297,0.0044681437357937635,0.040502842892139804
W254694347e7baa8f0005,0.011611377550293461,0.0008143555818978778,0.4313050405739683,0.25855135655828043,0.05804099772028571,0.06226756021028902,0.011130954711174658,0.008449317588760616,0.0031953880724383947,0.03969805095127077,0.013926224249100297,0.0044681437357937635,0.040502842892139804
W254694347e7baa8f0006,0.011611377550293461,0.0008143555818978778,0.4313050405739683,0.25855135655828043,0.05804099772028571,0.06226756021028902,0.011130954711174658,0.008449317588760616,0.0031953880724383947,0.03969805095127077,0.013926224249100297,0.0044681437357937635,0.040502842892139804
W26c33f39ec486dc40000,0.001369285390055466,0.0014617390325946911,0.0168048001761786,0.005320226388029863,0.011375158704445842,0.0015727858320186213,0.007587936033419809,0.09166665209108009,0.45186344507113324,0.005941597311091548,0.0643869030925624,0.004336036637707749,0.013889234416811906
W26c33f39ec486dc40001,0.001369285390055466,0.0014617390325946911,0.0168048001761786,0.005320226388029863,0.011375158704445842,0.0015727858320186213,0.007587936033419809,0.09166665209108009,0.45186344507113324,0.005941597311091548,0.0643869030925624,0.004336036637707749,0.013889234416811906
W26c33f39ec486dc40002,0.001369285390055466,0.0014617390325946911,0.0168048001761786,0.005320226388029863,0.011375158704445842,0.0015727858320186213,0.007587936033419809,0.09166665209108009,0.45186344507113324,0.005941597311091548,0.0643869030925624,0.004336036637707749,0.013889234416811906
W26c33f39ec486dc40003,0.001369285390055466,0.0014617390325946911,0.0168048001761786,0.005320226388029863,0.011375158704445842,0.0015727858320186213,0.007587936033419809,0.09166665209108009,0.45186344507113324,0.005941597311091548,0.0643869030925624,0.004336036637707749,0.013889234416811906
W26c33f39ec486dc40004,0.001369285390055466,0.0014617390325946911,0.0168048001761786,0.005320226388029863,0.011375158704445842,0.0015727858320186213,0.007587936033419809,0.09166665209108009,0.45186344507113324,0.005941597311091548,0.0643869030925624,0.004336036637707749,0.013889234416811906
W26c33f39ec486dc40005,0.001369285390055466,0.0014617390325946911,0.0168048001761786,0.005320226388029863,0.011375158704445842,0.0015727858320186213,0.007587936033419809,0.09166665209108009,0.45186344507113324,0.005941597311091548,0.0643869030925624,0.004336036637707749,0.013889234416811906
W26c33f39ec486dc40006,0.001369285390055466,0.0014617390325946911,0.0168048001761786,0.005320226388029863,0.011375158704445842,0.0015727858320186213,0.007587936033419809,0.09166665209108009,0.45186344507113324,0.005941597311091548,0.0643869030925624,0.004336036637707749,0.013889234416811906
W2b547b8884802d090000,0.023362137300910246,0.0014958068362570258,0.4995422638862691,0.20549283658484507,0.0889033421967166,0.03926107323277547,0.01705140245865951,0.012886400662657508,0.0053031594082668925,0.01603876974304334,0.004195177533437078,0.017221146771811715,0.025970218067273877
W2b547b8884802d090001,0.023362137300910246,0.0014958068362570258,0.4995422638862691,0.20549283658484507,0.0889033421967166,0.03926107323277547,0.01705140245865951,0.012886400662657508,0.0053031594082668925,0.01603876974304334,0.004195177533437078,0.017221146771811715,0.025970218067273877
W2b547b8884802d090002,0.023362137300910246,0.0014958068362570258,0.4995422638862691,0.20549283658484507,0.0889033421967166,0.03926107323277547,0.01705140245865951,0.012886400662657508,0.0053031594082668925,0.01603876974304334,0.004195177533437078,0.017221146771811715,0.025970218067273877
W2b547b8884802d090003,0.023362137300910246,0.0014958068362570258,0.4995422638862691,0.20549283658484507,0.0889033421967166,0.03926107323277547,0.01705140245865951,0.012886400662657508,0.0053031594082668925,0.01603876974304334,0.004195177533437078,0.017221146771811715,0.025970218067273877
W2b547b8884802d090004,0.023362137300910246,0.0014958068362570258,0.4995422638862691,0.20549283658484507,0.0889033421967166,0.03926107323277547,0.01705140245865951,0.012886400662657508,0.0053031594082668925,0.01603876974304334,0.004195177533437078,0.017221146771811715,0.025970218067273877
W2b547b8884802d090005,0.023362137300910246,0.0014958068362570258,0.4995422638862691,0.20549283658484507,0.0889033421967166,0.03926107323277547,0.01705140245865951,0.012886400662657508,0.0053031594082668925,0.01603876974304334,0.004195177533437078,0.017221146771811715,0.025970218067273877
W2b547b8884802d090006,0.023362137300910246,0.0014958068362570258,0.4995422638862691,0.20549283658484507,0.0889033421967166,0.03926107323277547,0.01705140245865951,0.012886400662657508,0.0053031594082668925,0.01603876974304334,0.004195177533437078,0.017221146771811715,0.025970218067273877
W2b76a98b5fdc112c0000,0.005659311699996964,0.9636719866942526,0.0028007806064130366,0.0034795156224738965,0.002299902136414024,0.0019309313325835689,0.0065595203434895616,0.0005652354846567768,1.748629196784349e-05,0.0021852819165805483,0.003983685489777963,0.0006741031378939919,0.0030827355212619915
W2b76a98b5fdc112c0001,0.005659311699996964,0.9636719866942526,0.0028007806064130366,0.0034795156224738965,0.002299902136414024,0.0019309313325835689,0.0065595203434895616,0.0005652354846567768,1.748629196784349e-05,0.0021852819165805483,0.003983685489777963,0.0006741031378939919,0.0030827355212619915
W2b76a98b5fdc112c0002,0.005659311699996964,0.9636719866942526,0.0028007806064130366,0.0034795156224738965,0.002299902136414024,0.0019309313325835689,0.0065595203434895616,0.0005652354846567768,1.748629196784349e-05,0.0021852819165805483,0.003983685489777963,0.0006741031378939919,0.0030827355212619915
W2b76a98b5fdc112c0003,0.005659311699996964,0.9636719866942526,0.0028007806064130366,0.0034795156224738965,0.002299902136414024,0.0019309313325835689,0.0065595203434895616,0.0005652354846567768,1.748629196784349e-05,0.0021852819165805483,0.003983685489777963,0.0006741031378939919,0.0030827355212619915
W2b76a98b5fdc112c0004,0.005659311699996964,0.9636719866942526,0.0028007806064130366,0.0034795156224738965,0.002299902136414024,0.0019309313325835689,0.0065595203434895616,0.0005652354846567768,1.748629196784349e-05,0.0021852819165805483,0.003983685489777963,0.0006741031378939919,0.0030827355212619915
W2b76a98b5fdc112c0005,0.005659311699996964,0.9636719866942526,0.0028007806064130366,0.0034795156224738965,0.002299902136414024,0.0019309313325835689,0.0065595203434895616,0.0005652354846567768,1.748629196784349e-05,0.0021852819165805483,0.003983685489777963,0.0006741031378939919,0.0030827355212619915
W2b76a98b5fdc112c0006,0.005659311699996964,0.9636719866942526,0.0028007806064130366,0.0034795156224738965,0.002299902136414024,0.0019309313325835689,0.0065595203434895616,0.0005652354846567768,1.748629196784349e-05,0.0021852819165805483,0.003983685489777963,0.0006741031378939919,0.0030827355212619915
W2c589b5392085eab0000,0.0033446593295088653,0.0038230908865934895,0.04190488364897127,0.302256767228981,0.10455657601577807,0.0946626088701231,0.037538425926891016,0.003947616096811149,0.0007913790559292185,0.002679401820561554,0.002358906756318905,0.39065850803983326,0.003943161783003594
W2c589b5392085eab0001,0.0033446593295088653,0.0038230908865934895,0.04190488364897127,0.302256767228981,0.10455657601577807,0.0946626088701231,0.037538425926891016,0.003947616096811149,0.0007913790559292185,0.002679401820561554,0.002358906756318905,0.39065850803983326,0.003943161783003594
W2c589b5392085eab0002,0.0033446593295088653,0.0038230908865934895,0.04190488364897127,0.302256767228981,0.10455657601577807,0.0946626088701231,0.037538425926891016,0.003947616096811149,0.0007913790559292185,0.002679401820561554,0.002358906756318905,0.39065850803983326,0.003943161783003594
W2c589b5392085eab0003,0.0033446593295088653,0.0038230908865934895,0.04190488364897127,0.302256767228981,0.10455657601577807,0.0946626088701231,0.037538425926891016,0.003947616096811149,0.0007913790559292185,0.002679401820561554,0.002358906756318905,0.39065850803983326,0.003943161783003594
W2c589b5392085eab0004,0.0033446593295088653,0.0038230908865934895,0.04190488364897127,0.302256767228981,0.10455657601577807,0.0946626088701231,0.037538425926891016,0.003947616096811149,0.0007913790559292185,0.002679401820561554,0.002358906756318905,0.39065850803983326,0.003943161783003594
W2c589b5392085eab0005,0.0033446593295088653,0.0038230908865934895,0.04190488364897127,0.302256767228981,0.10455657601577807,0.0946626088701231,0.037538425926891016,0.003947616096811149,0.0007913790559292185,0.002679401820561554,0.002358906756318905,0.39065850803983326,0.003943161783003594
W2c589b5392085eab0006,0.0033446593295088653,0.0038230908865934895,0.04190488364897127,0.302256767228981,0.10455657601577807,0.0946626088701231,0.037538425926891016,0.003947616096811149,0.0007913790559292185,0.002679401820561554,0.002358906756318905,0.39065850803983326,0.003943161783003594
W2ceaaf5d76ae865f0000,0.012093075076508034,0.00022771501716232977,0.22271600288775315,0.03866163829116527,0.07049188063454637,0.6076150779544196,0.0066486852900457145,0.0007281354137048267,0.0004664526197285069,0.000820294975162957,0.0024157620615720314,0.028017471545205168,0.0016683126379489148
W2ceaaf5d76ae865f0001,0.012093075076508034,0.00022771501716232977,0.22271600288775315,0.03866163829116527,0.07049188063454637,0.6076150779544196,0.0066486852900457145,0.0007281354137048267,0.0004664526197285069,0.000820294975162957,0.0024157620615720314,0.028017471545205168,0.0016683126379489148
W2ceaaf5d76ae865f0002,0.012093075076508034,0.00022771501716232977,0.22271600288775315,0.03866163829116527,0.07049188063454637,0.6076150779544196,0.0066486852900457145,0.0007281354137048267,0.0004664526197285069,0.000820294975162957,0.0024157620615720314,0.028017471545205168,0.0016683126379489148
W2ceaaf5d76ae865f0003,0.012093075076508034,0.00022771501716232977,0.22271600288775315,0.03866163829116527,0.07049188063454637,0.6076150779544196,0.0066486852900457145,0.0007281354137048267,0.0004664526197285069,0.000820294975162957,0.0024157620615720314,0.028017471545205168,0.0016683126379489148
W2ceaaf5d76ae865f0004,0.012093075076508034,0.00022771501716232977,0.22271600288775315,0.03866163829116527,0.07049188063454637,0.6076150779544196,0.0066486852900457145,0.0007281354137048267,0.0004664526197285069,0.000820294975162957,0.0024157620615720314,0.028017471545205168,0.0016683126379489148
W2ceaaf5d76ae865f0005,0.012093075076508034,0.00022771501716232977,0.22271600288775315,0.03866163829116527,0.07049188063454637,0.6076150779544196,0.0066486852900457145,0.0007281354137048267,0.0004664526197285069,0.000820294975162957,0.0024157620615720314,0.028017471545205168,0.0016683126379489148
W2ceaaf5d76ae865f0006,0.012093075076508034,0.00022771501716232977,0.22271600288775315,0.03866163829116527,0.07049188063454637,0.6076150779544196,0.0066486852900457145,0.0007281354137048267,0.0004664526197285069,0.000820294975162957,0.0024157620615720314,0.028017471545205168,0.0016683126379489148
W2d862e29ffe711480000,0.010010079906509364,0.004663776787575928,0.08841324514227943,0.02747358322522284,0.0408159609061177,0.024903710858366297,0.011130039934666925,0.012548626684444874,0.04451516015613851,0.5176222573414742,0.037076553790169726,0.009253570759667727,0.028686093031863535
W2d862e29ffe711480001,0.010010079906509364,0.004663776787575928,0.08841324514227943,0.02747358322522284,0.0408159609061177,0.024903710858366297,0.011130039934666925,0.012548626684444874,0.04451516015613851,0.5176222573414742,0.037076553790169726,0.009253570759667727,0.028686093031863535
W2d862e29ffe711480002,0.010010079906509364,0.004663776787575928,0.08841324514227943,0.02747358322522284,0.0408159609061177,0.024903710858366297,0.011130039934666925,0.012548626684444874,0.04451516015613851,0.5176222573414742,0.037076553790169726,0.009253570759667727,0.028686093031863535
W2d862e29ffe711480003,0.010010079906509364,0.004663776787575928,0.08841324514227943,0.02747358322522284,0.0408159609061177,0.024903710858366297,0.011130039934666925,0.012548626684444874,0.04451516015613851,0.5176222573414742,0.037076553790169726,0.009253570759667727,0.028686093031863535
W2d862e29ffe711480004,0.010010079906509364,0.004663776787575928,0.08841324514227943,0.02747358322522284,0.0408159609061177,0.024903710858366297,0.011130039934666925,0.012548626684444874,0.04451516015613851,0.5176222573414742,0.037076553790169726,0.009253570759667727,0.028686093031863535
W2d862e29ffe711480005,0.010010079906509364,0.004663776787575928,0.08841324514227943,0.02747358322522284,0.0408159609061177,0.024903710858366297,0.011130039934666925,0.012548626684444874,0.04451516015613851,0.5176222573414742,0.037076553790169726,0.009253570759667727,0.028686093031863535
W2d862e29ffe711480006,0.010010079906509364,0.004663776787575928,0.08841324514227943,0.02747358322522284,0.0408159609061177,0.024903710858366297,0.011130039934666925,0.012548626684444874,0.04451516015613851,0.5176222573414742,0.037076553790169726,0.009253570759667727,0.028686093031863535
W2efa997a9b7c98ee0000,0.003862302492199303,0.03578428370045316,0.1552260062854371,0.008663370664542489,0.01322808118463129,0.015430006780488541,0.011301473358400649,0.012421378714892517,0.04073841079556091,0.5353613604745575,0.04892658752701383,0.003908573808136538,0.058386794999269576
W2efa997a9b7c98ee0001,0.003862302492199303,0.03578428370045316,0.1552260062854371,0.008663370664542489,0.01322808118463129,0.015430006780488541,0.011301473358400649,0.012421378714892517,0.04073841079556091,0.5353613604745575,0.04892658752701383,0.003908573808136538,0.058386794999269576
W2efa997a9b7c98ee0002,0.003862302492199303,0.03578428370045316,0.1552260062854371,0.008663370664542489,0.01322808118463129,0.015430006780488541,0.011301473358400649,0.012421378714892517,0.04073841079556091,0.5353613604745575,0.04892658752701383,0.003908573808136538,0.058386794999269576
W2efa997a9b7c98ee0003,0.003862302492199303,0.03578428370045316,0.1552260062854371,0.008663370664542489,0.01322808118463129,0.015430006780488541,0.011301473358400649,0.012421378714892517,0.04073841079556091,0.5353613604745575,0.04892658752701383,0.003908573808136538,0.058386794999269576
W2efa997a9b7c98ee0004,0.003862302492199303,0.03578428370045316,0.1552260062854371,0.008663370664542489,0.01322808118463129,0.015430006780488541,0.011301473358400649,0.012421378714892517,0.04073841079556091,0.5353613604745575,0.04892658752701383,0.003908573808136538,0.058386794999269576
W2efa997a9b7c98ee0005,0.003862302492199303,0.03578428370045316,0.1552260062854371,0.008663370664542489,0.01322808118463129,0.015430006780488541,0.011301473358400649,0.012421378714892517,0.04073841079556091,0.5353613604745575,0.04892658752701383,0.003908573808136538,0.058386794999269576
W2efa997a9b7c98ee0006,0.003862302492199303,0.03578428370045316,0.1552260062854371,0.008663370664542489,0.01322808118463129,0.015430006780488541,0.011301473358400649,0.012421378714892517,0.04073841079556091,0.5353613604745575,0.04892658752701383,0.003908573808136538,0.058386794999269576
W2f09f36e113015d80000,0.0016637284656007495,8.519239541784641e-05,0.009000632580796204,0.007910168606557041,0.0038327137599076335,0.22186456782290917,0.00026874763121412487,0.00030326032205810167,0.00010160493377370385,4.892073667719277e-05,6.419033459118261e-05,0.7491808054136049,0.005012754210626777
W2f09f36e113015d80001,0.0016637284656007495,8.519239541784641e-05,0.009000632580796204,0.007910168606557041,0.0038327137599076335,0.22186456782290917,0.00026874763121412487,0.00030326032205810167,0.00010160493377370385,4.892073667719277e-05,6.419033459118261e-05,0.7491808054136049,0.005012754210626777
W2f09f36e113015d80002,0.0016637284656007495,8.519239541784641e-05,0.009000632580796204,0.007910168606557041,0.0038327137599076335,0.22186456782290917,0.00026874763121412487,0.00030326032205810167,0.00010160493377370385,4.892073667719277e-05,6.419033459118261e-05,0.7491808054136049,0.005012754210626777
W2f09f36e113015d80003,0.0016637284656007495,8.519239541784641e-05,0.009000632580796204,0.007910168606557041,0.0038327137599076335,0.22186456782290917,0.00026874763121412487,0.00030326032205810167,0.00010160493377370385,4.892073667719277e-05,6.419033459118261e-05,0.7491808054136049,0.005012754210626777
W2f09f36e113015d80004,0.0016637284656007495,8.519239541784641e-05,0.009000632580796204,0.007910168606557041,0.0038327137599076335,0.22186456782290917,0.00026874763121412487,0.00030326032205810167,0.00010160493377370385,4.892073667719277e-05,6.419033459118261e-05,0.7491808054136049,0.005012754210626777
W2f09f36e113015d80005,0.0016637284656007495,8.519239541784641e-05,0.009000632580796204,0.007910168606557041,0.0038327137599076335,0.22186456782290917,0.00026874763121412487,0.00030326032205810167,0.00010160493377370385,4.892073667719277e-05,6.419033459118261e-05,0.7491808054136049,0.005012754210626777
W2f09f36e113015d80006,0.0016637284656007495,8.519239541784641e-05,0.009000632580796204,0.007910168606557041,0.0038327137599076335,0.22186456782290917,0.00026874763121412487,0.00030326032205810167,0.00010160493377370385,4.892073667719277e-05,6.419033459118261e-05,0.7491808054136049,0.005012754210626777
W2f994ecdb980801c0000,0.2783556422483594,0.001949437519208339,0.05748112420038972,0.13593919343644345,0.010581341721084115,0.169893559314683,0.05136702353993689,0.002606833248380333,0.005740979894279932,0.06625017640556193,0.0205441645365087,0.009541385111841756,0.051877003307384074
W2f994ecdb980801c0001,0.2783556422483594,0.001949437519208339,0.05748112420038972,0.13593919343644345,0.010581341721084115,0.169893559314683,0.05136702353993689,0.002606833248380333,0.005740979894279932,0.06625017640556193,0.0205441645365087,0.009541385111841756,0.051877003307384074
W2f994ecdb980801c0002,0.2783556422483594,0.001949437519208339,0.05748112420038972,0.13593919343644345,0.010581341721084115,0.169893559314683,0.05136702353993689,0.002606833248380333,0.005740979894279932,0.06625017640556193,0.0205441645365087,0.009541385111841756,0.051877003307384074
W2f994ecdb980801c0003,0.2783556422483594,0.001949437519208339,0.05748112420038972,0.13593919343644345,0.010581341721084115,0.169893559314683,0.05136702353993689,0.002606833248380333,0.005740979894279932,0.06625017640556193,0.0205441645365087,0.009541385111841756,0.051877003307384074
W2f994ecdb980801c0004,0.2783556422483594,0.001949437519208339,0.05748112420038972,0.13593919343644345,0.010581341721084115,0.169893559314683,0.05136702353993689,0.002606833248380333,0.005740979894279932,0.06625017640556193,0.0205441645365087,0.009541385111841756,0.051877003307384074
W2f994ecdb980801c0005,0.2783556422483594,0.001949437519208339,0.05748112420038972,0.13593919343644345,0.010581341721084115,0.169893559314683,0.05136702353993689,0.002606833248380333,0.005740979894279932,0.06625017640556193,0.0205441645365087,0.009541385111841756,0.051877003307384074
W2f994ecdb980801c0006,0.2783556422483594,0.001949437519208339,0.05748112420038972,0.13593919343644345,0.010581341721084115,0.169893559314683,0.05136702353993689,0.002606833248380333,0.005740979894279932,0.06625017640556193,0.0205441645365087,0.009541385111841756,0.051877003307384074
W2fef388ddea1a5470000,0.0005131369922314714,0.0026263332215490103,0.005124996982262722,0.0018249400914156985,0.003719651030926615,0.8068179485201217,0.0012405086730082266,2.0600863573027127e-05,3.4431352787620754e-05,4.5949421800714904e-05,4.362937311393792e-05,0.1705546996387939,0.007389107364044557
W2fef388ddea1a5470001,0.0005131369922314714,0.0026263332215490103,0.005124996982262722,0.0018249400914156985,0.003719651030926615,0.8068179485201217,0.0012405086730082266,2.0600863573027127e-05,3.4431352787620754e-05,4.5949421800714904e-05,4.362937311393792e-05,0.1705546996387939,0.007389107364044557
W2fef388ddea1a5470002,0.0005131369922314714,0.0026263332215490103,0.005124996982262722,0.0018249400914156985,0.003719651030926615,0.8068179485201217,0.0012405086730082266,2.0600863573027127e-05,3.4431352787620754e-05,4.5949421800714904e-05,4.362937311393792e-05,0.1705546996387939,0.007389107364044557
W2fef388ddea1a5470003,0.0005131369922314714,0.0026263332215490103,0.005124996982262722,0.0018249400914156985,0.003719651030926615,0.8068179485201217,0.0012405086730082266,2.0600863573027127e-05,3.4431352787620754e-05,4.5949421800714904e-05,4.362937311393792e-05,0.1705546996387939,0.007389107364044557
W2fef388ddea1a5470004,0.0005131369922314714,0.0026263332215490103,0.005124996982262722,0.0018249400914156985,0.003719651030926615,0.8068179485201217,0.0012405086730082266,2.0600863573027127e-05,3.4431352787620754e-05,4.5949421800714904e-05,4.362937311393792e-05,0.1705546996387939,0.007389107364044557
W2fef388ddea1a5470005,0.0005131369922314714,0.0026263332215490103,0.005124996982262722,0.0018249400914156985,0.003719651030926615,0.8068179485201217,0.0012405086730082266,2.0600863573027127e-05,3.4431352787620754e-05,4.5949421800714904e-05,4.362937311393792e-05,0.1705546996387939,0.007389107364044557
W2fef388ddea1a5470006,0.0005131369922314714,0.0026263332215490103,0.005124996982262722,0.0018249400914156985,0.003719651030926615,0.8068179485201217,0.0012405086730082266,2.0600863573027127e-05,3.4431352787620754e-05,4.5949421800714904e-05,4.362937311393792e-05,0.1705546996387939,0.007389107364044557
W31929a826970ecea0000,0.006371557793927812,0.005861277494054016,0.30521716615704697,0.09865393282232243,0.1017385056798202,0.016637918803506676,0.029543956129530907,0.009530498323737929,0.008265479635279675,0.04881193914673047,0.013408893023147971,0.014823416520017696,0.07827201442113936
W31929a826970ecea0001,0.006371557793927812,0.005861277494054016,0.30521716615704697,0.09865393282232243,0.1017385056798202,0.016637918803506676,0.029543956129530907,0.009530498323737929,0.008265479635279675,0.04881193914673047,0.013408893023147971,0.014823416520017696,0.07827201442113936
W31929a826970ecea0002,0.006371557793927812,0.005861277494054016,0.30521716615704697,0.09865393282232243,0.1017385056798202,0.016637918803506676,0.029543956129530907,0.009530498323737929,0.008265479635279675,0.04881193914673047,0.013408893023147971,0.014823416520017696,0.07827201442113936
W31929a826970ecea0003,0.006371557793927812,0.005861277494054016,0.30521716615704697,0.09865393282232243,0.1017385056798202,0.016637918803506676,0.029543956129530907,0.009530498323737929,0.008265479635279675,0.04881193914673047,0.013408893023147971,0.014823416520017696,0.07827201442113936
W31929a826970ecea0004,0.006371557793927812,0.005861277494054016,0.30521716615704697,0.09865393282232243,0.1017385056798202,0.016637918803506676,0.029543956129530907,0.009530498323737929,0.008265479635279675,0.04881193914673047,0.013408893023147971,0.014823416520017696,0.07827201442113936
W31929a826970ecea0005,0.006371557793927812,0.005861277494054016,0.30521716615704697,0.09865393282232243,0.1017385056798202,0.016637918803506676,0.029543956129530907,0.009530498323737929,0.008265479635279675,0.04881193914673047,0.013408893023147971,0.014823416520017696,0.07827201442113936
W31929a826970ecea0006,0.006371557793927812,0.005861277494054016,0.30521716615704697,0.09865393282232243,0.1017385056798202,0.016637918803506676,0.029543956129530907,0.009530498323737929,0.008265479635279675,0.04881193914673047,0.013408893023147971,0.014823416520017696,0.07827201442113936
W3200649c2441eeea0000,0.001012144231016258,0.0002114181132060101,0.00862308034373318,0.006033002922438326,0.004711149017073911,0.24951362976886526,5.50349639720018e-05,0.0026479784336046245,1.631753231223634e-05,4.0146988720938216e-05,0.0003174386216696881,0.7037318467046423,0.022043606388715338
W3200649c2441eeea0001,0.001012144231016258,0.0002114181132060101,0.00862308034373318,0.006033002922438326,0.004711149017073911,0.24951362976886526,5.50349639720018e-05,0.0026479784336046245,1.631753231223634e-05,4.0146988720938216e-05,0.0003174386216696881,0.7037318467046423,0.022043606388715338
W3200649c2441eeea0002,0.001012144231016258,0.0002114181132060101,0.00862308034373318,0.006033002922438326,0.004711149017073911,0.24951362976886526,5.50349639720018e-05,0.0026479784336046245,1.631753231223634e-05,4.0146988720938216e-05,0.0003174386216696881,0.7037318467046423,0.022043606388715338
W3200649c2441eeea0003,0.001012144231016258,0.0002114181132060101,0.00862308034373318,0.006033002922438326,0.004711149017073911,0.24951362976886526,5.50349639720018e-05,0.0026479784336046245,1.631753231223634e-05,4.0146988720938216e-05,0.0003174386216696881,0.7037318467046423,0.022043606388715338
W3200649c2441eeea0004,0.001012144231016258,0.0002114181132060101,0.00862308034373318,0.006033002922438326,0.004711149017073911,0.24951362976886526,5.50349639720018e-05,0.0026479784336046245,1.631753231223634e-05,4.0146988720938216e-05,0.0003174386216696881,0.7037318467046423,0.022043606388715338
W3200649c2441eeea0005,0.001012144231016258,0.0002114181132060101,0.00862308034373318,0.006033002922438326,0.004711149017073911,0.24951362976886526,5.50349639720018e-05,0.0026479784336046245,1.631753231223634e-05,4.0146988720938216e-05,0.0003174386216696881,0.7037318467046423,0.022043606388715338
W3200649c2441eeea0006,0.001012144231016258,0.0002114181132060101,0.00862308034373318,0.006033002922438326,0.004711149017073911,0.24951362976886526,5.50349639720018e-05,0.0026479784336046245,1.631753231223634e-05,4.0146988720938216e-05,0.0003174386216696881,0.7037318467046423,0.022043606388715338
W3473531eb2823bc50000,0.02213545621546218,0.0019787487712350092,0.6094535104227634,0.08702771844217058,0.1505951077440474,0.018220833311813563,0.01498455185229511,0.007603074761706025,0.00422954846595767,0.011421815151738244,0.003479100038859234,0.02548055773994491,0.009655745606821307
W3473531eb2823bc50001,0.02213545621546218,0.0019787487712350092,0.6094535104227634,0.08702771844217058,0.1505951077440474,0.018220833311813563,0.01498455185229511,0.007603074761706025,0.00422954846595767,0.011421815151738244,0.003479100038859234,0.02548055773994491,0.009655745606821307
W3473531eb2823bc50002,0.02213545621546218,0.0019787487712350092,0.6094535104227634,0.08702771844217058,0.1505951077440474,0.018220833311813563,0.01498455185229511,0.007603074761706025,0.00422954846595767,0.011421815151738244,0.003479100038859234,0.02548055773994491,0.009655745606821307
W3473531eb2823bc50003,0.02213545621546218,0.0019787487712350092,0.6094535104227634,0.08702771844217058,0.1505951077440474,0.018220833311813563,0.01498455185229511,0.007603074761706025,0.00422954846595767,0.011421815151738244,0.003479100038859234,0.02548055773994491,0.009655745606821307
W3473531eb2823bc50004,0.02213545621546218,0.0019787487712350092,0.6094535104227634,0.08702771844217058,0.1505951077440474,0.018220833311813563,0.01498455185229511,0.007603074761706025,0.00422954846595767,0.011421815151738244,0.003479100038859234,0.02548055773994491,0.009655745606821307
W3473531eb2823bc50005,0.02213545621546218,0.0019787487712350092,0.6094535104227634,0.08702771844217058,0.1505951077440474,0.018220833311813563,0.01498455185229511,0.007603074761706025,0.00422954846595767,0.011421815151738244,0.003479100038859234,0.02548055773994491,0.009655745606821307
W3473531eb2823bc50006,0.02213545621546218,0.0019787487712350092,0.6094535104227634,0.08702771844217058,0.1505951077440474,0.018220833311813563,0.01498455185229511,0.007603074761706025,0.00422954846595767,0.011421815151738244,0.003479100038859234,0.02548055773994491,0.009655745606821307
W3546dd5862165a310000,5.3407689369497534e-05,1.1316609104292167e-05,0.001102632540130247,0.0004545386930499786,4.516713976316092e-05,0.016418548727179818,2.9810542909056166e-05,3.044040774223362e-05,4.5835838842700545e-06,2.2421442206910054e-05,5.2004330300611154e-05,0.905563155502767,0.07618140541556766
W3546dd5862165a310001,5.3407689369497534e-05,1.1316609104292167e-05,0.001102632540130247,0.0004545386930499786,4.516713976316092e-05,0.016418548727179818,2.9810542909056166e-05,3.044040774223362e-05,4.5835838842700545e-06,2.2421442206910054e-05,5.2004330300611154e-05,0.905563155502767,0.07618140541556766
W3546dd5862165a310002,5.3407689369497534e-05,1.1316609104292167e-05,0.001102632540130247,0.0004545386930499786,4.516713976316092e-05,0.016418548727179818,2.9810542909056166e-05,3.044040774223362e-05,4.5835838842700545e-06,2.2421442206910054e-05,5.2004330300611154e-05,0.905563155502767,0.07618140541556766
W3546dd5862165a310003,5.3407689369497534e-05,1.1316609104292167e-05,0.001102632540130247,0.0004545386930499786,4.516713976316092e-05,0.016418548727179818,2.9810542909056166e-05,3.044040774223362e-05,4.5835838842700545e-06,2.2421442206910054e-05,5.2004330300611154e-05,0.905563155502767,0.07618140541556766
W3546dd5862165a310004,5.3407689369497534e-05,1.1316609104292167e-05,0.001102632540130247,0.0004545386930499786,4.516713976316092e-05,0.016418548727179818,2.9810542909056166e-05,3.044040774223362e-05,4.5835838842700545e-06,2.2421442206910054e-05,5.2004330300611154e-05,0.905563155502767,0.07618140541556766
W3546dd5862165a310005,5.3407689369497534e-05,1.1316609104292167e-05,0.001102632540130247,0.0004545386930499786,4.516713976316092e-05,0.016418548727179818,2.9810542909056166e-05,3.044040774223362e-05,4.5835838842700545e-06,2.2421442206910054e-05,5.2004330300611154e-05,0.905563155502767,0.07618140541556766
W3546dd5862165a310006,5.3407689369497534e-05,1.1316609104292167e-05,0.001102632540130247,0.0004545386930499786,4.516713976316092e-05,0.016418548727179818,2.9810542909056166e-05,3.044040774223362e-05,4.5835838842700545e-06,2.2421442206910054e-05,5.2004330300611154e-05,0.905563155502767,0.07618140541556766
W372ee4e3091c33bb0000,0.0006818188470871163,0.029091955827466934,0.02057023777154797,0.00176123617651302,0.0059046207420750145,0.001455019469530069,0.003172591599971151,0.03464409589186804,0.4051125190288367,0.34219587341797486,0.12415218004143184,0.0012216465608608142,0.009171129294357
W372ee4e3091c33bb0001,0.0006818188470871163,0.029091955827466934,0.02057023777154797,0.00176123617651302,0.0059046207420750145,0.001455019469530069,0.003172591599971151,0.03464409589186804,0.4051125190288367,0.34219587341797486,0.12415218004143184,0.0012216465608608142,0.009171129294357
W372ee4e3091c33bb0002,0.0006818188470871163,0.029091955827466934,0.02057023777154797,0.00176123617651302,0.0059046207420750145,0.001455019469530069,0.003172591599971151,0.03464409589186804,0.4051125190288367,0.34219587341797486,0.12415218004143184,0.0012216465608608142,0.009171129294357
W372ee4e3091c33bb0003,0.0006818188470871163,0.029091955827466934,0.02057023777154797,0.00176123617651302,0.0059046207420750145,0.001455019469530069,0.003172591599971151,0.03464409589186804,0.4051125190288367,0.34219587341797486,0.12415218004143184,0.0012216465608608142,0.009171129294357
W372ee4e3091c33bb0004,0.0006818188470871163,0.029091955827466934,0.02057023777154797,0.00176123617651302,0.0059046207420750145,0.001455019469530069,0.003172591599971151,0.03464409589186804,0.4051125190288367,0.34219587341797486,0.12415218004143184,0.0012216465608608142,0.009171129294357
W372ee4e3091c33bb0005,0.0006818188470871163,0.029091955827466934,0.02057023777154797,0.00176123617651302,0.0059046207420750145,0.001455019469530069,0.003172591599971151,0.03464409589186804,0.4051125190288367,0.34219587341797486,0.12415218004143184,0.0012216465608608142,0.009171129294357
W372ee4e3091c33bb0006,0.0006818188470871163,0.029091955827466934,0.02057023777154797,0.00176123617651302,0.0059046207420750145,0.001455019469530069,0.003172591599971151,0.03464409589186804,0.4051125190288367,0.34219587341797486,0.12415218004143184,0.0012216465608608142,0.009171129294357
W37fe5be573d394450000,0.011409475392053151,0.011126515125296199,0.20472449997990358,0.04450596428618424,0.019072796537897656,0.09579936597214146,0.2205947658066382,0.015576391483368219,0.011889964700968874,0.0264377320493758,0.07477610696621109,0.020290311254263428,0.1150655729102445
W37fe5be573d394450001,0.011409475392053151,0.011126515125296199,0.20472449997990358,0.04450596428618424,0.019072796537897656,0.09579936597214146,0.2205947658066382,0.015576391483368219,0.011889964700968874,0.0264377320493758,0.07477610696621109,0.020290311254263428,0.1150655729102445
W37fe5be573d394450002,0.011409475392053151,0.011126515125296199,0.20472449997990358,0.04450596428618424,0.019072796537897656,0.09579936597214146,0.2205947658066382,0.015576391483368219,0.011889964700968874,0.0264377320493758,0.07477610696621109,0.020290311254263428,0.1150655729102445
W37fe5be573d394450003,0.011409475392053151,0.011126515125296199,0.20472449997990358,0.04450596428618424,0.019072796537897656,0.09579936597214146,0.2205947658066382,0.015576391483368219,0.011889964700968874,0.0264377320493758,0.07477610696621109,0.020290311254263428,0.1150655729102445
W37fe5be573d394450004,0.011409475392053151,0.011126515125296199,0.20472449997990358,0.04450596428618424,0.019072796537897656,0.09579936597214146,0.2205947658066382,0.015576391483368219,0.011889964700968874,0.0264377320493758,0.07477610696621109,0.020290311254263428,0.1150655729102445
W37fe5be573d394450005,0.011409475392053151,0.011126515125296199,0.20472449997990358,0.04450596428618424,0.019072796537897656,0.09579936597214146,0.2205947658066382,0.015576391483368219,0.011889964700968874,0.0264377320493758,0.07477610696621109,0.020290311254263428,0.1150655729102445
W37fe5be573d394450006,0.011409475392053151,0.011126515125296199,0.20472449997990358,0.04450596428618424,0.019072796537897656,0.09579936597214146,0.2205947658066382,0.015576391483368219,0.011889964700968874,0.0264377320493758,0.07477610696621109,0.020290311254263428,0.1150655729102445
W3850cfe923211d2a0000,0.05698978081724935,0.004089946955770197,0.024809688073175712,0.02972506694018044,0.050032747106410466,0.01558897872136499,0.031378944734605695,0.5669366567393208,0.002871997209368018,0.0269746778330773,0.02517106539642404,0.00533264265812925,0.01412037230102372
W3850cfe923211d2a0001,0.05698978081724935,0.004089946955770197,0.024809688073175712,0.02972506694018044,0.050032747106410466,0.01558897872136499,0.031378944734605695,0.5669366567393208,0.002871997209368018,0.0269746778330773,0.02517106539642404,0.00533264265812925,0.01412037230102372
W3850cfe923211d2a0002,0.05698978081724935,0.004089946955770197,0.024809688073175712,0.02972506694018044,0.050032747106410466,0.01558897872136499,0.031378944734605695,0.5669366567393208,0.002871997209368018,0.0269746778330773,0.02517106539642404,0.00533264265812925,0.01412037230102372
W3850cfe923211d2a0003,0.05698978081724935,0.004089946955770197,0.024809688073175712,0.02972506694018044,0.050032747106410466,0.01558897872136499,0.031378944734605695,0.5669366567393208,0.002871997209368018,0.0269746778330773,0.02517106539642404,0.00533264265812925,0.01412037230102372
W3850cfe923211d2a0004,0.05698978081724935,0.004089946955770197,0.024809688073175712,0.02972506694018044,0.050032747106410466,0.01558897872136499,0.031378944734605695,0.5669366567393208,0.002871997209368018,0.0269746778330773,0.02517106539642404,0.00533264265812925,0.01412037230102372
W3850cfe923211d2a0005,0.05698978081724935,0.004089946955770197,0.024809688073175712,0.02972506694018044,0.050032747106410466,0.01558897872136499,0.031378944734605695,0.5669366567393208,0.002871997209368018,0.0269746778330773,0.02517106539642404,0.00533264265812925,0.01412037230102372
W3850cfe923211d2a0006,0.05698978081724935,0.004089946955770197,0.024809688073175712,0.02972506694018044,0.050032747106410466,0.01558897872136499,0.031378944734605695,0.5669366567393208,0.002871997209368018,0.0269746778330773,0.02517106539642404,0.00533264265812925,0.01412037230102372
W399b55598af37b7b0000,0.009518488340154167,0.0005182738205842976,0.062010114261181755,0.18567973445191432,0.0313381635204907,0.15643047487132952,0.017405379986826338,0.1953550893712595,0.0044325987448840766,0.0984484576569909,0.03577544486024162,0.00571156706041512,0.013549013243982588
W399b55598af37b7b0001,0.009518488340154167,0.0005182738205842976,0.062010114261181755,0.18567973445191432,0.0313381635204907,0.15643047487132952,0.017405379986826338,0.1953550893712595,0.0044325987448840766,0.0984484576569909,0.03577544486024162,0.00571156706041512,0.013549013243982588
W399b55598af37b7b0002,0.009518488340154167,0.0005182738205842976,0.062010114261181755,0.18567973445191432,0.0313381635204907,0.15643047487132952,0.017405379986826338,0.1953550893712595,0.0044325987448840766,0.0984484576569909,0.03577544486024162,0.00571156706041512,0.013549013243982588
W399b55598af37b7b0003,0.009518488340154167,0.0005182738205842976,0.062010114261181755,0.18567973445191432,0.0313381635204907,0.15643047487132952,0.017405379986826338,0.1953550893712595,0.0044325987448840766,0.0984484576569909,0.03577544486024162,0.00571156706041512,0.013549013243982588
W399b55598af37b7b0004,0.009518488340154167,0.0005182738205842976,0.062010114261181755,0.18567973445191432,0.0313381635204907,0.15643047487132952,0.017405379986826338,0.1953550893712595,0.0044325987448840766,0.0984484576569909,0.03577544486024162,0.00571156706041512,0.013549013243982588
W399b55598af37b7b0005,0.009518488340154167,0.0005182738205842976,0.062010114261181755,0.18567973445191432,0.0313381635204907,0.15643047487132952,0.017405379986826338,0.1953550893712595,0.0044325987448840766,0.0984484576569909,0.03577544486024162,0.00571156706041512,0.013549013243982588
W399b55598af37b7b0006,0.009518488340154167,0.0005182738205842976,0.062010114261181755,0.18567973445191432,0.0313381635204907,0.15643047487132952,0.017405379986826338,0.1953550893712595,0.0044325987448840766,0.0984484576569909,0.03577544486024162,0.00571156706041512,0.013549013243982588
W3b18f3c30c47d8040000,0.9304634940678504,0.02454464163617021,0.0043196793042959555,0.004536661934907189,0.004566375951936609,0.002554610704062264,0.002476416807748022,0.0004987313924872288,0.0012135316322535972,0.007993904012131842,0.00013423692605598052,0.006614592682333739,0.004990941128719254
W3b18f3c30c47d8040001,0.9304634940678504,0.02454464163617021,0.0043196793042959555,0.004536661934907189,0.004566375951936609,0.002554610704062264,0.002476416807748022,0.0004987313924872288,0.0012135316322535972,0.007993904012131842,0.00013423692605598052,0.006614592682333739,0.004990941128719254
W3b18f3c30c47d8040002,0.9304634940678504,0.02454464163617021,0.0043196793042959555,0.004536661934907189,0.004566375951936609,0.002554610704062264,0.002476416807748022,0.0004987313924872288,0.0012135316322535972,0.007993904012131842,0.00013423692605598052,0.006614592682333739,0.004990941128719254
W3b18f3c30c47d8040003,0.9304634940678504,0.02454464163617021,0.0043196793042959555,0.004536661934907189,0.004566375951936609,0.002554610704062264,0.002476416807748022,0.0004987313924872288,0.0012135316322535972,0.007993904012131842,0.00013423692605598052,0.006614592682333739,0.004990941128719254
W3b18f3c30c47d8040004,0.9304634940678504,0.02454464163617021,0.0043196793042959555,0.004536661934907189,0.004566375951936609,0.002554610704062264,0.002476416807748022,0.0004987313924872288,0.0012135316322535972,0.007993904012131842,0.00013423692605598052,0.006614592682333739,0.004990941128719254
W3b18f3c30c47d8040005,0.9304634940678504,0.02454464163617021,0.0043196793042959555,0.004536661934907189,0.004566375951936609,0.002554610704062264,0.002476416807748022,0.0004987313924872288,0.0012135316322535972,0.007993904012131842,0.00013423692605598052,0.006614592682333739,0.004990941128719254
W3b18f3c30c47d8040006,0.9304634940678504,0.02454464163617021,0.0043196793042959555,0.004536661934907189,0.004566375951936609,0.002554610704062264,0.002476416807748022,0.0004987313924872288,0.0012135316322535972,0.007993904012131842,0.00013423692605598052,0.006614592682333739,0.004990941128719254
W3bafbf7685d60ad30000,0.006758995485044064,0.03191285940659302,0.06951446408413287,0.00860514513547806,0.019615225887201878,0.010882802948422496,0.017296457805482626,0.013800235846022385,0.08270484257702648,0.5110423587077555,0.10246875402546265,0.00790944122800661,0.028037909957523744
W3bafbf7685d60ad30001,0.006758995485044064,0.03191285940659302,0.06951446408413287,0.00860514513547806,0.019615225887201878,0.010882802948422496,0.017296457805482626,0.013800235846022385,0.08270484257702648,0.5110423587077555,0.10246875402546265,0.00790944122800661,0.028037909957523744
W3bafbf7685d60ad30002,0.006758995485044064,0.03191285940659302,0.06951446408413287,0.00860514513547806,0.019615225887201878,0.010882802948422496,0.017296457805482626,0.013800235846022385,0.08270484257702648,0.5110423587077555,0.10246875402546265,0.00790944122800661,0.028037909957523744
W3bafbf7685d60ad30003,0.006758995485044064,0.03191285940659302,0.06951446408413287,0.00860514513547806,0.019615225887201878,0.010882802948422496,0.017296457805482626,0.013800235846022385,0.08270484257702648,0.5110423587077555,0.10246875402546265,0.00790944122800661,0.028037909957523744
W3bafbf7685d60ad30004,0.006758995485044064,0.03191285940659302,0.06951446408413287,0.00860514513547806,0.019615225887201878,0.010882802948422496,0.017296457805482626,0.013800235846022385,0.08270484257702648,0.5110423587077555,0.10246875402546265,0.00790944122800661,0.028037909957523744
W3bafbf7685d60ad30005,0.006758995485044064,0.03191285940659302,0.06951446408413287,0.00860514513547806,0.019615225887201878,0.010882802948422496,0.017296457805482626,0.013800235846022385,0.08270484257702648,0.5110423587077555,0.10246875402546265,0.00790944122800661,0.028037909957523744
W3bafbf7685d60ad30006,0.006758995485044064,0.03191285940659302,0.06951446408413287,0.00860514513547806,0.019615225887201878,0.010882802948422496,0.017296457805482626,0.013800235846022385,0.08270484257702648,0.5110423587077555,0.10246875402546265,0.00790944122800661,0.028037909957523744
W3d68ba1ac902179b0000,0.002039689731452067,0.8428240898077165,0.0022548399046398854,0.002674689311707754,0.006262433513075359,0.0019174666625861616,0.004084200982552546,0.012651097491094346,0.09634091284378324,0.002972774090003502,0.018975020071200024,0.0023971593853492745,0.0014869299002481307
W3d68ba1ac902179b0001,0.002039689731452067,0.8428240898077165,0.0022548399046398854,0.002674689311707754,0.006262433513075359,0.0019174666625861616,0.004084200982552546,0.012651097491094346,0.09634091284378324,0.002972774090003502,0.018975020071200024,0.0023971593853492745,0.0014869299002481307
W3d68ba1ac902179b0002,0.002039689731452067,0.8428240898077165,0.0022548399046398854,0.002674689311707754,0.006262433513075359,0.0019174666625861616,0.004084200982552546,0.012651097491094346,0.09634091284378324,0.002972774090003502,0.018975020071200024,0.0023971593853492745,0.0014869299002481307
W3d68ba1ac902179b0003,0.002039689731452067,0.8428240898077165,0.0022548399046398854,0.002674689311707754,0.006262433513075359,0.0019174666625861616,0.004084200982552546,0.012651097491094346,0.09634091284378324,0.002972774090003502,0.018975020071200024,0.0023971593853492745,0.0014869299002481307
W3d68ba1ac902179b0004,0.002039689731452067,0.8428240898077165,0.0022548399046398854,0.002674689311707754,0.006262433513075359,0.0019174666625861616,0.004084200982552546,0.012651097491094346,0.09634091284378324,0.002972774090003502,0.018975020071200024,0.0023971593853492745,0.0014869299002481307
W3d68ba1ac902179b0005,0.002039689731452067,0.8428240898077165,0.0022548399046398854,0.002674689311707754,0.006262433513075359,0.0019174666625861616,0.004084200982552546,0.012651097491094346,0.09634091284378324,0.002972774090003502,0.018975020071200024,0.0023971593853492745,0.0014869299002481307
W3d68ba1ac902179b0006,0.002039689731452067,0.8428240898077165,0.0022548399046398854,0.002674689311707754,0.006262433513075359,0.0019174666625861616,0.004084200982552546,0.012651097491094346,0.09634091284378324,0.002972774090003502,0.018975020071200024,0.0023971593853492745,0.0014869299002481307
W3ea9e82425f581770000,0.027185776207574775,0.00028949826604291064,0.09006550323115182,0.06381796790630179,0.09953199158249211,0.05427934509276869,0.047923975798177296,0.018429143589345477,0.016938436209487987,0.009448537342730715,0.005327923919753079,0.005411946615900395,0.023004351876028725
W3ea9e82425f581770001,0.027185776207574775,0.00028949826604291064,0.09006550323115182,0.06381796790630179,0.09953199158249211,0.05427934509276869,0.047923975798177296,0.018429143589345477,0.016938436209487987,0.009448537342730715,0.005327923919753079,0.005411946615900395,0.023004351876028725
W3ea9e82425f581770002,0.027185776207574775,0.00028949826604291064,0.09006550323115182,0.06381796790630179,0.09953199158249211,0.05427934509276869,0.047923975798177296,0.018429143589345477,0.016938436209487987,0.009448537342730715,0.005327923919753079,0.005411946615900395,0.023004351876028725
W3ea9e82425f581770003,0.027185776207574775,0.00028949826604291064,0.09006550323115182,0.06381796790630179,0.09953199158249211,0.05427934509276869,0.047923975798177296,0.018429143589345477,0.016938436209487987,0.009448537342730715,0.005327923919753079,0.005411946615900395,0.023004351876028725
W3ea9e82425f581770004,0.027185776207574775,0.00028949826604291064,0.09006550323115182,0.06381796790630179,0.09953199158249211,0.05427934509276869,0.047923975798177296,0.018429143589345477,0.016938436209487987,0.009448537342730715,0.005327923919753079,0.005411946615900395,0.023004351876028725
W3ea9e82425f581770005,0.027185776207574775,0.00028949826604291064,0.09006550323115182,0.06381796790630179,0.09953199158249211,0.05427934509276869,0.047923975798177296,0.018429143589345477,0.016938436209487987,0.009448537342730715,0.005327923919753079,0.005411946615900395,0.023004351876028725
W3ea9e82425f581770006,0.027185776207574775,0.00028949826604291064,0.09006550323115182,0.06381796790630179,0.09953199158249211,0.05427934509276869,0.047923975798177296,0.018429143589345477,0.016938436209487987,0.009448537342730715,0.005327923919753079,0.005411946615900395,0.023004351876028725
W3eeea8cf96c231ac0000,0.012034109429095654,0.964499712607076,0.00307686754316741,0.0038999638651954884,0.0034047484352868894,0.0034166421160461732,0.000887611927645705,0.0005616797034185495,6.442099385233618e-06,0.0012029536539916103,0.0010253163228076078,0.001150024906651085,0.0020403174893208354
W3eeea8cf96c231ac0001,0.012034109429095654,0.964499712607076,0.00307686754316741,0.0038999638651954884,0.0034047484352868894,0.0034166421160461732,0.000887611927645705,0.0005616797034185495,6.442099385233618e-06,0.0012029536539916103,0.0010253163228076078,0.001150024906651085,0.0020403174893208354
W3eeea8cf96c231ac0002,0.012034109429095654,0.964499712607076,0.00307686754316741,0.0038999638651954884,0.0034047484352868894,0.0034166421160461732,0.000887611927645705,0.0005616797034185495,6.442099385233618e-06,0.0012029536539916103,0.0010253163228076078,0.001150024906651085,0.0020403174893208354
W3eeea8cf96c231ac0003,0.012034109429095654,0.964499712607076,0.00307686754316741,0.0038999638651954884,0.0034047484352868894,0.0034166421160461732,0.000887611927645705,0.0005616797034185495,6.442099385233618e-06,0.0012029536539916103,0.0010253163228076078,0.001150024906651085,0.0020403174893208354
W3eeea8cf96c231ac0004,0.012034109429095654,0.964499712607076,0.00307686754316741,0.0038999638651954884,0.0034047484352868894,0.0034166421160461732,0.000887611927645705,0.0005616797034185495,6.442099385233618e-06,0.0012029536539916103,0.0010253163228076078,0.001150024906651085,0.0020403174893208354
W3eeea8cf96c231ac0005,0.012034109429095654,0.964499712607076,0.00307686754316741,0.0038999638651954884,0.0034047484352868894,0.0034166421160461732,0.000887611927645705,0.0005616797034185495,6.442099385233618e-06,0.0012029536539916103,0.0010253163228076078,0.001150024906651085,0.0020403174893208354
W3eeea8cf96c231ac0006,0.012034109429095654,0.964499712607076,0.00307686754316741,0.0038999638651954884,0.0034047484352868894,0.0034166421160461732,0.000887611927645705,0.0005616797034185495,6.442099385233618e-06,0.0012029536539916103,0.0010253163228076078,0.001150024906651085,0.0020403174893208354
W3f26b96bfa78adc60000,0.004250155781603325,0.004488188518219197,0.04300500970148859,0.03141007965999601,0.031334456104177635,0.005839830989045365,0.04609212140335003,0.013044748089417087,0.00854131203952337,0.06612971116399267,0.03328280473676589,0.01047229313997857,0.08499615670681172
W3f26b96bfa78adc60001,0.004250155781603325,0.004488188518219197,0.04300500970148859,0.03141007965999601,0.031334456104177635,0.005839830989045365,0.04609212140335003,0.013044748089417087,0.00854131203952337,0.06612971116399267,0.03328280473676589,0.01047229313997857,0.08499615670681172
W3f26b96bfa78adc60002,0.004250155781603325,0.004488188518219197,0.04300500970148859,0.03141007965999601,0.031334456104177635,0.005839830989045365,0.04609212140335003,0.013044748089417087,0.00854131203952337,0.06612971116399267,0.03328280473676589,0.01047229313997857,0.08499615670681172
W3f26b96bfa78adc60003,0.004250155781603325,0.004488188518219197,0.04300500970148859,0.03141007965999601,0.031334456104177635,0.005839830989045365,0.04609212140335003,0.013044748089417087,0.00854131203952337,0.06612971116399267,0.03328280473676589,0.01047229313997857,0.08499615670681172
W3f26b96bfa78adc60004,0.004250155781603325,0.004488188518219197,0.04300500970148859,0.03141007965999601,0.031334456104177635,0.005839830989045365,0.04609212140335003,0.013044748089417087,0.00854131203952337,0.06612971116399267,0.03328280473676589,0.01047229313997857,0.08499615670681172
W3f26b96bfa78adc60005,0.004250155781603325,0.004488188518219197,0.04300500970148859,0.03141007965999601,0.031334456104177635,0.005839830989045365,0.04609212140335003,0.013044748089417087,0.00854131203952337,0.06612971116399267,0.03328280473676589,0.01047229313997857,0.08499615670681172
W3f26b96bfa78adc60006,0.004250155781603325,0.004488188518219197,0.04300500970148859,0.03141007965999601,0.031334456104177635,0.005839830989045365,0.04609212140335003,0.013044748089417087,0.00854131203952337,0.06612971116399267,0.03328280473676589,0.01047229313997857,0.08499615670681172
W4067912de7075f720000,0.10755843608503834,0.005143971595215574,0.028197618855752428,0.023208853777288818,0.1843468717686999,0.016248663727848323,0.010430294658719476,0.019068835820315023,0.008235711971501193,0.32039640257771657,0.011571920093889975,0.029296771036941466,0.041753595243460416
W4067912de7075f720001,0.10755843608503834,0.005143971595215574,0.028197618855752428,0.023208853777288818,0.1843468717686999,0.016248663727848323,0.010430294658719476,0.019068835820315023,0.008235711971501193,0.32039640257771657,0.011571920093889975,0.029296771036941466,0.041753595243460416
W4067912de7075f720002,0.10755843608503834,0.005143971595215574,0.028197618855752428,0.023208853777288818,0.1843468717686999,0.016248663727848323,0.010430294658719476,0.019068835820315023,0.008235711971501193,0.32039640257771657,0.011571920093889975,0.029296771036941466,0.041753595243460416
W4067912de7075f720003,0.10755843608503834,0.005143971595215574,0.028197618855752428,0.023208853777288818,0.1843468717686999,0.016248663727848323,0.010430294658719476,0.019068835820315023,0.008235711971501193,0.32039640257771657,0.011571920093889975,0.029296771036941466,0.041753595243460416
W4067912de7075f720004,0.10755843608503834,0.005143971595215574,0.028197618855752428,0.023208853777288818,0.1843468717686999,0.016248663727848323,0.010430294658719476,0.019068835820315023,0.008235711971501193,0.32039640257771657,0.011571920093889975,0.029296771036941466,0.041753595243460416
W4067912de7075f720005,0.10755843608503834,0.005143971595215574,0.028197618855752428,0.023208853777288818,0.1843468717686999,0.016248663727848323,0.010430294658719476,0.019068835820315023,0.008235711971501193,0.32039640257771657,0.011571920093889975,0.029296771036941466,0.041753595243460416
W4067912de7075f720006,0.10755843608503834,0.005143971595215574,0.028197618855752428,0.023208853777288818,0.1843468717686999,0.016248663727848323,0.010430294658719476,0.019068835820315023,0.008235711971501193,0.32039640257771657,0.011571920093889975,0.029296771036941466,0.041753595243460416
W406d4c539a8af8f70000,9.967746421390366e-05,0.99484318498993,1.7774884226836668e-05,3.101564731744173e-05,0.00014927730799951558,0.0004670002072056548,0.0033260240142365103,0.00010858692254997793,6.430549909831644e-06,0.00014575468185583124,0.00016867147396389175,0.0002792368245903521,0.00022819375226642842
W406d4c539a8af8f70001,9.967746421390366e-05,0.99484318498993,1.7774884226836668e-05,3.101564731744173e-05,0.00014927730799951558,0.0004670002072056548,0.0033260240142365103,0.00010858692254997793,6.430549909831644e-06,0.00014575468185583124,0.00016867147396389175,0.0002792368245903521,0.00022819375226642842
W406d4c539a8af8f70002,9.967746421390366e-05,0.99484318498993,1.7774884226836668e-05,3.101564731744173e-05,0.00014927730799951558,0.0004670002072056548,0.0033260240142365103,0.00010858692254997793,6.430549909831644e-06,0.00014575468185583124,0.00016867147396389175,0.0002792368245903521,0.00022819375226642842
W406d4c539a8af8f70003,9.967746421390366e-05,0.99484318498993,1.7774884226836668e-05,3.101564731744173e-05,0.00014927730799951558,0.0004670002072056548,0.0033260240142365103,0.00010858692254997793,6.430549909831644e-06,0.00014575468185583124,0.00016867147396389175,0.0002792368245903521,0.00022819375226642842
W406d4c539a8af8f70004,9.967746421390366e-05,0.99484318498993,1.7774884226836668e-05,3.101564731744173e-05,0.00014927730799951558,0.0004670002072056548,0.0033260240142365103,0.00010858692254997793,6.430549909831644e-06,0.00014575468185583124,0.00016867147396389175,0.0002792368245903521,0.00022819375226642842
W406d4c539a8af8f70005,9.967746421390366e-05,0.99484318498993,1.7774884226836668e-05,3.101564731744173e-05,0.00014927730799951558,0.0004670002072056548,0.0033260240142365103,0.00010858692254997793,6.430549909831644e-06,0.00014575468185583124,0.00016867147396389175,0.0002792368245903521,0.00022819375226642842
W406d4c539a8af8f70006,9.967746421390366e-05,0.99484318498993,1.7774884226836668e-05,3.101564731744173e-05,0.00014927730799951558,0.0004670002072056548,0.0033260240142365103,0.00010858692254997793,6.430549909831644e-06,0.00014575468185583124,0.00016867147396389175,0.0002792368245903521,0.00022819375226642842
W43ee54d0f337756b0000,0.004538057334513383,0.0027078555868132663,0.09882011077866083,0.03034794868995184,0.014129011722112785,0.020346293489278636,0.7021412980977443,0.0075415474594638186,0.006657773079309108,0.013182227517274369,0.0280163067426524,0.0031107850899056238,0.016603896094314154
W43ee54d0f337756b0001,0.004538057334513383,0.0027078555868132663,0.09882011077866083,0.03034794868995184,0.014129011722112785,0.020346293489278636,0.7021412980977443,0.0075415474594638186,0.006657773079309108,0.013182227517274369,0.0280163067426524,0.0031107850899056238,0.016603896094314154
W43ee54d0f337756b0002,0.004538057334513383,0.0027078555868132663,0.09882011077866083,0.03034794868995184,0.014129011722112785,0.020346293489278636,0.7021412980977443,0.0075415474594638186,0.006657773079309108,0.013182227517274369,0.0280163067426524,0.0031107850899056238,0.016603896094314154
W43ee54d0f337756b0003,0.004538057334513383,0.0027078555868132663,0.09882011077866083,0.03034794868995184,0.014129011722112785,0.020346293489278636,0.7021412980977443,0.0075415474594638186,0.006657773079309108,0.013182227517274369,0.0280163067426524,0.0031107850899056238,0.016603896094314154
W43ee54d0f337756b0004,0.004538057334513383,0.0027078555868132663,0.09882011077866083,0.03034794868995184,0.014129011722112785,0.020346293489278636,0.7021412980977443,0.0075415474594638186,0.006657773079309108,0.013182227517274369,0.0280163067426524,0.0031107850899056238,0.016603896094314154
W43ee54d0f337756b0005,0.004538057334513383,0.0027078555868132663,0.09882011077866083,0.03034794868995184,0.014129011722112785,0.020346293489278636,0.7021412980977443,0.0075415474594638186,0.006657773079309108,0.013182227517274369,0.0280163067426524,0.0031107850899056238,0.016603896094314154
W43ee54d0f337756b0006,0.004538057334513383,0.0027078555868132663,0.09882011077866083,0.03034794868995184,0.014129011722112785,0.020346293489278636,0.7021412980977443,0.0075415474594638186,0.006657773079309108,0.013182227517274369,0.0280163067426524,0.0031107850899056238,0.016603896094314154
W463dcae88125d0440000,0.002763475057025129,0.8364383680331556,0.0013726244797450315,0.002254318596147438,0.002147373002268451,0.0016544253298951968,0.0008468418784899498,0.004212512425772996,0.1266455314370068,0.0012925109180740553,0.015336687340961322,0.0009608354011504938,0.0026638859796417422
W463dcae88125d0440001,0.002763475057025129,0.8364383680331556,0.0013726244797450315,0.002254318596147438,0.002147373002268451,0.0016544253298951968,0.0008468418784899498,0.004212512425772996,0.1266455314370068,0.0012925109180740553,0.015336687340961322,0.0009608354011504938,0.0026638859796417422
W463dcae88125d0440002,0.002763475057025129,0.8364383680331556,0.0013726244797450315,0.002254318596147438,0.002147373002268451,0.0016544253298951968,0.0008468418784899498,0.004212512425772996,0.1266455314370068,0.0012925109180740553,0.015336687340961322,0.0009608354011504938,0.0026638859796417422
W463dcae88125d0440003,0.002763475057025129,0.8364383680331556,0.0013726244797450315,0.002254318596147438,0.002147373002268451,0.0016544253298951968,0.0008468418784899498,0.004212512425772996,0.1266455314370068,0.0012925109180740553,0.015336687340961322,0.0009608354011504938,0.0026638859796417422
W463dcae88125d0440004,0.002763475057025129,0.8364383680331556,0.0013726244797450315,0.002254318596147438,0.002147373002268451,0.0016544253298951968,0.0008468418784899498,0.004212512425772996,0.1266455314370068,0.0012925109180740553,0.015336687340961322,0.0009608354011504938,0.0026638859796417422
W463dcae88125d0440005,0.002763475057025129,0.8364383680331556,0.0013726244797450315,0.002254318596147438,0.002147373002268451,0.0016544253298951968,0.0008468418784899498,0.004212512425772996,0.1266455314370068,0.0012925109180740553,0.015336687340961322,0.0009608354011504938,0.0026638859796417422
W463dcae88125d0440006,0.002763475057025129,0.8364383680331556,0.0013726244797450315,0.002254318596147438,0.002147373002268451,0.0016544253298951968,0.0008468418784899498,0.004212512425772996,0.1266455314370068,0.0012925109180740553,0.015336687340961322,0.0009608354011504938,0.0026638859796417422
W464df89a515d6d220000,0.04908419448855482,0.008632780006889409,0.030841992641613258,0.026577319145436883,0.16220900603655886,0.05545765821863012,0.035536508336351594,0.02202595170255323,0.005911361930621405,0.2431657956618335,0.013400173416510995,0.026618732741638087,0.04403147101887758
W464df89a515d6d220001,0.04908419448855482,0.008632780006889409,0.030841992641613258,0.026577319145436883,0.16220900603655886,0.05545765821863012,0.035536508336351594,0.02202595170255323,0.005911361930621405,0.2431657956618335,0.013400173416510995,0.026618732741638087,0.04403147101887758
W464df89a515d6d220002,0.04908419448855482,0.008632780006889409,0.030841992641613258,0.026577319145436883,0.16220900603655886,0.05545765821863012,0.035536508336351594,0.02202595170255323,0.005911361930621405,0.2431657956618335,0.013400173416510995,0.026618732741638087,0.04403147101887758
W464df89a515d6d220003,0.04908419448855482,0.008632780006889409,0.030841992641613258,0.026577319145436883,0.16220900603655886,0.05545765821863012,0.035536508336351594,0.02202595170255323,0.005911361930621405,0.2431657956618335,0.013400173416510995,0.026618732741638087,0.04403147101887758
W464df89a515d6d220004,0.04908419448855482,0.008632780006889409,0.030841992641613258,0.026577319145436883,0.16220900603655886,0.05545765821863012,0.035536508336351594,0.02202595170255323,0.005911361930621405,0.2431657956618335,0.013400173416510995,0.026618732741638087,0.04403147101887758
W464df89a515d6d220005,0.04908419448855482,0.008632780006889409,0.030841992641613258,0.026577319145436883,0.16220900603655886,0.05545765821863012,0.035536508336351594,0.02202595170255323,0.005911361930621405,0.2431657956618335,0.013400173416510995,0.026618732741638087,0.04403147101887758
W464df89a515d6d220006,0.04908419448855482,0.008632780006889409,0.030841992641613258,0.026577319145436883,0.16220900603655886,0.05545765821863012,0.035536508336351594,0.02202595170255323,0.005911361930621405,0.2431657956618335,0.013400173416510995,0.026618732741638087,0.04403147101887758
W46caf6625c92e8490000,0.05745762884830167,0.0007291106878363752,0.009646867324143644,0.06078824994238999,0.016558374124293094,0.03847962391553769,0.004902810458497858,0.04387810246266409,0.3636039413159687,0.0548688863017985,0.30656875175332876,0.008141249528803662,0.016416815835621452
W46caf6625c92e8490001,0.05745762884830167,0.0007291106878363752,0.009646867324143644,0.06078824994238999,0.016558374124293094,0.03847962391553769,0.004902810458497858,0.04387810246266409,0.3636039413159687,0.0548688863017985,0.30656875175332876,0.008141249528803662,0.016416815835621452
W46caf6625c92e8490002,0.05745762884830167,0.0007291106878363752,0.009646867324143644,0.06078824994238999,0.016558374124293094,0.03847962391553769,0.004902810458497858,0.04387810246266409,0.3636039413159687,0.0548688863017985,0.30656875175332876,0.008141249528803662,0.016416815835621452
W46caf6625c92e8490003,0.05745762884830167,0.0007291106878363752,0.009646867324143644,0.06078824994238999,0.016558374124293094,0.03847962391553769,0.004902810458497858,0.04387810246266409,0.3636039413159687,0.0548688863017985,0.30656875175332876,0.008141249528803662,0.016416815835621452
W46caf6625c92e8490004,0.05745762884830167,0.0007291106878363752,0.009646867324143644,0.06078824994238999,0.016558374124293094,0.03847962391553769,0.004902810458497858,0.04387810246266409,0.3636039413159687,0.0548688863017985,0.30656875175332876,0.008141249528803662,0.016416815835621452
W46caf6625c92e8490005,0.05745762884830167,0.0007291106878363752,0.009646867324143644,0.06078824994238999,0.016558374124293094,0.03847962391553769,0.004902810458497858,0.04387810246266409,0.3636039413159687,0.0548688863017985,0.30656875175332876,0.008141249528803662,0.016416815835621452
W46caf6625c92e8490006,0.05745762884830167,0.0007291106878363752,0.009646867324143644,0.06078824994238999,0.016558374124293094,0.03847962391553769,0.004902810458497858,0.04387810246266409,0.3636039413159687,0.0548688863017985,0.30656875175332876,0.008141249528803662,0.016416815835621452
W474deeee09a43e6b0000,0.009615337322798286,0.0009939245529457443,0.4042696885767968,0.00676180285567313,0.009912976218712441,0.29212343850736205,0.004059623486931354,0.0018376130811520587,0.0006162688680267885,0.007753296306803579,0.00042693523435043953,0.2522392247035899,0.006170048833997867
W474deeee09a43e6b0001,0.009615337322798286,0.0009939245529457443,0.4042696885767968,0.00676180285567313,0.009912976218712441,0.29212343850736205,0.004059623486931354,0.0018376130811520587,0.0006162688680267885,0.007753296306803579,0.00042693523435043953,0.2522392247035899,0.006170048833997867
W474deeee09a43e6b0002,0.009615337322798286,0.0009939245529457443,0.4042696885767968,0.00676180285567313,0.009912976218712441,0.29212343850736205,0.004059623486931354,0.0018376130811520587,0.0006162688680267885,0.007753296306803579,0.00042693523435043953,0.2522392247035899,0.006170048833997867
W474deeee09a43e6b0003,0.009615337322798286,0.0009939245529457443,0.4042696885767968,0.00676180285567313,0.009912976218712441,0.29212343850736205,0.004059623486931354,0.0018376130811520587,0.0006162688680267885,0.007753296306803579,0.00042693523435043953,0.2522392247035899,0.006170048833997867
W474deeee09a43e6b0004,0.009615337322798286,0.0009939245529457443,0.4042696885767968,0.00676180285567313,0.009912976218712441,0.29212343850736205,0.004059623486931354,0.0018376130811520587,0.0006162688680267885,0.007753296306803579,0.00042693523435043953,0.2522392247035899,0.006170048833997867
W474deeee09a43e6b0005,0.009615337322798286,0.0009939245529457443,0.4042696885767968,0.00676180285567313,0.009912976218712441,0.29212343850736205,0.004059623486931354,0.0018376130811520587,0.0006162688680267885,0.007753296306803579,0.00042693523435043953,0.2522392247035899,0.006170048833997867
W474deeee09a43e6b0006,0.009615337322798286,0.0009939245529457443,0.4042696885767968,0.00676180285567313,0.009912976218712441,0.29212343850736205,0.004059623486931354,0.0018376130811520587,0.0006162688680267885,0.007753296306803579,0.00042693523435043953,0.2522392247035899,0.006170048833997867
W47cbd528d616aeff0000,0.005868146304132622,0.004255968556725859,0.03342942865209953,0.05725744716612797,0.02736921849510929,0.02008698215059866,0.021944355306384094,0.07586108408149028,0.06526643731040266,0.2508094464317574,0.25637714517235954,0.02774008449713653,0.027326475245960834
W47cbd528d616aeff0001,0.005868146304132622,0.004255968556725859,0.03342942865209953,0.05725744716612797,0.02736921849510929,0.02008698215059866,0.021944355306384094,0.07586108408149028,0.06526643731040266,0.2508094464317574,0.25637714517235954,0.02774008449713653,0.027326475245960834
W47cbd528d616aeff0002,0.005868146304132622,0.004255968556725859,0.03342942865209953,0.05725744716612797,0.02736921849510929,0.02008698215059866,0.021944355306384094,0.07586108408149028,0.06526643731040266,0.2508094464317574,0.25637714517235954,0.02774008449713653,0.027326475245960834
W47cbd528d616aeff0003,0.005868146304132622,0.004255968556725859,0.03342942865209953,0.05725744716612797,0.02736921849510929,0.02008698215059866,0.021944355306384094,0.07586108408149028,0.06526643731040266,0.2508094464317574,0.25637714517235954,0.02774008449713653,0.027326475245960834
W47cbd528d616aeff0004,0.005868146304132622,0.004255968556725859,0.03342942865209953,0.05725744716612797,0.02736921849510929,0.02008698215059866,0.021944355306384094,0.07586108408149028,0.06526643731040266,0.2508094464317574,0.25637714517235954,0.02774008449713653,0.027326475245960834
W47cbd528d616aeff0005,0.005868146304132622,0.004255968556725859,0.03342942865209953,0.05725744716612797,0.02736921849510929,0.02008698215059866,0.021944355306384094,0.07586108408149028,0.06526643731040266,0.2508094464317574,0.25637714517235954,0.02774008449713653,0.027326475245960834
W47cbd528d616aeff0006,0.005868146304132622,0.004255968556725859,0.03342942865209953,0.05725744716612797,0.02736921849510929,0.02008698215059866,0.021944355306384094,0.07586108408149028,0.06526643731040266,0.2508094464317574,0.25637714517235954,0.02774008449713653,0.027326475245960834
W47e0abad7c6045cc0000,0.005197943425405302,0.00013351643788689542,0.3335430458144854,0.046914153244576866,0.04772696062529934,0.35723480955674275,0.005800919104047972,0.0017839586856026135,0.0001048773164734274,0.0032388515748167116,0.002769512153122253,0.18272722890559137,0.007970452759106118
W47e0abad7c6045cc0001,0.005197943425405302,0.00013351643788689542,0.3335430458144854,0.046914153244576866,0.04772696062529934,0.35723480955674275,0.005800919104047972,0.0017839586856026135,0.0001048773164734274,0.0032388515748167116,0.002769512153122253,0.18272722890559137,0.007970452759106118
W47e0abad7c6045cc0002,0.005197943425405302,0.00013351643788689542,0.3335430458144854,0.046914153244576866,0.04772696062529934,0.35723480955674275,0.005800919104047972,0.0017839586856026135,0.0001048773164734274,0.0032388515748167116,0.002769512153122253,0.18272722890559137,0.007970452759106118
W47e0abad7c6045cc0003,0.005197943425405302,0.00013351643788689542,0.3335430458144854,0.046914153244576866,0.04772696062529934,0.35723480955674275,0.005800919104047972,0.0017839586856026135,0.0001048773164734274,0.0032388515748167116,0.002769512153122253,0.18272722890559137,0.007970452759106118
W47e0abad7c6045cc0004,0.005197943425405302,0.00013351643788689542,0.3335430458144854,0.046914153244576866,0.04772696062529934,0.35723480955674275,0.005800919104047972,0.0017839586856026135,0.0001048773164734274,0.0032388515748167116,0.002769512153122253,0.18272722890559137,0.007970452759106118
W47e0abad7c6045cc0005,0.005197943425405302,0.00013351643788689542,0.3335430458144854,0.046914153244576866,0.04772696062529934,0.35723480955674275,0.005800919104047972,0.0017839586856026135,0.0001048773164734274,0.0032388515748167116,0.002769512153122253,0.18272722890559137,0.007970452759106118
W47e0abad7c6045cc0006,0.005197943425405302,0.00013351643788689542,0.3335430458144854,0.046914153244576866,0.04772696062529934,0.35723480955674275,0.005800919104047972,0.0017839586856026135,0.0001048773164734274,0.0032388515748167116,0.002769512153122253,0.18272722890559137,0.007970452759106118
W48a6edf5a92845740000,0.007931623097396418,0.0674187263176797,0.023381686044408864,0.02263107734214451,0.1765567520117547,0.03215203070846022,0.010903498175545702,0.034883811920641716,0.002662880411642337,0.22133941724101414,0.08434431868692294,0.008031743973105852,0.028358879157780265
W48a6edf5a92845740001,0.007931623097396418,0.0674187263176797,0.023381686044408864,0.02263107734214451,0.1765567520117547,0.03215203070846022,0.010903498175545702,0.034883811920641716,0.002662880411642337,0.22133941724101414,0.08434431868692294,0.008031743973105852,0.028358879157780265
W48a6edf5a92845740002,0.007931623097396418,0.0674187263176797,0.023381686044408864,0.02263107734214451,0.1765567520117547,0.03215203070846022,0.010903498175545702,0.034883811920641716,0.002662880411642337,0.22133941724101414,0.08434431868692294,0.008031743973105852,0.028358879157780265
W48a6edf5a92845740003,0.007931623097396418,0.0674187263176797,0.023381686044408864,0.02263107734214451,0.1765567520117547,0.03215203070846022,0.010903498175545702,0.034883811920641716,0.002662880411642337,0.22133941724101414,0.08434431868692294,0.008031743973105852,0.028358879157780265
W48a6edf5a92845740004,0.007931623097396418,0.0674187263176797,0.023381686044408864,0.02263107734214451,0.1765567520117547,0.03215203070846022,0.010903498175545702,0.034883811920641716,0.002662880411642337,0.22133941724101414,0.08434431868692294,0.008031743973105852,0.028358879157780265
W48a6edf5a92845740005,0.007931623097396418,0.0674187263176797,0.023381686044408864,0.02263107734214451,0.1765567520117547,0.03215203070846022,0.010903498175545702,0.034883811920641716,0.002662880411642337,0.22133941724101414,0.08434431868692294,0.008031743973105852,0.028358879157780265
W48a6edf5a92845740006,0.007931623097396418,0.0674187263176797,0.023381686044408864,0.02263107734214451,0.1765567520117547,0.03215203070846022,0.010903498175545702,0.034883811920641716,0.002662880411642337,0.22133941724101414,0.08434431868692294,0.008031743973105852,0.028358879157780265
W4a58e097b02affee0000,0.008038175220463049,0.007073229177122363,0.26097414835169613,0.03642487723275311,0.09049363532589481,0.04976005801045154,0.012027674556933576,0.04153509875520237,0.011598941459651336,0.30466910866829644,0.018716463195715304,0.004175298173855526,0.030728907296033597
W4a58e097b02affee0001,0.008038175220463049,0.007073229177122363,0.26097414835169613,0.03642487723275311,0.09049363532589481,0.04976005801045154,0.012027674556933576,0.04153509875520237,0.011598941459651336,0.30466910866829644,0.018716463195715304,0.004175298173855526,0.030728907296033597
W4a58e097b02affee0002,0.008038175220463049,0.007073229177122363,0.26097414835169613,0.03642487723275311,0.09049363532589481,0.04976005801045154,0.012027674556933576,0.04153509875520237,0.011598941459651336,0.30466910866829644,0.018716463195715304,0.004175298173855526,0.030728907296033597
W4a58e097b02affee0003,0.008038175220463049,0.007073229177122363,0.26097414835169613,0.03642487723275311,0.09049363532589481,0.04976005801045154,0.012027674556933576,0.04153509875520237,0.011598941459651336,0.30466910866829644,0.018716463195715304,0.004175298173855526,0.030728907296033597
W4a58e097b02affee0004,0.008038175220463049,0.007073229177122363,0.26097414835169613,0.03642487723275311,0.09049363532589481,0.04976005801045154,0.012027674556933576,0.04153509875520237,0.011598941459651336,0.30466910866829644,0.018716463195715304,0.004175298173855526,0.030728907296033597
W4a58e097b02affee0005,0.008038175220463049,0.007073229177122363,0.26097414835169613,0.03642487723275311,0.09049363532589481,0.04976005801045154,0.012027674556933576,0.04153509875520237,0.011598941459651336,0.30466910866829644,0.018716463195715304,0.004175298173855526,0.030728907296033597
W4a58e097b02affee0006,0.008038175220463049,0.007073229177122363,0.26097414835169613,0.03642487723275311,0.09049363532589481,0.04976005801045154,0.012027674556933576,0.04153509875520237,0.011598941459651336,0.30466910866829644,0.018716463195715304,0.004175298173855526,0.030728907296033597
W4c18d806976b77260000,0.004512799371175275,0.006420889898244223,0.13017614648341524,0.06133396590797194,0.02168351343697764,0.10146481223566323,0.33872904944345567,0.011103275431168548,0.005330168546795721,0.01596412933566376,0.02507760162720328,0.004687945332935272,0.058701004898995005
W4c18d806976b77260001,0.004512799371175275,0.006420889898244223,0.13017614648341524,0.06133396590797194,0.02168351343697764,0.10146481223566323,0.33872904944345567,0.011103275431168548,0.005330168546795721,0.01596412933566376,0.02507760162720328,0.004687945332935272,0.058701004898995005
W4c18d806976b77260002,0.004512799371175275,0.006420889898244223,0.13017614648341524,0.06133396590797194,0.02168351343697764,0.10146481223566323,0.33872904944345567,0.011103275431168548,0.005330168546795721,0.01596412933566376,0.02507760162720328,0.004687945332935272,0.058701004898995005
W4c18d806976b77260003,0.004512799371175275,0.006420889898244223,0.13017614648341524,0.06133396590797194,0.02168351343697764,0.10146481223566323,0.33872904944345567,0.011103275431168548,0.005330168546795721,0.01596412933566376,0.02507760162720328,0.004687945332935272,0.058701004898995005
W4c18d806976b77260004,0.004512799371175275,0.006420889898244223,0.13017614648341524,0.06133396590797194,0.02168351343697764,0.10146481223566323,0.33872904944345567,0.011103275431168548,0.005330168546795721,0.01596412933566376,0.02507760162720328,0.004687945332935272,0.058701004898995005
W4c18d806976b77260005,0.004512799371175275,0.006420889898244223,0.13017614648341524,0.06133396590797194,0.02168351343697764,0.10146481223566323,0.33872904944345567,0.011103275431168548,0.005330168546795721,0.01596412933566376,0.02507760162720328,0.004687945332935272,0.058701004898995005
W4c18d806976b77260006,0.004512799371175275,0.006420889898244223,0.13017614648341524,0.06133396590797194,0.02168351343697764,0.10146481223566323,0.33872904944345567,0.011103275431168548,0.005330168546795721,0.01596412933566376,0.02507760162720328,0.004687945332935272,0.058701004898995005
W4d47f4ab363886280000,0.005941370870775458,0.0005078173677210464,0.06947860595513797,0.2648865194386767,0.17519917057881687,0.3927053851327756,0.030559074150029186,0.0009181030677331477,0.0020815523904597548,0.0024176281948038586,0.003002025609201882,0.041002703000208134,0.008264506004430907
W4d47f4ab363886280001,0.005941370870775458,0.0005078173677210464,0.06947860595513797,0.2648865194386767,0.17519917057881687,0.3927053851327756,0.030559074150029186,0.0009181030677331477,0.0020815523904597548,0.0024176281948038586,0.003002025609201882,0.041002703000208134,0.008264506004430907
W4d47f4ab363886280002,0.005941370870775458,0.0005078173677210464,0.06947860595513797,0.2648865194386767,0.17519917057881687,0.3927053851327756,0.030559074150029186,0.0009181030677331477,0.0020815523904597548,0.0024176281948038586,0.003002025609201882,0.041002703000208134,0.008264506004430907
W4d47f4ab363886280003,0.005941370870775458,0.0005078173677210464,0.06947860595513797,0.2648865194386767,0.17519917057881687,0.3927053851327756,0.030559074150029186,0.0009181030677331477,0.0020815523904597548,0.0024176281948038586,0.003002025609201882,0.041002703000208134,0.008264506004430907
W4d47f4ab363886280004,0.005941370870775458,0.0005078173677210464,0.06947860595513797,0.2648865194386767,0.17519917057881687,0.3927053851327756,0.030559074150029186,0.0009181030677331477,0.0020815523904597548,0.0024176281948038586,0.003002025609201882,0.041002703000208134,0.008264506004430907
W4d47f4ab363886280005,0.005941370870775458,0.0005078173677210464,0.06947860595513797,0.2648865194386767,0.17519917057881687,0.3927053851327756,0.030559074150029186,0.0009181030677331477,0.0020815523904597548,0.0024176281948038586,0.003002025609201882,0.041002703000208134,0.008264506004430907
W4d47f4ab363886280006,0.005941370870775458,0.0005078173677210464,0.06947860595513797,0.2648865194386767,0.17519917057881687,0.3927053851327756,0.030559074150029186,0.0009181030677331477,0.0020815523904597548,0.0024176281948038586,0.003002025609201882,0.041002703000208134,0.008264506004430907
W4db21bcac263f5970000,0.014177577384625195,0.0025486337783067127,0.015488364279128386,0.018751616616737497,0.050508784347386086,0.019401943008907695,0.01198303083270613,0.6811099610860574,0.004943938380672861,0.03737570195484531,0.005757187640225951,0.006349468089388414,0.03759677299158522
W4db21bcac263f5970001,0.014177577384625195,0.0025486337783067127,0.015488364279128386,0.018751616616737497,0.050508784347386086,0.019401943008907695,0.01198303083270613,0.6811099610860574,0.004943938380672861,0.03737570195484531,0.005757187640225951,0.006349468089388414,0.03759677299158522
W4db21bcac263f5970002,0.014177577384625195,0.0025486337783067127,0.015488364279128386,0.018751616616737497,0.050508784347386086,0.019401943008907695,0.01198303083270613,0.6811099610860574,0.004943938380672861,0.03737570195484531,0.005757187640225951,0.006349468089388414,0.03759677299158522
W4db21bcac263f5970003,0.014177577384625195,0.0025486337783067127,0.015488364279128386,0.018751616616737497,0.050508784347386086,0.019401943008907695,0.01198303083270613,0.6811099610860574,0.004943938380672861,0.03737570195484531,0.005757187640225951,0.006349468089388414,0.03759677299158522
W4db21bcac263f5970004,0.014177577384625195,0.0025486337783067127,0.015488364279128386,0.018751616616737497,0.050508784347386086,0.019401943008907695,0.01198303083270613,0.6811099610860574,0.004943938380672861,0.03737570195484531,0.005757187640225951,0.006349468089388414,0.03759677299158522
W4db21bcac263f5970005,0.014177577384625195,0.0025486337783067127,0.015488364279128386,0.018751616616737497,0.050508784347386086,0.019401943008907695,0.01198303083270613,0.6811099610860574,0.004943938380672861,0.03737570195484531,0.005757187640225951,0.006349468089388414,0.03759677299158522
W4db21bcac263f5970006,0.014177577384625195,0.0025486337783067127,0.015488364279128386,0.018751616616737497,0.050508784347386086,0.019401943008907695,0.01198303083270613,0.6811099610860574,0.004943938380672861,0.03737570195484531,0.005757187640225951,0.006349468089388414,0.03759677299158522
W50234e213d2d407e0000,0.013133562985538461,0.09067610810824311,0.018380012243077185,0.016096541605509457,0.013856352887124612,0.05929354877971322,0.7196623850011378,0.003608836252765735,0.0024681438135064258,0.007072577986106011,0.019037256115204237,0.015280299889256882,0.008803203994555408
W50234e213d2d407e0001,0.013133562985538461,0.09067610810824311,0.018380012243077185,0.016096541605509457,0.013856352887124612,0.05929354877971322,0.7196623850011378,0.003608836252765735,0.0024681438135064258,0.007072577986106011,0.019037256115204237,0.015280299889256882,0.008803203994555408
W50234e213d2d407e0002,0.013133562985538461,0.09067610810824311,0.018380012243077185,0.016096541605509457,0.013856352887124612,0.05929354877971322,0.7196623850011378,0.003608836252765735,0.0024681438135064258,0.007072577986106011,0.019037256115204237,0.015280299889256882,0.008803203994555408
W50234e213d2d407e0003,0.013133562985538461,0.09067610810824311,0.018380012243077185,0.016096541605509457,0.013856352887124612,0.05929354877971322,0.7196623850011378,0.003608836252765735,0.0024681438135064258,0.007072577986106011,0.019037256115204237,0.015280299889256882,0.008803203994555408
W50234e213d2d407e0004,0.013133562985538461,0.09067610810824311,0.018380012243077185,0.016096541605509457,0.013856352887124612,0.05929354877971322,0.7196623850011378,0.003608836252765735,0.0024681438135064258,0.007072577986106011,0.019037256115204237,0.015280299889256882,0.008803203994555408
W50234e213d2d407e0005,0.013133562985538461,0.09067610810824311,0.018380012243077185,0.016096541605509457,0.013856352887124612,0.05929354877971322,0.7196623850011378,0.003608836252765735,0.0024681438135064258,0.007072577986106011,0.019037256115204237,0.015280299889256882,0.008803203994555408
W50234e213d2d407e0006,0.013133562985538461,0.09067610810824311,0.018380012243077185,0.016096541605509457,0.013856352887124612,0.05929354877971322,0.7196623850011378,0.003608836252765735,0.0024681438135064258,0.007072577986106011,0.019037256115204237,0.015280299889256882,0.008803203994555408
W524e3e385f318ae50000,0.006880928154033894,0.001030917929746258,0.11242568132633687,0.06273704177802977,0.01735049525896331,0.011440460912479848,0.0063529319413367724,0.04180931851167101,0.17612152742266293,0.14353543717264708,0.17453360159024245,0.0015649331023277941,0.00736354053255945
W524e3e385f318ae50001,0.006880928154033894,0.001030917929746258,0.11242568132633687,0.06273704177802977,0.01735049525896331,0.011440460912479848,0.0063529319413367724,0.04180931851167101,0.17612152742266293,0.14353543717264708,0.17453360159024245,0.0015649331023277941,0.00736354053255945
W524e3e385f318ae50002,0.006880928154033894,0.001030917929746258,0.11242568132633687,0.06273704177802977,0.01735049525896331,0.011440460912479848,0.0063529319413367724,0.04180931851167101,0.17612152742266293,0.14353543717264708,0.17453360159024245,0.0015649331023277941,0.00736354053255945
W524e3e385f318ae50003,0.006880928154033894,0.001030917929746258,0.11242568132633687,0.06273704177802977,0.01735049525896331,0.011440460912479848,0.0063529319413367724,0.04180931851167101,0.17612152742266293,0.14353543717264708,0.17453360159024245,0.0015649331023277941,0.00736354053255945
W524e3e385f318ae50004,0.006880928154033894,0.001030917929746258,0.11242568132633687,0.06273704177802977,0.01735049525896331,0.011440460912479848,0.0063529319413367724,0.04180931851167101,0.17612152742266293,0.14353543717264708,0.17453360159024245,0.0015649331023277941,0.00736354053255945
W524e3e385f318ae50005,0.006880928154033894,0.001030917929746258,0.11242568132633687,0.06273704177802977,0.01735049525896331,0.011440460912479848,0.0063529319413367724,0.04180931851167101,0.17612152742266293,0.14353543717264708,0.17453360159024245,0.0015649331023277941,0.00736354053255945
W524e3e385f318ae50006,0.006880928154033894,0.001030917929746258,0.11242568132633687,0.06273704177802977,0.01735049525896331,0.011440460912479848,0.0063529319413367724,0.04180931851167101,0.17612152742266293,0.14353543717264708,0.17453360159024245,0.0015649331023277941,0.00736354053255945
W534b20232e0659880000,0.05439681896999063,0.004929387624041352,0.05443784364891,0.03568269886379936,0.623595671953117,0.023522708150841537,0.041934176525923,0.02021321828757361,0.005259828914231064,0.036151559633130236,0.0026880264233660263,0.03122742393916731,0.03192004830623799
W534b20232e0659880001,0.05439681896999063,0.004929387624041352,0.05443784364891,0.03568269886379936,0.623595671953117,0.023522708150841537,0.041934176525923,0.02021321828757361,0.005259828914231064,0.036151559633130236,0.0026880264233660263,0.03122742393916731,0.03192004830623799
W534b20232e0659880002,0.05439681896999063,0.004929387624041352,0.05443784364891,0.03568269886379936,0.623595671953117,0.023522708150841537,0.041934176525923,0.02021321828757361,0.005259828914231064,0.036151559633130236,0.0026880264233660263,0.03122742393916731,0.03192004830623799
W534b20232e0659880003,0.05439681896999063,0.004929387624041352,0.05443784364891,0.03568269886379936,0.623595671953117,0.023522708150841537,0.041934176525923,0.02021321828757361,0.005259828914231064,0.036151559633130236,0.0026880264233660263,0.03122742393916731,0.03192004830623799
W534b20232e0659880004,0.05439681896999063,0.004929387624041352,0.05443784364891,0.03568269886379936,0.623595671953117,0.023522708150841537,0.041934176525923,0.02021321828757361,0.005259828914231064,0.036151559633130236,0.0026880264233660263,0.03122742393916731,0.03192004830623799
W534b20232e0659880005,0.05439681896999063,0.004929387624041352,0.05443784364891,0.03568269886379936,0.623595671953117,0.023522708150841537,0.041934176525923,0.02021321828757361,0.005259828914231064,0.036151559633130236,0.0026880264233660263,0.03122742393916731,0.03192004830623799
W534b20232e0659880006,0.05439681896999063,0.004929387624041352,0.05443784364891,0.03568269886379936,0.623595671953117,0.023522708150841537,0.041934176525923,0.02021321828757361,0.005259828914231064,0.036151559633130236,0.0026880264233660263,0.03122742393916731,0.03192004830623799
W54ad0480a569cb320000,0.002264941046430813,0.8026902047418352,0.001531952302227439,0.0014143659322048135,0.001659919021363387,0.00030184195503136927,0.0027519556944673785,0.016778263415963775,0.1309859113803321,0.0018944907043229266,0.029189723622535663,0.0018347552302465202,0.002030716255424968
W54ad0480a569cb320001,0.002264941046430813,0.8026902047418352,0.001531952302227439,0.0014143659322048135,0.001659919021363387,0.00030184195503136927,0.0027519556944673785,0.016778263415963775,0.1309859113803321,0.0018944907043229266,0.029189723622535663,0.0018347552302465202,0.002030716255424968
W54ad0480a569cb320002,0.002264941046430813,0.8026902047418352,0.001531952302227439,0.0014143659322048135,0.001659919021363387,0.00030184195503136927,0.0027519556944673785,0.016778263415963775,0.1309859113803321,0.0018944907043229266,0.029189723622535663,0.0018347552302465202,0.002030716255424968
W54ad0480a569cb320003,0.002264941046430813,0.8026902047418352,0.001531952302227439,0.0014143659322048135,0.001659919021363387,0.00030184195503136927,0.0027519556944673785,0.016778263415963775,0.1309859113803321,0.0018944907043229266,0.029189723622535663,0.0018347552302465202,0.002030716255424968
W54ad0480a569cb320004,0.002264941046430813,0.8026902047418352,0.001531952302227439,0.0014143659322048135,0.001659919021363387,0.00030184195503136927,0.0027519556944673785,0.016778263415963775,0.1309859113803321,0.0018944907043229266,0.029189723622535663,0.0018347552302465202,0.002030716255424968
W54ad0480a569cb320005,0.002264941046430813,0.8026902047418352,0.001531952302227439,0.0014143659322048135,0.001659919021363387,0.00030184195503136927,0.0027519556944673785,0.016778263415963775,0.1309859113803321,0.0018944907043229266,0.029189723622535663,0.0018347552302465202,0.002030716255424968
W54ad0480a569cb320006,0.002264941046430813,0.8026902047418352,0.001531952302227439,0.0014143659322048135,0.001659919021363387,0.00030184195503136927,0.0027519556944673785,0.016778263415963775,0.1309859113803321,0.0018944907043229266,0.029189723622535663,0.0018347552302465202,0.002030716255424968
W54bebce4609783090000,0.00036950081480747543,0.9492265927827899,0.0008974854265115849,0.0005508254739249052,0.00017582376413123238,0.0009690722956534305,0.0036677278020175665,0.0005611322180772425,0.03086091460640562,0.00042426834129156277,0.006216092130699175,0.0010121477887316869,0.0018390124423478108
W54bebce4609783090001,0.00036950081480747543,0.9492265927827899,0.0008974854265115849,0.0005508254739249052,0.00017582376413123238,0.0009690722956534305,0.0036677278020175665,0.0005611322180772425,0.03086091460640562,0.00042426834129156277,0.006216092130699175,0.0010121477887316869,0.0018390124423478108
W54bebce4609783090002,0.00036950081480747543,0.9492265927827899,0.0008974854265115849,0.0005508254739249052,0.00017582376413123238,0.0009690722956534305,0.0036677278020175665,0.0005611322180772425,0.03086091460640562,0.00042426834129156277,0.006216092130699175,0.0010121477887316869,0.0018390124423478108
W54bebce4609783090003,0.00036950081480747543,0.9492265927827899,0.0008974854265115849,0.0005508254739249052,0.00017582376413123238,0.0009690722956534305,0.0036677278020175665,0.0005611322180772425,0.03086091460640562,0.00042426834129156277,0.006216092130699175,0.0010121477887316869,0.0018390124423478108
W54bebce4609783090004,0.00036950081480747543,0.9492265927827899,0.0008974854265115849,0.0005508254739249052,0.00017582376413123238,0.0009690722956534305,0.0036677278020175665,0.0005611322180772425,0.03086091460640562,0.00042426834129156277,0.006216092130699175,0.0010121477887316869,0.0018390124423478108
W54bebce4609783090005,0.00036950081480747543,0.9492265927827899,0.0008974854265115849,0.0005508254739249052,0.00017582376413123238,0.0009690722956534305,0.0036677278020175665,0.0005611322180772425,0.03086091460640562,0.00042426834129156277,0.006216092130699175,0.0010121477887316869,0.0018390124423478108
W54bebce4609783090006,0.00036950081480747543,0.9492265927827899,0.0008974854265115849,0.0005508254739249052,0.00017582376413123238,0.0009690722956534305,0.0036677278020175665,0.0005611322180772425,0.03086091460640562,0.00042426834129156277,0.006216092130699175,0.0010121477887316869,0.0018390124423478108
W54ee2ed2c75bc2f50000,0.010469808999182718,0.6386279832963512,0.020332488847423138,0.012240841913534225,0.015733548445607214,0.07584259569982617,0.05185778880572693,0.004658336020909168,0.0002361544368385881,0.008164814611581583,0.01792887289451733,0.10077163028277582,0.01742651458382827
W54ee2ed2c75bc2f50001,0.010469808999182718,0.6386279832963512,0.020332488847423138,0.012240841913534225,0.015733548445607214,0.07584259569982617,0.05185778880572693,0.004658336020909168,0.0002361544368385881,0.008164814611581583,0.01792887289451733,0.10077163028277582,0.01742651458382827
W54ee2ed2c75bc2f50002,0.010469808999182718,0.6386279832963512,0.020332488847423138,0.012240841913534225,0.015733548445607214,0.07584259569982617,0.05185778880572693,0.004658336020909168,0.0002361544368385881,0.008164814611581583,0.01792887289451733,0.10077163028277582,0.01742651458382827
W54ee2ed2c75bc2f50003,0.010469808999182718,0.6386279832963512,0.020332488847423138,0.012240841913534225,0.015733548445607214,0.07584259569982617,0.05185778880572693,0.004658336020909168,0.0002361544368385881,0.008164814611581583,0.01792887289451733,0.10077163028277582,0.01742651458382827
W54ee2ed2c75bc2f50004,0.010469808999182718,0.6386279832963512,0.020332488847423138,0.012240841913534225,0.015733548445607214,0.07584259569982617,0.05185778880572693,0.004658336020909168,0.0002361544368385881,0.008164814611581583,0.01792887289451733,0.10077163028277582,0.01742651458382827
W54ee2ed2c75bc2f50005,0.010469808999182718,0.6386279832963512,0.020332488847423138,0.012240841913534225,0.015733548445607214,0.07584259569982617,0.05185778880572693,0.004658336020909168,0.0002361544368385881,0.008164814611581583,0.01792887289451733,0.10077163028277582,0.01742651458382827
W54ee2ed2c75bc2f50006,0.010469808999182718,0.6386279832963512,0.020332488847423138,0.012240841913534225,0.015733548445607214,0.07584259569982617,0.05185778880572693,0.004658336020909168,0.0002361544368385881,0.008164814611581583,0.01792887289451733,0.10077163028277582,0.01742651458382827
W55036d5bf29e8bf00000,0.0010725840750276689,0.0012863764775694424,0.012434458483792302,0.007382863072110026,0.008801672485364622,0.0022375201713717963,0.00918196556704521,0.01958770078463521,0.04862883331644635,0.07189500982278917,0.18680444565098944,0.008204435154031244,0.015343071975040087
W55036d5bf29e8bf00001,0.0010725840750276689,0.0012863764775694424,0.012434458483792302,0.007382863072110026,0.008801672485364622,0.0022375201713717963,0.00918196556704521,0.01958770078463521,0.04862883331644635,0.07189500982278917,0.18680444565098944,0.008204435154031244,0.015343071975040087
W55036d5bf29e8bf00002,0.0010725840750276689,0.0012863764775694424,0.012434458483792302,0.007382863072110026,0.008801672485364622,0.0022375201713717963,0.00918196556704521,0.01958770078463521,0.04862883331644635,0.07189500982278917,0.18680444565098944,0.008204435154031244,0.015343071975040087
W55036d5bf29e8bf00003,0.0010725840750276689,0.0012863764775694424,0.012434458483792302,0.007382863072110026,0.008801672485364622,0.0022375201713717963,0.00918196556704521,0.01958770078463521,0.04862883331644635,0.07189500982278917,0.18680444565098944,0.008204435154031244,0.015343071975040087
W55036d5bf29e8bf00004,0.0010725840750276689,0.0012863764775694424,0.012434458483792302,0.007382863072110026,0.008801672485364622,0.0022375201713717963,0.00918196556704521,0.01958770078463521,0.04862883331644635,0.07189500982278917,0.18680444565098944,0.008204435154031244,0.015343071975040087
W55036d5bf29e8bf00005,0.0010725840750276689,0.0012863764775694424,0.012434458483792302,0.007382863072110026,0.008801672485364622,0.0022375201713717963,0.00918196556704521,0.01958770078463521,0.04862883331644635,0.07189500982278917,0.18680444565098944,0.008204435154031244,0.015343071975040087
W55036d5bf29e8bf00006,0.0010725840750276689,0.0012863764775694424,0.012434458483792302,0.007382863072110026,0.008801672485364622,0.0022375201713717963,0.00918196556704521,0.01958770078463521,0.04862883331644635,0.07189500982278917,0.18680444565098944,0.008204435154031244,0.015343071975040087
W55377da729846c8b0000,0.007080878097271806,0.0010567402825504447,0.013860826340099771,0.007009247757383781,0.026154182284356172,0.010165995635632868,0.0037645643600475206,0.0315571372958836,0.4280373419128006,0.293695562653812,0.09511183922957667,0.0028734816773281274,0.009026685695350539
W55377da729846c8b0001,0.007080878097271806,0.0010567402825504447,0.013860826340099771,0.007009247757383781,0.026154182284356172,0.010165995635632868,0.0037645643600475206,0.0315571372958836,0.4280373419128006,0.293695562653812,0.09511183922957667,0.0028734816773281274,0.009026685695350539
W55377da729846c8b0002,0.007080878097271806,0.0010567402825504447,0.013860826340099771,0.007009247757383781,0.026154182284356172,0.010165995635632868,0.0037645643600475206,0.0315571372958836,0.4280373419128006,0.293695562653812,0.09511183922957667,0.0028734816773281274,0.009026685695350539
W55377da729846c8b0003,0.007080878097271806,0.0010567402825504447,0.013860826340099771,0.007009247757383781,0.026154182284356172,0.010165995635632868,0.0037645643600475206,0.0315571372958836,0.4280373419128006,0.293695562653812,0.09511183922957667,0.0028734816773281274,0.009026685695350539
W55377da729846c8b0004,0.007080878097271806,0.0010567402825504447,0.013860826340099771,0.007009247757383781,0.026154182284356172,0.010165995635632868,0.0037645643600475206,0.0315571372958836,0.4280373419128006,0.293695562653812,0.09511183922957667,0.0028734816773281274,0.009026685695350539
W55377da729846c8b0005,0.007080878097271806,0.0010567402825504447,0.013860826340099771,0.007009247757383781,0.026154182284356172,0.010165995635632868,0.0037645643600475206,0.0315571372958836,0.4280373419128006,0.293695562653812,0.09511183922957667,0.0028734816773281274,0.009026685695350539
W55377da729846c8b0006,0.007080878097271806,0.0010567402825504447,0.013860826340099771,0.007009247757383781,0.026154182284356172,0.010165995635632868,0.0037645643600475206,0.0315571372958836,0.4280373419128006,0.293695562653812,0.09511183922957667,0.0028734816773281274,0.009026685695350539
W5626f48fb9a65fd30000,0.01154195915154157,0.007315054626235168,0.08498382279696519,0.05183772272544999,0.040799728225439605,0.013028505753734066,0.03472398650092296,0.022382498947343135,0.017405942952133203,0.051504930384849705,0.1892630983946241,0.006716490565481608,0.020180028244237404
W5626f48fb9a65fd30001,0.01154195915154157,0.007315054626235168,0.08498382279696519,0.05183772272544999,0.040799728225439605,0.013028505753734066,0.03472398650092296,0.022382498947343135,0.017405942952133203,0.051504930384849705,0.1892630983946241,0.006716490565481608,0.020180028244237404
W5626f48fb9a65fd30002,0.01154195915154157,0.007315054626235168,0.08498382279696519,0.05183772272544999,0.040799728225439605,0.013028505753734066,0.03472398650092296,0.022382498947343135,0.017405942952133203,0.051504930384849705,0.1892630983946241,0.006716490565481608,0.020180028244237404
W5626f48fb9a65fd30003,0.01154195915154157,0.007315054626235168,0.08498382279696519,0.05183772272544999,0.040799728225439605,0.013028505753734066,0.03472398650092296,0.022382498947343135,0.017405942952133203,0.051504930384849705,0.1892630983946241,0.006716490565481608,0.020180028244237404
W5626f48fb9a65fd30004,0.01154195915154157,0.007315054626235168,0.08498382279696519,0.05183772272544999,0.040799728225439605,0.013028505753734066,0.03472398650092296,0.022382498947343135,0.017405942952133203,0.051504930384849705,0.1892630983946241,0.006716490565481608,0.020180028244237404
W5626f48fb9a65fd30005,0.01154195915154157,0.007315054626235168,0.08498382279696519,0.05183772272544999,0.040799728225439605,0.013028505753734066,0.03472398650092296,0.022382498947343135,0.017405942952133203,0.051504930384849705,0.1892630983946241,0.006716490565481608,0.020180028244237404
W5626f48fb9a65fd30006,0.01154195915154157,0.007315054626235168,0.08498382279696519,0.05183772272544999,0.040799728225439605,0.013028505753734066,0.03472398650092296,0.022382498947343135,0.017405942952133203,0.051504930384849705,0.1892630983946241,0.006716490565481608,0.020180028244237404
W56ea264a95a55a780000,0.009222806097565607,0.003105315638276236,0.23862556696855272,0.1542926007927723,0.10293855131223796,0.06684005747808525,0.01282701666587821,0.3240406266872294,0.0057626482796188545,0.01994952994555334,0.010437954834104255,0.016404509755985563,0.013227147405217606
W56ea264a95a55a780001,0.009222806097565607,0.003105315638276236,0.23862556696855272,0.1542926007927723,0.10293855131223796,0.06684005747808525,0.01282701666587821,0.3240406266872294,0.0057626482796188545,0.01994952994555334,0.010437954834104255,0.016404509755985563,0.013227147405217606
W56ea264a95a55a780002,0.009222806097565607,0.003105315638276236,0.23862556696855272,0.1542926007927723,0.10293855131223796,0.06684005747808525,0.01282701666587821,0.3240406266872294,0.0057626482796188545,0.01994952994555334,0.010437954834104255,0.016404509755985563,0.013227147405217606
W56ea264a95a55a780003,0.009222806097565607,0.003105315638276236,0.23862556696855272,0.1542926007927723,0.10293855131223796,0.06684005747808525,0.01282701666587821,0.3240406266872294,0.0057626482796188545,0.01994952994555334,0.010437954834104255,0.016404509755985563,0.013227147405217606
W56ea264a95a55a780004,0.009222806097565607,0.003105315638276236,0.23862556696855272,0.1542926007927723,0.10293855131223796,0.06684005747808525,0.01282701666587821,0.3240406266872294,0.0057626482796188545,0.01994952994555334,0.010437954834104255,0.016404509755985563,0.013227147405217606
W56ea264a95a55a780005,0.009222806097565607,0.003105315638276236,0.23862556696855272,0.1542926007927723,0.10293855131223796,0.06684005747808525,0.01282701666587821,0.3240406266872294,0.0057626482796188545,0.01994952994555334,0.010437954834104255,0.016404509755985563,0.013227147405217606
W56ea264a95a55a780006,0.009222806097565607,0.003105315638276236,0.23862556696855272,0.1542926007927723,0.10293855131223796,0.06684005747808525,0.01282701666587821,0.3240406266872294,0.0057626482796188545,0.01994952994555334,0.010437954834104255,0.016404509755985563,0.013227147405217606
W59dad39ee79c5ee60000,0.00023406743003569574,7.084655052065975e-05,0.0019997886522205082,0.0004363673281200962,0.0014611015304322721,0.38020150822119647,7.733156582291848e-05,0.00013311034848669217,0.0001146589416494241,0.00011645306594572508,0.00013122440229184447,0.5997755941902598,0.015112744820980498
W59dad39ee79c5ee60001,0.00023406743003569574,7.084655052065975e-05,0.0019997886522205082,0.0004363673281200962,0.0014611015304322721,0.38020150822119647,7.733156582291848e-05,0.00013311034848669217,0.0001146589416494241,0.00011645306594572508,0.00013122440229184447,0.5997755941902598,0.015112744820980498
W59dad39ee79c5ee60002,0.00023406743003569574,7.084655052065975e-05,0.0019997886522205082,0.0004363673281200962,0.0014611015304322721,0.38020150822119647,7.733156582291848e-05,0.00013311034848669217,0.0001146589416494241,0.00011645306594572508,0.00013122440229184447,0.5997755941902598,0.015112744820980498
W59dad39ee79c5ee60003,0.00023406743003569574,7.084655052065975e-05,0.0019997886522205082,0.0004363673281200962,0.0014611015304322721,0.38020150822119647,7.733156582291848e-05,0.00013311034848669217,0.0001146589416494241,0.00011645306594572508,0.00013122440229184447,0.5997755941902598,0.015112744820980498
W59dad39ee79c5ee60004,0.00023406743003569574,7.084655052065975e-05,0.0019997886522205082,0.0004363673281200962,0.0014611015304322721,0.38020150822119647,7.733156582291848e-05,0.00013311034848669217,0.0001146589416494241,0.00011645306594572508,0.00013122440229184447,0.5997755941902598,0.015112744820980498
W59dad39ee79c5ee60005,0.00023406743003569574,7.084655052065975e-05,0.0019997886522205082,0.0004363673281200962,0.0014611015304322721,0.38020150822119647,7.733156582291848e-05,0.00013311034848669217,0.0001146589416494241,0.00011645306594572508,0.00013122440229184447,0.5997755941902598,0.015112744820980498
W59dad39ee79c5ee60006,0.00023406743003569574,7.084655052065975e-05,0.0019997886522205082,0.0004363673281200962,0.0014611015304322721,0.38020150822119647,7.733156582291848e-05,0.00013311034848669217,0.0001146589416494241,0.00011645306594572508,0.00013122440229184447,0.5997755941902598,0.015112744820980498
W5a0d1356e71f9a420000,0.9533678130743457,0.00411302239067654,0.0003386975876380827,0.0013423847975823258,0.0025020489854871795,0.001052523608722303,2.0723247269200214e-05,0.012820763189468993,0.00023522330240723706,0.010887310096435211,3.869763389145987e-05,0.007180064136246411,0.0021118836327996787
W5a0d1356e71f9a420001,0.9533678130743457,0.00411302239067654,0.0003386975876380827,0.0013423847975823258,0.0025020489854871795,0.001052523608722303,2.0723247269200214e-05,0.012820763189468993,0.00023522330240723706,0.010887310096435211,3.869763389145987e-05,0.007180064136246411,0.0021118836327996787
W5a0d1356e71f9a420002,0.9533678130743457,0.00411302239067654,0.0003386975876380827,0.0013423847975823258,0.0025020489854871795,0.001052523608722303,2.0723247269200214e-05,0.012820763189468993,0.00023522330240723706,0.010887310096435211,3.869763389145987e-05,0.007180064136246411,0.0021118836327996787
W5a0d1356e71f9a420003,0.9533678130743457,0.00411302239067654,0.0003386975876380827,0.0013423847975823258,0.0025020489854871795,0.001052523608722303,2.0723247269200214e-05,0.012820763189468993,0.00023522330240723706,0.010887310096435211,3.869763389145987e-05,0.007180064136246411,0.0021118836327996787
W5a0d1356e71f9a420004,0.9533678130743457,0.00411302239067654,0.0003386975876380827,0.0013423847975823258,0.0025020489854871795,0.001052523608722303,2.0723247269200214e-05,0.012820763189468993,0.00023522330240723706,0.010887310096435211,3.869763389145987e-05,0.007180064136246411,0.0021118836327996787
W5a0d1356e71f9a420005,0.9533678130743457,0.00411302239067654,0.0003386975876380827,0.0013423847975823258,0.0025020489854871795,0.001052523608722303,2.0723247269200214e-05,0.012820763189468993,0.00023522330240723706,0.010887310096435211,3.869763389145987e-05,0.007180064136246411,0.0021118836327996787
W5a0d1356e71f9a420006,0.9533678130743457,0.00411302239067654,0.0003386975876380827,0.0013423847975823258,0.0025020489854871795,0.001052523608722303,2.0723247269200214e-05,0.012820763189468993,0.00023522330240723706,0.010887310096435211,3.869763389145987e-05,0.007180064136246411,0.0021118836327996787
W5af5022a25493e0f0000,0.0056484157545274695,0.0026997170656891316,0.034787080044344255,0.0982567276197948,0.6404073061368499,0.044912833792315976,0.10206862794915142,0.00794523514762149,0.002237451685208538,0.00788537589442775,0.004566790936343528,0.021404900661690488,0.010122251560046218
W5af5022a25493e0f0001,0.0056484157545274695,0.0026997170656891316,0.034787080044344255,0.0982567276197948,0.6404073061368499,0.044912833792315976,0.10206862794915142,0.00794523514762149,0.002237451685208538,0.00788537589442775,0.004566790936343528,0.021404900661690488,0.010122251560046218
W5af5022a25493e0f0002,0.0056484157545274695,0.0026997170656891316,0.034787080044344255,0.0982567276197948,0.6404073061368499,0.044912833792315976,0.10206862794915142,0.00794523514762149,0.002237451685208538,0.00788537589442775,0.004566790936343528,0.021404900661690488,0.010122251560046218
W5af5022a25493e0f0003,0.0056484157545274695,0.0026997170656891316,0.034787080044344255,0.0982567276197948,0.6404073061368499,0.044912833792315976,0.10206862794915142,0.00794523514762149,0.002237451685208538,0.00788537589442775,0.004566790936343528,0.021404900661690488,0.010122251560046218
W5af5022a25493e0f0004,0.0056484157545274695,0.0026997170656891316,0.034787080044344255,0.0982567276197948,0.6404073061368499,0.044912833792315976,0.10206862794915142,0.00794523514762149,0.002237451685208538,0.00788537589442775,0.004566790936343528,0.021404900661690488,0.010122251560046218
W5af5022a25493e0f0005,0.0056484157545274695,0.0026997170656891316,0.034787080044344255,0.0982567276197948,0.6404073061368499,0.044912833792315976,0.10206862794915142,0.00794523514762149,0.002237451685208538,0.00788537589442775,0.004566790936343528,0.021404900661690488,0.010122251560046218
W5af5022a25493e0f0006,0.0056484157545274695,0.0026997170656891316,0.034787080044344255,0.0982567276197948,0.6404073061368499,0.044912833792315976,0.10206862794915142,0.00794523514762149,0.002237451685208538,0.00788537589442775,0.004566790936343528,0.021404900661690488,0.010122251560046218
W5b73b129e0149fda0000,0.002530630351604258,0.9028657799175361,0.00035097962763611974,0.0016119291983900895,0.0011172671703775366,3.1599940903639534e-05,0.0006103869875552316,0.0016890945465009763,0.06403027845907046,0.0014002970585988333,0.02171478514927565,0.00036136641157305874,5.859340097740672e-05
W5b73b129e0149fda0001,0.002530630351604258,0.9028657799175361,0.00035097962763611974,0.0016119291983900895,0.0011172671703775366,3.1599940903639534e-05,0.0006103869875552316,0.0016890945465009763,0.06403027845907046,0.0014002970585988333,0.02171478514927565,0.00036136641157305874,5.859340097740672e-05
W5b73b129e0149fda0002,0.002530630351604258,0.9028657799175361,0.00035097962763611974,0.0016119291983900895,0.0011172671703775366,3.1599940903639534e-05,0.0006103869875552316,0.0016890945465009763,0.06403027845907046,0.0014002970585988333,0.02171478514927565,0.00036136641157305874,5.859340097740672e-05
W5b73b129e0149fda0003,0.002530630351604258,0.9028657799175361,0.00035097962763611974,0.0016119291983900895,0.0011172671703775366,3.1599940903639534e-05,0.0006103869875552316,0.0016890945465009763,0.06403027845907046,0.0014002970585988333,0.02171478514927565,0.00036136641157305874,5.859340097740672e-05
W5b73b129e0149fda0004,0.002530630351604258,0.9028657799175361,0.00035097962763611974,0.0016119291983900895,0.0011172671703775366,3.1599940903639534e-05,0.0006103869875552316,0.0016890945465009763,0.06403027845907046,0.0014002970585988333,0.02171478514927565,0.00036136641157305874,5.859340097740672e-05
W5b73b129e0149fda0005,0.002530630351604258,0.9028657799175361,0.00035097962763611974,0.0016119291983900895,0.0011172671703775366,3.1599940903639534e-05,0.0006103869875552316,0.0016890945465009763,0.06403027845907046,0.0014002970585988333,0.02171478514927565,0.00036136641157305874,5.859340097740672e-05
W5b73b129e0149fda0006,0.002530630351604258,0.9028657799175361,0.00035097962763611974,0.0016119291983900895,0.0011172671703775366,3.1599940903639534e-05,0.0006103869875552316,0.0016890945465009763,0.06403027845907046,0.0014002970585988333,0.02171478514927565,0.00036136641157305874,5.859340097740672e-05
W5bd5ac8deca7e9a10000,0.002825738780514666,0.0010713322169828923,0.011577503213909298,0.005296054156641792,0.01032818081170306,0.5816102580644409,0.00243437281816414,0.0010528027455591986,0.0009302541409488603,0.0017472107211116616,0.000981260257144562,0.3702166444103015,0.00675640006409253
W5bd5ac8deca7e9a10001,0.002825738780514666,0.0010713322169828923,0.011577503213909298,0.005296054156641792,0.01032818081170306,0.5816102580644409,0.00243437281816414,0.0010528027455591986,0.0009302541409488603,0.0017472107211116616,0.000981260257144562,0.3702166444103015,0.00675640006409253
W5bd5ac8deca7e9a10002,0.002825738780514666,0.0010713322169828923,0.011577503213909298,0.005296054156641792,0.01032818081170306,0.5816102580644409,0.00243437281816414,0.0010528027455591986,0.0009302541409488603,0.0017472107211116616,0.000981260257144562,0.3702166444103015,0.00675640006409253
W5bd5ac8deca7e9a10003,0.002825738780514666,0.0010713322169828923,0.011577503213909298,0.005296054156641792,0.01032818081170306,0.5816102580644409,0.00243437281816414,0.0010528027455591986,0.0009302541409488603,0.0017472107211116616,0.000981260257144562,0.3702166444103015,0.00675640006409253
W5bd5ac8deca7e9a10004,0.002825738780514666,0.0010713322169828923,0.011577503213909298,0.005296054156641792,0.01032818081170306,0.5816102580644409,0.00243437281816414,0.0010528027455591986,0.0009302541409488603,0.0017472107211116616,0.000981260257144562,0.3702166444103015,0.00675640006409253
W5bd5ac8deca7e9a10005,0.002825738780514666,0.0010713322169828923,0.011577503213909298,0.005296054156641792,0.01032818081170306,0.5816102580644409,0.00243437281816414,0.0010528027455591986,0.0009302541409488603,0.0017472107211116616,0.000981260257144562,0.3702166444103015,0.00675640006409253
W5bd5ac8deca7e9a10006,0.002825738780514666,0.0010713322169828923,0.011577503213909298,0.005296054156641792,0.01032818081170306,0.5816102580644409,0.00243437281816414,0.0010528027455591986,0.0009302541409488603,0.0017472107211116616,0.000981260257144562,0.3702166444103015,0.00675640006409253
W5cdef46cd88dc3b20000,0.003273000838952261,0.0019994373885599487,0.0609246059118162,0.06311916754239472,0.13326839817528868,0.06533283611783332,0.008801629218069859,0.4502430160084662,0.0036445438907089073,0.0217555034764067,0.008701932612750068,0.008696221724922315,0.05153042728363647
W5cdef46cd88dc3b20001,0.003273000838952261,0.0019994373885599487,0.0609246059118162,0.06311916754239472,0.13326839817528868,0.06533283611783332,0.008801629218069859,0.4502430160084662,0.0036445438907089073,0.0217555034764067,0.008701932612750068,0.008696221724922315,0.05153042728363647
W5cdef46cd88dc3b20002,0.003273000838952261,0.0019994373885599487,0.0609246059118162,0.06311916754239472,0.13326839817528868,0.06533283611783332,0.008801629218069859,0.4502430160084662,0.0036445438907089073,0.0217555034764067,0.008701932612750068,0.008696221724922315,0.05153042728363647
W5cdef46cd88dc3b20003,0.003273000838952261,0.0019994373885599487,0.0609246059118162,0.06311916754239472,0.13326839817528868,0.06533283611783332,0.008801629218069859,0.4502430160084662,0.0036445438907089073,0.0217555034764067,0.008701932612750068,0.008696221724922315,0.05153042728363647
W5cdef46cd88dc3b20004,0.003273000838952261,0.0019994373885599487,0.0609246059118162,0.06311916754239472,0.13326839817528868,0.06533283611783332,0.008801629218069859,0.4502430160084662,0.0036445438907089073,0.0217555034764067,0.008701932612750068,0.008696221724922315,0.05153042728363647
W5cdef46cd88dc3b20005,0.003273000838952261,0.0019994373885599487,0.0609246059118162,0.06311916754239472,0.13326839817528868,0.06533283611783332,0.008801629218069859,0.4502430160084662,0.0036445438907089073,0.0217555034764067,0.008701932612750068,0.008696221724922315,0.05153042728363647
W5cdef46cd88dc3b20006,0.003273000838952261,0.0019994373885599487,0.0609246059118162,0.06311916754239472,0.13326839817528868,0.06533283611783332,0.008801629218069859,0.4502430160084662,0.0036445438907089073,0.0217555034764067,0.008701932612750068,0.008696221724922315,0.05153042728363647
W5d1f49fb5c8b81eb0000,0.02715834744653842,0.015871753430543357,0.016337255747282533,0.021697294463164474,0.012855549526553716,0.02745418707521138,0.8058605123637315,0.004845285648938681,0.004528740094667041,0.014193291644662027,0.0024797002538442577,0.00923295395787701,0.015994446870102277
W5d1f49fb5c8b81eb0001,0.02715834744653842,0.015871753430543357,0.016337255747282533,0.021697294463164474,0.012855549526553716,0.02745418707521138,0.8058605123637315,0.004845285648938681,0.004528740094667041,0.014193291644662027,0.0024797002538442577,0.00923295395787701,0.015994446870102277
W5d1f49fb5c8b81eb0002,0.02715834744653842,0.015871753430543357,0.016337255747282533,0.021697294463164474,0.012855549526553716,0.02745418707521138,0.8058605123637315,0.004845285648938681,0.004528740094667041,0.014193291644662027,0.0024797002538442577,0.00923295395787701,0.015994446870102277
W5d1f49fb5c8b81eb0003,0.02715834744653842,0.015871753430543357,0.016337255747282533,0.021697294463164474,0.012855549526553716,0.02745418707521138,0.8058605123637315,0.004845285648938681,0.004528740094667041,0.014193291644662027,0.0024797002538442577,0.00923295395787701,0.015994446870102277
W5d1f49fb5c8b81eb0004,0.02715834744653842,0.015871753430543357,0.016337255747282533,0.021697294463164474,0.012855549526553716,0.02745418707521138,0.8058605123637315,0.004845285648938681,0.004528740094667041,0.014193291644662027,0.0024797002538442577,0.00923295395787701,0.015994446870102277
W5d1f49fb5c8b81eb0005,0.02715834744653842,0.015871753430543357,0.016337255747282533,0.021697294463164474,0.012855549526553716,0.02745418707521138,0.8058605123637315,0.004845285648938681,0.004528740094667041,0.014193291644662027,0.0024797002538442577,0.00923295395787701,0.015994446870102277
W5d1f49fb5c8b81eb0006,0.02715834744653842,0.015871753430543357,0.016337255747282533,0.021697294463164474,0.012855549526553716,0.02745418707521138,0.8058605123637315,0.004845285648938681,0.004528740094667041,0.014193291644662027,0.0024797002538442577,0.00923295395787701,0.015994446870102277
W5f5e9a3603056de80000,0.039070216973925584,0.004692855434979598,0.2634581511477981,0.0648961513717731,0.07884228122229192,0.04683570416134209,0.07137708525104258,0.05812680663269369,0.025301586146249156,0.026972057104763168,0.020228155237557888,0.03186948085728897,0.030242521800356414
W5f5e9a3603056de80001,0.039070216973925584,0.004692855434979598,0.2634581511477981,0.0648961513717731,0.07884228122229192,0.04683570416134209,0.07137708525104258,0.05812680663269369,0.025301586146249156,0.026972057104763168,0.020228155237557888,0.03186948085728897,0.030242521800356414
W5f5e9a3603056de80002,0.039070216973925584,0.004692855434979598,0.2634581511477981,0.0648961513717731,0.07884228122229192,0.04683570416134209,0.07137708525104258,0.05812680663269369,0.025301586146249156,0.026972057104763168,0.020228155237557888,0.03186948085728897,0.030242521800356414
W5f5e9a3603056de80003,0.039070216973925584,0.004692855434979598,0.2634581511477981,0.0648961513717731,0.07884228122229192,0.04683570416134209,0.07137708525104258,0.05812680663269369,0.025301586146249156,0.026972057104763168,0.020228155237557888,0.03186948085728897,0.030242521800356414
W5f5e9a3603056de80004,0.039070216973925584,0.004692855434979598,0.2634581511477981,0.0648961513717731,0.07884228122229192,0.04683570416134209,0.07137708525104258,0.05812680663269369,0.025301586146249156,0.026972057104763168,0.020228155237557888,0.03186948085728897,0.030242521800356414
W5f5e9a3603056de80005,0.039070216973925584,0.004692855434979598,0.2634581511477981,0.0648961513717731,0.07884228122229192,0.04683570416134209,0.07137708525104258,0.05812680663269369,0.025301586146249156,0.026972057104763168,0.020228155237557888,0.03186948085728897,0.030242521800356414
W5f5e9a3603056de80006,0.039070216973925584,0.004692855434979598,0.2634581511477981,0.0648961513717731,0.07884228122229192,0.04683570416134209,0.07137708525104258,0.05812680663269369,0.025301586146249156,0.026972057104763168,0.020228155237557888,0.03186948085728897,0.030242521800356414
W5fb8219ca01882850000,0.0020716501555951856,0.014935295409350093,0.0669414103046963,0.028816667432434488,0.04282622893952187,0.008398186938061509,0.05790003963909516,0.03997842494921749,0.0025948646225391896,0.008838844654465928,0.032199248660283876,0.014098648419628901,0.15122713292053463
W5fb8219ca01882850001,0.0020716501555951856,0.014935295409350093,0.0669414103046963,0.028816667432434488,0.04282622893952187,0.008398186938061509,0.05790003963909516,0.03997842494921749,0.0025948646225391896,0.008838844654465928,0.032199248660283876,0.014098648419628901,0.15122713292053463
W5fb8219ca01882850002,0.0020716501555951856,0.014935295409350093,0.0669414103046963,0.028816667432434488,0.04282622893952187,0.008398186938061509,0.05790003963909516,0.03997842494921749,0.0025948646225391896,0.008838844654465928,0.032199248660283876,0.014098648419628901,0.15122713292053463
W5fb8219ca01882850003,0.0020716501555951856,0.014935295409350093,0.0669414103046963,0.028816667432434488,0.04282622893952187,0.008398186938061509,0.05790003963909516,0.03997842494921749,0.0025948646225391896,0.008838844654465928,0.032199248660283876,0.014098648419628901,0.15122713292053463
W5fb8219ca01882850004,0.0020716501555951856,0.014935295409350093,0.0669414103046963,0.028816667432434488,0.04282622893952187,0.008398186938061509,0.05790003963909516,0.03997842494921749,0.0025948646225391896,0.008838844654465928,0.032199248660283876,0.014098648419628901,0.15122713292053463
W5fb8219ca01882850005,0.0020716501555951856,0.014935295409350093,0.0669414103046963,0.028816667432434488,0.04282622893952187,0.008398186938061509,0.05790003963909516,0.03997842494921749,0.0025948646225391896,0.008838844654465928,0.032199248660283876,0.014098648419628901,0.15122713292053463
W5fb8219ca01882850006,0.0020716501555951856,0.014935295409350093,0.0669414103046963,0.028816667432434488,0.04282622893952187,0.008398186938061509,0.05790003963909516,0.03997842494921749,0.0025948646225391896,0.008838844654465928,0.032199248660283876,0.014098648419628901,0.15122713292053463
W5ffdedad0bc160500000,0.8065465567423139,0.0902227394789514,0.0031939437968108,0.01438661457507382,0.004069833796986166,0.014705152288737896,0.0021454432399499374,0.0007379090793358299,0.0007487484559496336,0.020464774298466347,0.004290242036748995,0.02279150158475992,0.005672228064130708
W5ffdedad0bc160500001,0.8065465567423139,0.0902227394789514,0.0031939437968108,0.01438661457507382,0.004069833796986166,0.014705152288737896,0.0021454432399499374,0.0007379090793358299,0.0007487484559496336,0.020464774298466347,0.004290242036748995,0.02279150158475992,0.005672228064130708
W5ffdedad0bc160500002,0.8065465567423139,0.0902227394789514,0.0031939437968108,0.01438661457507382,0.004069833796986166,0.014705152288737896,0.0021454432399499374,0.0007379090793358299,0.0007487484559496336,0.020464774298466347,0.004290242036748995,0.02279150158475992,0.005672228064130708
W5ffdedad0bc160500003,0.8065465567423139,0.0902227394789514,0.0031939437968108,0.01438661457507382,0.004069833796986166,0.014705152288737896,0.0021454432399499374,0.0007379090793358299,0.0007487484559496336,0.020464774298466347,0.004290242036748995,0.02279150158475992,0.005672228064130708
W5ffdedad0bc160500004,0.8065465567423139,0.0902227394789514,0.0031939437968108,0.01438661457507382,0.004069833796986166,0.014705152288737896,0.0021454432399499374,0.0007379090793358299,0.0007487484559496336,0.020464774298466347,0.004290242036748995,0.02279150158475992,0.005672228064130708
W5ffdedad0bc160500005,0.8065465567423139,0.0902227394789514,0.0031939437968108,0.01438661457507382,0.004069833796986166,0.014705152288737896,0.0021454432399499374,0.0007379090793358299,0.0007487484559496336,0.020464774298466347,0.004290242036748995,0.02279150158475992,0.005672228064130708
W5ffdedad0bc160500006,0.8065465567423139,0.0902227394789514,0.0031939437968108,0.01438661457507382,0.004069833796986166,0.014705152288737896,0.0021454432399499374,0.0007379090793358299,0.0007487484559496336,0.020464774298466347,0.004290242036748995,0.02279150158475992,0.005672228064130708
W6000b3b22c11e3f90000,0.018660160712091558,0.003374732298013339,0.12644036616489224,0.12484696751366742,0.1439792010840126,0.4471732854036248,0.012322481955481608,0.012288685156564016,0.002335424955814318,0.004456317542969708,0.005597701002057323,0.07886679290707645,0.010549265761914159
W6000b3b22c11e3f90001,0.018660160712091558,0.003374732298013339,0.12644036616489224,0.12484696751366742,0.1439792010840126,0.4471732854036248,0.012322481955481608,0.012288685156564016,0.002335424955814318,0.004456317542969708,0.005597701002057323,0.07886679290707645,0.010549265761914159
W6000b3b22c11e3f90002,0.018660160712091558,0.003374732298013339,0.12644036616489224,0.12484696751366742,0.1439792010840126,0.4471732854036248,0.012322481955481608,0.012288685156564016,0.002335424955814318,0.004456317542969708,0.005597701002057323,0.07886679290707645,0.010549265761914159
W6000b3b22c11e3f90003,0.018660160712091558,0.003374732298013339,0.12644036616489224,0.12484696751366742,0.1439792010840126,0.4471732854036248,0.012322481955481608,0.012288685156564016,0.002335424955814318,0.004456317542969708,0.005597701002057323,0.07886679290707645,0.010549265761914159
W6000b3b22c11e3f90004,0.018660160712091558,0.003374732298013339,0.12644036616489224,0.12484696751366742,0.1439792010840126,0.4471732854036248,0.012322481955481608,0.012288685156564016,0.002335424955814318,0.004456317542969708,0.005597701002057323,0.07886679290707645,0.010549265761914159
W6000b3b22c11e3f90005,0.018660160712091558,0.003374732298013339,0.12644036616489224,0.12484696751366742,0.1439792010840126,0.4471732854036248,0.012322481955481608,0.012288685156564016,0.002335424955814318,0.004456317542969708,0.005597701002057323,0.07886679290707645,0.010549265761914159
W6000b3b22c11e3f90006,0.018660160712091558,0.003374732298013339,0.12644036616489224,0.12484696751366742,0.1439792010840126,0.4471732854036248,0.012322481955481608,0.012288685156564016,0.002335424955814318,0.004456317542969708,0.005597701002057323,0.07886679290707645,0.010549265761914159
W60996ce94f8e80df0000,0.046250630429724035,0.0022989200607092487,0.20751699305443624,0.018524877334604367,0.00904578191593383,0.3902693551105661,0.004387232233054536,0.0019489504131298592,0.002271102582115191,0.002402439276485762,0.0018450317816195653,0.21652953419613444,0.0949333161951602
W60996ce94f8e80df0001,0.046250630429724035,0.0022989200607092487,0.20751699305443624,0.018524877334604367,0.00904578191593383,0.3902693551105661,0.004387232233054536,0.0019489504131298592,0.002271102582115191,0.002402439276485762,0.0018450317816195653,0.21652953419613444,0.0949333161951602
W60996ce94f8e80df0002,0.046250630429724035,0.0022989200607092487,0.20751699305443624,0.018524877334604367,0.00904578191593383,0.3902693551105661,0.004387232233054536,0.0019489504131298592,0.002271102582115191,0.002402439276485762,0.0018450317816195653,0.21652953419613444,0.0949333161951602
W60996ce94f8e80df0003,0.046250630429724035,0.0022989200607092487,0.20751699305443624,0.018524877334604367,0.00904578191593383,0.3902693551105661,0.004387232233054536,0.0019489504131298592,0.002271102582115191,0.002402439276485762,0.0018450317816195653,0.21652953419613444,0.0949333161951602
W60996ce94f8e80df0004,0.046250630429724035,0.0022989200607092487,0.20751699305443624,0.018524877334604367,0.00904578191593383,0.3902693551105661,0.004387232233054536,0.0019489504131298592,0.002271102582115191,0.002402439276485762,0.0018450317816195653,0.21652953419613444,0.0949333161951602
W60996ce94f8e80df0005,0.046250630429724035,0.0022989200607092487,0.20751699305443624,0.018524877334604367,0.00904578191593383,0.3902693551105661,0.004387232233054536,0.0019489504131298592,0.002271102582115191,0.002402439276485762,0.0018450317816195653,0.21652953419613444,0.0949333161951602
W60996ce94f8e80df0006,0.046250630429724035,0.0022989200607092487,0.20751699305443624,0.018524877334604367,0.00904578191593383,0.3902693551105661,0.004387232233054536,0.0019489504131298592,0.002271102582115191,0.002402439276485762,0.0018450317816195653,0.21652953419613444,0.0949333161951602
W61443c7edeab75570000,0.002156176134540578,0.9768283898359249,0.0006441819519561292,0.00012614583449257948,0.0028806991071651843,0.0007439940839038988,0.008544945898199645,0.0007710093460337144,6.3769163299993525e-06,0.0010893985229863902,0.001920256949706624,0.0007920374456202742,0.0013085102100890062
W61443c7edeab75570001,0.002156176134540578,0.9768283898359249,0.0006441819519561292,0.00012614583449257948,0.0028806991071651843,0.0007439940839038988,0.008544945898199645,0.0007710093460337144,6.3769163299993525e-06,0.0010893985229863902,0.001920256949706624,0.0007920374456202742,0.0013085102100890062
W61443c7edeab75570002,0.002156176134540578,0.9768283898359249,0.0006441819519561292,0.00012614583449257948,0.0028806991071651843,0.0007439940839038988,0.008544945898199645,0.0007710093460337144,6.3769163299993525e-06,0.0010893985229863902,0.001920256949706624,0.0007920374456202742,0.0013085102100890062
W61443c7edeab75570003,0.002156176134540578,0.9768283898359249,0.0006441819519561292,0.00012614583449257948,0.0028806991071651843,0.0007439940839038988,0.008544945898199645,0.0007710093460337144,6.3769163299993525e-06,0.0010893985229863902,0.001920256949706624,0.0007920374456202742,0.0013085102100890062
W61443c7edeab75570004,0.002156176134540578,0.9768283898359249,0.0006441819519561292,0.00012614583449257948,0.0028806991071651843,0.0007439940839038988,0.008544945898199645,0.0007710093460337144,6.3769163299993525e-06,0.0010893985229863902,0.001920256949706624,0.0007920374456202742,0.0013085102100890062
W61443c7edeab75570005,0.002156176134540578,0.9768283898359249,0.0006441819519561292,0.00012614583449257948,0.0028806991071651843,0.0007439940839038988,0.008544945898199645,0.0007710093460337144,6.3769163299993525e-06,0.0010893985229863902,0.001920256949706624,0.0007920374456202742,0.0013085102100890062
W61443c7edeab75570006,0.002156176134540578,0.9768283898359249,0.0006441819519561292,0.00012614583449257948,0.0028806991071651843,0.0007439940839038988,0.008544945898199645,0.0007710093460337144,6.3769163299993525e-06,0.0010893985229863902,0.001920256949706624,0.0007920374456202742,0.0013085102100890062
W626cdb6a7e66a7910000,0.03579223851679179,0.0013697417940133965,0.0036789602293132275,0.001522870611296973,0.0035732775146747656,0.0018143935388488857,0.0033667952901297814,0.7716722973794123,0.0011871038472881501,0.14087135117741323,9.802934076706999e-05,0.005416818428362166,0.009176840509644157
W626cdb6a7e66a7910001,0.03579223851679179,0.0013697417940133965,0.0036789602293132275,0.001522870611296973,0.0035732775146747656,0.0018143935388488857,0.0033667952901297814,0.7716722973794123,0.0011871038472881501,0.14087135117741323,9.802934076706999e-05,0.005416818428362166,0.009176840509644157
W626cdb6a7e66a7910002,0.03579223851679179,0.0013697417940133965,0.0036789602293132275,0.001522870611296973,0.0035732775146747656,0.0018143935388488857,0.0033667952901297814,0.7716722973794123,0.0011871038472881501,0.14087135117741323,9.802934076706999e-05,0.005416818428362166,0.009176840509644157
W626cdb6a7e66a7910003,0.03579223851679179,0.0013697417940133965,0.0036789602293132275,0.001522870611296973,0.0035732775146747656,0.0018143935388488857,0.0033667952901297814,0.7716722973794123,0.0011871038472881501,0.14087135117741323,9.802934076706999e-05,0.005416818428362166,0.009176840509644157
W626cdb6a7e66a7910004,0.03579223851679179,0.0013697417940133965,0.0036789602293132275,0.001522870611296973,0.0035732775146747656,0.0018143935388488857,0.0033667952901297814,0.7716722973794123,0.0011871038472881501,0.14087135117741323,9.802934076706999e-05,0.005416818428362166,0.009176840509644157
W626cdb6a7e66a7910005,0.03579223851679179,0.0013697417940133965,0.0036789602293132275,0.001522870611296973,0.0035732775146747656,0.0018143935388488857,0.0033667952901297814,0.7716722973794123,0.0011871038472881501,0.14087135117741323,9.802934076706999e-05,0.005416818428362166,0.009176840509644157
W626cdb6a7e66a7910006,0.03579223851679179,0.0013697417940133965,0.0036789602293132275,0.001522870611296973,0.0035732775146747656,0.0018143935388488857,0.0033667952901297814,0.7716722973794123,0.0011871038472881501,0.14087135117741323,9.802934076706999e-05,0.005416818428362166,0.009176840509644157
W62c2ea531ccd02ed0000,0.021531892247711962,0.002830584710735768,0.27279801854146507,0.11920751191073606,0.41267269303957727,0.03732357322507966,0.013286208688740806,0.013273579191252632,0.0036893534234860225,0.01876244744341127,0.0144273130353657,0.012075464428857121,0.017844448145671807
W62c2ea531ccd02ed0001,0.021531892247711962,0.002830584710735768,0.27279801854146507,0.11920751191073606,0.41267269303957727,0.03732357322507966,0.013286208688740806,0.013273579191252632,0.0036893534234860225,0.01876244744341127,0.0144273130353657,0.012075464428857121,0.017844448145671807
W62c2ea531ccd02ed0002,0.021531892247711962,0.002830584710735768,0.27279801854146507,0.11920751191073606,0.41267269303957727,0.03732357322507966,0.013286208688740806,0.013273579191252632,0.0036893534234860225,0.01876244744341127,0.0144273130353657,0.012075464428857121,0.017844448145671807
W62c2ea531ccd02ed0003,0.021531892247711962,0.002830584710735768,0.27279801854146507,0.11920751191073606,0.41267269303957727,0.03732357322507966,0.013286208688740806,0.013273579191252632,0.0036893534234860225,0.01876244744341127,0.0144273130353657,0.012075464428857121,0.017844448145671807
W62c2ea531ccd02ed0004,0.021531892247711962,0.002830584710735768,0.27279801854146507,0.11920751191073606,0.41267269303957727,0.03732357322507966,0.013286208688740806,0.013273579191252632,0.0036893534234860225,0.01876244744341127,0.0144273130353657,0.012075464428857121,0.017844448145671807
W62c2ea531ccd02ed0005,0.021531892247711962,0.002830584710735768,0.27279801854146507,0.11920751191073606,0.41267269303957727,0.03732357322507966,0.013286208688740806,0.013273579191252632,0.0036893534234860225,0.01876244744341127,0.0144273130353657,0.012075464428857121,0.017844448145671807
W62c2ea531ccd02ed0006,0.021531892247711962,0.002830584710735768,0.27279801854146507,0.11920751191073606,0.41267269303957727,0.03732357322507966,0.013286208688740806,0.013273579191252632,0.0036893534234860225,0.01876244744341127,0.0144273130353657,0.012075464428857121,0.017844448145671807
W6361bf78352c102e0000,0.00040837424772685246,0.9158712109908458,0.00014564025182156156,0.0003833577134618167,0.0008132575265129243,0.00017176113626223076,0.002192782282645487,0.0005636128849837003,0.06444431515935163,0.0001895547548986027,0.00797852392334197,0.0009990073795266487,0.001621133455175137
W6361bf78352c102e0001,0.00040837424772685246,0.9158712109908458,0.00014564025182156156,0.0003833577134618167,0.0008132575265129243,0.00017176113626223076,0.002192782282645487,0.0005636128849837003,0.06444431515935163,0.0001895547548986027,0.00797852392334197,0.0009990073795266487,0.001621133455175137
W6361bf78352c102e0002,0.00040837424772685246,0.9158712109908458,0.00014564025182156156,0.0003833577134618167,0.0008132575265129243,0.00017176113626223076,0.002192782282645487,0.0005636128849837003,0.06444431515935163,0.0001895547548986027,0.00797852392334197,0.0009990073795266487,0.001621133455175137
W6361bf78352c102e0003,0.00040837424772685246,0.9158712109908458,0.00014564025182156156,0.0003833577134618167,0.0008132575265129243,0.00017176113626223076,0.002192782282645487,0.0005636128849837003,0.06444431515935163,0.0001895547548986027,0.00797852392334197,0.0009990073795266487,0.001621133455175137
W6361bf78352c102e0004,0.00040837424772685246,0.9158712109908458,0.00014564025182156156,0.0003833577134618167,0.0008132575265129243,0.00017176113626223076,0.002192782282645487,0.0005636128849837003,0.06444431515935163,0.0001895547548986027,0.00797852392334197,0.0009990073795266487,0.001621133455175137
W6361bf78352c102e0005,0.00040837424772685246,0.9158712109908458,0.00014564025182156156,0.0003833577134618167,0.0008132575265129243,0.00017176113626223076,0.002192782282645487,0.0005636128849837003,0.06444431515935163,0.0001895547548986027,0.00797852392334197,0.0009990073795266487,0.001621133455175137
W6361bf78352c102e0006,0.00040837424772685246,0.9158712109908458,0.00014564025182156156,0.0003833577134618167,0.0008132575265129243,0.00017176113626223076,0.002192782282645487,0.0005636128849837003,0.06444431515935163,0.0001895547548986027,0.00797852392334197,0.0009990073795266487,0.001621133455175137
W64fe51a60c40ad2c0000,0.008707231166546644,0.0010166570923855105,0.2503346314613749,0.14940844835408507,0.31529598815435234,0.16420963572423392,0.01519955823743048,0.0027534575733007553,0.003796216594428161,0.01070201259368563,0.011284651596805919,0.01737570256786697,0.02186631366538528
W64fe51a60c40ad2c0001,0.008707231166546644,0.0010166570923855105,0.2503346314613749,0.14940844835408507,0.31529598815435234,0.16420963572423392,0.01519955823743048,0.0027534575733007553,0.003796216594428161,0.01070201259368563,0.011284651596805919,0.01737570256786697,0.02186631366538528
W64fe51a60c40ad2c0002,0.008707231166546644,0.0010166570923855105,0.2503346314613749,0.14940844835408507,0.31529598815435234,0.16420963572423392,0.01519955823743048,0.0027534575733007553,0.003796216594428161,0.01070201259368563,0.011284651596805919,0.01737570256786697,0.02186631366538528
W64fe51a60c40ad2c0003,0.008707231166546644,0.0010166570923855105,0.2503346314613749,0.14940844835408507,0.31529598815435234,0.16420963572423392,0.01519955823743048,0.0027534575733007553,0.003796216594428161,0.01070201259368563,0.011284651596805919,0.01737570256786697,0.02186631366538528
W64fe51a60c40ad2c0004,0.008707231166546644,0.0010166570923855105,0.2503346314613749,0.14940844835408507,0.31529598815435234,0.16420963572423392,0.01519955823743048,0.0027534575733007553,0.003796216594428161,0.01070201259368563,0.011284651596805919,0.01737570256786697,0.02186631366538528
W64fe51a60c40ad2c0005,0.008707231166546644,0.0010166570923855105,0.2503346314613749,0.14940844835408507,0.31529598815435234,0.16420963572423392,0.01519955823743048,0.0027534575733007553,0.003796216594428161,0.01070201259368563,0.011284651596805919,0.01737570256786697,0.02186631366538528
W64fe51a60c40ad2c0006,0.008707231166546644,0.0010166570923855105,0.2503346314613749,0.14940844835408507,0.31529598815435234,0.16420963572423392,0.01519955823743048,0.0027534575733007553,0.003796216594428161,0.01070201259368563,0.011284651596805919,0.01737570256786697,0.02186631366538528
W65f9a995382c18a70000,0.008791517923664987,0.000860299185838456,0.03184284602142798,0.10307775173621464,0.3208961277600859,0.01631769535217265,0.014158467204822882,0.438948024775789,0.001599811657683577,0.016396175188544495,0.003142963084050196,0.0171982282460073,0.005603868510345334
W65f9a995382c18a70001,0.008791517923664987,0.000860299185838456,0.03184284602142798,0.10307775173621464,0.3208961277600859,0.01631769535217265,0.014158467204822882,0.438948024775789,0.001599811657683577,0.016396175188544495,0.003142963084050196,0.0171982282460073,0.005603868510345334
W65f9a995382c18a70002,0.008791517923664987,0.000860299185838456,0.03184284602142798,0.10307775173621464,0.3208961277600859,0.01631769535217265,0.014158467204822882,0.438948024775789,0.001599811657683577,0.016396175188544495,0.003142963084050196,0.0171982282460073,0.005603868510345334
W65f9a995382c18a70003,0.008791517923664987,0.000860299185838456,0.03184284602142798,0.10307775173621464,0.3208961277600859,0.01631769535217265,0.014158467204822882,0.438948024775789,0.001599811657683577,0.016396175188544495,0.003142963084050196,0.0171982282460073,0.005603868510345334
W65f9a995382c18a70004,0.008791517923664987,0.000860299185838456,0.03184284602142798,0.10307775173621464,0.3208961277600859,0.01631769535217265,0.014158467204822882,0.438948024775789,0.001599811657683577,0.016396175188544495,0.003142963084050196,0.0171982282460073,0.005603868510345334
W65f9a995382c18a70005,0.008791517923664987,0.000860299185838456,0.03184284602142798,0.10307775173621464,0.3208961277600859,0.01631769535217265,0.014158467204822882,0.438948024775789,0.001599811657683577,0.016396175188544495,0.003142963084050196,0.0171982282460073,0.005603868510345334
W65f9a995382c18a70006,0.008791517923664987,0.000860299185838456,0.03184284602142798,0.10307775173621464,0.3208961277600859,0.01631769535217265,0.014158467204822882,0.438948024775789,0.001599811657683577,0.016396175188544495,0.003142963084050196,0.0171982282460073,0.005603868510345334
W6896dab34a30aeab0000,0.004323782986878849,0.005940631673321056,0.039870606402299995,0.046275685193492885,0.5509023114557069,0.017532432468792044,0.0336561368332809,0.09392546885494438,0.004945643853128412,0.03254739560892148,0.014526523516326634,0.013554147855145204,0.018861366015665425
W6896dab34a30aeab0001,0.004323782986878849,0.005940631673321056,0.039870606402299995,0.046275685193492885,0.5509023114557069,0.017532432468792044,0.0336561368332809,0.09392546885494438,0.004945643853128412,0.03254739560892148,0.014526523516326634,0.013554147855145204,0.018861366015665425
W6896dab34a30aeab0002,0.004323782986878849,0.005940631673321056,0.039870606402299995,0.046275685193492885,0.5509023114557069,0.017532432468792044,0.0336561368332809,0.09392546885494438,0.004945643853128412,0.03254739560892148,0.014526523516326634,0.013554147855145204,0.018861366015665425
W6896dab34a30aeab0003,0.004323782986878849,0.005940631673321056,0.039870606402299995,0.046275685193492885,0.5509023114557069,0.017532432468792044,0.0336561368332809,0.09392546885494438,0.004945643853128412,0.03254739560892148,0.014526523516326634,0.013554147855145204,0.018861366015665425
W6896dab34a30aeab0004,0.004323782986878849,0.005940631673321056,0.039870606402299995,0.046275685193492885,0.5509023114557069,0.017532432468792044,0.0336561368332809,0.09392546885494438,0.004945643853128412,0.03254739560892148,0.014526523516326634,0.013554147855145204,0.018861366015665425
W6896dab34a30aeab0005,0.004323782986878849,0.005940631673321056,0.039870606402299995,0.046275685193492885,0.5509023114557069,0.017532432468792044,0.0336561368332809,0.09392546885494438,0.004945643853128412,0.03254739560892148,0.014526523516326634,0.013554147855145204,0.018861366015665425
W6896dab34a30aeab0006,0.004323782986878849,0.005940631673321056,0.039870606402299995,0.046275685193492885,0.5509023114557069,0.017532432468792044,0.0336561368332809,0.09392546885494438,0.004945643853128412,0.03254739560892148,0.014526523516326634,0.013554147855145204,0.018861366015665425
W68a746653bc5de3a0000,0.002459406585971092,0.07796645172375222,0.04213208023275761,0.03301352033680611,0.022285257970142067,0.008527270935007958,0.6147085839631121,0.006418453246227052,0.0020172795334900606,0.041276499349240596,0.01765074395505994,0.009253022998563806,0.04093009019459189
W68a746653bc5de3a0001,0.002459406585971092,0.07796645172375222,0.04213208023275761,0.03301352033680611,0.022285257970142067,0.008527270935007958,0.6147085839631121,0.006418453246227052,0.0020172795334900606,0.041276499349240596,0.01765074395505994,0.009253022998563806,0.04093009019459189
W68a746653bc5de3a0002,0.002459406585971092,0.07796645172375222,0.04213208023275761,0.03301352033680611,0.022285257970142067,0.008527270935007958,0.6147085839631121,0.006418453246227052,0.0020172795334900606,0.041276499349240596,0.01765074395505994,0.009253022998563806,0.04093009019459189
W68a746653bc5de3a0003,0.002459406585971092,0.07796645172375222,0.04213208023275761,0.03301352033680611,0.022285257970142067,0.008527270935007958,0.6147085839631121,0.006418453246227052,0.0020172795334900606,0.041276499349240596,0.01765074395505994,0.009253022998563806,0.04093009019459189
W68a746653bc5de3a0004,0.002459406585971092,0.07796645172375222,0.04213208023275761,0.03301352033680611,0.022285257970142067,0.008527270935007958,0.6147085839631121,0.006418453246227052,0.0020172795334900606,0.041276499349240596,0.01765074395505994,0.009253022998563806,0.04093009019459189
W68a746653bc5de3a0005,0.002459406585971092,0.07796645172375222,0.04213208023275761,0.03301352033680611,0.022285257970142067,0.008527270935007958,0.6147085839631121,0.006418453246227052,0.0020172795334900606,0.041276499349240596,0.01765074395505994,0.009253022998563806,0.04093009019459189
W68a746653bc5de3a0006,0.002459406585971092,0.07796645172375222,0.04213208023275761,0.03301352033680611,0.022285257970142067,0.008527270935007958,0.6147085839631121,0.006418453246227052,0.0020172795334900606,0.041276499349240596,0.01765074395505994,0.009253022998563806,0.04093009019459189
W6afe7fefa060e33d0000,0.00718907464352199,0.0012789693456029636,0.12803870821711558,0.19459224971950118,0.14273858957657767,0.29479236898495637,0.018751908743766144,0.057702837431830106,0.001758925052171324,0.008756032218101886,0.005746738569332577,0.09966890751910928,0.029651516277517977
W6afe7fefa060e33d0001,0.00718907464352199,0.0012789693456029636,0.12803870821711558,0.19459224971950118,0.14273858957657767,0.29479236898495637,0.018751908743766144,0.057702837431830106,0.001758925052171324,0.008756032218101886,0.005746738569332577,0.09966890751910928,0.029651516277517977
W6afe7fefa060e33d0002,0.00718907464352199,0.0012789693456029636,0.12803870821711558,0.19459224971950118,0.14273858957657767,0.29479236898495637,0.018751908743766144,0.057702837431830106,0.001758925052171324,0.008756032218101886,0.005746738569332577,0.09966890751910928,0.029651516277517977
W6afe7fefa060e33d0003,0.00718907464352199,0.0012789693456029636,0.12803870821711558,0.19459224971950118,0.14273858957657767,0.29479236898495637,0.018751908743766144,0.057702837431830106,0.001758925052171324,0.008756032218101886,0.005746738569332577,0.09966890751910928,0.029651516277517977
W6afe7fefa060e33d0004,0.00718907464352199,0.0012789693456029636,0.12803870821711558,0.19459224971950118,0.14273858957657767,0.29479236898495637,0.018751908743766144,0.057702837431830106,0.001758925052171324,0.008756032218101886,0.005746738569332577,0.09966890751910928,0.029651516277517977
W6afe7fefa060e33d0005,0.00718907464352199,0.0012789693456029636,0.12803870821711558,0.19459224971950118,0.14273858957657767,0.29479236898495637,0.018751908743766144,0.057702837431830106,0.001758925052171324,0.008756032218101886,0.005746738569332577,0.09966890751910928,0.029651516277517977
W6afe7fefa060e33d0006,0.00718907464352199,0.0012789693456029636,0.12803870821711558,0.19459224971950118,0.14273858957657767,0.29479236898495637,0.018751908743766144,0.057702837431830106,0.001758925052171324,0.008756032218101886,0.005746738569332577,0.09966890751910928,0.029651516277517977
W6b98e963fa9af6860000,0.0057764669110530326,0.004380777876019862,0.04980276747515193,0.14967566486581935,0.020613386492323176,0.028866742515124364,0.0859606713446635,0.08658400144378046,0.006049818251832425,0.07343538278866929,0.05597064281278636,0.11918554984495719,0.040973969602865555
W6b98e963fa9af6860001,0.0057764669110530326,0.004380777876019862,0.04980276747515193,0.14967566486581935,0.020613386492323176,0.028866742515124364,0.0859606713446635,0.08658400144378046,0.006049818251832425,0.07343538278866929,0.05597064281278636,0.11918554984495719,0.040973969602865555
W6b98e963fa9af6860002,0.0057764669110530326,0.004380777876019862,0.04980276747515193,0.14967566486581935,0.020613386492323176,0.028866742515124364,0.0859606713446635,0.08658400144378046,0.006049818251832425,0.07343538278866929,0.05597064281278636,0.11918554984495719,0.040973969602865555
W6b98e963fa9af6860003,0.0057764669110530326,0.004380777876019862,0.04980276747515193,0.14967566486581935,0.020613386492323176,0.028866742515124364,0.0859606713446635,0.08658400144378046,0.006049818251832425,0.07343538278866929,0.05597064281278636,0.11918554984495719,0.040973969602865555
W6b98e963fa9af6860004,0.0057764669110530326,0.004380777876019862,0.04980276747515193,0.14967566486581935,0.020613386492323176,0.028866742515124364,0.0859606713446635,0.08658400144378046,0.006049818251832425,0.07343538278866929,0.05597064281278636,0.11918554984495719,0.040973969602865555
W6b98e963fa9af6860005,0.0057764669110530326,0.004380777876019862,0.04980276747515193,0.14967566486581935,0.020613386492323176,0.028866742515124364,0.0859606713446635,0.08658400144378046,0.006049818251832425,0.07343538278866929,0.05597064281278636,0.11918554984495719,0.040973969602865555
W6b98e963fa9af6860006,0.0057764669110530326,0.004380777876019862,0.04980276747515193,0.14967566486581935,0.020613386492323176,0.028866742515124364,0.0859606713446635,0.08658400144378046,0.006049818251832425,0.07343538278866929,0.05597064281278636,0.11918554984495719,0.040973969602865555
W6d3840bb93b384910000,0.005442726258063488,0.0012251448140050347,0.030513650874745897,0.040134855579071406,0.038907487931898806,0.01111274475101208,0.002925837969695416,0.024575685069461523,0.026534290096725647,0.05078609510884484,0.34400032252346796,0.0015992904917958178,0.019671919461330005
W6d3840bb93b384910001,0.005442726258063488,0.0012251448140050347,0.030513650874745897,0.040134855579071406,0.038907487931898806,0.01111274475101208,0.002925837969695416,0.024575685069461523,0.026534290096725647,0.05078609510884484,0.34400032252346796,0.0015992904917958178,0.019671919461330005
W6d3840bb93b384910002,0.005442726258063488,0.0012251448140050347,0.030513650874745897,0.040134855579071406,0.038907487931898806,0.01111274475101208,0.002925837969695416,0.024575685069461523,0.026534290096725647,0.05078609510884484,0.34400032252346796,0.0015992904917958178,0.019671919461330005
W6d3840bb93b384910003,0.005442726258063488,0.0012251448140050347,0.030513650874745897,0.040134855579071406,0.038907487931898806,0.01111274475101208,0.002925837969695416,0.024575685069461523,0.026534290096725647,0.05078609510884484,0.34400032252346796,0.0015992904917958178,0.019671919461330005
W6d3840bb93b384910004,0.005442726258063488,0.0012251448140050347,0.030513650874745897,0.040134855579071406,0.038907487931898806,0.01111274475101208,0.002925837969695416,0.024575685069461523,0.026534290096725647,0.05078609510884484,0.34400032252346796,0.0015992904917958178,0.019671919461330005
W6d3840bb93b384910005,0.005442726258063488,0.0012251448140050347,0.030513650874745897,0.040134855579071406,0.038907487931898806,0.01111274475101208,0.002925837969695416,0.024575685069461523,0.026534290096725647,0.05078609510884484,0.34400032252346796,0.0015992904917958178,0.019671919461330005
W6d3840bb93b384910006,0.005442726258063488,0.0012251448140050347,0.030513650874745897,0.040134855579071406,0.038907487931898806,0.01111274475101208,0.002925837969695416,0.024575685069461523,0.026534290096725647,0.05078609510884484,0.34400032252346796,0.0015992904917958178,0.019671919461330005
W6d3b2a24032b729b0000,0.00018392295571751464,0.0015063930794708199,0.0007307755385831925,0.001158589565088735,0.002389847262281683,0.03266028657922215,2.0394777841327632e-05,9.02074034223236e-06,7.929680156661823e-06,3.714859977876584e-05,5.463853903828203e-05,0.8005556450141499,0.16067274039662588
W6d3b2a24032b729b0001,0.00018392295571751464,0.0015063930794708199,0.0007307755385831925,0.001158589565088735,0.002389847262281683,0.03266028657922215,2.0394777841327632e-05,9.02074034223236e-06,7.929680156661823e-06,3.714859977876584e-05,5.463853903828203e-05,0.8005556450141499,0.16067274039662588
W6d3b2a24032b729b0002,0.00018392295571751464,0.0015063930794708199,0.0007307755385831925,0.001158589565088735,0.002389847262281683,0.03266028657922215,2.0394777841327632e-05,9.02074034223236e-06,7.929680156661823e-06,3.714859977876584e-05,5.463853903828203e-05,0.8005556450141499,0.16067274039662588
W6d3b2a24032b729b0003,0.00018392295571751464,0.0015063930794708199,0.0007307755385831925,0.001158589565088735,0.002389847262281683,0.03266028657922215,2.0394777841327632e-05,9.02074034223236e-06,7.929680156661823e-06,3.714859977876584e-05,5.463853903828203e-05,0.8005556450141499,0.16067274039662588
W6d3b2a24032b729b0004,0.00018392295571751464,0.0015063930794708199,0.0007307755385831925,0.001158589565088735,0.002389847262281683,0.03266028657922215,2.0394777841327632e-05,9.02074034223236e-06,7.929680156661823e-06,3.714859977876584e-05,5.463853903828203e-05,0.8005556450141499,0.16067274039662588
W6d3b2a24032b729b0005,0.00018392295571751464,0.0015063930794708199,0.0007307755385831925,0.001158589565088735,0.002389847262281683,0.03266028657922215,2.0394777841327632e-05,9.02074034223236e-06,7.929680156661823e-06,3.714859977876584e-05,5.463853903828203e-05,0.8005556450141499,0.16067274039662588
W6d3b2a24032b729b0006,0.00018392295571751464,0.0015063930794708199,0.0007307755385831925,0.001158589565088735,0.002389847262281683,0.03266028657922215,2.0394777841327632e-05,9.02074034223236e-06,7.929680156661823e-06,3.714859977876584e-05,5.463853903828203e-05,0.8005556450141499,0.16067274039662588
W6fcba0a340edc8d30000,0.007599629007028218,0.0006324157999918313,0.4660844673632081,0.06532921232764928,0.31233471679636976,0.058487549509130037,0.01117680583185385,0.003376292192072876,0.0061840940724817856,0.007829608424467178,0.006374926135841264,0.01630886039824963,0.015587889091656058
W6fcba0a340edc8d30001,0.007599629007028218,0.0006324157999918313,0.4660844673632081,0.06532921232764928,0.31233471679636976,0.058487549509130037,0.01117680583185385,0.003376292192072876,0.0061840940724817856,0.007829608424467178,0.006374926135841264,0.01630886039824963,0.015587889091656058
W6fcba0a340edc8d30002,0.007599629007028218,0.0006324157999918313,0.4660844673632081,0.06532921232764928,0.31233471679636976,0.058487549509130037,0.01117680583185385,0.003376292192072876,0.0061840940724817856,0.007829608424467178,0.006374926135841264,0.01630886039824963,0.015587889091656058
W6fcba0a340edc8d30003,0.007599629007028218,0.0006324157999918313,0.4660844673632081,0.06532921232764928,0.31233471679636976,0.058487549509130037,0.01117680583185385,0.003376292192072876,0.0061840940724817856,0.007829608424467178,0.006374926135841264,0.01630886039824963,0.015587889091656058
W6fcba0a340edc8d30004,0.007599629007028218,0.0006324157999918313,0.4660844673632081,0.06532921232764928,0.31233471679636976,0.058487549509130037,0.01117680583185385,0.003376292192072876,0.0061840940724817856,0.007829608424467178,0.006374926135841264,0.01630886039824963,0.015587889091656058
W6fcba0a340edc8d30005,0.007599629007028218,0.0006324157999918313,0.4660844673632081,0.06532921232764928,0.31233471679636976,0.058487549509130037,0.01117680583185385,0.003376292192072876,0.0061840940724817856,0.007829608424467178,0.006374926135841264,0.01630886039824963,0.015587889091656058
W6fcba0a340edc8d30006,0.007599629007028218,0.0006324157999918313,0.4660844673632081,0.06532921232764928,0.31233471679636976,0.058487549509130037,0.01117680583185385,0.003376292192072876,0.0061840940724817856,0.007829608424467178,0.006374926135841264,0.01630886039824963,0.015587889091656058
W7006f3c66af00e6b0000,0.0030660226705068673,0.0015019594483857656,0.1685432230515532,0.07781039458869209,0.1040766614841848,0.2501931693535059,0.008228801811750074,0.34866718800137636,0.0012575495884142654,0.0023004648965030236,0.0018662853399546173,0.0200778693469171,0.006908722015659072
W7006f3c66af00e6b0001,0.0030660226705068673,0.0015019594483857656,0.1685432230515532,0.07781039458869209,0.1040766614841848,0.2501931693535059,0.008228801811750074,0.34866718800137636,0.0012575495884142654,0.0023004648965030236,0.0018662853399546173,0.0200778693469171,0.006908722015659072
W7006f3c66af00e6b0002,0.0030660226705068673,0.0015019594483857656,0.1685432230515532,0.07781039458869209,0.1040766614841848,0.2501931693535059,0.008228801811750074,0.34866718800137636,0.0012575495884142654,0.0023004648965030236,0.0018662853399546173,0.0200778693469171,0.006908722015659072
W7006f3c66af00e6b0003,0.0030660226705068673,0.0015019594483857656,0.1685432230515532,0.07781039458869209,0.1040766614841848,0.2501931693535059,0.008228801811750074,0.34866718800137636,0.0012575495884142654,0.0023004648965030236,0.0018662853399546173,0.0200778693469171,0.006908722015659072
W7006f3c66af00e6b0004,0.0030660226705068673,0.0015019594483857656,0.1685432230515532,0.07781039458869209,0.1040766614841848,0.2501931693535059,0.008228801811750074,0.34866718800137636,0.0012575495884142654,0.0023004648965030236,0.0018662853399546173,0.0200778693469171,0.006908722015659072
W7006f3c66af00e6b0005,0.0030660226705068673,0.0015019594483857656,0.1685432230515532,0.07781039458869209,0.1040766614841848,0.2501931693535059,0.008228801811750074,0.34866718800137636,0.0012575495884142654,0.0023004648965030236,0.0018662853399546173,0.0200778693469171,0.006908722015659072
W7006f3c66af00e6b0006,0.0030660226705068673,0.0015019594483857656,0.1685432230515532,0.07781039458869209,0.1040766614841848,0.2501931693535059,0.008228801811750074,0.34866718800137636,0.0012575495884142654,0.0023004648965030236,0.0018662853399546173,0.0200778693469171,0.006908722015659072
W71bc87bb603413cf0000,0.07244089532232843,0.008706020110252942,0.02183440210950046,0.021455058308321295,0.08748962539203607,0.0157127046852624,0.010897502194622037,0.017309350350692605,0.007994085877985465,0.4084310749456531,0.010282356871884574,0.0738997139939346,0.09172765042714798
W71bc87bb603413cf0001,0.07244089532232843,0.008706020110252942,0.02183440210950046,0.021455058308321295,0.08748962539203607,0.0157127046852624,0.010897502194622037,0.017309350350692605,0.007994085877985465,0.4084310749456531,0.010282356871884574,0.0738997139939346,0.09172765042714798
W71bc87bb603413cf0002,0.07244089532232843,0.008706020110252942,0.02183440210950046,0.021455058308321295,0.08748962539203607,0.0157127046852624,0.010897502194622037,0.017309350350692605,0.007994085877985465,0.4084310749456531,0.010282356871884574,0.0738997139939346,0.09172765042714798
W71bc87bb603413cf0003,0.07244089532232843,0.008706020110252942,0.02183440210950046,0.021455058308321295,0.08748962539203607,0.0157127046852624,0.010897502194622037,0.017309350350692605,0.007994085877985465,0.4084310749456531,0.010282356871884574,0.0738997139939346,0.09172765042714798
W71bc87bb603413cf0004,0.07244089532232843,0.008706020110252942,0.02183440210950046,0.021455058308321295,0.08748962539203607,0.0157127046852624,0.010897502194622037,0.017309350350692605,0.007994085877985465,0.4084310749456531,0.010282356871884574,0.0738997139939346,0.09172765042714798
W71bc87bb603413cf0005,0.07244089532232843,0.008706020110252942,0.02183440210950046,0.021455058308321295,0.08748962539203607,0.0157127046852624,0.010897502194622037,0.017309350350692605,0.007994085877985465,0.4084310749456531,0.010282356871884574,0.0738997139939346,0.09172765042714798
W71bc87bb603413cf0006,0.07244089532232843,0.008706020110252942,0.02183440210950046,0.021455058308321295,0.08748962539203607,0.0157127046852624,0.010897502194622037,0.017309350350692605,0.007994085877985465,0.4084310749456531,0.010282356871884574,0.0738997139939346,0.09172765042714798
W71ed08969928aa290000,0.0014059259879169717,0.0010216472091238,0.33108504557277435,0.006975921096186708,0.017546114010821512,0.4123467202595643,0.003419629621825942,0.00048811191123026567,0.0011071696150028627,0.007395724721563209,0.00047152284206689965,0.21269512754284706,0.0016445561318795877
W71ed08969928aa290001,0.0014059259879169717,0.0010216472091238,0.33108504557277435,0.006975921096186708,0.017546114010821512,0.4123467202595643,0.003419629621825942,0.00048811191123026567,0.0011071696150028627,0.007395724721563209,0.00047152284206689965,0.21269512754284706,0.0016445561318795877
W71ed08969928aa290002,0.0014059259879169717,0.0010216472091238,0.33108504557277435,0.006975921096186708,0.017546114010821512,0.4123467202595643,0.003419629621825942,0.00048811191123026567,0.0011071696150028627,0.007395724721563209,0.00047152284206689965,0.21269512754284706,0.0016445561318795877
W71ed08969928aa290003,0.0014059259879169717,0.0010216472091238,0.33108504557277435,0.006975921096186708,0.017546114010821512,0.4123467202595643,0.003419629621825942,0.00048811191123026567,0.0011071696150028627,0.007395724721563209,0.00047152284206689965,0.21269512754284706,0.0016445561318795877
W71ed08969928aa290004,0.0014059259879169717,0.0010216472091238,0.33108504557277435,0.006975921096186708,0.017546114010821512,0.4123467202595643,0.003419629621825942,0.00048811191123026567,0.0011071696150028627,0.007395724721563209,0.00047152284206689965,0.21269512754284706,0.0016445561318795877
W71ed08969928aa290005,0.0014059259879169717,0.0010216472091238,0.33108504557277435,0.006975921096186708,0.017546114010821512,0.4123467202595643,0.003419629621825942,0.00048811191123026567,0.0011071696150028627,0.007395724721563209,0.00047152284206689965,0.21269512754284706,0.0016445561318795877
W71ed08969928aa290006,0.0014059259879169717,0.0010216472091238,0.33108504557277435,0.006975921096186708,0.017546114010821512,0.4123467202595643,0.003419629621825942,0.00048811191123026567,0.0011071696150028627,0.007395724721563209,0.00047152284206689965,0.21269512754284706,0.0016445561318795877
W72644c30a07b7c5a0000,0.004288253117726047,0.7050545088988901,0.001501185796610913,0.0023861780665916967,0.000975617001030712,0.00132282019705113,0.004442080994582643,0.006509484626156826,0.22772836374895924,0.002852748662666442,0.03430895775980379,0.002369318608565759,0.0014697892695189896
W72644c30a07b7c5a0001,0.004288253117726047,0.7050545088988901,0.001501185796610913,0.0023861780665916967,0.000975617001030712,0.00132282019705113,0.004442080994582643,0.006509484626156826,0.22772836374895924,0.002852748662666442,0.03430895775980379,0.002369318608565759,0.0014697892695189896
W72644c30a07b7c5a0002,0.004288253117726047,0.7050545088988901,0.001501185796610913,0.0023861780665916967,0.000975617001030712,0.00132282019705113,0.004442080994582643,0.006509484626156826,0.22772836374895924,0.002852748662666442,0.03430895775980379,0.002369318608565759,0.0014697892695189896
W72644c30a07b7c5a0003,0.004288253117726047,0.7050545088988901,0.001501185796610913,0.0023861780665916967,0.000975617001030712,0.00132282019705113,0.004442080994582643,0.006509484626156826,0.22772836374895924,0.002852748662666442,0.03430895775980379,0.002369318608565759,0.0014697892695189896
W72644c30a07b7c5a0004,0.004288253117726047,0.7050545088988901,0.001501185796610913,0.0023861780665916967,0.000975617001030712,0.00132282019705113,0.004442080994582643,0.006509484626156826,0.22772836374895924,0.002852748662666442,0.03430895775980379,0.002369318608565759,0.0014697892695189896
W72644c30a07b7c5a0005,0.004288253117726047,0.7050545088988901,0.001501185796610913,0.0023861780665916967,0.000975617001030712,0.00132282019705113,0.004442080994582643,0.006509484626156826,0.22772836374895924,0.002852748662666442,0.03430895775980379,0.002369318608565759,0.0014697892695189896
W72644c30a07b7c5a0006,0.004288253117726047,0.7050545088988901,0.001501185796610913,0.0023861780665916967,0.000975617001030712,0.00132282019705113,0.004442080994582643,0.006509484626156826,0.22772836374895924,0.002852748662666442,0.03430895775980379,0.002369318608565759,0.0014697892695189896
W727940b18345130e0000,5.179857074009459e-05,0.0013137511809575258,0.0012422691080314879,0.0004958910287792216,0.0023077543188063437,0.00011086407889793785,0.0006133402893022565,0.9586476170586076,0.00016048038801838756,0.002646664525628778,0.009220885404826571,0.00012662531047715595,0.0017859873444934476
W727940b18345130e0001,5.179857074009459e-05,0.0013137511809575258,0.0012422691080314879,0.0004958910287792216,0.0023077543188063437,0.00011086407889793785,0.0006133402893022565,0.9586476170586076,0.00016048038801838756,0.002646664525628778,0.009220885404826571,0.00012662531047715595,0.0017859873444934476
W727940b18345130e0002,5.179857074009459e-05,0.0013137511809575258,0.0012422691080314879,0.0004958910287792216,0.0023077543188063437,0.00011086407889793785,0.0006133402893022565,0.9586476170586076,0.00016048038801838756,0.002646664525628778,0.009220885404826571,0.00012662531047715595,0.0017859873444934476
W727940b18345130e0003,5.179857074009459e-05,0.0013137511809575258,0.0012422691080314879,0.0004958910287792216,0.0023077543188063437,0.00011086407889793785,0.0006133402893022565,0.9586476170586076,0.00016048038801838756,0.002646664525628778,0.009220885404826571,0.00012662531047715595,0.0017859873444934476
W727940b18345130e0004,5.179857074009459e-05,0.0013137511809575258,0.0012422691080314879,0.0004958910287792216,0.0023077543188063437,0.00011086407889793785,0.0006133402893022565,0.9586476170586076,0.00016048038801838756,0.002646664525628778,0.009220885404826571,0.00012662531047715595,0.0017859873444934476
W727940b18345130e0005,5.179857074009459e-05,0.0013137511809575258,0.0012422691080314879,0.0004958910287792216,0.0023077543188063437,0.00011086407889793785,0.0006133402893022565,0.9586476170586076,0.00016048038801838756,0.002646664525628778,0.009220885404826571,0.00012662531047715595,0.0017859873444934476
W727940b18345130e0006,5.179857074009459e-05,0.0013137511809575258,0.0012422691080314879,0.0004958910287792216,0.0023077543188063437,0.00011086407889793785,0.0006133402893022565,0.9586476170586076,0.00016048038801838756,0.002646664525628778,0.009220885404826571,0.00012662531047715595,0.0017859873444934476
W729325f0d9eaf9060000,0.013444394129477413,0.001941982887034604,0.13002248272676387,0.016257274619891432,0.16134812769352186,0.016158240846734003,0.17528304190759658,0.0080096240109396,0.006447924359923498,0.08132946203048164,0.024807107833490636,0.002376887280977476,0.03784912695285397
W729325f0d9eaf9060001,0.013444394129477413,0.001941982887034604,0.13002248272676387,0.016257274619891432,0.16134812769352186,0.016158240846734003,0.17528304190759658,0.0080096240109396,0.006447924359923498,0.08132946203048164,0.024807107833490636,0.002376887280977476,0.03784912695285397
W729325f0d9eaf9060002,0.013444394129477413,0.001941982887034604,0.13002248272676387,0.016257274619891432,0.16134812769352186,0.016158240846734003,0.17528304190759658,0.0080096240109396,0.006447924359923498,0.08132946203048164,0.024807107833490636,0.002376887280977476,0.03784912695285397
W729325f0d9eaf9060003,0.013444394129477413,0.001941982887034604,0.13002248272676387,0.016257274619891432,0.16134812769352186,0.016158240846734003,0.17528304190759658,0.0080096240109396,0.006447924359923498,0.08132946203048164,0.024807107833490636,0.002376887280977476,0.03784912695285397
W729325f0d9eaf9060004,0.013444394129477413,0.001941982887034604,0.13002248272676387,0.016257274619891432,0.16134812769352186,0.016158240846734003,0.17528304190759658,0.0080096240109396,0.006447924359923498,0.08132946203048164,0.024807107833490636,0.002376887280977476,0.03784912695285397
W729325f0d9eaf9060005,0.013444394129477413,0.001941982887034604,0.13002248272676387,0.016257274619891432,0.16134812769352186,0.016158240846734003,0.17528304190759658,0.0080096240109396,0.006447924359923498,0.08132946203048164,0.024807107833490636,0.002376887280977476,0.03784912695285397
W729325f0d9eaf9060006,0.013444394129477413,0.001941982887034604,0.13002248272676387,0.016257274619891432,0.16134812769352186,0.016158240846734003,0.17528304190759658,0.0080096240109396,0.006447924359923498,0.08132946203048164,0.024807107833490636,0.002376887280977476,0.03784912695285397
W7323d1ca6e11182e0000,0.0008401647868231903,3.553065471940035e-05,0.11200042593597306,0.006755975208093189,0.011369426736604071,0.7885646460303036,0.002696823410670921,0.0006737748468801217,0.00023844580959459207,0.0006181558370584291,3.262733021454944e-05,0.07238077777103005,0.00266828184875451
W7323d1ca6e11182e0001,0.0008401647868231903,3.553065471940035e-05,0.11200042593597306,0.006755975208093189,0.011369426736604071,0.7885646460303036,0.002696823410670921,0.0006737748468801217,0.00023844580959459207,0.0006181558370584291,3.262733021454944e-05,0.07238077777103005,0.00266828184875451
W7323d1ca6e11182e0002,0.0008401647868231903,3.553065471940035e-05,0.11200042593597306,0.006755975208093189,0.011369426736604071,0.7885646460303036,0.002696823410670921,0.0006737748468801217,0.00023844580959459207,0.0006181558370584291,3.262733021454944e-05,0.07238077777103005,0.00266828184875451
W7323d1ca6e11182e0003,0.0008401647868231903,3.553065471940035e-05,0.11200042593597306,0.006755975208093189,0.011369426736604071,0.7885646460303036,0.002696823410670921,0.0006737748468801217,0.00023844580959459207,0.0006181558370584291,3.262733021454944e-05,0.07238077777103005,0.00266828184875451
W7323d1ca6e11182e0004,0.0008401647868231903,3.553065471940035e-05,0.11200042593597306,0.006755975208093189,0.011369426736604071,0.7885646460303036,0.002696823410670921,0.0006737748468801217,0.00023844580959459207,0.0006181558370584291,3.262733021454944e-05,0.07238077777103005,0.00266828184875451
W7323d1ca6e11182e0005,0.0008401647868231903,3.553065471940035e-05,0.11200042593597306,0.006755975208093189,0.011369426736604071,0.7885646460303036,0.002696823410670921,0.0006737748468801217,0.00023844580959459207,0.0006181558370584291,3.262733021454944e-05,0.07238077777103005,0.00266828184875451
W7323d1ca6e11182e0006,0.0008401647868231903,3.553065471940035e-05,0.11200042593597306,0.006755975208093189,0.011369426736604071,0.7885646460303036,0.002696823410670921,0.0006737748468801217,0.00023844580959459207,0.0006181558370584291,3.262733021454944e-05,0.07238077777103005,0.00266828184875451
W73ed5859f924416c0000,0.0009682505515619468,0.0019310830134876052,0.011133282636133755,0.012429987231310688,0.004743481924250842,0.0007685083385423733,0.011291062982268188,0.004935446793032024,0.005022864390472905,0.04143498553617764,0.014654232050458139,0.00805429727801102,0.02355709354781836
W73ed5859f924416c0001,0.0009682505515619468,0.0019310830134876052,0.011133282636133755,0.012429987231310688,0.004743481924250842,0.0007685083385423733,0.011291062982268188,0.004935446793032024,0.005022864390472905,0.04143498553617764,0.014654232050458139,0.00805429727801102,0.02355709354781836
W73ed5859f924416c0002,0.0009682505515619468,0.0019310830134876052,0.011133282636133755,0.012429987231310688,0.004743481924250842,0.0007685083385423733,0.011291062982268188,0.004935446793032024,0.005022864390472905,0.04143498553617764,0.014654232050458139,0.00805429727801102,0.02355709354781836
W73ed5859f924416c0003,0.0009682505515619468,0.0019310830134876052,0.011133282636133755,0.012429987231310688,0.004743481924250842,0.0007685083385423733,0.011291062982268188,0.004935446793032024,0.005022864390472905,0.04143498553617764,0.014654232050458139,0.00805429727801102,0.02355709354781836
W73ed5859f924416c0004,0.0009682505515619468,0.0019310830134876052,0.011133282636133755,0.012429987231310688,0.004743481924250842,0.0007685083385423733,0.011291062982268188,0.004935446793032024,0.005022864390472905,0.04143498553617764,0.014654232050458139,0.00805429727801102,0.02355709354781836
W73ed5859f924416c0005,0.0009682505515619468,0.0019310830134876052,0.011133282636133755,0.012429987231310688,0.004743481924250842,0.0007685083385423733,0.011291062982268188,0.004935446793032024,0.005022864390472905,0.04143498553617764,0.014654232050458139,0.00805429727801102,0.02355709354781836
W73ed5859f924416c0006,0.0009682505515619468,0.0019310830134876052,0.011133282636133755,0.012429987231310688,0.004743481924250842,0.0007685083385423733,0.011291062982268188,0.004935446793032024,0.005022864390472905,0.04143498553617764,0.014654232050458139,0.00805429727801102,0.02355709354781836
W74a550cd58cac66b0000,0.0014705320827489263,0.02612441986896862,0.012776693839747692,0.010721382740460271,0.021087839233017214,0.286656463481668,0.541845836898217,0.030348143405350747,0.0013312861946437695,0.009863491830022176,0.01240769392438942,0.0033001661245619525,0.015951497933871166
W74a550cd58cac66b0001,0.0014705320827489263,0.02612441986896862,0.012776693839747692,0.010721382740460271,0.021087839233017214,0.286656463481668,0.541845836898217,0.030348143405350747,0.0013312861946437695,0.009863491830022176,0.01240769392438942,0.0033001661245619525,0.015951497933871166
W74a550cd58cac66b0002,0.0014705320827489263,0.02612441986896862,0.012776693839747692,0.010721382740460271,0.021087839233017214,0.286656463481668,0.541845836898217,0.030348143405350747,0.0013312861946437695,0.009863491830022176,0.01240769392438942,0.0033001661245619525,0.015951497933871166
W74a550cd58cac66b0003,0.0014705320827489263,0.02612441986896862,0.012776693839747692,0.010721382740460271,0.021087839233017214,0.286656463481668,0.541845836898217,0.030348143405350747,0.0013312861946437695,0.009863491830022176,0.01240769392438942,0.0033001661245619525,0.015951497933871166
W74a550cd58cac66b0004,0.0014705320827489263,0.02612441986896862,0.012776693839747692,0.010721382740460271,0.021087839233017214,0.286656463481668,0.541845836898217,0.030348143405350747,0.0013312861946437695,0.009863491830022176,0.01240769392438942,0.0033001661245619525,0.015951497933871166
W74a550cd58cac66b0005,0.0014705320827489263,0.02612441986896862,0.012776693839747692,0.010721382740460271,0.021087839233017214,0.286656463481668,0.541845836898217,0.030348143405350747,0.0013312861946437695,0.009863491830022176,0.01240769392438942,0.0033001661245619525,0.015951497933871166
W74a550cd58cac66b0006,0.0014705320827489263,0.02612441986896862,0.012776693839747692,0.010721382740460271,0.021087839233017214,0.286656463481668,0.541845836898217,0.030348143405350747,0.0013312861946437695,0.009863491830022176,0.01240769392438942,0.0033001661245619525,0.015951497933871166
W74ca5568fc785c740000,0.00030066682368777505,0.031459478445841446,0.005618024650842756,0.004366518228262387,0.016953737281056366,0.2074789608086207,0.0023351026730029562,0.0013647073086374617,0.0002444314743847504,0.001370601162659226,0.0006470514128786657,0.7117969899600417,0.014592361365815322
W74ca5568fc785c740001,0.00030066682368777505,0.031459478445841446,0.005618024650842756,0.004366518228262387,0.016953737281056366,0.2074789608086207,0.0023351026730029562,0.0013647073086374617,0.0002444314743847504,0.001370601162659226,0.0006470514128786657,0.7117969899600417,0.014592361365815322
W74ca5568fc785c740002,0.00030066682368777505,0.031459478445841446,0.005618024650842756,0.004366518228262387,0.016953737281056366,0.2074789608086207,0.0023351026730029562,0.0013647073086374617,0.0002444314743847504,0.001370601162659226,0.0006470514128786657,0.7117969899600417,0.014592361365815322
W74ca5568fc785c740003,0.00030066682368777505,0.031459478445841446,0.005618024650842756,0.004366518228262387,0.016953737281056366,0.2074789608086207,0.0023351026730029562,0.0013647073086374617,0.0002444314743847504,0.001370601162659226,0.0006470514128786657,0.7117969899600417,0.014592361365815322
W74ca5568fc785c740004,0.00030066682368777505,0.031459478445841446,0.005618024650842756,0.004366518228262387,0.016953737281056366,0.2074789608086207,0.0023351026730029562,0.0013647073086374617,0.0002444314743847504,0.001370601162659226,0.0006470514128786657,0.7117969899600417,0.014592361365815322
W74ca5568fc785c740005,0.00030066682368777505,0.031459478445841446,0.005618024650842756,0.004366518228262387,0.016953737281056366,0.2074789608086207,0.0023351026730029562,0.0013647073086374617,0.0002444314743847504,0.001370601162659226,0.0006470514128786657,0.7117969899600417,0.014592361365815322
W74ca5568fc785c740006,0.00030066682368777505,0.031459478445841446,0.005618024650842756,0.004366518228262387,0.016953737281056366,0.2074789608086207,0.0023351026730029562,0.0013647073086374617,0.0002444314743847504,0.001370601162659226,0.0006470514128786657,0.7117969899600417,0.014592361365815322
W7557edb163ff1ca10000,0.0017087362350112444,0.0009482713126503928,0.17256408134395929,0.040847172033102036,0.0737627328511954,0.2021582977101253,0.007077136921085614,0.0010651645577575992,0.0008051306666818384,0.00463719832039373,0.001432770973220773,0.48224055867116855,0.0072061004726377866
W7557edb163ff1ca10001,0.0017087362350112444,0.0009482713126503928,0.17256408134395929,0.040847172033102036,0.0737627328511954,0.2021582977101253,0.007077136921085614,0.0010651645577575992,0.0008051306666818384,0.00463719832039373,0.001432770973220773,0.48224055867116855,0.0072061004726377866
W7557edb163ff1ca10002,0.0017087362350112444,0.0009482713126503928,0.17256408134395929,0.040847172033102036,0.0737627328511954,0.2021582977101253,0.007077136921085614,0.0010651645577575992,0.0008051306666818384,0.00463719832039373,0.001432770973220773,0.48224055867116855,0.0072061004726377866
W7557edb163ff1ca10003,0.0017087362350112444,0.0009482713126503928,0.17256408134395929,0.040847172033102036,0.0737627328511954,0.2021582977101253,0.007077136921085614,0.0010651645577575992,0.0008051306666818384,0.00463719832039373,0.001432770973220773,0.48224055867116855,0.0072061004726377866
W7557edb163ff1ca10004,0.0017087362350112444,0.0009482713126503928,0.17256408134395929,0.040847172033102036,0.0737627328511954,0.2021582977101253,0.007077136921085614,0.0010651645577575992,0.0008051306666818384,0.00463719832039373,0.001432770973220773,0.48224055867116855,0.0072061004726377866
W7557edb163ff1ca10005,0.0017087362350112444,0.0009482713126503928,0.17256408134395929,0.040847172033102036,0.0737627328511954,0.2021582977101253,0.007077136921085614,0.0010651645577575992,0.0008051306666818384,0.00463719832039373,0.001432770973220773,0.48224055867116855,0.0072061004726377866
W7557edb163ff1ca10006,0.0017087362350112444,0.0009482713126503928,0.17256408134395929,0.040847172033102036,0.0737627328511954,0.2021582977101253,0.007077136921085614,0.0010651645577575992,0.0008051306666818384,0.00463719832039373,0.001432770973220773,0.48224055867116855,0.0072061004726377866
W7575a97fc8a0191b0000,0.0010306346848256423,4.557283311089061e-05,0.035232478297181666,0.015904241099387203,0.005291570807094642,0.17522920691931468,0.0016475013989576857,2.575289464283668e-05,2.4669862355844452e-05,0.0007408109737869043,1.531019138737322e-05,0.7605625181033762,0.004224053721455995
W7575a97fc8a0191b0001,0.0010306346848256423,4.557283311089061e-05,0.035232478297181666,0.015904241099387203,0.005291570807094642,0.17522920691931468,0.0016475013989576857,2.575289464283668e-05,2.4669862355844452e-05,0.0007408109737869043,1.531019138737322e-05,0.7605625181033762,0.004224053721455995
W7575a97fc8a0191b0002,0.0010306346848256423,4.557283311089061e-05,0.035232478297181666,0.015904241099387203,0.005291570807094642,0.17522920691931468,0.0016475013989576857,2.575289464283668e-05,2.4669862355844452e-05,0.0007408109737869043,1.531019138737322e-05,0.7605625181033762,0.004224053721455995
W7575a97fc8a0191b0003,0.0010306346848256423,4.557283311089061e-05,0.035232478297181666,0.015904241099387203,0.005291570807094642,0.17522920691931468,0.0016475013989576857,2.575289464283668e-05,2.4669862355844452e-05,0.0007408109737869043,1.531019138737322e-05,0.7605625181033762,0.004224053721455995
W7575a97fc8a0191b0004,0.0010306346848256423,4.557283311089061e-05,0.035232478297181666,0.015904241099387203,0.005291570807094642,0.17522920691931468,0.0016475013989576857,2.575289464283668e-05,2.4669862355844452e-05,0.0007408109737869043,1.531019138737322e-05,0.7605625181033762,0.004224053721455995
W7575a97fc8a0191b0005,0.0010306346848256423,4.557283311089061e-05,0.035232478297181666,0.015904241099387203,0.005291570807094642,0.17522920691931468,0.0016475013989576857,2.575289464283668e-05,2.4669862355844452e-05,0.0007408109737869043,1.531019138737322e-05,0.7605625181033762,0.004224053721455995
W7575a97fc8a0191b0006,0.0010306346848256423,4.557283311089061e-05,0.035232478297181666,0.015904241099387203,0.005291570807094642,0.17522920691931468,0.0016475013989576857,2.575289464283668e-05,2.4669862355844452e-05,0.0007408109737869043,1.531019138737322e-05,0.7605625181033762,0.004224053721455995
W757e2d1c9dfbee5c0000,7.07689494705988e-05,6.364696274033814e-05,0.010597152408859823,0.0015868633770050756,0.0018479327773611158,0.8655553778460078,0.0039290281997035915,5.6565914870555443e-05,6.737941305271855e-05,5.2254918305180525e-05,5.8821135007493776e-05,0.11277987442386751,0.0027159884430088053
W757e2d1c9dfbee5c0001,7.07689494705988e-05,6.364696274033814e-05,0.010597152408859823,0.0015868633770050756,0.0018479327773611158,0.8655553778460078,0.0039290281997035915,5.6565914870555443e-05,6.737941305271855e-05,5.2254918305180525e-05,5.8821135007493776e-05,0.11277987442386751,0.0027159884430088053
W757e2d1c9dfbee5c0002,7.07689494705988e-05,6.364696274033814e-05,0.010597152408859823,0.0015868633770050756,0.0018479327773611158,0.8655553778460078,0.0039290281997035915,5.6565914870555443e-05,6.737941305271855e-05,5.2254918305180525e-05,5.8821135007493776e-05,0.11277987442386751,0.0027159884430088053
W757e2d1c9dfbee5c0003,7.07689494705988e-05,6.364696274033814e-05,0.010597152408859823,0.0015868633770050756,0.0018479327773611158,0.8655553778460078,0.0039290281997035915,5.6565914870555443e-05,6.737941305271855e-05,5.2254918305180525e-05,5.8821135007493776e-05,0.11277987442386751,0.0027159884430088053
W757e2d1c9dfbee5c0004,7.07689494705988e-05,6.364696274033814e-05,0.010597152408859823,0.0015868633770050756,0.0018479327773611158,0.8655553778460078,0.0039290281997035915,5.6565914870555443e-05,6.737941305271855e-05,5.2254918305180525e-05,5.8821135007493776e-05,0.11277987442386751,0.0027159884430088053
W757e2d1c9dfbee5c0005,7.07689494705988e-05,6.364696274033814e-05,0.010597152408859823,0.0015868633770050756,0.0018479327773611158,0.8655553778460078,0.0039290281997035915,5.6565914870555443e-05,6.737941305271855e-05,5.2254918305180525e-05,5.8821135007493776e-05,0.11277987442386751,0.0027159884430088053
W757e2d1c9dfbee5c0006,7.07689494705988e-05,6.364696274033814e-05,0.010597152408859823,0.0015868633770050756,0.0018479327773611158,0.8655553778460078,0.0039290281997035915,5.6565914870555443e-05,6.737941305271855e-05,5.2254918305180525e-05,5.8821135007493776e-05,0.11277987442386751,0.0027159884430088053
W764bbe99e72ba4c90000,0.0027585600428634994,0.001271176952653596,0.23517631124252036,0.0115706282352472,0.015095096788563453,0.006448790527989145,0.009549849987783413,0.008281356599701088,0.011515318802162874,0.012860131724801055,0.04215280016840067,0.002728187065438518,0.03094533461298066
W764bbe99e72ba4c90001,0.0027585600428634994,0.001271176952653596,0.23517631124252036,0.0115706282352472,0.015095096788563453,0.006448790527989145,0.009549849987783413,0.008281356599701088,0.011515318802162874,0.012860131724801055,0.04215280016840067,0.002728187065438518,0.03094533461298066
W764bbe99e72ba4c90002,0.0027585600428634994,0.001271176952653596,0.23517631124252036,0.0115706282352472,0.015095096788563453,0.006448790527989145,0.009549849987783413,0.008281356599701088,0.011515318802162874,0.012860131724801055,0.04215280016840067,0.002728187065438518,0.03094533461298066
W764bbe99e72ba4c90003,0.0027585600428634994,0.001271176952653596,0.23517631124252036,0.0115706282352472,0.015095096788563453,0.006448790527989145,0.009549849987783413,0.008281356599701088,0.011515318802162874,0.012860131724801055,0.04215280016840067,0.002728187065438518,0.03094533461298066
W764bbe99e72ba4c90004,0.0027585600428634994,0.001271176952653596,0.23517631124252036,0.0115706282352472,0.015095096788563453,0.006448790527989145,0.009549849987783413,0.008281356599701088,0.011515318802162874,0.012860131724801055,0.04215280016840067,0.002728187065438518,0.03094533461298066
W764bbe99e72ba4c90005,0.0027585600428634994,0.001271176952653596,0.23517631124252036,0.0115706282352472,0.015095096788563453,0.006448790527989145,0.009549849987783413,0.008281356599701088,0.011515318802162874,0.012860131724801055,0.04215280016840067,0.002728187065438518,0.03094533461298066
W764bbe99e72ba4c90006,0.0027585600428634994,0.001271176952653596,0.23517631124252036,0.0115706282352472,0.015095096788563453,0.006448790527989145,0.009549849987783413,0.008281356599701088,0.011515318802162874,0.012860131724801055,0.04215280016840067,0.002728187065438518,0.03094533461298066
W76ffa8ac18f801550000,0.00039235983559621614,0.0003052115665962488,0.009411046191403278,0.0011490490756063568,0.003995836357411858,0.6904269940610922,0.0013135016326876832,0.002576184229490473,4.3758968961877494e-05,1.1980141648765175e-05,5.628834651577034e-05,0.2849658098669845,0.005278043602387028
W76ffa8ac18f801550001,0.00039235983559621614,0.0003052115665962488,0.009411046191403278,0.0011490490756063568,0.003995836357411858,0.6904269940610922,0.0013135016326876832,0.002576184229490473,4.3758968961877494e-05,1.1980141648765175e-05,5.628834651577034e-05,0.2849658098669845,0.005278043602387028
W76ffa8ac18f801550002,0.00039235983559621614,0.0003052115665962488,0.009411046191403278,0.0011490490756063568,0.003995836357411858,0.6904269940610922,0.0013135016326876832,0.002576184229490473,4.3758968961877494e-05,1.1980141648765175e-05,5.628834651577034e-05,0.2849658098669845,0.005278043602387028
W76ffa8ac18f801550003,0.00039235983559621614,0.0003052115665962488,0.009411046191403278,0.0011490490756063568,0.003995836357411858,0.6904269940610922,0.0013135016326876832,0.002576184229490473,4.3758968961877494e-05,1.1980141648765175e-05,5.628834651577034e-05,0.2849658098669845,0.005278043602387028
W76ffa8ac18f801550004,0.00039235983559621614,0.0003052115665962488,0.009411046191403278,0.0011490490756063568,0.003995836357411858,0.6904269940610922,0.0013135016326876832,0.002576184229490473,4.3758968961877494e-05,1.1980141648765175e-05,5.628834651577034e-05,0.2849658098669845,0.005278043602387028
W76ffa8ac18f801550005,0.00039235983559621614,0.0003052115665962488,0.009411046191403278,0.0011490490756063568,0.003995836357411858,0.6904269940610922,0.0013135016326876832,0.002576184229490473,4.3758968961877494e-05,1.1980141648765175e-05,5.628834651577034e-05,0.2849658098669845,0.005278043602387028
W76ffa8ac18f801550006,0.00039235983559621614,0.0003052115665962488,0.009411046191403278,0.0011490490756063568,0.003995836357411858,0.6904269940610922,0.0013135016326876832,0.002576184229490473,4.3758968961877494e-05,1.1980141648765175e-05,5.628834651577034e-05,0.2849658098669845,0.005278043602387028
W790478c62835aaae0000,0.008415840014750244,0.0009814118267312485,0.026358192456226906,0.29722259649672306,0.06843190676320875,0.02661851855007702,0.015873104893938332,0.4865793307146066,0.0016926481191751725,0.009572449702011966,0.007552784754718449,0.005061363859464114,0.025774764584839755
W790478c62835aaae0001,0.008415840014750244,0.0009814118267312485,0.026358192456226906,0.29722259649672306,0.06843190676320875,0.02661851855007702,0.015873104893938332,0.4865793307146066,0.0016926481191751725,0.009572449702011966,0.007552784754718449,0.005061363859464114,0.025774764584839755
W790478c62835aaae0002,0.008415840014750244,0.0009814118267312485,0.026358192456226906,0.29722259649672306,0.06843190676320875,0.02661851855007702,0.015873104893938332,0.4865793307146066,0.0016926481191751725,0.009572449702011966,0.007552784754718449,0.005061363859464114,0.025774764584839755
W790478c62835aaae0003,0.008415840014750244,0.0009814118267312485,0.026358192456226906,0.29722259649672306,0.06843190676320875,0.02661851855007702,0.015873104893938332,0.4865793307146066,0.0016926481191751725,0.009572449702011966,0.007552784754718449,0.005061363859464114,0.025774764584839755
W790478c62835aaae0004,0.008415840014750244,0.0009814118267312485,0.026358192456226906,0.29722259649672306,0.06843190676320875,0.02661851855007702,0.015873104893938332,0.4865793307146066,0.0016926481191751725,0.009572449702011966,0.007552784754718449,0.005061363859464114,0.025774764584839755
W790478c62835aaae0005,0.008415840014750244,0.0009814118267312485,0.026358192456226906,0.29722259649672306,0.06843190676320875,0.02661851855007702,0.015873104893938332,0.4865793307146066,0.0016926481191751725,0.009572449702011966,0.007552784754718449,0.005061363859464114,0.025774764584839755
W790478c62835aaae0006,0.008415840014750244,0.0009814118267312485,0.026358192456226906,0.29722259649672306,0.06843190676320875,0.02661851855007702,0.015873104893938332,0.4865793307146066,0.0016926481191751725,0.009572449702011966,0.007552784754718449,0.005061363859464114,0.025774764584839755
W7a583d6765fed99a0000,0.06564722288262466,0.004146063506098806,0.013625392640698777,0.0054880986425066445,0.013593108288596294,0.005431469722976457,0.005049671729730697,0.04943303530018171,0.3408850256247891,0.2636040248492773,0.14993497517009785,0.021452311858950916,0.017481674654044155
W7a583d6765fed99a0001,0.06564722288262466,0.004146063506098806,0.013625392640698777,0.0054880986425066445,0.013593108288596294,0.005431469722976457,0.005049671729730697,0.04943303530018171,0.3408850256247891,0.2636040248492773,0.14993497517009785,0.021452311858950916,0.017481674654044155
W7a583d6765fed99a0002,0.06564722288262466,0.004146063506098806,0.013625392640698777,0.0054880986425066445,0.013593108288596294,0.005431469722976457,0.005049671729730697,0.04943303530018171,0.3408850256247891,0.2636040248492773,0.14993497517009785,0.021452311858950916,0.017481674654044155
W7a583d6765fed99a0003,0.06564722288262466,0.004146063506098806,0.013625392640698777,0.0054880986425066445,0.013593108288596294,0.005431469722976457,0.005049671729730697,0.04943303530018171,0.3408850256247891,0.2636040248492773,0.14993497517009785,0.021452311858950916,0.017481674654044155
W7a583d6765fed99a0004,0.06564722288262466,0.004146063506098806,0.013625392640698777,0.0054880986425066445,0.013593108288596294,0.005431469722976457,0.005049671729730697,0.04943303530018171,0.3408850256247891,0.2636040248492773,0.14993497517009785,0.021452311858950916,0.017481674654044155
W7a583d6765fed99a0005,0.06564722288262466,0.004146063506098806,0.013625392640698777,0.0054880986425066445,0.013593108288596294,0.005431469722976457,0.005049671729730697,0.04943303530018171,0.3408850256247891,0.2636040248492773,0.14993497517009785,0.021452311858950916,0.017481674654044155
W7a583d6765fed99a0006,0.06564722288262466,0.004146063506098806,0.013625392640698777,0.0054880986425066445,0.013593108288596294,0.005431469722976457,0.005049671729730697,0.04943303530018171,0.3408850256247891,0.2636040248492773,0.14993497517009785,0.021452311858950916,0.017481674654044155
W7aebe5708c8c9c110000,0.006153925820208419,0.004521200534721445,0.15035129056266497,0.3302619165739267,0.07702524202861999,0.030003200811132967,0.06428362285658418,0.020084688235823798,0.0058646622362056484,0.07369863838668197,0.013586297239892195,0.07664156490057505,0.018958230455205085
W7aebe5708c8c9c110001,0.006153925820208419,0.004521200534721445,0.15035129056266497,0.3302619165739267,0.07702524202861999,0.030003200811132967,0.06428362285658418,0.020084688235823798,0.0058646622362056484,0.07369863838668197,0.013586297239892195,0.07664156490057505,0.018958230455205085
W7aebe5708c8c9c110002,0.006153925820208419,0.004521200534721445,0.15035129056266497,0.3302619165739267,0.07702524202861999,0.030003200811132967,0.06428362285658418,0.020084688235823798,0.0058646622362056484,0.07369863838668197,0.013586297239892195,0.07664156490057505,0.018958230455205085
W7aebe5708c8c9c110003,0.006153925820208419,0.004521200534721445,0.15035129056266497,0.3302619165739267,0.07702524202861999,0.030003200811132967,0.06428362285658418,0.020084688235823798,0.0058646622362056484,0.07369863838668197,0.013586297239892195,0.07664156490057505,0.018958230455205085
W7aebe5708c8c9c110004,0.006153925820208419,0.004521200534721445,0.15035129056266497,0.3302619165739267,0.07702524202861999,0.030003200811132967,0.06428362285658418,0.020084688235823798,0.0058646622362056484,0.07369863838668197,0.013586297239892195,0.07664156490057505,0.018958230455205085
W7aebe5708c8c9c110005,0.006153925820208419,0.004521200534721445,0.15035129056266497,0.3302619165739267,0.07702524202861999,0.030003200811132967,0.06428362285658418,0.020084688235823798,0.0058646622362056484,0.07369863838668197,0.013586297239892195,0.07664156490057505,0.018958230455205085
W7aebe5708c8c9c110006,0.006153925820208419,0.004521200534721445,0.15035129056266497,0.3302619165739267,0.07702524202861999,0.030003200811132967,0.06428362285658418,0.020084688235823798,0.0058646622362056484,0.07369863838668197,0.013586297239892195,0.07664156490057505,0.018958230455205085
W7c0ec7abab1d4b1b0000,0.018361105053407985,0.001368927372953141,0.17542468652813112,0.09909914316479218,0.34271088153819185,0.24204246801707155,0.029945275380325584,0.010889874134566862,0.005335462822926315,0.017871460967370804,0.010357416845989188,0.014582218920214508,0.012831162672410466
W7c0ec7abab1d4b1b0001,0.018361105053407985,0.001368927372953141,0.17542468652813112,0.09909914316479218,0.34271088153819185,0.24204246801707155,0.029945275380325584,0.010889874134566862,0.005335462822926315,0.017871460967370804,0.010357416845989188,0.014582218920214508,0.012831162672410466
W7c0ec7abab1d4b1b0002,0.018361105053407985,0.001368927372953141,0.17542468652813112,0.09909914316479218,0.34271088153819185,0.24204246801707155,0.029945275380325584,0.010889874134566862,0.005335462822926315,0.017871460967370804,0.010357416845989188,0.014582218920214508,0.012831162672410466
W7c0ec7abab1d4b1b0003,0.018361105053407985,0.001368927372953141,0.17542468652813112,0.09909914316479218,0.34271088153819185,0.24204246801707155,0.029945275380325584,0.010889874134566862,0.005335462822926315,0.017871460967370804,0.010357416845989188,0.014582218920214508,0.012831162672410466
W7c0ec7abab1d4b1b0004,0.018361105053407985,0.001368927372953141,0.17542468652813112,0.09909914316479218,0.34271088153819185,0.24204246801707155,0.029945275380325584,0.010889874134566862,0.005335462822926315,0.017871460967370804,0.010357416845989188,0.014582218920214508,0.012831162672410466
W7c0ec7abab1d4b1b0005,0.018361105053407985,0.001368927372953141,0.17542468652813112,0.09909914316479218,0.34271088153819185,0.24204246801707155,0.029945275380325584,0.010889874134566862,0.005335462822926315,0.017871460967370804,0.010357416845989188,0.014582218920214508,0.012831162672410466
W7c0ec7abab1d4b1b0006,0.018361105053407985,0.001368927372953141,0.17542468652813112,0.09909914316479218,0.34271088153819185,0.24204246801707155,0.029945275380325584,0.010889874134566862,0.005335462822926315,0.017871460967370804,0.010357416845989188,0.014582218920214508,0.012831162672410466
W7db60bf6517a53a60000,0.012650768655251424,0.4696175348297209,0.006987843661993128,0.006873842256743187,0.009238022737935782,0.007283171332872756,0.011110727940160107,0.02253280173079689,0.3794407596006748,0.01155374024336213,0.049951371437585185,0.002149559379224473,0.002943762994879788
W7db60bf6517a53a60001,0.012650768655251424,0.4696175348297209,0.006987843661993128,0.006873842256743187,0.009238022737935782,0.007283171332872756,0.011110727940160107,0.02253280173079689,0.3794407596006748,0.01155374024336213,0.049951371437585185,0.002149559379224473,0.002943762994879788
W7db60bf6517a53a60002,0.012650768655251424,0.4696175348297209,0.006987843661993128,0.006873842256743187,0.009238022737935782,0.007283171332872756,0.011110727940160107,0.02253280173079689,0.3794407596006748,0.01155374024336213,0.049951371437585185,0.002149559379224473,0.002943762994879788
W7db60bf6517a53a60003,0.012650768655251424,0.4696175348297209,0.006987843661993128,0.006873842256743187,0.009238022737935782,0.007283171332872756,0.011110727940160107,0.02253280173079689,0.3794407596006748,0.01155374024336213,0.049951371437585185,0.002149559379224473,0.002943762994879788
W7db60bf6517a53a60004,0.012650768655251424,0.4696175348297209,0.006987843661993128,0.006873842256743187,0.009238022737935782,0.007283171332872756,0.011110727940160107,0.02253280173079689,0.3794407596006748,0.01155374024336213,0.049951371437585185,0.002149559379224473,0.002943762994879788
W7db60bf6517a53a60005,0.012650768655251424,0.4696175348297209,0.006987843661993128,0.006873842256743187,0.009238022737935782,0.007283171332872756,0.011110727940160107,0.02253280173079689,0.3794407596006748,0.01155374024336213,0.049951371437585185,0.002149559379224473,0.002943762994879788
W7db60bf6517a53a60006,0.012650768655251424,0.4696175348297209,0.006987843661993128,0.006873842256743187,0.009238022737935782,0.007283171332872756,0.011110727940160107,0.02253280173079689,0.3794407596006748,0.01155374024336213,0.049951371437585185,0.002149559379224473,0.002943762994879788
W7e5726e04f4f70af0000,0.005011872961550929,0.0017138572051784635,0.07905985341340661,0.10211611206254056,0.18395986224630934,0.2951493456153758,0.022391421835801298,0.03387866943689663,0.0015792809161697065,0.002629603787708584,0.00633620591460054,0.2512014056216815,0.004822442995259601
W7e5726e04f4f70af0001,0.005011872961550929,0.0017138572051784635,0.07905985341340661,0.10211611206254056,0.18395986224630934,0.2951493456153758,0.022391421835801298,0.03387866943689663,0.0015792809161697065,0.002629603787708584,0.00633620591460054,0.2512014056216815,0.004822442995259601
W7e5726e04f4f70af0002,0.005011872961550929,0.0017138572051784635,0.07905985341340661,0.10211611206254056,0.18395986224630934,0.2951493456153758,0.022391421835801298,0.03387866943689663,0.0015792809161697065,0.002629603787708584,0.00633620591460054,0.2512014056216815,0.004822442995259601
W7e5726e04f4f70af0003,0.005011872961550929,0.0017138572051784635,0.07905985341340661,0.10211611206254056,0.18395986224630934,0.2951493456153758,0.022391421835801298,0.03387866943689663,0.0015792809161697065,0.002629603787708584,0.00633620591460054,0.2512014056216815,0.004822442995259601
W7e5726e04f4f70af0004,0.005011872961550929,0.0017138572051784635,0.07905985341340661,0.10211611206254056,0.18395986224630934,0.2951493456153758,0.022391421835801298,0.03387866943689663,0.0015792809161697065,0.002629603787708584,0.00633620591460054,0.2512014056216815,0.004822442995259601
W7e5726e04f4f70af0005,0.005011872961550929,0.0017138572051784635,0.07905985341340661,0.10211611206254056,0.18395986224630934,0.2951493456153758,0.022391421835801298,0.03387866943689663,0.0015792809161697065,0.002629603787708584,0.00633620591460054,0.2512014056216815,0.004822442995259601
W7e5726e04f4f70af0006,0.005011872961550929,0.0017138572051784635,0.07905985341340661,0.10211611206254056,0.18395986224630934,0.2951493456153758,0.022391421835801298,0.03387866943689663,0.0015792809161697065,0.002629603787708584,0.00633620591460054,0.2512014056216815,0.004822442995259601
W7e86cb0d38c2eb570000,0.8838994832691812,0.001157839105434922,0.018632706608775446,0.012458483549053406,0.024513424501698904,0.00989377421715699,0.002482042282454462,0.002082830645324582,0.002094390697939739,0.009104835227092994,0.006477282629852427,0.012466717630800884,0.004178014571317888
W7e86cb0d38c2eb570001,0.8838994832691812,0.001157839105434922,0.018632706608775446,0.012458483549053406,0.024513424501698904,0.00989377421715699,0.002482042282454462,0.002082830645324582,0.002094390697939739,0.009104835227092994,0.006477282629852427,0.012466717630800884,0.004178014571317888
W7e86cb0d38c2eb570002,0.8838994832691812,0.001157839105434922,0.018632706608775446,0.012458483549053406,0.024513424501698904,0.00989377421715699,0.002482042282454462,0.002082830645324582,0.002094390697939739,0.009104835227092994,0.006477282629852427,0.012466717630800884,0.004178014571317888
W7e86cb0d38c2eb570003,0.8838994832691812,0.001157839105434922,0.018632706608775446,0.012458483549053406,0.024513424501698904,0.00989377421715699,0.002482042282454462,0.002082830645324582,0.002094390697939739,0.009104835227092994,0.006477282629852427,0.012466717630800884,0.004178014571317888
W7e86cb0d38c2eb570004,0.8838994832691812,0.001157839105434922,0.018632706608775446,0.012458483549053406,0.024513424501698904,0.00989377421715699,0.002482042282454462,0.002082830645324582,0.002094390697939739,0.009104835227092994,0.006477282629852427,0.012466717630800884,0.004178014571317888
W7e86cb0d38c2eb570005,0.8838994832691812,0.001157839105434922,0.018632706608775446,0.012458483549053406,0.024513424501698904,0.00989377421715699,0.002482042282454462,0.002082830645324582,0.002094390697939739,0.009104835227092994,0.006477282629852427,0.012466717630800884,0.004178014571317888
W7e86cb0d38c2eb570006,0.8838994832691812,0.001157839105434922,0.018632706608775446,0.012458483549053406,0.024513424501698904,0.00989377421715699,0.002482042282454462,0.002082830645324582,0.002094390697939739,0.009104835227092994,0.006477282629852427,0.012466717630800884,0.004178014571317888
W7f4d678f74ce885e0000,0.02228150547271755,0.00458821440116613,0.16715682872905113,0.031327545399632964,0.05985244258739728,0.029040535069653577,0.014153238832970724,0.008140540986393245,0.007565916213634045,0.33286069536431384,0.03916176597649398,0.0048212273632112865,0.03384464260656784
W7f4d678f74ce885e0001,0.02228150547271755,0.00458821440116613,0.16715682872905113,0.031327545399632964,0.05985244258739728,0.029040535069653577,0.014153238832970724,0.008140540986393245,0.007565916213634045,0.33286069536431384,0.03916176597649398,0.0048212273632112865,0.03384464260656784
W7f4d678f74ce885e0002,0.02228150547271755,0.00458821440116613,0.16715682872905113,0.031327545399632964,0.05985244258739728,0.029040535069653577,0.014153238832970724,0.008140540986393245,0.007565916213634045,0.33286069536431384,0.03916176597649398,0.0048212273632112865,0.03384464260656784
W7f4d678f74ce885e0003,0.02228150547271755,0.00458821440116613,0.16715682872905113,0.031327545399632964,0.05985244258739728,0.029040535069653577,0.014153238832970724,0.008140540986393245,0.007565916213634045,0.33286069536431384,0.03916176597649398,0.0048212273632112865,0.03384464260656784
W7f4d678f74ce885e0004,0.02228150547271755,0.00458821440116613,0.16715682872905113,0.031327545399632964,0.05985244258739728,0.029040535069653577,0.014153238832970724,0.008140540986393245,0.007565916213634045,0.33286069536431384,0.03916176597649398,0.0048212273632112865,0.03384464260656784
W7f4d678f74ce885e0005,0.02228150547271755,0.00458821440116613,0.16715682872905113,0.031327545399632964,0.05985244258739728,0.029040535069653577,0.014153238832970724,0.008140540986393245,0.007565916213634045,0.33286069536431384,0.03916176597649398,0.0048212273632112865,0.03384464260656784
W7f4d678f74ce885e0006,0.02228150547271755,0.00458821440116613,0.16715682872905113,0.031327545399632964,0.05985244258739728,0.029040535069653577,0.014153238832970724,0.008140540986393245,0.007565916213634045,0.33286069536431384,0.03916176597649398,0.0048212273632112865,0.03384464260656784
W7f6c80e36d4f87700000,0.9203609808106378,0.0014464088969399008,0.008529100275974859,0.012232212772297591,0.011105922104730234,0.012773768914220128,0.007809880257620288,0.0018156568472132764,5.368879718137285e-06,0.005193504607647155,0.0017991524343237122,0.011287283004221792,0.005545343209164967
W7f6c80e36d4f87700001,0.9203609808106378,0.0014464088969399008,0.008529100275974859,0.012232212772297591,0.011105922104730234,0.012773768914220128,0.007809880257620288,0.0018156568472132764,5.368879718137285e-06,0.005193504607647155,0.0017991524343237122,0.011287283004221792,0.005545343209164967
W7f6c80e36d4f87700002,0.9203609808106378,0.0014464088969399008,0.008529100275974859,0.012232212772297591,0.011105922104730234,0.012773768914220128,0.007809880257620288,0.0018156568472132764,5.368879718137285e-06,0.005193504607647155,0.0017991524343237122,0.011287283004221792,0.005545343209164967
W7f6c80e36d4f87700003,0.9203609808106378,0.0014464088969399008,0.008529100275974859,0.012232212772297591,0.011105922104730234,0.012773768914220128,0.007809880257620288,0.0018156568472132764,5.368879718137285e-06,0.005193504607647155,0.0017991524343237122,0.011287283004221792,0.005545343209164967
W7f6c80e36d4f87700004,0.9203609808106378,0.0014464088969399008,0.008529100275974859,0.012232212772297591,0.011105922104730234,0.012773768914220128,0.007809880257620288,0.0018156568472132764,5.368879718137285e-06,0.005193504607647155,0.0017991524343237122,0.011287283004221792,0.005545343209164967
W7f6c80e36d4f87700005,0.9203609808106378,0.0014464088969399008,0.008529100275974859,0.012232212772297591,0.011105922104730234,0.012773768914220128,0.007809880257620288,0.0018156568472132764,5.368879718137285e-06,0.005193504607647155,0.0017991524343237122,0.011287283004221792,0.005545343209164967
W7f6c80e36d4f87700006,0.9203609808106378,0.0014464088969399008,0.008529100275974859,0.012232212772297591,0.011105922104730234,0.012773768914220128,0.007809880257620288,0.0018156568472132764,5.368879718137285e-06,0.005193504607647155,0.0017991524343237122,0.011287283004221792,0.005545343209164967
W803bfaffc17fce280000,0.0012053070000073605,0.00011336284479876332,0.00716246368981271,0.01676205523276598,0.0051793572099531025,0.0660861725135763,0.0011549664226303755,0.00018296739923155683,0.0007246481504556158,0.00015681147452951123,9.222113957150284e-05,0.8925559646805977,0.007898313380131165
W803bfaffc17fce280001,0.0012053070000073605,0.00011336284479876332,0.00716246368981271,0.01676205523276598,0.0051793572099531025,0.0660861725135763,0.0011549664226303755,0.00018296739923155683,0.0007246481504556158,0.00015681147452951123,9.222113957150284e-05,0.8925559646805977,0.007898313380131165
W803bfaffc17fce280002,0.0012053070000073605,0.00011336284479876332,0.00716246368981271,0.01676205523276598,0.0051793572099531025,0.0660861725135763,0.0011549664226303755,0.00018296739923155683,0.0007246481504556158,0.00015681147452951123,9.222113957150284e-05,0.8925559646805977,0.007898313380131165
W803bfaffc17fce280003,0.0012053070000073605,0.00011336284479876332,0.00716246368981271,0.01676205523276598,0.0051793572099531025,0.0660861725135763,0.0011549664226303755,0.00018296739923155683,0.0007246481504556158,0.00015681147452951123,9.222113957150284e-05,0.8925559646805977,0.007898313380131165
W803bfaffc17fce280004,0.0012053070000073605,0.00011336284479876332,0.00716246368981271,0.01676205523276598,0.0051793572099531025,0.0660861725135763,0.0011549664226303755,0.00018296739923155683,0.0007246481504556158,0.00015681147452951123,9.222113957150284e-05,0.8925559646805977,0.007898313380131165
W803bfaffc17fce280005,0.0012053070000073605,0.00011336284479876332,0.00716246368981271,0.01676205523276598,0.0051793572099531025,0.0660861725135763,0.0011549664226303755,0.00018296739923155683,0.0007246481504556158,0.00015681147452951123,9.222113957150284e-05,0.8925559646805977,0.007898313380131165
W803bfaffc17fce280006,0.0012053070000073605,0.00011336284479876332,0.00716246368981271,0.01676205523276598,0.0051793572099531025,0.0660861725135763,0.0011549664226303755,0.00018296739923155683,0.0007246481504556158,0.00015681147452951123,9.222113957150284e-05,0.8925559646805977,0.007898313380131165
W832bb66842a232d80000,0.006760346995871075,0.0007428485838868565,0.03368930516520525,0.1005206033456811,0.08637871333543454,0.6934022277022898,0.0164762637489418,0.0025430581928935657,0.0019539967153139296,0.007003839224153783,0.011058658057089684,0.01862467491606512,0.011088936181236719
W832bb66842a232d80001,0.006760346995871075,0.0007428485838868565,0.03368930516520525,0.1005206033456811,0.08637871333543454,0.6934022277022898,0.0164762637489418,0.0025430581928935657,0.0019539967153139296,0.007003839224153783,0.011058658057089684,0.01862467491606512,0.011088936181236719
W832bb66842a232d80002,0.006760346995871075,0.0007428485838868565,0.03368930516520525,0.1005206033456811,0.08637871333543454,0.6934022277022898,0.0164762637489418,0.0025430581928935657,0.0019539967153139296,0.007003839224153783,0.011058658057089684,0.01862467491606512,0.011088936181236719
W832bb66842a232d80003,0.006760346995871075,0.0007428485838868565,0.03368930516520525,0.1005206033456811,0.08637871333543454,0.6934022277022898,0.0164762637489418,0.0025430581928935657,0.0019539967153139296,0.007003839224153783,0.011058658057089684,0.01862467491606512,0.011088936181236719
W832bb66842a232d80004,0.006760346995871075,0.0007428485838868565,0.03368930516520525,0.1005206033456811,0.08637871333543454,0.6934022277022898,0.0164762637489418,0.0025430581928935657,0.0019539967153139296,0.007003839224153783,0.011058658057089684,0.01862467491606512,0.011088936181236719
W832bb66842a232d80005,0.006760346995871075,0.0007428485838868565,0.03368930516520525,0.1005206033456811,0.08637871333543454,0.6934022277022898,0.0164762637489418,0.0025430581928935657,0.0019539967153139296,0.007003839224153783,0.011058658057089684,0.01862467491606512,0.011088936181236719
W832bb66842a232d80006,0.006760346995871075,0.0007428485838868565,0.03368930516520525,0.1005206033456811,0.08637871333543454,0.6934022277022898,0.0164762637489418,0.0025430581928935657,0.0019539967153139296,0.007003839224153783,0.011058658057089684,0.01862467491606512,0.011088936181236719
W846e69bda91827c60000,0.005105560213709848,0.001767568101902137,0.21419275392552292,0.06898783883264627,0.19615083735439656,0.13845979662969973,0.01436823024095856,0.03269102775143478,0.0036057131357705176,0.0061440174204995335,0.007887149120263646,0.2910414899554029,0.006233171233853685
W846e69bda91827c60001,0.005105560213709848,0.001767568101902137,0.21419275392552292,0.06898783883264627,0.19615083735439656,0.13845979662969973,0.01436823024095856,0.03269102775143478,0.0036057131357705176,0.0061440174204995335,0.007887149120263646,0.2910414899554029,0.006233171233853685
W846e69bda91827c60002,0.005105560213709848,0.001767568101902137,0.21419275392552292,0.06898783883264627,0.19615083735439656,0.13845979662969973,0.01436823024095856,0.03269102775143478,0.0036057131357705176,0.0061440174204995335,0.007887149120263646,0.2910414899554029,0.006233171233853685
W846e69bda91827c60003,0.005105560213709848,0.001767568101902137,0.21419275392552292,0.06898783883264627,0.19615083735439656,0.13845979662969973,0.01436823024095856,0.03269102775143478,0.0036057131357705176,0.0061440174204995335,0.007887149120263646,0.2910414899554029,0.006233171233853685
W846e69bda91827c60004,0.005105560213709848,0.001767568101902137,0.21419275392552292,0.06898783883264627,0.19615083735439656,0.13845979662969973,0.01436823024095856,0.03269102775143478,0.0036057131357705176,0.0061440174204995335,0.007887149120263646,0.2910414899554029,0.006233171233853685
W846e69bda91827c60005,0.005105560213709848,0.001767568101902137,0.21419275392552292,0.06898783883264627,0.19615083735439656,0.13845979662969973,0.01436823024095856,0.03269102775143478,0.0036057131357705176,0.0061440174204995335,0.007887149120263646,0.2910414899554029,0.006233171233853685
W846e69bda91827c60006,0.005105560213709848,0.001767568101902137,0.21419275392552292,0.06898783883264627,0.19615083735439656,0.13845979662969973,0.01436823024095856,0.03269102775143478,0.0036057131357705176,0.0061440174204995335,0.007887149120263646,0.2910414899554029,0.006233171233853685
W85284b0ed100de9d0000,0.918890071422652,0.0011197987381330766,0.0045141039852648985,0.0025045694582226876,0.007225209585423609,0.004913827662046182,6.094531543596122e-05,0.017862485083940147,0.0005628302046244147,0.01715528235303089,0.0018683569233089528,0.01258088643907759,0.006354700073975153
W85284b0ed100de9d0001,0.918890071422652,0.0011197987381330766,0.0045141039852648985,0.0025045694582226876,0.007225209585423609,0.004913827662046182,6.094531543596122e-05,0.017862485083940147,0.0005628302046244147,0.01715528235303089,0.0018683569233089528,0.01258088643907759,0.006354700073975153
W85284b0ed100de9d0002,0.918890071422652,0.0011197987381330766,0.0045141039852648985,0.0025045694582226876,0.007225209585423609,0.004913827662046182,6.094531543596122e-05,0.017862485083940147,0.0005628302046244147,0.01715528235303089,0.0018683569233089528,0.01258088643907759,0.006354700073975153
W85284b0ed100de9d0003,0.918890071422652,0.0011197987381330766,0.0045141039852648985,0.0025045694582226876,0.007225209585423609,0.004913827662046182,6.094531543596122e-05,0.017862485083940147,0.0005628302046244147,0.01715528235303089,0.0018683569233089528,0.01258088643907759,0.006354700073975153
W85284b0ed100de9d0004,0.918890071422652,0.0011197987381330766,0.0045141039852648985,0.0025045694582226876,0.007225209585423609,0.004913827662046182,6.094531543596122e-05,0.017862485083940147,0.0005628302046244147,0.01715528235303089,0.0018683569233089528,0.01258088643907759,0.006354700073975153
W85284b0ed100de9d0005,0.918890071422652,0.0011197987381330766,0.0045141039852648985,0.0025045694582226876,0.007225209585423609,0.004913827662046182,6.094531543596122e-05,0.017862485083940147,0.0005628302046244147,0.01715528235303089,0.0018683569233089528,0.01258088643907759,0.006354700073975153
W85284b0ed100de9d0006,0.918890071422652,0.0011197987381330766,0.0045141039852648985,0.0025045694582226876,0.007225209585423609,0.004913827662046182,6.094531543596122e-05,0.017862485083940147,0.0005628302046244147,0.01715528235303089,0.0018683569233089528,0.01258088643907759,0.006354700073975153
W8660945c824e57580000,0.005046910356018676,0.0033705694828048117,0.84927523686063,0.026294519422761568,0.023424399255631844,0.012930771614810913,0.028463663154116768,0.0006928279186062715,0.005786804177352688,0.006491363788998329,0.002255093106814491,0.008322457668607067,0.0071482192468755945
W8660945c824e57580001,0.005046910356018676,0.0033705694828048117,0.84927523686063,0.026294519422761568,0.023424399255631844,0.012930771614810913,0.028463663154116768,0.0006928279186062715,0.005786804177352688,0.006491363788998329,0.002255093106814491,0.008322457668607067,0.0071482192468755945
W8660945c824e57580002,0.005046910356018676,0.0033705694828048117,0.84927523686063,0.026294519422761568,0.023424399255631844,0.012930771614810913,0.028463663154116768,0.0006928279186062715,0.005786804177352688,0.006491363788998329,0.002255093106814491,0.008322457668607067,0.0071482192468755945
W8660945c824e57580003,0.005046910356018676,0.0033705694828048117,0.84927523686063,0.026294519422761568,0.023424399255631844,0.012930771614810913,0.028463663154116768,0.0006928279186062715,0.005786804177352688,0.006491363788998329,0.002255093106814491,0.008322457668607067,0.0071482192468755945
W8660945c824e57580004,0.005046910356018676,0.0033705694828048117,0.84927523686063,0.026294519422761568,0.023424399255631844,0.012930771614810913,0.028463663154116768,0.0006928279186062715,0.005786804177352688,0.006491363788998329,0.002255093106814491,0.008322457668607067,0.0071482192468755945
W8660945c824e57580005,0.005046910356018676,0.0033705694828048117,0.84927523686063,0.026294519422761568,0.023424399255631844,0.012930771614810913,0.028463663154116768,0.0006928279186062715,0.005786804177352688,0.006491363788998329,0.002255093106814491,0.008322457668607067,0.0071482192468755945
W8660945c824e57580006,0.005046910356018676,0.0033705694828048117,0.84927523686063,0.026294519422761568,0.023424399255631844,0.012930771614810913,0.028463663154116768,0.0006928279186062715,0.005786804177352688,0.006491363788998329,0.002255093106814491,0.008322457668607067,0.0071482192468755945
W86ffa78453432ead0000,6.119195664646585e-05,0.0003250272798311467,0.003595000473544098,0.0012269127746325679,0.0037715371848323015,0.26357409720085695,0.00013959818817130856,0.007014434865228627,3.0259362692212373e-05,0.00013455402756037653,0.001053481985025924,0.7123802345168588,0.006489085410630476
W86ffa78453432ead0001,6.119195664646585e-05,0.0003250272798311467,0.003595000473544098,0.0012269127746325679,0.0037715371848323015,0.26357409720085695,0.00013959818817130856,0.007014434865228627,3.0259362692212373e-05,0.00013455402756037653,0.001053481985025924,0.7123802345168588,0.006489085410630476
W86ffa78453432ead0002,6.119195664646585e-05,0.0003250272798311467,0.003595000473544098,0.0012269127746325679,0.0037715371848323015,0.26357409720085695,0.00013959818817130856,0.007014434865228627,3.0259362692212373e-05,0.00013455402756037653,0.001053481985025924,0.7123802345168588,0.006489085410630476
W86ffa78453432ead0003,6.119195664646585e-05,0.0003250272798311467,0.003595000473544098,0.0012269127746325679,0.0037715371848323015,0.26357409720085695,0.00013959818817130856,0.007014434865228627,3.0259362692212373e-05,0.00013455402756037653,0.001053481985025924,0.7123802345168588,0.006489085410630476
W86ffa78453432ead0004,6.119195664646585e-05,0.0003250272798311467,0.003595000473544098,0.0012269127746325679,0.0037715371848323015,0.26357409720085695,0.00013959818817130856,0.007014434865228627,3.0259362692212373e-05,0.00013455402756037653,0.001053481985025924,0.7123802345168588,0.006489085410630476
W86ffa78453432ead0005,6.119195664646585e-05,0.0003250272798311467,0.003595000473544098,0.0012269127746325679,0.0037715371848323015,0.26357409720085695,0.00013959818817130856,0.007014434865228627,3.0259362692212373e-05,0.00013455402756037653,0.001053481985025924,0.7123802345168588,0.006489085410630476
W86ffa78453432ead0006,6.119195664646585e-05,0.0003250272798311467,0.003595000473544098,0.0012269127746325679,0.0037715371848323015,0.26357409720085695,0.00013959818817130856,0.007014434865228627,3.0259362692212373e-05,0.00013455402756037653,0.001053481985025924,0.7123802345168588,0.006489085410630476
W87d770d630701d350000,0.012841430649832893,0.0636985032618093,0.04026146442289615,0.0669000002846191,0.6611794188291317,0.0318218939070221,0.02732164330754882,0.0028207810387765302,0.004049374279728045,0.010273014033776983,0.0074242014610795964,0.05123743673140751,0.008679078512800165
W87d770d630701d350001,0.012841430649832893,0.0636985032618093,0.04026146442289615,0.0669000002846191,0.6611794188291317,0.0318218939070221,0.02732164330754882,0.0028207810387765302,0.004049374279728045,0.010273014033776983,0.0074242014610795964,0.05123743673140751,0.008679078512800165
W87d770d630701d350002,0.012841430649832893,0.0636985032618093,0.04026146442289615,0.0669000002846191,0.6611794188291317,0.0318218939070221,0.02732164330754882,0.0028207810387765302,0.004049374279728045,0.010273014033776983,0.0074242014610795964,0.05123743673140751,0.008679078512800165
W87d770d630701d350003,0.012841430649832893,0.0636985032618093,0.04026146442289615,0.0669000002846191,0.6611794188291317,0.0318218939070221,0.02732164330754882,0.0028207810387765302,0.004049374279728045,0.010273014033776983,0.0074242014610795964,0.05123743673140751,0.008679078512800165
W87d770d630701d350004,0.012841430649832893,0.0636985032618093,0.04026146442289615,0.0669000002846191,0.6611794188291317,0.0318218939070221,0.02732164330754882,0.0028207810387765302,0.004049374279728045,0.010273014033776983,0.0074242014610795964,0.05123743673140751,0.008679078512800165
W87d770d630701d350005,0.012841430649832893,0.0636985032618093,0.04026146442289615,0.0669000002846191,0.6611794188291317,0.0318218939070221,0.02732164330754882,0.0028207810387765302,0.004049374279728045,0.010273014033776983,0.0074242014610795964,0.05123743673140751,0.008679078512800165
W87d770d630701d350006,0.012841430649832893,0.0636985032618093,0.04026146442289615,0.0669000002846191,0.6611794188291317,0.0318218939070221,0.02732164330754882,0.0028207810387765302,0.004049374279728045,0.010273014033776983,0.0074242014610795964,0.05123743673140751,0.008679078512800165
W88df56cdedc1c9f90000,0.005351397108521328,0.0019913480909382565,0.10026049145332439,0.02144319953879973,0.09418976287973135,0.01366451286690184,0.00750221361926269,0.0020804402394644663,0.004635587113573226,0.07824594678014328,0.019411027496409564,0.0010281552393293428,0.1625928083118809
W88df56cdedc1c9f90001,0.005351397108521328,0.0019913480909382565,0.10026049145332439,0.02144319953879973,0.09418976287973135,0.01366451286690184,0.00750221361926269,0.0020804402394644663,0.004635587113573226,0.07824594678014328,0.019411027496409564,0.0010281552393293428,0.1625928083118809
W88df56cdedc1c9f90002,0.005351397108521328,0.0019913480909382565,0.10026049145332439,0.02144319953879973,0.09418976287973135,0.01366451286690184,0.00750221361926269,0.0020804402394644663,0.004635587113573226,0.07824594678014328,0.019411027496409564,0.0010281552393293428,0.1625928083118809
W88df56cdedc1c9f90003,0.005351397108521328,0.0019913480909382565,0.10026049145332439,0.02144319953879973,0.09418976287973135,0.01366451286690184,0.00750221361926269,0.0020804402394644663,0.004635587113573226,0.07824594678014328,0.019411027496409564,0.0010281552393293428,0.1625928083118809
W88df56cdedc1c9f90004,0.005351397108521328,0.0019913480909382565,0.10026049145332439,0.02144319953879973,0.09418976287973135,0.01366451286690184,0.00750221361926269,0.0020804402394644663,0.004635587113573226,0.07824594678014328,0.019411027496409564,0.0010281552393293428,0.1625928083118809
W88df56cdedc1c9f90005,0.005351397108521328,0.0019913480909382565,0.10026049145332439,0.02144319953879973,0.09418976287973135,0.01366451286690184,0.00750221361926269,0.0020804402394644663,0.004635587113573226,0.07824594678014328,0.019411027496409564,0.0010281552393293428,0.1625928083118809
W88df56cdedc1c9f90006,0.005351397108521328,0.0019913480909382565,0.10026049145332439,0.02144319953879973,0.09418976287973135,0.01366451286690184,0.00750221361926269,0.0020804402394644663,0.004635587113573226,0.07824594678014328,0.019411027496409564,0.0010281552393293428,0.1625928083118809
W89dba8cf45fe1eac0000,0.013841509155144954,0.5033533692824013,0.005003619151651835,0.004471412501139276,0.003853831158427351,0.022326233445120677,0.4005283087390014,0.0007763541376821541,6.821334166731089e-06,0.0014873671294087364,0.0029355752697542803,0.02668140981967998,0.009240866252006248
W89dba8cf45fe1eac0001,0.013841509155144954,0.5033533692824013,0.005003619151651835,0.004471412501139276,0.003853831158427351,0.022326233445120677,0.4005283087390014,0.0007763541376821541,6.821334166731089e-06,0.0014873671294087364,0.0029355752697542803,0.02668140981967998,0.009240866252006248
W89dba8cf45fe1eac0002,0.013841509155144954,0.5033533692824013,0.005003619151651835,0.004471412501139276,0.003853831158427351,0.022326233445120677,0.4005283087390014,0.0007763541376821541,6.821334166731089e-06,0.0014873671294087364,0.0029355752697542803,0.02668140981967998,0.009240866252006248
W89dba8cf45fe1eac0003,0.013841509155144954,0.5033533692824013,0.005003619151651835,0.004471412501139276,0.003853831158427351,0.022326233445120677,0.4005283087390014,0.0007763541376821541,6.821334166731089e-06,0.0014873671294087364,0.0029355752697542803,0.02668140981967998,0.009240866252006248
W89dba8cf45fe1eac0004,0.013841509155144954,0.5033533692824013,0.005003619151651835,0.004471412501139276,0.003853831158427351,0.022326233445120677,0.4005283087390014,0.0007763541376821541,6.821334166731089e-06,0.0014873671294087364,0.0029355752697542803,0.02668140981967998,0.009240866252006248
W89dba8cf45fe1eac0005,0.013841509155144954,0.5033533692824013,0.005003619151651835,0.004471412501139276,0.003853831158427351,0.022326233445120677,0.4005283087390014,0.0007763541376821541,6.821334166731089e-06,0.0014873671294087364,0.0029355752697542803,0.02668140981967998,0.009240866252006248
W89dba8cf45fe1eac0006,0.013841509155144954,0.5033533692824013,0.005003619151651835,0.004471412501139276,0.003853831158427351,0.022326233445120677,0.4005283087390014,0.0007763541376821541,6.821334166731089e-06,0.0014873671294087364,0.0029355752697542803,0.02668140981967998,0.009240866252006248
W89f090125bfffe9d0000,0.003434897273506975,0.0021498514580251945,0.024599837671265095,0.19142663770741442,0.13720810882941908,0.04455107540699132,0.013621012195390192,0.38110703169690663,0.004415943382545357,0.048011835026473014,0.014465482052333854,0.0058194546528319135,0.027830366580073932
W89f090125bfffe9d0001,0.003434897273506975,0.0021498514580251945,0.024599837671265095,0.19142663770741442,0.13720810882941908,0.04455107540699132,0.013621012195390192,0.38110703169690663,0.004415943382545357,0.048011835026473014,0.014465482052333854,0.0058194546528319135,0.027830366580073932
W89f090125bfffe9d0002,0.003434897273506975,0.0021498514580251945,0.024599837671265095,0.19142663770741442,0.13720810882941908,0.04455107540699132,0.013621012195390192,0.38110703169690663,0.004415943382545357,0.048011835026473014,0.014465482052333854,0.0058194546528319135,0.027830366580073932
W89f090125bfffe9d0003,0.003434897273506975,0.0021498514580251945,0.024599837671265095,0.19142663770741442,0.13720810882941908,0.04455107540699132,0.013621012195390192,0.38110703169690663,0.004415943382545357,0.048011835026473014,0.014465482052333854,0.0058194546528319135,0.027830366580073932
W89f090125bfffe9d0004,0.003434897273506975,0.0021498514580251945,0.024599837671265095,0.19142663770741442,0.13720810882941908,0.04455107540699132,0.013621012195390192,0.38110703169690663,0.004415943382545357,0.048011835026473014,0.014465482052333854,0.0058194546528319135,0.027830366580073932
W89f090125bfffe9d0005,0.003434897273506975,0.0021498514580251945,0.024599837671265095,0.19142663770741442,0.13720810882941908,0.04455107540699132,0.013621012195390192,0.38110703169690663,0.004415943382545357,0.048011835026473014,0.014465482052333854,0.0058194546528319135,0.027830366580073932
W89f090125bfffe9d0006,0.003434897273506975,0.0021498514580251945,0.024599837671265095,0.19142663770741442,0.13720810882941908,0.04455107540699132,0.013621012195390192,0.38110703169690663,0.004415943382545357,0.048011835026473014,0.014465482052333854,0.0058194546528319135,0.027830366580073932
W8fdaa6f350b04e640000,1.7307632353574935e-05,0.00013317202275146876,0.0010980368851126973,0.0002684642121717408,0.011762153936189993,0.14117705641516945,8.388031870836057e-05,0.0007354106865689613,1.4724621735791486e-05,2.2956219032290405e-05,8.576487534308709e-05,0.7183520720222373,0.1260540641673787
W8fdaa6f350b04e640001,1.7307632353574935e-05,0.00013317202275146876,0.0010980368851126973,0.0002684642121717408,0.011762153936189993,0.14117705641516945,8.388031870836057e-05,0.0007354106865689613,1.4724621735791486e-05,2.2956219032290405e-05,8.576487534308709e-05,0.7183520720222373,0.1260540641673787
W8fdaa6f350b04e640002,1.7307632353574935e-05,0.00013317202275146876,0.0010980368851126973,0.0002684642121717408,0.011762153936189993,0.14117705641516945,8.388031870836057e-05,0.0007354106865689613,1.4724621735791486e-05,2.2956219032290405e-05,8.576487534308709e-05,0.7183520720222373,0.1260540641673787
W8fdaa6f350b04e640003,1.7307632353574935e-05,0.00013317202275146876,0.0010980368851126973,0.0002684642121717408,0.011762153936189993,0.14117705641516945,8.388031870836057e-05,0.0007354106865689613,1.4724621735791486e-05,2.2956219032290405e-05,8.576487534308709e-05,0.7183520720222373,0.1260540641673787
W8fdaa6f350b04e640004,1.7307632353574935e-05,0.00013317202275146876,0.0010980368851126973,0.0002684642121717408,0.011762153936189993,0.14117705641516945,8.388031870836057e-05,0.0007354106865689613,1.4724621735791486e-05,2.2956219032290405e-05,8.576487534308709e-05,0.7183520720222373,0.1260540641673787
W8fdaa6f350b04e640005,1.7307632353574935e-05,0.00013317202275146876,0.0010980368851126973,0.0002684642121717408,0.011762153936189993,0.14117705641516945,8.388031870836057e-05,0.0007354106865689613,1.4724621735791486e-05,2.2956219032290405e-05,8.576487534308709e-05,0.7183520720222373,0.1260540641673787
W8fdaa6f350b04e640006,1.7307632353574935e-05,0.00013317202275146876,0.0010980368851126973,0.0002684642121717408,0.011762153936189993,0.14117705641516945,8.388031870836057e-05,0.0007354106865689613,1.4724621735791486e-05,2.2956219032290405e-05,8.576487534308709e-05,0.7183520720222373,0.1260540641673787
W9167103c2a2f5c940000,0.0031752561038344796,0.0012235942685744205,0.013610547938038432,0.010160590549230974,0.012435271846115033,0.003268787061498636,0.002205773411292011,0.04720042134681303,0.5227863820429962,0.00942472270845284,0.2993815511977926,0.0021722952502457385,0.026047667124543827
W9167103c2a2f5c940001,0.0031752561038344796,0.0012235942685744205,0.013610547938038432,0.010160590549230974,0.012435271846115033,0.003268787061498636,0.002205773411292011,0.04720042134681303,0.5227863820429962,0.00942472270845284,0.2993815511977926,0.0021722952502457385,0.026047667124543827
W9167103c2a2f5c940002,0.0031752561038344796,0.0012235942685744205,0.013610547938038432,0.010160590549230974,0.012435271846115033,0.003268787061498636,0.002205773411292011,0.04720042134681303,0.5227863820429962,0.00942472270845284,0.2993815511977926,0.0021722952502457385,0.026047667124543827
W9167103c2a2f5c940003,0.0031752561038344796,0.0012235942685744205,0.013610547938038432,0.010160590549230974,0.012435271846115033,0.003268787061498636,0.002205773411292011,0.04720042134681303,0.5227863820429962,0.00942472270845284,0.2993815511977926,0.0021722952502457385,0.026047667124543827
W9167103c2a2f5c940004,0.0031752561038344796,0.0012235942685744205,0.013610547938038432,0.010160590549230974,0.012435271846115033,0.003268787061498636,0.002205773411292011,0.04720042134681303,0.5227863820429962,0.00942472270845284,0.2993815511977926,0.0021722952502457385,0.026047667124543827
W9167103c2a2f5c940005,0.0031752561038344796,0.0012235942685744205,0.013610547938038432,0.010160590549230974,0.012435271846115033,0.003268787061498636,0.002205773411292011,0.04720042134681303,0.5227863820429962,0.00942472270845284,0.2993815511977926,0.0021722952502457385,0.026047667124543827
W9167103c2a2f5c940006,0.0031752561038344796,0.0012235942685744205,0.013610547938038432,0.010160590549230974,0.012435271846115033,0.003268787061498636,0.002205773411292011,0.04720042134681303,0.5227863820429962,0.00942472270845284,0.2993815511977926,0.0021722952502457385,0.026047667124543827
W91728f6dcf9532870000,0.0036787966462952623,0.0024856163092812833,0.14946522762747078,0.01711759430588294,0.06276782961737841,0.012678689894782876,0.02089936481204691,0.008916524957980664,0.012235044965163392,0.02292514166162546,0.020932526490722532,0.002000646771474175,0.29468858124037856
W91728f6dcf9532870001,0.0036787966462952623,0.0024856163092812833,0.14946522762747078,0.01711759430588294,0.06276782961737841,0.012678689894782876,0.02089936481204691,0.008916524957980664,0.012235044965163392,0.02292514166162546,0.020932526490722532,0.002000646771474175,0.29468858124037856
W91728f6dcf9532870002,0.0036787966462952623,0.0024856163092812833,0.14946522762747078,0.01711759430588294,0.06276782961737841,0.012678689894782876,0.02089936481204691,0.008916524957980664,0.012235044965163392,0.02292514166162546,0.020932526490722532,0.002000646771474175,0.29468858124037856
W91728f6dcf9532870003,0.0036787966462952623,0.0024856163092812833,0.14946522762747078,0.01711759430588294,0.06276782961737841,0.012678689894782876,0.02089936481204691,0.008916524957980664,0.012235044965163392,0.02292514166162546,0.020932526490722532,0.002000646771474175,0.29468858124037856
W91728f6dcf9532870004,0.0036787966462952623,0.0024856163092812833,0.14946522762747078,0.01711759430588294,0.06276782961737841,0.012678689894782876,0.02089936481204691,0.008916524957980664,0.012235044965163392,0.02292514166162546,0.020932526490722532,0.002000646771474175,0.29468858124037856
W91728f6dcf9532870005,0.0036787966462952623,0.0024856163092812833,0.14946522762747078,0.01711759430588294,0.06276782961737841,0.012678689894782876,0.02089936481204691,0.008916524957980664,0.012235044965163392,0.02292514166162546,0.020932526490722532,0.002000646771474175,0.29468858124037856
W91728f6dcf9532870006,0.0036787966462952623,0.0024856163092812833,0.14946522762747078,0.01711759430588294,0.06276782961737841,0.012678689894782876,0.02089936481204691,0.008916524957980664,0.012235044965163392,0.02292514166162546,0.020932526490722532,0.002000646771474175,0.29468858124037856
W933dee989fcf34660000,0.0024075443681983856,0.0016685249534762066,0.3131754374470918,0.10846209226056747,0.054263205285497725,0.025195810479149025,0.01617509439739395,0.38518164840538593,0.003111077414260628,0.031111601632274295,0.009605642414110467,0.004142721278733673,0.01227670127405207
W933dee989fcf34660001,0.0024075443681983856,0.0016685249534762066,0.3131754374470918,0.10846209226056747,0.054263205285497725,0.025195810479149025,0.01617509439739395,0.38518164840538593,0.003111077414260628,0.031111601632274295,0.009605642414110467,0.004142721278733673,0.01227670127405207
W933dee989fcf34660002,0.0024075443681983856,0.0016685249534762066,0.3131754374470918,0.10846209226056747,0.054263205285497725,0.025195810479149025,0.01617509439739395,0.38518164840538593,0.003111077414260628,0.031111601632274295,0.009605642414110467,0.004142721278733673,0.01227670127405207
W933dee989fcf34660003,0.0024075443681983856,0.0016685249534762066,0.3131754374470918,0.10846209226056747,0.054263205285497725,0.025195810479149025,0.01617509439739395,0.38518164840538593,0.003111077414260628,0.031111601632274295,0.009605642414110467,0.004142721278733673,0.01227670127405207
W933dee989fcf34660004,0.0024075443681983856,0.0016685249534762066,0.3131754374470918,0.10846209226056747,0.054263205285497725,0.025195810479149025,0.01617509439739395,0.38518164840538593,0.003111077414260628,0.031111601632274295,0.009605642414110467,0.004142721278733673,0.01227670127405207
W933dee989fcf34660005,0.0024075443681983856,0.0016685249534762066,0.3131754374470918,0.10846209226056747,0.054263205285497725,0.025195810479149025,0.01617509439739395,0.38518164840538593,0.003111077414260628,0.031111601632274295,0.009605642414110467,0.004142721278733673,0.01227670127405207
W933dee989fcf34660006,0.0024075443681983856,0.0016685249534762066,0.3131754374470918,0.10846209226056747,0.054263205285497725,0.025195810479149025,0.01617509439739395,0.38518164840538593,0.003111077414260628,0.031111601632274295,0.009605642414110467,0.004142721278733673,0.01227670127405207
W9344c87845ff6cef0000,0.0029008423604185477,0.00605583949208146,0.010715385507676941,0.009573324267578318,0.037989279678488204,0.0024582731975848386,0.0185467138616115,0.27524044516607676,0.020520932184938813,0.013896008442193469,0.3909280961741785,0.0034006064256286795,0.08737196065079138
W9344c87845ff6cef0001,0.0029008423604185477,0.00605583949208146,0.010715385507676941,0.009573324267578318,0.037989279678488204,0.0024582731975848386,0.0185467138616115,0.27524044516607676,0.020520932184938813,0.013896008442193469,0.3909280961741785,0.0034006064256286795,0.08737196065079138
W9344c87845ff6cef0002,0.0029008423604185477,0.00605583949208146,0.010715385507676941,0.009573324267578318,0.037989279678488204,0.0024582731975848386,0.0185467138616115,0.27524044516607676,0.020520932184938813,0.013896008442193469,0.3909280961741785,0.0034006064256286795,0.08737196065079138
W9344c87845ff6cef0003,0.0029008423604185477,0.00605583949208146,0.010715385507676941,0.009573324267578318,0.037989279678488204,0.0024582731975848386,0.0185467138616115,0.27524044516607676,0.020520932184938813,0.013896008442193469,0.3909280961741785,0.0034006064256286795,0.08737196065079138
W9344c87845ff6cef0004,0.0029008423604185477,0.00605583949208146,0.010715385507676941,0.009573324267578318,0.037989279678488204,0.0024582731975848386,0.0185467138616115,0.27524044516607676,0.020520932184938813,0.013896008442193469,0.3909280961741785,0.0034006064256286795,0.08737196065079138
W9344c87845ff6cef0005,0.0029008423604185477,0.00605583949208146,0.010715385507676941,0.009573324267578318,0.037989279678488204,0.0024582731975848386,0.0185467138616115,0.27524044516607676,0.020520932184938813,0.013896008442193469,0.3909280961741785,0.0034006064256286795,0.08737196065079138
W9344c87845ff6cef0006,0.0029008423604185477,0.00605583949208146,0.010715385507676941,0.009573324267578318,0.037989279678488204,0.0024582731975848386,0.0185467138616115,0.27524044516607676,0.020520932184938813,0.013896008442193469,0.3909280961741785,0.0034006064256286795,0.08737196065079138
W934d536e0a4fa75e0000,0.0030075094489068056,0.009675796900145282,0.032596406307064,0.010054891404778266,0.1168648962490706,0.01772700418066481,0.018158285852773917,0.005658711679406429,0.0035134646865809245,0.019023005213979358,0.23410317193576427,0.0033316078272285104,0.1918268656555329
W934d536e0a4fa75e0001,0.0030075094489068056,0.009675796900145282,0.032596406307064,0.010054891404778266,0.1168648962490706,0.01772700418066481,0.018158285852773917,0.005658711679406429,0.0035134646865809245,0.019023005213979358,0.23410317193576427,0.0033316078272285104,0.1918268656555329
W934d536e0a4fa75e0002,0.0030075094489068056,0.009675796900145282,0.032596406307064,0.010054891404778266,0.1168648962490706,0.01772700418066481,0.018158285852773917,0.005658711679406429,0.0035134646865809245,0.019023005213979358,0.23410317193576427,0.0033316078272285104,0.1918268656555329
W934d536e0a4fa75e0003,0.0030075094489068056,0.009675796900145282,0.032596406307064,0.010054891404778266,0.1168648962490706,0.01772700418066481,0.018158285852773917,0.005658711679406429,0.0035134646865809245,0.019023005213979358,0.23410317193576427,0.0033316078272285104,0.1918268656555329
W934d536e0a4fa75e0004,0.0030075094489068056,0.009675796900145282,0.032596406307064,0.010054891404778266,0.1168648962490706,0.01772700418066481,0.018158285852773917,0.005658711679406429,0.0035134646865809245,0.019023005213979358,0.23410317193576427,0.0033316078272285104,0.1918268656555329
W934d536e0a4fa75e0005,0.0030075094489068056,0.009675796900145282,0.032596406307064,0.010054891404778266,0.1168648962490706,0.01772700418066481,0.018158285852773917,0.005658711679406429,0.0035134646865809245,0.019023005213979358,0.23410317193576427,0.0033316078272285104,0.1918268656555329
W934d536e0a4fa75e0006,0.0030075094489068056,0.009675796900145282,0.032596406307064,0.010054891404778266,0.1168648962490706,0.01772700418066481,0.018158285852773917,0.005658711679406429,0.0035134646865809245,0.019023005213979358,0.23410317193576427,0.0033316078272285104,0.1918268656555329
W94816ea9aa4a7b080000,0.009549226522621636,0.0017179861110681164,0.2515066771380706,0.11586379227692156,0.025317760529226456,0.143354626482444,0.33767337809652637,0.0025800522919646246,0.009481019934923987,0.00632254632259817,0.013442211598880188,0.018964838756534003,0.025705719436409195
W94816ea9aa4a7b080001,0.009549226522621636,0.0017179861110681164,0.2515066771380706,0.11586379227692156,0.025317760529226456,0.143354626482444,0.33767337809652637,0.0025800522919646246,0.009481019934923987,0.00632254632259817,0.013442211598880188,0.018964838756534003,0.025705719436409195
W94816ea9aa4a7b080002,0.009549226522621636,0.0017179861110681164,0.2515066771380706,0.11586379227692156,0.025317760529226456,0.143354626482444,0.33767337809652637,0.0025800522919646246,0.009481019934923987,0.00632254632259817,0.013442211598880188,0.018964838756534003,0.025705719436409195
W94816ea9aa4a7b080003,0.009549226522621636,0.0017179861110681164,0.2515066771380706,0.11586379227692156,0.025317760529226456,0.143354626482444,0.33767337809652637,0.0025800522919646246,0.009481019934923987,0.00632254632259817,0.013442211598880188,0.018964838756534003,0.025705719436409195
W94816ea9aa4a7b080004,0.009549226522621636,0.0017179861110681164,0.2515066771380706,0.11586379227692156,0.025317760529226456,0.143354626482444,0.33767337809652637,0.0025800522919646246,0.009481019934923987,0.00632254632259817,0.013442211598880188,0.018964838756534003,0.025705719436409195
W94816ea9aa4a7b080005,0.009549226522621636,0.0017179861110681164,0.2515066771380706,0.11586379227692156,0.025317760529226456,0.143354626482444,0.33767337809652637,0.0025800522919646246,0.009481019934923987,0.00632254632259817,0.013442211598880188,0.018964838756534003,0.025705719436409195
W94816ea9aa4a7b080006,0.009549226522621636,0.0017179861110681164,0.2515066771380706,0.11586379227692156,0.025317760529226456,0.143354626482444,0.33767337809652637,0.0025800522919646246,0.009481019934923987,0.00632254632259817,0.013442211598880188,0.018964838756534003,0.025705719436409195
W95f1ffc10b00a1510000,0.008039060933799792,0.002370864351278946,0.12753984294282947,0.02443687218625444,0.17939153920298287,0.01612511361079072,0.019722982254845117,0.018001083394291326,0.01405337899910005,0.04679496441200575,0.02865437967064057,0.002812879631995496,0.04820050265673693
W95f1ffc10b00a1510001,0.008039060933799792,0.002370864351278946,0.12753984294282947,0.02443687218625444,0.17939153920298287,0.01612511361079072,0.019722982254845117,0.018001083394291326,0.01405337899910005,0.04679496441200575,0.02865437967064057,0.002812879631995496,0.04820050265673693
W95f1ffc10b00a1510002,0.008039060933799792,0.002370864351278946,0.12753984294282947,0.02443687218625444,0.17939153920298287,0.01612511361079072,0.019722982254845117,0.018001083394291326,0.01405337899910005,0.04679496441200575,0.02865437967064057,0.002812879631995496,0.04820050265673693
W95f1ffc10b00a1510003,0.008039060933799792,0.002370864351278946,0.12753984294282947,0.02443687218625444,0.17939153920298287,0.01612511361079072,0.019722982254845117,0.018001083394291326,0.01405337899910005,0.04679496441200575,0.02865437967064057,0.002812879631995496,0.04820050265673693
W95f1ffc10b00a1510004,0.008039060933799792,0.002370864351278946,0.12753984294282947,0.02443687218625444,0.17939153920298287,0.01612511361079072,0.019722982254845117,0.018001083394291326,0.01405337899910005,0.04679496441200575,0.02865437967064057,0.002812879631995496,0.04820050265673693
W95f1ffc10b00a1510005,0.008039060933799792,0.002370864351278946,0.12753984294282947,0.02443687218625444,0.17939153920298287,0.01612511361079072,0.019722982254845117,0.018001083394291326,0.01405337899910005,0.04679496441200575,0.02865437967064057,0.002812879631995496,0.04820050265673693
W95f1ffc10b00a1510006,0.008039060933799792,0.002370864351278946,0.12753984294282947,0.02443687218625444,0.17939153920298287,0.01612511361079072,0.019722982254845117,0.018001083394291326,0.01405337899910005,0.04679496441200575,0.02865437967064057,0.002812879631995496,0.04820050265673693
W97c45b19745b94df0000,0.0026202788194646586,0.0031075815036365256,0.15918958009949097,0.01861344405994898,0.04175492574408795,0.5713750714178799,0.0029894016976176516,0.00031251953034096524,0.00016295844346798558,0.008424155302589893,0.00018858460222270705,0.1874087579387188,0.0020754034497746307
W97c45b19745b94df0001,0.0026202788194646586,0.0031075815036365256,0.15918958009949097,0.01861344405994898,0.04175492574408795,0.5713750714178799,0.0029894016976176516,0.00031251953034096524,0.00016295844346798558,0.008424155302589893,0.00018858460222270705,0.1874087579387188,0.0020754034497746307
W97c45b19745b94df0002,0.0026202788194646586,0.0031075815036365256,0.15918958009949097,0.01861344405994898,0.04175492574408795,0.5713750714178799,0.0029894016976176516,0.00031251953034096524,0.00016295844346798558,0.008424155302589893,0.00018858460222270705,0.1874087579387188,0.0020754034497746307
W97c45b19745b94df0003,0.0026202788194646586,0.0031075815036365256,0.15918958009949097,0.01861344405994898,0.04175492574408795,0.5713750714178799,0.0029894016976176516,0.00031251953034096524,0.00016295844346798558,0.008424155302589893,0.00018858460222270705,0.1874087579387188,0.0020754034497746307
W97c45b19745b94df0004,0.0026202788194646586,0.0031075815036365256,0.15918958009949097,0.01861344405994898,0.04175492574408795,0.5713750714178799,0.0029894016976176516,0.00031251953034096524,0.00016295844346798558,0.008424155302589893,0.00018858460222270705,0.1874087579387188,0.0020754034497746307
W97c45b19745b94df0005,0.0026202788194646586,0.0031075815036365256,0.15918958009949097,0.01861344405994898,0.04175492574408795,0.5713750714178799,0.0029894016976176516,0.00031251953034096524,0.00016295844346798558,0.008424155302589893,0.00018858460222270705,0.1874087579387188,0.0020754034497746307
W97c45b19745b94df0006,0.0026202788194646586,0.0031075815036365256,0.15918958009949097,0.01861344405994898,0.04175492574408795,0.5713750714178799,0.0029894016976176516,0.00031251953034096524,0.00016295844346798558,0.008424155302589893,0.00018858460222270705,0.1874087579387188,0.0020754034497746307
W98363a8dc28d4e7a0000,0.004361831645502786,0.9628273241228522,0.0037091544659731963,0.0014804888823016394,0.002215186536706871,0.0011744197491259374,0.008912765370717874,8.212775010600252e-06,1.0804413630159531e-05,0.002927461134837881,0.002685929480876573,0.0013246257618047506,0.00310012682540833
W98363a8dc28d4e7a0001,0.004361831645502786,0.9628273241228522,0.0037091544659731963,0.0014804888823016394,0.002215186536706871,0.0011744197491259374,0.008912765370717874,8.212775010600252e-06,1.0804413630159531e-05,0.002927461134837881,0.002685929480876573,0.0013246257618047506,0.00310012682540833
W98363a8dc28d4e7a0002,0.004361831645502786,0.9628273241228522,0.0037091544659731963,0.0014804888823016394,0.002215186536706871,0.0011744197491259374,0.008912765370717874,8.212775010600252e-06,1.0804413630159531e-05,0.002927461134837881,0.002685929480876573,0.0013246257618047506,0.00310012682540833
W98363a8dc28d4e7a0003,0.004361831645502786,0.9628273241228522,0.0037091544659731963,0.0014804888823016394,0.002215186536706871,0.0011744197491259374,0.008912765370717874,8.212775010600252e-06,1.0804413630159531e-05,0.002927461134837881,0.002685929480876573,0.0013246257618047506,0.00310012682540833
W98363a8dc28d4e7a0004,0.004361831645502786,0.9628273241228522,0.0037091544659731963,0.0014804888823016394,0.002215186536706871,0.0011744197491259374,0.008912765370717874,8.212775010600252e-06,1.0804413630159531e-05,0.002927461134837881,0.002685929480876573,0.0013246257618047506,0.00310012682540833
W98363a8dc28d4e7a0005,0.004361831645502786,0.9628273241228522,0.0037091544659731963,0.0014804888823016394,0.002215186536706871,0.0011744197491259374,0.008912765370717874,8.212775010600252e-06,1.0804413630159531e-05,0.002927461134837881,0.002685929480876573,0.0013246257618047506,0.00310012682540833
W98363a8dc28d4e7a0006,0.004361831645502786,0.9628273241228522,0.0037091544659731963,0.0014804888823016394,0.002215186536706871,0.0011744197491259374,0.008912765370717874,8.212775010600252e-06,1.0804413630159531e-05,0.002927461134837881,0.002685929480876573,0.0013246257618047506,0.00310012682540833
W996235ea48a904bf0000,0.0037882647423603567,0.004430842640544948,0.35499364826463764,0.01959472844353277,0.03966827354137574,0.018231342306209843,0.006912607279819331,0.015282938147502647,0.049052244937466044,0.2612637148889465,0.0288520045979345,0.004379546658157841,0.1392143234500715
W996235ea48a904bf0001,0.0037882647423603567,0.004430842640544948,0.35499364826463764,0.01959472844353277,0.03966827354137574,0.018231342306209843,0.006912607279819331,0.015282938147502647,0.049052244937466044,0.2612637148889465,0.0288520045979345,0.004379546658157841,0.1392143234500715
W996235ea48a904bf0002,0.0037882647423603567,0.004430842640544948,0.35499364826463764,0.01959472844353277,0.03966827354137574,0.018231342306209843,0.006912607279819331,0.015282938147502647,0.049052244937466044,0.2612637148889465,0.0288520045979345,0.004379546658157841,0.1392143234500715
W996235ea48a904bf0003,0.0037882647423603567,0.004430842640544948,0.35499364826463764,0.01959472844353277,0.03966827354137574,0.018231342306209843,0.006912607279819331,0.015282938147502647,0.049052244937466044,0.2612637148889465,0.0288520045979345,0.004379546658157841,0.1392143234500715
W996235ea48a904bf0004,0.0037882647423603567,0.004430842640544948,0.35499364826463764,0.01959472844353277,0.03966827354137574,0.018231342306209843,0.006912607279819331,0.015282938147502647,0.049052244937466044,0.2612637148889465,0.0288520045979345,0.004379546658157841,0.1392143234500715
W996235ea48a904bf0005,0.0037882647423603567,0.004430842640544948,0.35499364826463764,0.01959472844353277,0.03966827354137574,0.018231342306209843,0.006912607279819331,0.015282938147502647,0.049052244937466044,0.2612637148889465,0.0288520045979345,0.004379546658157841,0.1392143234500715
W996235ea48a904bf0006,0.0037882647423603567,0.004430842640544948,0.35499364826463764,0.01959472844353277,0.03966827354137574,0.018231342306209843,0.006912607279819331,0.015282938147502647,0.049052244937466044,0.2612637148889465,0.0288520045979345,0.004379546658157841,0.1392143234500715
W9aa5c5ee10122b880000,0.00785275934626819,0.003012318731423817,0.06804879274776855,0.01764704325063529,0.02284574580081798,0.019612598176105292,0.008963692923496814,0.007467975032988072,0.013093613178452625,0.026914697830087767,0.02694796410661307,0.007267754237712341,0.5142898620874213
W9aa5c5ee10122b880001,0.00785275934626819,0.003012318731423817,0.06804879274776855,0.01764704325063529,0.02284574580081798,0.019612598176105292,0.008963692923496814,0.007467975032988072,0.013093613178452625,0.026914697830087767,0.02694796410661307,0.007267754237712341,0.5142898620874213
W9aa5c5ee10122b880002,0.00785275934626819,0.003012318731423817,0.06804879274776855,0.01764704325063529,0.02284574580081798,0.019612598176105292,0.008963692923496814,0.007467975032988072,0.013093613178452625,0.026914697830087767,0.02694796410661307,0.007267754237712341,0.5142898620874213
W9aa5c5ee10122b880003,0.00785275934626819,0.003012318731423817,0.06804879274776855,0.01764704325063529,0.02284574580081798,0.019612598176105292,0.008963692923496814,0.007467975032988072,0.013093613178452625,0.026914697830087767,0.02694796410661307,0.007267754237712341,0.5142898620874213
W9aa5c5ee10122b880004,0.00785275934626819,0.003012318731423817,0.06804879274776855,0.01764704325063529,0.02284574580081798,0.019612598176105292,0.008963692923496814,0.007467975032988072,0.013093613178452625,0.026914697830087767,0.02694796410661307,0.007267754237712341,0.5142898620874213
W9aa5c5ee10122b880005,0.00785275934626819,0.003012318731423817,0.06804879274776855,0.01764704325063529,0.02284574580081798,0.019612598176105292,0.008963692923496814,0.007467975032988072,0.013093613178452625,0.026914697830087767,0.02694796410661307,0.007267754237712341,0.5142898620874213
W9aa5c5ee10122b880006,0.00785275934626819,0.003012318731423817,0.06804879274776855,0.01764704325063529,0.02284574580081798,0.019612598176105292,0.008963692923496814,0.007467975032988072,0.013093613178452625,0.026914697830087767,0.02694796410661307,0.007267754237712341,0.5142898620874213
W9be63e50209fda370000,0.011550227413140102,0.46872586757131485,0.01695865493209013,0.011333199883250147,0.00861540262558603,0.004200699956728358,0.3788903423798136,0.0025290306090372605,0.0032534351986082495,0.011561664932171593,0.0299891995521601,0.0044866741939357455,0.010984890766630439
W9be63e50209fda370001,0.011550227413140102,0.46872586757131485,0.01695865493209013,0.011333199883250147,0.00861540262558603,0.004200699956728358,0.3788903423798136,0.0025290306090372605,0.0032534351986082495,0.011561664932171593,0.0299891995521601,0.0044866741939357455,0.010984890766630439
W9be63e50209fda370002,0.011550227413140102,0.46872586757131485,0.01695865493209013,0.011333199883250147,0.00861540262558603,0.004200699956728358,0.3788903423798136,0.0025290306090372605,0.0032534351986082495,0.011561664932171593,0.0299891995521601,0.0044866741939357455,0.010984890766630439
W9be63e50209fda370003,0.011550227413140102,0.46872586757131485,0.01695865493209013,0.011333199883250147,0.00861540262558603,0.004200699956728358,0.3788903423798136,0.0025290306090372605,0.0032534351986082495,0.011561664932171593,0.0299891995521601,0.0044866741939357455,0.010984890766630439
W9be63e50209fda370004,0.011550227413140102,0.46872586757131485,0.01695865493209013,0.011333199883250147,0.00861540262558603,0.004200699956728358,0.3788903423798136,0.0025290306090372605,0.0032534351986082495,0.011561664932171593,0.0299891995521601,0.0044866741939357455,0.010984890766630439
W9be63e50209fda370005,0.011550227413140102,0.46872586757131485,0.01695865493209013,0.011333199883250147,0.00861540262558603,0.004200699956728358,0.3788903423798136,0.0025290306090372605,0.0032534351986082495,0.011561664932171593,0.0299891995521601,0.0044866741939357455,0.010984890766630439
W9be63e50209fda370006,0.011550227413140102,0.46872586757131485,0.01695865493209013,0.011333199883250147,0.00861540262558603,0.004200699956728358,0.3788903423798136,0.0025290306090372605,0.0032534351986082495,0.011561664932171593,0.0299891995521601,0.0044866741939357455,0.010984890766630439
W9c32d29c5c5991240000,0.013468337357058796,0.0009917536964581155,0.3272428683732882,0.0745135563188126,0.09282463897110704,0.028706231311963832,0.011957684193337922,0.3880052327762132,0.005390881842378621,0.009062458390417267,0.006123688078706079,0.00922278957140079,0.009413042431667866
W9c32d29c5c5991240001,0.013468337357058796,0.0009917536964581155,0.3272428683732882,0.0745135563188126,0.09282463897110704,0.028706231311963832,0.011957684193337922,0.3880052327762132,0.005390881842378621,0.009062458390417267,0.006123688078706079,0.00922278957140079,0.009413042431667866
W9c32d29c5c5991240002,0.013468337357058796,0.0009917536964581155,0.3272428683732882,0.0745135563188126,0.09282463897110704,0.028706231311963832,0.011957684193337922,0.3880052327762132,0.005390881842378621,0.009062458390417267,0.006123688078706079,0.00922278957140079,0.009413042431667866
W9c32d29c5c5991240003,0.013468337357058796,0.0009917536964581155,0.3272428683732882,0.0745135563188126,0.09282463897110704,0.028706231311963832,0.011957684193337922,0.3880052327762132,0.005390881842378621,0.009062458390417267,0.006123688078706079,0.00922278957140079,0.009413042431667866
W9c32d29c5c5991240004,0.013468337357058796,0.0009917536964581155,0.3272428683732882,0.0745135563188126,0.09282463897110704,0.028706231311963832,0.011957684193337922,0.3880052327762132,0.005390881842378621,0.009062458390417267,0.006123688078706079,0.00922278957140079,0.009413042431667866
W9c32d29c5c5991240005,0.013468337357058796,0.0009917536964581155,0.3272428683732882,0.0745135563188126,0.09282463897110704,0.028706231311963832,0.011957684193337922,0.3880052327762132,0.005390881842378621,0.009062458390417267,0.006123688078706079,0.00922278957140079,0.009413042431667866
W9c32d29c5c5991240006,0.013468337357058796,0.0009917536964581155,0.3272428683732882,0.0745135563188126,0.09282463897110704,0.028706231311963832,0.011957684193337922,0.3880052327762132,0.005390881842378621,0.009062458390417267,0.006123688078706079,0.00922278957140079,0.009413042431667866
W9d4441fee3e033450000,0.017434949120081936,0.007067595720865921,0.15287406910384713,0.049420744173532864,0.04378622062107866,0.34187827498724527,0.0410158946578894,0.011433675800521481,0.026479254364198908,0.10784271726410138,0.02949812576256575,0.008377838640491984,0.03213402954151347
W9d4441fee3e033450001,0.017434949120081936,0.007067595720865921,0.15287406910384713,0.049420744173532864,0.04378622062107866,0.34187827498724527,0.0410158946578894,0.011433675800521481,0.026479254364198908,0.10784271726410138,0.02949812576256575,0.008377838640491984,0.03213402954151347
W9d4441fee3e033450002,0.017434949120081936,0.007067595720865921,0.15287406910384713,0.049420744173532864,0.04378622062107866,0.34187827498724527,0.0410158946578894,0.011433675800521481,0.026479254364198908,0.10784271726410138,0.02949812576256575,0.008377838640491984,0.03213402954151347
W9d4441fee3e033450003,0.017434949120081936,0.007067595720865921,0.15287406910384713,0.049420744173532864,0.04378622062107866,0.34187827498724527,0.0410158946578894,0.011433675800521481,0.026479254364198908,0.10784271726410138,0.02949812576256575,0.008377838640491984,0.03213402954151347
W9d4441fee3e033450004,0.017434949120081936,0.007067595720865921,0.15287406910384713,0.049420744173532864,0.04378622062107866,0.34187827498724527,0.0410158946578894,0.011433675800521481,0.026479254364198908,0.10784271726410138,0.02949812576256575,0.008377838640491984,0.03213402954151347
W9d4441fee3e033450005,0.017434949120081936,0.007067595720865921,0.15287406910384713,0.049420744173532864,0.04378622062107866,0.34187827498724527,0.0410158946578894,0.011433675800521481,0.026479254364198908,0.10784271726410138,0.02949812576256575,0.008377838640491984,0.03213402954151347
W9d4441fee3e033450006,0.017434949120081936,0.007067595720865921,0.15287406910384713,0.049420744173532864,0.04378622062107866,0.34187827498724527,0.0410158946578894,0.011433675800521481,0.026479254364198908,0.10784271726410138,0.02949812576256575,0.008377838640491984,0.03213402954151347
W9da0e7068237f0450000,0.0033751430836248954,0.000937842216540427,0.7964932175668087,0.06509513549080784,0.06151400763627295,0.038795792917169176,0.004987919899218865,0.001509509082487622,0.00019857857333471882,0.003710856139347497,0.0018653965812990745,0.01233296761107228,0.004940877243077178
W9da0e7068237f0450001,0.0033751430836248954,0.000937842216540427,0.7964932175668087,0.06509513549080784,0.06151400763627295,0.038795792917169176,0.004987919899218865,0.001509509082487622,0.00019857857333471882,0.003710856139347497,0.0018653965812990745,0.01233296761107228,0.004940877243077178
W9da0e7068237f0450002,0.0033751430836248954,0.000937842216540427,0.7964932175668087,0.06509513549080784,0.06151400763627295,0.038795792917169176,0.004987919899218865,0.001509509082487622,0.00019857857333471882,0.003710856139347497,0.0018653965812990745,0.01233296761107228,0.004940877243077178
W9da0e7068237f0450003,0.0033751430836248954,0.000937842216540427,0.7964932175668087,0.06509513549080784,0.06151400763627295,0.038795792917169176,0.004987919899218865,0.001509509082487622,0.00019857857333471882,0.003710856139347497,0.0018653965812990745,0.01233296761107228,0.004940877243077178
W9da0e7068237f0450004,0.0033751430836248954,0.000937842216540427,0.7964932175668087,0.06509513549080784,0.06151400763627295,0.038795792917169176,0.004987919899218865,0.001509509082487622,0.00019857857333471882,0.003710856139347497,0.0018653965812990745,0.01233296761107228,0.004940877243077178
W9da0e7068237f0450005,0.0033751430836248954,0.000937842216540427,0.7964932175668087,0.06509513549080784,0.06151400763627295,0.038795792917169176,0.004987919899218865,0.001509509082487622,0.00019857857333471882,0.003710856139347497,0.0018653965812990745,0.01233296761107228,0.004940877243077178
W9da0e7068237f0450006,0.0033751430836248954,0.000937842216540427,0.7964932175668087,0.06509513549080784,0.06151400763627295,0.038795792917169176,0.004987919899218865,0.001509509082487622,0.00019857857333471882,0.003710856139347497,0.0018653965812990745,0.01233296761107228,0.004940877243077178
Wa057a5b77f36fc860000,6.92518687858705e-05,0.00031538726572566205,0.0020134561147576203,0.0020485153064307236,0.0011329280140057317,0.17970484524251318,0.0010061220189582552,0.006672571087263669,2.633545247420365e-05,0.0006381793987915391,0.0006984451639110113,0.7996458517909985,0.005843761876420722
Wa057a5b77f36fc860001,6.92518687858705e-05,0.00031538726572566205,0.0020134561147576203,0.0020485153064307236,0.0011329280140057317,0.17970484524251318,0.0010061220189582552,0.006672571087263669,2.633545247420365e-05,0.0006381793987915391,0.0006984451639110113,0.7996458517909985,0.005843761876420722
Wa057a5b77f36fc860002,6.92518687858705e-05,0.00031538726572566205,0.0020134561147576203,0.0020485153064307236,0.0011329280140057317,0.17970484524251318,0.0010061220189582552,0.006672571087263669,2.633545247420365e-05,0.0006381793987915391,0.0006984451639110113,0.7996458517909985,0.005843761876420722
Wa057a5b77f36fc860003,6.92518687858705e-05,0.00031538726572566205,0.0020134561147576203,0.0020485153064307236,0.0011329280140057317,0.17970484524251318,0.0010061220189582552,0.006672571087263669,2.633545247420365e-05,0.0006381793987915391,0.0006984451639110113,0.7996458517909985,0.005843761876420722
Wa057a5b77f36fc860004,6.92518687858705e-05,0.00031538726572566205,0.0020134561147576203,0.0020485153064307236,0.0011329280140057317,0.17970484524251318,0.0010061220189582552,0.006672571087263669,2.633545247420365e-05,0.0006381793987915391,0.0006984451639110113,0.7996458517909985,0.005843761876420722
Wa057a5b77f36fc860005,6.92518687858705e-05,0.00031538726572566205,0.0020134561147576203,0.0020485153064307236,0.0011329280140057317,0.17970484524251318,0.0010061220189582552,0.006672571087263669,2.633545247420365e-05,0.0006381793987915391,0.0006984451639110113,0.7996458517909985,0.005843761876420722
Wa057a5b77f36fc860006,6.92518687858705e-05,0.00031538726572566205,0.0020134561147576203,0.0020485153064307236,0.0011329280140057317,0.17970484524251318,0.0010061220189582552,0.006672571087263669,2.633545247420365e-05,0.0006381793987915391,0.0006984451639110113,0.7996458517909985,0.005843761876420722
Wa0c609cd1eedb9570000,0.001597961924259375,0.0005789552715331287,0.008771945353377155,0.01395936086114921,0.012577399202612192,0.009708253057100637,0.03508509583304464,0.0499655448005779,0.00869644866164381,0.015433492340799097,0.0441775923736619,0.03924427289713629,0.20859145961791004
Wa0c609cd1eedb9570001,0.001597961924259375,0.0005789552715331287,0.008771945353377155,0.01395936086114921,0.012577399202612192,0.009708253057100637,0.03508509583304464,0.0499655448005779,0.00869644866164381,0.015433492340799097,0.0441775923736619,0.03924427289713629,0.20859145961791004
Wa0c609cd1eedb9570002,0.001597961924259375,0.0005789552715331287,0.008771945353377155,0.01395936086114921,0.012577399202612192,0.009708253057100637,0.03508509583304464,0.0499655448005779,0.00869644866164381,0.015433492340799097,0.0441775923736619,0.03924427289713629,0.20859145961791004
Wa0c609cd1eedb9570003,0.001597961924259375,0.0005789552715331287,0.008771945353377155,0.01395936086114921,0.012577399202612192,0.009708253057100637,0.03508509583304464,0.0499655448005779,0.00869644866164381,0.015433492340799097,0.0441775923736619,0.03924427289713629,0.20859145961791004
Wa0c609cd1eedb9570004,0.001597961924259375,0.0005789552715331287,0.008771945353377155,0.01395936086114921,0.012577399202612192,0.009708253057100637,0.03508509583304464,0.0499655448005779,0.00869644866164381,0.015433492340799097,0.0441775923736619,0.03924427289713629,0.20859145961791004
Wa0c609cd1eedb9570005,0.001597961924259375,0.0005789552715331287,0.008771945353377155,0.01395936086114921,0.012577399202612192,0.009708253057100637,0.03508509583304464,0.0499655448005779,0.00869644866164381,0.015433492340799097,0.0441775923736619,0.03924427289713629,0.20859145961791004
Wa0c609cd1eedb9570006,0.001597961924259375,0.0005789552715331287,0.008771945353377155,0.01395936086114921,0.012577399202612192,0.009708253057100637,0.03508509583304464,0.0499655448005779,0.00869644866164381,0.015433492340799097,0.0441775923736619,0.03924427289713629,0.20859145961791004
Wa21b3e0948b305ef0000,0.9298873425612096,1.475447280171791e-05,0.005062511118521906,0.014610926795548623,0.011846582063345443,0.00970627426647449,0.0034561930532742984,0.0010245980124583996,0.0005208566058211234,0.009239315434968394,0.0011446039936109087,0.0039477382776726844,0.008650512556649429
Wa21b3e0948b305ef0001,0.9298873425612096,1.475447280171791e-05,0.005062511118521906,0.014610926795548623,0.011846582063345443,0.00970627426647449,0.0034561930532742984,0.0010245980124583996,0.0005208566058211234,0.009239315434968394,0.0011446039936109087,0.0039477382776726844,0.008650512556649429
Wa21b3e0948b305ef0002,0.9298873425612096,1.475447280171791e-05,0.005062511118521906,0.014610926795548623,0.011846582063345443,0.00970627426647449,0.0034561930532742984,0.0010245980124583996,0.0005208566058211234,0.009239315434968394,0.0011446039936109087,0.0039477382776726844,0.008650512556649429
Wa21b3e0948b305ef0003,0.9298873425612096,1.475447280171791e-05,0.005062511118521906,0.014610926795548623,0.011846582063345443,0.00970627426647449,0.0034561930532742984,0.0010245980124583996,0.0005208566058211234,0.009239315434968394,0.0011446039936109087,0.0039477382776726844,0.008650512556649429
Wa21b3e0948b305ef0004,0.9298873425612096,1.475447280171791e-05,0.005062511118521906,0.014610926795548623,0.011846582063345443,0.00970627426647449,0.0034561930532742984,0.0010245980124583996,0.0005208566058211234,0.009239315434968394,0.0011446039936109087,0.0039477382776726844,0.008650512556649429
Wa21b3e0948b305ef0005,0.9298873425612096,1.475447280171791e-05,0.005062511118521906,0.014610926795548623,0.011846582063345443,0.00970627426647449,0.0034561930532742984,0.0010245980124583996,0.0005208566058211234,0.009239315434968394,0.0011446039936109087,0.0039477382776726844,0.008650512556649429
Wa21b3e0948b305ef0006,0.9298873425612096,1.475447280171791e-05,0.005062511118521906,0.014610926795548623,0.011846582063345443,0.00970627426647449,0.0034561930532742984,0.0010245980124583996,0.0005208566058211234,0.009239315434968394,0.0011446039936109087,0.0039477382776726844,0.008650512556649429
Wa2a75addcf692f5e0000,0.0007579436634815908,0.0010335812818913525,0.05617451888344431,0.024140127534994695,0.020639911431048378,0.004886515607978463,0.016344496370511778,0.0764661609341469,0.013931108429953605,0.039880828464466354,0.03750479589944928,0.007356248610791759,0.015595700014953893
Wa2a75addcf692f5e0001,0.0007579436634815908,0.0010335812818913525,0.05617451888344431,0.024140127534994695,0.020639911431048378,0.004886515607978463,0.016344496370511778,0.0764661609341469,0.013931108429953605,0.039880828464466354,0.03750479589944928,0.007356248610791759,0.015595700014953893
Wa2a75addcf692f5e0002,0.0007579436634815908,0.0010335812818913525,0.05617451888344431,0.024140127534994695,0.020639911431048378,0.004886515607978463,0.016344496370511778,0.0764661609341469,0.013931108429953605,0.039880828464466354,0.03750479589944928,0.007356248610791759,0.015595700014953893
Wa2a75addcf692f5e0003,0.0007579436634815908,0.0010335812818913525,0.05617451888344431,0.024140127534994695,0.020639911431048378,0.004886515607978463,0.016344496370511778,0.0764661609341469,0.013931108429953605,0.039880828464466354,0.03750479589944928,0.007356248610791759,0.015595700014953893
Wa2a75addcf692f5e0004,0.0007579436634815908,0.0010335812818913525,0.05617451888344431,0.024140127534994695,0.020639911431048378,0.004886515607978463,0.016344496370511778,0.0764661609341469,0.013931108429953605,0.039880828464466354,0.03750479589944928,0.007356248610791759,0.015595700014953893
Wa2a75addcf692f5e0005,0.0007579436634815908,0.0010335812818913525,0.05617451888344431,0.024140127534994695,0.020639911431048378,0.004886515607978463,0.016344496370511778,0.0764661609341469,0.013931108429953605,0.039880828464466354,0.03750479589944928,0.007356248610791759,0.015595700014953893
Wa2a75addcf692f5e0006,0.0007579436634815908,0.0010335812818913525,0.05617451888344431,0.024140127534994695,0.020639911431048378,0.004886515607978463,0.016344496370511778,0.0764661609341469,0.013931108429953605,0.039880828464466354,0.03750479589944928,0.007356248610791759,0.015595700014953893
Wa3a325220c6dacae0000,0.01783920580655251,0.0025579136481816865,0.5183091239897911,0.06011085662685346,0.039040859026911075,0.29863618918378637,0.00571393604759864,0.0030171835349919723,0.002201679122912376,0.008603838537852432,0.008650063446177154,0.01825342777622679,0.013663285231068866
Wa3a325220c6dacae0001,0.01783920580655251,0.0025579136481816865,0.5183091239897911,0.06011085662685346,0.039040859026911075,0.29863618918378637,0.00571393604759864,0.0030171835349919723,0.002201679122912376,0.008603838537852432,0.008650063446177154,0.01825342777622679,0.013663285231068866
Wa3a325220c6dacae0002,0.01783920580655251,0.0025579136481816865,0.5183091239897911,0.06011085662685346,0.039040859026911075,0.29863618918378637,0.00571393604759864,0.0030171835349919723,0.002201679122912376,0.008603838537852432,0.008650063446177154,0.01825342777622679,0.013663285231068866
Wa3a325220c6dacae0003,0.01783920580655251,0.0025579136481816865,0.5183091239897911,0.06011085662685346,0.039040859026911075,0.29863618918378637,0.00571393604759864,0.0030171835349919723,0.002201679122912376,0.008603838537852432,0.008650063446177154,0.01825342777622679,0.013663285231068866
Wa3a325220c6dacae0004,0.01783920580655251,0.0025579136481816865,0.5183091239897911,0.06011085662685346,0.039040859026911075,0.29863618918378637,0.00571393604759864,0.0030171835349919723,0.002201679122912376,0.008603838537852432,0.008650063446177154,0.01825342777622679,0.013663285231068866
Wa3a325220c6dacae0005,0.01783920580655251,0.0025579136481816865,0.5183091239897911,0.06011085662685346,0.039040859026911075,0.29863618918378637,0.00571393604759864,0.0030171835349919723,0.002201679122912376,0.008603838537852432,0.008650063446177154,0.01825342777622679,0.013663285231068866
Wa3a325220c6dacae0006,0.01783920580655251,0.0025579136481816865,0.5183091239897911,0.06011085662685346,0.039040859026911075,0.29863618918378637,0.00571393604759864,0.0030171835349919723,0.002201679122912376,0.008603838537852432,0.008650063446177154,0.01825342777622679,0.013663285231068866
Wa3bc913035208cb30000,0.0024522708267444107,0.005136654925147047,0.023017149624023733,0.013352306840162836,0.021155535160239342,0.0032806287594470537,0.012521478977877115,0.05501286193294206,0.3655355572366678,0.00634357936382926,0.2868570758454941,0.02013967389256215,0.10882940513708955
Wa3bc913035208cb30001,0.0024522708267444107,0.005136654925147047,0.023017149624023733,0.013352306840162836,0.021155535160239342,0.0032806287594470537,0.012521478977877115,0.05501286193294206,0.3655355572366678,0.00634357936382926,0.2868570758454941,0.02013967389256215,0.10882940513708955
Wa3bc913035208cb30002,0.0024522708267444107,0.005136654925147047,0.023017149624023733,0.013352306840162836,0.021155535160239342,0.0032806287594470537,0.012521478977877115,0.05501286193294206,0.3655355572366678,0.00634357936382926,0.2868570758454941,0.02013967389256215,0.10882940513708955
Wa3bc913035208cb30003,0.0024522708267444107,0.005136654925147047,0.023017149624023733,0.013352306840162836,0.021155535160239342,0.0032806287594470537,0.012521478977877115,0.05501286193294206,0.3655355572366678,0.00634357936382926,0.2868570758454941,0.02013967389256215,0.10882940513708955
Wa3bc913035208cb30004,0.0024522708267444107,0.005136654925147047,0.023017149624023733,0.013352306840162836,0.021155535160239342,0.0032806287594470537,0.012521478977877115,0.05501286193294206,0.3655355572366678,0.00634357936382926,0.2868570758454941,0.02013967389256215,0.10882940513708955
Wa3bc913035208cb30005,0.0024522708267444107,0.005136654925147047,0.023017149624023733,0.013352306840162836,0.021155535160239342,0.0032806287594470537,0.012521478977877115,0.05501286193294206,0.3655355572366678,0.00634357936382926,0.2868570758454941,0.02013967389256215,0.10882940513708955
Wa3bc913035208cb30006,0.0024522708267444107,0.005136654925147047,0.023017149624023733,0.013352306840162836,0.021155535160239342,0.0032806287594470537,0.012521478977877115,0.05501286193294206,0.3655355572366678,0.00634357936382926,0.2868570758454941,0.02013967389256215,0.10882940513708955
Wa433eaf242aa9bdc0000,0.008774031723963379,0.541296425404877,0.002759760632110869,0.0028016886674913574,0.0010685852000272486,0.0018244812031958221,0.0032829862871818125,0.013144382479474883,0.3712707708674647,0.002534938650544976,0.044010313415206864,0.0028063791409010104,0.0013540330014202558
Wa433eaf242aa9bdc0001,0.008774031723963379,0.541296425404877,0.002759760632110869,0.0028016886674913574,0.0010685852000272486,0.0018244812031958221,0.0032829862871818125,0.013144382479474883,0.3712707708674647,0.002534938650544976,0.044010313415206864,0.0028063791409010104,0.0013540330014202558
Wa433eaf242aa9bdc0002,0.008774031723963379,0.541296425404877,0.002759760632110869,0.0028016886674913574,0.0010685852000272486,0.0018244812031958221,0.0032829862871818125,0.013144382479474883,0.3712707708674647,0.002534938650544976,0.044010313415206864,0.0028063791409010104,0.0013540330014202558
Wa433eaf242aa9bdc0003,0.008774031723963379,0.541296425404877,0.002759760632110869,0.0028016886674913574,0.0010685852000272486,0.0018244812031958221,0.0032829862871818125,0.013144382479474883,0.3712707708674647,0.002534938650544976,0.044010313415206864,0.0028063791409010104,0.0013540330014202558
Wa433eaf242aa9bdc0004,0.008774031723963379,0.541296425404877,0.002759760632110869,0.0028016886674913574,0.0010685852000272486,0.0018244812031958221,0.0032829862871818125,0.013144382479474883,0.3712707708674647,0.002534938650544976,0.044010313415206864,0.0028063791409010104,0.0013540330014202558
Wa433eaf242aa9bdc0005,0.008774031723963379,0.541296425404877,0.002759760632110869,0.0028016886674913574,0.0010685852000272486,0.0018244812031958221,0.0032829862871818125,0.013144382479474883,0.3712707708674647,0.002534938650544976,0.044010313415206864,0.0028063791409010104,0.0013540330014202558
Wa433eaf242aa9bdc0006,0.008774031723963379,0.541296425404877,0.002759760632110869,0.0028016886674913574,0.0010685852000272486,0.0018244812031958221,0.0032829862871818125,0.013144382479474883,0.3712707708674647,0.002534938650544976,0.044010313415206864,0.0028063791409010104,0.0013540330014202558
Wa4794774ced410db0000,0.007858998857318281,0.0018543588915707456,0.21455015756928955,0.09192349027667818,0.18811717324321536,0.3030440918036557,0.02145682311810879,0.005642596306630821,0.006717283438363067,0.006840206097386992,0.013219529524407593,0.09896745062430487,0.018208899575745997
Wa4794774ced410db0001,0.007858998857318281,0.0018543588915707456,0.21455015756928955,0.09192349027667818,0.18811717324321536,0.3030440918036557,0.02145682311810879,0.005642596306630821,0.006717283438363067,0.006840206097386992,0.013219529524407593,0.09896745062430487,0.018208899575745997
Wa4794774ced410db0002,0.007858998857318281,0.0018543588915707456,0.21455015756928955,0.09192349027667818,0.18811717324321536,0.3030440918036557,0.02145682311810879,0.005642596306630821,0.006717283438363067,0.006840206097386992,0.013219529524407593,0.09896745062430487,0.018208899575745997
Wa4794774ced410db0003,0.007858998857318281,0.0018543588915707456,0.21455015756928955,0.09192349027667818,0.18811717324321536,0.3030440918036557,0.02145682311810879,0.005642596306630821,0.006717283438363067,0.006840206097386992,0.013219529524407593,0.09896745062430487,0.018208899575745997
Wa4794774ced410db0004,0.007858998857318281,0.0018543588915707456,0.21455015756928955,0.09192349027667818,0.18811717324321536,0.3030440918036557,0.02145682311810879,0.005642596306630821,0.006717283438363067,0.006840206097386992,0.013219529524407593,0.09896745062430487,0.018208899575745997
Wa4794774ced410db0005,0.007858998857318281,0.0018543588915707456,0.21455015756928955,0.09192349027667818,0.18811717324321536,0.3030440918036557,0.02145682311810879,0.005642596306630821,0.006717283438363067,0.006840206097386992,0.013219529524407593,0.09896745062430487,0.018208899575745997
Wa4794774ced410db0006,0.007858998857318281,0.0018543588915707456,0.21455015756928955,0.09192349027667818,0.18811717324321536,0.3030440918036557,0.02145682311810879,0.005642596306630821,0.006717283438363067,0.006840206097386992,0.013219529524407593,0.09896745062430487,0.018208899575745997
Wa5b0c38fd83642d70000,0.015302099396061426,0.00226516743801138,0.0900199862078574,0.2259020313123378,0.173027731696646,0.020754706699241572,0.24649219050101148,0.008403295423775147,0.01912132969119273,0.012524015901180574,0.013729665928471801,0.01849250236553653,0.01851566819832209
Wa5b0c38fd83642d70001,0.015302099396061426,0.00226516743801138,0.0900199862078574,0.2259020313123378,0.173027731696646,0.020754706699241572,0.24649219050101148,0.008403295423775147,0.01912132969119273,0.012524015901180574,0.013729665928471801,0.01849250236553653,0.01851566819832209
Wa5b0c38fd83642d70002,0.015302099396061426,0.00226516743801138,0.0900199862078574,0.2259020313123378,0.173027731696646,0.020754706699241572,0.24649219050101148,0.008403295423775147,0.01912132969119273,0.012524015901180574,0.013729665928471801,0.01849250236553653,0.01851566819832209
Wa5b0c38fd83642d70003,0.015302099396061426,0.00226516743801138,0.0900199862078574,0.2259020313123378,0.173027731696646,0.020754706699241572,0.24649219050101148,0.008403295423775147,0.01912132969119273,0.012524015901180574,0.013729665928471801,0.01849250236553653,0.01851566819832209
Wa5b0c38fd83642d70004,0.015302099396061426,0.00226516743801138,0.0900199862078574,0.2259020313123378,0.173027731696646,0.020754706699241572,0.24649219050101148,0.008403295423775147,0.01912132969119273,0.012524015901180574,0.013729665928471801,0.01849250236553653,0.01851566819832209
Wa5b0c38fd83642d70005,0.015302099396061426,0.00226516743801138,0.0900199862078574,0.2259020313123378,0.173027731696646,0.020754706699241572,0.24649219050101148,0.008403295423775147,0.01912132969119273,0.012524015901180574,0.013729665928471801,0.01849250236553653,0.01851566819832209
Wa5b0c38fd83642d70006,0.015302099396061426,0.00226516743801138,0.0900199862078574,0.2259020313123378,0.173027731696646,0.020754706699241572,0.24649219050101148,0.008403295423775147,0.01912132969119273,0.012524015901180574,0.013729665928471801,0.01849250236553653,0.01851566819832209
Wa61f059ad132aba60000,0.002898237712619406,0.00030680669165475627,0.07011039042961065,0.013086316848131467,0.013203716456203624,0.7834336183310162,0.010858609406410964,0.0002579500933926581,0.001410007977698345,0.0029006074971419,0.0019191309863885603,0.08965840733802337,0.004085589330994816
Wa61f059ad132aba60001,0.002898237712619406,0.00030680669165475627,0.07011039042961065,0.013086316848131467,0.013203716456203624,0.7834336183310162,0.010858609406410964,0.0002579500933926581,0.001410007977698345,0.0029006074971419,0.0019191309863885603,0.08965840733802337,0.004085589330994816
Wa61f059ad132aba60002,0.002898237712619406,0.00030680669165475627,0.07011039042961065,0.013086316848131467,0.013203716456203624,0.7834336183310162,0.010858609406410964,0.0002579500933926581,0.001410007977698345,0.0029006074971419,0.0019191309863885603,0.08965840733802337,0.004085589330994816
Wa61f059ad132aba60003,0.002898237712619406,0.00030680669165475627,0.07011039042961065,0.013086316848131467,0.013203716456203624,0.7834336183310162,0.010858609406410964,0.0002579500933926581,0.001410007977698345,0.0029006074971419,0.0019191309863885603,0.08965840733802337,0.004085589330994816
Wa61f059ad132aba60004,0.002898237712619406,0.00030680669165475627,0.07011039042961065,0.013086316848131467,0.013203716456203624,0.7834336183310162,0.010858609406410964,0.0002579500933926581,0.001410007977698345,0.0029006074971419,0.0019191309863885603,0.08965840733802337,0.004085589330994816
Wa61f059ad132aba60005,0.002898237712619406,0.00030680669165475627,0.07011039042961065,0.013086316848131467,0.013203716456203624,0.7834336183310162,0.010858609406410964,0.0002579500933926581,0.001410007977698345,0.0029006074971419,0.0019191309863885603,0.08965840733802337,0.004085589330994816
Wa61f059ad132aba60006,0.002898237712619406,0.00030680669165475627,0.07011039042961065,0.013086316848131467,0.013203716456203624,0.7834336183310162,0.010858609406410964,0.0002579500933926581,0.001410007977698345,0.0029006074971419,0.0019191309863885603,0.08965840733802337,0.004085589330994816
Wa857080b36e8cb110000,0.0011409864673608955,0.00015478852686386907,0.007429469018872001,0.01315709333261866,0.013740196937805352,0.24903144825924203,0.0008616531721916055,0.00010931764672307162,0.0001196326774353645,0.00022364376069535346,0.00018556664847463919,0.7106436326807293,0.002424186484779862
Wa857080b36e8cb110001,0.0011409864673608955,0.00015478852686386907,0.007429469018872001,0.01315709333261866,0.013740196937805352,0.24903144825924203,0.0008616531721916055,0.00010931764672307162,0.0001196326774353645,0.00022364376069535346,0.00018556664847463919,0.7106436326807293,0.002424186484779862
Wa857080b36e8cb110002,0.0011409864673608955,0.00015478852686386907,0.007429469018872001,0.01315709333261866,0.013740196937805352,0.24903144825924203,0.0008616531721916055,0.00010931764672307162,0.0001196326774353645,0.00022364376069535346,0.00018556664847463919,0.7106436326807293,0.002424186484779862
Wa857080b36e8cb110003,0.0011409864673608955,0.00015478852686386907,0.007429469018872001,0.01315709333261866,0.013740196937805352,0.24903144825924203,0.0008616531721916055,0.00010931764672307162,0.0001196326774353645,0.00022364376069535346,0.00018556664847463919,0.7106436326807293,0.002424186484779862
Wa857080b36e8cb110004,0.0011409864673608955,0.00015478852686386907,0.007429469018872001,0.01315709333261866,0.013740196937805352,0.24903144825924203,0.0008616531721916055,0.00010931764672307162,0.0001196326774353645,0.00022364376069535346,0.00018556664847463919,0.7106436326807293,0.002424186484779862
Wa857080b36e8cb110005,0.0011409864673608955,0.00015478852686386907,0.007429469018872001,0.01315709333261866,0.013740196937805352,0.24903144825924203,0.0008616531721916055,0.00010931764672307162,0.0001196326774353645,0.00022364376069535346,0.00018556664847463919,0.7106436326807293,0.002424186484779862
Wa857080b36e8cb110006,0.0011409864673608955,0.00015478852686386907,0.007429469018872001,0.01315709333261866,0.013740196937805352,0.24903144825924203,0.0008616531721916055,0.00010931764672307162,0.0001196326774353645,0.00022364376069535346,0.00018556664847463919,0.7106436326807293,0.002424186484779862
Wa90143ff735b972b0000,0.002917493919857103,0.006807429620920167,0.024768743928411732,0.022504470190402748,0.0225783151798059,0.0020082778193090474,0.01971666083502039,0.2584141842436938,0.23883950429525547,0.019616567624686554,0.2274591577906276,0.021408903749005455,0.012494775285676047
Wa90143ff735b972b0001,0.002917493919857103,0.006807429620920167,0.024768743928411732,0.022504470190402748,0.0225783151798059,0.0020082778193090474,0.01971666083502039,0.2584141842436938,0.23883950429525547,0.019616567624686554,0.2274591577906276,0.021408903749005455,0.012494775285676047
Wa90143ff735b972b0002,0.002917493919857103,0.006807429620920167,0.024768743928411732,0.022504470190402748,0.0225783151798059,0.0020082778193090474,0.01971666083502039,0.2584141842436938,0.23883950429525547,0.019616567624686554,0.2274591577906276,0.021408903749005455,0.012494775285676047
Wa90143ff735b972b0003,0.002917493919857103,0.006807429620920167,0.024768743928411732,0.022504470190402748,0.0225783151798059,0.0020082778193090474,0.01971666083502039,0.2584141842436938,0.23883950429525547,0.019616567624686554,0.2274591577906276,0.021408903749005455,0.012494775285676047
Wa90143ff735b972b0004,0.002917493919857103,0.006807429620920167,0.024768743928411732,0.022504470190402748,0.0225783151798059,0.0020082778193090474,0.01971666083502039,0.2584141842436938,0.23883950429525547,0.019616567624686554,0.2274591577906276,0.021408903749005455,0.012494775285676047
Wa90143ff735b972b0005,0.002917493919857103,0.006807429620920167,0.024768743928411732,0.022504470190402748,0.0225783151798059,0.0020082778193090474,0.01971666083502039,0.2584141842436938,0.23883950429525547,0.019616567624686554,0.2274591577906276,0.021408903749005455,0.012494775285676047
Wa90143ff735b972b0006,0.002917493919857103,0.006807429620920167,0.024768743928411732,0.022504470190402748,0.0225783151798059,0.0020082778193090474,0.01971666083502039,0.2584141842436938,0.23883950429525547,0.019616567624686554,0.2274591577906276,0.021408903749005455,0.012494775285676047
Wa93c026225e11f340000,0.8928960490571437,0.021445601416044097,0.006044834076548471,0.0038269782071950736,0.004695749420965431,0.007396145713609161,0.001731163640780591,9.312126655865829e-06,0.0009038126955087289,0.036400247662501696,0.0021923741615377857,0.0025891075041163765,0.005713522572997863
Wa93c026225e11f340001,0.8928960490571437,0.021445601416044097,0.006044834076548471,0.0038269782071950736,0.004695749420965431,0.007396145713609161,0.001731163640780591,9.312126655865829e-06,0.0009038126955087289,0.036400247662501696,0.0021923741615377857,0.0025891075041163765,0.005713522572997863
Wa93c026225e11f340002,0.8928960490571437,0.021445601416044097,0.006044834076548471,0.0038269782071950736,0.004695749420965431,0.007396145713609161,0.001731163640780591,9.312126655865829e-06,0.0009038126955087289,0.036400247662501696,0.0021923741615377857,0.0025891075041163765,0.005713522572997863
Wa93c026225e11f340003,0.8928960490571437,0.021445601416044097,0.006044834076548471,0.0038269782071950736,0.004695749420965431,0.007396145713609161,0.001731163640780591,9.312126655865829e-06,0.0009038126955087289,0.036400247662501696,0.0021923741615377857,0.0025891075041163765,0.005713522572997863
Wa93c026225e11f340004,0.8928960490571437,0.021445601416044097,0.006044834076548471,0.0038269782071950736,0.004695749420965431,0.007396145713609161,0.001731163640780591,9.312126655865829e-06,0.0009038126955087289,0.036400247662501696,0.0021923741615377857,0.0025891075041163765,0.005713522572997863
Wa93c026225e11f340005,0.8928960490571437,0.021445601416044097,0.006044834076548471,0.0038269782071950736,0.004695749420965431,0.007396145713609161,0.001731163640780591,9.312126655865829e-06,0.0009038126955087289,0.036400247662501696,0.0021923741615377857,0.0025891075041163765,0.005713522572997863
Wa93c026225e11f340006,0.8928960490571437,0.021445601416044097,0.006044834076548471,0.0038269782071950736,0.004695749420965431,0.007396145713609161,0.001731163640780591,9.312126655865829e-06,0.0009038126955087289,0.036400247662501696,0.0021923741615377857,0.0025891075041163765,0.005713522572997863
Wa948226053bdb8340000,0.0034505054472362554,0.0009031433807872022,0.37649381727242215,0.1662326835605957,0.10853713661619442,0.0678937361822222,0.014067052134662451,0.06914309179164121,0.0035587060967405756,0.12506801246442306,0.011232454766641514,0.003516260383609954,0.010267270253525954
Wa948226053bdb8340001,0.0034505054472362554,0.0009031433807872022,0.37649381727242215,0.1662326835605957,0.10853713661619442,0.0678937361822222,0.014067052134662451,0.06914309179164121,0.0035587060967405756,0.12506801246442306,0.011232454766641514,0.003516260383609954,0.010267270253525954
Wa948226053bdb8340002,0.0034505054472362554,0.0009031433807872022,0.37649381727242215,0.1662326835605957,0.10853713661619442,0.0678937361822222,0.014067052134662451,0.06914309179164121,0.0035587060967405756,0.12506801246442306,0.011232454766641514,0.003516260383609954,0.010267270253525954
Wa948226053bdb8340003,0.0034505054472362554,0.0009031433807872022,0.37649381727242215,0.1662326835605957,0.10853713661619442,0.0678937361822222,0.014067052134662451,0.06914309179164121,0.0035587060967405756,0.12506801246442306,0.011232454766641514,0.003516260383609954,0.010267270253525954
Wa948226053bdb8340004,0.0034505054472362554,0.0009031433807872022,0.37649381727242215,0.1662326835605957,0.10853713661619442,0.0678937361822222,0.014067052134662451,0.06914309179164121,0.0035587060967405756,0.12506801246442306,0.011232454766641514,0.003516260383609954,0.010267270253525954
Wa948226053bdb8340005,0.0034505054472362554,0.0009031433807872022,0.37649381727242215,0.1662326835605957,0.10853713661619442,0.0678937361822222,0.014067052134662451,0.06914309179164121,0.0035587060967405756,0.12506801246442306,0.011232454766641514,0.003516260383609954,0.010267270253525954
Wa948226053bdb8340006,0.0034505054472362554,0.0009031433807872022,0.37649381727242215,0.1662326835605957,0.10853713661619442,0.0678937361822222,0.014067052134662451,0.06914309179164121,0.0035587060967405756,0.12506801246442306,0.011232454766641514,0.003516260383609954,0.010267270253525954
Wa9b31ae7cf2469740000,1.4258979652433817e-05,1.9129891740492398e-05,0.0002755300664344482,0.0004445904076719936,0.00026212907419823056,0.34178592663537183,0.0005222391366747047,2.8476730282315878e-05,1.5740978219660834e-05,1.1678006370429914e-05,3.48215944460642e-05,0.6529630949675899,0.003592738946771631
Wa9b31ae7cf2469740001,1.4258979652433817e-05,1.9129891740492398e-05,0.0002755300664344482,0.0004445904076719936,0.00026212907419823056,0.34178592663537183,0.0005222391366747047,2.8476730282315878e-05,1.5740978219660834e-05,1.1678006370429914e-05,3.48215944460642e-05,0.6529630949675899,0.003592738946771631
Wa9b31ae7cf2469740002,1.4258979652433817e-05,1.9129891740492398e-05,0.0002755300664344482,0.0004445904076719936,0.00026212907419823056,0.34178592663537183,0.0005222391366747047,2.8476730282315878e-05,1.5740978219660834e-05,1.1678006370429914e-05,3.48215944460642e-05,0.6529630949675899,0.003592738946771631
Wa9b31ae7cf2469740003,1.4258979652433817e-05,1.9129891740492398e-05,0.0002755300664344482,0.0004445904076719936,0.00026212907419823056,0.34178592663537183,0.0005222391366747047,2.8476730282315878e-05,1.5740978219660834e-05,1.1678006370429914e-05,3.48215944460642e-05,0.6529630949675899,0.003592738946771631
Wa9b31ae7cf2469740004,1.4258979652433817e-05,1.9129891740492398e-05,0.0002755300664344482,0.0004445904076719936,0.00026212907419823056,0.34178592663537183,0.0005222391366747047,2.8476730282315878e-05,1.5740978219660834e-05,1.1678006370429914e-05,3.48215944460642e-05,0.6529630949675899,0.003592738946771631
Wa9b31ae7cf2469740005,1.4258979652433817e-05,1.9129891740492398e-05,0.0002755300664344482,0.0004445904076719936,0.00026212907419823056,0.34178592663537183,0.0005222391366747047,2.8476730282315878e-05,1.5740978219660834e-05,1.1678006370429914e-05,3.48215944460642e-05,0.6529630949675899,0.003592738946771631
Wa9b31ae7cf2469740006,1.4258979652433817e-05,1.9129891740492398e-05,0.0002755300664344482,0.0004445904076719936,0.00026212907419823056,0.34178592663537183,0.0005222391366747047,2.8476730282315878e-05,1.5740978219660834e-05,1.1678006370429914e-05,3.48215944460642e-05,0.6529630949675899,0.003592738946771631
Wabb35a3a44185f260000,0.0001267052056699236,0.00028214280703726274,0.01843849022395203,0.0025096823540678016,0.003198643225460083,0.03359631610909638,0.00037768507613492925,0.00018345286576269387,0.00019995638879564726,0.0022961058728676246,0.00012889915762263047,0.9202149453263345,0.018034563049222036
Wabb35a3a44185f260001,0.0001267052056699236,0.00028214280703726274,0.01843849022395203,0.0025096823540678016,0.003198643225460083,0.03359631610909638,0.00037768507613492925,0.00018345286576269387,0.00019995638879564726,0.0022961058728676246,0.00012889915762263047,0.9202149453263345,0.018034563049222036
Wabb35a3a44185f260002,0.0001267052056699236,0.00028214280703726274,0.01843849022395203,0.0025096823540678016,0.003198643225460083,0.03359631610909638,0.00037768507613492925,0.00018345286576269387,0.00019995638879564726,0.0022961058728676246,0.00012889915762263047,0.9202149453263345,0.018034563049222036
Wabb35a3a44185f260003,0.0001267052056699236,0.00028214280703726274,0.01843849022395203,0.0025096823540678016,0.003198643225460083,0.03359631610909638,0.00037768507613492925,0.00018345286576269387,0.00019995638879564726,0.0022961058728676246,0.00012889915762263047,0.9202149453263345,0.018034563049222036
Wabb35a3a44185f260004,0.0001267052056699236,0.00028214280703726274,0.01843849022395203,0.0025096823540678016,0.003198643225460083,0.03359631610909638,0.00037768507613492925,0.00018345286576269387,0.00019995638879564726,0.0022961058728676246,0.00012889915762263047,0.9202149453263345,0.018034563049222036
Wabb35a3a44185f260005,0.0001267052056699236,0.00028214280703726274,0.01843849022395203,0.0025096823540678016,0.003198643225460083,0.03359631610909638,0.00037768507613492925,0.00018345286576269387,0.00019995638879564726,0.0022961058728676246,0.00012889915762263047,0.9202149453263345,0.018034563049222036
Wabb35a3a44185f260006,0.0001267052056699236,0.00028214280703726274,0.01843849022395203,0.0025096823540678016,0.003198643225460083,0.03359631610909638,0.00037768507613492925,0.00018345286576269387,0.00019995638879564726,0.0022961058728676246,0.00012889915762263047,0.9202149453263345,0.018034563049222036
Wac33d09a667cb3570000,0.0030374988381877623,0.0012639357687486213,0.00969997484884676,0.10025896610550289,0.02264758487700236,0.024448950721785278,0.0012191455699617135,0.7091597124446366,0.0029789973248407035,0.0379980035099583,0.008508032651666761,0.004223340588671952,0.007452815715367803
Wac33d09a667cb3570001,0.0030374988381877623,0.0012639357687486213,0.00969997484884676,0.10025896610550289,0.02264758487700236,0.024448950721785278,0.0012191455699617135,0.7091597124446366,0.0029789973248407035,0.0379980035099583,0.008508032651666761,0.004223340588671952,0.007452815715367803
Wac33d09a667cb3570002,0.0030374988381877623,0.0012639357687486213,0.00969997484884676,0.10025896610550289,0.02264758487700236,0.024448950721785278,0.0012191455699617135,0.7091597124446366,0.0029789973248407035,0.0379980035099583,0.008508032651666761,0.004223340588671952,0.007452815715367803
Wac33d09a667cb3570003,0.0030374988381877623,0.0012639357687486213,0.00969997484884676,0.10025896610550289,0.02264758487700236,0.024448950721785278,0.0012191455699617135,0.7091597124446366,0.0029789973248407035,0.0379980035099583,0.008508032651666761,0.004223340588671952,0.007452815715367803
Wac33d09a667cb3570004,0.0030374988381877623,0.0012639357687486213,0.00969997484884676,0.10025896610550289,0.02264758487700236,0.024448950721785278,0.0012191455699617135,0.7091597124446366,0.0029789973248407035,0.0379980035099583,0.008508032651666761,0.004223340588671952,0.007452815715367803
Wac33d09a667cb3570005,0.0030374988381877623,0.0012639357687486213,0.00969997484884676,0.10025896610550289,0.02264758487700236,0.024448950721785278,0.0012191455699617135,0.7091597124446366,0.0029789973248407035,0.0379980035099583,0.008508032651666761,0.004223340588671952,0.007452815715367803
Wac33d09a667cb3570006,0.0030374988381877623,0.0012639357687486213,0.00969997484884676,0.10025896610550289,0.02264758487700236,0.024448950721785278,0.0012191455699617135,0.7091597124446366,0.0029789973248407035,0.0379980035099583,0.008508032651666761,0.004223340588671952,0.007452815715367803
Wadaf8416360a220c0000,0.0001243424824364973,7.213830669293657e-05,0.0026364060378234926,0.0009401072955966232,0.019987039452573935,0.27992700643036733,0.0007891192687198954,0.00017174821054190856,6.614153199166038e-05,0.0004602209251981522,6.172701217030017e-05,0.6748867463109733,0.019788447788187828
Wadaf8416360a220c0001,0.0001243424824364973,7.213830669293657e-05,0.0026364060378234926,0.0009401072955966232,0.019987039452573935,0.27992700643036733,0.0007891192687198954,0.00017174821054190856,6.614153199166038e-05,0.0004602209251981522,6.172701217030017e-05,0.6748867463109733,0.019788447788187828
Wadaf8416360a220c0002,0.0001243424824364973,7.213830669293657e-05,0.0026364060378234926,0.0009401072955966232,0.019987039452573935,0.27992700643036733,0.0007891192687198954,0.00017174821054190856,6.614153199166038e-05,0.0004602209251981522,6.172701217030017e-05,0.6748867463109733,0.019788447788187828
Wadaf8416360a220c0003,0.0001243424824364973,7.213830669293657e-05,0.0026364060378234926,0.0009401072955966232,0.019987039452573935,0.27992700643036733,0.0007891192687198954,0.00017174821054190856,6.614153199166038e-05,0.0004602209251981522,6.172701217030017e-05,0.6748867463109733,0.019788447788187828
Wadaf8416360a220c0004,0.0001243424824364973,7.213830669293657e-05,0.0026364060378234926,0.0009401072955966232,0.019987039452573935,0.27992700643036733,0.0007891192687198954,0.00017174821054190856,6.614153199166038e-05,0.0004602209251981522,6.172701217030017e-05,0.6748867463109733,0.019788447788187828
Wadaf8416360a220c0005,0.0001243424824364973,7.213830669293657e-05,0.0026364060378234926,0.0009401072955966232,0.019987039452573935,0.27992700643036733,0.0007891192687198954,0.00017174821054190856,6.614153199166038e-05,0.0004602209251981522,6.172701217030017e-05,0.6748867463109733,0.019788447788187828
Wadaf8416360a220c0006,0.0001243424824364973,7.213830669293657e-05,0.0026364060378234926,0.0009401072955966232,0.019987039452573935,0.27992700643036733,0.0007891192687198954,0.00017174821054190856,6.614153199166038e-05,0.0004602209251981522,6.172701217030017e-05,0.6748867463109733,0.019788447788187828
Waf4284369bd947370000,0.018020292263235222,0.00470534198202683,0.2004018827796938,0.07802050598687553,0.027647129023598362,0.35286575060791864,0.04092592864968379,0.011005264191170998,0.008706779260747222,0.06189016377658632,0.02220426420557317,0.006116938765678906,0.03016718559531519
Waf4284369bd947370001,0.018020292263235222,0.00470534198202683,0.2004018827796938,0.07802050598687553,0.027647129023598362,0.35286575060791864,0.04092592864968379,0.011005264191170998,0.008706779260747222,0.06189016377658632,0.02220426420557317,0.006116938765678906,0.03016718559531519
Waf4284369bd947370002,0.018020292263235222,0.00470534198202683,0.2004018827796938,0.07802050598687553,0.027647129023598362,0.35286575060791864,0.04092592864968379,0.011005264191170998,0.008706779260747222,0.06189016377658632,0.02220426420557317,0.006116938765678906,0.03016718559531519
Waf4284369bd947370003,0.018020292263235222,0.00470534198202683,0.2004018827796938,0.07802050598687553,0.027647129023598362,0.35286575060791864,0.04092592864968379,0.011005264191170998,0.008706779260747222,0.06189016377658632,0.02220426420557317,0.006116938765678906,0.03016718559531519
Waf4284369bd947370004,0.018020292263235222,0.00470534198202683,0.2004018827796938,0.07802050598687553,0.027647129023598362,0.35286575060791864,0.04092592864968379,0.011005264191170998,0.008706779260747222,0.06189016377658632,0.02220426420557317,0.006116938765678906,0.03016718559531519
Waf4284369bd947370005,0.018020292263235222,0.00470534198202683,0.2004018827796938,0.07802050598687553,0.027647129023598362,0.35286575060791864,0.04092592864968379,0.011005264191170998,0.008706779260747222,0.06189016377658632,0.02220426420557317,0.006116938765678906,0.03016718559531519
Waf4284369bd947370006,0.018020292263235222,0.00470534198202683,0.2004018827796938,0.07802050598687553,0.027647129023598362,0.35286575060791864,0.04092592864968379,0.011005264191170998,0.008706779260747222,0.06189016377658632,0.02220426420557317,0.006116938765678906,0.03016718559531519
Wafe031a9dde0317b0000,0.003308730854191604,0.9118115824400727,0.0015029036985623895,0.0014677334047184876,0.0008981608875995724,0.0011280814376111302,0.002505486947725401,0.004381373946207036,0.049060152962385126,0.0021688539068805903,0.01617441742495935,0.0011086527355052237,0.0025958577264312156
Wafe031a9dde0317b0001,0.003308730854191604,0.9118115824400727,0.0015029036985623895,0.0014677334047184876,0.0008981608875995724,0.0011280814376111302,0.002505486947725401,0.004381373946207036,0.049060152962385126,0.0021688539068805903,0.01617441742495935,0.0011086527355052237,0.0025958577264312156
Wafe031a9dde0317b0002,0.003308730854191604,0.9118115824400727,0.0015029036985623895,0.0014677334047184876,0.0008981608875995724,0.0011280814376111302,0.002505486947725401,0.004381373946207036,0.049060152962385126,0.0021688539068805903,0.01617441742495935,0.0011086527355052237,0.0025958577264312156
Wafe031a9dde0317b0003,0.003308730854191604,0.9118115824400727,0.0015029036985623895,0.0014677334047184876,0.0008981608875995724,0.0011280814376111302,0.002505486947725401,0.004381373946207036,0.049060152962385126,0.0021688539068805903,0.01617441742495935,0.0011086527355052237,0.0025958577264312156
Wafe031a9dde0317b0004,0.003308730854191604,0.9118115824400727,0.0015029036985623895,0.0014677334047184876,0.0008981608875995724,0.0011280814376111302,0.002505486947725401,0.004381373946207036,0.049060152962385126,0.0021688539068805903,0.01617441742495935,0.0011086527355052237,0.0025958577264312156
Wafe031a9dde0317b0005,0.003308730854191604,0.9118115824400727,0.0015029036985623895,0.0014677334047184876,0.0008981608875995724,0.0011280814376111302,0.002505486947725401,0.004381373946207036,0.049060152962385126,0.0021688539068805903,0.01617441742495935,0.0011086527355052237,0.0025958577264312156
Wafe031a9dde0317b0006,0.003308730854191604,0.9118115824400727,0.0015029036985623895,0.0014677334047184876,0.0008981608875995724,0.0011280814376111302,0.002505486947725401,0.004381373946207036,0.049060152962385126,0.0021688539068805903,0.01617441742495935,0.0011086527355052237,0.0025958577264312156
Wb332d3101cf4d1c00000,0.006354059495525591,0.005315400791904381,0.055837120252902085,0.12169070803906423,0.08083050787149207,0.04041176637743592,0.06427931390955006,0.02131490199356038,0.007124409634645889,0.17132993769322888,0.03434512482880149,0.08411006216888699,0.10096279925834432
Wb332d3101cf4d1c00001,0.006354059495525591,0.005315400791904381,0.055837120252902085,0.12169070803906423,0.08083050787149207,0.04041176637743592,0.06427931390955006,0.02131490199356038,0.007124409634645889,0.17132993769322888,0.03434512482880149,0.08411006216888699,0.10096279925834432
Wb332d3101cf4d1c00002,0.006354059495525591,0.005315400791904381,0.055837120252902085,0.12169070803906423,0.08083050787149207,0.04041176637743592,0.06427931390955006,0.02131490199356038,0.007124409634645889,0.17132993769322888,0.03434512482880149,0.08411006216888699,0.10096279925834432
Wb332d3101cf4d1c00003,0.006354059495525591,0.005315400791904381,0.055837120252902085,0.12169070803906423,0.08083050787149207,0.04041176637743592,0.06427931390955006,0.02131490199356038,0.007124409634645889,0.17132993769322888,0.03434512482880149,0.08411006216888699,0.10096279925834432
Wb332d3101cf4d1c00004,0.006354059495525591,0.005315400791904381,0.055837120252902085,0.12169070803906423,0.08083050787149207,0.04041176637743592,0.06427931390955006,0.02131490199356038,0.007124409634645889,0.17132993769322888,0.03434512482880149,0.08411006216888699,0.10096279925834432
Wb332d3101cf4d1c00005,0.006354059495525591,0.005315400791904381,0.055837120252902085,0.12169070803906423,0.08083050787149207,0.04041176637743592,0.06427931390955006,0.02131490199356038,0.007124409634645889,0.17132993769322888,0.03434512482880149,0.08411006216888699,0.10096279925834432
Wb332d3101cf4d1c00006,0.006354059495525591,0.005315400791904381,0.055837120252902085,0.12169070803906423,0.08083050787149207,0.04041176637743592,0.06427931390955006,0.02131490199356038,0.007124409634645889,0.17132993769322888,0.03434512482880149,0.08411006216888699,0.10096279925834432
Wb37ad6ce89974d2f0000,0.00791345170366137,0.0032979413772381634,0.06724807893629892,0.04137672734798989,0.060565752929959166,0.03780303833041955,0.014940734137675533,0.0218613451673193,0.03315352948030769,0.046005914434883964,0.41803765867092024,0.014726516893852012,0.01193756781274552
Wb37ad6ce89974d2f0001,0.00791345170366137,0.0032979413772381634,0.06724807893629892,0.04137672734798989,0.060565752929959166,0.03780303833041955,0.014940734137675533,0.0218613451673193,0.03315352948030769,0.046005914434883964,0.41803765867092024,0.014726516893852012,0.01193756781274552
Wb37ad6ce89974d2f0002,0.00791345170366137,0.0032979413772381634,0.06724807893629892,0.04137672734798989,0.060565752929959166,0.03780303833041955,0.014940734137675533,0.0218613451673193,0.03315352948030769,0.046005914434883964,0.41803765867092024,0.014726516893852012,0.01193756781274552
Wb37ad6ce89974d2f0003,0.00791345170366137,0.0032979413772381634,0.06724807893629892,0.04137672734798989,0.060565752929959166,0.03780303833041955,0.014940734137675533,0.0218613451673193,0.03315352948030769,0.046005914434883964,0.41803765867092024,0.014726516893852012,0.01193756781274552
Wb37ad6ce89974d2f0004,0.00791345170366137,0.0032979413772381634,0.06724807893629892,0.04137672734798989,0.060565752929959166,0.03780303833041955,0.014940734137675533,0.0218613451673193,0.03315352948030769,0.046005914434883964,0.41803765867092024,0.014726516893852012,0.01193756781274552
Wb37ad6ce89974d2f0005,0.00791345170366137,0.0032979413772381634,0.06724807893629892,0.04137672734798989,0.060565752929959166,0.03780303833041955,0.014940734137675533,0.0218613451673193,0.03315352948030769,0.046005914434883964,0.41803765867092024,0.014726516893852012,0.01193756781274552
Wb37ad6ce89974d2f0006,0.00791345170366137,0.0032979413772381634,0.06724807893629892,0.04137672734798989,0.060565752929959166,0.03780303833041955,0.014940734137675533,0.0218613451673193,0.03315352948030769,0.046005914434883964,0.41803765867092024,0.014726516893852012,0.01193756781274552
Wb704079f55322cf10000,0.19116412453431192,0.006617397450942618,0.0976584910918698,0.0849278056082709,0.041149700779788995,0.043953908952227436,0.009954183463747277,0.07730491479736332,0.07877848053544982,0.06348600666146943,0.1389099651068876,0.017443791392520096,0.023101868976653877
Wb704079f55322cf10001,0.19116412453431192,0.006617397450942618,0.0976584910918698,0.0849278056082709,0.041149700779788995,0.043953908952227436,0.009954183463747277,0.07730491479736332,0.07877848053544982,0.06348600666146943,0.1389099651068876,0.017443791392520096,0.023101868976653877
Wb704079f55322cf10002,0.19116412453431192,0.006617397450942618,0.0976584910918698,0.0849278056082709,0.041149700779788995,0.043953908952227436,0.009954183463747277,0.07730491479736332,0.07877848053544982,0.06348600666146943,0.1389099651068876,0.017443791392520096,0.023101868976653877
Wb704079f55322cf10003,0.19116412453431192,0.006617397450942618,0.0976584910918698,0.0849278056082709,0.041149700779788995,0.043953908952227436,0.009954183463747277,0.07730491479736332,0.07877848053544982,0.06348600666146943,0.1389099651068876,0.017443791392520096,0.023101868976653877
Wb704079f55322cf10004,0.19116412453431192,0.006617397450942618,0.0976584910918698,0.0849278056082709,0.041149700779788995,0.043953908952227436,0.009954183463747277,0.07730491479736332,0.07877848053544982,0.06348600666146943,0.1389099651068876,0.017443791392520096,0.023101868976653877
Wb704079f55322cf10005,0.19116412453431192,0.006617397450942618,0.0976584910918698,0.0849278056082709,0.041149700779788995,0.043953908952227436,0.009954183463747277,0.07730491479736332,0.07877848053544982,0.06348600666146943,0.1389099651068876,0.017443791392520096,0.023101868976653877
Wb704079f55322cf10006,0.19116412453431192,0.006617397450942618,0.0976584910918698,0.0849278056082709,0.041149700779788995,0.043953908952227436,0.009954183463747277,0.07730491479736332,0.07877848053544982,0.06348600666146943,0.1389099651068876,0.017443791392520096,0.023101868976653877
Wb7130727df9f1e840000,0.005132924152633207,0.0029328251783145086,0.03122860418637979,0.013254979164395326,0.01878141993428055,0.0035401962528531865,0.034344022481332996,0.00528673746549233,0.006195429417844047,0.014790414104063343,0.030439762153328925,0.004574583845417925,0.39710164436763395
Wb7130727df9f1e840001,0.005132924152633207,0.0029328251783145086,0.03122860418637979,0.013254979164395326,0.01878141993428055,0.0035401962528531865,0.034344022481332996,0.00528673746549233,0.006195429417844047,0.014790414104063343,0.030439762153328925,0.004574583845417925,0.39710164436763395
Wb7130727df9f1e840002,0.005132924152633207,0.0029328251783145086,0.03122860418637979,0.013254979164395326,0.01878141993428055,0.0035401962528531865,0.034344022481332996,0.00528673746549233,0.006195429417844047,0.014790414104063343,0.030439762153328925,0.004574583845417925,0.39710164436763395
Wb7130727df9f1e840003,0.005132924152633207,0.0029328251783145086,0.03122860418637979,0.013254979164395326,0.01878141993428055,0.0035401962528531865,0.034344022481332996,0.00528673746549233,0.006195429417844047,0.014790414104063343,0.030439762153328925,0.004574583845417925,0.39710164436763395
Wb7130727df9f1e840004,0.005132924152633207,0.0029328251783145086,0.03122860418637979,0.013254979164395326,0.01878141993428055,0.0035401962528531865,0.034344022481332996,0.00528673746549233,0.006195429417844047,0.014790414104063343,0.030439762153328925,0.004574583845417925,0.39710164436763395
Wb7130727df9f1e840005,0.005132924152633207,0.0029328251783145086,0.03122860418637979,0.013254979164395326,0.01878141993428055,0.0035401962528531865,0.034344022481332996,0.00528673746549233,0.006195429417844047,0.014790414104063343,0.030439762153328925,0.004574583845417925,0.39710164436763395
Wb7130727df9f1e840006,0.005132924152633207,0.0029328251783145086,0.03122860418637979,0.013254979164395326,0.01878141993428055,0.0035401962528531865,0.034344022481332996,0.00528673746549233,0.006195429417844047,0.014790414104063343,0.030439762153328925,0.004574583845417925,0.39710164436763395
Wb744190a6f40adfd0000,0.009236318402689497,0.0008211892776366917,0.5779272067835498,0.11414742172111467,0.052943150120169244,0.035294021783555514,0.022995604048101123,0.010592358636644345,0.007745323233116081,0.032736632277945814,0.01286420054354826,0.00450506868603794,0.045663719050796234
Wb744190a6f40adfd0001,0.009236318402689497,0.0008211892776366917,0.5779272067835498,0.11414742172111467,0.052943150120169244,0.035294021783555514,0.022995604048101123,0.010592358636644345,0.007745323233116081,0.032736632277945814,0.01286420054354826,0.00450506868603794,0.045663719050796234
Wb744190a6f40adfd0002,0.009236318402689497,0.0008211892776366917,0.5779272067835498,0.11414742172111467,0.052943150120169244,0.035294021783555514,0.022995604048101123,0.010592358636644345,0.007745323233116081,0.032736632277945814,0.01286420054354826,0.00450506868603794,0.045663719050796234
Wb744190a6f40adfd0003,0.009236318402689497,0.0008211892776366917,0.5779272067835498,0.11414742172111467,0.052943150120169244,0.035294021783555514,0.022995604048101123,0.010592358636644345,0.007745323233116081,0.032736632277945814,0.01286420054354826,0.00450506868603794,0.045663719050796234
Wb744190a6f40adfd0004,0.009236318402689497,0.0008211892776366917,0.5779272067835498,0.11414742172111467,0.052943150120169244,0.035294021783555514,0.022995604048101123,0.010592358636644345,0.007745323233116081,0.032736632277945814,0.01286420054354826,0.00450506868603794,0.045663719050796234
Wb744190a6f40adfd0005,0.009236318402689497,0.0008211892776366917,0.5779272067835498,0.11414742172111467,0.052943150120169244,0.035294021783555514,0.022995604048101123,0.010592358636644345,0.007745323233116081,0.032736632277945814,0.01286420054354826,0.00450506868603794,0.045663719050796234
Wb744190a6f40adfd0006,0.009236318402689497,0.0008211892776366917,0.5779272067835498,0.11414742172111467,0.052943150120169244,0.035294021783555514,0.022995604048101123,0.010592358636644345,0.007745323233116081,0.032736632277945814,0.01286420054354826,0.00450506868603794,0.045663719050796234
Wb778ed4071abe0380000,0.0020517081492677064,0.0029855978141035034,0.012481749813790202,0.013110766708158871,0.008382916551356786,0.0015175289282043172,0.026660411412390297,0.02503496615627166,0.007727257834733475,0.13700196790225394,0.04618826984763289,0.009416215334612444,0.024143805492224054
Wb778ed4071abe0380001,0.0020517081492677064,0.0029855978141035034,0.012481749813790202,0.013110766708158871,0.008382916551356786,0.0015175289282043172,0.026660411412390297,0.02503496615627166,0.007727257834733475,0.13700196790225394,0.04618826984763289,0.009416215334612444,0.024143805492224054
Wb778ed4071abe0380002,0.0020517081492677064,0.0029855978141035034,0.012481749813790202,0.013110766708158871,0.008382916551356786,0.0015175289282043172,0.026660411412390297,0.02503496615627166,0.007727257834733475,0.13700196790225394,0.04618826984763289,0.009416215334612444,0.024143805492224054
Wb778ed4071abe0380003,0.0020517081492677064,0.0029855978141035034,0.012481749813790202,0.013110766708158871,0.008382916551356786,0.0015175289282043172,0.026660411412390297,0.02503496615627166,0.007727257834733475,0.13700196790225394,0.04618826984763289,0.009416215334612444,0.024143805492224054
Wb778ed4071abe0380004,0.0020517081492677064,0.0029855978141035034,0.012481749813790202,0.013110766708158871,0.008382916551356786,0.0015175289282043172,0.026660411412390297,0.02503496615627166,0.007727257834733475,0.13700196790225394,0.04618826984763289,0.009416215334612444,0.024143805492224054
Wb778ed4071abe0380005,0.0020517081492677064,0.0029855978141035034,0.012481749813790202,0.013110766708158871,0.008382916551356786,0.0015175289282043172,0.026660411412390297,0.02503496615627166,0.007727257834733475,0.13700196790225394,0.04618826984763289,0.009416215334612444,0.024143805492224054
Wb778ed4071abe0380006,0.0020517081492677064,0.0029855978141035034,0.012481749813790202,0.013110766708158871,0.008382916551356786,0.0015175289282043172,0.026660411412390297,0.02503496615627166,0.007727257834733475,0.13700196790225394,0.04618826984763289,0.009416215334612444,0.024143805492224054
Wbb8c4883dd3019a00000,0.024734112286361253,0.0015267999626365249,0.7062997919589885,0.06296758163650251,0.06708545138602216,0.025487582262058196,0.017760129797176345,0.01104064860272225,0.0030698831109997374,0.03611193811056097,0.0049741736002733745,0.008794293359017095,0.007170401454248802
Wbb8c4883dd3019a00001,0.024734112286361253,0.0015267999626365249,0.7062997919589885,0.06296758163650251,0.06708545138602216,0.025487582262058196,0.017760129797176345,0.01104064860272225,0.0030698831109997374,0.03611193811056097,0.0049741736002733745,0.008794293359017095,0.007170401454248802
Wbb8c4883dd3019a00002,0.024734112286361253,0.0015267999626365249,0.7062997919589885,0.06296758163650251,0.06708545138602216,0.025487582262058196,0.017760129797176345,0.01104064860272225,0.0030698831109997374,0.03611193811056097,0.0049741736002733745,0.008794293359017095,0.007170401454248802
Wbb8c4883dd3019a00003,0.024734112286361253,0.0015267999626365249,0.7062997919589885,0.06296758163650251,0.06708545138602216,0.025487582262058196,0.017760129797176345,0.01104064860272225,0.0030698831109997374,0.03611193811056097,0.0049741736002733745,0.008794293359017095,0.007170401454248802
Wbb8c4883dd3019a00004,0.024734112286361253,0.0015267999626365249,0.7062997919589885,0.06296758163650251,0.06708545138602216,0.025487582262058196,0.017760129797176345,0.01104064860272225,0.0030698831109997374,0.03611193811056097,0.0049741736002733745,0.008794293359017095,0.007170401454248802
Wbb8c4883dd3019a00005,0.024734112286361253,0.0015267999626365249,0.7062997919589885,0.06296758163650251,0.06708545138602216,0.025487582262058196,0.017760129797176345,0.01104064860272225,0.0030698831109997374,0.03611193811056097,0.0049741736002733745,0.008794293359017095,0.007170401454248802
Wbb8c4883dd3019a00006,0.024734112286361253,0.0015267999626365249,0.7062997919589885,0.06296758163650251,0.06708545138602216,0.025487582262058196,0.017760129797176345,0.01104064860272225,0.0030698831109997374,0.03611193811056097,0.0049741736002733745,0.008794293359017095,0.007170401454248802
Wbc1297dd69eb83c70000,0.00025175237325658265,0.023897791511401867,0.026268277504288486,0.013267088434538363,0.01397776939105386,0.010512971610300978,0.8386068218654501,0.00043126171849986643,0.0020487627535116047,0.0065253689635698525,0.014156819611172334,0.0021034062945717203,0.017244435992537954
Wbc1297dd69eb83c70001,0.00025175237325658265,0.023897791511401867,0.026268277504288486,0.013267088434538363,0.01397776939105386,0.010512971610300978,0.8386068218654501,0.00043126171849986643,0.0020487627535116047,0.0065253689635698525,0.014156819611172334,0.0021034062945717203,0.017244435992537954
Wbc1297dd69eb83c70002,0.00025175237325658265,0.023897791511401867,0.026268277504288486,0.013267088434538363,0.01397776939105386,0.010512971610300978,0.8386068218654501,0.00043126171849986643,0.0020487627535116047,0.0065253689635698525,0.014156819611172334,0.0021034062945717203,0.017244435992537954
Wbc1297dd69eb83c70003,0.00025175237325658265,0.023897791511401867,0.026268277504288486,0.013267088434538363,0.01397776939105386,0.010512971610300978,0.8386068218654501,0.00043126171849986643,0.0020487627535116047,0.0065253689635698525,0.014156819611172334,0.0021034062945717203,0.017244435992537954
Wbc1297dd69eb83c70004,0.00025175237325658265,0.023897791511401867,0.026268277504288486,0.013267088434538363,0.01397776939105386,0.010512971610300978,0.8386068218654501,0.00043126171849986643,0.0020487627535116047,0.0065253689635698525,0.014156819611172334,0.0021034062945717203,0.017244435992537954
Wbc1297dd69eb83c70005,0.00025175237325658265,0.023897791511401867,0.026268277504288486,0.013267088434538363,0.01397776939105386,0.010512971610300978,0.8386068218654501,0.00043126171849986643,0.0020487627535116047,0.0065253689635698525,0.014156819611172334,0.0021034062945717203,0.017244435992537954
Wbc1297dd69eb83c70006,0.00025175237325658265,0.023897791511401867,0.026268277504288486,0.013267088434538363,0.01397776939105386,0.010512971610300978,0.8386068218654501,0.00043126171849986643,0.0020487627535116047,0.0065253689635698525,0.014156819611172334,0.0021034062945717203,0.017244435992537954
Wbc29bbe3ceddcefb0000,0.0005933139447419862,0.006846302356089495,0.048621507137797525,0.002780104673213545,0.003974568442313617,0.0013287462361806668,0.0036484745989773227,0.12382819439741559,0.3436251591873864,0.15714253914204737,0.2434166036417565,0.0018902462266079708,0.03509163525206094
Wbc29bbe3ceddcefb0001,0.0005933139447419862,0.006846302356089495,0.048621507137797525,0.002780104673213545,0.003974568442313617,0.0013287462361806668,0.0036484745989773227,0.12382819439741559,0.3436251591873864,0.15714253914204737,0.2434166036417565,0.0018902462266079708,0.03509163525206094
Wbc29bbe3ceddcefb0002,0.0005933139447419862,0.006846302356089495,0.048621507137797525,0.002780104673213545,0.003974568442313617,0.0013287462361806668,0.0036484745989773227,0.12382819439741559,0.3436251591873864,0.15714253914204737,0.2434166036417565,0.0018902462266079708,0.03509163525206094
Wbc29bbe3ceddcefb0003,0.0005933139447419862,0.006846302356089495,0.048621507137797525,0.002780104673213545,0.003974568442313617,0.0013287462361806668,0.0036484745989773227,0.12382819439741559,0.3436251591873864,0.15714253914204737,0.2434166036417565,0.0018902462266079708,0.03509163525206094
Wbc29bbe3ceddcefb0004,0.0005933139447419862,0.006846302356089495,0.048621507137797525,0.002780104673213545,0.003974568442313617,0.0013287462361806668,0.0036484745989773227,0.12382819439741559,0.3436251591873864,0.15714253914204737,0.2434166036417565,0.0018902462266079708,0.03509163525206094
Wbc29bbe3ceddcefb0005,0.0005933139447419862,0.006846302356089495,0.048621507137797525,0.002780104673213545,0.003974568442313617,0.0013287462361806668,0.0036484745989773227,0.12382819439741559,0.3436251591873864,0.15714253914204737,0.2434166036417565,0.0018902462266079708,0.03509163525206094
Wbc29bbe3ceddcefb0006,0.0005933139447419862,0.006846302356089495,0.048621507137797525,0.002780104673213545,0.003974568442313617,0.0013287462361806668,0.0036484745989773227,0.12382819439741559,0.3436251591873864,0.15714253914204737,0.2434166036417565,0.0018902462266079708,0.03509163525206094
Wbc43cd69cb14bab70000,0.00866036066261134,0.0019826033626163648,0.09840220849740915,0.004882144585585212,0.015121340033355338,0.5571764446426245,0.0023713655714725727,0.0014136058256511565,0.00033527636563150583,0.009331211232621385,0.0006328357493594522,0.290532150159116,0.006758473932750206
Wbc43cd69cb14bab70001,0.00866036066261134,0.0019826033626163648,0.09840220849740915,0.004882144585585212,0.015121340033355338,0.5571764446426245,0.0023713655714725727,0.0014136058256511565,0.00033527636563150583,0.009331211232621385,0.0006328357493594522,0.290532150159116,0.006758473932750206
Wbc43cd69cb14bab70002,0.00866036066261134,0.0019826033626163648,0.09840220849740915,0.004882144585585212,0.015121340033355338,0.5571764446426245,0.0023713655714725727,0.0014136058256511565,0.00033527636563150583,0.009331211232621385,0.0006328357493594522,0.290532150159116,0.006758473932750206
Wbc43cd69cb14bab70003,0.00866036066261134,0.0019826033626163648,0.09840220849740915,0.004882144585585212,0.015121340033355338,0.5571764446426245,0.0023713655714725727,0.0014136058256511565,0.00033527636563150583,0.009331211232621385,0.0006328357493594522,0.290532150159116,0.006758473932750206
Wbc43cd69cb14bab70004,0.00866036066261134,0.0019826033626163648,0.09840220849740915,0.004882144585585212,0.015121340033355338,0.5571764446426245,0.0023713655714725727,0.0014136058256511565,0.00033527636563150583,0.009331211232621385,0.0006328357493594522,0.290532150159116,0.006758473932750206
Wbc43cd69cb14bab70005,0.00866036066261134,0.0019826033626163648,0.09840220849740915,0.004882144585585212,0.015121340033355338,0.5571764446426245,0.0023713655714725727,0.0014136058256511565,0.00033527636563150583,0.009331211232621385,0.0006328357493594522,0.290532150159116,0.006758473932750206
Wbc43cd69cb14bab70006,0.00866036066261134,0.0019826033626163648,0.09840220849740915,0.004882144585585212,0.015121340033355338,0.5571764446426245,0.0023713655714725727,0.0014136058256511565,0.00033527636563150583,0.009331211232621385,0.0006328357493594522,0.290532150159116,0.006758473932750206
Wbdd0baed9376e5c00000,0.20601002541901134,0.004062594791276723,0.03453300183087069,0.018172252751765178,0.021085033040827816,0.013079703979115953,0.009763406553001782,0.01561794490355587,0.0022881622114000275,0.5390607452082654,0.010256972143105067,0.009111882350045385,0.03715418379284923
Wbdd0baed9376e5c00001,0.20601002541901134,0.004062594791276723,0.03453300183087069,0.018172252751765178,0.021085033040827816,0.013079703979115953,0.009763406553001782,0.01561794490355587,0.0022881622114000275,0.5390607452082654,0.010256972143105067,0.009111882350045385,0.03715418379284923
Wbdd0baed9376e5c00002,0.20601002541901134,0.004062594791276723,0.03453300183087069,0.018172252751765178,0.021085033040827816,0.013079703979115953,0.009763406553001782,0.01561794490355587,0.0022881622114000275,0.5390607452082654,0.010256972143105067,0.009111882350045385,0.03715418379284923
Wbdd0baed9376e5c00003,0.20601002541901134,0.004062594791276723,0.03453300183087069,0.018172252751765178,0.021085033040827816,0.013079703979115953,0.009763406553001782,0.01561794490355587,0.0022881622114000275,0.5390607452082654,0.010256972143105067,0.009111882350045385,0.03715418379284923
Wbdd0baed9376e5c00004,0.20601002541901134,0.004062594791276723,0.03453300183087069,0.018172252751765178,0.021085033040827816,0.013079703979115953,0.009763406553001782,0.01561794490355587,0.0022881622114000275,0.5390607452082654,0.010256972143105067,0.009111882350045385,0.03715418379284923
Wbdd0baed9376e5c00005,0.20601002541901134,0.004062594791276723,0.03453300183087069,0.018172252751765178,0.021085033040827816,0.013079703979115953,0.009763406553001782,0.01561794490355587,0.0022881622114000275,0.5390607452082654,0.010256972143105067,0.009111882350045385,0.03715418379284923
Wbdd0baed9376e5c00006,0.20601002541901134,0.004062594791276723,0.03453300183087069,0.018172252751765178,0.021085033040827816,0.013079703979115953,0.009763406553001782,0.01561794490355587,0.0022881622114000275,0.5390607452082654,0.010256972143105067,0.009111882350045385,0.03715418379284923
Wbde569410fe8e49f0000,0.013834648626057476,0.003331193890067266,0.13846971782605785,0.2081076950846729,0.1829485329838715,0.025068935907564507,0.005423683785641973,0.004127992456913469,0.007800703617226502,0.06763679818248935,0.013169433722986198,0.002323071603152414,0.032553722477561914
Wbde569410fe8e49f0001,0.013834648626057476,0.003331193890067266,0.13846971782605785,0.2081076950846729,0.1829485329838715,0.025068935907564507,0.005423683785641973,0.004127992456913469,0.007800703617226502,0.06763679818248935,0.013169433722986198,0.002323071603152414,0.032553722477561914
Wbde569410fe8e49f0002,0.013834648626057476,0.003331193890067266,0.13846971782605785,0.2081076950846729,0.1829485329838715,0.025068935907564507,0.005423683785641973,0.004127992456913469,0.007800703617226502,0.06763679818248935,0.013169433722986198,0.002323071603152414,0.032553722477561914
Wbde569410fe8e49f0003,0.013834648626057476,0.003331193890067266,0.13846971782605785,0.2081076950846729,0.1829485329838715,0.025068935907564507,0.005423683785641973,0.004127992456913469,0.007800703617226502,0.06763679818248935,0.013169433722986198,0.002323071603152414,0.032553722477561914
Wbde569410fe8e49f0004,0.013834648626057476,0.003331193890067266,0.13846971782605785,0.2081076950846729,0.1829485329838715,0.025068935907564507,0.005423683785641973,0.004127992456913469,0.007800703617226502,0.06763679818248935,0.013169433722986198,0.002323071603152414,0.032553722477561914
Wbde569410fe8e49f0005,0.013834648626057476,0.003331193890067266,0.13846971782605785,0.2081076950846729,0.1829485329838715,0.025068935907564507,0.005423683785641973,0.004127992456913469,0.007800703617226502,0.06763679818248935,0.013169433722986198,0.002323071603152414,0.032553722477561914
Wbde569410fe8e49f0006,0.013834648626057476,0.003331193890067266,0.13846971782605785,0.2081076950846729,0.1829485329838715,0.025068935907564507,0.005423683785641973,0.004127992456913469,0.007800703617226502,0.06763679818248935,0.013169433722986198,0.002323071603152414,0.032553722477561914
Wbeaec377d94993050000,0.00290505496661117,0.00022914162127945554,0.0076801337602686965,0.004336414418194875,0.0020435743042711576,0.649603051951712,0.002146937297303409,0.0011911063300528546,9.082594740471707e-05,0.0012893929394873736,0.0026752850572670933,0.3213457230983331,0.0028618343363057187
Wbeaec377d94993050001,0.00290505496661117,0.00022914162127945554,0.0076801337602686965,0.004336414418194875,0.0020435743042711576,0.649603051951712,0.002146937297303409,0.0011911063300528546,9.082594740471707e-05,0.0012893929394873736,0.0026752850572670933,0.3213457230983331,0.0028618343363057187
Wbeaec377d94993050002,0.00290505496661117,0.00022914162127945554,0.0076801337602686965,0.004336414418194875,0.0020435743042711576,0.649603051951712,0.002146937297303409,0.0011911063300528546,9.082594740471707e-05,0.0012893929394873736,0.0026752850572670933,0.3213457230983331,0.0028618343363057187
Wbeaec377d94993050003,0.00290505496661117,0.00022914162127945554,0.0076801337602686965,0.004336414418194875,0.0020435743042711576,0.649603051951712,0.002146937297303409,0.0011911063300528546,9.082594740471707e-05,0.0012893929394873736,0.0026752850572670933,0.3213457230983331,0.0028618343363057187
Wbeaec377d94993050004,0.00290505496661117,0.00022914162127945554,0.0076801337602686965,0.004336414418194875,0.0020435743042711576,0.649603051951712,0.002146937297303409,0.0011911063300528546,9.082594740471707e-05,0.0012893929394873736,0.0026752850572670933,0.3213457230983331,0.0028618343363057187
Wbeaec377d94993050005,0.00290505496661117,0.00022914162127945554,0.0076801337602686965,0.004336414418194875,0.0020435743042711576,0.649603051951712,0.002146937297303409,0.0011911063300528546,9.082594740471707e-05,0.0012893929394873736,0.0026752850572670933,0.3213457230983331,0.0028618343363057187
Wbeaec377d94993050006,0.00290505496661117,0.00022914162127945554,0.0076801337602686965,0.004336414418194875,0.0020435743042711576,0.649603051951712,0.002146937297303409,0.0011911063300528546,9.082594740471707e-05,0.0012893929394873736,0.0026752850572670933,0.3213457230983331,0.0028618343363057187
Wbef72f581e29cf990000,0.005908384040997833,0.008291851838686914,0.15628272013640884,0.04784383564627987,0.03136400519703974,0.028161653621734065,0.2878403842977687,0.025229208277907384,0.018549679146026773,0.020415795255219554,0.10263784783718555,0.009842805293160825,0.020191771167242717
Wbef72f581e29cf990001,0.005908384040997833,0.008291851838686914,0.15628272013640884,0.04784383564627987,0.03136400519703974,0.028161653621734065,0.2878403842977687,0.025229208277907384,0.018549679146026773,0.020415795255219554,0.10263784783718555,0.009842805293160825,0.020191771167242717
Wbef72f581e29cf990002,0.005908384040997833,0.008291851838686914,0.15628272013640884,0.04784383564627987,0.03136400519703974,0.028161653621734065,0.2878403842977687,0.025229208277907384,0.018549679146026773,0.020415795255219554,0.10263784783718555,0.009842805293160825,0.020191771167242717
Wbef72f581e29cf990003,0.005908384040997833,0.008291851838686914,0.15628272013640884,0.04784383564627987,0.03136400519703974,0.028161653621734065,0.2878403842977687,0.025229208277907384,0.018549679146026773,0.020415795255219554,0.10263784783718555,0.009842805293160825,0.020191771167242717
Wbef72f581e29cf990004,0.005908384040997833,0.008291851838686914,0.15628272013640884,0.04784383564627987,0.03136400519703974,0.028161653621734065,0.2878403842977687,0.025229208277907384,0.018549679146026773,0.020415795255219554,0.10263784783718555,0.009842805293160825,0.020191771167242717
Wbef72f581e29cf990005,0.005908384040997833,0.008291851838686914,0.15628272013640884,0.04784383564627987,0.03136400519703974,0.028161653621734065,0.2878403842977687,0.025229208277907384,0.018549679146026773,0.020415795255219554,0.10263784783718555,0.009842805293160825,0.020191771167242717
Wbef72f581e29cf990006,0.005908384040997833,0.008291851838686914,0.15628272013640884,0.04784383564627987,0.03136400519703974,0.028161653621734065,0.2878403842977687,0.025229208277907384,0.018549679146026773,0.020415795255219554,0.10263784783718555,0.009842805293160825,0.020191771167242717
Wc132f976421ef79e0000,0.0035863206323522166,0.0030211449749781953,0.25692610091734036,0.017335655313849917,0.014976597887180521,0.00663191194572611,0.01640078161981126,0.011418654246905911,0.08334834592767262,0.30605469595035373,0.03466057231208615,0.002419345255509885,0.13362255688944724
Wc132f976421ef79e0001,0.0035863206323522166,0.0030211449749781953,0.25692610091734036,0.017335655313849917,0.014976597887180521,0.00663191194572611,0.01640078161981126,0.011418654246905911,0.08334834592767262,0.30605469595035373,0.03466057231208615,0.002419345255509885,0.13362255688944724
Wc132f976421ef79e0002,0.0035863206323522166,0.0030211449749781953,0.25692610091734036,0.017335655313849917,0.014976597887180521,0.00663191194572611,0.01640078161981126,0.011418654246905911,0.08334834592767262,0.30605469595035373,0.03466057231208615,0.002419345255509885,0.13362255688944724
Wc132f976421ef79e0003,0.0035863206323522166,0.0030211449749781953,0.25692610091734036,0.017335655313849917,0.014976597887180521,0.00663191194572611,0.01640078161981126,0.011418654246905911,0.08334834592767262,0.30605469595035373,0.03466057231208615,0.002419345255509885,0.13362255688944724
Wc132f976421ef79e0004,0.0035863206323522166,0.0030211449749781953,0.25692610091734036,0.017335655313849917,0.014976597887180521,0.00663191194572611,0.01640078161981126,0.011418654246905911,0.08334834592767262,0.30605469595035373,0.03466057231208615,0.002419345255509885,0.13362255688944724
Wc132f976421ef79e0005,0.0035863206323522166,0.0030211449749781953,0.25692610091734036,0.017335655313849917,0.014976597887180521,0.00663191194572611,0.01640078161981126,0.011418654246905911,0.08334834592767262,0.30605469595035373,0.03466057231208615,0.002419345255509885,0.13362255688944724
Wc132f976421ef79e0006,0.0035863206323522166,0.0030211449749781953,0.25692610091734036,0.017335655313849917,0.014976597887180521,0.00663191194572611,0.01640078161981126,0.011418654246905911,0.08334834592767262,0.30605469595035373,0.03466057231208615,0.002419345255509885,0.13362255688944724
Wc446c80bb89bb5ff0000,0.8744509159726971,0.0009436552245621905,0.013628177500857102,0.007484042889205512,0.005994392004767475,0.004364470405822225,0.004195033102391529,0.004910418179440502,0.004337847973238482,0.03600167471530354,0.012562345538389029,0.0033029479700395397,0.010209839026881407
Wc446c80bb89bb5ff0001,0.8744509159726971,0.0009436552245621905,0.013628177500857102,0.007484042889205512,0.005994392004767475,0.004364470405822225,0.004195033102391529,0.004910418179440502,0.004337847973238482,0.03600167471530354,0.012562345538389029,0.0033029479700395397,0.010209839026881407
Wc446c80bb89bb5ff0002,0.8744509159726971,0.0009436552245621905,0.013628177500857102,0.007484042889205512,0.005994392004767475,0.004364470405822225,0.004195033102391529,0.004910418179440502,0.004337847973238482,0.03600167471530354,0.012562345538389029,0.0033029479700395397,0.010209839026881407
Wc446c80bb89bb5ff0003,0.8744509159726971,0.0009436552245621905,0.013628177500857102,0.007484042889205512,0.005994392004767475,0.004364470405822225,0.004195033102391529,0.004910418179440502,0.004337847973238482,0.03600167471530354,0.012562345538389029,0.0033029479700395397,0.010209839026881407
Wc446c80bb89bb5ff0004,0.8744509159726971,0.0009436552245621905,0.013628177500857102,0.007484042889205512,0.005994392004767475,0.004364470405822225,0.004195033102391529,0.004910418179440502,0.004337847973238482,0.03600167471530354,0.012562345538389029,0.0033029479700395397,0.010209839026881407
Wc446c80bb89bb5ff0005,0.8744509159726971,0.0009436552245621905,0.013628177500857102,0.007484042889205512,0.005994392004767475,0.004364470405822225,0.004195033102391529,0.004910418179440502,0.004337847973238482,0.03600167471530354,0.012562345538389029,0.0033029479700395397,0.010209839026881407
Wc446c80bb89bb5ff0006,0.8744509159726971,0.0009436552245621905,0.013628177500857102,0.007484042889205512,0.005994392004767475,0.004364470405822225,0.004195033102391529,0.004910418179440502,0.004337847973238482,0.03600167471530354,0.012562345538389029,0.0033029479700395397,0.010209839026881407
Wc4d73b3dd10bb6550000,0.009506521255925661,0.058839602688849676,0.011320175772242425,0.009609756231805766,0.0646513468688337,0.028990016773936606,0.013077772010334493,0.19787492399838286,0.036173292294067204,0.04529042469763781,0.4634182138750623,0.013310974807800934,0.013901215071429678
Wc4d73b3dd10bb6550001,0.009506521255925661,0.058839602688849676,0.011320175772242425,0.009609756231805766,0.0646513468688337,0.028990016773936606,0.013077772010334493,0.19787492399838286,0.036173292294067204,0.04529042469763781,0.4634182138750623,0.013310974807800934,0.013901215071429678
Wc4d73b3dd10bb6550002,0.009506521255925661,0.058839602688849676,0.011320175772242425,0.009609756231805766,0.0646513468688337,0.028990016773936606,0.013077772010334493,0.19787492399838286,0.036173292294067204,0.04529042469763781,0.4634182138750623,0.013310974807800934,0.013901215071429678
Wc4d73b3dd10bb6550003,0.009506521255925661,0.058839602688849676,0.011320175772242425,0.009609756231805766,0.0646513468688337,0.028990016773936606,0.013077772010334493,0.19787492399838286,0.036173292294067204,0.04529042469763781,0.4634182138750623,0.013310974807800934,0.013901215071429678
Wc4d73b3dd10bb6550004,0.009506521255925661,0.058839602688849676,0.011320175772242425,0.009609756231805766,0.0646513468688337,0.028990016773936606,0.013077772010334493,0.19787492399838286,0.036173292294067204,0.04529042469763781,0.4634182138750623,0.013310974807800934,0.013901215071429678
Wc4d73b3dd10bb6550005,0.009506521255925661,0.058839602688849676,0.011320175772242425,0.009609756231805766,0.0646513468688337,0.028990016773936606,0.013077772010334493,0.19787492399838286,0.036173292294067204,0.04529042469763781,0.4634182138750623,0.013310974807800934,0.013901215071429678
Wc4d73b3dd10bb6550006,0.009506521255925661,0.058839602688849676,0.011320175772242425,0.009609756231805766,0.0646513468688337,0.028990016773936606,0.013077772010334493,0.19787492399838286,0.036173292294067204,0.04529042469763781,0.4634182138750623,0.013310974807800934,0.013901215071429678
Wc57515d8229271fc0000,0.0016278972724186795,0.9373036702199857,1.6943205423837514e-05,0.0004800004171585376,0.00038707977608449644,2.1312873362521733e-05,0.0011999309522169209,0.0018908582132716378,0.0414692183728583,0.0009060300464947431,0.01314863462385579,0.0004844615274525425,3.493359865133156e-05
Wc57515d8229271fc0001,0.0016278972724186795,0.9373036702199857,1.6943205423837514e-05,0.0004800004171585376,0.00038707977608449644,2.1312873362521733e-05,0.0011999309522169209,0.0018908582132716378,0.0414692183728583,0.0009060300464947431,0.01314863462385579,0.0004844615274525425,3.493359865133156e-05
Wc57515d8229271fc0002,0.0016278972724186795,0.9373036702199857,1.6943205423837514e-05,0.0004800004171585376,0.00038707977608449644,2.1312873362521733e-05,0.0011999309522169209,0.0018908582132716378,0.0414692183728583,0.0009060300464947431,0.01314863462385579,0.0004844615274525425,3.493359865133156e-05
Wc57515d8229271fc0003,0.0016278972724186795,0.9373036702199857,1.6943205423837514e-05,0.0004800004171585376,0.00038707977608449644,2.1312873362521733e-05,0.0011999309522169209,0.0018908582132716378,0.0414692183728583,0.0009060300464947431,0.01314863462385579,0.0004844615274525425,3.493359865133156e-05
Wc57515d8229271fc0004,0.0016278972724186795,0.9373036702199857,1.6943205423837514e-05,0.0004800004171585376,0.00038707977608449644,2.1312873362521733e-05,0.0011999309522169209,0.0018908582132716378,0.0414692183728583,0.0009060300464947431,0.01314863462385579,0.0004844615274525425,3.493359865133156e-05
Wc57515d8229271fc0005,0.0016278972724186795,0.9373036702199857,1.6943205423837514e-05,0.0004800004171585376,0.00038707977608449644,2.1312873362521733e-05,0.0011999309522169209,0.0018908582132716378,0.0414692183728583,0.0009060300464947431,0.01314863462385579,0.0004844615274525425,3.493359865133156e-05
Wc57515d8229271fc0006,0.0016278972724186795,0.9373036702199857,1.6943205423837514e-05,0.0004800004171585376,0.00038707977608449644,2.1312873362521733e-05,0.0011999309522169209,0.0018908582132716378,0.0414692183728583,0.0009060300464947431,0.01314863462385579,0.0004844615274525425,3.493359865133156e-05
Wc5996b4fa3dbcce70000,0.0086415725338739,0.0014037666780730357,0.12971342513823036,0.3105889969126458,0.37712467352973017,0.029226088532538247,0.05659931184494968,0.006329584458928009,0.004185148230449142,0.00712321562617364,0.004354803864663845,0.03271865924557047,0.015378211602738666
Wc5996b4fa3dbcce70001,0.0086415725338739,0.0014037666780730357,0.12971342513823036,0.3105889969126458,0.37712467352973017,0.029226088532538247,0.05659931184494968,0.006329584458928009,0.004185148230449142,0.00712321562617364,0.004354803864663845,0.03271865924557047,0.015378211602738666
Wc5996b4fa3dbcce70002,0.0086415725338739,0.0014037666780730357,0.12971342513823036,0.3105889969126458,0.37712467352973017,0.029226088532538247,0.05659931184494968,0.006329584458928009,0.004185148230449142,0.00712321562617364,0.004354803864663845,0.03271865924557047,0.015378211602738666
Wc5996b4fa3dbcce70003,0.0086415725338739,0.0014037666780730357,0.12971342513823036,0.3105889969126458,0.37712467352973017,0.029226088532538247,0.05659931184494968,0.006329584458928009,0.004185148230449142,0.00712321562617364,0.004354803864663845,0.03271865924557047,0.015378211602738666
Wc5996b4fa3dbcce70004,0.0086415725338739,0.0014037666780730357,0.12971342513823036,0.3105889969126458,0.37712467352973017,0.029226088532538247,0.05659931184494968,0.006329584458928009,0.004185148230449142,0.00712321562617364,0.004354803864663845,0.03271865924557047,0.015378211602738666
Wc5996b4fa3dbcce70005,0.0086415725338739,0.0014037666780730357,0.12971342513823036,0.3105889969126458,0.37712467352973017,0.029226088532538247,0.05659931184494968,0.006329584458928009,0.004185148230449142,0.00712321562617364,0.004354803864663845,0.03271865924557047,0.015378211602738666
Wc5996b4fa3dbcce70006,0.0086415725338739,0.0014037666780730357,0.12971342513823036,0.3105889969126458,0.37712467352973017,0.029226088532538247,0.05659931184494968,0.006329584458928009,0.004185148230449142,0.00712321562617364,0.004354803864663845,0.03271865924557047,0.015378211602738666
Wc5dabfe82b90ea9a0000,0.01917493197012429,0.000892114510888816,0.20492961199653262,0.16893250149533812,0.40054945629563965,0.09092000389560291,0.008388719054453864,0.009352923591891053,0.002098968587748353,0.02287248525103004,0.015511348956977537,0.01425360462068325,0.017690958558782898
Wc5dabfe82b90ea9a0001,0.01917493197012429,0.000892114510888816,0.20492961199653262,0.16893250149533812,0.40054945629563965,0.09092000389560291,0.008388719054453864,0.009352923591891053,0.002098968587748353,0.02287248525103004,0.015511348956977537,0.01425360462068325,0.017690958558782898
Wc5dabfe82b90ea9a0002,0.01917493197012429,0.000892114510888816,0.20492961199653262,0.16893250149533812,0.40054945629563965,0.09092000389560291,0.008388719054453864,0.009352923591891053,0.002098968587748353,0.02287248525103004,0.015511348956977537,0.01425360462068325,0.017690958558782898
Wc5dabfe82b90ea9a0003,0.01917493197012429,0.000892114510888816,0.20492961199653262,0.16893250149533812,0.40054945629563965,0.09092000389560291,0.008388719054453864,0.009352923591891053,0.002098968587748353,0.02287248525103004,0.015511348956977537,0.01425360462068325,0.017690958558782898
Wc5dabfe82b90ea9a0004,0.01917493197012429,0.000892114510888816,0.20492961199653262,0.16893250149533812,0.40054945629563965,0.09092000389560291,0.008388719054453864,0.009352923591891053,0.002098968587748353,0.02287248525103004,0.015511348956977537,0.01425360462068325,0.017690958558782898
Wc5dabfe82b90ea9a0005,0.01917493197012429,0.000892114510888816,0.20492961199653262,0.16893250149533812,0.40054945629563965,0.09092000389560291,0.008388719054453864,0.009352923591891053,0.002098968587748353,0.02287248525103004,0.015511348956977537,0.01425360462068325,0.017690958558782898
Wc5dabfe82b90ea9a0006,0.01917493197012429,0.000892114510888816,0.20492961199653262,0.16893250149533812,0.40054945629563965,0.09092000389560291,0.008388719054453864,0.009352923591891053,0.002098968587748353,0.02287248525103004,0.015511348956977537,0.01425360462068325,0.017690958558782898
Wc6ea7f21070970a90000,0.015985309042150925,0.44967017653948244,0.015075846950929247,0.017704074234104777,0.017159176989867058,0.007421375939348346,0.4143055945876049,0.0041148458644791825,0.0008808015465391067,0.010594185189404847,0.006145602564619147,0.005461631775372536,0.012121214295758184
Wc6ea7f21070970a90001,0.015985309042150925,0.44967017653948244,0.015075846950929247,0.017704074234104777,0.017159176989867058,0.007421375939348346,0.4143055945876049,0.0041148458644791825,0.0008808015465391067,0.010594185189404847,0.006145602564619147,0.005461631775372536,0.012121214295758184
Wc6ea7f21070970a90002,0.015985309042150925,0.44967017653948244,0.015075846950929247,0.017704074234104777,0.017159176989867058,0.007421375939348346,0.4143055945876049,0.0041148458644791825,0.0008808015465391067,0.010594185189404847,0.006145602564619147,0.005461631775372536,0.012121214295758184
Wc6ea7f21070970a90003,0.015985309042150925,0.44967017653948244,0.015075846950929247,0.017704074234104777,0.017159176989867058,0.007421375939348346,0.4143055945876049,0.0041148458644791825,0.0008808015465391067,0.010594185189404847,0.006145602564619147,0.005461631775372536,0.012121214295758184
Wc6ea7f21070970a90004,0.015985309042150925,0.44967017653948244,0.015075846950929247,0.017704074234104777,0.017159176989867058,0.007421375939348346,0.4143055945876049,0.0041148458644791825,0.0008808015465391067,0.010594185189404847,0.006145602564619147,0.005461631775372536,0.012121214295758184
Wc6ea7f21070970a90005,0.015985309042150925,0.44967017653948244,0.015075846950929247,0.017704074234104777,0.017159176989867058,0.007421375939348346,0.4143055945876049,0.0041148458644791825,0.0008808015465391067,0.010594185189404847,0.006145602564619147,0.005461631775372536,0.012121214295758184
Wc6ea7f21070970a90006,0.015985309042150925,0.44967017653948244,0.015075846950929247,0.017704074234104777,0.017159176989867058,0.007421375939348346,0.4143055945876049,0.0041148458644791825,0.0008808015465391067,0.010594185189404847,0.006145602564619147,0.005461631775372536,0.012121214295758184
Wc71266a645637d7b0000,0.006297860263790103,0.9245740415761501,0.009319486288844075,0.0020119189176528276,0.006135525678590437,0.0013027622868552477,0.018807829272220286,0.0029843535863430487,0.0005684143182787995,0.0017899246898000903,0.00800734890248195,0.0027901064945748013,0.004392819727005965
Wc71266a645637d7b0001,0.006297860263790103,0.9245740415761501,0.009319486288844075,0.0020119189176528276,0.006135525678590437,0.0013027622868552477,0.018807829272220286,0.0029843535863430487,0.0005684143182787995,0.0017899246898000903,0.00800734890248195,0.0027901064945748013,0.004392819727005965
Wc71266a645637d7b0002,0.006297860263790103,0.9245740415761501,0.009319486288844075,0.0020119189176528276,0.006135525678590437,0.0013027622868552477,0.018807829272220286,0.0029843535863430487,0.0005684143182787995,0.0017899246898000903,0.00800734890248195,0.0027901064945748013,0.004392819727005965
Wc71266a645637d7b0003,0.006297860263790103,0.9245740415761501,0.009319486288844075,0.0020119189176528276,0.006135525678590437,0.0013027622868552477,0.018807829272220286,0.0029843535863430487,0.0005684143182787995,0.0017899246898000903,0.00800734890248195,0.0027901064945748013,0.004392819727005965
Wc71266a645637d7b0004,0.006297860263790103,0.9245740415761501,0.009319486288844075,0.0020119189176528276,0.006135525678590437,0.0013027622868552477,0.018807829272220286,0.0029843535863430487,0.0005684143182787995,0.0017899246898000903,0.00800734890248195,0.0027901064945748013,0.004392819727005965
Wc71266a645637d7b0005,0.006297860263790103,0.9245740415761501,0.009319486288844075,0.0020119189176528276,0.006135525678590437,0.0013027622868552477,0.018807829272220286,0.0029843535863430487,0.0005684143182787995,0.0017899246898000903,0.00800734890248195,0.0027901064945748013,0.004392819727005965
Wc71266a645637d7b0006,0.006297860263790103,0.9245740415761501,0.009319486288844075,0.0020119189176528276,0.006135525678590437,0.0013027622868552477,0.018807829272220286,0.0029843535863430487,0.0005684143182787995,0.0017899246898000903,0.00800734890248195,0.0027901064945748013,0.004392819727005965
Wc7ab4b9a55950dab0000,0.005754984647984335,0.012230120931265095,0.06640588224692637,0.03725683472299226,0.07796474236676677,0.007474415908923719,0.14729454553945676,0.02026596266156302,0.015274069939742004,0.02091804185841618,0.27332526197993323,0.008449097214115348,0.029410783709925222
Wc7ab4b9a55950dab0001,0.005754984647984335,0.012230120931265095,0.06640588224692637,0.03725683472299226,0.07796474236676677,0.007474415908923719,0.14729454553945676,0.02026596266156302,0.015274069939742004,0.02091804185841618,0.27332526197993323,0.008449097214115348,0.029410783709925222
Wc7ab4b9a55950dab0002,0.005754984647984335,0.012230120931265095,0.06640588224692637,0.03725683472299226,0.07796474236676677,0.007474415908923719,0.14729454553945676,0.02026596266156302,0.015274069939742004,0.02091804185841618,0.27332526197993323,0.008449097214115348,0.029410783709925222
Wc7ab4b9a55950dab0003,0.005754984647984335,0.012230120931265095,0.06640588224692637,0.03725683472299226,0.07796474236676677,0.007474415908923719,0.14729454553945676,0.02026596266156302,0.015274069939742004,0.02091804185841618,0.27332526197993323,0.008449097214115348,0.029410783709925222
Wc7ab4b9a55950dab0004,0.005754984647984335,0.012230120931265095,0.06640588224692637,0.03725683472299226,0.07796474236676677,0.007474415908923719,0.14729454553945676,0.02026596266156302,0.015274069939742004,0.02091804185841618,0.27332526197993323,0.008449097214115348,0.029410783709925222
Wc7ab4b9a55950dab0005,0.005754984647984335,0.012230120931265095,0.06640588224692637,0.03725683472299226,0.07796474236676677,0.007474415908923719,0.14729454553945676,0.02026596266156302,0.015274069939742004,0.02091804185841618,0.27332526197993323,0.008449097214115348,0.029410783709925222
Wc7ab4b9a55950dab0006,0.005754984647984335,0.012230120931265095,0.06640588224692637,0.03725683472299226,0.07796474236676677,0.007474415908923719,0.14729454553945676,0.02026596266156302,0.015274069939742004,0.02091804185841618,0.27332526197993323,0.008449097214115348,0.029410783709925222
Wc8ea48ec838d9beb0000,0.005840114258898991,0.0032393605293032125,0.21079505573355037,0.03173322441774599,0.019037906716329506,0.06008187454329024,0.34593812420435477,0.005153472072616223,0.0190410389083601,0.013734245652429618,0.03536958105104693,0.0042215733697724255,0.06360085056042297
Wc8ea48ec838d9beb0001,0.005840114258898991,0.0032393605293032125,0.21079505573355037,0.03173322441774599,0.019037906716329506,0.06008187454329024,0.34593812420435477,0.005153472072616223,0.0190410389083601,0.013734245652429618,0.03536958105104693,0.0042215733697724255,0.06360085056042297
Wc8ea48ec838d9beb0002,0.005840114258898991,0.0032393605293032125,0.21079505573355037,0.03173322441774599,0.019037906716329506,0.06008187454329024,0.34593812420435477,0.005153472072616223,0.0190410389083601,0.013734245652429618,0.03536958105104693,0.0042215733697724255,0.06360085056042297
Wc8ea48ec838d9beb0003,0.005840114258898991,0.0032393605293032125,0.21079505573355037,0.03173322441774599,0.019037906716329506,0.06008187454329024,0.34593812420435477,0.005153472072616223,0.0190410389083601,0.013734245652429618,0.03536958105104693,0.0042215733697724255,0.06360085056042297
Wc8ea48ec838d9beb0004,0.005840114258898991,0.0032393605293032125,0.21079505573355037,0.03173322441774599,0.019037906716329506,0.06008187454329024,0.34593812420435477,0.005153472072616223,0.0190410389083601,0.013734245652429618,0.03536958105104693,0.0042215733697724255,0.06360085056042297
Wc8ea48ec838d9beb0005,0.005840114258898991,0.0032393605293032125,0.21079505573355037,0.03173322441774599,0.019037906716329506,0.06008187454329024,0.34593812420435477,0.005153472072616223,0.0190410389083601,0.013734245652429618,0.03536958105104693,0.0042215733697724255,0.06360085056042297
Wc8ea48ec838d9beb0006,0.005840114258898991,0.0032393605293032125,0.21079505573355037,0.03173322441774599,0.019037906716329506,0.06008187454329024,0.34593812420435477,0.005153472072616223,0.0190410389083601,0.013734245652429618,0.03536958105104693,0.0042215733697724255,0.06360085056042297
Wca152ae15fea4f2e0000,0.009240823848287474,0.945606223399441,0.006200972549568973,0.004725560519593384,0.0016504287240400209,0.0025707613021423905,0.011312035553601246,0.0007346157315472533,3.522191346962949e-05,0.004166509110719725,0.00443954548637951,0.0019905468322410557,0.002694933257820355
Wca152ae15fea4f2e0001,0.009240823848287474,0.945606223399441,0.006200972549568973,0.004725560519593384,0.0016504287240400209,0.0025707613021423905,0.011312035553601246,0.0007346157315472533,3.522191346962949e-05,0.004166509110719725,0.00443954548637951,0.0019905468322410557,0.002694933257820355
Wca152ae15fea4f2e0002,0.009240823848287474,0.945606223399441,0.006200972549568973,0.004725560519593384,0.0016504287240400209,0.0025707613021423905,0.011312035553601246,0.0007346157315472533,3.522191346962949e-05,0.004166509110719725,0.00443954548637951,0.0019905468322410557,0.002694933257820355
Wca152ae15fea4f2e0003,0.009240823848287474,0.945606223399441,0.006200972549568973,0.004725560519593384,0.0016504287240400209,0.0025707613021423905,0.011312035553601246,0.0007346157315472533,3.522191346962949e-05,0.004166509110719725,0.00443954548637951,0.0019905468322410557,0.002694933257820355
Wca152ae15fea4f2e0004,0.009240823848287474,0.945606223399441,0.006200972549568973,0.004725560519593384,0.0016504287240400209,0.0025707613021423905,0.011312035553601246,0.0007346157315472533,3.522191346962949e-05,0.004166509110719725,0.00443954548637951,0.0019905468322410557,0.002694933257820355
Wca152ae15fea4f2e0005,0.009240823848287474,0.945606223399441,0.006200972549568973,0.004725560519593384,0.0016504287240400209,0.0025707613021423905,0.011312035553601246,0.0007346157315472533,3.522191346962949e-05,0.004166509110719725,0.00443954548637951,0.0019905468322410557,0.002694933257820355
Wca152ae15fea4f2e0006,0.009240823848287474,0.945606223399441,0.006200972549568973,0.004725560519593384,0.0016504287240400209,0.0025707613021423905,0.011312035553601246,0.0007346157315472533,3.522191346962949e-05,0.004166509110719725,0.00443954548637951,0.0019905468322410557,0.002694933257820355
Wcb6954925b3070d00000,0.0016444506396401494,0.0012998835585912318,0.01786618787070159,0.007723023837037875,0.013103968316368767,0.0029534443005377366,0.008136907403149525,0.10794895909188304,0.12212037992330352,0.01562811740894594,0.31555659995171736,0.0037411270782262964,0.006095880517180732
Wcb6954925b3070d00001,0.0016444506396401494,0.0012998835585912318,0.01786618787070159,0.007723023837037875,0.013103968316368767,0.0029534443005377366,0.008136907403149525,0.10794895909188304,0.12212037992330352,0.01562811740894594,0.31555659995171736,0.0037411270782262964,0.006095880517180732
Wcb6954925b3070d00002,0.0016444506396401494,0.0012998835585912318,0.01786618787070159,0.007723023837037875,0.013103968316368767,0.0029534443005377366,0.008136907403149525,0.10794895909188304,0.12212037992330352,0.01562811740894594,0.31555659995171736,0.0037411270782262964,0.006095880517180732
Wcb6954925b3070d00003,0.0016444506396401494,0.0012998835585912318,0.01786618787070159,0.007723023837037875,0.013103968316368767,0.0029534443005377366,0.008136907403149525,0.10794895909188304,0.12212037992330352,0.01562811740894594,0.31555659995171736,0.0037411270782262964,0.006095880517180732
Wcb6954925b3070d00004,0.0016444506396401494,0.0012998835585912318,0.01786618787070159,0.007723023837037875,0.013103968316368767,0.0029534443005377366,0.008136907403149525,0.10794895909188304,0.12212037992330352,0.01562811740894594,0.31555659995171736,0.0037411270782262964,0.006095880517180732
Wcb6954925b3070d00005,0.0016444506396401494,0.0012998835585912318,0.01786618787070159,0.007723023837037875,0.013103968316368767,0.0029534443005377366,0.008136907403149525,0.10794895909188304,0.12212037992330352,0.01562811740894594,0.31555659995171736,0.0037411270782262964,0.006095880517180732
Wcb6954925b3070d00006,0.0016444506396401494,0.0012998835585912318,0.01786618787070159,0.007723023837037875,0.013103968316368767,0.0029534443005377366,0.008136907403149525,0.10794895909188304,0.12212037992330352,0.01562811740894594,0.31555659995171736,0.0037411270782262964,0.006095880517180732
Wcbfffdfdecb25d9f0000,0.0032778717945238472,0.0006918218219530209,0.47693728880221675,0.09133702120083455,0.3109537328196194,0.04035987570932322,0.005667223503015736,0.0018007573299653747,0.0009335067262755353,0.0022589150395277884,0.0017939131682451442,0.055789658520829614,0.004590255402851931
Wcbfffdfdecb25d9f0001,0.0032778717945238472,0.0006918218219530209,0.47693728880221675,0.09133702120083455,0.3109537328196194,0.04035987570932322,0.005667223503015736,0.0018007573299653747,0.0009335067262755353,0.0022589150395277884,0.0017939131682451442,0.055789658520829614,0.004590255402851931
Wcbfffdfdecb25d9f0002,0.0032778717945238472,0.0006918218219530209,0.47693728880221675,0.09133702120083455,0.3109537328196194,0.04035987570932322,0.005667223503015736,0.0018007573299653747,0.0009335067262755353,0.0022589150395277884,0.0017939131682451442,0.055789658520829614,0.004590255402851931
Wcbfffdfdecb25d9f0003,0.0032778717945238472,0.0006918218219530209,0.47693728880221675,0.09133702120083455,0.3109537328196194,0.04035987570932322,0.005667223503015736,0.0018007573299653747,0.0009335067262755353,0.0022589150395277884,0.0017939131682451442,0.055789658520829614,0.004590255402851931
Wcbfffdfdecb25d9f0004,0.0032778717945238472,0.0006918218219530209,0.47693728880221675,0.09133702120083455,0.3109537328196194,0.04035987570932322,0.005667223503015736,0.0018007573299653747,0.0009335067262755353,0.0022589150395277884,0.0017939131682451442,0.055789658520829614,0.004590255402851931
Wcbfffdfdecb25d9f0005,0.0032778717945238472,0.0006918218219530209,0.47693728880221675,0.09133702120083455,0.3109537328196194,0.04035987570932322,0.005667223503015736,0.0018007573299653747,0.0009335067262755353,0.0022589150395277884,0.0017939131682451442,0.055789658520829614,0.004590255402851931
Wcbfffdfdecb25d9f0006,0.0032778717945238472,0.0006918218219530209,0.47693728880221675,0.09133702120083455,0.3109537328196194,0.04035987570932322,0.005667223503015736,0.0018007573299653747,0.0009335067262755353,0.0022589150395277884,0.0017939131682451442,0.055789658520829614,0.004590255402851931
Wcc1d8419a2bafe770000,0.0019343576800550902,0.0022636783810634767,0.10699596801245194,0.03326563744223901,0.053687956347146036,0.015520979891215553,0.0248313731522787,0.050644434618582576,0.2534527460198005,0.26042512624548503,0.08511158482105868,0.006665278096887493,0.018590270317003423
Wcc1d8419a2bafe770001,0.0019343576800550902,0.0022636783810634767,0.10699596801245194,0.03326563744223901,0.053687956347146036,0.015520979891215553,0.0248313731522787,0.050644434618582576,0.2534527460198005,0.26042512624548503,0.08511158482105868,0.006665278096887493,0.018590270317003423
Wcc1d8419a2bafe770002,0.0019343576800550902,0.0022636783810634767,0.10699596801245194,0.03326563744223901,0.053687956347146036,0.015520979891215553,0.0248313731522787,0.050644434618582576,0.2534527460198005,0.26042512624548503,0.08511158482105868,0.006665278096887493,0.018590270317003423
Wcc1d8419a2bafe770003,0.0019343576800550902,0.0022636783810634767,0.10699596801245194,0.03326563744223901,0.053687956347146036,0.015520979891215553,0.0248313731522787,0.050644434618582576,0.2534527460198005,0.26042512624548503,0.08511158482105868,0.006665278096887493,0.018590270317003423
Wcc1d8419a2bafe770004,0.0019343576800550902,0.0022636783810634767,0.10699596801245194,0.03326563744223901,0.053687956347146036,0.015520979891215553,0.0248313731522787,0.050644434618582576,0.2534527460198005,0.26042512624548503,0.08511158482105868,0.006665278096887493,0.018590270317003423
Wcc1d8419a2bafe770005,0.0019343576800550902,0.0022636783810634767,0.10699596801245194,0.03326563744223901,0.053687956347146036,0.015520979891215553,0.0248313731522787,0.050644434618582576,0.2534527460198005,0.26042512624548503,0.08511158482105868,0.006665278096887493,0.018590270317003423
Wcc1d8419a2bafe770006,0.0019343576800550902,0.0022636783810634767,0.10699596801245194,0.03326563744223901,0.053687956347146036,0.015520979891215553,0.0248313731522787,0.050644434618582576,0.2534527460198005,0.26042512624548503,0.08511158482105868,0.006665278096887493,0.018590270317003423
Wccb0089e24aa28300000,0.0003078506110933661,0.0610691896517815,0.006881706313915053,0.014750731628394229,0.01870223363694284,0.002278776575462933,0.008181859886685013,0.044325890185161226,0.06916431549190039,0.025989591391332972,0.547327259372715,0.00800342633731953,0.01902832047339032
Wccb0089e24aa28300001,0.0003078506110933661,0.0610691896517815,0.006881706313915053,0.014750731628394229,0.01870223363694284,0.002278776575462933,0.008181859886685013,0.044325890185161226,0.06916431549190039,0.025989591391332972,0.547327259372715,0.00800342633731953,0.01902832047339032
Wccb0089e24aa28300002,0.0003078506110933661,0.0610691896517815,0.006881706313915053,0.014750731628394229,0.01870223363694284,0.002278776575462933,0.008181859886685013,0.044325890185161226,0.06916431549190039,0.025989591391332972,0.547327259372715,0.00800342633731953,0.01902832047339032
Wccb0089e24aa28300003,0.0003078506110933661,0.0610691896517815,0.006881706313915053,0.014750731628394229,0.01870223363694284,0.002278776575462933,0.008181859886685013,0.044325890185161226,0.06916431549190039,0.025989591391332972,0.547327259372715,0.00800342633731953,0.01902832047339032
Wccb0089e24aa28300004,0.0003078506110933661,0.0610691896517815,0.006881706313915053,0.014750731628394229,0.01870223363694284,0.002278776575462933,0.008181859886685013,0.044325890185161226,0.06916431549190039,0.025989591391332972,0.547327259372715,0.00800342633731953,0.01902832047339032
Wccb0089e24aa28300005,0.0003078506110933661,0.0610691896517815,0.006881706313915053,0.014750731628394229,0.01870223363694284,0.002278776575462933,0.008181859886685013,0.044325890185161226,0.06916431549190039,0.025989591391332972,0.547327259372715,0.00800342633731953,0.01902832047339032
Wccb0089e24aa28300006,0.0003078506110933661,0.0610691896517815,0.006881706313915053,0.014750731628394229,0.01870223363694284,0.002278776575462933,0.008181859886685013,0.044325890185161226,0.06916431549190039,0.025989591391332972,0.547327259372715,0.00800342633731953,0.01902832047339032
Wcdafd0c1c160088f0000,0.0036832261851655838,0.000307935852270806,0.02168948252815162,0.006603008874714122,0.008174075760326489,0.004288382544077613,0.011547861788717856,0.9302844563724321,0.0015167359553001653,0.0022539262301784955,0.001499852283092797,0.0028815373151502635,0.0009437692076910651
Wcdafd0c1c160088f0001,0.0036832261851655838,0.000307935852270806,0.02168948252815162,0.006603008874714122,0.008174075760326489,0.004288382544077613,0.011547861788717856,0.9302844563724321,0.0015167359553001653,0.0022539262301784955,0.001499852283092797,0.0028815373151502635,0.0009437692076910651
Wcdafd0c1c160088f0002,0.0036832261851655838,0.000307935852270806,0.02168948252815162,0.006603008874714122,0.008174075760326489,0.004288382544077613,0.011547861788717856,0.9302844563724321,0.0015167359553001653,0.0022539262301784955,0.001499852283092797,0.0028815373151502635,0.0009437692076910651
Wcdafd0c1c160088f0003,0.0036832261851655838,0.000307935852270806,0.02168948252815162,0.006603008874714122,0.008174075760326489,0.004288382544077613,0.011547861788717856,0.9302844563724321,0.0015167359553001653,0.0022539262301784955,0.001499852283092797,0.0028815373151502635,0.0009437692076910651
Wcdafd0c1c160088f0004,0.0036832261851655838,0.000307935852270806,0.02168948252815162,0.006603008874714122,0.008174075760326489,0.004288382544077613,0.011547861788717856,0.9302844563724321,0.0015167359553001653,0.0022539262301784955,0.001499852283092797,0.0028815373151502635,0.0009437692076910651
Wcdafd0c1c160088f0005,0.0036832261851655838,0.000307935852270806,0.02168948252815162,0.006603008874714122,0.008174075760326489,0.004288382544077613,0.011547861788717856,0.9302844563724321,0.0015167359553001653,0.0022539262301784955,0.001499852283092797,0.0028815373151502635,0.0009437692076910651
Wcdafd0c1c160088f0006,0.0036832261851655838,0.000307935852270806,0.02168948252815162,0.006603008874714122,0.008174075760326489,0.004288382544077613,0.011547861788717856,0.9302844563724321,0.0015167359553001653,0.0022539262301784955,0.001499852283092797,0.0028815373151502635,0.0009437692076910651
Wce11436042f2d8240000,0.00233732915403392,0.001689801843257642,0.14421591693733687,0.019136200479604484,0.0252173571825881,0.010372327615374342,0.028123089826513376,0.007399970703687772,0.0051068416522292255,0.009567319049387825,0.01718305244325131,0.01265366810526728,0.09134338055265025
Wce11436042f2d8240001,0.00233732915403392,0.001689801843257642,0.14421591693733687,0.019136200479604484,0.0252173571825881,0.010372327615374342,0.028123089826513376,0.007399970703687772,0.0051068416522292255,0.009567319049387825,0.01718305244325131,0.01265366810526728,0.09134338055265025
Wce11436042f2d8240002,0.00233732915403392,0.001689801843257642,0.14421591693733687,0.019136200479604484,0.0252173571825881,0.010372327615374342,0.028123089826513376,0.007399970703687772,0.0051068416522292255,0.009567319049387825,0.01718305244325131,0.01265366810526728,0.09134338055265025
Wce11436042f2d8240003,0.00233732915403392,0.001689801843257642,0.14421591693733687,0.019136200479604484,0.0252173571825881,0.010372327615374342,0.028123089826513376,0.007399970703687772,0.0051068416522292255,0.009567319049387825,0.01718305244325131,0.01265366810526728,0.09134338055265025
Wce11436042f2d8240004,0.00233732915403392,0.001689801843257642,0.14421591693733687,0.019136200479604484,0.0252173571825881,0.010372327615374342,0.028123089826513376,0.007399970703687772,0.0051068416522292255,0.009567319049387825,0.01718305244325131,0.01265366810526728,0.09134338055265025
Wce11436042f2d8240005,0.00233732915403392,0.001689801843257642,0.14421591693733687,0.019136200479604484,0.0252173571825881,0.010372327615374342,0.028123089826513376,0.007399970703687772,0.0051068416522292255,0.009567319049387825,0.01718305244325131,0.01265366810526728,0.09134338055265025
Wce11436042f2d8240006,0.00233732915403392,0.001689801843257642,0.14421591693733687,0.019136200479604484,0.0252173571825881,0.010372327615374342,0.028123089826513376,0.007399970703687772,0.0051068416522292255,0.009567319049387825,0.01718305244325131,0.01265366810526728,0.09134338055265025
Wd14ef862c437481f0000,0.0030291194574445304,0.0009133552904504997,0.02189101042595325,0.00825328096466421,0.011111059471150058,0.2310942883261884,0.0014763879537283214,0.004737338338426762,0.0009070693549528699,0.0021532978826833554,0.0007349742185660733,0.6960454267362075,0.014790976788625239
Wd14ef862c437481f0001,0.0030291194574445304,0.0009133552904504997,0.02189101042595325,0.00825328096466421,0.011111059471150058,0.2310942883261884,0.0014763879537283214,0.004737338338426762,0.0009070693549528699,0.0021532978826833554,0.0007349742185660733,0.6960454267362075,0.014790976788625239
Wd14ef862c437481f0002,0.0030291194574445304,0.0009133552904504997,0.02189101042595325,0.00825328096466421,0.011111059471150058,0.2310942883261884,0.0014763879537283214,0.004737338338426762,0.0009070693549528699,0.0021532978826833554,0.0007349742185660733,0.6960454267362075,0.014790976788625239
Wd14ef862c437481f0003,0.0030291194574445304,0.0009133552904504997,0.02189101042595325,0.00825328096466421,0.011111059471150058,0.2310942883261884,0.0014763879537283214,0.004737338338426762,0.0009070693549528699,0.0021532978826833554,0.0007349742185660733,0.6960454267362075,0.014790976788625239
Wd14ef862c437481f0004,0.0030291194574445304,0.0009133552904504997,0.02189101042595325,0.00825328096466421,0.011111059471150058,0.2310942883261884,0.0014763879537283214,0.004737338338426762,0.0009070693549528699,0.0021532978826833554,0.0007349742185660733,0.6960454267362075,0.014790976788625239
Wd14ef862c437481f0005,0.0030291194574445304,0.0009133552904504997,0.02189101042595325,0.00825328096466421,0.011111059471150058,0.2310942883261884,0.0014763879537283214,0.004737338338426762,0.0009070693549528699,0.0021532978826833554,0.0007349742185660733,0.6960454267362075,0.014790976788625239
Wd14ef862c437481f0006,0.0030291194574445304,0.0009133552904504997,0.02189101042595325,0.00825328096466421,0.011111059471150058,0.2310942883261884,0.0014763879537283214,0.004737338338426762,0.0009070693549528699,0.0021532978826833554,0.0007349742185660733,0.6960454267362075,0.014790976788625239
Wd1c5aada37093e340000,0.02592037419554103,0.015051011586528999,0.07193674365276748,0.026623767565187653,0.04785464517350508,0.012574336046040675,0.0202578298961713,0.07965159463725044,0.1764384487197333,0.023923574689024115,0.22946041616253243,0.04146613645869226,0.06605361308965986
Wd1c5aada37093e340001,0.02592037419554103,0.015051011586528999,0.07193674365276748,0.026623767565187653,0.04785464517350508,0.012574336046040675,0.0202578298961713,0.07965159463725044,0.1764384487197333,0.023923574689024115,0.22946041616253243,0.04146613645869226,0.06605361308965986
Wd1c5aada37093e340002,0.02592037419554103,0.015051011586528999,0.07193674365276748,0.026623767565187653,0.04785464517350508,0.012574336046040675,0.0202578298961713,0.07965159463725044,0.1764384487197333,0.023923574689024115,0.22946041616253243,0.04146613645869226,0.06605361308965986
Wd1c5aada37093e340003,0.02592037419554103,0.015051011586528999,0.07193674365276748,0.026623767565187653,0.04785464517350508,0.012574336046040675,0.0202578298961713,0.07965159463725044,0.1764384487197333,0.023923574689024115,0.22946041616253243,0.04146613645869226,0.06605361308965986
Wd1c5aada37093e340004,0.02592037419554103,0.015051011586528999,0.07193674365276748,0.026623767565187653,0.04785464517350508,0.012574336046040675,0.0202578298961713,0.07965159463725044,0.1764384487197333,0.023923574689024115,0.22946041616253243,0.04146613645869226,0.06605361308965986
Wd1c5aada37093e340005,0.02592037419554103,0.015051011586528999,0.07193674365276748,0.026623767565187653,0.04785464517350508,0.012574336046040675,0.0202578298961713,0.07965159463725044,0.1764384487197333,0.023923574689024115,0.22946041616253243,0.04146613645869226,0.06605361308965986
Wd1c5aada37093e340006,0.02592037419554103,0.015051011586528999,0.07193674365276748,0.026623767565187653,0.04785464517350508,0.012574336046040675,0.0202578298961713,0.07965159463725044,0.1764384487197333,0.023923574689024115,0.22946041616253243,0.04146613645869226,0.06605361308965986
Wd50e6c5c6ebd461a0000,0.003139138085722562,0.0014258612712829345,0.025247383624867385,0.011210304591787568,0.008217061645117544,0.010113445453802774,0.02136680093507248,0.0589744445352447,0.007447288072991722,0.015535269851362324,0.10430765206085922,0.01634693108558084,0.07405249263454211
Wd50e6c5c6ebd461a0001,0.003139138085722562,0.0014258612712829345,0.025247383624867385,0.011210304591787568,0.008217061645117544,0.010113445453802774,0.02136680093507248,0.0589744445352447,0.007447288072991722,0.015535269851362324,0.10430765206085922,0.01634693108558084,0.07405249263454211
Wd50e6c5c6ebd461a0002,0.003139138085722562,0.0014258612712829345,0.025247383624867385,0.011210304591787568,0.008217061645117544,0.010113445453802774,0.02136680093507248,0.0589744445352447,0.007447288072991722,0.015535269851362324,0.10430765206085922,0.01634693108558084,0.07405249263454211
Wd50e6c5c6ebd461a0003,0.003139138085722562,0.0014258612712829345,0.025247383624867385,0.011210304591787568,0.008217061645117544,0.010113445453802774,0.02136680093507248,0.0589744445352447,0.007447288072991722,0.015535269851362324,0.10430765206085922,0.01634693108558084,0.07405249263454211
Wd50e6c5c6ebd461a0004,0.003139138085722562,0.0014258612712829345,0.025247383624867385,0.011210304591787568,0.008217061645117544,0.010113445453802774,0.02136680093507248,0.0589744445352447,0.007447288072991722,0.015535269851362324,0.10430765206085922,0.01634693108558084,0.07405249263454211
Wd50e6c5c6ebd461a0005,0.003139138085722562,0.0014258612712829345,0.025247383624867385,0.011210304591787568,0.008217061645117544,0.010113445453802774,0.02136680093507248,0.0589744445352447,0.007447288072991722,0.015535269851362324,0.10430765206085922,0.01634693108558084,0.07405249263454211
Wd50e6c5c6ebd461a0006,0.003139138085722562,0.0014258612712829345,0.025247383624867385,0.011210304591787568,0.008217061645117544,0.010113445453802774,0.02136680093507248,0.0589744445352447,0.007447288072991722,0.015535269851362324,0.10430765206085922,0.01634693108558084,0.07405249263454211
Wd5d870a7ea096bfc0000,5.445579396951718e-05,0.015360825169114219,0.0036787110277582604,0.004771344988619044,0.0030125576059784687,0.006334999311326469,0.0018829577831800163,0.9371285768242066,1.9257068131536703e-05,0.013079295139265984,0.0011904688677986334,0.004839309217342618,0.0010376813845664062
Wd5d870a7ea096bfc0001,5.445579396951718e-05,0.015360825169114219,0.0036787110277582604,0.004771344988619044,0.0030125576059784687,0.006334999311326469,0.0018829577831800163,0.9371285768242066,1.9257068131536703e-05,0.013079295139265984,0.0011904688677986334,0.004839309217342618,0.0010376813845664062
Wd5d870a7ea096bfc0002,5.445579396951718e-05,0.015360825169114219,0.0036787110277582604,0.004771344988619044,0.0030125576059784687,0.006334999311326469,0.0018829577831800163,0.9371285768242066,1.9257068131536703e-05,0.013079295139265984,0.0011904688677986334,0.004839309217342618,0.0010376813845664062
Wd5d870a7ea096bfc0003,5.445579396951718e-05,0.015360825169114219,0.0036787110277582604,0.004771344988619044,0.0030125576059784687,0.006334999311326469,0.0018829577831800163,0.9371285768242066,1.9257068131536703e-05,0.013079295139265984,0.0011904688677986334,0.004839309217342618,0.0010376813845664062
Wd5d870a7ea096bfc0004,5.445579396951718e-05,0.015360825169114219,0.0036787110277582604,0.004771344988619044,0.0030125576059784687,0.006334999311326469,0.0018829577831800163,0.9371285768242066,1.9257068131536703e-05,0.013079295139265984,0.0011904688677986334,0.004839309217342618,0.0010376813845664062
Wd5d870a7ea096bfc0005,5.445579396951718e-05,0.015360825169114219,0.0036787110277582604,0.004771344988619044,0.0030125576059784687,0.006334999311326469,0.0018829577831800163,0.9371285768242066,1.9257068131536703e-05,0.013079295139265984,0.0011904688677986334,0.004839309217342618,0.0010376813845664062
Wd5d870a7ea096bfc0006,5.445579396951718e-05,0.015360825169114219,0.0036787110277582604,0.004771344988619044,0.0030125576059784687,0.006334999311326469,0.0018829577831800163,0.9371285768242066,1.9257068131536703e-05,0.013079295139265984,0.0011904688677986334,0.004839309217342618,0.0010376813845664062
Wd62ebc7d6eab5fbc0000,0.025053801139347496,0.003926505775499132,0.49283489337373804,0.11378191102350563,0.03222092358537295,0.19827543984527757,0.014579027664474588,0.0024972501823024205,0.001791330797012905,0.0028569464346616625,0.0035450784604038454,0.08099386396843872,0.02403858024672039
Wd62ebc7d6eab5fbc0001,0.025053801139347496,0.003926505775499132,0.49283489337373804,0.11378191102350563,0.03222092358537295,0.19827543984527757,0.014579027664474588,0.0024972501823024205,0.001791330797012905,0.0028569464346616625,0.0035450784604038454,0.08099386396843872,0.02403858024672039
Wd62ebc7d6eab5fbc0002,0.025053801139347496,0.003926505775499132,0.49283489337373804,0.11378191102350563,0.03222092358537295,0.19827543984527757,0.014579027664474588,0.0024972501823024205,0.001791330797012905,0.0028569464346616625,0.0035450784604038454,0.08099386396843872,0.02403858024672039
Wd62ebc7d6eab5fbc0003,0.025053801139347496,0.003926505775499132,0.49283489337373804,0.11378191102350563,0.03222092358537295,0.19827543984527757,0.014579027664474588,0.0024972501823024205,0.001791330797012905,0.0028569464346616625,0.0035450784604038454,0.08099386396843872,0.02403858024672039
Wd62ebc7d6eab5fbc0004,0.025053801139347496,0.003926505775499132,0.49283489337373804,0.11378191102350563,0.03222092358537295,0.19827543984527757,0.014579027664474588,0.0024972501823024205,0.001791330797012905,0.0028569464346616625,0.0035450784604038454,0.08099386396843872,0.02403858024672039
Wd62ebc7d6eab5fbc0005,0.025053801139347496,0.003926505775499132,0.49283489337373804,0.11378191102350563,0.03222092358537295,0.19827543984527757,0.014579027664474588,0.0024972501823024205,0.001791330797012905,0.0028569464346616625,0.0035450784604038454,0.08099386396843872,0.02403858024672039
Wd62ebc7d6eab5fbc0006,0.025053801139347496,0.003926505775499132,0.49283489337373804,0.11378191102350563,0.03222092358537295,0.19827543984527757,0.014579027664474588,0.0024972501823024205,0.001791330797012905,0.0028569464346616625,0.0035450784604038454,0.08099386396843872,0.02403858024672039
Wd6c28a4102d20bda0000,0.00018806352136785677,0.0020779908083891348,0.007895384402886648,0.0023946379146691423,0.0019668479705818986,0.00043054211724531086,0.0032447399186310687,0.8004022285544733,0.018330595713379257,0.12351987144096281,0.009249074937715925,3.87991339190577e-05,0.01077980354086237
Wd6c28a4102d20bda0001,0.00018806352136785677,0.0020779908083891348,0.007895384402886648,0.0023946379146691423,0.0019668479705818986,0.00043054211724531086,0.0032447399186310687,0.8004022285544733,0.018330595713379257,0.12351987144096281,0.009249074937715925,3.87991339190577e-05,0.01077980354086237
Wd6c28a4102d20bda0002,0.00018806352136785677,0.0020779908083891348,0.007895384402886648,0.0023946379146691423,0.0019668479705818986,0.00043054211724531086,0.0032447399186310687,0.8004022285544733,0.018330595713379257,0.12351987144096281,0.009249074937715925,3.87991339190577e-05,0.01077980354086237
Wd6c28a4102d20bda0003,0.00018806352136785677,0.0020779908083891348,0.007895384402886648,0.0023946379146691423,0.0019668479705818986,0.00043054211724531086,0.0032447399186310687,0.8004022285544733,0.018330595713379257,0.12351987144096281,0.009249074937715925,3.87991339190577e-05,0.01077980354086237
Wd6c28a4102d20bda0004,0.00018806352136785677,0.0020779908083891348,0.007895384402886648,0.0023946379146691423,0.0019668479705818986,0.00043054211724531086,0.0032447399186310687,0.8004022285544733,0.018330595713379257,0.12351987144096281,0.009249074937715925,3.87991339190577e-05,0.01077980354086237
Wd6c28a4102d20bda0005,0.00018806352136785677,0.0020779908083891348,0.007895384402886648,0.0023946379146691423,0.0019668479705818986,0.00043054211724531086,0.0032447399186310687,0.8004022285544733,0.018330595713379257,0.12351987144096281,0.009249074937715925,3.87991339190577e-05,0.01077980354086237
Wd6c28a4102d20bda0006,0.00018806352136785677,0.0020779908083891348,0.007895384402886648,0.0023946379146691423,0.0019668479705818986,0.00043054211724531086,0.0032447399186310687,0.8004022285544733,0.018330595713379257,0.12351987144096281,0.009249074937715925,3.87991339190577e-05,0.01077980354086237
Wd6c781b1a87beb650000,0.0015793525172434271,9.868035225941449e-05,0.03253160044017891,0.00841620762731012,0.0066363934610468005,0.8614687148230372,0.0052542176059065535,5.461698446789616e-05,6.181215863422824e-05,0.0006514851048357374,7.485890862029632e-05,0.08202162147661586,0.0008962145601472854
Wd6c781b1a87beb650001,0.0015793525172434271,9.868035225941449e-05,0.03253160044017891,0.00841620762731012,0.0066363934610468005,0.8614687148230372,0.0052542176059065535,5.461698446789616e-05,6.181215863422824e-05,0.0006514851048357374,7.485890862029632e-05,0.08202162147661586,0.0008962145601472854
Wd6c781b1a87beb650002,0.0015793525172434271,9.868035225941449e-05,0.03253160044017891,0.00841620762731012,0.0066363934610468005,0.8614687148230372,0.0052542176059065535,5.461698446789616e-05,6.181215863422824e-05,0.0006514851048357374,7.485890862029632e-05,0.08202162147661586,0.0008962145601472854
Wd6c781b1a87beb650003,0.0015793525172434271,9.868035225941449e-05,0.03253160044017891,0.00841620762731012,0.0066363934610468005,0.8614687148230372,0.0052542176059065535,5.461698446789616e-05,6.181215863422824e-05,0.0006514851048357374,7.485890862029632e-05,0.08202162147661586,0.0008962145601472854
Wd6c781b1a87beb650004,0.0015793525172434271,9.868035225941449e-05,0.03253160044017891,0.00841620762731012,0.0066363934610468005,0.8614687148230372,0.0052542176059065535,5.461698446789616e-05,6.181215863422824e-05,0.0006514851048357374,7.485890862029632e-05,0.08202162147661586,0.0008962145601472854
Wd6c781b1a87beb650005,0.0015793525172434271,9.868035225941449e-05,0.03253160044017891,0.00841620762731012,0.0066363934610468005,0.8614687148230372,0.0052542176059065535,5.461698446789616e-05,6.181215863422824e-05,0.0006514851048357374,7.485890862029632e-05,0.08202162147661586,0.0008962145601472854
Wd6c781b1a87beb650006,0.0015793525172434271,9.868035225941449e-05,0.03253160044017891,0.00841620762731012,0.0066363934610468005,0.8614687148230372,0.0052542176059065535,5.461698446789616e-05,6.181215863422824e-05,0.0006514851048357374,7.485890862029632e-05,0.08202162147661586,0.0008962145601472854
Wd70ef012bf2c69f10000,0.0055326349138288535,0.0023347192719651274,0.016649080706290138,0.08127459109113791,0.11507676655176097,0.017167370136643396,0.022082719594470997,0.028641149072965198,0.188735472917634,0.012509640203491067,0.4599231679936782,0.015881110865687026,0.010831797957049317
Wd70ef012bf2c69f10001,0.0055326349138288535,0.0023347192719651274,0.016649080706290138,0.08127459109113791,0.11507676655176097,0.017167370136643396,0.022082719594470997,0.028641149072965198,0.188735472917634,0.012509640203491067,0.4599231679936782,0.015881110865687026,0.010831797957049317
Wd70ef012bf2c69f10002,0.0055326349138288535,0.0023347192719651274,0.016649080706290138,0.08127459109113791,0.11507676655176097,0.017167370136643396,0.022082719594470997,0.028641149072965198,0.188735472917634,0.012509640203491067,0.4599231679936782,0.015881110865687026,0.010831797957049317
Wd70ef012bf2c69f10003,0.0055326349138288535,0.0023347192719651274,0.016649080706290138,0.08127459109113791,0.11507676655176097,0.017167370136643396,0.022082719594470997,0.028641149072965198,0.188735472917634,0.012509640203491067,0.4599231679936782,0.015881110865687026,0.010831797957049317
Wd70ef012bf2c69f10004,0.0055326349138288535,0.0023347192719651274,0.016649080706290138,0.08127459109113791,0.11507676655176097,0.017167370136643396,0.022082719594470997,0.028641149072965198,0.188735472917634,0.012509640203491067,0.4599231679936782,0.015881110865687026,0.010831797957049317
Wd70ef012bf2c69f10005,0.0055326349138288535,0.0023347192719651274,0.016649080706290138,0.08127459109113791,0.11507676655176097,0.017167370136643396,0.022082719594470997,0.028641149072965198,0.188735472917634,0.012509640203491067,0.4599231679936782,0.015881110865687026,0.010831797957049317
Wd70ef012bf2c69f10006,0.0055326349138288535,0.0023347192719651274,0.016649080706290138,0.08127459109113791,0.11507676655176097,0.017167370136643396,0.022082719594470997,0.028641149072965198,0.188735472917634,0.012509640203491067,0.4599231679936782,0.015881110865687026,0.010831797957049317
Wd921f572535536ac0000,0.009040632686877112,0.0009360689991289788,0.5166813391416416,0.0669387569848073,0.24229823475170614,0.03796751795823346,0.014794971970029156,0.004455248385192108,0.0019007332902859083,0.008303357762798494,0.0017553107008073663,0.07362582700804438,0.008487098520040636
Wd921f572535536ac0001,0.009040632686877112,0.0009360689991289788,0.5166813391416416,0.0669387569848073,0.24229823475170614,0.03796751795823346,0.014794971970029156,0.004455248385192108,0.0019007332902859083,0.008303357762798494,0.0017553107008073663,0.07362582700804438,0.008487098520040636
Wd921f572535536ac0002,0.009040632686877112,0.0009360689991289788,0.5166813391416416,0.0669387569848073,0.24229823475170614,0.03796751795823346,0.014794971970029156,0.004455248385192108,0.0019007332902859083,0.008303357762798494,0.0017553107008073663,0.07362582700804438,0.008487098520040636
Wd921f572535536ac0003,0.009040632686877112,0.0009360689991289788,0.5166813391416416,0.0669387569848073,0.24229823475170614,0.03796751795823346,0.014794971970029156,0.004455248385192108,0.0019007332902859083,0.008303357762798494,0.0017553107008073663,0.07362582700804438,0.008487098520040636
Wd921f572535536ac0004,0.009040632686877112,0.0009360689991289788,0.5166813391416416,0.0669387569848073,0.24229823475170614,0.03796751795823346,0.014794971970029156,0.004455248385192108,0.0019007332902859083,0.008303357762798494,0.0017553107008073663,0.07362582700804438,0.008487098520040636
Wd921f572535536ac0005,0.009040632686877112,0.0009360689991289788,0.5166813391416416,0.0669387569848073,0.24229823475170614,0.03796751795823346,0.014794971970029156,0.004455248385192108,0.0019007332902859083,0.008303357762798494,0.0017553107008073663,0.07362582700804438,0.008487098520040636
Wd921f572535536ac0006,0.009040632686877112,0.0009360689991289788,0.5166813391416416,0.0669387569848073,0.24229823475170614,0.03796751795823346,0.014794971970029156,0.004455248385192108,0.0019007332902859083,0.008303357762798494,0.0017553107008073663,0.07362582700804438,0.008487098520040636
Wd9b6b05204cba6da0000,0.0025708172730203763,0.983433105394628,0.0016346279978662376,0.0017888743447966658,0.0013138857762093632,0.0010576997205478552,0.003291208082472044,4.6956704546576607e-05,6.297675237099149e-06,0.0008434966612663687,0.0019647789559948444,0.0007845816510379102,0.0009044771788024997
Wd9b6b05204cba6da0001,0.0025708172730203763,0.983433105394628,0.0016346279978662376,0.0017888743447966658,0.0013138857762093632,0.0010576997205478552,0.003291208082472044,4.6956704546576607e-05,6.297675237099149e-06,0.0008434966612663687,0.0019647789559948444,0.0007845816510379102,0.0009044771788024997
Wd9b6b05204cba6da0002,0.0025708172730203763,0.983433105394628,0.0016346279978662376,0.0017888743447966658,0.0013138857762093632,0.0010576997205478552,0.003291208082472044,4.6956704546576607e-05,6.297675237099149e-06,0.0008434966612663687,0.0019647789559948444,0.0007845816510379102,0.0009044771788024997
Wd9b6b05204cba6da0003,0.0025708172730203763,0.983433105394628,0.0016346279978662376,0.0017888743447966658,0.0013138857762093632,0.0010576997205478552,0.003291208082472044,4.6956704546576607e-05,6.297675237099149e-06,0.0008434966612663687,0.0019647789559948444,0.0007845816510379102,0.0009044771788024997
Wd9b6b05204cba6da0004,0.0025708172730203763,0.983433105394628,0.0016346279978662376,0.0017888743447966658,0.0013138857762093632,0.0010576997205478552,0.003291208082472044,4.6956704546576607e-05,6.297675237099149e-06,0.0008434966612663687,0.0019647789559948444,0.0007845816510379102,0.0009044771788024997
Wd9b6b05204cba6da0005,0.0025708172730203763,0.983433105394628,0.0016346279978662376,0.0017888743447966658,0.0013138857762093632,0.0010576997205478552,0.003291208082472044,4.6956704546576607e-05,6.297675237099149e-06,0.0008434966612663687,0.0019647789559948444,0.0007845816510379102,0.0009044771788024997
Wd9b6b05204cba6da0006,0.0025708172730203763,0.983433105394628,0.0016346279978662376,0.0017888743447966658,0.0013138857762093632,0.0010576997205478552,0.003291208082472044,4.6956704546576607e-05,6.297675237099149e-06,0.0008434966612663687,0.0019647789559948444,0.0007845816510379102,0.0009044771788024997
Wdafc86efc3092c1a0000,0.010433300087371618,0.006333585989536812,0.061904018650988865,0.0636089220984896,0.09998661613826869,0.1797514250352226,0.036399363867127395,0.019655517201661723,0.008318588704662557,0.10176148953897672,0.07111263623529018,0.06531741171550334,0.09027825928866777
Wdafc86efc3092c1a0001,0.010433300087371618,0.006333585989536812,0.061904018650988865,0.0636089220984896,0.09998661613826869,0.1797514250352226,0.036399363867127395,0.019655517201661723,0.008318588704662557,0.10176148953897672,0.07111263623529018,0.06531741171550334,0.09027825928866777
Wdafc86efc3092c1a0002,0.010433300087371618,0.006333585989536812,0.061904018650988865,0.0636089220984896,0.09998661613826869,0.1797514250352226,0.036399363867127395,0.019655517201661723,0.008318588704662557,0.10176148953897672,0.07111263623529018,0.06531741171550334,0.09027825928866777
Wdafc86efc3092c1a0003,0.010433300087371618,0.006333585989536812,0.061904018650988865,0.0636089220984896,0.09998661613826869,0.1797514250352226,0.036399363867127395,0.019655517201661723,0.008318588704662557,0.10176148953897672,0.07111263623529018,0.06531741171550334,0.09027825928866777
Wdafc86efc3092c1a0004,0.010433300087371618,0.006333585989536812,0.061904018650988865,0.0636089220984896,0.09998661613826869,0.1797514250352226,0.036399363867127395,0.019655517201661723,0.008318588704662557,0.10176148953897672,0.07111263623529018,0.06531741171550334,0.09027825928866777
Wdafc86efc3092c1a0005,0.010433300087371618,0.006333585989536812,0.061904018650988865,0.0636089220984896,0.09998661613826869,0.1797514250352226,0.036399363867127395,0.019655517201661723,0.008318588704662557,0.10176148953897672,0.07111263623529018,0.06531741171550334,0.09027825928866777
Wdafc86efc3092c1a0006,0.010433300087371618,0.006333585989536812,0.061904018650988865,0.0636089220984896,0.09998661613826869,0.1797514250352226,0.036399363867127395,0.019655517201661723,0.008318588704662557,0.10176148953897672,0.07111263623529018,0.06531741171550334,0.09027825928866777
Wdc2fda9c98784d720000,0.0032501963057640945,0.0002588707502864009,0.46752226516031353,0.05628917956608528,0.3509077887240994,0.06744560098111436,0.008175105593412788,0.00047941227913910476,0.002116981336685651,0.004911921825128029,0.0012973315974071603,0.024298260259886118,0.007926423068822738
Wdc2fda9c98784d720001,0.0032501963057640945,0.0002588707502864009,0.46752226516031353,0.05628917956608528,0.3509077887240994,0.06744560098111436,0.008175105593412788,0.00047941227913910476,0.002116981336685651,0.004911921825128029,0.0012973315974071603,0.024298260259886118,0.007926423068822738
Wdc2fda9c98784d720002,0.0032501963057640945,0.0002588707502864009,0.46752226516031353,0.05628917956608528,0.3509077887240994,0.06744560098111436,0.008175105593412788,0.00047941227913910476,0.002116981336685651,0.004911921825128029,0.0012973315974071603,0.024298260259886118,0.007926423068822738
Wdc2fda9c98784d720003,0.0032501963057640945,0.0002588707502864009,0.46752226516031353,0.05628917956608528,0.3509077887240994,0.06744560098111436,0.008175105593412788,0.00047941227913910476,0.002116981336685651,0.004911921825128029,0.0012973315974071603,0.024298260259886118,0.007926423068822738
Wdc2fda9c98784d720004,0.0032501963057640945,0.0002588707502864009,0.46752226516031353,0.05628917956608528,0.3509077887240994,0.06744560098111436,0.008175105593412788,0.00047941227913910476,0.002116981336685651,0.004911921825128029,0.0012973315974071603,0.024298260259886118,0.007926423068822738
Wdc2fda9c98784d720005,0.0032501963057640945,0.0002588707502864009,0.46752226516031353,0.05628917956608528,0.3509077887240994,0.06744560098111436,0.008175105593412788,0.00047941227913910476,0.002116981336685651,0.004911921825128029,0.0012973315974071603,0.024298260259886118,0.007926423068822738
Wdc2fda9c98784d720006,0.0032501963057640945,0.0002588707502864009,0.46752226516031353,0.05628917956608528,0.3509077887240994,0.06744560098111436,0.008175105593412788,0.00047941227913910476,0.002116981336685651,0.004911921825128029,0.0012973315974071603,0.024298260259886118,0.007926423068822738
Wdebcbd1cb67fde3d0000,0.002455603674729679,0.0009879640475840136,0.012790502994897868,0.01511247383086481,0.013913907667908745,0.004677322616223018,0.015829802902378978,0.31271123091314956,0.3060643085306077,0.007949599222665879,0.08229657062649381,0.0019081899284615201,0.026470011318054792
Wdebcbd1cb67fde3d0001,0.002455603674729679,0.0009879640475840136,0.012790502994897868,0.01511247383086481,0.013913907667908745,0.004677322616223018,0.015829802902378978,0.31271123091314956,0.3060643085306077,0.007949599222665879,0.08229657062649381,0.0019081899284615201,0.026470011318054792
Wdebcbd1cb67fde3d0002,0.002455603674729679,0.0009879640475840136,0.012790502994897868,0.01511247383086481,0.013913907667908745,0.004677322616223018,0.015829802902378978,0.31271123091314956,0.3060643085306077,0.007949599222665879,0.08229657062649381,0.0019081899284615201,0.026470011318054792
Wdebcbd1cb67fde3d0003,0.002455603674729679,0.0009879640475840136,0.012790502994897868,0.01511247383086481,0.013913907667908745,0.004677322616223018,0.015829802902378978,0.31271123091314956,0.3060643085306077,0.007949599222665879,0.08229657062649381,0.0019081899284615201,0.026470011318054792
Wdebcbd1cb67fde3d0004,0.002455603674729679,0.0009879640475840136,0.012790502994897868,0.01511247383086481,0.013913907667908745,0.004677322616223018,0.015829802902378978,0.31271123091314956,0.3060643085306077,0.007949599222665879,0.08229657062649381,0.0019081899284615201,0.026470011318054792
Wdebcbd1cb67fde3d0005,0.002455603674729679,0.0009879640475840136,0.012790502994897868,0.01511247383086481,0.013913907667908745,0.004677322616223018,0.015829802902378978,0.31271123091314956,0.3060643085306077,0.007949599222665879,0.08229657062649381,0.0019081899284615201,0.026470011318054792
Wdebcbd1cb67fde3d0006,0.002455603674729679,0.0009879640475840136,0.012790502994897868,0.01511247383086481,0.013913907667908745,0.004677322616223018,0.015829802902378978,0.31271123091314956,0.3060643085306077,0.007949599222665879,0.08229657062649381,0.0019081899284615201,0.026470011318054792
We2227b7d75b090040000,0.77923795913862,0.0008055488565962552,0.0375069597449946,0.03799765023707878,0.025641671657752364,0.04289869283087327,0.025060635880847313,0.0009585971482118335,0.0008352989646557872,0.008215005739967477,0.005524914406198038,0.021592957866187357,0.010485687785322722
We2227b7d75b090040001,0.77923795913862,0.0008055488565962552,0.0375069597449946,0.03799765023707878,0.025641671657752364,0.04289869283087327,0.025060635880847313,0.0009585971482118335,0.0008352989646557872,0.008215005739967477,0.005524914406198038,0.021592957866187357,0.010485687785322722
We2227b7d75b090040002,0.77923795913862,0.0008055488565962552,0.0375069597449946,0.03799765023707878,0.025641671657752364,0.04289869283087327,0.025060635880847313,0.0009585971482118335,0.0008352989646557872,0.008215005739967477,0.005524914406198038,0.021592957866187357,0.010485687785322722
We2227b7d75b090040003,0.77923795913862,0.0008055488565962552,0.0375069597449946,0.03799765023707878,0.025641671657752364,0.04289869283087327,0.025060635880847313,0.0009585971482118335,0.0008352989646557872,0.008215005739967477,0.005524914406198038,0.021592957866187357,0.010485687785322722
We2227b7d75b090040004,0.77923795913862,0.0008055488565962552,0.0375069597449946,0.03799765023707878,0.025641671657752364,0.04289869283087327,0.025060635880847313,0.0009585971482118335,0.0008352989646557872,0.008215005739967477,0.005524914406198038,0.021592957866187357,0.010485687785322722
We2227b7d75b090040005,0.77923795913862,0.0008055488565962552,0.0375069597449946,0.03799765023707878,0.025641671657752364,0.04289869283087327,0.025060635880847313,0.0009585971482118335,0.0008352989646557872,0.008215005739967477,0.005524914406198038,0.021592957866187357,0.010485687785322722
We2227b7d75b090040006,0.77923795913862,0.0008055488565962552,0.0375069597449946,0.03799765023707878,0.025641671657752364,0.04289869283087327,0.025060635880847313,0.0009585971482118335,0.0008352989646557872,0.008215005739967477,0.005524914406198038,0.021592957866187357,0.010485687785322722
We61939a9c41ce45d0000,0.00531505801687782,0.00039067222289127846,0.10639101155429229,0.009237530271300236,0.0058784786029810856,0.7439973474004662,0.011449846983293054,0.0004133923089923536,0.0008577251636383821,0.0017638932967220015,0.001221801988584495,0.09702924269864252,0.00718856220354203
We61939a9c41ce45d0001,0.00531505801687782,0.00039067222289127846,0.10639101155429229,0.009237530271300236,0.0058784786029810856,0.7439973474004662,0.011449846983293054,0.0004133923089923536,0.0008577251636383821,0.0017638932967220015,0.001221801988584495,0.09702924269864252,0.00718856220354203
We61939a9c41ce45d0002,0.00531505801687782,0.00039067222289127846,0.10639101155429229,0.009237530271300236,0.0058784786029810856,0.7439973474004662,0.011449846983293054,0.0004133923089923536,0.0008577251636383821,0.0017638932967220015,0.001221801988584495,0.09702924269864252,0.00718856220354203
We61939a9c41ce45d0003,0.00531505801687782,0.00039067222289127846,0.10639101155429229,0.009237530271300236,0.0058784786029810856,0.7439973474004662,0.011449846983293054,0.0004133923089923536,0.0008577251636383821,0.0017638932967220015,0.001221801988584495,0.09702924269864252,0.00718856220354203
We61939a9c41ce45d0004,0.00531505801687782,0.00039067222289127846,0.10639101155429229,0.009237530271300236,0.0058784786029810856,0.7439973474004662,0.011449846983293054,0.0004133923089923536,0.0008577251636383821,0.0017638932967220015,0.001221801988584495,0.09702924269864252,0.00718856220354203
We61939a9c41ce45d0005,0.00531505801687782,0.00039067222289127846,0.10639101155429229,0.009237530271300236,0.0058784786029810856,0.7439973474004662,0.011449846983293054,0.0004133923089923536,0.0008577251636383821,0.0017638932967220015,0.001221801988584495,0.09702924269864252,0.00718856220354203
We61939a9c41ce45d0006,0.00531505801687782,0.00039067222289127846,0.10639101155429229,0.009237530271300236,0.0058784786029810856,0.7439973474004662,0.011449846983293054,0.0004133923089923536,0.0008577251636383821,0.0017638932967220015,0.001221801988584495,0.09702924269864252,0.00718856220354203
We756706426cf12a00000,0.021651175449215333,0.004947936882514018,0.27292045826985556,0.07430454207439752,0.08207227400726361,0.0737754191180782,0.03669450366467289,0.03554168887182348,0.01832274706491943,0.02298661527986126,0.023750023783399528,0.013765916929829427,0.1476256527638409
We756706426cf12a00001,0.021651175449215333,0.004947936882514018,0.27292045826985556,0.07430454207439752,0.08207227400726361,0.0737754191180782,0.03669450366467289,0.03554168887182348,0.01832274706491943,0.02298661527986126,0.023750023783399528,0.013765916929829427,0.1476256527638409
We756706426cf12a00002,0.021651175449215333,0.004947936882514018,0.27292045826985556,0.07430454207439752,0.08207227400726361,0.0737754191180782,0.03669450366467289,0.03554168887182348,0.01832274706491943,0.02298661527986126,0.023750023783399528,0.013765916929829427,0.1476256527638409
We756706426cf12a00003,0.021651175449215333,0.004947936882514018,0.27292045826985556,0.07430454207439752,0.08207227400726361,0.0737754191180782,0.03669450366467289,0.03554168887182348,0.01832274706491943,0.02298661527986126,0.023750023783399528,0.013765916929829427,0.1476256527638409
We756706426cf12a00004,0.021651175449215333,0.004947936882514018,0.27292045826985556,0.07430454207439752,0.08207227400726361,0.0737754191180782,0.03669450366467289,0.03554168887182348,0.01832274706491943,0.02298661527986126,0.023750023783399528,0.013765916929829427,0.1476256527638409
We756706426cf12a00005,0.021651175449215333,0.004947936882514018,0.27292045826985556,0.07430454207439752,0.08207227400726361,0.0737754191180782,0.03669450366467289,0.03554168887182348,0.01832274706491943,0.02298661527986126,0.023750023783399528,0.013765916929829427,0.1476256527638409
We756706426cf12a00006,0.021651175449215333,0.004947936882514018,0.27292045826985556,0.07430454207439752,0.08207227400726361,0.0737754191180782,0.03669450366467289,0.03554168887182348,0.01832274706491943,0.02298661527986126,0.023750023783399528,0.013765916929829427,0.1476256527638409
We81a12f0ae5b8c360000,0.00020214470245423564,0.0010196429850394902,0.0034864226788767568,0.004496812053092724,0.004252716027716627,0.0012470720634544066,0.003415838987122314,0.017594252631305318,0.8509567632130486,0.002361986784857586,0.06692204527823616,0.00022238547424308105,0.008200118715099892
We81a12f0ae5b8c360001,0.00020214470245423564,0.0010196429850394902,0.0034864226788767568,0.004496812053092724,0.004252716027716627,0.0012470720634544066,0.003415838987122314,0.017594252631305318,0.8509567632130486,0.002361986784857586,0.06692204527823616,0.00022238547424308105,0.008200118715099892
We81a12f0ae5b8c360002,0.00020214470245423564,0.0010196429850394902,0.0034864226788767568,0.004496812053092724,0.004252716027716627,0.0012470720634544066,0.003415838987122314,0.017594252631305318,0.8509567632130486,0.002361986784857586,0.06692204527823616,0.00022238547424308105,0.008200118715099892
We81a12f0ae5b8c360003,0.00020214470245423564,0.0010196429850394902,0.0034864226788767568,0.004496812053092724,0.004252716027716627,0.0012470720634544066,0.003415838987122314,0.017594252631305318,0.8509567632130486,0.002361986784857586,0.06692204527823616,0.00022238547424308105,0.008200118715099892
We81a12f0ae5b8c360004,0.00020214470245423564,0.0010196429850394902,0.0034864226788767568,0.004496812053092724,0.004252716027716627,0.0012470720634544066,0.003415838987122314,0.017594252631305318,0.8509567632130486,0.002361986784857586,0.06692204527823616,0.00022238547424308105,0.008200118715099892
We81a12f0ae5b8c360005,0.00020214470245423564,0.0010196429850394902,0.0034864226788767568,0.004496812053092724,0.004252716027716627,0.0012470720634544066,0.003415838987122314,0.017594252631305318,0.8509567632130486,0.002361986784857586,0.06692204527823616,0.00022238547424308105,0.008200118715099892
We81a12f0ae5b8c360006,0.00020214470245423564,0.0010196429850394902,0.0034864226788767568,0.004496812053092724,0.004252716027716627,0.0012470720634544066,0.003415838987122314,0.017594252631305318,0.8509567632130486,0.002361986784857586,0.06692204527823616,0.00022238547424308105,0.008200118715099892
We86a577fce5463880000,0.030812757424738997,0.0009317664106272755,0.18531291303190214,0.10598563879017624,0.02458031842291895,0.19858930826610463,0.01266409401166182,0.3325399580491039,0.0006481778666173056,0.033480114322805336,0.01926569052183962,0.03145482599422652,0.010810740246661668
We86a577fce5463880001,0.030812757424738997,0.0009317664106272755,0.18531291303190214,0.10598563879017624,0.02458031842291895,0.19858930826610463,0.01266409401166182,0.3325399580491039,0.0006481778666173056,0.033480114322805336,0.01926569052183962,0.03145482599422652,0.010810740246661668
We86a577fce5463880002,0.030812757424738997,0.0009317664106272755,0.18531291303190214,0.10598563879017624,0.02458031842291895,0.19858930826610463,0.01266409401166182,0.3325399580491039,0.0006481778666173056,0.033480114322805336,0.01926569052183962,0.03145482599422652,0.010810740246661668
We86a577fce5463880003,0.030812757424738997,0.0009317664106272755,0.18531291303190214,0.10598563879017624,0.02458031842291895,0.19858930826610463,0.01266409401166182,0.3325399580491039,0.0006481778666173056,0.033480114322805336,0.01926569052183962,0.03145482599422652,0.010810740246661668
We86a577fce5463880004,0.030812757424738997,0.0009317664106272755,0.18531291303190214,0.10598563879017624,0.02458031842291895,0.19858930826610463,0.01266409401166182,0.3325399580491039,0.0006481778666173056,0.033480114322805336,0.01926569052183962,0.03145482599422652,0.010810740246661668
We86a577fce5463880005,0.030812757424738997,0.0009317664106272755,0.18531291303190214,0.10598563879017624,0.02458031842291895,0.19858930826610463,0.01266409401166182,0.3325399580491039,0.0006481778666173056,0.033480114322805336,0.01926569052183962,0.03145482599422652,0.010810740246661668
We86a577fce5463880006,0.030812757424738997,0.0009317664106272755,0.18531291303190214,0.10598563879017624,0.02458031842291895,0.19858930826610463,0.01266409401166182,0.3325399580491039,0.0006481778666173056,0.033480114322805336,0.01926569052183962,0.03145482599422652,0.010810740246661668
We904476167c139f90000,0.00667856630896933,0.5859902791338228,0.004358400769419122,0.0035518284368073146,0.0020068346018257397,0.01210107942884747,0.3416210289691337,0.0005051373849821504,9.729606191380436e-06,0.003090637487536231,0.003709125547859743,0.02249293299201584,0.007640818990977437
We904476167c139f90001,0.00667856630896933,0.5859902791338228,0.004358400769419122,0.0035518284368073146,0.0020068346018257397,0.01210107942884747,0.3416210289691337,0.0005051373849821504,9.729606191380436e-06,0.003090637487536231,0.003709125547859743,0.02249293299201584,0.007640818990977437
We904476167c139f90002,0.00667856630896933,0.5859902791338228,0.004358400769419122,0.0035518284368073146,0.0020068346018257397,0.01210107942884747,0.3416210289691337,0.0005051373849821504,9.729606191380436e-06,0.003090637487536231,0.003709125547859743,0.02249293299201584,0.007640818990977437
We904476167c139f90003,0.00667856630896933,0.5859902791338228,0.004358400769419122,0.0035518284368073146,0.0020068346018257397,0.01210107942884747,0.3416210289691337,0.0005051373849821504,9.729606191380436e-06,0.003090637487536231,0.003709125547859743,0.02249293299201584,0.007640818990977437
We904476167c139f90004,0.00667856630896933,0.5859902791338228,0.004358400769419122,0.0035518284368073146,0.0020068346018257397,0.01210107942884747,0.3416210289691337,0.0005051373849821504,9.729606191380436e-06,0.003090637487536231,0.003709125547859743,0.02249293299201584,0.007640818990977437
We904476167c139f90005,0.00667856630896933,0.5859902791338228,0.004358400769419122,0.0035518284368073146,0.0020068346018257397,0.01210107942884747,0.3416210289691337,0.0005051373849821504,9.729606191380436e-06,0.003090637487536231,0.003709125547859743,0.02249293299201584,0.007640818990977437
We904476167c139f90006,0.00667856630896933,0.5859902791338228,0.004358400769419122,0.0035518284368073146,0.0020068346018257397,0.01210107942884747,0.3416210289691337,0.0005051373849821504,9.729606191380436e-06,0.003090637487536231,0.003709125547859743,0.02249293299201584,0.007640818990977437
We96e25bbbc0bc26b0000,0.009567773451394687,0.0011965902073683146,0.11008192192640028,0.14949029984368672,0.026339814194598975,0.17937076948820807,0.017523789836020664,0.006412262667745482,0.007826788464627551,0.027301517527190206,0.096132935566239,0.014722120851342897,0.013852153004531268
We96e25bbbc0bc26b0001,0.009567773451394687,0.0011965902073683146,0.11008192192640028,0.14949029984368672,0.026339814194598975,0.17937076948820807,0.017523789836020664,0.006412262667745482,0.007826788464627551,0.027301517527190206,0.096132935566239,0.014722120851342897,0.013852153004531268
We96e25bbbc0bc26b0002,0.009567773451394687,0.0011965902073683146,0.11008192192640028,0.14949029984368672,0.026339814194598975,0.17937076948820807,0.017523789836020664,0.006412262667745482,0.007826788464627551,0.027301517527190206,0.096132935566239,0.014722120851342897,0.013852153004531268
We96e25bbbc0bc26b0003,0.009567773451394687,0.0011965902073683146,0.11008192192640028,0.14949029984368672,0.026339814194598975,0.17937076948820807,0.017523789836020664,0.006412262667745482,0.007826788464627551,0.027301517527190206,0.096132935566239,0.014722120851342897,0.013852153004531268
We96e25bbbc0bc26b0004,0.009567773451394687,0.0011965902073683146,0.11008192192640028,0.14949029984368672,0.026339814194598975,0.17937076948820807,0.017523789836020664,0.006412262667745482,0.007826788464627551,0.027301517527190206,0.096132935566239,0.014722120851342897,0.013852153004531268
We96e25bbbc0bc26b0005,0.009567773451394687,0.0011965902073683146,0.11008192192640028,0.14949029984368672,0.026339814194598975,0.17937076948820807,0.017523789836020664,0.006412262667745482,0.007826788464627551,0.027301517527190206,0.096132935566239,0.014722120851342897,0.013852153004531268
We96e25bbbc0bc26b0006,0.009567773451394687,0.0011965902073683146,0.11008192192640028,0.14949029984368672,0.026339814194598975,0.17937076948820807,0.017523789836020664,0.006412262667745482,0.007826788464627551,0.027301517527190206,0.096132935566239,0.014722120851342897,0.013852153004531268
Weabcd903c499c6ca0000,0.0035824356743628474,0.0009867051815272922,0.13178101352071456,0.2775423100352136,0.32148840871577844,0.1482082276394644,0.03268591700829484,0.0028710936750399214,0.0016776413537704054,0.0018975557010924458,0.0006187602916463478,0.061692277179020254,0.008085773276541594
Weabcd903c499c6ca0001,0.0035824356743628474,0.0009867051815272922,0.13178101352071456,0.2775423100352136,0.32148840871577844,0.1482082276394644,0.03268591700829484,0.0028710936750399214,0.0016776413537704054,0.0018975557010924458,0.0006187602916463478,0.061692277179020254,0.008085773276541594
Weabcd903c499c6ca0002,0.0035824356743628474,0.0009867051815272922,0.13178101352071456,0.2775423100352136,0.32148840871577844,0.1482082276394644,0.03268591700829484,0.0028710936750399214,0.0016776413537704054,0.0018975557010924458,0.0006187602916463478,0.061692277179020254,0.008085773276541594
Weabcd903c499c6ca0003,0.0035824356743628474,0.0009867051815272922,0.13178101352071456,0.2775423100352136,0.32148840871577844,0.1482082276394644,0.03268591700829484,0.0028710936750399214,0.0016776413537704054,0.0018975557010924458,0.0006187602916463478,0.061692277179020254,0.008085773276541594
Weabcd903c499c6ca0004,0.0035824356743628474,0.0009867051815272922,0.13178101352071456,0.2775423100352136,0.32148840871577844,0.1482082276394644,0.03268591700829484,0.0028710936750399214,0.0016776413537704054,0.0018975557010924458,0.0006187602916463478,0.061692277179020254,0.008085773276541594
Weabcd903c499c6ca0005,0.0035824356743628474,0.0009867051815272922,0.13178101352071456,0.2775423100352136,0.32148840871577844,0.1482082276394644,0.03268591700829484,0.0028710936750399214,0.0016776413537704054,0.0018975557010924458,0.0006187602916463478,0.061692277179020254,0.008085773276541594
Weabcd903c499c6ca0006,0.0035824356743628474,0.0009867051815272922,0.13178101352071456,0.2775423100352136,0.32148840871577844,0.1482082276394644,0.03268591700829484,0.0028710936750399214,0.0016776413537704054,0.0018975557010924458,0.0006187602916463478,0.061692277179020254,0.008085773276541594
Weebdd07a3de3cd1c0000,0.002158625474079701,7.362950357467181e-05,0.00867561370056153,0.0041708141203231465,0.00492082195650179,0.002025084919474014,0.004315814962325046,0.9616737698267892,0.0017199784393766007,0.0006796933617064388,0.0012158054195120747,0.0026711275094435695,0.0025490453814050484
Weebdd07a3de3cd1c0001,0.002158625474079701,7.362950357467181e-05,0.00867561370056153,0.0041708141203231465,0.00492082195650179,0.002025084919474014,0.004315814962325046,0.9616737698267892,0.0017199784393766007,0.0006796933617064388,0.0012158054195120747,0.0026711275094435695,0.0025490453814050484
Weebdd07a3de3cd1c0002,0.002158625474079701,7.362950357467181e-05,0.00867561370056153,0.0041708141203231465,0.00492082195650179,0.002025084919474014,0.004315814962325046,0.9616737698267892,0.0017199784393766007,0.0006796933617064388,0.0012158054195120747,0.0026711275094435695,0.0025490453814050484
Weebdd07a3de3cd1c0003,0.002158625474079701,7.362950357467181e-05,0.00867561370056153,0.0041708141203231465,0.00492082195650179,0.002025084919474014,0.004315814962325046,0.9616737698267892,0.0017199784393766007,0.0006796933617064388,0.0012158054195120747,0.0026711275094435695,0.0025490453814050484
Weebdd07a3de3cd1c0004,0.002158625474079701,7.362950357467181e-05,0.00867561370056153,0.0041708141203231465,0.00492082195650179,0.002025084919474014,0.004315814962325046,0.9616737698267892,0.0017199784393766007,0.0006796933617064388,0.0012158054195120747,0.0026711275094435695,0.0025490453814050484
Weebdd07a3de3cd1c0005,0.002158625474079701,7.362950357467181e-05,0.00867561370056153,0.0041708141203231465,0.00492082195650179,0.002025084919474014,0.004315814962325046,0.9616737698267892,0.0017199784393766007,0.0006796933617064388,0.0012158054195120747,0.0026711275094435695,0.0025490453814050484
Weebdd07a3de3cd1c0006,0.002158625474079701,7.362950357467181e-05,0.00867561370056153,0.0041708141203231465,0.00492082195650179,0.002025084919474014,0.004315814962325046,0.9616737698267892,0.0017199784393766007,0.0006796933617064388,0.0012158054195120747,0.0026711275094435695,0.0025490453814050484
Wef2cc15f16103ef60000,0.9016943209344218,0.004130711969686588,0.0025504753721601408,0.024755499983672644,0.004119289450974074,0.0058199577675765975,0.0013382303003708234,0.0032669399534183364,3.128235401116528e-05,0.019471910736696577,0.00283595528756853,0.014304482968342443,0.014295946225553274
Wef2cc15f16103ef60001,0.9016943209344218,0.004130711969686588,0.0025504753721601408,0.024755499983672644,0.004119289450974074,0.0058199577675765975,0.0013382303003708234,0.0032669399534183364,3.128235401116528e-05,0.019471910736696577,0.00283595528756853,0.014304482968342443,0.014295946225553274
Wef2cc15f16103ef60002,0.9016943209344218,0.004130711969686588,0.0025504753721601408,0.024755499983672644,0.004119289450974074,0.0058199577675765975,0.0013382303003708234,0.0032669399534183364,3.128235401116528e-05,0.019471910736696577,0.00283595528756853,0.014304482968342443,0.014295946225553274
Wef2cc15f16103ef60003,0.9016943209344218,0.004130711969686588,0.0025504753721601408,0.024755499983672644,0.004119289450974074,0.0058199577675765975,0.0013382303003708234,0.0032669399534183364,3.128235401116528e-05,0.019471910736696577,0.00283595528756853,0.014304482968342443,0.014295946225553274
Wef2cc15f16103ef60004,0.9016943209344218,0.004130711969686588,0.0025504753721601408,0.024755499983672644,0.004119289450974074,0.0058199577675765975,0.0013382303003708234,0.0032669399534183364,3.128235401116528e-05,0.019471910736696577,0.00283595528756853,0.014304482968342443,0.014295946225553274
Wef2cc15f16103ef60005,0.9016943209344218,0.004130711969686588,0.0025504753721601408,0.024755499983672644,0.004119289450974074,0.0058199577675765975,0.0013382303003708234,0.0032669399534183364,3.128235401116528e-05,0.019471910736696577,0.00283595528756853,0.014304482968342443,0.014295946225553274
Wef2cc15f16103ef60006,0.9016943209344218,0.004130711969686588,0.0025504753721601408,0.024755499983672644,0.004119289450974074,0.0058199577675765975,0.0013382303003708234,0.0032669399534183364,3.128235401116528e-05,0.019471910736696577,0.00283595528756853,0.014304482968342443,0.014295946225553274
Wef4a3d6322b8f1560000,0.012185367511575812,0.006910882994338083,0.07766880614453778,0.06469490697767623,0.04257511871468276,0.23306319009976645,0.016745737505121976,0.007431839195177322,0.00421971294144061,0.1323462314430106,0.06443908359118321,0.014053100559403342,0.038160217213570505
Wef4a3d6322b8f1560001,0.012185367511575812,0.006910882994338083,0.07766880614453778,0.06469490697767623,0.04257511871468276,0.23306319009976645,0.016745737505121976,0.007431839195177322,0.00421971294144061,0.1323462314430106,0.06443908359118321,0.014053100559403342,0.038160217213570505
Wef4a3d6322b8f1560002,0.012185367511575812,0.006910882994338083,0.07766880614453778,0.06469490697767623,0.04257511871468276,0.23306319009976645,0.016745737505121976,0.007431839195177322,0.00421971294144061,0.1323462314430106,0.06443908359118321,0.014053100559403342,0.038160217213570505
Wef4a3d6322b8f1560003,0.012185367511575812,0.006910882994338083,0.07766880614453778,0.06469490697767623,0.04257511871468276,0.23306319009976645,0.016745737505121976,0.007431839195177322,0.00421971294144061,0.1323462314430106,0.06443908359118321,0.014053100559403342,0.038160217213570505
Wef4a3d6322b8f1560004,0.012185367511575812,0.006910882994338083,0.07766880614453778,0.06469490697767623,0.04257511871468276,0.23306319009976645,0.016745737505121976,0.007431839195177322,0.00421971294144061,0.1323462314430106,0.06443908359118321,0.014053100559403342,0.038160217213570505
Wef4a3d6322b8f1560005,0.012185367511575812,0.006910882994338083,0.07766880614453778,0.06469490697767623,0.04257511871468276,0.23306319009976645,0.016745737505121976,0.007431839195177322,0.00421971294144061,0.1323462314430106,0.06443908359118321,0.014053100559403342,0.038160217213570505
Wef4a3d6322b8f1560006,0.012185367511575812,0.006910882994338083,0.07766880614453778,0.06469490697767623,0.04257511871468276,0.23306319009976645,0.016745737505121976,0.007431839195177322,0.00421971294144061,0.1323462314430106,0.06443908359118321,0.014053100559403342,0.038160217213570505
Wefcdce98f521c4be0000,0.002537420584290763,0.0006627697754857915,0.11952990043744756,0.06855852194877673,0.0389263011979493,0.23852160461399555,0.003714700460563543,0.48333075383397195,0.00022593932462671996,0.00507425614021917,0.00521830404378049,0.010386172965323487,0.013188123287147814
Wefcdce98f521c4be0001,0.002537420584290763,0.0006627697754857915,0.11952990043744756,0.06855852194877673,0.0389263011979493,0.23852160461399555,0.003714700460563543,0.48333075383397195,0.00022593932462671996,0.00507425614021917,0.00521830404378049,0.010386172965323487,0.013188123287147814
Wefcdce98f521c4be0002,0.002537420584290763,0.0006627697754857915,0.11952990043744756,0.06855852194877673,0.0389263011979493,0.23852160461399555,0.003714700460563543,0.48333075383397195,0.00022593932462671996,0.00507425614021917,0.00521830404378049,0.010386172965323487,0.013188123287147814
Wefcdce98f521c4be0003,0.002537420584290763,0.0006627697754857915,0.11952990043744756,0.06855852194877673,0.0389263011979493,0.23852160461399555,0.003714700460563543,0.48333075383397195,0.00022593932462671996,0.00507425614021917,0.00521830404378049,0.010386172965323487,0.013188123287147814
Wefcdce98f521c4be0004,0.002537420584290763,0.0006627697754857915,0.11952990043744756,0.06855852194877673,0.0389263011979493,0.23852160461399555,0.003714700460563543,0.48333075383397195,0.00022593932462671996,0.00507425614021917,0.00521830404378049,0.010386172965323487,0.013188123287147814
Wefcdce98f521c4be0005,0.002537420584290763,0.0006627697754857915,0.11952990043744756,0.06855852194877673,0.0389263011979493,0.23852160461399555,0.003714700460563543,0.48333075383397195,0.00022593932462671996,0.00507425614021917,0.00521830404378049,0.010386172965323487,0.013188123287147814
Wefcdce98f521c4be0006,0.002537420584290763,0.0006627697754857915,0.11952990043744756,0.06855852194877673,0.0389263011979493,0.23852160461399555,0.003714700460563543,0.48333075383397195,0.00022593932462671996,0.00507425614021917,0.00521830404378049,0.010386172965323487,0.013188123287147814
Wf1d9f9e8929c4b4c0000,0.007838957465674482,0.0025210716594954285,0.046952396306998594,0.030249383250437068,0.043150882835564744,0.08449897501528292,0.04075893749626349,0.014972636040243487,0.008698519388417203,0.025037717940812856,0.014960936104055772,0.004742296416706307,0.021683993024618268
Wf1d9f9e8929c4b4c0001,0.007838957465674482,0.0025210716594954285,0.046952396306998594,0.030249383250437068,0.043150882835564744,0.08449897501528292,0.04075893749626349,0.014972636040243487,0.008698519388417203,0.025037717940812856,0.014960936104055772,0.004742296416706307,0.021683993024618268
Wf1d9f9e8929c4b4c0002,0.007838957465674482,0.0025210716594954285,0.046952396306998594,0.030249383250437068,0.043150882835564744,0.08449897501528292,0.04075893749626349,0.014972636040243487,0.008698519388417203,0.025037717940812856,0.014960936104055772,0.004742296416706307,0.021683993024618268
Wf1d9f9e8929c4b4c0003,0.007838957465674482,0.0025210716594954285,0.046952396306998594,0.030249383250437068,0.043150882835564744,0.08449897501528292,0.04075893749626349,0.014972636040243487,0.008698519388417203,0.025037717940812856,0.014960936104055772,0.004742296416706307,0.021683993024618268
Wf1d9f9e8929c4b4c0004,0.007838957465674482,0.0025210716594954285,0.046952396306998594,0.030249383250437068,0.043150882835564744,0.08449897501528292,0.04075893749626349,0.014972636040243487,0.008698519388417203,0.025037717940812856,0.014960936104055772,0.004742296416706307,0.021683993024618268
Wf1d9f9e8929c4b4c0005,0.007838957465674482,0.0025210716594954285,0.046952396306998594,0.030249383250437068,0.043150882835564744,0.08449897501528292,0.04075893749626349,0.014972636040243487,0.008698519388417203,0.025037717940812856,0.014960936104055772,0.004742296416706307,0.021683993024618268
Wf1d9f9e8929c4b4c0006,0.007838957465674482,0.0025210716594954285,0.046952396306998594,0.030249383250437068,0.043150882835564744,0.08449897501528292,0.04075893749626349,0.014972636040243487,0.008698519388417203,0.025037717940812856,0.014960936104055772,0.004742296416706307,0.021683993024618268
Wf4758011109bcff40000,0.022126993611014823,0.4200903701946048,0.006848732665785151,0.009446638769770033,0.0056459362311616764,0.03459944919456323,0.4430868460587797,0.0007672906983055196,0.0026808934724958516,0.012868855651252745,0.004207428040584578,0.017927298191760626,0.010407986106471385
Wf4758011109bcff40001,0.022126993611014823,0.4200903701946048,0.006848732665785151,0.009446638769770033,0.0056459362311616764,0.03459944919456323,0.4430868460587797,0.0007672906983055196,0.0026808934724958516,0.012868855651252745,0.004207428040584578,0.017927298191760626,0.010407986106471385
Wf4758011109bcff40002,0.022126993611014823,0.4200903701946048,0.006848732665785151,0.009446638769770033,0.0056459362311616764,0.03459944919456323,0.4430868460587797,0.0007672906983055196,0.0026808934724958516,0.012868855651252745,0.004207428040584578,0.017927298191760626,0.010407986106471385
Wf4758011109bcff40003,0.022126993611014823,0.4200903701946048,0.006848732665785151,0.009446638769770033,0.0056459362311616764,0.03459944919456323,0.4430868460587797,0.0007672906983055196,0.0026808934724958516,0.012868855651252745,0.004207428040584578,0.017927298191760626,0.010407986106471385
Wf4758011109bcff40004,0.022126993611014823,0.4200903701946048,0.006848732665785151,0.009446638769770033,0.0056459362311616764,0.03459944919456323,0.4430868460587797,0.0007672906983055196,0.0026808934724958516,0.012868855651252745,0.004207428040584578,0.017927298191760626,0.010407986106471385
Wf4758011109bcff40005,0.022126993611014823,0.4200903701946048,0.006848732665785151,0.009446638769770033,0.0056459362311616764,0.03459944919456323,0.4430868460587797,0.0007672906983055196,0.0026808934724958516,0.012868855651252745,0.004207428040584578,0.017927298191760626,0.010407986106471385
Wf4758011109bcff40006,0.022126993611014823,0.4200903701946048,0.006848732665785151,0.009446638769770033,0.0056459362311616764,0.03459944919456323,0.4430868460587797,0.0007672906983055196,0.0026808934724958516,0.012868855651252745,0.004207428040584578,0.017927298191760626,0.010407986106471385
Wf59b57b9ae65f7be0000,0.015663395539745304,0.004045679292867306,0.42428325955092794,0.21421659713018076,0.0706683211710495,0.07422785061573312,0.013193472247477005,0.01908510274374793,0.0037268785995599263,0.04318543071977146,0.013068622020001912,0.007537940863674361,0.04628701241700154
Wf59b57b9ae65f7be0001,0.015663395539745304,0.004045679292867306,0.42428325955092794,0.21421659713018076,0.0706683211710495,0.07422785061573312,0.013193472247477005,0.01908510274374793,0.0037268785995599263,0.04318543071977146,0.013068622020001912,0.007537940863674361,0.04628701241700154
Wf59b57b9ae65f7be0002,0.015663395539745304,0.004045679292867306,0.42428325955092794,0.21421659713018076,0.0706683211710495,0.07422785061573312,0.013193472247477005,0.01908510274374793,0.0037268785995599263,0.04318543071977146,0.013068622020001912,0.007537940863674361,0.04628701241700154
Wf59b57b9ae65f7be0003,0.015663395539745304,0.004045679292867306,0.42428325955092794,0.21421659713018076,0.0706683211710495,0.07422785061573312,0.013193472247477005,0.01908510274374793,0.0037268785995599263,0.04318543071977146,0.013068622020001912,0.007537940863674361,0.04628701241700154
Wf59b57b9ae65f7be0004,0.015663395539745304,0.004045679292867306,0.42428325955092794,0.21421659713018076,0.0706683211710495,0.07422785061573312,0.013193472247477005,0.01908510274374793,0.0037268785995599263,0.04318543071977146,0.013068622020001912,0.007537940863674361,0.04628701241700154
Wf59b57b9ae65f7be0005,0.015663395539745304,0.004045679292867306,0.42428325955092794,0.21421659713018076,0.0706683211710495,0.07422785061573312,0.013193472247477005,0.01908510274374793,0.0037268785995599263,0.04318543071977146,0.013068622020001912,0.007537940863674361,0.04628701241700154
Wf59b57b9ae65f7be0006,0.015663395539745304,0.004045679292867306,0.42428325955092794,0.21421659713018076,0.0706683211710495,0.07422785061573312,0.013193472247477005,0.01908510274374793,0.0037268785995599263,0.04318543071977146,0.013068622020001912,0.007537940863674361,0.04628701241700154
Wf67e1729784c92fb0000,0.003803491908602544,0.0003076419098207677,0.016945384203458577,0.013228325449895132,0.006108098342345399,0.008386843901319675,0.0027561454519841534,0.9192291817601094,0.0006734048189438084,0.005725304663053048,0.002585086522552467,0.005596208117653725,0.00364870014620456
Wf67e1729784c92fb0001,0.003803491908602544,0.0003076419098207677,0.016945384203458577,0.013228325449895132,0.006108098342345399,0.008386843901319675,0.0027561454519841534,0.9192291817601094,0.0006734048189438084,0.005725304663053048,0.002585086522552467,0.005596208117653725,0.00364870014620456
Wf67e1729784c92fb0002,0.003803491908602544,0.0003076419098207677,0.016945384203458577,0.013228325449895132,0.006108098342345399,0.008386843901319675,0.0027561454519841534,0.9192291817601094,0.0006734048189438084,0.005725304663053048,0.002585086522552467,0.005596208117653725,0.00364870014620456
Wf67e1729784c92fb0003,0.003803491908602544,0.0003076419098207677,0.016945384203458577,0.013228325449895132,0.006108098342345399,0.008386843901319675,0.0027561454519841534,0.9192291817601094,0.0006734048189438084,0.005725304663053048,0.002585086522552467,0.005596208117653725,0.00364870014620456
Wf67e1729784c92fb0004,0.003803491908602544,0.0003076419098207677,0.016945384203458577,0.013228325449895132,0.006108098342345399,0.008386843901319675,0.0027561454519841534,0.9192291817601094,0.0006734048189438084,0.005725304663053048,0.002585086522552467,0.005596208117653725,0.00364870014620456
Wf67e1729784c92fb0005,0.003803491908602544,0.0003076419098207677,0.016945384203458577,0.013228325449895132,0.006108098342345399,0.008386843901319675,0.0027561454519841534,0.9192291817601094,0.0006734048189438084,0.005725304663053048,0.002585086522552467,0.005596208117653725,0.00364870014620456
Wf67e1729784c92fb0006,0.003803491908602544,0.0003076419098207677,0.016945384203458577,0.013228325449895132,0.006108098342345399,0.008386843901319675,0.0027561454519841534,0.9192291817601094,0.0006734048189438084,0.005725304663053048,0.002585086522552467,0.005596208117653725,0.00364870014620456
Wf6efc5aaecd330440000,0.0010189581183640956,0.00018812656382279994,0.007376659880864923,0.006502365587166991,0.00946774587020799,0.34053816360572836,0.0017487070927462891,0.00023597024181326278,0.00018160092658534306,0.0007897623746618373,0.00024015014645280375,0.6254052147802355,0.004295917711586063
Wf6efc5aaecd330440001,0.0010189581183640956,0.00018812656382279994,0.007376659880864923,0.006502365587166991,0.00946774587020799,0.34053816360572836,0.0017487070927462891,0.00023597024181326278,0.00018160092658534306,0.0007897623746618373,0.00024015014645280375,0.6254052147802355,0.004295917711586063
Wf6efc5aaecd330440002,0.0010189581183640956,0.00018812656382279994,0.007376659880864923,0.006502365587166991,0.00946774587020799,0.34053816360572836,0.0017487070927462891,0.00023597024181326278,0.00018160092658534306,0.0007897623746618373,0.00024015014645280375,0.6254052147802355,0.004295917711586063
Wf6efc5aaecd330440003,0.0010189581183640956,0.00018812656382279994,0.007376659880864923,0.006502365587166991,0.00946774587020799,0.34053816360572836,0.0017487070927462891,0.00023597024181326278,0.00018160092658534306,0.0007897623746618373,0.00024015014645280375,0.6254052147802355,0.004295917711586063
Wf6efc5aaecd330440004,0.0010189581183640956,0.00018812656382279994,0.007376659880864923,0.006502365587166991,0.00946774587020799,0.34053816360572836,0.0017487070927462891,0.00023597024181326278,0.00018160092658534306,0.0007897623746618373,0.00024015014645280375,0.6254052147802355,0.004295917711586063
Wf6efc5aaecd330440005,0.0010189581183640956,0.00018812656382279994,0.007376659880864923,0.006502365587166991,0.00946774587020799,0.34053816360572836,0.0017487070927462891,0.00023597024181326278,0.00018160092658534306,0.0007897623746618373,0.00024015014645280375,0.6254052147802355,0.004295917711586063
Wf6efc5aaecd330440006,0.0010189581183640956,0.00018812656382279994,0.007376659880864923,0.006502365587166991,0.00946774587020799,0.34053816360572836,0.0017487070927462891,0.00023597024181326278,0.00018160092658534306,0.0007897623746618373,0.00024015014645280375,0.6254052147802355,0.004295917711586063
Wf71d5a82e2b2591a0000,0.006627206163908062,0.008521423439415155,0.1048643112630878,0.05253167356661893,0.035013065029532525,0.007382430354865815,0.026622225593483508,0.09296434121209846,0.1285280915344434,0.029143600595348835,0.09360841981919936,0.09815983490222666,0.15626319760216395
Wf71d5a82e2b2591a0001,0.006627206163908062,0.008521423439415155,0.1048643112630878,0.05253167356661893,0.035013065029532525,0.007382430354865815,0.026622225593483508,0.09296434121209846,0.1285280915344434,0.029143600595348835,0.09360841981919936,0.09815983490222666,0.15626319760216395
Wf71d5a82e2b2591a0002,0.006627206163908062,0.008521423439415155,0.1048643112630878,0.05253167356661893,0.035013065029532525,0.007382430354865815,0.026622225593483508,0.09296434121209846,0.1285280915344434,0.029143600595348835,0.09360841981919936,0.09815983490222666,0.15626319760216395
Wf71d5a82e2b2591a0003,0.006627206163908062,0.008521423439415155,0.1048643112630878,0.05253167356661893,0.035013065029532525,0.007382430354865815,0.026622225593483508,0.09296434121209846,0.1285280915344434,0.029143600595348835,0.09360841981919936,0.09815983490222666,0.15626319760216395
Wf71d5a82e2b2591a0004,0.006627206163908062,0.008521423439415155,0.1048643112630878,0.05253167356661893,0.035013065029532525,0.007382430354865815,0.026622225593483508,0.09296434121209846,0.1285280915344434,0.029143600595348835,0.09360841981919936,0.09815983490222666,0.15626319760216395
Wf71d5a82e2b2591a0005,0.006627206163908062,0.008521423439415155,0.1048643112630878,0.05253167356661893,0.035013065029532525,0.007382430354865815,0.026622225593483508,0.09296434121209846,0.1285280915344434,0.029143600595348835,0.09360841981919936,0.09815983490222666,0.15626319760216395
Wf71d5a82e2b2591a0006,0.006627206163908062,0.008521423439415155,0.1048643112630878,0.05253167356661893,0.035013065029532525,0.007382430354865815,0.026622225593483508,0.09296434121209846,0.1285280915344434,0.029143600595348835,0.09360841981919936,0.09815983490222666,0.15626319760216395
Wf9376d0a25f5831f0000,0.003690831569174469,0.8655673338163186,0.010346444893054581,0.008538310736120462,0.015582692981684583,0.004249231264710912,0.04727720094085444,0.0009665612289619142,0.0002586382311155751,0.0038601978578311357,0.008944373501246609,0.004188011200770805,0.009308366446325976
Wf9376d0a25f5831f0001,0.003690831569174469,0.8655673338163186,0.010346444893054581,0.008538310736120462,0.015582692981684583,0.004249231264710912,0.04727720094085444,0.0009665612289619142,0.0002586382311155751,0.0038601978578311357,0.008944373501246609,0.004188011200770805,0.009308366446325976
Wf9376d0a25f5831f0002,0.003690831569174469,0.8655673338163186,0.010346444893054581,0.008538310736120462,0.015582692981684583,0.004249231264710912,0.04727720094085444,0.0009665612289619142,0.0002586382311155751,0.0038601978578311357,0.008944373501246609,0.004188011200770805,0.009308366446325976
Wf9376d0a25f5831f0003,0.003690831569174469,0.8655673338163186,0.010346444893054581,0.008538310736120462,0.015582692981684583,0.004249231264710912,0.04727720094085444,0.0009665612289619142,0.0002586382311155751,0.0038601978578311357,0.008944373501246609,0.004188011200770805,0.009308366446325976
Wf9376d0a25f5831f0004,0.003690831569174469,0.8655673338163186,0.010346444893054581,0.008538310736120462,0.015582692981684583,0.004249231264710912,0.04727720094085444,0.0009665612289619142,0.0002586382311155751,0.0038601978578311357,0.008944373501246609,0.004188011200770805,0.009308366446325976
Wf9376d0a25f5831f0005,0.003690831569174469,0.8655673338163186,0.010346444893054581,0.008538310736120462,0.015582692981684583,0.004249231264710912,0.04727720094085444,0.0009665612289619142,0.0002586382311155751,0.0038601978578311357,0.008944373501246609,0.004188011200770805,0.009308366446325976
Wf9376d0a25f5831f0006,0.003690831569174469,0.8655673338163186,0.010346444893054581,0.008538310736120462,0.015582692981684583,0.004249231264710912,0.04727720094085444,0.0009665612289619142,0.0002586382311155751,0.0038601978578311357,0.008944373501246609,0.004188011200770805,0.009308366446325976
Wfaa483cc9bda9fb40000,0.0017144137189108858,0.0004777794518916097,0.18232577200740074,0.019906737892818268,0.015929895784872306,0.010592463583736826,0.023445368650633763,0.010953984762674897,0.0041122720599932735,0.006896326747709533,0.013491084879717178,0.006474174891475859,0.03490055716923287
Wfaa483cc9bda9fb40001,0.0017144137189108858,0.0004777794518916097,0.18232577200740074,0.019906737892818268,0.015929895784872306,0.010592463583736826,0.023445368650633763,0.010953984762674897,0.0041122720599932735,0.006896326747709533,0.013491084879717178,0.006474174891475859,0.03490055716923287
Wfaa483cc9bda9fb40002,0.0017144137189108858,0.0004777794518916097,0.18232577200740074,0.019906737892818268,0.015929895784872306,0.010592463583736826,0.023445368650633763,0.010953984762674897,0.0041122720599932735,0.006896326747709533,0.013491084879717178,0.006474174891475859,0.03490055716923287
Wfaa483cc9bda9fb40003,0.0017144137189108858,0.0004777794518916097,0.18232577200740074,0.019906737892818268,0.015929895784872306,0.010592463583736826,0.023445368650633763,0.010953984762674897,0.0041122720599932735,0.006896326747709533,0.013491084879717178,0.006474174891475859,0.03490055716923287
Wfaa483cc9bda9fb40004,0.0017144137189108858,0.0004777794518916097,0.18232577200740074,0.019906737892818268,0.015929895784872306,0.010592463583736826,0.023445368650633763,0.010953984762674897,0.0041122720599932735,0.006896326747709533,0.013491084879717178,0.006474174891475859,0.03490055716923287
Wfaa483cc9bda9fb40005,0.0017144137189108858,0.0004777794518916097,0.18232577200740074,0.019906737892818268,0.015929895784872306,0.010592463583736826,0.023445368650633763,0.010953984762674897,0.0041122720599932735,0.006896326747709533,0.013491084879717178,0.006474174891475859,0.03490055716923287
Wfaa483cc9bda9fb40006,0.0017144137189108858,0.0004777794518916097,0.18232577200740074,0.019906737892818268,0.015929895784872306,0.010592463583736826,0.023445368650633763,0.010953984762674897,0.0041122720599932735,0.006896326747709533,0.013491084879717178,0.006474174891475859,0.03490055716923287
Wfaba63e098f23be50000,0.006507817446799923,0.8826932411155628,0.00100231024133335,0.003276686170031479,0.0009152133915843435,0.0008928915730683696,0.012059671948751677,0.0025986239059055394,0.06288919874537732,0.003582063563454955,0.015422154193688389,0.0015362079593171255,0.00270630955149011
Wfaba63e098f23be50001,0.006507817446799923,0.8826932411155628,0.00100231024133335,0.003276686170031479,0.0009152133915843435,0.0008928915730683696,0.012059671948751677,0.0025986239059055394,0.06288919874537732,0.003582063563454955,0.015422154193688389,0.0015362079593171255,0.00270630955149011
Wfaba63e098f23be50002,0.006507817446799923,0.8826932411155628,0.00100231024133335,0.003276686170031479,0.0009152133915843435,0.0008928915730683696,0.012059671948751677,0.0025986239059055394,0.06288919874537732,0.003582063563454955,0.015422154193688389,0.0015362079593171255,0.00270630955149011
Wfaba63e098f23be50003,0.006507817446799923,0.8826932411155628,0.00100231024133335,0.003276686170031479,0.0009152133915843435,0.0008928915730683696,0.012059671948751677,0.0025986239059055394,0.06288919874537732,0.003582063563454955,0.015422154193688389,0.0015362079593171255,0.00270630955149011
Wfaba63e098f23be50004,0.006507817446799923,0.8826932411155628,0.00100231024133335,0.003276686170031479,0.0009152133915843435,0.0008928915730683696,0.012059671948751677,0.0025986239059055394,0.06288919874537732,0.003582063563454955,0.015422154193688389,0.0015362079593171255,0.00270630955149011
Wfaba63e098f23be50005,0.006507817446799923,0.8826932411155628,0.00100231024133335,0.003276686170031479,0.0009152133915843435,0.0008928915730683696,0.012059671948751677,0.0025986239059055394,0.06288919874537732,0.003582063563454955,0.015422154193688389,0.0015362079593171255,0.00270630955149011
Wfaba63e098f23be50006,0.006507817446799923,0.8826932411155628,0.00100231024133335,0.003276686170031479,0.0009152133915843435,0.0008928915730683696,0.012059671948751677,0.0025986239059055394,0.06288919874537732,0.003582063563454955,0.015422154193688389,0.0015362079593171255,0.00270630955149011
Wfdd58305c41484a30000,0.0018289061188589667,0.0017590979885309516,0.08564641667524935,0.010582150140663747,0.01697455582504529,0.021117979553139276,0.003825208925301027,0.1147864492525696,0.41850860374840015,0.07940685203862725,0.1420301771047678,0.005507946078076779,0.04526617669444318
Wfdd58305c41484a30001,0.0018289061188589667,0.0017590979885309516,0.08564641667524935,0.010582150140663747,0.01697455582504529,0.021117979553139276,0.003825208925301027,0.1147864492525696,0.41850860374840015,0.07940685203862725,0.1420301771047678,0.005507946078076779,0.04526617669444318
Wfdd58305c41484a30002,0.0018289061188589667,0.0017590979885309516,0.08564641667524935,0.010582150140663747,0.01697455582504529,0.021117979553139276,0.003825208925301027,0.1147864492525696,0.41850860374840015,0.07940685203862725,0.1420301771047678,0.005507946078076779,0.04526617669444318
Wfdd58305c41484a30003,0.0018289061188589667,0.0017590979885309516,0.08564641667524935,0.010582150140663747,0.01697455582504529,0.021117979553139276,0.003825208925301027,0.1147864492525696,0.41850860374840015,0.07940685203862725,0.1420301771047678,0.005507946078076779,0.04526617669444318
Wfdd58305c41484a30004,0.0018289061188589667,0.0017590979885309516,0.08564641667524935,0.010582150140663747,0.01697455582504529,0.021117979553139276,0.003825208925301027,0.1147864492525696,0.41850860374840015,0.07940685203862725,0.1420301771047678,0.005507946078076779,0.04526617669444318
Wfdd58305c41484a30005,0.0018289061188589667,0.0017590979885309516,0.08564641667524935,0.010582150140663747,0.01697455582504529,0.021117979553139276,0.003825208925301027,0.1147864492525696,0.41850860374840015,0.07940685203862725,0.1420301771047678,0.005507946078076779,0.04526617669444318
Wfdd58305c41484a30006,0.0018289061188589667,0.0017590979885309516,0.08564641667524935,0.010582150140663747,0.01697455582504529,0.021117979553139276,0.003825208925301027,0.1147864492525696,0.41850860374840015,0.07940685203862725,0.1420301771047678,0.005507946078076779,0.04526617669444318
Wfe087e60becde77e0000,0.00078716788142103,0.0015706315861335552,0.029581624693440167,0.010366872333303911,0.014998813702526835,0.0028664858824922297,0.009271433071146975,0.1730361707278914,0.3389145415399577,0.006985899467109226,0.09697596291131584,0.006191437090020296,0.008442926056239461
Wfe087e60becde77e0001,0.00078716788142103,0.0015706315861335552,0.029581624693440167,0.010366872333303911,0.014998813702526835,0.0028664858824922297,0.009271433071146975,0.1730361707278914,0.3389145415399577,0.006985899467109226,0.09697596291131584,0.006191437090020296,0.008442926056239461
Wfe087e60becde77e0002,0.00078716788142103,0.0015706315861335552,0.029581624693440167,0.010366872333303911,0.014998813702526835,0.0028664858824922297,0.009271433071146975,0.1730361707278914,0.3389145415399577,0.006985899467109226,0.09697596291131584,0.006191437090020296,0.008442926056239461
Wfe087e60becde77e0003,0.00078716788142103,0.0015706315861335552,0.029581624693440167,0.010366872333303911,0.014998813702526835,0.0028664858824922297,0.009271433071146975,0.1730361707278914,0.3389145415399577,0.006985899467109226,0.09697596291131584,0.006191437090020296,0.008442926056239461
Wfe087e60becde77e0004,0.00078716788142103,0.0015706315861335552,0.029581624693440167,0.010366872333303911,0.014998813702526835,0.0028664858824922297,0.009271433071146975,0.1730361707278914,0.3389145415399577,0.006985899467109226,0.09697596291131584,0.006191437090020296,0.008442926056239461
Wfe087e60becde77e0005,0.00078716788142103,0.0015706315861335552,0.029581624693440167,0.010366872333303911,0.014998813702526835,0.0028664858824922297,0.009271433071146975,0.1730361707278914,0.3389145415399577,0.006985899467109226,0.09697596291131584,0.006191437090020296,0.008442926056239461
Wfe087e60becde77e0006,0.00078716788142103,0.0015706315861335552,0.029581624693440167,0.010366872333303911,0.014998813702526835,0.0028664858824922297,0.009271433071146975,0.1730361707278914,0.3389145415399577,0.006985899467109226,0.09697596291131584,0.006191437090020296,0.008442926056239461
Wfe131a9a23bcd6b40000,0.02641235028192006,0.8011787793405069,0.011148335944269512,0.006088610778880062,0.007413634861197989,0.0103908177097609,0.08753061583992734,0.00048461722110426317,0.001182879021877657,0.007283800431090147,0.013050907457775363,0.00603211364278409,0.006264362770476689
Wfe131a9a23bcd6b40001,0.02641235028192006,0.8011787793405069,0.011148335944269512,0.006088610778880062,0.007413634861197989,0.0103908177097609,0.08753061583992734,0.00048461722110426317,0.001182879021877657,0.007283800431090147,0.013050907457775363,0.00603211364278409,0.006264362770476689
Wfe131a9a23bcd6b40002,0.02641235028192006,0.8011787793405069,0.011148335944269512,0.006088610778880062,0.007413634861197989,0.0103908177097609,0.08753061583992734,0.00048461722110426317,0.001182879021877657,0.007283800431090147,0.013050907457775363,0.00603211364278409,0.006264362770476689
Wfe131a9a23bcd6b40003,0.02641235028192006,0.8011787793405069,0.011148335944269512,0.006088610778880062,0.007413634861197989,0.0103908177097609,0.08753061583992734,0.00048461722110426317,0.001182879021877657,0.007283800431090147,0.013050907457775363,0.00603211364278409,0.006264362770476689
Wfe131a9a23bcd6b40004,0.02641235028192006,0.8011787793405069,0.011148335944269512,0.006088610778880062,0.007413634861197989,0.0103908177097609,0.08753061583992734,0.00048461722110426317,0.001182879021877657,0.007283800431090147,0.013050907457775363,0.00603211364278409,0.006264362770476689
Wfe131a9a23bcd6b40005,0.02641235028192006,0.8011787793405069,0.011148335944269512,0.006088610778880062,0.007413634861197989,0.0103908177097609,0.08753061583992734,0.00048461722110426317,0.001182879021877657,0.007283800431090147,0.013050907457775363,0.00603211364278409,0.006264362770476689
Wfe131a9a23bcd6b40006,0.02641235028192006,0.8011787793405069,0.011148335944269512,0.006088610778880062,0.007413634861197989,0.0103908177097609,0.08753061583992734,0.00048461722110426317,0.001182879021877657,0.007283800431090147,0.013050907457775363,0.00603211364278409,0.006264362770476689
Wfe5b5fd90a0f32520000,0.0010323850429327663,0.030927451632800616,0.0151794262263095,0.02282241800653615,0.01826817412425176,0.05928545694763578,0.8009242809344159,0.0014991843927837218,0.0018565439610260584,0.006299375294966055,0.0065156003386372015,0.0200610011237319,0.004224003244171145
Wfe5b5fd90a0f32520001,0.0010323850429327663,0.030927451632800616,0.0151794262263095,0.02282241800653615,0.01826817412425176,0.05928545694763578,0.8009242809344159,0.0014991843927837218,0.0018565439610260584,0.006299375294966055,0.0065156003386372015,0.0200610011237319,0.004224003244171145
Wfe5b5fd90a0f32520002,0.0010323850429327663,0.030927451632800616,0.0151794262263095,0.02282241800653615,0.01826817412425176,0.05928545694763578,0.8009242809344159,0.0014991843927837218,0.0018565439610260584,0.006299375294966055,0.0065156003386372015,0.0200610011237319,0.004224003244171145
Wfe5b5fd90a0f32520003,0.0010323850429327663,0.030927451632800616,0.0151794262263095,0.02282241800653615,0.01826817412425176,0.05928545694763578,0.8009242809344159,0.0014991843927837218,0.0018565439610260584,0.006299375294966055,0.0065156003386372015,0.0200610011237319,0.004224003244171145
Wfe5b5fd90a0f32520004,0.0010323850429327663,0.030927451632800616,0.0151794262263095,0.02282241800653615,0.01826817412425176,0.05928545694763578,0.8009242809344159,0.0014991843927837218,0.0018565439610260584,0.006299375294966055,0.0065156003386372015,0.0200610011237319,0.004224003244171145
Wfe5b5fd90a0f32520005,0.0010323850429327663,0.030927451632800616,0.0151794262263095,0.02282241800653615,0.01826817412425176,0.05928545694763578,0.8009242809344159,0.0014991843927837218,0.0018565439610260584,0.006299375294966055,0.0065156003386372015,0.0200610011237319,0.004224003244171145
Wfe5b5fd90a0f32520006,0.0010323850429327663,0.030927451632800616,0.0151794262263095,0.02282241800653615,0.01826817412425176,0.05928545694763578,0.8009242809344159,0.0014991843927837218,0.0018565439610260584,0.006299375294966055,0.0065156003386372015,0.0200610011237319,0.004224003244171145
Wfeb1d9279b09dcc20000,0.0042150806384494924,0.06865872311072467,0.020447638945242635,0.02997510880181041,0.026280840677189967,0.0033260137109888486,0.02207464639611152,0.007289369113794727,0.003229807208974244,0.03352499670614247,0.07239249819457354,0.014999596111641792,0.05171792289253526
Wfeb1d9279b09dcc20001,0.0042150806384494924,0.06865872311072467,0.020447638945242635,0.02997510880181041,0.026280840677189967,0.0033260137109888486,0.02207464639611152,0.007289369113794727,0.003229807208974244,0.03352499670614247,0.07239249819457354,0.014999596111641792,0.05171792289253526
Wfeb1d9279b09dcc20002,0.0042150806384494924,0.06865872311072467,0.020447638945242635,0.02997510880181041,0.026280840677189967,0.0033260137109888486,0.02207464639611152,0.007289369113794727,0.003229807208974244,0.03352499670614247,0.07239249819457354,0.014999596111641792,0.05171792289253526
Wfeb1d9279b09dcc20003,0.0042150806384494924,0.06865872311072467,0.020447638945242635,0.02997510880181041,0.026280840677189967,0.0033260137109888486,0.02207464639611152,0.007289369113794727,0.003229807208974244,0.03352499670614247,0.07239249819457354,0.014999596111641792,0.05171792289253526
Wfeb1d9279b09dcc20004,0.0042150806384494924,0.06865872311072467,0.020447638945242635,0.02997510880181041,0.026280840677189967,0.0033260137109888486,0.02207464639611152,0.007289369113794727,0.003229807208974244,0.03352499670614247,0.07239249819457354,0.014999596111641792,0.05171792289253526
Wfeb1d9279b09dcc20005,0.0042150806384494924,0.06865872311072467,0.020447638945242635,0.02997510880181041,0.026280840677189967,0.0033260137109888486,0.02207464639611152,0.007289369113794727,0.003229807208974244,0.03352499670614247,0.07239249819457354,0.014999596111641792,0.05171792289253526
Wfeb1d9279b09dcc20006,0.0042150806384494924,0.06865872311072467,0.020447638945242635,0.02997510880181041,0.026280840677189967,0.0033260137109888486,0.02207464639611152,0.007289369113794727,0.003229807208974244,0.03352499670614247,0.07239249819457354,0.014999596111641792,0.05171792289253526
Wfebd5f1c4ad913370000,0.0490586121239452,0.0018232879570202038,0.028359277155720057,0.2617483927642983,0.08714194872456696,0.039025333151177725,0.011442994857781223,0.4373715908678632,0.0006118516172063082,0.014457203577248211,0.017683296179583384,0.010923710084565538,0.016197031773708372
Wfebd5f1c4ad913370001,0.0490586121239452,0.0018232879570202038,0.028359277155720057,0.2617483927642983,0.08714194872456696,0.039025333151177725,0.011442994857781223,0.4373715908678632,0.0006118516172063082,0.014457203577248211,0.017683296179583384,0.010923710084565538,0.016197031773708372
Wfebd5f1c4ad913370002,0.0490586121239452,0.0018232879570202038,0.028359277155720057,0.2617483927642983,0.08714194872456696,0.039025333151177725,0.011442994857781223,0.4373715908678632,0.0006118516172063082,0.014457203577248211,0.017683296179583384,0.010923710084565538,0.016197031773708372
Wfebd5f1c4ad913370003,0.0490586121239452,0.0018232879570202038,0.028359277155720057,0.2617483927642983,0.08714194872456696,0.039025333151177725,0.011442994857781223,0.4373715908678632,0.0006118516172063082,0.014457203577248211,0.017683296179583384,0.010923710084565538,0.016197031773708372
Wfebd5f1c4ad913370004,0.0490586121239452,0.0018232879570202038,0.028359277155720057,0.2617483927642983,0.08714194872456696,0.039025333151177725,0.011442994857781223,0.4373715908678632,0.0006118516172063082,0.014457203577248211,0.017683296179583384,0.010923710084565538,0.016197031773708372
Wfebd5f1c4ad913370005,0.0490586121239452,0.0018232879570202038,0.028359277155720057,0.2617483927642983,0.08714194872456696,0.039025333151177725,0.011442994857781223,0.4373715908678632,0.0006118516172063082,0.014457203577248211,0.017683296179583384,0.010923710084565538,0.016197031773708372
Wfebd5f1c4ad913370006,0.0490586121239452,0.0018232879570202038,0.028359277155720057,0.2617483927642983,0.08714194872456696,0.039025333151177725,0.011442994857781223,0.4373715908678632,0.0006118516172063082,0.014457203577248211,0.017683296179583384,0.010923710084565538,0.016197031773708372
