window_id,F01,F02,F03,F04,F05,F06,F07,F08,F09,F10,F11,F12,F13
W000adee795ae7cdb0000,0.9255517867128917,0.006359986148821505,0.013612826958258523,0.0015777285578388836,0.0020184840577499755,0.0190379425450915,0.0034534509564405854,0.00036526671646712635,0.0002648502297173785,0.000605285487825836,0.0005577949164469344,0.021941988693733185,0.00316156948075297
W000adee795ae7cdb0001,0.9268819170371829,0.006339285167072727,0.01333816344531519,0.0022869818601201535,0.002257097846438851,0.019952945598663008,0.003918377396794488,0.000340427195340544,0.00026198374149025996,0.0005741555304182466,0.0003414971415058308,0.01926544380117197,0.0026677993456398685
W000adee795ae7cdb0002,0.9192280536372228,0.008710129702124583,0.012339048701228681,0.0028214868327778755,0.0021863453966449982,0.023517063604495538,0.0033690165367652536,0.0003274674541933025,0.0002779554146355635,0.0006110206948535032,0.0004301520804320523,0.019513111519823455,0.004120669177854839
W000adee795ae7cdb0003,0.9286362359658091,0.0069614505693590045,0.010957305642004358,0.002260226469516684,0.0023822958426099406,0.018951073290514996,0.0032830174421322293,0.00031065976126550356,0.00025216500635377763,0.0011562593330675813,0.000351379816056218,0.019407769598012922,0.003499273644943612
W000adee795ae7cdb0004,0.931029939649436,0.006042988987243931,0.01193523709688684,0.002023863583243758,0.002179277577043173,0.017747985758548725,0.0028963025025475595,0.00038247636919975456,0.00033384641221262797,0.0005987824831355223,0.0005050775219066337,0.019282304969952545,0.002785050108094851
W000adee795ae7cdb0005,0.9143402080873702,0.005324821263621353,0.011643529296703018,0.0026955568144835383,0.0023851493493108476,0.0279002357785174,0.0033725190829992217,0.000378032302914024,0.0003621728695383347,0.0006281607024492866,0.0005430043104626327,0.025008291879932133,0.003266261160726064
W000adee795ae7cdb0006,0.9105891445726472,0.005623068588337424,0.012534845671001405,0.003917964072251705,0.002269627492568364,0.0283075659501415,0.004033196330381891,0.00033196991946775036,0.00025002458249694445,0.0005486214766113144,0.0003591534214464939,0.026007217985464914,0.003952887458311732
W00d9b92b429254d10000,0.003021052390154253,0.8454010389989741,0.0015001500643638177,0.0010879460656881374,0.001340305800452689,0.001163217048197979,0.004060366682700267,0.005623010371110834,0.12468692315942265,0.0012365487310393095,0.007090289828499608,0.0006099501822792842,0.0015568964018577687
W00d9b92b429254d10001,0.0035809859493509707,0.851279318754337,0.0014758808428812164,0.0010762755932039725,0.0013033695280879312,0.0012321404278063854,0.004354342030846967,0.004314675752539686,0.1204867150520302,0.0009419448418432534,0.0059453458090204655,0.000434666487651949,0.0021233339287406463
W00d9b92b429254d10002,0.003525860269432645,0.8492748812784197,0.0015489112954009743,0.0013860451607505663,0.0013365829149011505,0.0012624661005008466,0.003625021304447966,0.004811581160861702,0.11989074907494619,0.0016170325419945404,0.006822013213535059,0.000401017534872677,0.0021152043866263784
W00d9b92b429254d10003,0.0036984392150487826,0.8412073803443929,0.00204068864401139,0.0010657989414470442,0.001003061931595284,0.0009061863328827262,0.002990686810070985,0.004740435163071197,0.12921293001521741,0.0015796376893352083,0.0072521766443800215,0.0003887972553333484,0.002104823570572614
W00d9b92b429254d10004,0.003867015654802781,0.8532746785802884,0.0020357050078062084,0.0010600701128620014,0.001358844008502164,0.000901312000213713,0.003134487903633147,0.005218721010195169,0.115662259458315,0.001563766847623222,0.006990111568058816,0.00041065549016627937,0.0022965739211248675
W00d9b92b429254d10005,0.003028437319512087,0.8557711616725511,0.0020853879500645667,0.0007032342199007408,0.0012721291057565505,0.0008418905049964544,0.002756912854256865,0.005135424576543094,0.11580711457212894,0.0016037004325987236,0.0069341953869108955,0.0004195878326780959,0.002163069853790275
W00d9b92b429254d10006,0.0026162031288738154,0.9675805814194114,0.0019996513399056196,0.0015124211802752504,0.0015724493123677112,0.0011343212195879214,0.004899316237583034,0.0037147054482915267,0.0035087800778092993,0.0011864064700526041,0.005772842639005279,0.0005038417465679984,0.0025444719805821072
W011c5210582bb0430000,0.012602090974639445,0.006218980232570435,0.3505146336930463,0.27109261034213133,0.1721717849274648,0.028398938457430294,0.03186507044935334,0.006538798514916899,0.0076847781864107885,0.0054162620568522874,0.0122594876043056,0.014320563948215233,0.016559417551867905
W011c5210582bb0430001,0.011950238149846349,0.003940831540887755,0.4888485169969516,0.22225174808737702,0.11844289167885368,0.022058338702570037,0.01912307125553988,0.005540344846061472,0.005976348884198002,0.00353050854434425,0.00963947045480245,0.013097850909927997,0.015901608378349048
W011c5210582bb0430002,0.011282639735815706,0.004677059786143702,0.31996042505295497,0.29059545592340774,0.2059778613502105,0.02625568633713939,0.01834383100547049,0.0068285184321957085,0.008591147227107741,0.0047730021926202645,0.012582468352701099,0.015129536345291893,0.016069470450718784
W011c5210582bb0430003,0.01068714862723147,0.004173278207491923,0.4720984375209919,0.2097585621588166,0.13944532964384038,0.023759269420003355,0.018369698938240163,0.005784910316757021,0.007121831574979627,0.004495780492463645,0.010484139894298972,0.011896603189854362,0.016724174556721788
W011c5210582bb0430004,0.010347365049524895,0.004262742749920006,0.48476807223224033,0.20954986749248977,0.13011588068746072,0.021201116394443924,0.021658866891218848,0.0060791978344408885,0.00806163611659351,0.004872660944548629,0.010254585301339028,0.012346615024646087,0.015523504792883048
W011c5210582bb0430005,0.015436769708754359,0.004843730347225009,0.5107727794082486,0.18945096865880132,0.12263719140198158,0.02346147525482193,0.019526698917704345,0.0056488128090127635,0.0049675721881991645,0.00359334599671711,0.008632049487390294,0.012472515743191153,0.01653371117115923
W011c5210582bb0430006,0.010887368306571383,0.004832646353496237,0.3929915397184373,0.25613216832446345,0.16999075782563522,0.0258395516547727,0.018673249975441415,0.006461848043060074,0.006197639069843881,0.0038308960534717334,0.010291575211794949,0.015811687217634752,0.016059799875635605
W01dad0ab3839cd3a0000,0.002713189773628769,0.0028928596601217054,0.017412316447889795,0.007283391851245218,0.007134391076320419,0.004601401955685333,0.007542851679759004,0.03277620496576093,0.687900959761354,0.00836983954945895,0.11520015984658986,0.0048087798722332474,0.030443638851165956
W01dad0ab3839cd3a0001,0.002637760779666635,0.002857233848912518,0.016066668194210928,0.008238420192479489,0.006990710272154062,0.004959673787081792,0.006697304307661155,0.03795784404246861,0.6809425924286939,0.00861832168568823,0.11871752507812297,0.004573550243899488,0.03198364563312589
W01dad0ab3839cd3a0002,0.001408342878214685,0.001281572994016572,0.007474440940428148,0.003485664383692389,0.003370397483058302,0.0023099361924618696,0.0036799340116111696,0.034227301769893095,0.7995477703904047,0.006496058609575636,0.08318925769549078,0.0016918156422792694,0.01811199743131932
W01dad0ab3839cd3a0003,0.0012846005615195126,0.0011337264565316428,0.006590176144095597,0.00447393427620343,0.003177630611372576,0.0028014190473995425,0.0038110018515089715,0.03407338030299972,0.8024907266249709,0.005656998641294714,0.08111154558303309,0.002143767705910005,0.016352600367667055
W01dad0ab3839cd3a0004,0.002169800465367921,0.0013266144966522066,0.007513177400257678,0.0038914548860895905,0.002993623739524816,0.0029081883308502638,0.003694046860768892,0.03313130931290966,0.800560502505817,0.006209576232042139,0.0780150357592084,0.0020854225624623466,0.01897664625460787
W01dad0ab3839cd3a0005,0.0028068130011123047,0.001390919101162298,0.007759327702136892,0.003689184177756162,0.0030175482924037185,0.002435338123349421,0.003748520464840997,0.028269591354803697,0.7939833626875683,0.007417625445977823,0.08242441994527287,0.0017317111885677594,0.02324836467874248
W01dad0ab3839cd3a0006,0.0027622619492950378,0.0025166136502307716,0.015657493665978236,0.007539680239384929,0.007121849983148366,0.003645583762295565,0.009025108012305447,0.0342155805645464,0.6853525574631681,0.00891309221071651,0.11552155149060124,0.003999061889442999,0.03370031205692891
W0257b7e5d137a4440000,0.0002866102535314714,9.441620168700593e-05,0.001756081283444868,0.0021123202583984138,0.001258081079989762,0.0435890040838438,0.0008787724059478357,5.628410416110462e-05,5.211290618004543e-05,0.00046542096339702234,6.823161084505373e-05,0.9450177398823595,0.0041686317649920635
W0257b7e5d137a4440001,0.0005621988002861782,0.00013241886185477763,0.0016149701077128147,0.0020367120274599553,0.0013668252987802999,0.04801170248019871,0.0013302155309233264,0.0007514435872581163,9.009099682117785e-05,0.0001471015061557964,8.802523372074131e-05,0.9383773128775427,0.004921598669903235
W0257b7e5d137a4440002,0.00035546165543098683,0.00018429058328062406,0.001388020648510834,0.0025356862900111367,0.0017092097367004753,0.049136747926674336,0.001127807357721668,0.0004059213706006227,0.00011380000264310172,0.00020079361432161704,0.00013115968042760244,0.937480030142634,0.005039947180801753
W0257b7e5d137a4440003,0.0002997090771087297,0.0001341633932479957,0.0017441071959661048,0.003364071202073857,0.0013370420244243919,0.0479652237395099,0.004817213525096952,0.00037390560504531366,0.0002760047310437946,0.0010538837422784909,0.00030360719207677246,0.9322642816541533,0.005903024148627344
W0257b7e5d137a4440004,0.00017850278203059654,0.00016027680791541309,0.0012691460761579784,0.0016996559357901873,0.0018385449206810983,0.04986756963922153,0.0025097917527180536,0.0007733452527816493,0.0010643652942961975,0.0027260039759856754,0.0007952392949327508,0.9311528074784261,0.0054479285040563465
W0257b7e5d137a4440005,0.00012397560370373882,0.00012476244939466097,0.0017672128023863884,0.0013311468981197245,0.00096070817475601,0.045733299798027635,0.002487098649688102,0.00035654127607999533,7.911870190444366e-05,0.00013835492349710839,8.507166893434936e-05,0.9426744760412615,0.003956360781141781
W0257b7e5d137a4440006,0.00013987563109187244,0.00013609451446037972,0.0017770626126968564,0.0015169886015156595,0.0012415917173119095,0.04643589810987016,0.0008868539230173552,0.0003652578546156082,8.851305170392352e-05,0.00015478290438098705,0.00011125286188783085,0.9423231442241451,0.0046582350045222005
W0290b13796da5daa0000,0.003540424582738472,0.0008482896869501166,0.00442502928839659,0.012256718799757486,0.008720302509132366,0.008502891381435217,0.0037741750432866202,0.012419649532652356,0.04578409688307999,0.7554158701800898,0.048324623524048066,0.0037136913775723274,0.023811503201461123
W0290b13796da5daa0001,0.0030573927087004797,0.0007208211738438385,0.005674044457416047,0.0121693630931242,0.008671323062283418,0.00717022301267783,0.003668257149242528,0.012472345170469077,0.050727803791753893,0.7472457845845574,0.04581985613847295,0.0034745533707311914,0.020158426331503117
W0290b13796da5daa0002,0.0031199584538475077,0.0008606770592553466,0.005464202525681948,0.013254316844238835,0.008345750191910832,0.007782442742093044,0.0041178418659682655,0.013131542850563505,0.05106818662282418,0.7364503904107839,0.048594377129128744,0.003626769966257649,0.026293056973085385
W0290b13796da5daa0003,0.00301376121284681,0.0008425636741770537,0.004727085975854849,0.011718376249100484,0.007860480677560285,0.008763335815000396,0.004242136322749168,0.011835886092882018,0.04583821962573719,0.7504782339964468,0.05136650894833262,0.003028420896243848,0.02280468285114924
W0290b13796da5daa0004,0.0031086040444156934,0.000932913223699227,0.006353760595084045,0.012961322353809052,0.007950931874828673,0.007657752099526514,0.0039930430397650315,0.013208717286461634,0.05052840825596769,0.7334639165773893,0.049272656665506086,0.003167339317311389,0.02946046884556151
W0290b13796da5daa0005,0.0037338101709485007,0.0009649293238166016,0.004585888491468771,0.010941506446659414,0.007661782942954279,0.007799626191119121,0.004813585251157798,0.011844380978948861,0.05230346083180075,0.7578691521490665,0.0432649047505476,0.0032036244591328155,0.020476879665133042
W0290b13796da5daa0006,0.003411746226820131,0.0008393569219892375,0.005732922945531371,0.012729372709887086,0.008998821468490159,0.008217305697893015,0.004298794739490279,0.013761771804439864,0.0461766209009504,0.7404091575334363,0.05092195835837122,0.003791229037091309,0.024169608952428187
W02e28fb5a87e30ff0000,0.009600134954749616,0.004895474948400072,0.011180948179249294,0.013375597204318837,0.008601344948889712,0.007875913601413294,0.01720555486658963,0.7603112281701535,0.009440222695022666,0.012617651300284277,0.01733006134768158,0.002474980308643379,0.021022541226557515
W02e28fb5a87e30ff0001,0.008236666919215015,0.004702616068882364,0.011245189663300244,0.012158151379735886,0.007208672560334408,0.006089507911740665,0.016579506145002205,0.7824588228816876,0.009026688513474521,0.011195004548756956,0.015062198345778379,0.00214568707785769,0.0181972759055879
W02e28fb5a87e30ff0002,0.011200561864840471,0.004442490812500662,0.01388853181771222,0.01375094168537402,0.007481532748374981,0.005162325872926687,0.016098160977542384,0.7518373266166777,0.010619909193173809,0.009530506038917785,0.017052966973208086,0.0025725720180999707,0.020558540623688896
W02e28fb5a87e30ff0003,0.009658243672803308,0.004910826916207964,0.011940616213406533,0.011447000785227843,0.006800897420822633,0.006602808188668666,0.014959463602372774,0.7802944572336682,0.010463014963318123,0.009585277143407758,0.014828521410591603,0.0019707499162075724,0.017915925069156124
W02e28fb5a87e30ff0004,0.007121804284593112,0.003709000425538708,0.009547343242709172,0.009971502801072658,0.006863645433314658,0.003954398355498479,0.01060246755379884,0.7938336454568049,0.009296925397550906,0.00829685824732194,0.0150218854972987,0.0018180046717710236,0.019131063564723282
W02e28fb5a87e30ff0005,0.007299613759546277,0.00435801089385474,0.01069391396724095,0.011109583074594441,0.006523879011553545,0.0050805850061676925,0.01275395245229931,0.8014992040127085,0.008472441727819142,0.010732347798136711,0.014854525803030502,0.0024113758163079257,0.016766217404773093
W02e28fb5a87e30ff0006,0.008830850360734445,0.005318077769268543,0.012466297469333969,0.010437063250620894,0.00625122644795264,0.004953940166337684,0.011721973869886685,0.7872808173015218,0.009066680219133299,0.011525695590158749,0.01436309319717473,0.0024187706550762044,0.01994464696717856
W048d92294828d32c0000,0.06355060402391521,0.020250148707633215,0.21889738884643875,0.1053907558240592,0.08094725405575354,0.07650170944461475,0.0332725401674098,0.24289958172265613,0.00862787646029148,0.030860391780813484,0.016727100398686946,0.01880421742915258,0.022774071391886135
W048d92294828d32c0001,0.0483353544155967,0.01812940860290832,0.20716209693016568,0.10328042120266491,0.07414977996379597,0.07735515776828582,0.02870889270805642,0.2853613855117394,0.00873329978053341,0.02995077675185929,0.018960336810141577,0.018429203752239793,0.021713158224031418
W048d92294828d32c0002,0.0532153983208223,0.018626919143209467,0.2315274554055257,0.10213729874739984,0.08714990150954624,0.06912773251202146,0.030160999404359713,0.2545584925620598,0.008518267193493122,0.027684234234255645,0.01655723980607417,0.01598097642769951,0.021880310024119054
W048d92294828d32c0003,0.045193449517760206,0.016675284266380326,0.19726332194947055,0.10057282409533529,0.08357414315576318,0.0820598624664628,0.03142496883283331,0.29666690287234204,0.008114516243324866,0.030192497113179798,0.016695978407169094,0.018571901063830876,0.021959937901350198
W048d92294828d32c0004,0.04618610978232137,0.017483434427959032,0.23188368072332408,0.1022005465983617,0.08477794766835342,0.0760357049107505,0.03235119501299228,0.264686826981416,0.00755402248002936,0.027425431229577014,0.017986023495134854,0.016659365810633247,0.0208034388487393
W048d92294828d32c0005,0.05815019202988248,0.016628727941826706,0.24043203413842876,0.09445035104014726,0.07653447997285313,0.07192827586995353,0.02967347705687532,0.26611365474127335,0.00792366971022318,0.031147623556889797,0.016943382098169823,0.014860115233264226,0.0204580681791042
W048d92294828d32c0006,0.06603095764612006,0.017346805355910596,0.2240270974845383,0.11856835986387108,0.08651814410437346,0.06622234531204528,0.027652172845815996,0.26072011332189826,0.007444900066894332,0.03014255865779481,0.016645368193251027,0.01644558580341643,0.019953820516537202
W0490aebc1737e82f0000,0.011776504615674047,0.0053079458858152455,0.021629402233247906,0.011900154238852623,0.008474427964027857,0.0058045535796089585,0.898442473013712,0.00214554706531884,0.004394438042781799,0.0033917208423002642,0.008287900711322438,0.007201064065710487,0.0028030657086052673
W0490aebc1737e82f0001,0.011125537476956797,0.006077743728923514,0.019806657654338023,0.012858887616054054,0.009539470850926216,0.008755873022445532,0.8911540042499466,0.0020591177044344197,0.004148036865147134,0.0033390213508656267,0.009518820056925602,0.00769532425317348,0.003677236896147011
W0490aebc1737e82f0002,0.012142880709797448,0.006280344380240025,0.023500274136301756,0.014282261001863084,0.00948090907029276,0.009499118883706525,0.883815513775348,0.0019176803882655117,0.004314022372079124,0.003943494931376004,0.009747053350768146,0.00800437439836254,0.003611390291272469
W0490aebc1737e82f0003,0.011859532746197094,0.009295863504724442,0.016874472563480326,0.01259507294436906,0.013335075611737817,0.009735016600276274,0.8799934586664246,0.0019361051517398744,0.0034700977861798717,0.004311723452975359,0.01197473319510223,0.009555948912968792,0.004047462695195135
W0490aebc1737e82f0004,0.010251134096189433,0.005359345476190106,0.020271687930471183,0.012336235956045188,0.010634363893955735,0.007380195251222411,0.8908402462043292,0.0015745675849581579,0.0042451651923384156,0.004556555164220179,0.009698734286720542,0.009319615361126432,0.0029663956964177617
W0490aebc1737e82f0005,0.009694082823690662,0.005962905028791808,0.022196705837959085,0.012870886268233994,0.01119426981616794,0.007615986643816301,0.8863350512839296,0.0017124572271523034,0.0053713828567189805,0.004104470315599577,0.011364288016821607,0.008836401495374539,0.0030253949405458355
W0490aebc1737e82f0006,0.011283463465655567,0.006336202566768987,0.02441618651943676,0.017867768710556807,0.010151015555263324,0.008524046307347773,0.8744423133900179,0.0016297734139607573,0.004622351328436748,0.003804750920404536,0.011691899439416597,0.010795472766331627,0.003978808949619639
W04bd8a749e25fe910000,0.01592782457295374,0.009720633784065614,0.32004786515659395,0.03298025771063823,0.3354820761052676,0.0370920204244725,0.03377493252129246,0.01374401731686999,0.01067057421933564,0.008055356958454277,0.015621914536224716,0.00768511597572469,0.018272432123420772
W04bd8a749e25fe910001,0.019288806226508214,0.00862333877819546,0.3724304337543132,0.03238506750973502,0.28673995605491404,0.03391575883372671,0.035282934091059606,0.012613908795010181,0.009046791714419099,0.007639581394464717,0.015073931541819737,0.006445284527703453,0.017943068232950804
W04bd8a749e25fe910002,0.023191401510673025,0.00861357374113041,0.34993936488735233,0.031752085321419155,0.31070062164756285,0.03825269313274257,0.03801817051909866,0.012777622225771184,0.008237647377693101,0.008788719805001701,0.013397329561849088,0.006744618961857587,0.019743044575013264
W04bd8a749e25fe910003,0.02219493338843301,0.010335226483699573,0.3190049167462364,0.03256754563459777,0.3363430955187913,0.03867136613557226,0.03280898248793851,0.013676343297204952,0.008549665181647082,0.008428700491879333,0.015317703760026065,0.008101570661984003,0.018701623672416068
W04bd8a749e25fe910004,0.026931018188887004,0.011489854872263101,0.3273732335804267,0.03497480184877643,0.3197575312348407,0.03400015680355328,0.02854962075663735,0.014746359417072029,0.011571298272251661,0.024815451897500427,0.01255521611801585,0.006672643911048546,0.017429323514213776
W04bd8a749e25fe910005,0.014590402151514918,0.00809312500099871,0.3148337590981077,0.033213186450517594,0.34944961418179993,0.031636627019531155,0.03176967556695304,0.014200925264695168,0.010483953284141236,0.009345526193674767,0.012820581090964902,0.007160643368035117,0.01854464401582529
W04bd8a749e25fe910006,0.02919455562020168,0.012219534148496131,0.22596622536234257,0.03393876833136728,0.41077296325346924,0.04514558437169753,0.03169433099929165,0.015841730187830538,0.00997311816114571,0.00926716457732433,0.012357596513719258,0.008667307635923388,0.019358415103787503
W07c81bc1aa9fc7f00000,0.005902015235643948,0.005257820435274637,0.012718409292618589,0.009262915310886763,0.008974341501340482,0.006282324693034353,0.007857241438028224,0.012477516299975752,0.017455372763704846,0.2118182721779479,0.1866589886046248,0.002950164227859397,0.04164130108684604
W07c81bc1aa9fc7f00001,0.007701804564609976,0.006208568602160589,0.02755612072318022,0.015302534506431714,0.009715793891212084,0.00784903399681017,0.013850160282558683,0.015222792020931906,0.014410177852785977,0.06409284365056338,0.20916981999539544,0.003259721098201608,0.05358973402992595
W07c81bc1aa9fc7f00002,0.006207567661430755,0.006091679014770466,0.025246353909065992,0.013304657157150897,0.01366867450794831,0.0060539990170083696,0.013192269698226192,0.01467548516380687,0.01641144486079301,0.04527401544678514,0.3634180773377726,0.0029786137380728253,0.05309677937621403
W07c81bc1aa9fc7f00003,0.005860717438767205,0.004536713667443299,0.017787427546827148,0.010116597521647093,0.00838699008545772,0.004989725403817769,0.00942090628674451,0.012863779351133978,0.017791197004291152,0.22765792515101213,0.15486008721064776,0.0021448403144929858,0.04901087173469132
W07c81bc1aa9fc7f00004,0.011069137864063432,0.005301971764389384,0.023838062602520704,0.011890514420351668,0.010338647717008393,0.005611629958472435,0.010102466880925013,0.0133926085112733,0.014696853632930766,0.09588270743065141,0.18240972654022938,0.002911022693259425,0.055993211274207984
W07c81bc1aa9fc7f00005,0.0063117747176276665,0.004013269998610962,0.017680179984446855,0.008631632047826887,0.011888863641418826,0.004323768147298532,0.007438708738307554,0.011459848104097127,0.015345957529144472,0.08837851510513385,0.3301027970675134,0.002176329634756694,0.04687334337352853
W07c81bc1aa9fc7f00006,0.0051887148113639045,0.003877920520121724,0.015757027014297386,0.007119268332895309,0.01066354058942305,0.003959447072403388,0.007173833854794439,0.012360958774067544,0.02087784393005048,0.24222233051689473,0.24154349653601237,0.0019707787883336252,0.0421488322212075
W08bd29d9e33fae850000,0.3348931408222755,0.011289480954777376,0.03357002033626947,0.029700165363235418,0.02941797186065693,0.08243927429644637,0.022612247192954675,0.0167328065177742,0.013563597468921404,0.11149345880836821,0.2346398096416617,0.01208814826982361,0.0190713448750452
W08bd29d9e33fae850001,0.25608284827529404,0.01874710933142656,0.05424041947432243,0.05183268060195968,0.041396169643226115,0.07024329142974675,0.0320106931561767,0.021648803128764438,0.015525608559395408,0.031288440806400905,0.31738469995197516,0.012266361995479022,0.02234946853824472
W08bd29d9e33fae850002,0.3353924998521007,0.012854554772390253,0.034201226875663564,0.0357786789279103,0.034475494733669156,0.08286402084288692,0.019946435934460067,0.01983761145371827,0.01476576231880649,0.03438694380829403,0.30351454297445035,0.012957809536197646,0.019929805276133476
W08bd29d9e33fae850003,0.12240481766943223,0.02020861002585999,0.04329742451587436,0.04185581844762088,0.06668999936261646,0.24318784165999352,0.028214905508140115,0.023609964096255487,0.014227057478745232,0.03675887025598278,0.2640107919219094,0.014346389243590135,0.02491401358560356
W08bd29d9e33fae850004,0.3277693584084095,0.013206503582916805,0.03461499649531645,0.03414137100515521,0.03290010636015871,0.09545178476030405,0.02284690689010694,0.020045180495872953,0.013722892341429142,0.025826617193865427,0.29033050099206537,0.011033727429278708,0.01626433613392497
W08bd29d9e33fae850005,0.35906728936740995,0.010972338390066668,0.029407380590391344,0.038429536991622354,0.0263255372316147,0.08963108861978818,0.026675464711103335,0.023118603268593847,0.01440910432010425,0.02597892278430719,0.28323392810112125,0.013257086555133694,0.01833509967661497
W08bd29d9e33fae850006,0.07960873310884618,0.017686485328815463,0.031875252541009945,0.037036536361048485,0.029326329803966333,0.12367838228660323,0.04010029966576585,0.02648264262688953,0.018308007098715873,0.03367234964814987,0.4536654596306267,0.017523955679570713,0.025671239918679305
W0b460f4a0d46f8570000,0.4397521140557408,0.02906009927212484,0.08785185775642632,0.03134251935087164,0.021001095731312945,0.06292909975574577,0.21440496119762334,0.013859308304486591,0.007485354434238014,0.011327406901795895,0.0066488117941160335,0.03527546494666151,0.01779977098856942
W0b460f4a0d46f8570001,0.4652720960889285,0.02791424245783918,0.08180863290569014,0.03720067979923024,0.016041955737390496,0.06787418987806906,0.1950312782077743,0.011493392306766768,0.007452339135918556,0.011626123706425443,0.006036665369140899,0.03847926030303589,0.017951204125907512
W0b460f4a0d46f8570002,0.544840082924565,0.030057468572088516,0.09089268437926787,0.030612143101632225,0.01842217948712206,0.0797016719601112,0.0752381123341403,0.016831247902062453,0.009378922932662754,0.014082098784253632,0.007049327638126516,0.04524206898515288,0.01914799292300243
W0b460f4a0d46f8570003,0.8170465308538778,0.018441289415459125,0.04658314142981671,0.024197992416776677,0.011717716120000752,0.01417277956367379,0.027363198518262837,0.0036976224552860847,0.002455993709576493,0.0067510059898889824,0.003340598886763434,0.0110651863002439,0.008146691309516532
W0b460f4a0d46f8570004,0.830150242100296,0.019524640789869513,0.04329177719414383,0.01587825581020613,0.015761185131961782,0.013281395368572688,0.023594984379285623,0.004694923024727775,0.0025065692922851793,0.005043879570332694,0.002973317333870349,0.011413592393539753,0.005625852295361677
W0b460f4a0d46f8570005,0.530915462922303,0.031050095804098374,0.08669796442631647,0.034776885319405995,0.021720457113296166,0.07990476165144299,0.07315634954338678,0.018163191459581545,0.010064405185259563,0.014724346094222426,0.007317538913114432,0.046860937898611094,0.020530663329993894
W0b460f4a0d46f8570006,0.5124116511734852,0.04641680589702333,0.07159317387109884,0.0794388661708448,0.03594894647070911,0.06539139580737484,0.05230027951871336,0.017012547020800746,0.00907121782843867,0.016383429178844004,0.006574981527150616,0.04656858952229081,0.017691038676437457
W0b4c6c6d3c8992600000,0.005411396895277294,0.0038571860933059423,0.008616255162446499,0.009337350419087028,0.09806207224809835,0.0038651171149581723,0.008783811690883941,0.11204275174352618,0.4303351168970132,0.014285588904177816,0.15996236945634476,0.006040444987114715,0.009933277204426202
W0b4c6c6d3c8992600001,0.00460557516742098,0.003201302263992353,0.007676245150383977,0.00928773150127458,0.10227411358527548,0.00308335336492717,0.007228197715392426,0.13597416960180872,0.34966691316453347,0.013010833063169008,0.14648557021608266,0.004798817559082694,0.00882227151182779
W0b4c6c6d3c8992600002,0.0038639100455148045,0.003042796731161419,0.007356847001227644,0.008915647563986622,0.12639721880975305,0.0029565303090326196,0.008355308821242096,0.12851271444799853,0.3576989016839423,0.011325014002913697,0.1454070263944125,0.004702080892280574,0.009309937590756764
W0b4c6c6d3c8992600003,0.004038229022538525,0.004023269901781075,0.009973368952208427,0.011338090874859066,0.02229147717541368,0.003854583823105403,0.009621747229595412,0.14445626343530596,0.454360554144188,0.011909527344566066,0.1372988623635686,0.005471371088648906,0.008500056881503794
W0b4c6c6d3c8992600004,0.004520659406017378,0.0042590403585491335,0.01150942612676513,0.01105544011777678,0.022519078592217766,0.0034039018937773425,0.008217089199939848,0.13397357198408463,0.459140264067464,0.013288870689093428,0.1497515315862795,0.005209759061843196,0.010904899999886968
W0b4c6c6d3c8992600005,0.005347260894734801,0.0041726731649771465,0.010555487712864395,0.010218742416044145,0.02255584726350019,0.004013716838241703,0.008376364374401275,0.13404445090375164,0.4504904849310761,0.013340236521836295,0.1530080624958368,0.005474428462718033,0.010955730454738839
W0b4c6c6d3c8992600006,0.0040314755790402355,0.003463149238535608,0.008105755091163507,0.008844193134246607,0.10501363449305715,0.0028918471310783703,0.00902788165944639,0.14202548822909422,0.3979101884007054,0.012653196590900848,0.1392921015859122,0.00530966152119972,0.010236989878794796
W0bc3a2bd2bbfa8550000,0.008272416166036743,0.009476776625965706,0.04596141057551445,0.0416459462080506,0.03095792652269088,0.0701777085549925,0.595697946916269,0.008376499676389017,0.010400439542181273,0.009944277485209178,0.054102781277451384,0.018867737703808844,0.010310033436941812
W0bc3a2bd2bbfa8550001,0.008521914799759861,0.008893371895282816,0.04717008210855458,0.04505029299133072,0.0362691705751674,0.08620319584896685,0.5704102641538984,0.008194626064639504,0.008294103366171165,0.008121476748269622,0.03507673629006223,0.021024449231389363,0.01007118608459732
W0bc3a2bd2bbfa8550002,0.007433886794796436,0.008309060691871168,0.058867002557090216,0.04513768573318933,0.038641848661787485,0.08177429322133092,0.5887573875197477,0.00672496471456502,0.0072595975172596635,0.00925038828008008,0.029214452641409115,0.023505893343636623,0.01052722726498027
W0bc3a2bd2bbfa8550003,0.006545344297675126,0.008279268528705069,0.051026697229005546,0.04803582958885473,0.04114897062419347,0.05960319169142793,0.5947916353803918,0.010509814357441506,0.008525230015926328,0.011167048045698475,0.032363541490302294,0.014237781366765,0.012111684711431916
W0bc3a2bd2bbfa8550004,0.007679855631479888,0.008601394203688188,0.04994660556782754,0.04559177788774595,0.038292195441523645,0.0520168730641467,0.6407989075039385,0.008250762546239986,0.008341483909019232,0.007350361674280961,0.030581899258269696,0.014918696074033688,0.01086595400827046
W0bc3a2bd2bbfa8550005,0.00852959338157365,0.010158292854257713,0.06654945758652193,0.048608400294747924,0.03945804146088297,0.04810113978296745,0.638923476778021,0.007313755806306572,0.007647379821315645,0.007561228223765027,0.030402235695543182,0.012965177869611516,0.010608764764937047
W0bc3a2bd2bbfa8550006,0.007607502019003599,0.009953557117789506,0.058573898950993526,0.04760444805385233,0.04033732082233351,0.06349787525447129,0.6218820632036074,0.009038326802014262,0.006449547742262505,0.006695776789286738,0.03531559058151498,0.014656803105331032,0.01216409988032616
W0c9deb460d4cdf680000,0.02227330466555804,0.013954989019083692,0.026948629582916463,0.02337786134233248,0.035637357758003044,0.025049596025490957,0.029105339366697833,0.04697689832623325,0.024823692159962347,0.01647410471876972,0.06669886325864915,0.020782393896662733,0.10000599658804554
W0c9deb460d4cdf680001,0.023517506590361392,0.01639233305110689,0.029789419294857546,0.023443245083246668,0.045277578388856474,0.029701842415612974,0.02353963419810061,0.1128127530877133,0.03206330095315877,0.021583834507787843,0.06351787525772463,0.023290547998288707,0.07356856833728088
W0c9deb460d4cdf680002,0.024752662565266495,0.012775670019284466,0.026988815048505064,0.017711865727282262,0.03549673666053536,0.025047012623576698,0.017953640831328728,0.022545589891111058,0.025094434226352734,0.017090529501039845,0.06112733641062024,0.013056002288597233,0.07340259172218483
W0c9deb460d4cdf680003,0.02480904271804463,0.016400634265404293,0.028259538636015512,0.019652372485664323,0.04971136123416169,0.034360853351933784,0.0413596739732349,0.023521702695812878,0.026099487313225502,0.017906050499109816,0.07178924309983799,0.0179600019567413,0.10235423885662638
W0c9deb460d4cdf680004,0.025790614149422957,0.014638448022621344,0.028349153260809723,0.015053606989234962,0.2281094010215269,0.026774119120036084,0.02706664078642114,0.021782850073008096,0.023345672719901147,0.031928797318104225,0.06634805690680819,0.013727833421562306,0.0726585815398559
W0c9deb460d4cdf680005,0.028238782678835832,0.0187281810536705,0.03179840354533095,0.022832617269421214,0.054756686109012145,0.034699738353997915,0.028221872402786577,0.04010114604564687,0.03708116150900335,0.022354025113886327,0.06509091692870368,0.02240999078722333,0.09320404126507546
W0c9deb460d4cdf680006,0.033757355498610093,0.018917209762538672,0.03136061433002439,0.023927739708622636,0.04483818274493444,0.03902816524830547,0.025121946973242788,0.027220131693119067,0.03264388243698329,0.023450339283430155,0.05641139073918108,0.01918748000730815,0.09706189030621803
W0cef648f9afc97ca0000,0.044886585971301025,0.03574989390600624,0.0841438297828268,0.1041914324997762,0.058624030582813035,0.04866812868939092,0.10779025182959175,0.05607594044353298,0.0227025538685051,0.030536354025913034,0.03988776608252716,0.03823489755180462,0.1403856457149118
W0cef648f9afc97ca0001,0.043033435991881676,0.029023928653194284,0.06495379016703473,0.0933154043461664,0.05670492128019568,0.0284737815713528,0.0893071621951258,0.039616253344276424,0.020535962676687086,0.023802837770287404,0.03280316089801073,0.04282986242544287,0.12809764224128126
W0cef648f9afc97ca0002,0.035144561272640804,0.027411647444616515,0.0652430297035476,0.09737355828264112,0.027337512666146827,0.025196695361753722,0.11618731985327199,0.058514784729551336,0.02102094338453277,0.026091728831908932,0.03605429445564629,0.056566776623255974,0.12564638462377015
W0cef648f9afc97ca0003,0.038438171609706924,0.028343297073204175,0.07642601099655477,0.09962948033973072,0.05133088929635933,0.027646436339148896,0.09199924865654295,0.04061192333233628,0.018272172677706717,0.03676931281015301,0.03258728891696333,0.033000519256471864,0.12303288136981397
W0cef648f9afc97ca0004,0.040488938161115845,0.03318463090786933,0.06507208844790374,0.11988680340094897,0.05638107753279294,0.029850368353608273,0.09783388579157046,0.0401564670304994,0.019037677429552594,0.026561608608929126,0.03537920057459185,0.042282416954979495,0.1415099817520487
W0cef648f9afc97ca0005,0.03515147926655041,0.028051529883274418,0.06311648096245724,0.11728267323993553,0.026622990336268172,0.031106172103252006,0.10036001819475522,0.05213370574839899,0.020547926096537147,0.03315739215218239,0.03626597280710328,0.04981621592082525,0.13021090764978066
W0cef648f9afc97ca0006,0.04071704234261936,0.02871330821307527,0.06524959515732744,0.09459649743513276,0.051475122746859184,0.02745626581103698,0.11243127551353263,0.03654708534396076,0.018435240088702176,0.026756288328451554,0.03239569839110107,0.04747551629587584,0.1256045307754341
W0e5a0e62ce08e1d40000,0.011673651748181687,0.9456543732769547,0.0025084692846720174,0.001831356044812833,0.0017711363778733483,0.004437906748868224,0.0168414369297827,0.0008266489942173769,0.0007115452230218477,0.0033210038848529334,0.0036445629294296015,0.00020670732706238505,0.0030085298754072743
W0e5a0e62ce08e1d40001,0.007987912378072434,0.9626421585755159,0.00158363981665517,0.001609787668981963,0.000791171085289183,0.002670009573413003,0.011151850423600479,0.0007551967568390639,0.00027720089341460506,0.0016661623533450096,0.0029304436995835274,0.00027946183176325907,0.0015722115670721687
W0e5a0e62ce08e1d40002,0.01188167372058667,0.9517676670759215,0.0034776299126010766,0.001969258101317451,0.00176890692477518,0.004291766868828141,0.008544485488335057,0.0007729732414341205,0.0003844523509163283,0.003428566612746872,0.0032919666178349337,0.0005837839906958048,0.0033191787858811344
W0e5a0e62ce08e1d40003,0.007615879742628657,0.9667740780113762,0.0018876231532420403,0.0014727209377128575,0.0013806605489287392,0.003544139184559803,0.006067234858806107,0.0011440304380315135,0.000143253013206212,0.0023263187037662315,0.00336179175761585,0.0002571811815968317,0.001479613372117089
W0e5a0e62ce08e1d40004,0.01128873321990499,0.9532642131367399,0.0026192631182980863,0.001649313165293527,0.003715959372431927,0.0042174127084105605,0.007655983125608205,0.0008534363458008378,0.0002821448639487188,0.004183096596845912,0.002475494073314437,0.0005228465416844312,0.0025086473002882033
W0e5a0e62ce08e1d40005,0.012939333714803637,0.9545629935082032,0.0026698947052600226,0.002195460676832971,0.002849916870589978,0.00392299920513129,0.007416574218614653,0.0007722510506249509,0.0002778379159340199,0.0034535964818368362,0.0025431629128827016,0.00023835989139027176,0.0018748911139194828
W0e5a0e62ce08e1d40006,0.012060810619792514,0.9537552153074053,0.00251381964079123,0.0021418283081055746,0.0031478852851588215,0.0048177722006550764,0.008433464188233179,0.0007947579096649779,0.0002969977506109359,0.0034309987539768434,0.00317389026771197,0.00012398101269020054,0.00205033044483593
W0e9796c7c593dd980000,0.0053709358360362475,0.0005542376672069667,0.023034875020426632,0.008905298854164781,0.011583600207643369,0.7195898954312032,0.011765047682365828,0.0008881190118173342,0.0009708259464430563,0.0022262661191483077,0.004418295831830348,0.1973266476336962,0.007206560352081765
W0e9796c7c593dd980001,0.005319295419290109,0.0010583285293596122,0.02907031631373233,0.012520771730745471,0.022023982218361722,0.7087318098672425,0.006416294300059986,0.0014680592706231594,0.002501838898240312,0.0025509063941854776,0.005099131081468445,0.18632360336696413,0.008192981152815903
W0e9796c7c593dd980002,0.004044329850573249,0.000801408058033351,0.026809384999105235,0.010136177398800454,0.011818099766653788,0.7249043671851224,0.004406956335771986,0.0006285399744384198,0.002134605549798516,0.0020842809523180577,0.004325549432322997,0.19242161231819635,0.007155809568049257
W0e9796c7c593dd980003,0.00528225113370493,0.001638414626011737,0.028003648064563583,0.012383428225393808,0.014041479552521243,0.7337971882628668,0.005239339779437931,0.0013352444930230913,0.002998524355812486,0.002678422062031676,0.004562929945307956,0.16767345936824177,0.011110078384565947
W0e9796c7c593dd980004,0.006221198584389813,0.0014480404737100517,0.031236567559407076,0.011171200442737169,0.014950843535341506,0.7687175786781679,0.004401155627550475,0.0007571764423238166,0.0017496214933010407,0.0018514616057397281,0.003279576405492235,0.1359092565585063,0.010395407720888079
W0e9796c7c593dd980005,0.004983104076812833,0.000593690676157318,0.030669661295681654,0.011721641178466701,0.015306907081705286,0.7732988399459767,0.004044903810198456,0.0007516828651633655,0.002071131862942722,0.0020290749009307914,0.0035956576388786682,0.13535839953196338,0.007167215849295061
W0e9796c7c593dd980006,0.004631604130302561,0.0013626686669364594,0.029071452769454,0.01320234841953847,0.014515496293150713,0.7073889410059792,0.006342902545583313,0.001232046899299701,0.0029379847775011054,0.001569841939944758,0.004751614267652558,0.1965300979359847,0.007696508480832065
W0ec28fea344854cd0000,0.024100596562819994,0.011675046942531629,0.020067884094951766,0.038871590913034146,0.016446144496559643,0.034343725235131115,0.016123614953318374,0.35548014133324385,0.011384145360205886,0.011375255321753994,0.1649730028702652,0.031679676982010345,0.10617037469149947
W0ec28fea344854cd0001,0.020911144351726318,0.011658078625532383,0.018687795298024504,0.03898819413622963,0.013538451581238545,0.021092130396473327,0.012950905256195053,0.36307367975303473,0.014141082412734537,0.01669835588725494,0.20323279770198047,0.028620790372292666,0.08485690374963356
W0ec28fea344854cd0002,0.023087896943322906,0.01262575366289282,0.018683438641736164,0.0353283499042123,0.024165106256434695,0.02389308357057046,0.01247419079343324,0.37062854546818447,0.011641007676397355,0.010298495422487513,0.17446513056179647,0.0311252013467088,0.08961619509976625
W0ec28fea344854cd0003,0.025857535129974518,0.015571316341344114,0.020002447403699126,0.03574937510045926,0.02515168073694061,0.023494597080248664,0.01469269527991768,0.4103659169753688,0.01222064380656129,0.009902732512176797,0.1697360473102706,0.022620063601167927,0.09989883240004147
W0ec28fea344854cd0004,0.017277702513512305,0.012543160299209525,0.021616781421597744,0.03564632674608535,0.01610401060678154,0.018651370370951992,0.015230737285315214,0.4471228941803732,0.01183107277270465,0.009975247786455838,0.17943099678069646,0.023402820988713074,0.07354904946052097
W0ec28fea344854cd0005,0.020695061943288417,0.01070705814784793,0.01608070390377394,0.032367017703759146,0.02030771493191401,0.017215501356439497,0.012383925301980795,0.39250760863577777,0.011449279099226098,0.00978387906629026,0.1872902800763979,0.02364798082935143,0.08166944351173223
W0ec28fea344854cd0006,0.022019436076064956,0.01059608454707857,0.015569133436667621,0.031528092843993806,0.024153887263779886,0.017689593772349334,0.012106649770248747,0.41326655589778194,0.012103616202126851,0.013251634776568513,0.16188879279208462,0.027817634108364048,0.07545930739317819
W0f4adaf45b7388430000,0.026396802059876517,0.004090705646731841,0.6457717010526562,0.043432704490272055,0.09380226542783801,0.047887504942985194,0.017683726489423495,0.0740290143769804,0.002243340922155568,0.005288995272261842,0.0076396833226146914,0.011183409207549564,0.008215093932432716
W0f4adaf45b7388430001,0.011019594640203545,0.0031530261660386006,0.6985954372774854,0.03691725418393589,0.094303612376509,0.044188157089686035,0.01586176056889909,0.05634438081223268,0.0023290875058250937,0.004951305025203788,0.004252333672497648,0.010231752335163066,0.0067289104773738005
W0f4adaf45b7388430002,0.010812489011529034,0.0027853189566248914,0.6857840032937278,0.03527683227777003,0.08752255781528853,0.04354006683648795,0.018623915926564143,0.07472546141743404,0.001803431736954394,0.004393084019427088,0.0040533213833917996,0.012258813321013353,0.006344189728843742
W0f4adaf45b7388430003,0.008950811337113026,0.0027172084662942936,0.7120709202721699,0.03718540850376055,0.07681118440777548,0.04779676643890524,0.015981149294943552,0.060360559734743614,0.001661844256440528,0.0043986188306791305,0.0035082043553894796,0.010510479998103077,0.006792050824174509
W0f4adaf45b7388430004,0.011505563987094694,0.0030579916036927914,0.6945499884441759,0.03853858235193775,0.07479019131937163,0.06269723114195011,0.017710822221088773,0.05647667415251814,0.0022390535814513957,0.0036440361972076224,0.0041244240116837996,0.01097092587573694,0.007435291821046529
W0f4adaf45b7388430005,0.011166231406612511,0.0036094028097499098,0.6773575406973252,0.03883350687282157,0.0938493153541212,0.04788539666711517,0.01943477143344773,0.06765050243699268,0.0020869291393536857,0.004729017909528908,0.004030222313390712,0.010362749715195317,0.006433954689051204
W0f4adaf45b7388430006,0.012463919813268227,0.00432438868676452,0.6184547499619426,0.03671308344857141,0.09470320800359869,0.05091557764082155,0.018799676193569675,0.11704730125812791,0.0018895915823982721,0.005014400102128252,0.004630369059154534,0.014075999977894372,0.007094428666784576
W0f7aa67121ad4dab0000,0.0024717800932053525,0.9937566550183985,0.0005112500600845326,0.0002602105899057867,0.00020342135213581613,0.00023033515473950376,0.0006927429009609658,0.00046547850003848476,6.848479029604064e-05,8.610889889575467e-05,0.0002020587228651437,9.733599223932517e-05,0.0003987887383051634
W0f7aa67121ad4dab0001,0.0036820579652850744,0.991951974890345,0.00027479300070129613,0.00030929314267847253,0.0004227642737823773,0.0002901915265199902,0.000857158904353145,0.0004904546864220583,7.829335777475567e-05,9.99768281041719e-05,0.0003895584891297472,9.18066162633954e-05,0.0005188293848707761
W0f7aa67121ad4dab0002,0.002168414709548874,0.9938883833277242,0.0003448427224499174,0.000827703003011486,0.00022049547374832596,0.0002279286069053933,0.000754069780188481,0.0004848478138391641,6.712931029892097e-05,8.86722827910649e-05,0.00019240497780360745,6.317468017367173e-05,0.00041310640760590194
W0f7aa67121ad4dab0003,0.0021675537029127567,0.9943028408815198,0.0002958988183655565,0.000285565103909727,0.00021630163677785304,0.00023688967639209313,0.0008237906524741245,0.00047225244345425524,6.802862236110333e-05,9.119098091182416e-05,0.00020644813214258802,8.309016130690646e-05,0.0004405872005077298
W0f7aa67121ad4dab0004,0.00228107150054625,0.9935769317272185,0.00032015236385178635,0.0007947872198388517,0.00022171381587040998,0.00023320398949939764,0.0008118058951260451,0.0004851338912477064,7.393603581669284e-05,8.703359941102914e-05,0.00018972332033640778,9.683028823888193e-05,0.0005355161239498112
W0f7aa67121ad4dab0005,0.0021582791037602325,0.9935650700323524,0.0003071377724200908,0.0002806158694007407,0.0004002295783340643,0.00023401572276414347,0.0008567206897714123,0.0005166241782656742,7.357980150108151e-05,8.823988037416522e-05,0.00019748281864940528,6.277470559156135e-05,0.0005186583354968149
W0f7aa67121ad4dab0006,0.004890043739693799,0.9901916276724363,0.0007327507790348184,0.0007083292280977782,0.00025979351682761567,0.0003067943742991235,0.00036831778799049686,0.0005067411949567586,7.440580023341625e-05,0.00011809307501668359,0.00047210246000523514,0.00026955020618816275,0.0004501756128855865
W0ff1fcd1013fefbd0000,0.007315600443779988,0.0038988478206908738,0.0074448126389156846,0.007198473680507432,0.00440261219932495,0.6527228372066141,0.00938514403791556,0.002686698320569598,0.001199945928549053,0.0035483872413333674,0.0011935561479236726,0.2831737688341324,0.007404012360332807
W0ff1fcd1013fefbd0001,0.008564989368692256,0.00152135831673561,0.008436652438923078,0.006088128601703398,0.006502623882394894,0.6241495245467542,0.00779005856575526,0.002059893473881306,0.0007791371479583552,0.0043764471274967695,0.0015229757241527904,0.3135303656152574,0.006264372387852456
W0ff1fcd1013fefbd0002,0.007745281791354838,0.0018895309527761108,0.010789279258362434,0.008145457313280818,0.0049965900049214786,0.5881083177863835,0.008919406945528861,0.0029883609422124736,0.0010556527764608533,0.00369313868760799,0.002139179414844659,0.34445539178983137,0.006369813464053318
W0ff1fcd1013fefbd0003,0.0069164759338926265,0.0014886469030898964,0.008151216899498782,0.006455505661460208,0.004849152059943875,0.644957232054143,0.010252494147456945,0.0020946280136439795,0.0008565955325334188,0.004326598580685127,0.0012090131786911733,0.2933995376268164,0.00583102217299561
W0ff1fcd1013fefbd0004,0.006466711097646351,0.0017042840457570435,0.007115604786163438,0.005852044811919319,0.008036416863193245,0.36050176022663294,0.007163520709744192,0.0022573808577862472,0.0009369079065602125,0.0044646814583721925,0.0013590922477326518,0.5779312153856639,0.006971164997825338
W0ff1fcd1013fefbd0005,0.00808096925786258,0.0015848116737740869,0.008603948976445886,0.008711367166395536,0.006069585663316089,0.39881288138086635,0.01027453370279222,0.0025086526708521604,0.0009982970080180795,0.003874968369063581,0.001579371928309882,0.5309168430537559,0.007914009635989304
W0ff1fcd1013fefbd0006,0.007561606466158734,0.001761269179640109,0.009649220187204984,0.00809344018217881,0.005820217762658177,0.612558539301091,0.01074866673281118,0.0023559537712842735,0.0008782478558575917,0.003783684398276805,0.0018834203347313863,0.3164734180247766,0.007368064888077326
W10d509cc954647eb0000,0.037791425548167654,0.0052814909076451455,0.03905809355337382,0.024131418371018284,0.017269048389695996,0.026198309358236818,0.011980035515328533,0.014111800668394995,0.02557598421441986,0.02019854818669962,0.06646170720653286,0.0036932793558173836,0.024449920414947732
W10d509cc954647eb0001,0.014149257905104143,0.004416870771565419,0.037145631338871526,0.01992058636086855,0.02015059976254722,0.026249294534711583,0.014303574230941156,0.018624676599035828,0.02582722476223481,0.014373933862880828,0.06292688796675516,0.00356842404767696,0.021501980529304677
W10d509cc954647eb0002,0.01608665023378819,0.003849706474227368,0.023707450983926952,0.01976029721066863,0.020421449714391998,0.021535920485365838,0.013024558961768745,0.017317415510630967,0.026534710154145727,0.0223890071163921,0.07020085030512715,0.003894596517263114,0.018227499338631735
W10d509cc954647eb0003,0.016216276469280425,0.006145974627228846,0.036189262859619035,0.020647486696367123,0.02239741029873763,0.024506124814081636,0.013367597631226505,0.01588172527024306,0.025604682938220078,0.015369764302479105,0.10379924040735165,0.005419289524270185,0.022858516384212844
W10d509cc954647eb0004,0.019722979539296637,0.006015659798605156,0.0435334482627377,0.024941465331322417,0.03142401225671993,0.024011594150246608,0.019195336230263198,0.012473781554568807,0.017420083466159322,0.01440413241624473,0.0771030287822688,0.0032853718668574908,0.01815229751066401
W10d509cc954647eb0005,0.02020210254392039,0.007439688810566389,0.09167351205776207,0.029417426199907042,0.039181542300811015,0.023393607140113907,0.021496244992656975,0.014232549378939429,0.020980649752818454,0.015003246141838313,0.06716548101536571,0.00385958375887706,0.02048883366960762
W10d509cc954647eb0006,0.009741418833688467,0.00564040860710748,0.05514920997666317,0.028748068402915872,0.03107820674242969,0.029387582514792336,0.01889507261638102,0.016241308449049335,0.02427083475426403,0.014978574996599442,0.09234938441783183,0.005312053533507841,0.01863313956209787
W10e2051532c96cc70000,0.0015178248655329568,0.001234549704796966,0.005871681939043643,0.010989567155058257,0.005713503136206474,0.007528662385573653,0.004013591480126636,0.022509714559302178,0.04683360776802443,0.4756633828650773,0.28118297225773564,0.0037566655299948763,0.0111433018148254
W10e2051532c96cc70001,0.0029422703128292433,0.0012232156100992996,0.007566384795192527,0.01095956064393525,0.006161208651462704,0.006433548850237282,0.0033973611901222203,0.02460951024337032,0.04430660366864104,0.5632916292784506,0.20875467067720876,0.003173288785296984,0.00933163874436061
W10e2051532c96cc70002,0.0015068840097093006,0.0010330640026104654,0.0051291706765751455,0.008133934801172004,0.006756644391111569,0.00578544452046362,0.0022917050572014174,0.017115087587418525,0.0375382844821889,0.5889896394056607,0.227093927455494,0.0022886694522235014,0.007968386647666312
W10e2051532c96cc70003,0.0015648836415998344,0.0010907923173537613,0.005870276452759303,0.008257403856512918,0.0073688882089706104,0.005750526488551418,0.0026454462161170493,0.015149018231327313,0.035748630736326656,0.5916252996859838,0.22095009147606343,0.0025717605850965565,0.007759448532197335
W10e2051532c96cc70004,0.002340588655671775,0.0012026440830220993,0.006259598637234536,0.009183603719010383,0.006123093277550502,0.007247611608128404,0.0028921026212425506,0.01976752058065233,0.03824118551162196,0.5894647426616012,0.1973931907188199,0.002612582497700671,0.009688078129412307
W10e2051532c96cc70005,0.0015907388020406346,0.0011251615448979013,0.0056545862610243285,0.009197737844817989,0.007289644382295049,0.006149332275334349,0.0017745387087917577,0.013757909579129878,0.0363444954886435,0.610191884767825,0.20296156592677453,0.002381520611843319,0.008059527904011678
W10e2051532c96cc70006,0.0012910172427770604,0.0011043492233531367,0.0061162657641309634,0.008344978595935257,0.006792405567024248,0.005734765902814854,0.0021324585738560064,0.018929582565600553,0.04143135961896345,0.5697589813064058,0.22540098896641114,0.00267196737260119,0.009343297200431611
W112dd88bc24030fe0000,0.02441462233687629,0.4599714791816938,0.02265136691170919,0.016204558423947957,0.020963373112516618,0.046405666878713954,0.018607751333835545,0.028927849035044185,0.15514074119686513,0.010551355240086185,0.14988821906385533,0.006085899934854746,0.013740879229794773
W112dd88bc24030fe0001,0.02971995698574971,0.4758841168029889,0.024580162793088625,0.01876323885427324,0.017962369531728622,0.049583311715062243,0.021190592357037612,0.028405159455603284,0.1513494918485734,0.014795364907366413,0.11224260817067555,0.006174861409213587,0.018129671862265606
W112dd88bc24030fe0002,0.026881227430852965,0.47274268489767324,0.023086886353023677,0.015607965786720423,0.018760803355121338,0.040462800644784906,0.017224910838297323,0.029448335708623475,0.16369859284787355,0.00989823407950306,0.1362268692004178,0.005537207944096182,0.014401547075940302
W112dd88bc24030fe0003,0.024599285070685047,0.4535562565618894,0.020035017922462196,0.015579297198549445,0.017999568634672374,0.046418279799664085,0.019996912875654232,0.03713194072317809,0.17417302648804542,0.024154004637603112,0.11137175696124385,0.006903263537085219,0.016469603171308238
W112dd88bc24030fe0004,0.02603499163299294,0.4781518030388139,0.04280546142746619,0.020020142181472782,0.026666740570858005,0.04028304624875062,0.019156087327143124,0.026641148685463356,0.13870045235306097,0.015294031529315162,0.10670245706256387,0.005227497159173132,0.017648664539751717
W112dd88bc24030fe0005,0.029842168037662906,0.47322249045931764,0.031558326282478046,0.01783930544824746,0.018975437576013054,0.04806485781615844,0.015869974039761682,0.027409459612700686,0.15145393786389014,0.01812405896404968,0.10871811179443255,0.006758244922784032,0.017818221470402
W112dd88bc24030fe0006,0.028519819660299896,0.47636721492772244,0.024822331858461166,0.017996521658777357,0.019196475471272675,0.05032174857053518,0.02007255246070566,0.02727844161617213,0.14265797104865857,0.016892392152714437,0.11688977628285015,0.007558028005367066,0.017929319026116625
W12dd826290532eea0000,0.008450404339760355,0.9231165159200737,0.0013355557728901928,0.0016138418669736211,0.0013107022684859474,0.0017032911473680175,0.0053096508688711685,0.0035087843700164706,0.02918939707787351,0.003271864867781221,0.013948485840305022,0.0006808040276637354,0.001903439618724481
W12dd826290532eea0001,0.009186681091332367,0.9123657439364887,0.001887050814683906,0.0024090859311886466,0.001003924696472515,0.0019273542933819895,0.005864755717270104,0.004133937266696703,0.034117308627740234,0.0030550027402620602,0.016067414331924327,0.0009395305005630219,0.002153975060071118
W12dd826290532eea0002,0.008354137676069405,0.9248133153844174,0.002467307598443589,0.0024406207500300148,0.000963270494461078,0.002708583297803291,0.006464315673660955,0.003925597781454028,0.02417685250537164,0.003071723846994452,0.011045759784516643,0.001043673969141714,0.0018178557578838125
W12dd826290532eea0003,0.009735630561851262,0.9198643524831087,0.002310227463637033,0.0028287513706573664,0.0014654269994024552,0.0032951293534832357,0.006833295145322844,0.00389171403473293,0.025288877473190665,0.003429253862034667,0.011826892315198505,0.0006708683109034002,0.0020803974980266966
W12dd826290532eea0004,0.010425472478897718,0.9085038108593871,0.0021420613366462463,0.0028561200184818755,0.0016791976335209374,0.003082477699450894,0.006193558248348684,0.00399249475457869,0.03632752984730997,0.0030166268794694934,0.014503701019924597,0.0008936523839741647,0.0022616557262929594
W12dd826290532eea0005,0.010333561792368927,0.9200152275386457,0.0029135806260951595,0.002937671851782049,0.0016234354503918856,0.0025924630916042603,0.006752009526683832,0.0041367299556351565,0.025099346908112063,0.003465327025749254,0.011194450872809528,0.0006399599491906235,0.001993146569259057
W12dd826290532eea0006,0.007607785262439719,0.919282664711049,0.0012988319791531187,0.0020038498632979187,0.0013575637194634036,0.002074333043283447,0.006366189936240139,0.0032811241100201734,0.030923729318565928,0.003640617691163738,0.013719553041013598,0.000722266610352975,0.002062396308328024
W13f06082619423f00000,0.006559585613458002,0.0008924621944712768,0.014684272475137317,0.007422211548238301,0.00811381098465932,0.4434357139881776,0.008199203189157983,0.001046117228313655,0.002120745539319489,0.001601549756871318,0.0018570783868446107,0.48940432156940683,0.011569495059299101
W13f06082619423f00001,0.0021135687650814957,0.0007415482877226714,0.015596685118145947,0.0052235512064328716,0.007946343430886186,0.2611614218071438,0.006010486910837026,0.0004598737256165335,0.0008465039853322623,0.0005925517930066259,0.0013405975577129164,0.6794675695753329,0.013400350872751682
W13f06082619423f00002,0.006989253440696028,0.0006225043844538514,0.012061086164702571,0.004614766463645588,0.006244718049880445,0.2702920025369451,0.005450545931249208,0.000558628955479563,0.0002829122688644736,0.0006959124938308402,0.00216847201265814,0.6702742526418565,0.017388081316321025
W13f06082619423f00003,0.0024760810212882734,0.0007631559900936548,0.013372423322756701,0.004854458612717978,0.007832080427471277,0.2690637279682528,0.00798501440467886,0.0011422998298424548,0.0007017115807663175,0.000696087183376309,0.0011024576385851724,0.668736465974918,0.018368632922362998
W13f06082619423f00004,0.002804373949411065,0.000927329703004978,0.010535688204609255,0.0029339884240883367,0.009308274200480065,0.4804777936355076,0.007286666571030118,0.0010538570290569533,0.0009089452494344705,0.0004994310151706293,0.0012099159855391637,0.4724069683773602,0.007184635133238198
W13f06082619423f00005,0.0019588630912195527,0.0009566710024890066,0.008817472266225722,0.003590509951629237,0.004617988539292914,0.49718279294669854,0.004948321836051228,0.0005710146076328537,0.0007798696915456785,0.0005396431579386391,0.0011498433721180644,0.4639998392041017,0.008408687876533807
W13f06082619423f00006,0.001999159711062679,0.0010949703338222717,0.011858570746777146,0.002652768234455065,0.0037177631186564503,0.45953612863128235,0.0060175755560889195,0.0006856118030807959,0.0004730359907502458,0.0004989424052431505,0.0009142099720590246,0.4970869782371115,0.010330485631610412
W148bf406de84e96d0000,0.1962343440331415,0.00230347694209298,0.05566790847761771,0.03918060451546159,0.023988774277854414,0.023139249210230244,0.013124339898466609,0.013567640899822035,0.011095259459804944,0.014463120858971293,0.027043283895136216,0.010345304709088074,0.05424681599624408
W148bf406de84e96d0001,0.20219727371190377,0.0028430782007750066,0.05667136245690646,0.04154774692837475,0.03600842919332372,0.025784130755418615,0.015187369095446117,0.016163431548173523,0.011064147334087828,0.0163595357544555,0.026790178115645324,0.00912669619537557,0.04570437218000682
W148bf406de84e96d0002,0.19187507552208466,0.0030970567438430873,0.05907238455485406,0.042416870551569064,0.04490965892552865,0.02606673841289919,0.01765806357189715,0.013098239345193356,0.009931046013063327,0.014821219911433103,0.02407384458523553,0.009540442006926855,0.047236705955513075
W148bf406de84e96d0003,0.1272979301865772,0.003057431753227548,0.0559597828183547,0.039703690860375694,0.04612355287677125,0.021260233118241437,0.014738256569730835,0.01430902231283861,0.00994406995308771,0.014831784451758834,0.02491739312601709,0.008028531302826136,0.047545716287675094
W148bf406de84e96d0004,0.20841002254503482,0.0027125692409602975,0.05287197533142282,0.03840664341916761,0.03590165474043143,0.02324020302732524,0.013197624739251606,0.013634166382698622,0.01032845169218114,0.014397581045457603,0.024922167242572256,0.008016273602777173,0.04688423327050333
W148bf406de84e96d0005,0.2222635683119762,0.002919206617809691,0.0537647009034339,0.04161873793412282,0.02247066627629243,0.025344210733123356,0.013062467489159174,0.014942868344442872,0.010241850452002866,0.015350495049362615,0.025970975968405315,0.009074446412510293,0.0462450023376363
W148bf406de84e96d0006,0.14022074494977166,0.0029257026009951127,0.05469251254771062,0.04330701451229201,0.02427219396036702,0.023334935287809767,0.014014687786810589,0.015454260827252483,0.01265620368495014,0.012452391355650114,0.02541459015820237,0.009930148945142872,0.05072493368742974
W1677b368f7a7d4cb0000,0.0018829401543037831,0.0008149847685720632,0.011442379406951978,0.0018838243534977713,0.004004938859714709,0.3843285987938922,0.005118116956571338,0.0007314413842554221,0.001020737818707823,0.0007549040613938072,0.00043672094690788455,0.5813147053240182,0.0049084789154029826
W1677b368f7a7d4cb0001,0.0032803273365293534,0.0006555738825822353,0.017177550927494345,0.0034741269863117112,0.0072383570923239,0.2312221306121517,0.003137211963700727,0.0010323816294002467,0.0010031715259393003,0.0002915417802915535,0.0007635519934888157,0.7221746155205921,0.007093091411164841
W1677b368f7a7d4cb0002,0.0019205079673165625,0.0007246060993650249,0.01150993982499694,0.002441492857050428,0.0047143753763196974,0.3525485752174914,0.011250117389945635,0.0004259026918934983,0.0008196933887560984,0.0006847411586393112,0.0006508212900753116,0.60636305890704,0.004947648808034545
W1677b368f7a7d4cb0003,0.0013967247457336018,0.000567362875829922,0.010756996092020455,0.00243976940671207,0.004307475384199329,0.4670661129919141,0.006371639795927541,0.0003492790578377183,0.0009366704898932832,0.00061307327095069,0.0003383797348832883,0.499176774586543,0.004992930090951253
W1677b368f7a7d4cb0004,0.0014765675930200487,0.0006323651966540484,0.010568609189519707,0.0023731415062238632,0.003537184635367595,0.42389412586297026,0.0033403846982956015,0.0003889518983702015,0.0009945359411599338,0.000644256076429188,0.0007462285532307295,0.5467709077742801,0.003925212312318095
W1677b368f7a7d4cb0005,0.0031440796352232327,0.0006920925480116548,0.009294697101128117,0.0029827413805282206,0.004721782951059371,0.36802224805659717,0.003631189145740342,0.00040358142799482954,0.000977699360271704,0.0006663595698929581,0.0007220417112662209,0.598691700785074,0.00526914506236273
W1677b368f7a7d4cb0006,0.0015094959501984243,0.0006343967275577932,0.011283109943573068,0.002043353250916885,0.0037512109229941746,0.43671194022508264,0.004276127293104511,0.00038136312068009966,0.0011554989402194555,0.0006381943681351141,0.0003674591832062225,0.5316824221563581,0.0046624489573163464
W16c71d34f644cae10000,0.0023505553863798394,0.0012445512193146365,0.00481373671124585,0.0055615047040154094,0.0019817897419078857,0.0018083470116345697,0.004919959981577192,0.06666747298722048,0.4128466681356591,0.007236687353452822,0.32237499516704193,0.0027028158495801024,0.05984220916493399
W16c71d34f644cae10001,0.002521771367267767,0.0012635183117916664,0.004232467341137265,0.008818544465611913,0.0018951060789237062,0.0015779338259297119,0.0033532322793000356,0.07119087695869897,0.456539741778821,0.12468852042379193,0.10034695327479243,0.0027614492796973786,0.11160433213085255
W16c71d34f644cae10002,0.002548078701487921,0.0013440375707039428,0.00458361815628222,0.006405774863167951,0.0020198363886589302,0.0017969728849244761,0.005145460387469017,0.07819947305627634,0.426844229713976,0.018954552997623976,0.23000808560886332,0.0024858306916761474,0.10718868385273571
W16c71d34f644cae10003,0.0025515730183356465,0.0012870629280462634,0.0054629676114446605,0.006478789685323754,0.0025095633959489327,0.0020929781593594255,0.0047907508447213015,0.0935353417098244,0.3952476932637968,0.016354624458877955,0.26663449149957014,0.0025301671793641484,0.09341722713712425
W16c71d34f644cae10004,0.0022806549268288502,0.0012763111824756013,0.00458205341802042,0.00689443295906009,0.0013960512242196085,0.0020922667191762005,0.005165951424857368,0.07011309574850688,0.4457878172519791,0.16231633110144777,0.10183037275203315,0.0019561327708616204,0.09194524600021026
W16c71d34f644cae10005,0.004373329872433047,0.002032795451956772,0.007905381201827563,0.009923963484112699,0.0035431642378102907,0.0035060184784375358,0.010539631417574895,0.07637491172712797,0.39483058600768517,0.010175862509774128,0.14458390710015018,0.0042725071749444765,0.1420204004356393
W16c71d34f644cae10006,0.004629733214099339,0.001997707480061341,0.0073739346314731676,0.009613449955635695,0.003192578232325501,0.00362062373678541,0.006538653988543211,0.07949732225849489,0.3863439636870425,0.00995249071979597,0.1481743761879901,0.004066127541445681,0.16631802686703873
W1733af1df1f936590000,0.0017759988000420422,0.0014174792223658234,0.004137624455153756,0.008487374698863496,0.008750594283970809,0.0063401542367285445,0.0025495515978829195,0.023181159825525703,0.047888713556764335,0.4694851492112631,0.2788065870005312,0.00446862251992751,0.01394995352500084
W1733af1df1f936590001,0.0018534398553053273,0.0014266108778928739,0.004973814680816555,0.006937826021447897,0.007763003760707317,0.006760961820965522,0.0020287038585371764,0.02056532121930095,0.04966936969095915,0.49305906055486365,0.2636225360828489,0.004221190154113157,0.012625985858515713
W1733af1df1f936590002,0.0016551702611032634,0.0012796453934284472,0.004699407774625414,0.008746932053121492,0.00799017691188554,0.006872011853199417,0.002149554543554782,0.022222683719661337,0.0464845727944444,0.5006314077713758,0.259194319114867,0.004347094827244634,0.014010492377764803
W1733af1df1f936590003,0.001385738432423737,0.001147390182810343,0.005759980478649407,0.009297615263003722,0.008819413516563934,0.006092603264070579,0.0018196289710589219,0.015360786495204715,0.04074753232522873,0.536935648742601,0.24373303531169688,0.00363973893204415,0.012451457088870615
W1733af1df1f936590004,0.0016759134890095787,0.0012917582581521661,0.005543001006758039,0.007342729142775518,0.008996178342717993,0.0071423055508573145,0.0022710465959944097,0.017286400334071618,0.041894009810351886,0.48574024325943405,0.2846175084502196,0.003791640620754349,0.013081181006042827
W1733af1df1f936590005,0.001558928070439277,0.001207290096459246,0.004859136756123622,0.007325668620623612,0.005703943315362727,0.005877704176225254,0.001956986988716847,0.021913094366415524,0.04837070877812523,0.4825326187579271,0.2738403673119786,0.0044694435191052545,0.012574052581838847
W1733af1df1f936590006,0.0018942689071677896,0.0018666849171370741,0.005485817602922753,0.007490407616571553,0.009436414444827283,0.007097650438407449,0.002583831079648825,0.023899375294369356,0.05366198502090175,0.2721938627768236,0.44758273213967587,0.004685641426421244,0.014698459219227068
W17e3988fa13c94340000,0.9756000924710458,0.0014665307137272355,0.004368124123423658,0.0007616796818299084,0.002511975355932161,0.002738218514523169,0.0033534596007794857,0.0004870182253775049,0.00010832478996306659,0.0018801007592240114,0.00013724937205352307,0.0035190157521746727,0.0011154775905668037
W17e3988fa13c94340001,0.9754558880443996,0.0016627379340741454,0.004095493797616435,0.0007692693602908689,0.0022286399283439067,0.0033290734512424398,0.0024850704372108034,0.00048298811036711427,0.00010195745763041211,0.002365047119570735,0.0005020136784399794,0.0035020341851972506,0.001277903661877665
W17e3988fa13c94340002,0.9749502322192659,0.0014256846231398691,0.004361489335092381,0.0007246239083324654,0.0023815952746988342,0.0033576221025154738,0.002854297377054535,0.0006814256887446384,9.562925883554786e-05,0.0016852968221286525,0.000490466883824481,0.003899992047831359,0.0011714185722354884
W17e3988fa13c94340003,0.9755053826723457,0.001427461741161729,0.0042752187597044885,0.0006919377568227681,0.002593504818398437,0.0027474297607069783,0.0027911352083457974,0.0004970837116873479,0.00010317015168719842,0.002061808466841938,0.0004923371376514227,0.003471995500392328,0.0014357707900668388
W17e3988fa13c94340004,0.9773941815648939,0.0013835235442568581,0.0034235778876902305,0.000713002106803832,0.0021914139932973286,0.003332866671459159,0.002285071619430597,0.000492603677571447,0.00011151110642829304,0.0016791957788832837,0.0005007326110900331,0.0034656330534916847,0.0013092745890003325
W17e3988fa13c94340005,0.9793839212944637,0.0014088571680099368,0.0029180758717299946,0.00069990712142858,0.0026178404615894344,0.0027597469393489163,0.00231204584411997,0.0004634726132845361,8.730541432852889e-05,0.0005142770404171701,0.00047379745192134386,0.0036476413217641484,0.000984277244940912
W17e3988fa13c94340006,0.9768851642282184,0.0014723295907400002,0.003783875325299213,0.0007093971330145187,0.002398918534765081,0.0033691343649420676,0.0023937207560353812,0.0004925417248889047,9.817867983882007e-05,0.0016489421159686702,0.0004946481638595014,0.0033989987156464656,0.0011683920126164082
W195c4af40eae77340000,0.033424828155022145,0.02643890198509242,0.06141872993786278,0.05738059105833701,0.026850641075695958,0.155267835983279,0.02796405705547785,0.021977928590394817,0.02037559117447581,0.06087569253742296,0.20384096652536904,0.021417440896959492,0.09472778778967482
W195c4af40eae77340001,0.028635854851245278,0.01880582054479662,0.06828608601937695,0.05190902197304686,0.05974393835450381,0.11932771951795193,0.01701359455497145,0.015695766875521787,0.016066473476501666,0.04416677736084896,0.21363908227933376,0.02299900916699099,0.1738870409636385
W195c4af40eae77340002,0.024816575644407566,0.01824929231327842,0.06503512000040167,0.04993878580597946,0.05550586969680982,0.25326783865404906,0.018804103168365605,0.014357121218537452,0.016199177677526547,0.05253213507301069,0.1401936843758734,0.025512349986470256,0.08626434527835859
W195c4af40eae77340003,0.03329377158988154,0.025235141593647217,0.07138514729859594,0.055394452273355335,0.03471308973094529,0.2047382443554165,0.03140505144843758,0.01613629972774997,0.018882797456024517,0.10129249148547563,0.15215999732105215,0.02383050574426418,0.0902022399348158
W195c4af40eae77340004,0.02471495406829812,0.020596451964750424,0.07291518969869822,0.06639750123922417,0.04578800888802618,0.20456578594419184,0.021956655299040017,0.01900873746826281,0.01696626042244916,0.04489722521829629,0.17056650980598395,0.016273485812700328,0.08252292077219432
W195c4af40eae77340005,0.029786909332562846,0.02583078600352014,0.08619067361879161,0.06725092724322718,0.04331796065564457,0.1212375864651078,0.02510325859041823,0.01759394447005154,0.01595550128148796,0.05447892831194959,0.183407671645183,0.018364006065580064,0.11274809883356474
W195c4af40eae77340006,0.023287392630337283,0.01757756178874881,0.04860973304500457,0.0436706695455262,0.03037216836099356,0.22641421350074717,0.03500470928598122,0.018407189696531826,0.01390392346602441,0.08182950320484168,0.1632858657896077,0.013936569927299513,0.08454675798705949
W1981eb76c9c18c3f0000,0.06247667046917118,0.004976092915043297,0.04688451260072657,0.14044441703631347,0.013212493948886895,0.16913815752464703,0.015682593955408487,0.00894972744633879,0.014245425880692922,0.020069771499828373,0.04230378801194225,0.01084784826416374,0.07413317470084362
W1981eb76c9c18c3f0001,0.07986277597591655,0.005878975007756416,0.054224001652000246,0.13574218765793172,0.01418879581923752,0.10526348537028817,0.01880910777634507,0.011396640484776418,0.017375993386032153,0.029527510427576845,0.05351898136208092,0.015736516893039326,0.08366179058605118
W1981eb76c9c18c3f0002,0.07642254466786634,0.005047422682317762,0.051200556159623364,0.11813863579013822,0.01434638883347629,0.07239701338299283,0.01724063727558205,0.009289302005709064,0.014541751316485524,0.02076281472634411,0.04581609503608185,0.01229182199621862,0.08530736534237482
W1981eb76c9c18c3f0003,0.08372034491501922,0.004915194655902335,0.04677753101005447,0.11986631357135116,0.016751830493952256,0.0516323758914635,0.016332353980374404,0.008674460128778958,0.014542085037646705,0.021065199334667536,0.06633801480953835,0.011644491161226922,0.07977216752729072
W1981eb76c9c18c3f0004,0.08303686809454437,0.005981206843203817,0.05368777171147361,0.14233425418282816,0.017600568876022453,0.07290645049099691,0.016984686486858316,0.009443778895785312,0.014771056202799292,0.023553160683113198,0.04435378443177499,0.015455315621842778,0.09785840840062016
W1981eb76c9c18c3f0005,0.09089518975404419,0.006157618475279982,0.05146852880824009,0.14884252411837623,0.016733286645295622,0.06869241431204488,0.02264711913292616,0.009321945376801338,0.013321546210579075,0.024048694684887847,0.04740394356646631,0.01491795412078288,0.09831499027075574
W1981eb76c9c18c3f0006,0.0645503718166787,0.004831881661025941,0.05772121600288514,0.14122515031805213,0.014813189806572606,0.11788719417463189,0.016803740989574205,0.008541793830475602,0.014524386678612397,0.021100515969665494,0.11774656495464407,0.013363683838258294,0.07471343190834827
W19aeeb61c88250180000,0.004524424550529303,0.001694262516700635,0.011276242075395775,0.013901007580059743,0.0046496093691982855,0.005778600949274941,0.013317725194906283,0.034373440590175566,0.009864332338007932,0.011928340123085445,0.034981839347285874,0.004969259567771843,0.13865920340348045
W19aeeb61c88250180001,0.005148155951405822,0.0016068506558165351,0.013436284502577415,0.01813172859065778,0.006638712735686459,0.005460618193683941,0.01088425431231632,0.03546830579362702,0.01086740823896165,0.012413560615316978,0.038687601646845315,0.004935383259701653,0.2016785308979141
W19aeeb61c88250180002,0.0060554758089712,0.0021109580555434917,0.014397783970042722,0.018173562660102442,0.007083200808709288,0.005519960437197655,0.013391607650535034,0.03872327900038591,0.013248741915172389,0.012406536703426724,0.043509633174934725,0.006249026074749406,0.2319820557447715
W19aeeb61c88250180003,0.005279047678677619,0.0017047516151131848,0.013958138397880886,0.017482804237254623,0.0064018855030621834,0.005161567803982161,0.012533526727302298,0.0375534644975977,0.01133822121343804,0.01159849915154641,0.04157174930783064,0.005644054331762041,0.21941983382827898
W19aeeb61c88250180004,0.005327184040722904,0.001475247394710292,0.01211934487620913,0.01758545867010641,0.00650187687556701,0.005726282796781587,0.013569198413067954,0.037648230358144595,0.01369369282640953,0.01306786983409296,0.040754091167398435,0.0053991531913499475,0.1791904640572475
W19aeeb61c88250180005,0.005020572032908296,0.0013195939007690893,0.013551208110982756,0.015950708998767,0.007482033970129836,0.005187055081322671,0.012032232621895811,0.03611743022988182,0.012324289808254993,0.011992601088424572,0.0366757536826166,0.0048152761797065,0.1681468937546395
W19aeeb61c88250180006,0.00521438219324069,0.00128009680024738,0.014616819693980723,0.016561363975463275,0.007499726184113466,0.005057509686444405,0.012175983044849872,0.03655535700629212,0.010221772096824538,0.01171265849413844,0.035101012349862404,0.0042679233969947486,0.1726666859281327
W19b93dad2115da5f0000,0.07045737877538973,0.007274936453803279,0.08074285232579992,0.058346752783371855,0.05725608335900103,0.01256817287798976,0.015512138208234638,0.06589667351142237,0.022059419861336325,0.040993943633346824,0.032236543672704815,0.004809986163450615,0.022398934565462908
W19b93dad2115da5f0001,0.07052847076119095,0.007573512139383467,0.06815347730329688,0.06678285092829069,0.06906908529660298,0.012726709082693577,0.014822697607207384,0.06751913152662467,0.02243871472974432,0.04000910418449153,0.03435503800537421,0.005121711438225628,0.01930334974636156
W19b93dad2115da5f0002,0.06855226299118572,0.007231721505831139,0.07330240386606199,0.06927516278524154,0.07067263634438542,0.014787696866258138,0.016225126756790203,0.060493765191258375,0.02440703417768411,0.04356797480152464,0.04589009183434463,0.00445683309859523,0.017038876054280137
W19b93dad2115da5f0003,0.09000157419919763,0.009856442954311729,0.09933934992703453,0.08077960062811892,0.08123334221262044,0.013252783856506307,0.014009840828943028,0.06120045189410864,0.02657418993843384,0.04612385922333456,0.04885524221486945,0.006332877261368643,0.02666933374580956
W19b93dad2115da5f0004,0.08411263741980873,0.010006343817559538,0.08381881151503706,0.07874184174225657,0.1198223979894623,0.012940920071339849,0.019876088252476026,0.062315472674353445,0.025748167917498285,0.046622450029352176,0.04512130503485332,0.006110578584886002,0.020206357777352586
W19b93dad2115da5f0005,0.08645403769359292,0.010462199323973733,0.08155675301898054,0.08528025002254493,0.06394711885678273,0.013433349925475312,0.019612575459847376,0.07323403211945301,0.025663434706998202,0.04502076516947229,0.03946906504259713,0.006454493137397206,0.021138130868203618
W19b93dad2115da5f0006,0.06802432607568255,0.006766155351237874,0.07827544882614913,0.060664721372273356,0.06606738511942122,0.012276582854103229,0.01338407338803332,0.05255457007405563,0.019880294231400093,0.04012150146771201,0.03469755429694905,0.004341360596400422,0.0215466738667569
W1a7eeab32d8e40880000,0.004147272338863237,0.22647712725935035,0.03706079848067732,0.07661117251521361,0.04064810527354375,0.0314325191448631,0.3643209561966851,0.007117562539691446,0.0065001563403502315,0.11367805629491641,0.023020081175430463,0.02219385054974808,0.016995505178858797
W1a7eeab32d8e40880001,0.0056054988377748464,0.006387809921970802,0.04302286294324104,0.1529175496451987,0.036694148259450374,0.03798064667005628,0.5743030114171104,0.007305730663665705,0.005357615394591745,0.0218005080498173,0.03754760853019099,0.020987198151645896,0.019376507477329923
W1a7eeab32d8e40880002,0.00466243787119754,0.23433554449974847,0.03318819344809896,0.08919027307883022,0.03272360376911077,0.035977306673326624,0.4540988531252318,0.007129509729674702,0.004771932212550994,0.015789945379600736,0.026605315934855964,0.01877600701727622,0.015725975764201067
W1a7eeab32d8e40880003,0.00418930580894635,0.008393923987060412,0.04138309221784764,0.13488003894128922,0.04490685209025204,0.031669214419556495,0.5860991376886275,0.009364882438453632,0.00584240274888437,0.02359285927554944,0.04301841522802503,0.01797039165536478,0.017140269800220605
W1a7eeab32d8e40880004,0.004365455906319746,0.26593555096441296,0.038328173309605966,0.09472896037529906,0.04159750708446425,0.0355731623771339,0.3805500785498794,0.009471886010759985,0.006792636524225841,0.014189900475874671,0.030718857666631114,0.023233478827849555,0.019416914683559123
W1a7eeab32d8e40880005,0.004616585542334316,0.034172294594626604,0.03837139118784469,0.12441801115452328,0.03477341418307704,0.03683395000351948,0.5938056896852909,0.009364713639998981,0.005629888554270403,0.01951998042677613,0.03195736158657206,0.019272402965663463,0.017163385965114117
W1a7eeab32d8e40880006,0.004725135875877079,0.26680067602792296,0.03590689751297021,0.10476172089995835,0.03296142306518702,0.036231212316570796,0.390086092070392,0.00834875322243341,0.006130744515382941,0.01690925633161244,0.03277673264782017,0.01771087121223745,0.016592166848473373
W1b68e1996a189c2a0000,0.004243130376524549,0.000648653651407368,0.003963148633243026,0.005519257282183231,0.0018759739179406583,0.6001465679240753,0.004498433897516472,0.0009657846028686582,0.0005523595831980355,0.0011600065549372202,0.0017390027383059996,0.3680160060042063,0.005856281215958128
W1b68e1996a189c2a0001,0.0036867046291599254,0.0007317905538817557,0.01073837871255164,0.010060711618412273,0.0023316475838119984,0.7234023704860582,0.006583785653196694,0.0007252338662154837,0.00031799166845770054,0.0005448844490865315,0.0016927429293109814,0.23439900084770152,0.003110566276540071
W1b68e1996a189c2a0002,0.0006295313806041407,0.00043277027500259233,0.00433151981633996,0.004467706942116035,0.0013091070177554192,0.6642996208782012,0.005634851956634183,0.0004893061936312161,0.00025495516034701135,0.0003811753911537824,0.0017551074164805678,0.3117725972587937,0.003255757270879185
W1b68e1996a189c2a0003,0.0020848714461494194,0.0005284719510081634,0.003838096530965351,0.004942908117681092,0.001828644057888871,0.6724001129435349,0.004196242742155676,0.0002540493164779393,0.0003023840899185906,0.0009961407960094003,0.0010641245226212575,0.30196027436647743,0.004501187236631762
W1b68e1996a189c2a0004,0.002167623127917113,0.0004065465571936551,0.006382630980805577,0.004258989384712144,0.0015281271388128677,0.7273522042936291,0.005512582260636424,0.00045339715730819584,0.00016481307242112984,0.0005458632256828981,0.0011130871828650538,0.2453908308231723,0.0030954133456499895
W1b68e1996a189c2a0005,0.0022240927133449985,0.0004380550372813778,0.005348295404323298,0.004124596486851573,0.0016353308780214305,0.7008628595408379,0.004283166741434689,0.00018925255218947703,0.0001696675261893233,0.00018577228680767967,0.0007315051980957547,0.2758257018838226,0.003516445459703527
W1b68e1996a189c2a0006,0.0029158777509964338,0.00046122614573756646,0.005733086170766941,0.003729652599998499,0.00130670472345727,0.7367416222577737,0.0056927175906811445,0.00021708176827731827,0.00019456686046368915,0.00021043918909323926,0.001793288027068284,0.23565254294836868,0.00437740109177911
W1bc9d460ba90432d0000,0.006427072586480867,0.003425670022712775,0.018518940324826382,0.014116936263489852,0.022021698493953225,0.011353969991865323,0.007655158731459531,0.7091356644843578,0.01267592956140496,0.007583074128656844,0.02195414270887268,0.006962127994033048,0.03450733748107682
W1bc9d460ba90432d0001,0.005441632943813269,0.0037232905020126543,0.01945000241688585,0.011656345916584342,0.021928250096486926,0.011898724518314517,0.01337070171756228,0.6995046131014715,0.012493152492571706,0.009718038904941521,0.03288552359742552,0.004956713734666739,0.039796072248490695
W1bc9d460ba90432d0002,0.005184277466269777,0.003648761450975554,0.020624615844779683,0.011053328674307382,0.02089432934682631,0.012127694182379843,0.015123345358584525,0.7006695299291675,0.011434592204940336,0.008082994716203358,0.029810293490617097,0.005190402415745431,0.040133939656219114
W1bc9d460ba90432d0003,0.005299812210585606,0.0035805342468225206,0.019493196379869505,0.011883487579966127,0.020817375043978674,0.012721298381489039,0.013368417061220182,0.7127648145508034,0.01148468524737867,0.007912107371402119,0.02179215106007512,0.005491720769370631,0.049170437483524745
W1bc9d460ba90432d0004,0.005790752564801972,0.0036950284838274286,0.02057321210016783,0.010982582525379455,0.02189592642161302,0.011998281303537695,0.009185833688948819,0.7064774862003139,0.010703736855312578,0.007015571900969334,0.03446720766428082,0.005257746737955221,0.045574320918601856
W1bc9d460ba90432d0005,0.006383322299938234,0.003813277101761426,0.02398403009919517,0.010827353554038832,0.02224570528282952,0.012541159592724055,0.00897670948290062,0.69162002964698,0.011223800296861968,0.008590305019498971,0.02422881081102457,0.007072857592579821,0.052791342533282125
W1bc9d460ba90432d0006,0.005904331400535463,0.003498424109926148,0.023088556382293707,0.01511361708865062,0.019631663904060542,0.01192585870962749,0.010493597379836397,0.7146761923905196,0.01148391482815022,0.008681052908418396,0.022837013086440587,0.006758161599440539,0.04832215060130112
W1c9fd97fe8e874400000,9.895696211059194e-05,5.686714078170501e-05,0.00019895683059950868,8.765907321881633e-05,0.0002988200521390741,0.021315102997619326,0.00029289381030412725,3.2268959584545053e-05,3.365368294062867e-05,2.7431496845545184e-05,0.0004134872112929933,0.9658555438095204,0.011148450977826256
W1c9fd97fe8e874400001,8.357094976914801e-05,4.926052328005357e-05,0.0002345753583366964,8.254037525127156e-05,0.0001445589017706316,0.013051153809045606,0.0001087256527953335,2.6639318208343234e-05,0.0002756602630952775,2.1276208422163382e-05,2.5072667590137105e-05,0.9787320181541378,0.007078967037783353
W1c9fd97fe8e874400002,7.656025517889128e-05,4.684173352501384e-05,0.00015875356214952883,6.361764171141754e-05,0.0003101173008034562,0.012504865777620278,0.0004421735330491457,2.6614568857867268e-05,2.6309420989923062e-05,2.0498396880444046e-05,0.0004007163191193257,0.9784731835653201,0.007370163919880247
W1c9fd97fe8e874400003,8.819114917704487e-05,4.4169119425671965e-05,0.0007417342208994245,6.381772065849537e-05,0.00012569405725938254,0.012229059857701893,0.00017098192713214044,3.820155905812177e-05,2.6810389583417266e-05,2.173885172980997e-05,0.00041059794231259656,0.9788514189193208,0.007128452737096519
W1c9fd97fe8e874400004,9.34331395115644e-05,4.749677314501313e-05,0.00016699615653650537,6.844898792304709e-05,0.00025200328884579954,0.012537540513263017,0.00014526976961306374,2.6804272162161314e-05,2.336836713769612e-05,2.0278769443595818e-05,0.0003991904450925522,0.9790730364473181,0.007084528519917025
W1c9fd97fe8e874400005,9.19359816295279e-05,5.2481226170488867e-05,0.0006219176107213928,9.779945261563413e-05,0.0001735442147213709,0.015185915182700106,0.0003127705203456186,3.007415244506345e-05,3.124320516349024e-05,2.3145830151041553e-05,0.0004017958624834016,0.974324981133312,0.008540438505719384
W1c9fd97fe8e874400006,9.628613944803174e-05,5.4201025323678415e-05,0.00017042438911846848,7.219189438901192e-05,0.00014699809169798391,0.015763329030573883,0.0002409835249928522,3.880253134112675e-05,3.07354681435365e-05,2.5179338759558705e-05,2.848935744295482e-05,0.9769731842400475,0.006218082841178961
W1e2f5351ccb6cc030000,0.001131334284433551,0.0004530822754659009,0.006160933482060968,0.004277343653219242,0.0025995493628598446,0.7948009671192835,0.0019199105212807299,0.0006819697099517285,0.00043672030762835295,0.0002941528059842634,0.001483940230016829,0.18164161647543348,0.002721705613129328
W1e2f5351ccb6cc030001,0.0011746669942386888,0.0034045743437030765,0.005641782639070755,0.004319783884294345,0.002434369669841333,0.8133803363275525,0.001680189471018203,0.0006710946165960212,0.00043743507427356225,0.0002693429978147852,0.002288549616030197,0.16145921423240442,0.0015822653479582623
W1e2f5351ccb6cc030002,0.0013130258779028335,0.00044245014785563653,0.005642965822044461,0.005361980497519189,0.003513564918369883,0.7981969822303415,0.0014776664309308623,0.0006865860786804907,0.0003807388212012724,0.00030663158838177,0.0018082530153105494,0.1769696966530385,0.0024316089874698273
W1e2f5351ccb6cc030003,0.0012611394109260296,0.0013980091345006868,0.0052881855161944205,0.004734735479145809,0.0033631122828965652,0.8080344363977774,0.0014024042183178353,0.0006702824477124239,0.000376032108695161,0.0002861057001603521,0.002844081530314473,0.16587330674676062,0.0028527515588312115
W1e2f5351ccb6cc030004,0.0011730984028659813,0.0035444177299774823,0.0053622031703465965,0.004707631082784335,0.003174372233643412,0.8000232154157548,0.0017851905873489619,0.0007270014154441919,0.00047190973726347576,0.00030730826523917655,0.0014965627890118273,0.1736526987043675,0.002196664290222575
W1e2f5351ccb6cc030005,0.0013905208096900627,0.003762978690072435,0.005423501711731841,0.004259187802112166,0.00273501557611917,0.8176264793092539,0.0016434714939110961,0.0007060623261092767,0.0008219247679887594,0.00029982516446897846,0.0027339767486742614,0.1551177616758704,0.0020637317280178284
W1e2f5351ccb6cc030006,0.0010789742363147108,0.0004175686099000824,0.006894256949520947,0.0033640516116058045,0.003285681887432568,0.7934710142516065,0.0015446020967258267,0.0007053082476319342,0.0004472951869898949,0.000290081220601184,0.0012040202491123149,0.182587172695625,0.0031789383584479493
W1e83f9c972bd3f8c0000,0.0076463599401153945,0.004375188758482647,0.022011766879099597,0.009938002405943426,0.024201281141976096,0.6947871615893217,0.032457888872392565,0.0036114508291221837,0.0031600041747113093,0.003273473410569398,0.003060030783063579,0.17845692442248393,0.007808851081018029
W1e83f9c972bd3f8c0001,0.009322686591473818,0.003644271859847601,0.025647944903360843,0.010434908523362018,0.02238815561090369,0.5956423007645391,0.17695520458704353,0.0017106953910859702,0.002841535189641607,0.0031247000468150508,0.003005146870213034,0.13528072420059165,0.00582512888732089
W1e83f9c972bd3f8c0002,0.012613674027849516,0.004114652597784269,0.02023788632261478,0.007968191530219439,0.015812015361151895,0.71679561165615,0.05533944122749895,0.0022137210746421675,0.00226136406410467,0.0034396215637970714,0.0027609356531268147,0.14718795408174168,0.00533623573043719
W1e83f9c972bd3f8c0003,0.012935501702155558,0.0052188076121433315,0.028491858800928065,0.012294215101246833,0.009438404662611847,0.7263713784021618,0.023237221774773834,0.003423961287686014,0.003244769772451857,0.0034598461902283625,0.0025317839674236244,0.1598321106101839,0.0052495729494483135
W1e83f9c972bd3f8c0004,0.011877391758421337,0.0072386442699998044,0.043899458604950425,0.021710853377938193,0.013262851451807209,0.6332648516872356,0.03161425374113974,0.009074467045319383,0.0042778212533111,0.005453823596104799,0.004640483610609812,0.1980664350285103,0.010284364822820592
W1e83f9c972bd3f8c0005,0.013732571111444436,0.005818347184133519,0.02563907038233824,0.014659599671473796,0.010335004781530172,0.7232198486907659,0.029398826083346655,0.003319067049984407,0.0032096027983590865,0.003522022104625643,0.002905570857215103,0.1549152394215831,0.005746341605033866
W1e83f9c972bd3f8c0006,0.011074923696406476,0.005591863110697996,0.027969480306083764,0.010636858837093907,0.009021354807876627,0.712660138629517,0.0441712602755201,0.0026387955546789965,0.003488739422493853,0.002774933086171547,0.0030056402957832277,0.15589842832689807,0.006768142511943625
W1f1289746d5fbec80000,0.0050279302049668195,0.0013539201461322857,0.057914903872572907,0.04428794475181735,0.46904281617143473,0.021025980128830807,0.009192537705443307,0.340386532051105,0.003289925297821054,0.003791420006146966,0.0037750096024624542,0.025449075760451967,0.007218071462406461
W1f1289746d5fbec80001,0.004860409789632627,0.001364559045984892,0.0632425573107269,0.03981591490780395,0.5029623791069175,0.022874653455382137,0.00796192280949284,0.3083834476209651,0.0023992658648214964,0.0037748773208618014,0.0037788103696583474,0.02280754595525347,0.008428115348424038
W1f1289746d5fbec80002,0.005173878535118857,0.0014070140640729265,0.06410078833956231,0.04214214340014779,0.4813857793483258,0.023579654834897084,0.01055163801355275,0.32279545940539073,0.002547523395197825,0.003863978586854213,0.00352611326512718,0.021806081296643142,0.007956727296192201
W1f1289746d5fbec80003,0.005140188244917104,0.0011751098356514338,0.06552726495979083,0.03966723311942913,0.5129936683390734,0.02041052615075879,0.009040776855301842,0.29745746460350914,0.002790188190073624,0.0037795935467081587,0.003578777189161244,0.022189460288628542,0.007355728085356815
W1f1289746d5fbec80004,0.0051755867470874945,0.0013804373620270715,0.06860481520820336,0.040383232303432735,0.5458420698594135,0.020585995714013847,0.009451325515562856,0.25959475184528036,0.0031389101562413497,0.004321817222524329,0.0035540854221556145,0.021157889959110374,0.007284924992393213
W1f1289746d5fbec80005,0.005336685258275681,0.001651609303485235,0.05684699373828347,0.03918245596654986,0.49365352970038723,0.01843269595643465,0.00814502144888167,0.3141078582619617,0.007022522087942024,0.014598157776103978,0.0035552756894009097,0.01968817346949644,0.007346754947967123
W1f1289746d5fbec80006,0.0052316605485221305,0.001150018286627624,0.058295684772999956,0.038942576902041885,0.5205357220580676,0.019596590590601176,0.008053449660649865,0.30089757054356453,0.002614807690352189,0.003551721470383397,0.00266176404979997,0.022223506748220757,0.008432303905794431
W20f15f3c9efb048b0000,0.02032888420409382,0.004435765467714392,0.07365248424410928,0.5539089663815322,0.1124517798528609,0.034204797709049224,0.010529864338939123,0.010365240734609458,0.009418662472360768,0.012516846402005153,0.013029470341279076,0.030363405076537557,0.039262392842453066
W20f15f3c9efb048b0001,0.02295882632347859,0.004006107755069784,0.09445224246255034,0.523547437968235,0.12219956892396024,0.02425591852647079,0.010632177242493884,0.010481326115790583,0.009068484170585965,0.010724267733753432,0.013450643399028404,0.019917367298249194,0.03431200771822595
W20f15f3c9efb048b0002,0.02242478613800967,0.0041743833903996694,0.08664396993590845,0.45242596057490586,0.1977673009362869,0.03059725515989007,0.010303037852598597,0.011200386582794401,0.008316107057572828,0.01113934792088287,0.01292149986428709,0.02246252940049683,0.03255874783910222
W20f15f3c9efb048b0003,0.023420739806329187,0.003448385355742204,0.10943482317623024,0.5140088712953446,0.1249068738074988,0.023736041180204986,0.011067234176952337,0.00978753899654766,0.010677663606102143,0.009860085065014816,0.016620423282426352,0.013821339944564118,0.03414970870272033
W20f15f3c9efb048b0004,0.020897534444981342,0.0044273102209508265,0.07677189817548259,0.4805157675833916,0.17982759626690836,0.03064852081287503,0.011386389673305951,0.011230501971588302,0.008851818482167179,0.01156235840087023,0.013604352832206732,0.020829634091780447,0.03332048315906365
W20f15f3c9efb048b0005,0.026020566446387207,0.0043327153575025545,0.09294935577914673,0.48932768165224105,0.12778135212171055,0.033433887363465586,0.013123595109117937,0.009872529178023509,0.009474307830190081,0.011374399224079259,0.014268414234932749,0.02198074933254829,0.03480023850298377
W20f15f3c9efb048b0006,0.01874443422626177,0.011960125524532962,0.08083327841437488,0.44213629790562226,0.20858416394423823,0.03040953715024091,0.009918693524551969,0.009961800985901846,0.008670040571439438,0.014435349920911895,0.011594155589816496,0.02005234853639797,0.03692336894068242
W227eda14227e98e70000,0.008589137666357567,0.005151341514156528,0.02461799163915926,0.02942957493413336,0.017021774240589618,0.011103518300472655,0.01394998630403267,0.024544703645729384,0.015018477301942598,0.008791256249029468,0.04732898680143814,0.009638150743236946,0.044636659274148026
W227eda14227e98e70001,0.007441996505669933,0.0042786301285459944,0.02551063917653845,0.020710486155275248,0.018504245425119664,0.01048064710904543,0.01002665657334972,0.01732591033511611,0.012822025470348506,0.007439947522161888,0.028682998906357737,0.004489241216164447,0.042333372046805
W227eda14227e98e70002,0.008890496281483733,0.004098354474838368,0.025990203321766873,0.026689034034049354,0.01736123441122273,0.010016875335357844,0.014336459074277975,0.020899514543645185,0.012675809888165747,0.008545282169654035,0.03517410114083817,0.004909480929504989,0.04663214373701981
W227eda14227e98e70003,0.007708950211034834,0.004809770317037227,0.02670704531137022,0.021422416216488157,0.01712085639740074,0.00926696183521956,0.010977659936056575,0.019525044428073304,0.01631486018192831,0.007755509222676061,0.027680564922370837,0.006494855855305879,0.04957831678612479
W227eda14227e98e70004,0.008106205199230991,0.0052597738961546086,0.02540102670595926,0.019815062568721772,0.01780271333055015,0.010081695646056585,0.012201908058776504,0.02512795864138982,0.014933442110943506,0.008772106304602687,0.034518197810371035,0.007816714821525647,0.05119669172646205
W227eda14227e98e70005,0.00929762163156587,0.0051842565538363986,0.02846632051948783,0.024088181225558298,0.019419455788515762,0.010307700095948476,0.010530116959409691,0.019946967821991842,0.014474576405207386,0.011171741005375572,0.04632649277015055,0.008684482832545352,0.04534322789090584
W227eda14227e98e70006,0.007273567250810071,0.003951267364782795,0.02421113776907783,0.017974259969662156,0.0176079441296109,0.01040440433107765,0.01151556265317499,0.01801379329834189,0.01133281445481993,0.0073869102713461235,0.02808816271808014,0.005477589142090088,0.045178371712098014
W241e39bc4686316f0000,0.012030885752972214,0.0033685443734172683,0.6051599575298967,0.05442261899723039,0.08712756352428316,0.14687891661678795,0.029020356896952586,0.002189290918952973,0.003594350741692102,0.002675545801898049,0.00422360385037957,0.03522663595717935,0.006213284611596434
W241e39bc4686316f0001,0.014577269273280928,0.0027755301586306837,0.5416786328354575,0.04106018653800219,0.06904280399335505,0.24729333935745829,0.01850756220458372,0.002131643596532778,0.002586676545691592,0.002835237352617868,0.003345000479861621,0.04185009952488843,0.005051033778540568
W241e39bc4686316f0002,0.010388761672420744,0.0038002078451033995,0.5527855098709084,0.05065711012037217,0.07535441581502356,0.2051360693292015,0.027058637187790398,0.0026165335770462887,0.003916070951010052,0.0028193738262126938,0.004855327139456729,0.04727389981702422,0.00421993032060671
W241e39bc4686316f0003,0.012695570595196376,0.004342945529501424,0.46643656278063483,0.054539760848371324,0.1149734824624012,0.25303231912882734,0.022940466278748992,0.0031295024722481322,0.003780154229520957,0.0040131925989747505,0.004476674777921801,0.04121804885273426,0.0060576802489588424
W241e39bc4686316f0004,0.010017629649012632,0.0022376178591165014,0.6917858257433053,0.04369868856395393,0.06493659071982995,0.12199574631466463,0.02290807698757048,0.001366891749919863,0.0023266533267362996,0.0026542591610500582,0.0026881747450212996,0.021744615575034966,0.00520584671592361
W241e39bc4686316f0005,0.011233840765821266,0.0034171095953902148,0.47427663811658183,0.06172259843274718,0.07665595911646404,0.2714560686566348,0.044345494817317435,0.002563796624980894,0.003395524425699383,0.005138136775461931,0.004824998655076287,0.02647540684640939,0.004675941773277588
W241e39bc4686316f0006,0.01604852758794944,0.006058797775783035,0.5700489662347782,0.0647667066619836,0.1380994515630062,0.12296316006825228,0.028372281483922575,0.0054964456548950835,0.0050127597119084865,0.004233271503579364,0.00430369228531696,0.020450942171712918,0.006778989632568994
W24630876331b3bec0000,0.02694707899365431,0.8083089399722138,0.012462249148484846,0.0050862210866136365,0.005176581080062129,0.010948116811746896,0.03395401007146496,0.004059410131128548,0.00225684404446142,0.005996679337306727,0.019381602748957734,0.004704980605057235,0.029839277656013123
W24630876331b3bec0001,0.02662369810981677,0.8047905481635479,0.01446251590624437,0.0061597895187093885,0.005397280832985149,0.00864201917906652,0.0336315851058675,0.004500835492203229,0.0020129064847727463,0.005924976258794871,0.021738291628607624,0.004785034641353651,0.03342601518985892
W24630876331b3bec0002,0.0254456809093405,0.807051827502077,0.013815055777606569,0.00604089599508933,0.004957240866076997,0.008870968335509852,0.03584826325492425,0.004042309190254308,0.0025380874303618894,0.006111446263012038,0.020667398679562528,0.005022265394536406,0.03280879108484458
W24630876331b3bec0003,0.022502065974296756,0.822243386475859,0.0106719800774432,0.004791193743407932,0.005587982492374819,0.008953780555951323,0.031271349211110605,0.004127285764465133,0.0022971277127741664,0.006049918411249973,0.020843848927746454,0.0047069426933707414,0.03104024372324914
W24630876331b3bec0004,0.027327260264523645,0.8192801189311403,0.0124326457254062,0.006415114996193269,0.006565691252412632,0.00886297183837231,0.016489789189914287,0.004035989811460381,0.0015004641201776926,0.009053944430476918,0.01987374134024679,0.004781600934315007,0.033843053362823325
W24630876331b3bec0005,0.025991224211760134,0.8181506359239261,0.013978514530217274,0.006085211979100045,0.007153972708149907,0.009162015981703246,0.01584320863148945,0.003779199843322459,0.002103721067518976,0.00932298290870048,0.020425941838053043,0.0052259149422131754,0.03446712871199064
W24630876331b3bec0006,0.02589984462775083,0.8248049398396108,0.012446111349908464,0.005902985653512188,0.006932090268682245,0.009935979795811649,0.016184903023909056,0.003991451358037626,0.0025330355270791606,0.008932374508879463,0.018200903184368924,0.0047288538977796205,0.03131997954564579
W24b085596f0cbfd20000,9.214673283243954e-05,5.3531549355547285e-05,0.00027550054065410403,0.0004607473128907509,0.0005174864352518183,0.01139431859800321,0.00043453079057805666,3.1058487540348716e-05,3.627814009370898e-05,2.5959259206466224e-05,4.567532686514837e-05,0.9780712436895342,0.00848127190034624
W24b085596f0cbfd20001,0.00011185783799960335,4.385448250195361e-05,0.0001870652197770139,6.261946794350337e-05,0.0001171444250405429,0.011029210083268652,0.000511942340814144,2.2127075564934372e-05,2.3310741921110775e-05,1.8772186343664036e-05,0.000403677763737505,0.9814970264410028,0.005933534014852225
W24b085596f0cbfd20002,8.542658209600596e-05,4.445019909664489e-05,0.00037135914431230167,6.81388914938272e-05,0.0003101730883329199,0.010456346858546657,0.0004250576389028716,2.5746663185104635e-05,2.8903293078183596e-05,2.1558448824985918e-05,2.9232334477138458e-05,0.9815579700036972,0.006490937659841114
W24b085596f0cbfd20003,0.00010751729067893277,5.4225427446288546e-05,0.0005741429740207528,7.661312257947818e-05,0.0001799817814575262,0.011547584667919011,0.0005194223479300898,3.090679547294494e-05,4.0483543686388945e-05,2.484076349780333e-05,0.0004090293185652951,0.9774293109211929,0.008747119593123737
W24b085596f0cbfd20004,0.0001091823327653201,5.2726213520720415e-05,0.0001947974758535083,8.396600300772577e-05,0.00027696370765970105,0.007758730968829789,0.000453602397015666,2.7376616269696414e-05,3.0777005397476764e-05,2.474609358802925e-05,0.00040794012733450674,0.9816564713734884,0.008766284199952573
W24b085596f0cbfd20005,8.788139255690061e-05,3.800696305836662e-05,0.0013784086021337446,0.00019998137422335137,0.00015242544197203268,0.009370558652698507,0.0003903717723850397,2.5115957206263606e-05,3.0227485936480938e-05,2.2787588802907002e-05,4.076448826939598e-05,0.9801095989220324,0.007872315357689097
W24b085596f0cbfd20006,6.067143462208474e-05,0.0012570641267727692,0.0004319680679891494,6.056826483714693e-05,0.0004788161535945954,0.007216540008271026,0.00011489148521220828,2.033466519463493e-05,2.449327304970471e-05,1.6114380691638642e-05,2.5565525767076665e-05,0.9824514208624204,0.007799216814146895
W254694347e7baa8f0000,0.05117184586618284,0.006566642112544688,0.4123739786642981,0.050582295530930965,0.18727312854021214,0.03933775209007816,0.009022275898685744,0.013386044327719825,0.00805119251821191,0.023205895834885786,0.013224908445222538,0.005830409078676558,0.0859900368827199
W254694347e7baa8f0001,0.02015824325662608,0.0051049088072641895,0.42827020216950495,0.07696411870395889,0.18527990344157835,0.03787280459371305,0.01040000671678852,0.01277801053342545,0.007799696023970114,0.026009848395522537,0.012596723091601094,0.006523518337319092,0.08202062678386983
W254694347e7baa8f0002,0.0456583285750993,0.00482256371426568,0.36941789611516573,0.0642576481140991,0.21103798498657894,0.04195900122625159,0.00920537472297548,0.013568529498406423,0.008278224741758437,0.022191683566430153,0.022901111955807168,0.006813555587156638,0.07165236631316005
W254694347e7baa8f0003,0.044493770898771684,0.004842520255590179,0.23049242012890261,0.06130958673948563,0.3769938187621063,0.035359939969765136,0.008509875767138624,0.013758156832723804,0.006693832366717776,0.027455835915381827,0.013767883525614635,0.00703491870914638,0.07938825442902203
W254694347e7baa8f0004,0.05270562305954088,0.005291048234171954,0.24563616081090017,0.05434364950611737,0.33389439497813267,0.04003002266919536,0.010261149020869057,0.014000041409945348,0.006088324684498525,0.022912124173693576,0.012918187767685576,0.006557458663816392,0.0887193607142863
W254694347e7baa8f0005,0.13102209031379644,0.005542814096403263,0.3698380400080289,0.06775307853417292,0.1430856728088314,0.04260948481374975,0.011184132776287013,0.013853596663065083,0.007250156671165256,0.02649521256539518,0.01460234284765679,0.006155381272253375,0.0683254889305582
W254694347e7baa8f0006,0.04766079672554611,0.005080367207254748,0.2704875304134302,0.07119668287529729,0.29471051255487807,0.03499778828066292,0.012145556139647077,0.014809263106650018,0.007564384126275613,0.023077862577065827,0.013712983752079974,0.007380107263074883,0.09658778506117104
W26c33f39ec486dc40000,0.004733259481590661,0.0035165962569894183,0.010926795119070236,0.009884913481350857,0.011379184545093853,0.015445712891097725,0.012126654198310494,0.09726052276174918,0.5304502706856804,0.007980361997912933,0.06272577851487131,0.007436067096035534,0.018184164972363286
W26c33f39ec486dc40001,0.005448977791032407,0.0026335605841728274,0.009107773823783952,0.008575456372445918,0.010117620892562204,0.013904168893503105,0.01100472546668111,0.10463109720574652,0.5157825419628026,0.011476737788933523,0.05546312045674479,0.0053367127772033516,0.016485886952716324
W26c33f39ec486dc40002,0.007320497650217711,0.0023215805357427034,0.008237142531956782,0.007709913730429927,0.009938525137518223,0.010583097431870251,0.010594914988309917,0.10113493480662311,0.5622313588326106,0.012073065236791998,0.04712630733799479,0.004967477770835575,0.016066255389138476
W26c33f39ec486dc40003,0.003718566453645072,0.0033078167498195622,0.0101521092400687,0.008419754248403945,0.010435022437718839,0.012460626323488086,0.01065806850104927,0.1078479213265293,0.5140104670873593,0.0072752328765547025,0.05901075630994169,0.006294755717513865,0.014439301742544918
W26c33f39ec486dc40004,0.005527580972181644,0.002840024224216454,0.011765622406242486,0.009971742579634896,0.010589003506806362,0.013202402954590894,0.010969892850370871,0.10448729263602971,0.5255316702514787,0.00851950088278945,0.06826650958683944,0.006596705077758994,0.014353307711830797
W26c33f39ec486dc40005,0.0036027009931508766,0.0027114979821247797,0.012112699303512801,0.009829589266448844,0.00915627029895974,0.014084137445292381,0.01086292473837016,0.10518702646728907,0.5211182985624625,0.007871227148556582,0.06288558931664312,0.005788831838788916,0.014270468391728542
W26c33f39ec486dc40006,0.004136543481028757,0.003157426502536525,0.010783658040812853,0.008277427367872596,0.010864044723831076,0.016504905682203825,0.010498494917716724,0.10568849459463307,0.5059245587932036,0.007480754689527427,0.06191951952191844,0.005694297203664287,0.013092131095257238
W2b547b8884802d090000,0.005348241118025562,0.0013916123475511014,0.45736525190838184,0.2828882505450936,0.1632993197185504,0.01419720784872144,0.009808397629717332,0.009149685942092199,0.0021730962104571923,0.0019632137945304108,0.0034837313074740704,0.009121616195586555,0.014426687521402618
W2b547b8884802d090001,0.005573195100902939,0.0016800086010987628,0.4633520999805964,0.2601626806992502,0.17612300037657344,0.012782950014839969,0.009936138754106802,0.0063804468862245795,0.003967432700109178,0.004225082048723392,0.0045863910024111455,0.009929935412419742,0.014408023257213652
W2b547b8884802d090002,0.005138035413583695,0.0012553287073122634,0.5141676904877032,0.23554518462404994,0.15184597562940702,0.013523294900346318,0.010698347271565229,0.00787216978877008,0.0033875971553933935,0.002330227741732553,0.0028757025970322365,0.008942925620415083,0.014577248375652593
W2b547b8884802d090003,0.004615353417919624,0.0012916594109086122,0.4389419305384934,0.3192203592574138,0.14325634132932813,0.01290039229042058,0.008497600379339209,0.008945666936961128,0.0035944081705466795,0.0023863780397631843,0.0034803442130068177,0.0090682170696212,0.015074241130760689
W2b547b8884802d090004,0.004231690841737308,0.001369519467516526,0.3826883055918486,0.3348826436098736,0.1864851319269313,0.01574377289157979,0.00993410509368381,0.006166255539410249,0.0024334072222984217,0.002777871311180263,0.0024815777535522558,0.00821380938536301,0.015087797003905664
W2b547b8884802d090005,0.00440754588598154,0.0013196070995454964,0.5569849554240938,0.17250322607150653,0.16561543435155252,0.014863252410667962,0.01202681403402624,0.006410278652553108,0.0029920073499372594,0.0031697055224231756,0.0029800657034650298,0.012371081243753416,0.01566802860607468
W2b547b8884802d090006,0.004625684643154718,0.0012693376937028334,0.5013291975447178,0.21863920316475663,0.18048089535511283,0.013759856011868198,0.010004353660446488,0.006562287008638484,0.004174643245735482,0.003145927529271468,0.0048904623164531275,0.009200853199712516,0.013750634138995218
W2b76a98b5fdc112c0000,0.0061236686316487364,0.9767107505590358,0.0014310630200510736,0.002099943334106719,0.0008274924567297864,0.0017655888552318313,0.004127710497718889,0.00029838739069259823,0.0005231910708127499,0.000621194897886333,0.0007807196182202008,0.0005825589066498598,0.0008878395675122896
W2b76a98b5fdc112c0001,0.009232952965484065,0.974106038085517,0.0015842813712616981,0.0009995220167426267,0.0007698348054409426,0.002643695104168019,0.003973117964289965,0.000471146905543823,0.0005098672771281368,0.0009638522289590539,0.001618401578523884,0.0006928986067991776,0.0007278189509748369
W2b76a98b5fdc112c0002,0.008226514097927089,0.9762396608925701,0.001495572615581278,0.0013184673633010514,0.0007522002652538345,0.0026649221516716398,0.0036005700897187563,0.0007253206957308194,0.0005029847131121766,0.0009436416319597897,0.0008283229393573616,0.0007142256172856923,0.0007390888375909661
W2b76a98b5fdc112c0003,0.006984539084852917,0.9777628583404923,0.0015474594803775645,0.0012764840983103393,0.0006087191411889629,0.0012656732226552696,0.00419499300329433,0.00071019459652424,0.000503201630246109,0.0009235249828917666,0.0012177095946561995,0.0007090709197700957,0.0007358060320608514
W2b76a98b5fdc112c0004,0.007134343552259385,0.9767176462812506,0.0016852981104681173,0.0017534481869971256,0.0008777183926502573,0.001665231825835605,0.0043341845491725916,0.0005500720662447912,0.0005074144994722513,0.0009611826836707201,0.000992235631579113,0.0005036379866145995,0.0007469197550308673
W2b76a98b5fdc112c0005,0.005233405494875636,0.9822862091332277,0.0009015597441727999,0.0005707030524618143,0.0008185088819049154,0.0016097702202658045,0.0035716762385345617,0.0003901873189289015,0.00011172152566970546,0.0009151932662879919,0.0009468512128894197,0.0007721203675370886,0.0007223170887297631
W2b76a98b5fdc112c0006,0.005530076420607668,0.9824362024265706,0.0011018160248006548,0.0009077960113232314,0.0008598549372398517,0.0012364237357661721,0.0033545322688863003,0.0004503544489326159,0.0001241454301336466,0.0009437499111111377,0.0008106371732045954,0.0005114890562538567,0.0007092912873912544
W2c589b5392085eab0000,0.004041878342134538,0.004641265816724277,0.08203745100486885,0.12543244239485563,0.6563864893241291,0.04472740640933091,0.02244156002122807,0.0013197795165815784,0.0010032117097868855,0.0010305273659164196,0.001641543546353676,0.048267497185150596,0.004791777916969217
W2c589b5392085eab0001,0.00405397015410985,0.004044128399727543,0.06768721902045244,0.15578556172589816,0.6518848143932491,0.0421266156763787,0.021764343433371167,0.001102094217696223,0.0009096567179579153,0.0010351558963613086,0.001379517357432021,0.04220699881412639,0.004544683192934884
W2c589b5392085eab0002,0.004305623908608935,0.004170358842606379,0.07044548217048761,0.1684594005003436,0.6425902991201747,0.04229754948151706,0.02036682888337202,0.0012011391510249783,0.0008336018255615437,0.0009752510957560617,0.001565429111505335,0.03709370411068599,0.004292170302029686
W2c589b5392085eab0003,0.00534295438548388,0.0055199955154000965,0.0871457095636893,0.1772652591191815,0.6069742944295909,0.047515119179710734,0.020710335535554295,0.0016688080921185746,0.0009666629230929794,0.001149528721364245,0.0016971140362541234,0.036982271884598385,0.005109752653787119
W2c589b5392085eab0004,0.005167311977741855,0.004103338526121201,0.08122392960918201,0.17056254308000737,0.638674910578234,0.03500063678630925,0.019787303205694964,0.0012257337549099357,0.0008388455718290879,0.0009717848365681074,0.0014731347552793704,0.03571057139112247,0.00334932868315497
W2c589b5392085eab0005,0.0044588488647581085,0.004523364173265281,0.06743310675296632,0.16758474578999702,0.6337358329919961,0.052556815714617025,0.015332441310788598,0.0013971537182807822,0.0008727580493581972,0.0014147906848262246,0.001419164104928196,0.04143962275940067,0.005868706705456178
W2c589b5392085eab0006,0.005395490549950873,0.0055878269897165775,0.08765271332556562,0.1702907480947987,0.6010179123769076,0.05605142428817934,0.017872360047136108,0.0016114977624432623,0.0009916429551067015,0.001904074892544947,0.0016337000349564575,0.04206411611977584,0.006282570583049172
W2ceaaf5d76ae865f0000,0.010507248640259752,0.0034978152063803404,0.5486418320157486,0.060199305602462075,0.10282952084628993,0.1918881287579026,0.0342500356622233,0.002858315649708947,0.002116115174374294,0.0034833839900732712,0.0031045915267606063,0.020322374199931187,0.0068084939150392584
W2ceaaf5d76ae865f0001,0.011933043814887623,0.004378455636667883,0.3987994982612103,0.0635597317837334,0.13831027559926007,0.30393996770780485,0.029782811944064475,0.0028490639500854537,0.0021150340235060244,0.002787563760939794,0.002992990405283798,0.022429294851281992,0.005759011302539504
W2ceaaf5d76ae865f0002,0.010743296884082891,0.003993101738779477,0.48898178295224465,0.04707525682386255,0.10765381312260451,0.26563866778571943,0.025304937152328507,0.0029357953080257635,0.0025182113608715607,0.004271095366521706,0.002624837481611221,0.022205353323474807,0.005753467362279663
W2ceaaf5d76ae865f0003,0.012161350729323122,0.0039916355174382185,0.5632875350519814,0.04580090277801822,0.10397147960785866,0.19724898448652498,0.02559908475454699,0.0025590095472997018,0.002398683185852848,0.004319208772783342,0.0030587470117515786,0.020204212967839013,0.004217468769905917
W2ceaaf5d76ae865f0004,0.011801878486712866,0.004213189645187859,0.47627139535567353,0.05124789889339529,0.12725453102414475,0.24930044280566072,0.028946750894985614,0.0030619984316059656,0.003489961749139983,0.002907987886146498,0.003266234713382663,0.023034239858933166,0.0048735903727723535
W2ceaaf5d76ae865f0005,0.008896393772648952,0.0048526394203755535,0.5648292944512389,0.055627269832410405,0.13756551655380964,0.14988972408766948,0.028253175854789432,0.0030943952444272755,0.0024946542490520886,0.003981104710840611,0.003477569860195513,0.022552020122329573,0.004696856067716209
W2ceaaf5d76ae865f0006,0.009126399922970386,0.003724899486068557,0.5292860994801404,0.05699363735947468,0.10901019064766485,0.19785098188107883,0.03562988211181876,0.0037329725863705547,0.002358093475760487,0.014121712015359333,0.004179900841897974,0.018384008590698733,0.005351629697696626
W2d862e29ffe711480000,0.014739252432609925,0.009806111594310747,0.21609674609738902,0.029069800511458153,0.03709049785996439,0.06487125502670461,0.01410308471920516,0.027768938970377348,0.1190989079748551,0.12758205278823412,0.06972483459875398,0.008340057678877313,0.03230120354277161
W2d862e29ffe711480001,0.014867624006845883,0.014268074248096594,0.3050673723913808,0.025199807337960983,0.031551277945954165,0.029170287939356828,0.012524173175563078,0.031059353521738036,0.08772955599476098,0.1400051598184352,0.061901847939145715,0.0076639382048812365,0.03348644963744274
W2d862e29ffe711480002,0.016482000800450956,0.01069252459153667,0.21372741963671332,0.025205597904146337,0.03434496098205296,0.035757725286911735,0.020756166113209216,0.030177995188209725,0.10465432407879843,0.12373705668620764,0.07264518507369591,0.010052623089701269,0.033279894651616106
W2d862e29ffe711480003,0.016092110001227795,0.010433118465656609,0.21080378041796022,0.02605551171876129,0.033913416824433766,0.03536743086252166,0.022285372597730047,0.03027490438429188,0.10932423402961788,0.13798806195569047,0.0712665931467431,0.010085607555439214,0.029921786751051862
W2d862e29ffe711480004,0.017026671163351628,0.011364872292209128,0.2447442795160409,0.02515432834241579,0.03739841671473079,0.03804332462468237,0.015287646883884332,0.032477623348462506,0.08052644190694427,0.13290684777378337,0.071315467075983,0.009723704137701336,0.03369526236796775
W2d862e29ffe711480005,0.015483965264084843,0.009172771144755738,0.31589851121303136,0.026647907694616745,0.0389808820649122,0.03631376077800597,0.014504288583188044,0.02577229476698145,0.06575510364694011,0.11937259185989582,0.06811219116338114,0.008855739073405342,0.028969920830245473
W2d862e29ffe711480006,0.016680552972513682,0.010003236552418998,0.2662895202732985,0.026554894794484238,0.0405253154546091,0.035371585986186185,0.016237773067660347,0.02797869535567496,0.09710765249061204,0.12221017327566779,0.06843289385836249,0.008799901805015022,0.03245647199346196
W2efa997a9b7c98ee0000,0.0063358974268452,0.02005024655932242,0.1327302362396426,0.01920193892909844,0.02314219084802367,0.022745878457223048,0.022641890500674555,0.037171242798356686,0.08643279277031869,0.06993330061368871,0.16882705485087793,0.019834852292753988,0.2677588505837194
W2efa997a9b7c98ee0001,0.005995242915112767,0.019937939739296386,0.12355673479728282,0.017761093678315,0.01934817886826596,0.022448901680627308,0.02282848115719808,0.037575008471915285,0.08803666696278017,0.07366739066874435,0.1734204368327084,0.02001026135817194,0.2641654529210544
W2efa997a9b7c98ee0002,0.0062900330791459775,0.020312851153034103,0.12773491525641092,0.01871984687658697,0.020565410318060095,0.024183257862666254,0.02248499107102998,0.039101019027724684,0.09104042524910211,0.07841412619429534,0.17429873490150613,0.01904925794717312,0.24306180615515327
W2efa997a9b7c98ee0003,0.006209778860457816,0.02684693384049545,0.12253560430267167,0.016430121699042097,0.02146709125772563,0.023278373785697273,0.02315535244158236,0.03965089991110452,0.09603860030021615,0.08465993608529333,0.16890075883750091,0.019623474732381505,0.25510652645672827
W2efa997a9b7c98ee0004,0.006033336339843536,0.020132413294911576,0.12479763513856665,0.01854547423043569,0.022787433353411858,0.024587828744607,0.036261931693998536,0.04585592500041848,0.08782341782644108,0.06835155271052054,0.1714228389694192,0.019468334720277255,0.25720194141298075
W2efa997a9b7c98ee0005,0.0058293337704145584,0.019986003334996488,0.11728942610212811,0.017487974992695103,0.023566636718575805,0.022359045069394064,0.03309472089094417,0.04655753271883664,0.09609298554175728,0.08351666767593438,0.17382508086573858,0.019252195918843827,0.243283723773072
W2efa997a9b7c98ee0006,0.0055823714540813195,0.026216468946588918,0.11403716651599242,0.0164137384739382,0.023306265723405217,0.024326283899880195,0.021374247469879933,0.040927787827165135,0.08655347579190917,0.10119124177798987,0.16159245826877786,0.018827802157505166,0.26445316710764777
W2f09f36e113015d80000,0.0011992175726033432,0.00025382306155937524,0.006907058685527462,0.002033274431156311,0.0020645892057888763,0.07853426541479556,0.00516531033421055,0.0001560185422337896,0.00014919527042138797,0.00015992457487011625,0.0011821332282211036,0.8854263286155649,0.01541220307572536
W2f09f36e113015d80001,0.0007612892808761999,0.0002458318815552633,0.00818240026332848,0.0016427322155598192,0.0023321504336553567,0.08336148761170259,0.005720438800686322,0.0001464032946967824,0.00014402944212563385,0.0001544565387791646,0.001370129867830622,0.8773075452557845,0.01754627875551004
W2f09f36e113015d80002,0.000920476992489177,0.00042661283212651894,0.00604075804173852,0.002394833398646919,0.003909527731876408,0.07349980975044286,0.004031257128952013,0.0009012865840812179,0.0009086769269085983,0.00014756093580871777,0.0008643515869285296,0.8972080653899742,0.006947265651694664
W2f09f36e113015d80003,0.0016645310732708622,0.0003837489108277449,0.007901891282557803,0.0034461207703073886,0.0036770552281515153,0.16396918079011136,0.009476292376989319,0.0011701702083667693,0.0004019330868306334,0.00042287179603474464,0.001703457614939252,0.7968917174924228,0.006625108336269813
W2f09f36e113015d80004,0.0010442213629255834,0.0007958788451627978,0.011653697652964689,0.0026560042102535494,0.004752232926352945,0.19442298024592458,0.010446168679333394,0.0011872181680163425,0.001073363800843598,0.0002099967293728196,0.001667650859084025,0.7527450476434778,0.015401868035029478
W2f09f36e113015d80005,0.0017946186058781502,0.00031094542089580814,0.010776794862896595,0.0021388250762469437,0.004547272443089922,0.09150278079397393,0.004861370737563152,0.0009419713189956854,0.0007352632122140016,0.0014132326123241271,0.00156082724589839,0.8579724508543002,0.018948246627917012
W2f09f36e113015d80006,0.0021330290884381334,0.0005358163589545978,0.014730111884728994,0.00787685858478118,0.006164426978217857,0.14891219747418039,0.015072977496724973,0.0003216100662642653,0.0010444756683012236,0.0011709148048088468,0.002840659937884347,0.7651287764843736,0.03148809265400564
W2f994ecdb980801c0000,0.46223779362518186,0.009059462923628149,0.03444987826739282,0.1310568120235148,0.014195997979851577,0.04722903684864531,0.023432136534145224,0.008813802526059027,0.007647299191467857,0.09429479179536934,0.022140369694817214,0.007411085243156895,0.048317355293254434
W2f994ecdb980801c0001,0.49577803148930694,0.007320291574856471,0.03519380205345676,0.1390790624325817,0.014500062371744485,0.03624798045982378,0.02667923342658566,0.0076097609927517134,0.0064554203654003705,0.045907827409363104,0.019825874822834006,0.0057280964825171445,0.05492893355102725
W2f994ecdb980801c0002,0.4705712208887719,0.007324019796522424,0.038047654624298946,0.1368213509512669,0.011430786527769,0.03507263005353245,0.025163804984818138,0.006666037711333385,0.005703931332997769,0.0692281920292136,0.022268922127547486,0.0062943233404223736,0.06733870010719253
W2f994ecdb980801c0003,0.44078382572079255,0.00660159100246566,0.041469697113337305,0.17142387965117967,0.015346626977430429,0.041321981962156244,0.0315997919456745,0.006736073606266645,0.005516334548150378,0.04621628575113131,0.02109908584872113,0.006616866386756968,0.06068427759117799
W2f994ecdb980801c0004,0.4628076285588184,0.006506072130733462,0.03726313314563929,0.1583830529861395,0.013958856169326024,0.03058040604996179,0.02514862753605417,0.007409153944242614,0.007067438453316682,0.047391662047495245,0.042863374912846385,0.005982922806262355,0.05987910112084104
W2f994ecdb980801c0005,0.4654052621876652,0.007442168077704771,0.03637138393840272,0.15800454292568428,0.013630982676886814,0.044858633454711076,0.024898719165238427,0.0066235060650686435,0.006303165648656669,0.05018076872980759,0.020426843596757414,0.007587329465760686,0.06132725324359593
W2f994ecdb980801c0006,0.47360681192000287,0.008061056618546494,0.03795307375073026,0.1499299969406033,0.013883196234537242,0.03826042166070136,0.02314272226619283,0.0066477789748345655,0.00576164224459525,0.05107071177578899,0.022965582058930487,0.008271469130786002,0.0700738893461529
W2fef388ddea1a5470000,0.0006603317273116466,0.0036591986163403787,0.00230868975118477,0.002248723457724805,0.005875330183217324,0.8518932535450549,0.0011662222539145436,0.0001425397862960523,0.00024166498188621884,9.442113612562008e-05,0.00030318652025306154,0.12635600895742607,0.004732284902801895
W2fef388ddea1a5470001,0.0005637815684184396,0.0037612240828623794,0.002929249846667486,0.0022499856571017913,0.0051363009726587494,0.8785867996937073,0.0008451155734993625,9.924513485444712e-05,0.00014150180540056656,6.154697814852586e-05,0.00017965749665843376,0.10090530372197103,0.004431023859053062
W2fef388ddea1a5470002,0.0007600680874884061,0.00027706099533856307,0.002834167456369097,0.0017271807127712609,0.005117563724919472,0.8671940293734767,0.000833220623359404,0.00010181366614670745,0.00012639892906390966,6.173800715053862e-05,0.0001666510195838327,0.11676381084332547,0.00392621945311076
W2fef388ddea1a5470003,0.0007572913294939351,0.003685169038332364,0.0030582704699671933,0.002007884083097719,0.005737466778003947,0.8570540992744813,0.002152237533744202,0.00012915869213257493,0.00016558212033699897,7.82392116350653e-05,0.00019950631774314292,0.11921894174987659,0.004957606989846049
W2fef388ddea1a5470004,0.0008695863608462926,0.00037737067332027315,0.005198831640012354,0.0025771767242997044,0.007378372996329544,0.8684793053872902,0.0006583527529844025,0.000163370653845443,0.00020316861423178427,0.0001015907792702683,0.0003539579048020124,0.10738448685344608,0.00555221531370482
W2fef388ddea1a5470005,0.0005999052705299251,0.0036591643942133854,0.0032663476925793708,0.0018834285291220347,0.004954145931848078,0.8856519775450581,0.000531916161910523,0.00010526894512439161,0.00015251973679445915,6.253883423985385e-05,0.000261578842841194,0.09407579076280267,0.004050715468139573
W2fef388ddea1a5470006,0.0006708213037814906,0.003959651079556737,0.0031833860051013445,0.002602260683428175,0.00527230003826723,0.8680709594663447,0.0006838979566551639,9.931250378282835e-05,0.00013886124519248952,5.932750510851923e-05,0.00022336869112910972,0.10998052957314357,0.004310102069043218
W31929a826970ecea0000,0.008660099580578277,0.011002351704706108,0.14163196286046395,0.05167089457537157,0.03516400801295288,0.028814263112730117,0.033012903207933986,0.020795656505523695,0.01452704158885025,0.020038223125328554,0.01210839827952677,0.014192632390038536,0.06777437658859979
W31929a826970ecea0001,0.009364445074027394,0.011115533190655556,0.12953308672908648,0.05272883729520213,0.03219223821744768,0.03773856477747735,0.036078894296536775,0.022192576536562474,0.01504982297817323,0.015593701691744342,0.016278594944444908,0.01595482515823707,0.06638608003252491
W31929a826970ecea0002,0.009665741822351843,0.011406776278907542,0.15617115038469076,0.05705406382506729,0.03300756820414017,0.027016014515188452,0.03390541451894351,0.03042013516355188,0.01494079700083876,0.017498256138250456,0.013209357431503525,0.013312424063841588,0.059066785838416506
W31929a826970ecea0003,0.009959067187081753,0.012066854418746898,0.15141613129312495,0.06211683381258291,0.03226810536273029,0.022602952730576498,0.0724174514389731,0.02422031470663601,0.01568260958512731,0.02117192867681862,0.01205285919526819,0.01595973435663341,0.06616962883502568
W31929a826970ecea0004,0.008978073459048082,0.010374265332296908,0.139371908216949,0.06654947455752673,0.031755699654971686,0.021386956891982965,0.06592410941063896,0.020694473779371468,0.013567850179730357,0.016143962959962555,0.010534565089715127,0.013674304422552234,0.06673153092334906
W31929a826970ecea0005,0.010137824465478569,0.012200145578164314,0.1502682969319243,0.058648926645649746,0.03549409051447466,0.023598360412361262,0.03690367215236095,0.022929952511287648,0.013490178747544585,0.01787958693638238,0.014741147995389657,0.014110741372053016,0.06301347119626151
W31929a826970ecea0006,0.010393173448234122,0.012750680340596681,0.13609318268398604,0.05679821633179244,0.03274054382825422,0.022415243457317872,0.04101863422757735,0.027180278122170054,0.014327069877375464,0.019129960574884006,0.014510885291026432,0.02051720099438462,0.06437820587832563
W3200649c2441eeea0000,0.00020228875305674387,0.0001041359011824436,0.0032542676727320284,0.0023017824896138434,0.0029885572002633204,0.07353566109870255,0.00017268088542682903,0.0007799535713676504,8.421718948803595e-05,0.0004580410020375336,0.0003132006087288523,0.9096095180169634,0.005915507190058034
W3200649c2441eeea0001,0.0007823601062010428,9.919774139128501e-05,0.003301091733572561,0.00275063427549014,0.0033012063953675964,0.08044117879064382,0.00013693126618286605,0.0035743104323982043,8.435160244023789e-05,0.00047024476848938105,0.00061540287093739,0.8969115998494921,0.006958134537595716
W3200649c2441eeea0002,0.0006138265410870552,0.00013041413954772998,0.0027508651457907696,0.002826917255738816,0.004412436182667621,0.08147517419019007,0.00022030916231424036,0.003623277865796464,0.00034817894471128217,0.0004913184473248712,0.0005124483123511224,0.8945397941465971,0.006940143710430169
W3200649c2441eeea0003,0.0002501721152644965,0.00013342285277875227,0.002830582788687188,0.0029874822032775867,0.003978413525082365,0.08681780824721011,0.00026726520701414984,0.0008196918216880733,0.00048776453357030227,0.0008783100199804075,0.0005301301621211519,0.8917912452026034,0.007183387639177525
W3200649c2441eeea0004,0.00019440693002781588,0.00011318879361483886,0.0025112511979402657,0.0023554697361137323,0.0030056420580357166,0.07942062136068065,0.00017488592772010959,0.0007728315796703009,8.554635322767778e-05,0.00047122672363360176,0.0004861300876946475,0.9035547471744367,0.0060431289782651556
W3200649c2441eeea0005,0.00020803891806638899,0.00011581951191888015,0.002900586328859484,0.0024176654198878322,0.004053693315349806,0.08250591388297861,0.00019707760867839687,0.000806582473495038,0.00010099285788912709,0.00048586547064424096,0.0005163087382383039,0.8988303739198349,0.0059441689985590615
W3200649c2441eeea0006,0.0002180060922799889,0.00010232590669508859,0.0031740200781003917,0.0023889876900750717,0.001629524717962164,0.08197665544608623,0.00023714607436727065,0.0002770514377476958,0.00010900227676499007,0.0004901068117397126,0.0005335019868456761,0.9022713988444663,0.005455851761533214
W3473531eb2823bc50000,0.015433025247209355,0.006808761698224118,0.5421324985621992,0.13494500388234312,0.08270492113540077,0.03504524756058785,0.05568485903832988,0.010492406312634407,0.00800472630170825,0.004948379204270352,0.008542869879723074,0.009869286773145552,0.0207691418492834
W3473531eb2823bc50001,0.016083935534773622,0.00715427728654635,0.5537877498255489,0.13314566852476892,0.08460372514097184,0.03158926814542916,0.04667700679153091,0.010091094052641294,0.005888745864928115,0.006330698879835625,0.008049555950910286,0.013388145516483072,0.020267036661429268
W3473531eb2823bc50002,0.018783747989888393,0.009622786867267677,0.5719469017383352,0.060832046384986654,0.1100011813471096,0.04555607314865184,0.05624435418518691,0.009748650194991222,0.007834715578991689,0.005790567118583675,0.012258901973514386,0.017167179466217642,0.020337221681669685
W3473531eb2823bc50003,0.046005847668744534,0.012685061757781758,0.46272946145861554,0.1710521441721559,0.08719792704642576,0.048512106850202505,0.04652806267721938,0.008942830257167208,0.007501579172124668,0.007432816086155175,0.01425521515279222,0.016590501988622715,0.020742428579245884
W3473531eb2823bc50004,0.017178833223096282,0.008526145161406694,0.55164533231566,0.12394424676010818,0.0920331878129417,0.03110241091683006,0.037137501738007825,0.010896024012931061,0.008732473479363399,0.0056710068207836166,0.00962213584560993,0.012402680118159766,0.02288097471270315
W3473531eb2823bc50005,0.01886045639354797,0.011453889804853358,0.5498380693676252,0.07233618285180073,0.11208951863331709,0.03503835022982822,0.03229574028161406,0.012534133171167812,0.011314317901186737,0.007925396305379518,0.011524659885849213,0.013833157627117416,0.03358831460439301
W3473531eb2823bc50006,0.018742510485972766,0.010855680109683344,0.44033835722205444,0.17274828028450484,0.11308549735760082,0.03934519035538925,0.040051545872049635,0.013388070991537751,0.012440730626063167,0.0069496736382938,0.013012600698675256,0.01682843646286782,0.024032746977778872
W3546dd5862165a310000,0.0008887339835327339,0.000438660096336042,0.00041265203398615905,0.00014304851755780212,0.00019504207590152273,0.016352478999359044,0.0005838428501058638,6.235566366768599e-05,0.00023073099685558992,0.00014103229998676424,5.911127224418653e-05,0.9715014155145562,0.008205977473076512
W3546dd5862165a310001,0.00010213463241413897,0.0005688325164727112,0.00038990619493260633,0.0001063363799026156,0.0007162200830762274,0.013067319156339886,0.0005990020338785653,4.828679504325142e-05,3.15940840072139e-05,2.7542794144781295e-05,3.723830018482241e-05,0.975320677050659,0.008630487802875893
W3546dd5862165a310002,0.00042863607309402853,6.192327725697563e-05,0.000320026010863525,0.0005786853204547684,0.0003353366666019254,0.016169444494888725,0.00024272923781804102,4.336159630373871e-05,3.395137212154444e-05,2.790865380064886e-05,3.7170408354192594e-05,0.9742532153296606,0.00712974409720255
W3546dd5862165a310003,0.00034565395266602893,4.6664503934839366e-05,0.001109031918016706,0.0005051458860112044,0.0009111894341459272,0.010736150650225632,0.0003280658177210101,3.816696983628888e-05,0.00013383126533687687,2.1823765070358745e-05,3.367576330067207e-05,0.9789139536838309,0.006550832701411535
W3546dd5862165a310004,0.0005121290409821287,5.148886385042536e-05,0.00033028077829496343,0.0002720797206613718,0.00030364972019422513,0.012775414975308702,0.0007707893809161878,3.910292077359382e-05,3.1902266809687415e-05,2.46810138549554e-05,3.246255575924276e-05,0.9760602398714411,0.00842447285481923
W3546dd5862165a310005,8.628669715426919e-05,4.531162305261979e-05,0.00023807900460453426,8.983909148680133e-05,9.003217433986304e-05,0.010271667554683166,0.0004658983801536104,3.8956326471150594e-05,0.00021403617249958644,2.440522877661163e-05,3.467834109763096e-05,0.9817695212602828,0.006286730095831047
W3546dd5862165a310006,0.00014147581506053264,5.584914651765634e-05,0.00026925952165721725,0.0002876988415583289,0.00011316858239152219,0.016351391851493157,0.00025140355805569983,4.679609364163994e-05,3.1596564816699406e-05,2.6921301669664565e-05,3.499313233735289e-05,0.9745587503065578,0.007510638279361381
W372ee4e3091c33bb0000,0.0026070687246425527,0.014835559854179474,0.05664385191213631,0.009624301490024675,0.010794861019622579,0.00676287782660414,0.006879350550313086,0.030889122280996353,0.558371261925989,0.017172217044358805,0.20362321157587637,0.011005610860429232,0.04667537192261527
W372ee4e3091c33bb0001,0.0015724054089125332,0.013185072265375975,0.024467787561879586,0.004412820989551276,0.006958113811950837,0.005963363034975239,0.005767926211823276,0.028614481004384577,0.6453995616384514,0.020708136404248127,0.19711121439437274,0.006549899456571283,0.02509589956023242
W372ee4e3091c33bb0002,0.001365774664739689,0.013586958600188753,0.02711677256855103,0.004603612292888066,0.007757177986401333,0.004970361864062073,0.004899102025522917,0.02659347601629555,0.6936152680292867,0.027995680027763377,0.1463134870283396,0.006343256947452861,0.022429879569873353
W372ee4e3091c33bb0003,0.001977768567861086,0.014261669396982946,0.033461012352779575,0.005890876954413069,0.007575754224669665,0.00747307677816958,0.006978399518365937,0.031017036075942504,0.7034109524121115,0.030009650904752595,0.10618486609889106,0.007624955025408276,0.02927501761502585
W372ee4e3091c33bb0004,0.002001930998205073,0.013946545952545469,0.032354300094454565,0.0056053245213735,0.0073402854112217504,0.006993004665496858,0.009174033990002734,0.027903473614039154,0.7009670253944156,0.03087170828527287,0.10637503223930482,0.008674747926177031,0.032553793129562254
W372ee4e3091c33bb0005,0.001744687996780267,0.013416912084000945,0.030890598858570123,0.004680503727590683,0.006852670612964081,0.0059948827725133606,0.008541872602918884,0.026473322081031227,0.5841427499741676,0.011538929780626678,0.2549179257702049,0.007112526621031462,0.02927507941415707
W372ee4e3091c33bb0006,0.0020542245460735474,0.013912346910170908,0.03375920277493098,0.006267496988818553,0.00745637527746776,0.0071870355578702964,0.009567527913389095,0.0261584149716555,0.6879077950476569,0.037738771041428615,0.11011673135272648,0.00884377030464715,0.033002766212924806
W37fe5be573d394450000,0.017423975665713496,0.023028161944349576,0.05504660415250088,0.05728359669157959,0.022783211647990898,0.0520320952076794,0.17070822847941705,0.03761203423415395,0.02298588186664518,0.01691211700328522,0.11911274935533342,0.026134541111726473,0.13497953623568437
W37fe5be573d394450001,0.01677479390644272,0.022360743789999492,0.04987652128532745,0.05149969413015121,0.02438557494166122,0.07397837249148381,0.09699386682361155,0.023237878931105987,0.02584785606067607,0.01996819487420866,0.20657301738933734,0.021352171291293486,0.12034196504463954
W37fe5be573d394450002,0.016673229409459048,0.021467477501505097,0.04628220451099104,0.051779246270490194,0.021255850649509925,0.07616399454235172,0.09838797253573306,0.02543839326166728,0.024083958602298772,0.02364082185840011,0.20946607349929292,0.021349855128456458,0.11976283092222835
W37fe5be573d394450003,0.01618637647605218,0.019557682776178996,0.051404928306190825,0.053458700555952574,0.02007143757196222,0.06528970550044164,0.0841369301212139,0.05131650384020933,0.022560890587064553,0.017926217346901516,0.14589626213150197,0.023382919041324876,0.12209281938376236
W37fe5be573d394450004,0.017726288081937096,0.024285762096543775,0.04479482984060514,0.040976797433496345,0.023579497831779036,0.06677937929612754,0.08009447959438297,0.029948018522327296,0.02963958028492015,0.017341326649456475,0.30136574019622037,0.02047118732922459,0.11189109578267248
W37fe5be573d394450005,0.01899716555697947,0.024239029325137215,0.046278337528142796,0.04544634451036314,0.023954323773065483,0.07147507673809225,0.06211534609998422,0.025868501914815965,0.030659033821132282,0.018433335572360283,0.3223962719851426,0.022000086664404263,0.10614080357808026
W37fe5be573d394450006,0.01768285838954424,0.022933341893822567,0.04734827535672473,0.05853896953332752,0.021465586788690795,0.06766195324896106,0.08555335130557315,0.036005063679257966,0.027213395127424093,0.02153756934741251,0.19994082524163195,0.023366734271152406,0.12630037474503114
W3850cfe923211d2a0000,0.018611264198738015,0.002563230723529002,0.0068698421434608544,0.12327950963336833,0.00840570764410259,0.010243800724529965,0.007684605517413156,0.6184319577824696,0.007769505436502974,0.01032697349608585,0.03623177543775974,0.004684527144785348,0.01843389875258626
W3850cfe923211d2a0001,0.018024814280431338,0.0026305377196010364,0.0078004238561132705,0.1066639331737302,0.01051236679908309,0.01121213981179515,0.008186858197134828,0.6331123653388894,0.008487657593253614,0.009285345086776304,0.02923122446309437,0.0053003069828219075,0.020103776987445914
W3850cfe923211d2a0002,0.01774611241829241,0.0025547050975380675,0.00888409523125499,0.1896682886781924,0.010809355999767794,0.012524318381871732,0.010033528275998682,0.5617741321763632,0.007108462112230758,0.009393949696831027,0.038312771510174724,0.004860472442289324,0.01873127544793394
W3850cfe923211d2a0003,0.0178795502825927,0.0023774804237732435,0.006834059880010141,0.17384038970316792,0.009359629870253572,0.011852993537742142,0.008203525196119076,0.5770058284028116,0.007614870356258228,0.009376773555942824,0.03247412424404566,0.003860186115098787,0.01925968791149574
W3850cfe923211d2a0004,0.016823191141357264,0.003034641020661345,0.007532330082662308,0.11232501461741339,0.008639207155618863,0.011099587464578908,0.005820640299930659,0.6379228859620094,0.007948341441858582,0.00925853226674555,0.02770838262496776,0.004754448773158811,0.017315532067573386
W3850cfe923211d2a0005,0.01817566779931464,0.002669590152461295,0.006369680153550374,0.16822207827011706,0.009140854889142009,0.011249694428360593,0.006354495821074535,0.5727304287926178,0.007720068784119957,0.008951218904300636,0.034559348044155676,0.0048656854383558636,0.017937444311778423
W3850cfe923211d2a0006,0.018306011775751144,0.0027979678998848287,0.007360389436471828,0.103738171789942,0.008638489737521234,0.011323102872198065,0.007034778700263474,0.646626976719827,0.007667044960302405,0.009586459760332487,0.03212011293660328,0.004963377907680566,0.020793511597248574
W399b55598af37b7b0000,0.03247573250023638,0.0035284815829914632,0.03588228136839883,0.043567736382809585,0.020368204677226186,0.023568105213841152,0.006476647712059516,0.5206997865184169,0.011857386100121969,0.03379798414625484,0.09329505017696822,0.005774767092191721,0.04097592531506494
W399b55598af37b7b0001,0.03639659690746853,0.004102125864298611,0.032265334217970204,0.04879677286206475,0.020629187686912406,0.023059771262391386,0.007630592481622114,0.5841134058747836,0.008928294984868565,0.038492844363527026,0.052065700442642,0.0055789694539903475,0.03815775730426714
W399b55598af37b7b0002,0.03164898450411038,0.0034392791210105,0.023252502044370058,0.04120790131260548,0.01854829084338054,0.01962070664543033,0.0066750256956911655,0.5532681307397125,0.009383822650920188,0.04005949409711164,0.0962278285604513,0.004917918556583314,0.03699446994099469
W399b55598af37b7b0003,0.035048754998025886,0.005926619729518813,0.0442987452216754,0.07354729294081229,0.03127557491810163,0.030304672947006943,0.010103479181769482,0.09391253233364105,0.017379527178846197,0.058860118455631806,0.2939508337512307,0.007630993004457838,0.049820350097115745
W399b55598af37b7b0004,0.05760083477621698,0.009949463743779046,0.04235451469782778,0.09612118284399782,0.039309696588414364,0.08321601575811699,0.015167714675741267,0.10278760469023825,0.016767994065799964,0.07260061860412041,0.13888861216407378,0.011575469883645415,0.05898482898600163
W399b55598af37b7b0005,0.04202817261419861,0.004319098594693624,0.038328606917273876,0.050125023610146376,0.025432665667564948,0.024268158811135854,0.008496137908188057,0.5447026452499607,0.010111182689543563,0.04364777063764114,0.05128862690228374,0.00635103921950216,0.037724299772790654
W399b55598af37b7b0006,0.0293792632178773,0.003471205312193943,0.038111145128672086,0.04300953507225784,0.02085478885511706,0.021663992601361436,0.007044142230131984,0.5830256186782578,0.009433966589105001,0.035361600171712144,0.05583694186168924,0.0068902479000205845,0.03559368371657604
W3b18f3c30c47d8040000,0.9194345339096471,0.05437594773720207,0.0025528590726492393,0.003128090695546133,0.0030595721156695182,0.004403937640872043,0.001870138691614141,0.0007638454098639776,0.00027618138103133806,0.0008193390981229828,0.0012854259127821168,0.0025285822349549103,0.003171141862022654
W3b18f3c30c47d8040001,0.9444748627574074,0.015687065366551456,0.004201793820584312,0.004651204563662243,0.004600377270910571,0.0070514763288874426,0.003761624230808278,0.0009342786711783773,0.00033370927034564275,0.0011908241312388191,0.0012518393815768958,0.004241136532598708,0.003315438317522559
W3b18f3c30c47d8040002,0.9492521206479145,0.015100774591438592,0.003718544394195592,0.0039503996536506105,0.0044532885933239825,0.0052107054037258465,0.004000852706312922,0.0011054003493660154,0.0003158830102690317,0.0015627916516627379,0.0008572435583493151,0.00275950551571172,0.004917456275953977
W3b18f3c30c47d8040003,0.922594298734781,0.04873106856351149,0.0025898876002953286,0.0029029438409992497,0.004833057252440945,0.00269921645880897,0.004141858060274802,0.0008783104556835334,0.00029091826920267717,0.0009494480114561049,0.0011592659359618697,0.0021607020083111695,0.003810185593939993
W3b18f3c30c47d8040004,0.9777584944961868,0.004919986400189298,0.0014767161595974914,0.0018662704279964425,0.0016553730113106706,0.0012763780687091808,0.0033974472070916186,0.0002798484821211268,0.0005343640970300525,0.0007121812893559722,0.0015937087523399279,0.0008259509515608548,0.001974311115927177
W3b18f3c30c47d8040005,0.9221387045361668,0.0488216390301644,0.0028297400302387987,0.0027009857208470925,0.0038539740670133914,0.003836057535573885,0.0060113630537094575,0.0009085827554983002,0.00030337142684766803,0.0003424546086927091,0.0011813254238954003,0.0020332354438497985,0.002944315480436713
W3b18f3c30c47d8040006,0.9389477414231235,0.014123025753504938,0.0030338816330074334,0.004353639717181539,0.004431535001153171,0.010476043853495366,0.002192550445836407,0.0016569036229849312,0.00030836600621398866,0.0014244441434559313,0.0008335813603584364,0.01068060176740902,0.004040009527944206
W3bafbf7685d60ad30000,0.008227142384623857,0.020679637658465703,0.1165034612790114,0.02156486036960218,0.020869680371034025,0.018206097033766494,0.028306169333315548,0.036971906322060266,0.16738252479991003,0.06290155859696066,0.3118296473660779,0.019948851163091554,0.07576879240570113
W3bafbf7685d60ad30001,0.008319957477579323,0.020344528118448668,0.1120492713032533,0.020933360963380065,0.020882031331128353,0.017812934192995067,0.023288303333973782,0.05737986169034635,0.17361569989476328,0.058393390711635795,0.2970070255690088,0.019196930018388025,0.07797703182464323
W3bafbf7685d60ad30002,0.008359404070910573,0.020945963399261726,0.13408711625389938,0.021029451527695513,0.045350995387801206,0.018029374957383743,0.02379004232287115,0.04224368916167949,0.16941862194793822,0.05619725696696655,0.2747738439738736,0.020040923402728866,0.0742035711191116
W3bafbf7685d60ad30003,0.009584125103009997,0.019887550894533323,0.12155289716146163,0.022015500578363476,0.02312967032753277,0.018924708094773333,0.03722833725619442,0.04382685598584792,0.15632899448925644,0.05417500497565502,0.2998132336504095,0.019599768510300097,0.07779618195183723
W3bafbf7685d60ad30004,0.009211002402972365,0.02052824901868335,0.11227970143309622,0.021250471261842967,0.022124907000609432,0.01889045745179976,0.03882073926728828,0.03875984248498188,0.16280485159028385,0.054460725819563495,0.29782985835880954,0.020462550224723017,0.08144538390758134
W3bafbf7685d60ad30005,0.008225362711934345,0.02004943370032092,0.10827062703224252,0.020383275712605703,0.024980975559790525,0.01585815108666192,0.03584834825291839,0.044755264467774565,0.1664084843825652,0.04952703559323325,0.30321922359390946,0.022077038954038616,0.07659774370722416
W3bafbf7685d60ad30006,0.00941663690368054,0.020054918840209768,0.13064370889849258,0.0209532202055054,0.04170731101463227,0.019567502364080176,0.02476003589726762,0.03335641028864347,0.1632537050575982,0.05394431558121478,0.2805107043096221,0.019225934324415588,0.07499285075000409
W3d68ba1ac902179b0000,0.04280053969540428,0.6483257581292039,0.00666775687953969,0.007125527819485585,0.006797834984328297,0.019384998034177033,0.01951100724755684,0.01963025942433763,0.14599951025435026,0.009173107180232879,0.04625438338204371,0.007598152973526239,0.009613594621608648
W3d68ba1ac902179b0001,0.044360631553630736,0.6699347643423227,0.005989675818987844,0.006929278486418465,0.005776361258559892,0.016806972135010305,0.01867437183985679,0.01742991255225348,0.1334613853182499,0.010075496473957658,0.043641848693614496,0.005943972698364385,0.008877509655339013
W3d68ba1ac902179b0002,0.04553948586693348,0.6774541181155354,0.006138735631942515,0.007277349591695035,0.007009875940045594,0.017593389542296795,0.016950381964592583,0.01711924003067399,0.12114870530802131,0.007072396018973536,0.050253991558601496,0.006010318553170015,0.009324674250765589
W3d68ba1ac902179b0003,0.04199912407720551,0.6856196976895594,0.006249103004810493,0.006892540384534441,0.006529874772228319,0.015848407641839778,0.01744413473712989,0.01742117886371337,0.12013786384239171,0.006340581790799454,0.0505209450039932,0.0065607420202593416,0.008788453851231896
W3d68ba1ac902179b0004,0.04309971555012081,0.6586345925810978,0.00656850249905378,0.009599107090229242,0.007313503094395661,0.01852531438587232,0.020675818934980793,0.018636146058572906,0.12536682202826194,0.007002188929494224,0.05674448281987535,0.007672487477046818,0.009217182377513178
W3d68ba1ac902179b0005,0.04098491367367975,0.6536425824359116,0.005498745694598212,0.006074072882399036,0.005471499732523227,0.015904726175834844,0.014651285648308757,0.0209202718629265,0.1287850581383224,0.006698188198307402,0.07697244955199407,0.006346881587239696,0.007860556682391651
W3d68ba1ac902179b0006,0.04530813801993727,0.6679874494709638,0.006185789121595177,0.007390035194057715,0.006181660920660145,0.016811042635223598,0.015192760150993622,0.018426269616561186,0.1359701413190373,0.00859921230146206,0.04657710622149752,0.005318958493610419,0.00900969391648537
W3ea9e82425f581770000,0.006540340672283959,0.0007730271872994999,0.01006695096731398,0.008361857616951815,0.007181360415654029,0.003012816272898051,0.002857765537199095,0.009063869838646632,0.0286508008347998,0.7961692189245346,0.004560253164605716,0.0026214588268407414,0.006324926455238306
W3ea9e82425f581770001,0.008365355963526387,0.0008604524503811644,0.0118142516690831,0.006896273649521159,0.008329133169036933,0.0026359492338023233,0.0033299030742389274,0.012755985717992496,0.03235238863499742,0.7568109693147936,0.004465927424682065,0.0023770580301141295,0.008113086188955738
W3ea9e82425f581770002,0.009168124462229895,0.0008641795252200962,0.012930574510185812,0.0088120345871868,0.007375806493939991,0.0027599774952933023,0.0037115340213599596,0.011841354322028569,0.0288280380431801,0.7748363239036374,0.005402457108941443,0.0036750895128840996,0.009652412708249309
W3ea9e82425f581770003,0.008861724684654675,0.000858803506455346,0.013434415330673277,0.00834038125948288,0.013048873571061116,0.003177581521079487,0.004586541668455999,0.009016780391697695,0.02894156067144793,0.7684385539983156,0.004633697509965984,0.003834149289455872,0.010469651060479573
W3ea9e82425f581770004,0.00961990213223928,0.0011995346048701864,0.013502248134613915,0.008634026005298322,0.01535165281120068,0.0037606986340109074,0.004104149606319259,0.009527142746737991,0.031613445381008395,0.7394250985380731,0.004258385246254981,0.0048487042247624835,0.009541364779547664
W3ea9e82425f581770005,0.007977097191353056,0.0008881242314758,0.012801461618057265,0.009222704671837495,0.008888687449983666,0.0030963434134550906,0.004155705883350402,0.009852302550329291,0.029314651923666633,0.7768235566406922,0.004394480665940187,0.002783635980482944,0.008161073762904186
W3ea9e82425f581770006,0.00879959606264239,0.0009818869262417135,0.011985633636303667,0.008725398811774145,0.008091908530923946,0.0033762328634479866,0.0036190587185187624,0.009898070287687147,0.032384162635328895,0.7711811066458838,0.005004665804201934,0.0038930711906322367,0.007937317362323136
W3eeea8cf96c231ac0000,0.014253655300592678,0.960378893615453,0.0023204713312806693,0.0017218734141147259,0.0024923025478668158,0.0021368867170036376,0.0033438709142517105,0.0007629019878592731,0.0004133383990338946,0.0017247621134826084,0.002218100528322234,0.0016430383764387587,0.002080358359986316
W3eeea8cf96c231ac0001,0.016979282844415397,0.958448561227206,0.002065580021152047,0.0026497881756658024,0.0020244723491950334,0.0027958801822185013,0.003856839835061097,0.0006717528644239641,0.0003392770488099571,0.001916149029589764,0.0019815271680761882,0.001534880939897674,0.0017116651023194435
W3eeea8cf96c231ac0002,0.012544983600345599,0.9688181663102984,0.0012664985674742419,0.0019057589336682705,0.0016377523502477537,0.0016412911343140183,0.0028062494093684704,0.0005695103879605547,0.0002713932003968193,0.0011328230347935264,0.0016924522947465625,0.0017747556728627645,0.0013212416949480593
W3eeea8cf96c231ac0003,0.01790921895258588,0.9547206238689377,0.001460813907865395,0.002450627863876667,0.003053572245085438,0.00242240460408026,0.004173447300649512,0.0010785054117294305,0.0003567959006464853,0.0019675850893043716,0.002001239316483702,0.002251681164532396,0.0019192943824028327
W3eeea8cf96c231ac0004,0.020466677766056922,0.9494313185674739,0.0018678213206957451,0.003338614050638879,0.003018456189486309,0.0032856434707152775,0.005065351278822074,0.0010871782099192968,0.0003358706324254368,0.0025074018063193726,0.0019744315109426753,0.0008479295462487618,0.0019869946435013557
W3eeea8cf96c231ac0005,0.013153758778463396,0.9691922048017128,0.0015507601993992428,0.002338250705223612,0.0019203396670669165,0.002710744472235694,0.0024361227754363507,0.0005283110645096547,0.00025268922675983054,0.000979446296874535,0.001380108488108574,0.0007837559677152594,0.0010614799024898534
W3eeea8cf96c231ac0006,0.016444471190109673,0.9637215748827825,0.0019363600108299715,0.0022809651443412627,0.0019669371054212765,0.0037691568933231304,0.0028613237911409464,0.0006605286230279495,0.00023963258021917992,0.0008240321477347047,0.0014340484055943403,0.0010956157888708257,0.0009449921464142181
W3f26b96bfa78adc60000,0.006038885170409373,0.007319895055565078,0.030118125498131636,0.01696778799911459,0.016317101148072364,0.009528076087018392,0.014527424506352754,0.024270236886434607,0.031047254950302257,0.018684398459187866,0.05349709154501192,0.013023528301682661,0.1263900494815255
W3f26b96bfa78adc60001,0.00672763283812908,0.007026687291203559,0.0294409795613138,0.017499279572866854,0.018020013342376056,0.0077485276486164816,0.0173590953285187,0.024507497989677402,0.027971741765221086,0.018021792820677715,0.06340797513979293,0.013030028787825366,0.12588349390469225
W3f26b96bfa78adc60002,0.007300531168054051,0.008365999844027226,0.03234807388729849,0.018772438382574985,0.01848264221818977,0.008724873826266485,0.015530434366263213,0.023680051516839586,0.03149193622651133,0.01872745147207304,0.06719979741801183,0.012690246240025859,0.1254068045164756
W3f26b96bfa78adc60003,0.007975721083288949,0.006870698421335985,0.028056451110088476,0.016196257585237146,0.017463484297539775,0.01122040422274972,0.018461721340494643,0.02403510608974116,0.036351562221322235,0.021130750183647354,0.0896543114104958,0.014480790641298312,0.08409928718227967
W3f26b96bfa78adc60004,0.00586095547912678,0.005919869530557377,0.027940154626340682,0.018572136456841498,0.01819465034246779,0.009612124225052034,0.015460956271420828,0.0227358577242852,0.03179738529584128,0.021781514520322228,0.0635012339700384,0.015339073367037298,0.10668908416843771
W3f26b96bfa78adc60005,0.005582358701495613,0.007233699135969173,0.02627194215089001,0.01720608812092927,0.015763893408908915,0.007650339145690683,0.011450201440799666,0.02661609382359112,0.03805774524351234,0.04423075972917816,0.050434053271471505,0.010105996530053785,0.10069174682527285
W3f26b96bfa78adc60006,0.006225018050783093,0.006992066145770403,0.028845391363402556,0.017304987164822073,0.01845253295806805,0.007964516357332481,0.012832403448007674,0.025866387363696952,0.030315403150527782,0.017689064196440733,0.05575685556879796,0.01158937313572619,0.11436213896555046
W4067912de7075f720000,0.15721956741255516,0.021048528794664553,0.10070490126706023,0.1467153522773849,0.04679739107643416,0.03755303385757827,0.033389343686110726,0.03655602021656326,0.016102004735181797,0.07504938971008229,0.02983859484000087,0.04660973238467516,0.0666555375304188
W4067912de7075f720001,0.17635164044805585,0.025805154522234256,0.1102907908848192,0.10014378623305457,0.053600710375743696,0.04166439909845055,0.0369049076680626,0.045287541373303083,0.017232042196627974,0.08133955843479737,0.04077799091887062,0.047531036310518464,0.06244869148121627
W4067912de7075f720002,0.10617692697105423,0.021637127622232247,0.07551326360010466,0.18868991922124845,0.05409451130538171,0.03139928860290627,0.03658721507061012,0.044821651779021705,0.015452300486194299,0.08760235727171956,0.04037128715125567,0.03850647042678428,0.08500147367147272
W4067912de7075f720003,0.13044033646032735,0.02445718745738426,0.03875460200463606,0.07528349068191628,0.04516555354894914,0.0651636114857322,0.05932660388713632,0.04766154656127728,0.020082472344461266,0.08331300076910049,0.03903055236040592,0.1368360400203732,0.09774299077794285
W4067912de7075f720004,0.1586715587352155,0.020441689916779467,0.08328483297441511,0.21275043224465215,0.05712628370351316,0.03712410041463738,0.03643488095324115,0.031438890266987034,0.013119840941983566,0.08305992000529122,0.03503218137149793,0.03859571692162376,0.05830767957391116
W4067912de7075f720005,0.16784866904290846,0.028628892659515633,0.08843275840840495,0.07974570808804923,0.09130555502124996,0.042466016831117524,0.04351453802894166,0.04435577838847048,0.01693349693457932,0.08893595918741533,0.04254887994451635,0.048819386627166506,0.07317438651797013
W4067912de7075f720006,0.15221934267799034,0.02662378492171667,0.09254350593594249,0.12390525148110627,0.06122165119573303,0.03744267514681453,0.04787585379761478,0.0340924311135583,0.017901075055300177,0.09614943895548182,0.03981852378619232,0.043320671457706315,0.06539033582802525
W406d4c539a8af8f70000,0.00040624700890994027,0.98418438785905,0.0004874781751259379,0.0002980900835984099,0.0010935627117054732,0.0005570711690512476,0.007062716325815395,0.00015652829160238117,8.929685489472816e-05,0.00011563316805472755,0.001373729399241714,0.0018660962660683566,0.0013482839302081714
W406d4c539a8af8f70001,0.0003961053539898509,0.9837363723447494,0.0005109542106585921,0.0002799016260648183,0.001271704485302303,0.0008378947001220688,0.006780187992576011,0.00018248481376260454,0.00011162208346976029,0.00015401889338126191,0.0013877852431538427,0.0015551040209214404,0.0015734388901197298
W406d4c539a8af8f70002,0.0003431880849751503,0.9885161311605392,0.0003626494557506193,0.00023332662591329736,0.0006315992425352714,0.00038972266321007454,0.006007269509428483,0.00016982674746120218,8.799246163435555e-05,0.00011112021880038777,0.00023042754239424902,0.0012937040611942536,0.0010915989314702038
W406d4c539a8af8f70003,0.00035686171752657953,0.9888816943010384,0.00043681142590511153,0.0002352730965955036,0.0006145124754154088,0.00043130136331926853,0.0057828288499847036,0.00018128542237584128,8.892285506018077e-05,0.0001143186668723657,0.00023608677387487942,0.0009608231534512297,0.001163339457184855
W406d4c539a8af8f70004,0.0005060779975312979,0.9846169333973147,0.0006343446862084349,0.00027886914304091717,0.0009860614159825458,0.0005748297566769321,0.0067008318124712665,0.00018602970131548875,9.270545811979259e-05,0.00012905774832745127,0.001169023283064085,0.0014600806464379061,0.0014755275158819226
W406d4c539a8af8f70005,0.00047286592105993236,0.9847141800646171,0.0006387378363218856,0.00025855298706513964,0.001000696299764701,0.0005736432365675559,0.006705466296716121,0.00018102476640935585,8.756638511805276e-05,0.00011816706948226977,0.0011340805360870573,0.0014037290444241033,0.0013945589405215252
W406d4c539a8af8f70006,0.000345621537808316,0.989112127275371,0.00042410213315604526,0.00024093994792364612,0.000258898864835235,0.00038878561356894375,0.00503803226725376,0.00019093354087993997,9.972418350798208e-05,0.00012113276602464018,0.0006200006124649509,0.001187509982391031,0.0013576446233609985
W43ee54d0f337756b0000,0.013943200441162122,0.031660641455615875,0.04684799637916861,0.03953728701911489,0.03705338659087849,0.042205675525820656,0.635638220429748,0.012646579983525101,0.009998107181414159,0.0074548969169686225,0.040395591130982955,0.012371474573587364,0.018477499428737217
W43ee54d0f337756b0001,0.013319821603456898,0.025346928378894948,0.054237291280065145,0.035288975490620565,0.028753945453264165,0.03857451429981268,0.6688746781684027,0.00877017013663371,0.008096812371058342,0.007048058090271989,0.03096498189322681,0.01310138317700617,0.014544725749840583
W43ee54d0f337756b0002,0.008452312747592164,0.015073702423181174,0.048095346724862646,0.02671407930053437,0.021174508849981618,0.02760333672922819,0.7535044517467215,0.00583282080446326,0.0059565717607603635,0.004869651450987888,0.024041090119749618,0.012266798100993136,0.010826191884537213
W43ee54d0f337756b0003,0.012921782071723066,0.02705888885793226,0.058805759022463835,0.03400427661132457,0.029417829235211943,0.04004291754965767,0.6525448358620817,0.009063992888351045,0.009858295125613772,0.006245422346623043,0.043949509312857515,0.013119544958335037,0.012643006050588067
W43ee54d0f337756b0004,0.014175718464721047,0.029136186861261484,0.06886885412491164,0.03827962107867325,0.03630045285027913,0.06016024073985318,0.544042567448375,0.016188103250921737,0.021279946833134285,0.028560189252164244,0.04188653771977416,0.018544290384402754,0.01778477676370353
W43ee54d0f337756b0005,0.009865634865283671,0.01820049902138384,0.05296186280110199,0.029291280621256063,0.027403868970658978,0.031987810887700044,0.6785512280602637,0.007246324333029474,0.011229799466470874,0.006083060739873834,0.06622260956423172,0.011610623240097878,0.009843956883304866
W43ee54d0f337756b0006,0.01207122021572359,0.02961718691749269,0.042742180973381456,0.029423918145310462,0.027326052920637722,0.029927434619128106,0.6963737998907279,0.010094106491223711,0.0072621851656504,0.005247517388423123,0.03377209797014613,0.011800020147665876,0.012129354435473015
W463dcae88125d0440000,0.005034249127034955,0.9340682434683798,0.0008579192290667323,0.001145976782907796,0.0009136260313610527,0.0016258447461460345,0.004783620822185429,0.003646612955335402,0.02354273928476923,0.002705033707769072,0.013730617616351169,0.000691059882134129,0.0023372709811326224
W463dcae88125d0440001,0.006923818580966984,0.9266824712499799,0.0012442646018417914,0.0026041975270062615,0.0013016758243020613,0.0029817373614589252,0.005035201154209629,0.005098758622104144,0.030259116024575428,0.003652103613994628,0.007859759197624818,0.0004316394326672524,0.0028041632320519702
W463dcae88125d0440002,0.007040315967710647,0.9193679859089156,0.0012088628321718067,0.0023799958141546775,0.0010597797973263638,0.003791066973946894,0.005157599576828418,0.0037869855636349574,0.028693288170412064,0.004002932615252386,0.016048596073856156,0.0010574612322233222,0.002742854114639708
W463dcae88125d0440003,0.005611096132835909,0.9360824518890051,0.0010244280757425639,0.0013576837804714734,0.0007330123696432151,0.0018168801267671657,0.0037987735384345358,0.002901114464948532,0.024926237438122268,0.0023923685538149854,0.013037812596411154,0.0006897132146460896,0.00215854976887547
W463dcae88125d0440004,0.005731045113005734,0.9459903545848753,0.0013109399377007806,0.0011334939895113335,0.0007144570715419505,0.0019398941302142343,0.003805379899880564,0.0024511062209955723,0.022604637682416245,0.002571134607340246,0.007782509732243413,0.0005295209931374974,0.0014551013465649559
W463dcae88125d0440005,0.005043572123654036,0.9397285891050284,0.0007966341347292153,0.0019115733757489128,0.0007848829289269619,0.001335163975890448,0.004574885318301649,0.0028372603424048535,0.023552904774606073,0.0026018603485172035,0.011780646069091835,0.0005975261048663539,0.0014976874434535117
W463dcae88125d0440006,0.0040766852856231345,0.942856656928344,0.0007368934276444112,0.0015898121555881256,0.0007434871797849664,0.001560639666481307,0.006039409708572037,0.0029225960279507484,0.024357543628137773,0.0034915673354261375,0.006428288081244909,0.0005045884027872177,0.0014318446791411507
W464df89a515d6d220000,0.02021207921089736,0.0034825705959068364,0.009608426338106555,0.014060135934682402,0.012766288545311168,0.025004623713032782,0.006193758931515069,0.016016140237050325,0.01398869411014414,0.6073261239574964,0.027554005732591196,0.013268396370061247,0.05015825374811713
W464df89a515d6d220001,0.021529144063538792,0.0037866165236948427,0.011066546800497954,0.012378488456853454,0.016184949305460074,0.02221362778733715,0.007774433233702027,0.014827281049416349,0.010588625437771849,0.5459950746688339,0.028690731707273855,0.011720437498468392,0.057759796305493986
W464df89a515d6d220002,0.025558850613113495,0.0030926558540407875,0.011302706023088072,0.012705695421263392,0.014586015641816089,0.025401812441082066,0.008324880209521521,0.016177121691558105,0.010669566259025792,0.45253646694640726,0.03776255563643041,0.013059015433189464,0.09306205267073049
W464df89a515d6d220003,0.020034867132399877,0.00142863382315639,0.010253282851543014,0.012667550746456483,0.013947229852616476,0.01952665011303856,0.005425059328828042,0.014623763805477676,0.011929733696916994,0.6376740582642965,0.023501405438644842,0.008151521140162262,0.06335387233376603
W464df89a515d6d220004,0.02374133692922376,0.002842086699780803,0.0104038852985955,0.015153301508562346,0.017249801653639336,0.024071142539499782,0.009671284045640183,0.018362950006231046,0.010955834118217747,0.4792857136318639,0.02340909774264848,0.012100094851412268,0.07422997850062193
W464df89a515d6d220005,0.020276026067424867,0.0022557269802613044,0.008198887673906792,0.014191909148115724,0.012165921600918643,0.02071614099626587,0.0076453251494288405,0.015474795292826322,0.011758741488833574,0.4908651153903193,0.020701105643612744,0.009353283223878947,0.08220708931303819
W464df89a515d6d220006,0.014211486943683065,0.0026643735007871186,0.004470665055066174,0.010633091741914558,0.010958108180347915,0.016443836068187744,0.0047401006215521445,0.010382081578669131,0.00820062667395684,0.6746483543087551,0.012717594200663106,0.008489609257209492,0.049935552627535816
W46caf6625c92e8490000,0.19767438179401617,0.005683524681756627,0.012054154681489846,0.022230648400430705,0.01274191786724284,0.017245722035234425,0.010432007906789175,0.03875712877458089,0.1898479885910416,0.03378732745924792,0.40249392714122156,0.004771983572041596,0.023308686769629536
W46caf6625c92e8490001,0.108881680108178,0.004536872529808843,0.00897454020943184,0.02232051378938507,0.012274339748226717,0.017701060713513513,0.010347333136905132,0.041338688479354554,0.1671505121521692,0.027456165889383887,0.5304044611676051,0.004021639185257903,0.01877151832023902
W46caf6625c92e8490002,0.19776782466170093,0.006049269783918866,0.013275737285089928,0.03345805989777845,0.016147181503871982,0.01816750499601999,0.011508675341583991,0.04430266655706306,0.20313409305441,0.031835127403683015,0.3574062202566938,0.0054207623693695965,0.029584815954418683
W46caf6625c92e8490003,0.20149676516483547,0.007519646610158185,0.012845216112536102,0.03447371362672649,0.018191571696048372,0.01949577667202525,0.012627299891638766,0.06869768183267333,0.0848414540429788,0.040740536665321916,0.4151949011914192,0.005506475193654981,0.034411834153631984
W46caf6625c92e8490004,0.19813845485297782,0.006551753480935946,0.014396093251965421,0.0373534780654888,0.017058347240838247,0.017911116658561602,0.011662900463560895,0.03523245885322067,0.11413148372201253,0.04000750103621231,0.43295008609829233,0.005677850126972189,0.028491114309403043
W46caf6625c92e8490005,0.1967619432363167,0.006510607974767229,0.01490922898019398,0.035514330215666884,0.02042103291163282,0.018954573150420668,0.011112998730635157,0.031909964414082274,0.10620428418753948,0.04107449779029101,0.4364479701760142,0.005321945681343368,0.03106379954155487
W46caf6625c92e8490006,0.1844224976108206,0.006138906388334487,0.012148199323302673,0.028299286189711788,0.014600582143805885,0.016140587234411887,0.010121705008406118,0.04956897200206512,0.21761526584855279,0.03318871865185113,0.36878189158196106,0.005480480852742754,0.024376286291978935
W474deeee09a43e6b0000,0.0036586587106777926,0.002032974460257134,0.018535302470458224,0.007954453499818683,0.008277756158798898,0.261631885540913,0.01543222319103422,0.0013919847539144185,0.0013813354936086835,0.0016648995685319252,0.0011524488678079888,0.6650996838596768,0.007998168206852545
W474deeee09a43e6b0001,0.008974700450327961,0.001944108999124154,0.017046882531116202,0.007258981317969024,0.010701703343291194,0.2760554958555719,0.01018444866325661,0.0037995195719165062,0.0016309263949299338,0.003841740279872084,0.0009208886619440308,0.6447594660693333,0.00911040976880486
W474deeee09a43e6b0002,0.005555612784303298,0.0006354093410561961,0.011928524637230556,0.005570868854834066,0.006396824132328318,0.19188604598606177,0.007830236888641325,0.00400962797671905,0.0004913701446502824,0.00223908606588198,0.0009739344314123151,0.7511060339986743,0.007927915838980332
W474deeee09a43e6b0003,0.0031200724067942803,0.001343894603226362,0.01780210566687434,0.00658439937002455,0.009985995702108745,0.27018912332949396,0.012393832513717647,0.00878595513357582,0.0010236507786927102,0.0011810546192962024,0.0011735262488423205,0.6565788025293238,0.00867540890914202
W474deeee09a43e6b0004,0.006486108620399525,0.001109949336896922,0.01894011625521836,0.006271252975105686,0.01025033946551004,0.18675254352202744,0.01067050676129154,0.004220365448426357,0.0008946891347316839,0.003036372628096006,0.0005770705372685819,0.7395438948881584,0.006799987283574962
W474deeee09a43e6b0005,0.008322577476733185,0.0014799469009731195,0.01699428214566673,0.005134100690723384,0.009616418574764503,0.19661400643833496,0.007879253443609052,0.003892304434222074,0.0006366414245445581,0.003595505344135669,0.0008367227860045607,0.7314905694522427,0.00869943798686718
W474deeee09a43e6b0006,0.008655111563273008,0.0009106411559291591,0.01349688279235509,0.005119132124133996,0.008309255471280223,0.16313973765367998,0.006123555244608694,0.003565138235023851,0.00043482441543989044,0.0034795024328482744,0.000644333586826345,0.7730944296228794,0.008714101152488862
W47cbd528d616aeff0000,0.0025076256839960034,0.0012929637151653287,0.004041512780287322,0.006803789575258653,0.007890434224250375,0.01002949687701176,0.006353267289174726,0.034095816125215804,0.0495327036594531,0.6857709792541282,0.09974483205982826,0.006956360499962754,0.014841106146086188
W47cbd528d616aeff0001,0.0032866490697880664,0.0013387073591057089,0.005461751913757521,0.006231284778314013,0.008219823782109972,0.009357711566114348,0.008447053814053094,0.03434047989008032,0.048833153134814525,0.6802748501473475,0.10524221845688782,0.007945687894115653,0.01569823690784744
W47cbd528d616aeff0002,0.003081414219685326,0.0012983368385167122,0.00532695713886932,0.006492898500801941,0.0072527534274393,0.008925310900989145,0.00726055531284143,0.03446415003047994,0.05009665513798315,0.6765958283048243,0.10465921940372111,0.00824655700149747,0.015522995136876851
W47cbd528d616aeff0003,0.00325111629778655,0.0012853497550334284,0.005621661400541885,0.006960855209969236,0.009058291813470577,0.009926889064489873,0.005691428044742517,0.03590798328169619,0.05351770988795839,0.6431579766255838,0.12843645074169868,0.00756376300011199,0.016557743376339064
W47cbd528d616aeff0004,0.002580952879167319,0.000781900243358638,0.00477522704762711,0.004880126462954413,0.007327811146278031,0.009660693252564304,0.005039398786502105,0.030038291624351933,0.047942316767224505,0.6935868630597426,0.11256491039174432,0.0066601024654807574,0.013832020527447354
W47cbd528d616aeff0005,0.0023328176452565106,0.0008045607526223631,0.004280579141150141,0.005423127286367348,0.007159764904654404,0.009338464360079339,0.00554604737822737,0.030925786133089175,0.04884820153286029,0.6936471076133736,0.10332477881825379,0.007553124444962308,0.015431390164176068
W47cbd528d616aeff0006,0.002707300400057578,0.0012044948988356309,0.004896290829073278,0.006620964577801062,0.0073542147965559275,0.01067573748058106,0.004411750071149142,0.03222621858264691,0.04683425772665612,0.6918385479289396,0.10102732530177438,0.00708700320273645,0.01435904470025824
W47e0abad7c6045cc0000,0.007544589656289111,0.001045026751544579,0.03183320928752483,0.01754347862296915,0.02465285770931576,0.3707120600170612,0.018429282434677275,0.0021241881491208528,0.0012298493741909125,0.004786190430372489,0.0022858354738451493,0.49947249514943837,0.010128098062144568
W47e0abad7c6045cc0001,0.023237628075272077,0.0015902624493491645,0.04081609786405211,0.019753830112570647,0.025317847852814053,0.32654355906916316,0.019325845415303394,0.0021897575190416322,0.0014713499766523354,0.006058936415651015,0.003147813444016122,0.5052411515263308,0.011904310154183518
W47e0abad7c6045cc0002,0.008086113479454128,0.0016477823989416854,0.038757621994522304,0.0175538539747177,0.023000194515769304,0.29740929412805067,0.015314494223290032,0.0031883603959481344,0.000942733542399803,0.005565451785758186,0.00269103231215857,0.563060253675273,0.012006293032169253
W47e0abad7c6045cc0003,0.009662573934688935,0.001755748445233286,0.042913404150900766,0.019886916047268798,0.03038268612525511,0.28859422822599984,0.031584469240952685,0.0027051454580717545,0.0022023614319613815,0.004716377675807443,0.004267777692698091,0.5363182839074196,0.013760711128873334
W47e0abad7c6045cc0004,0.012031041329037108,0.0015975101309278635,0.033951887686252104,0.01678100953470609,0.027890900907036255,0.48503331611630157,0.026078578478537468,0.0031958007403992484,0.0022954119194096945,0.008692249917706235,0.0026345895435001664,0.35815971189070944,0.01216896649451088
W47e0abad7c6045cc0005,0.008220854128769788,0.0011121308228207725,0.033562521641821184,0.020108445558268045,0.025152675607145042,0.393384002067712,0.017114191526972914,0.002375517043822748,0.0010331709533646764,0.004647393919855854,0.003420412789520629,0.46594590432155975,0.011748938422309637
W47e0abad7c6045cc0006,0.012947200072112471,0.0012828099777964588,0.04073110718335954,0.017055164854516705,0.027701702566446194,0.5195726592760855,0.014911211723029045,0.0035236123017120375,0.0018415639794765353,0.007140944471229901,0.003229148369151066,0.32784128010460944,0.01183418781359653
W48a6edf5a92845740000,0.01087315074868038,0.3670234262961467,0.010073705516875671,0.01472577226477886,0.012634273913720647,0.030680124878729224,0.009124515561878857,0.03778375037110342,0.011224124354794418,0.04970411419205301,0.13782751331382703,0.009846288278432421,0.03351465185412693
W48a6edf5a92845740001,0.012335150756880273,0.008495792051016143,0.04697257410477333,0.025791994892675914,0.020267439284832444,0.020047982321162866,0.009509402055254874,0.04275137132810303,0.012629215721240828,0.2029412837458632,0.31042853475949966,0.005265153024288787,0.042453593811795275
W48a6edf5a92845740002,0.00596608119885993,0.352642635924337,0.02203947834039943,0.015147429204458163,0.013007697422482273,0.025179440805689596,0.008763817979876562,0.035591849150256955,0.00872063557128317,0.055715218523800285,0.13764474218724393,0.007870720348254987,0.02997448847524363
W48a6edf5a92845740003,0.010453103260336424,0.008710134531379414,0.03907681308708437,0.022418759992046514,0.01664403230215822,0.018302028691088094,0.00939680993983794,0.051696626377331134,0.01308153321400302,0.1402886700926771,0.2536064261905778,0.004551537558429659,0.03956017864958363
W48a6edf5a92845740004,0.00550695443169015,0.28982381927455686,0.016692424327379992,0.015983879817767974,0.013625277058195105,0.02094680487651335,0.007727602791410557,0.034579256100154665,0.007977534554468485,0.04839210950266798,0.23246009085385652,0.007523223112809333,0.0272197814417851
W48a6edf5a92845740005,0.010342206486664346,0.00572142581541921,0.029931428104273836,0.022183225226979738,0.01623301786042651,0.016521659563976797,0.007670188822991229,0.03723081039136643,0.011252079868530124,0.10578663686345506,0.4713156542217076,0.003765218852864099,0.03961765148429371
W48a6edf5a92845740006,0.006548591344665697,0.3475137885266453,0.024348973155523916,0.01839558992662822,0.01228109010689513,0.02805804898374091,0.007303573326249114,0.03403848607606787,0.008127881719506107,0.08352973280813239,0.15268296680584414,0.008306917855600556,0.02902444637601965
W4a58e097b02affee0000,0.012965812965093264,0.01893222664673806,0.3314188578201998,0.03970185676649393,0.158630280978484,0.1054970062005715,0.023926981237231332,0.045996305470043686,0.012950886146298544,0.047608901812170965,0.013797606169697987,0.007531067216350521,0.03243827282443188
W4a58e097b02affee0001,0.010874660080589717,0.016862426669234275,0.33563690054282375,0.03189695668439244,0.14252468506683771,0.08184187683837213,0.02329613113785038,0.03763211823715942,0.010569918966392613,0.046550732273813615,0.01478040682154184,0.006813483986215251,0.029800333061257324
W4a58e097b02affee0002,0.014259606301758643,0.012308041471977163,0.3552093988044619,0.03799392242582249,0.16504482685307206,0.05818243607340223,0.029216323610148455,0.04035532406227847,0.014374212378073183,0.05330334409785025,0.01626150894988624,0.007987103184193484,0.02793879837834334
W4a58e097b02affee0003,0.014171287982692512,0.010823129122448172,0.3347378092467573,0.03724812919229172,0.17110894782677355,0.10711037303210555,0.027230703386138977,0.03345193337049253,0.012374757573470372,0.04555169820234298,0.015193643939109927,0.007616613878830465,0.027106117078830913
W4a58e097b02affee0004,0.013258087630533419,0.017443220411668188,0.33755373077461154,0.032971770321251606,0.15524070439220317,0.08561473246180484,0.02234035433691877,0.025873545138474743,0.011513059957245532,0.044424755394458185,0.015609227197178818,0.007195424174412149,0.028282993304638373
W4a58e097b02affee0005,0.01367493517313912,0.018446053191237127,0.3692601630074925,0.034646197656194214,0.14825932794341706,0.09539598072093641,0.024104278196482594,0.03500208944255752,0.012115573983173266,0.045884888416909096,0.014717660339203966,0.007640407789566474,0.030698175865800918
W4a58e097b02affee0006,0.014161867027282584,0.012369999384600648,0.3069600145557185,0.03591839852446647,0.1798054101494751,0.1046563392975648,0.025158920977264743,0.03522793309393927,0.013352879108943708,0.04884457565007299,0.01619123121113207,0.008084387154841794,0.02942696287547112
W4c18d806976b77260000,0.005577263637801343,0.010429194886048732,0.05829504877554978,0.040865970797874816,0.042249049464821525,0.023534145727365303,0.02944403910470307,0.022668644759272726,0.012174548308016715,0.014809459508823017,0.07615776106952672,0.005396227930491141,0.07224571951795566
W4c18d806976b77260001,0.005861780203127867,0.009165770145158882,0.052345439210878794,0.031868687096284376,0.021445288183059873,0.0289636795987841,0.03799393265577994,0.03208602469699926,0.018572088606315634,0.021279653923615624,0.11383866031445244,0.0060866415225410385,0.07645459866706954
W4c18d806976b77260002,0.006686862829601278,0.010278640103861121,0.05077659916042478,0.03938629258578824,0.02250308075154843,0.056786036256178944,0.07734620621158923,0.03419102717683819,0.021096698949030195,0.03328156462493644,0.1068923922321029,0.007608421320391148,0.051948636035926504
W4c18d806976b77260003,0.010385079356248586,0.016321101841849046,0.08006813499781955,0.05107820347995125,0.023705810938263273,0.10118044961573362,0.07550914907859366,0.019145881100420186,0.022167102492862766,0.01914310301656844,0.08106931321158478,0.010755191685126921,0.06983801071822021
W4c18d806976b77260004,0.005854476442189474,0.010532404392938685,0.07732909758463097,0.05099078741816893,0.02637185468117791,0.032464732330476496,0.0396726579457907,0.016708648180892627,0.015059267013235598,0.013795933861563497,0.08950144660070414,0.005949349971701753,0.061986373416880854
W4c18d806976b77260005,0.006281558354594725,0.010294998724112863,0.05698441473609879,0.03608443088899685,0.03791217453562286,0.029454747057742297,0.03330323564108845,0.019980515360497244,0.014577736867276097,0.015832338603379282,0.07330534014276212,0.0064504440690142766,0.05180485726292218
W4c18d806976b77260006,0.006278206767905164,0.010867176707865215,0.07140290368622655,0.04185005130910923,0.03492249760026069,0.03340337729386594,0.028599581694591883,0.01789078064789141,0.013695409178812538,0.014959755891088921,0.06675392905529333,0.006231384184919006,0.06308983599007863
W4d47f4ab363886280000,0.014212235206875461,0.006541435076955409,0.06923065418443373,0.04282242738144177,0.1257037748770467,0.5357865452455104,0.026868020250069378,0.006964301519819362,0.0052745342307589345,0.006246092891412858,0.01329913971926771,0.04631104530940017,0.07516874262494584
W4d47f4ab363886280001,0.011345400333108966,0.007025623127633186,0.07152609995584623,0.06097604681627953,0.04714924429807397,0.6366827715075423,0.03165149111307603,0.006331213442294574,0.0054768971081775196,0.004891365920163579,0.013439443640508402,0.038446563702452384,0.04645083870071048
W4d47f4ab363886280002,0.009005482568813089,0.005134763180231861,0.08539332553430648,0.03309714906666876,0.03573991548472187,0.6686597317989148,0.04275226284777655,0.004674220616595624,0.0050675805119663846,0.00482812710722759,0.013995735517182925,0.0465696521978715,0.028277234467348027
W4d47f4ab363886280003,0.008764542277660728,0.0034197364183493886,0.05311011137449933,0.03285283859616261,0.030948351313983866,0.7337287454614483,0.01961713362275003,0.0027900584716174306,0.003070982222890646,0.002361180888650292,0.009857367867193205,0.04704523339765159,0.037769839219588486
W4d47f4ab363886280004,0.0060666681860031485,0.0020066493989855678,0.03906247135794456,0.030837695234310594,0.02860335363717342,0.7783098239901649,0.018669773147738506,0.0036722412413000734,0.0032672146251193825,0.0028151992148793803,0.00830969061151826,0.04075483235057858,0.02119544439542798
W4d47f4ab363886280005,0.00813446526931662,0.0035804543242129927,0.04729485680566903,0.036454660979659284,0.03179024125955134,0.7148050559123555,0.016414899550241387,0.004160966070436224,0.003328625288921217,0.0031638628711960393,0.00908332633299103,0.05238764318383785,0.05352806978823219
W4d47f4ab363886280006,0.011553546150372601,0.003198623951420607,0.0641455255576834,0.030730115743553978,0.05863446412877219,0.6968379841027623,0.016715778924175462,0.005510320895776865,0.0025825557248711642,0.004070669295739569,0.01147905845651549,0.033528609543157714,0.04087286018984974
W4db21bcac263f5970000,0.024724922415522543,0.010333020732354387,0.0068449644397832,0.007255380756543124,0.010460961410283234,0.009242743437485858,0.00444519301012271,0.6813822915924336,0.008503227055612999,0.02017376106971266,0.011787629041785336,0.0032353996891864717,0.07933077659961904
W4db21bcac263f5970001,0.02536307217218267,0.010129123174021605,0.008434374589108172,0.007089782909637038,0.011655717426154155,0.009989871582506488,0.004175687297857464,0.6771881630872972,0.007963839171015225,0.02034074813242354,0.010932049925076478,0.00336000751546053,0.09910493955860998
W4db21bcac263f5970002,0.02673819506942623,0.0036655019977611877,0.01041387702527689,0.009085651403563285,0.013175931813134171,0.011662586090424438,0.004605864581445937,0.6496322883571275,0.008426274958862884,0.018738806953342815,0.012724559843372972,0.004649538220132879,0.11637030532661134
W4db21bcac263f5970003,0.02580401871518133,0.0034158426469449296,0.009212754796728093,0.007189054288061507,0.012642257687645977,0.01031894012805829,0.004296176558946542,0.6931831363360335,0.007412317892872781,0.01835864004529885,0.01040870415016409,0.0032765202454283137,0.0992243406131454
W4db21bcac263f5970004,0.026432276466365354,0.0029811627761702725,0.00843186413306056,0.007411103414112955,0.011194754728172569,0.009819030729523785,0.005686515251015333,0.6829797379718504,0.007345050908279553,0.016343050435551152,0.010014941554423246,0.0031634195120012485,0.09756677973791061
W4db21bcac263f5970005,0.025609035269198506,0.0030323798476920064,0.00840309090362629,0.0074895021253182726,0.01108951145770691,0.009991058604214767,0.005316710025045738,0.6844563159068755,0.006743957908262249,0.015877727110782294,0.01028303473209663,0.0034412691065786026,0.10709554538102706
W4db21bcac263f5970006,0.02452951406371131,0.0034207133400712187,0.008804752427615168,0.007011967479729878,0.011076508655195435,0.008942023945543809,0.004334565114698887,0.7146354347755537,0.006822966989497348,0.017344100460523995,0.010675653123351064,0.00326511210391891,0.0883145163310801
W50234e213d2d407e0000,0.08143795646067195,0.40961024132555407,0.023589485602991997,0.01807958206955493,0.03937707459517491,0.06360997195295875,0.2775680384676326,0.007015599944016371,0.005659394499769631,0.009620288716320934,0.025929027804169197,0.012403157642097333,0.009975560880514916
W50234e213d2d407e0001,0.07902200094312398,0.4177277459698893,0.023864790085594983,0.02154206325300209,0.03314661619884092,0.06039590392468672,0.2778496960599318,0.0073430756705883445,0.0047128785952692915,0.00968398595177244,0.028829605191877192,0.010954830308808962,0.009096306549796384
W50234e213d2d407e0002,0.08298849251403606,0.4313999750127483,0.026886712369847417,0.027981742457880515,0.029967837019424955,0.03706008574517792,0.2617887930848114,0.01036204933235269,0.006434235414638174,0.011940718121897974,0.03712098216289066,0.007107124467158477,0.010609730375000456
W50234e213d2d407e0003,0.09364909542480354,0.4250405339720484,0.03732631633148307,0.022664176307817193,0.03933131842306236,0.0774259474467245,0.16223255469764433,0.012659397253085736,0.008980792256338228,0.01481057843789523,0.0568062705010938,0.012284467669027367,0.012626981722413543
W50234e213d2d407e0004,0.07588913762172507,0.388750134279501,0.0248570143429889,0.018488458595164257,0.02818946807913672,0.056552269145435374,0.3107867399056318,0.006460235290399716,0.005694174181854725,0.013867526019696345,0.033686718318573554,0.010200446010251886,0.008629466473925176
W50234e213d2d407e0005,0.07102858156305461,0.39588794134561234,0.018148268932328314,0.020169958555048963,0.027557117853549935,0.053095144661947084,0.32544952387099924,0.00596835938545037,0.005857956041295877,0.013019299859713139,0.029521943405183652,0.009448380034788708,0.008608418886484026
W50234e213d2d407e0006,0.07700544839190203,0.3972485313183864,0.020501076306335287,0.020225943985473505,0.03207560509096461,0.0585587718798706,0.3023246837531038,0.006595589833254817,0.0063225056685914495,0.009350379694787024,0.034597403674076745,0.009781089286419494,0.009328271722014394
W524e3e385f318ae50000,0.021474506828275963,0.0015769991440796084,0.007032322758046955,0.014680792553710378,0.005547811781286878,0.006453743618337487,0.002157996436347407,0.021618881850674277,0.08572582740354798,0.7207249336742189,0.062085397889178946,0.0011110785760415675,0.004747165886259829
W524e3e385f318ae50001,0.0052372122982614604,0.0007455839879075705,0.006802187327308527,0.009313161974928574,0.0047064916142789395,0.0039248078040685745,0.0017176732481171346,0.02204000486810326,0.08435260047734165,0.7405912277776102,0.06343369402682973,0.0011268321063041186,0.003493571524784187
W524e3e385f318ae50002,0.005466220241164064,0.0007379157451541278,0.006581750528086166,0.008411159021563922,0.0033330636733820283,0.004467251599697712,0.0018628928272758343,0.021767265616926056,0.07984430545612105,0.7371011474877306,0.06832698614122153,0.000787314931872425,0.005725422060742044
W524e3e385f318ae50003,0.005624666691095744,0.000769519279142575,0.007299987594618886,0.009137924803817489,0.004184537410738807,0.004004832498731394,0.001479288585431922,0.022047911060735066,0.07814935196088517,0.7398317098881766,0.0687991322454492,0.000759877286560093,0.003968964054071824
W524e3e385f318ae50004,0.0059334548266103074,0.0007536116582090248,0.007035043665972377,0.008441516317901014,0.003945957806412087,0.003885097649099103,0.0017018245844117952,0.02142631892655572,0.07947305775224124,0.7453534204976577,0.0650258887122531,0.001165942953736523,0.0033967817960758773
W524e3e385f318ae50005,0.0052119532808436765,0.0007361260737495554,0.006457988087110252,0.008519275741408613,0.002997178162614892,0.003696909321148826,0.0020635583709124384,0.02093475416823589,0.07995211328118841,0.7484382129729696,0.06616859034394268,0.0006957605678476633,0.0034654428705066347
W524e3e385f318ae50006,0.005501327004713574,0.0007813390564028817,0.006310726849625423,0.009737305127194227,0.0037093516739487506,0.004253455054298843,0.0017523505385674256,0.022297680588181188,0.0845866419274565,0.7397103885243796,0.06579992783158745,0.0007477351389580391,0.0041156136966690095
W534b20232e0659880000,0.012222940981418486,0.005406967946925344,0.036029572091393555,0.03187515386221244,0.07419958877239621,0.06451303010641912,0.037581033862165124,0.013232075519220695,0.006893182146195019,0.007785118274927188,0.0022454242501598384,0.6410886502721483,0.04551384668184403
W534b20232e0659880001,0.01770391311701297,0.008331092898901767,0.039325272930809965,0.02972289632372994,0.12754529647492627,0.07093279272774647,0.061181320699055505,0.015433493456888278,0.008374095680317464,0.010896039576828968,0.0029275725854604633,0.5353461730671779,0.04832771231488103
W534b20232e0659880002,0.015004215751268014,0.007935354541250713,0.04315344494503708,0.03413480343724013,0.0853921326899785,0.07762319255747002,0.08571437084708008,0.023792995342934095,0.0074981460529332696,0.011840640625499195,0.0036091769998404894,0.5256551893066743,0.051233831248818626
W534b20232e0659880003,0.014839596028348712,0.008060580041809151,0.04545636317106153,0.03326230755897898,0.08751978157844598,0.06389040728078207,0.09685860621273468,0.021723092997885742,0.007369729105558901,0.012571948759956281,0.004481099310025165,0.5230591363670405,0.050939659409738956
W534b20232e0659880004,0.021528930571577756,0.00969008793207259,0.046168550451413826,0.03393523935088108,0.08757924825155532,0.07664498758378856,0.05433784329667159,0.021631439048217398,0.008234504639950362,0.011961416743757655,0.0033958375189511152,0.5396284740630924,0.05071026894651319
W534b20232e0659880005,0.01976607442101684,0.01890651003695114,0.03805056979468361,0.029182905381570735,0.14360326493412015,0.08417256091143062,0.0548075239173722,0.01896383561097099,0.007341343335862884,0.014019883049049373,0.003412510977656943,0.4940098092443189,0.04964086134801041
W534b20232e0659880006,0.013337242756544016,0.008494816119630459,0.04846609334105434,0.032340954347904745,0.0781692632185772,0.07004269911995316,0.06148683843121163,0.026313240394097413,0.00771544980658479,0.013552142438316653,0.003800588482811137,0.5529871983738097,0.05082195939709702
W54ad0480a569cb320000,0.04158213914057813,0.672100184713578,0.010978538035235038,0.007667702831568184,0.00697346552925393,0.011928262042184164,0.016683107681555943,0.012391290930803229,0.1430830414617178,0.009560718398100493,0.04088241457544049,0.003435418150756347,0.005225236762380922
W54ad0480a569cb320001,0.0384049400075718,0.6793672118742724,0.012389244206991668,0.007144054580302306,0.0063065806404496326,0.011779019097533294,0.016061053494654854,0.010087346270096872,0.13593225982713575,0.009886681734373994,0.05061749613347592,0.003358864517970572,0.005518965183111313
W54ad0480a569cb320002,0.043477507335420225,0.6668814741484771,0.01147368787132645,0.006084491294894783,0.00588047614925116,0.013052419726760212,0.017098248873797066,0.011094279862001956,0.1409507850100051,0.011670293791172721,0.044925453481340465,0.0039804532066611276,0.00556928192639861
W54ad0480a569cb320003,0.0429012842059419,0.648524505871807,0.011691788307514975,0.006432564140200373,0.006784172783864993,0.011659522053869859,0.017492936683579336,0.010964516887947353,0.15261916142572063,0.007379827149431135,0.06021134709328324,0.003809595277473967,0.00442516614667003
W54ad0480a569cb320004,0.04200982077020452,0.637410367305241,0.011635906971201992,0.007664186840581456,0.006629519538782219,0.010385560395572126,0.01620827749936568,0.011473486803863594,0.14822541144399898,0.007922820270107305,0.07536094916846675,0.0031094741361137653,0.0042232017266369175
W54ad0480a569cb320005,0.04419460708188642,0.6779023825611676,0.011501221502070247,0.0071367319766500684,0.005492119962130859,0.010818728890171533,0.016576342357467456,0.008572532476801745,0.13171253774115885,0.007760466205795029,0.05205369844637855,0.0028140865751783177,0.004471357588767047
W54ad0480a569cb320006,0.04103303873389997,0.6823385137052511,0.012289093846358285,0.00811482959222424,0.006958120206427425,0.01321928230565697,0.01831990203710856,0.0088933219420602,0.12231313944701197,0.007238649349636748,0.05519898342037352,0.003851368774260323,0.0048582986086032655
W54bebce4609783090000,0.003147508952565724,0.8782005863694611,0.0008658789034960516,0.0008005108327634692,0.0007587378197497993,0.0015869604698058111,0.003404387209804774,0.00240845245342868,0.09544851839705525,0.0024532278512789875,0.0054957904227391895,0.00042406600492822164,0.0005100436654998915
W54bebce4609783090001,0.005334928152509093,0.8676195262615047,0.0008874395262887962,0.001143640982587114,0.0011432563794775913,0.0013751140941702933,0.004705965982195373,0.002266751525529302,0.10202249450862666,0.002631885692590829,0.005337233373011495,0.0009321450002726397,0.00044803321268467545
W54bebce4609783090002,0.004023242656680069,0.8700497512110854,0.0015411964305445188,0.0010971999618442695,0.0010449225043105358,0.0012446500846002861,0.0044854292991997665,0.0020735545124767043,0.10040417120365332,0.0032859390981709665,0.005740320617839134,0.00036190172944140005,0.0003735641434692178
W54bebce4609783090003,0.0038031926859066504,0.8612873825533429,0.0014679062835239545,0.001484643453190664,0.0010679756036476248,0.0016692233914374296,0.004005711779065529,0.002112155379942975,0.10932552616739138,0.0015983700188660968,0.0073768686709808386,0.0004585495274460392,0.0006013685853525928
W54bebce4609783090004,0.0037032140748611054,0.8576741621665032,0.001457431546744283,0.0012918507821562033,0.0011887159759529204,0.0009305388789299139,0.004483443277178984,0.0021270005397024446,0.1135128080769378,0.0013492040028094206,0.006145280143241048,0.0008521424658498453,0.0008689118677019643
W54bebce4609783090005,0.002790779986985677,0.8714403724439564,0.0008455369654328511,0.0004388883508180892,0.0007373841214246109,0.001012271985207014,0.00329222711314629,0.002564621035461197,0.10434186051908163,0.0012165050820717705,0.00539678568821153,0.0005699111998871507,0.0007432017400730016
W54bebce4609783090006,0.004003615073569519,0.8547670283259159,0.0012531989290894337,0.0008665492484907352,0.0006701910235148682,0.0009026090128083146,0.0043980816534438935,0.002092636385251541,0.11929637552284461,0.0011630043739554064,0.005604719832505008,0.0004644815893492141,0.0005443281475643127
W54ee2ed2c75bc2f50000,0.030894111605041585,0.7193050807231743,0.021057423725527272,0.018342396534493564,0.014771045995517562,0.022695016098949947,0.05815101478202694,0.007173433779176605,0.0033609842008295314,0.007639397889130259,0.02397738328952029,0.008780874156880102,0.02671401864708137
W54ee2ed2c75bc2f50001,0.028252883806800376,0.7076185412752845,0.020716804892079225,0.0206937592787725,0.011481399640245367,0.02386437833109742,0.07105747947786256,0.008032909738847927,0.0036775951835284525,0.008703532817820114,0.021524142858441637,0.007499621387596475,0.027550275020954525
W54ee2ed2c75bc2f50002,0.02799580867904698,0.7429687840180365,0.017846128632517718,0.016453538639384282,0.013747072764297364,0.02066811410059023,0.04856668258759578,0.007318862986175628,0.0037382426495853375,0.00895743860363896,0.02056052332046724,0.0071320582612979435,0.025942200865218402
W54ee2ed2c75bc2f50003,0.030493206313658282,0.7301616424904125,0.02172892960130208,0.01871972400264963,0.014130194025584781,0.020860603891207242,0.05160892986784603,0.007594145057670355,0.003365639181267105,0.007378914046220094,0.018178896850821982,0.007841835879377297,0.02883312793848347
W54ee2ed2c75bc2f50004,0.0304688600459763,0.735226750473331,0.019564865699115256,0.018516038992010896,0.0128247425296839,0.020495152293830542,0.04796526029374814,0.00830095402964849,0.0032388949322582684,0.007515853401759473,0.019939079779307436,0.008041266018951847,0.0285399149152318
W54ee2ed2c75bc2f50005,0.02977719961394802,0.7288163739340282,0.021061643329483248,0.020521353394919943,0.014518195925814423,0.02185273744638941,0.04805204766010348,0.007065399366675877,0.003481198009177678,0.008438919339286116,0.017764789621499542,0.00870309892618365,0.028747445543050528
W54ee2ed2c75bc2f50006,0.03026315886457272,0.6960065376322757,0.022100378915596408,0.023369510533430848,0.011436987611320611,0.025468704019924064,0.06742153452188007,0.00753991185209412,0.0035924056961298837,0.008384167177494684,0.021750396750914298,0.009562125834835353,0.03139005896478306
W55036d5bf29e8bf00000,0.004418282419489306,0.0019313535613848703,0.006458167989858447,0.03114477701834847,0.0038899244575280605,0.004811568434330601,0.0024766660513633894,0.01833557196658435,0.046736554969575565,0.4631580524989023,0.1408499993481244,0.0021188399195890585,0.012146816954440979
W55036d5bf29e8bf00001,0.004102751296592466,0.0017778629111459888,0.0064945050101849495,0.03108702536947416,0.003529185817849615,0.004540056217730582,0.002019290654791358,0.01844270669196191,0.043996729910948974,0.4686691386011024,0.15340504325959028,0.0020805877478327437,0.011608701532972877
W55036d5bf29e8bf00002,0.0037465985918294902,0.0014869056240257672,0.005996105194435035,0.021911001554016783,0.003001485207807737,0.004021917452710814,0.0015959099954845934,0.01638405396737514,0.04157963466661958,0.5026277851009273,0.13091662069912352,0.0016782913590242384,0.010905508462726718
W55036d5bf29e8bf00003,0.0039033687770350413,0.0017043806957253822,0.006179659626817629,0.033916351412340534,0.002925913445438599,0.0043758644903327875,0.001915533996493695,0.017062587892040456,0.04114040625417388,0.523745281025043,0.11737616149069129,0.001976591220270937,0.012478658586259326
W55036d5bf29e8bf00004,0.0036741561691486513,0.0014838589265063508,0.005303618337518144,0.0201651086941738,0.0031137410479661113,0.0037570035068462326,0.001517644008482932,0.016538514587574812,0.041726610168083905,0.5313295352545669,0.12583301877186548,0.0017141482995506388,0.010729594213318398
W55036d5bf29e8bf00005,0.003495866987985847,0.0014131898586272323,0.0051523785517696525,0.01689408374232071,0.002318426696964197,0.004071324519223801,0.0014647933941378517,0.01706602196640093,0.04269247817430574,0.5118713660228014,0.16178303614935632,0.0015782061849041336,0.010785990147161516
W55036d5bf29e8bf00006,0.003731460869104573,0.001593987811308069,0.005324087546080466,0.013190340271709912,0.002360480290736446,0.003908017821034125,0.0016161033387034037,0.016475362391168296,0.045951265448437945,0.5524534239216011,0.12286715294735909,0.0017762435207985677,0.011302125938511322
W55377da729846c8b0000,0.012685057932684356,0.0029980859095895935,0.0037019878930039593,0.0048170747021498116,0.0047342978219561275,0.006504347102623114,0.0018472287346223994,0.012977366250946473,0.19308872383006837,0.6457066844895002,0.048774685304883623,0.0009022145418316676,0.005168515998463972
W55377da729846c8b0001,0.014669909821524756,0.002954036087447285,0.0028547090734523887,0.0037499268200413952,0.003719074641377887,0.00710515513606296,0.0014422259862973113,0.013372209119106243,0.21229889294916768,0.6340519470944254,0.04418205238587142,0.0012506063268679316,0.005819673532491176
W55377da729846c8b0002,0.013744212888138794,0.0025662460185647525,0.0022564922950112786,0.003648460563376366,0.00387338444067395,0.008119338470299216,0.0019388904645413927,0.013018875274530635,0.1752791812953029,0.671855736667219,0.0463064063039314,0.0012059690285060646,0.00606556579788818
W55377da729846c8b0003,0.011886513216670554,0.002358345482536375,0.002261945049335674,0.003505734710209147,0.003522037117403313,0.006565920767578558,0.0018135996146972132,0.0129524789396901,0.18859287201942848,0.6636084933679486,0.0459013399654889,0.0010489613219779453,0.005937839784635612
W55377da729846c8b0004,0.012967154491485146,0.0019502431689674125,0.002507638549124755,0.004234131642662536,0.0035363391273328325,0.006942399184132879,0.0018493989703784592,0.01255636325889792,0.18043979771636545,0.6715358606805091,0.047061372765866444,0.0010601441561624825,0.006000017732192925
W55377da729846c8b0005,0.012716752880768331,0.0026047096228677047,0.0024785165365481857,0.003874815713454986,0.0034519680144192346,0.007152730667731646,0.0014369230315351266,0.01284047596198688,0.24273918560992222,0.6189334910536435,0.0390242992292152,0.0011594998471720188,0.00510426802594882
W55377da729846c8b0006,0.011866482609127017,0.011021458630638682,0.0031950939315933133,0.0037765256694705005,0.003246125010759809,0.006867430511107994,0.0014615314409819331,0.010802352569627095,0.1698602000284691,0.6702081236608677,0.04640464256629129,0.0016279617646107931,0.008548550713671957
W5626f48fb9a65fd30000,0.003785718168888186,0.0013465940086112627,0.0030273644140138434,0.08174789748935425,0.003197869581690016,0.003357772065491723,0.0039367460013847964,0.010911835306386593,0.026268642529151114,0.6996649529483285,0.059619409091524564,0.0021586160724139177,0.009007212241477484
W5626f48fb9a65fd30001,0.004933866191670669,0.002271561378726818,0.0054503403931738074,0.18538276267958015,0.0053518158040515695,0.005740050101537335,0.007347680980586884,0.011698843773683397,0.03896904489325188,0.5621021700959733,0.05516827226182024,0.004939509412286363,0.009254500185920904
W5626f48fb9a65fd30002,0.0035467106567385795,0.001543673935424005,0.004043388823230703,0.055836162000759554,0.0037983006517217973,0.0040426877049090865,0.004624503656716316,0.008671549725760846,0.01835244768233841,0.7591996815591855,0.03744498475133619,0.0018812180627220882,0.008640885251546314
W5626f48fb9a65fd30003,0.004743507960740946,0.0015839835580185374,0.004129068725914625,0.052920631358487805,0.00367522071185882,0.0037787556612976494,0.005528583882456501,0.008433749752937857,0.01635930036840826,0.7598115986846804,0.03510305640852981,0.0019648591706064858,0.00982624860637478
W5626f48fb9a65fd30004,0.003779740828107606,0.001739814082388834,0.0052154586407518674,0.06848383727756685,0.003487561429255952,0.004109114584924394,0.005599477401236504,0.008261759676413065,0.020366923894629463,0.7435726038578414,0.03689086124725667,0.0025849498117676084,0.010879410197460835
W5626f48fb9a65fd30005,0.0039025204244565806,0.0015627390104283778,0.004019904130752039,0.06092945255498976,0.0031528690591246726,0.0038024226462533167,0.005642580426484535,0.00996045908976042,0.0288490233238349,0.7256763321831693,0.05742180912474217,0.0021168573079407707,0.008375171812101852
W5626f48fb9a65fd30006,0.003771873142444395,0.0013458497370447413,0.0042453073533607515,0.05681531311416672,0.003604816458042173,0.0033126134686986327,0.004027352871393142,0.01007299659785941,0.023783152755242898,0.7571152701194409,0.030813002560903562,0.003396495352295117,0.009495329567076013
W56ea264a95a55a780000,0.014357541928363362,0.0026427262679374853,0.2242134567908382,0.03959794437946275,0.05726962320901698,0.037981703930759024,0.010325702564721444,0.5177249948657959,0.00720421942511414,0.005703010014646697,0.025771593371090064,0.0095738466538292,0.020328847436798848
W56ea264a95a55a780001,0.014460336458805817,0.002835008620261899,0.17910971996516342,0.03866957975002166,0.057273762621301856,0.042505725312004514,0.010011938150851427,0.5562349996879644,0.007389782616968188,0.006906205072389092,0.024929712009980984,0.009800306861674216,0.018707903372693263
W56ea264a95a55a780002,0.014050975070520628,0.0025937662246417925,0.24801755265239964,0.03605862854416579,0.07180606101512528,0.03885781114357973,0.00824012435606549,0.49298118426867155,0.0066416359779831605,0.005623654276832278,0.022176758642533115,0.008116580897781698,0.01632735756742283
W56ea264a95a55a780003,0.013045287949586886,0.0027209915230786423,0.2321031476133757,0.03875248573324714,0.07730162855157484,0.03081615825774104,0.007900478179375585,0.5109541856942865,0.007326421432525258,0.005301728393019429,0.020135825202727952,0.00864091319849706,0.016529990206803843
W56ea264a95a55a780004,0.014373212538769716,0.0034012789020375755,0.18739498786579284,0.04002576869689698,0.08001533028924439,0.039190643685586904,0.008351170665003153,0.5406587190046421,0.006325823947325873,0.005099806244162619,0.02196935493148834,0.009256950183444803,0.015495374230107184
W56ea264a95a55a780005,0.013041096517738658,0.0029332023772331048,0.13140455166036,0.035548349355089666,0.06737990778733893,0.036622283760937444,0.009447907269876826,0.5980421465888363,0.007143246665357562,0.006733559868648306,0.03176808317063867,0.010107187005869375,0.019110655624947414
W56ea264a95a55a780006,0.014736375810689869,0.0030229306723099955,0.2255346793248727,0.04026018181604996,0.07018116747634975,0.039858485547542455,0.011002697857570992,0.5128940506113778,0.005891362005969115,0.005567274321414553,0.01804010277989452,0.009380793748404902,0.015704037964832517
W59dad39ee79c5ee60000,0.001431965218433705,0.004686818376100288,0.00238176302595395,0.0015468429033854121,0.0015883051348932389,0.03745653219555652,0.0036532476868772223,0.00018140842801257832,0.00014779129600225716,0.0006864613335666556,0.00024015741094321843,0.9332151911738258,0.011271228650760395
W59dad39ee79c5ee60001,0.000604852890597567,0.0015418314585891762,0.001670807774411147,0.0007696592559341658,0.0013128073803909438,0.0410623931946079,0.001152679758267502,0.0002451293668437047,0.00020301061583156665,0.0007041992080349911,0.0004062106409393352,0.9372785062404742,0.011212306573941611
W59dad39ee79c5ee60002,0.0006159429135460641,0.0015238245232152407,0.002463404423844388,0.0011401272129120121,0.0013634511240119085,0.04588261484638154,0.0012120930767992844,0.0002209592057407269,0.00020420072579497374,0.0008868262883157185,0.00037853087554309573,0.9300565348168905,0.012331151445480835
W59dad39ee79c5ee60003,0.0004403630528702392,0.0010437870935558595,0.001768528492026367,0.0010259792359682777,0.0012842948341373335,0.04449001092769601,0.0005905193038300859,0.00017231346296759886,0.0001414417093645598,0.000858904685491635,0.0002706141975424228,0.9360240471816259,0.010268170529307218
W59dad39ee79c5ee60004,0.0008533572161497473,0.0019927716367836427,0.0013967007773133247,0.000592167393768978,0.0011946834228651528,0.03812321858657104,0.0004934683063330902,0.00015439118557363928,0.00013190275381698462,0.000975813685275491,0.00023401833427135485,0.94170705970367,0.01057039863840066
W59dad39ee79c5ee60005,0.0004069657558256883,0.0014069522051298933,0.0010795186084618471,0.00024087811181723912,0.0011508200565552716,0.037487700868168355,0.0010038409634692486,0.0005328777217826905,0.00012371851691287802,0.0008497955216188011,0.00023525138401692846,0.942337659969032,0.01156172552079157
W59dad39ee79c5ee60006,0.0004220700398994665,0.00028129894371903556,0.0015923587469759213,0.0006967523653797667,0.001259712543862924,0.04321299872050644,0.0008012879736737926,0.0002362256117593216,0.0001664947947549077,0.0006780063995421238,0.00021896917307145583,0.9365726733282435,0.012172672724736844
W5a0d1356e71f9a420000,0.9758804499100002,0.0037631888823958987,0.0009430998734952005,0.0007351454247130504,0.0010332671189540678,0.0027120163947442232,0.0006342049328228045,0.0031082276844573192,0.0008102501126325396,0.0019892117926691272,0.00031183467695291705,0.0022414350136027122,0.001400851242600279
W5a0d1356e71f9a420001,0.9803529745696583,0.0016900419977193847,0.000514769862003297,0.00022911121867624266,0.0006044929698869553,0.0032468342620033844,0.00034705738407572474,0.003103907987644403,0.00017318745407728388,0.0022964810631629223,0.0003265762372076275,0.0020498720242427553,0.0015072591236962522
W5a0d1356e71f9a420002,0.9809395149758305,0.0014097066697216717,0.0005208433786792908,0.00022370610294152998,0.0006474407389688556,0.0031740744037626386,0.00024541648239887837,0.003073232773951434,0.00014956085805432106,0.001476413652970071,0.00027558008106043705,0.0020003134042683264,0.001764871176006104
W5a0d1356e71f9a420003,0.955312177297758,0.0036953688375867136,0.0014992998722328599,0.0006946012428054977,0.0011619844689401042,0.0027484287425457734,0.00036231144072648643,0.019485517458229667,0.0009369080087264951,0.0029013852955285697,0.001027468166801295,0.001711831507137639,0.0027545843269466334
W5a0d1356e71f9a420004,0.9808264074946307,0.0015166529144683848,0.000494051504618667,0.0002094884885274691,0.0006979600079022425,0.002847492126790622,0.00026127622236409676,0.0031237043897014076,0.00017385019026797206,0.0015263213826725494,0.0003184804562503566,0.0015683570821858187,0.002302533653540849
W5a0d1356e71f9a420005,0.9820110448022424,0.0011813401879863447,0.0004929157465420395,0.0002100854772815797,0.0006698232031132662,0.0025116132544305433,0.00021735101318520153,0.0031115363066434873,0.00016381857611180172,0.0011507372263035143,0.0003006723623071211,0.0016131950609027477,0.0023689190979360895
W5a0d1356e71f9a420006,0.9812078387020932,0.0012597868711269123,0.0009038614575086846,0.0002114193789403378,0.000709940101964117,0.0029374006242085596,0.0002094618442416655,0.0030858292016236978,0.00016223390605245853,0.001141629689930081,0.0002723241727187529,0.0020467722347539134,0.002389537708995167
W5af5022a25493e0f0000,0.0015474003811811758,0.002327296176014346,0.04646187728995145,0.607774468154777,0.2657793671672675,0.014953257989816717,0.023113446928714775,0.005872590653059942,0.0011709162160649378,0.0016459785227936514,0.002986321623803656,0.012123752378241325,0.00555747173207947
W5af5022a25493e0f0001,0.0015485700973887119,0.0020699350914655562,0.04618623945548381,0.5958337500624076,0.2819706288553501,0.014475993593888868,0.023811998747713194,0.0050304862697358255,0.0011406463945964245,0.0016232714419218209,0.0027156940207574095,0.011885746834236642,0.004816057597212485
W5af5022a25493e0f0002,0.0013742384857369483,0.002010866894467041,0.04390317271539173,0.5803611641416795,0.28882851902962264,0.012996731316788567,0.02945283459050751,0.005212080201972169,0.001152623668528071,0.0016020529078662313,0.0026110321015312002,0.015589752993710787,0.00495049211443088
W5af5022a25493e0f0003,0.0015208791051570705,0.0021126905526405023,0.04229781504068541,0.5855184696059175,0.27941561243345947,0.015710421669017854,0.031782998685713534,0.00506945637956856,0.0012243917195006969,0.0021278529978384715,0.0023924364412609644,0.015494432169676914,0.004917973502456379
W5af5022a25493e0f0004,0.0011268256493013576,0.001507693498096273,0.047698900927156944,0.6285358826092109,0.2503543112196008,0.011535111975222029,0.027402350070805933,0.004820005861145755,0.0011836532898519033,0.001774893880130754,0.002085009276366124,0.009462754316000235,0.0043215361198104645
W5af5022a25493e0f0005,0.00185757410496626,0.002108896471585688,0.05537431743175432,0.5744440065042644,0.28806071465569955,0.014996084821979717,0.028727542087912526,0.005574992580661697,0.001342088467907396,0.001684848749485247,0.003096125089966894,0.008606421139513156,0.005201731634974957
W5af5022a25493e0f0006,0.0013981729643006275,0.0025031265944410247,0.0559039838743907,0.5916088204165539,0.2728801505324841,0.013890372008158092,0.023435223762983754,0.005320517030061141,0.001602604090911819,0.001732134260962944,0.002353035982349128,0.014112807303450534,0.0046697714946280135
W5b73b129e0149fda0000,0.005891609062261824,0.9132884833987721,0.0015691349180571009,0.0010360604238922096,0.0006143976881060217,0.0010438494092409947,0.0033899873786597382,0.004247227197604228,0.034095503482227,0.0048761517317666815,0.021555109343939758,0.0005207720398261851,0.002883344050507316
W5b73b129e0149fda0001,0.005574475337015956,0.9050402004681186,0.0011708065498876319,0.0010845868653770762,0.000641122682426406,0.0009708128680129103,0.003561180398975326,0.005003352550389994,0.04076559131776201,0.0046248006427794495,0.022806731176407528,0.0005840568274649713,0.0030195758061130136
W5b73b129e0149fda0002,0.004893021590326842,0.9208184536440771,0.0013225570445369156,0.001421835108337184,0.0007029647195596603,0.0011490884068200353,0.0037071270709244683,0.004193813387527869,0.028108698134306935,0.0034092495200400722,0.02178833551314069,0.0007021182391276186,0.0029473283341747538
W5b73b129e0149fda0003,0.006515456108665572,0.9051315699288374,0.0017933850010225724,0.0010889136469991803,0.0006741133388559743,0.0010276321464351781,0.004048830757587119,0.005636238215536474,0.03306197779155817,0.0036121412892931772,0.028378234291180488,0.0008469625424823245,0.0027235491754482683
W5b73b129e0149fda0004,0.006426962701584406,0.9187520668683822,0.0016008914993753888,0.0010890201755288126,0.0006597690938179461,0.0009040068281536368,0.003372338276244638,0.003951907549005076,0.027620017726775394,0.0033767552986988087,0.023658918092082946,0.0005368015006888633,0.0028576619866236314
W5b73b129e0149fda0005,0.0059630701569559005,0.9098531121924266,0.0015944918264780936,0.0010729420954152262,0.0007181894932509886,0.00099496462118195,0.0035969467585190824,0.004195610935411663,0.03886045238862228,0.003978207350249707,0.02032753851172161,0.0006099123386705874,0.0025425260296829343
W5b73b129e0149fda0006,0.004775439385675432,0.912965043579119,0.0011662731792269863,0.000961603819057898,0.0006025896505385741,0.0008494287701249778,0.002997794532603296,0.0044412018264766324,0.03930447295647318,0.004714637883940549,0.019071498602512654,0.0005290214455265329,0.0027109991023119835
W5bd5ac8deca7e9a10000,0.0016294447619502116,0.001224634987153426,0.00896096737182389,0.005679024777225313,0.0056030074995827555,0.6387663333692369,0.008206859424131912,0.0007591817707186313,0.0006497828373419313,0.0007768161095413653,0.0014352468570710986,0.31870712536433365,0.003989094469490185
W5bd5ac8deca7e9a10001,0.0024006046583280377,0.0024942450444137582,0.00876617706696627,0.004608270396453695,0.008258871322767852,0.5728411655161756,0.01593651737144128,0.0015252903273215682,0.0014044825838439479,0.001644823787886345,0.001700324562554119,0.3678763362800603,0.0066554809080459345
W5bd5ac8deca7e9a10002,0.007045177590096852,0.0023342471591741355,0.007544847305340351,0.004545981491344155,0.003461563864335398,0.64456563506156,0.010506898958659038,0.0014928987722601682,0.0014155099624089272,0.0019321906985072452,0.002718569366388922,0.30355411080553807,0.006671219057274797
W5bd5ac8deca7e9a10003,0.0025905428428423328,0.0016729586334919765,0.006993333518420617,0.0043312655940842566,0.002760818943474658,0.49674065244125987,0.008560302877472661,0.0010845653243786977,0.0008850826100636415,0.0009182247139825456,0.0008789076272637281,0.46693288748059625,0.004684034010399461
W5bd5ac8deca7e9a10004,0.002208161597888082,0.00132656649303578,0.008350693380201318,0.0038767556498311077,0.004980820513759854,0.5503569241863044,0.006862848510744939,0.0008635953432895364,0.0009986819725979806,0.0007422013706879489,0.0006863337982903733,0.4114633962244138,0.005952383409645967
W5bd5ac8deca7e9a10005,0.006072478664649437,0.0020485859542750066,0.007934773888812528,0.005682713227553533,0.005934877659318748,0.654683151290315,0.007677138291143786,0.001778964567066466,0.001099404727336679,0.0012408171552165928,0.0024742817884415213,0.29453763743630945,0.006855329967987507
W5bd5ac8deca7e9a10006,0.004570124894720759,0.0035330378338502546,0.010824287087473293,0.006330032362734552,0.011990848691801325,0.5664351454524323,0.011051207014935388,0.0021834627743413672,0.0020065328365973427,0.0019999591301896776,0.002299295419874665,0.36819145518882046,0.006630555417548726
W5cdef46cd88dc3b20000,0.003771580486388429,0.0011671095203843768,0.08770767527654809,0.014411556794797158,0.017581701075869132,0.026345214308287793,0.005388452668994095,0.7134321069833874,0.006880512913401703,0.011277450011547684,0.009642061409592317,0.0064876896210265406,0.031090737101808718
W5cdef46cd88dc3b20001,0.003727280457360133,0.0012052017736605511,0.10410171867480704,0.015592129184081907,0.020222473182563566,0.03020684518713288,0.005654086670613239,0.6926881199674321,0.006744669887110668,0.011378815835004427,0.00932720704747813,0.004886856219594007,0.037352756858597624
W5cdef46cd88dc3b20002,0.002504831800373942,0.0012894016373591096,0.09762567575018083,0.016632208156855784,0.0170706045380973,0.02710873635487171,0.0057090149549310805,0.6782475055609347,0.006851180891604797,0.010131449560343961,0.010347449127013936,0.005156947194118737,0.04104356174561784
W5cdef46cd88dc3b20003,0.002516133666321421,0.001105435969701058,0.06090208903944529,0.014799392862708776,0.01537543721928136,0.025756554016541137,0.005573670459283019,0.7354131419581154,0.006088233818152921,0.009962260144935179,0.010357534244693512,0.00459940344081588,0.040001101775466556
W5cdef46cd88dc3b20004,0.003888255056702703,0.0012762749144016217,0.08326082834500335,0.015234396697757405,0.020722654291255586,0.026001376564680982,0.006365551669874733,0.7095870243663726,0.006017672972864181,0.011408435436754441,0.009106778059941667,0.004863670901105563,0.04023022119653862
W5cdef46cd88dc3b20005,0.0037145751876958596,0.0011425169104023994,0.08811867093129759,0.014564854100400496,0.01722319379615812,0.024833705254165235,0.00604106201049441,0.7088733169876439,0.006381035391538337,0.010437417349014872,0.01027111197734547,0.005484435397489385,0.04047622925286281
W5cdef46cd88dc3b20006,0.0037682355903749685,0.0012333477394445907,0.08860717326322902,0.01533382545536684,0.018461472415600852,0.030439674109032335,0.005437185259865936,0.7100809666766847,0.00640698101292876,0.010520690528893237,0.00968162355524428,0.005394334163146121,0.040456936490585405
W5d1f49fb5c8b81eb0000,0.009560599573648161,0.017980208545122087,0.02526448335848219,0.0711456769919453,0.0309079857795877,0.05464571147335221,0.7040553429089741,0.004811474827647156,0.004739095780550816,0.005964239773840292,0.005019394686860654,0.03215679237747644,0.01603048271446971
W5d1f49fb5c8b81eb0001,0.014299535371571484,0.021475615979664513,0.031529109543305144,0.14176226962101787,0.034355890831693825,0.07148551228569738,0.5863912971102393,0.008405613804679479,0.005335827835317029,0.006181493811188808,0.00509481255232099,0.03450432479787689,0.019108072900417352
W5d1f49fb5c8b81eb0002,0.009707724079909332,0.01986049579845348,0.03427787219296496,0.10942867541172664,0.03512916261656173,0.04762522517611956,0.6539349859079593,0.014697897959348246,0.004925633649779883,0.005628574040263999,0.005365604727653079,0.02682072482297718,0.015104583781369384
W5d1f49fb5c8b81eb0003,0.007265721295672984,0.017083505555131634,0.032914343018924645,0.11566016762002926,0.03666955783765369,0.05031391396437032,0.6515411793040133,0.004828514871696439,0.005188229448550451,0.004685679335611509,0.006740223112620667,0.03496886790249422,0.01571199928188105
W5d1f49fb5c8b81eb0004,0.01070964204506147,0.017641282634561235,0.028383478774388283,0.08073909496761877,0.037169389484352944,0.04032975061205415,0.7121158359780859,0.005511143806174117,0.004119568652049133,0.005592382788391057,0.0037035976054016163,0.023195977615616644,0.012876659199355532
W5d1f49fb5c8b81eb0005,0.01177632258268301,0.018443662109353685,0.022100294027298722,0.029431340738828762,0.03173461685981633,0.06670614208969952,0.7359801126696833,0.005357095755950194,0.004369324709082042,0.00596477240152091,0.004434670281602488,0.029948996170799387,0.01598056943213633
W5d1f49fb5c8b81eb0006,0.010279083835782623,0.020677404219844975,0.032220204215645684,0.21505853504160402,0.03815046327617515,0.05045530643064167,0.545870144586952,0.006105674677304782,0.005581584431302377,0.005715882305641648,0.004651078211592735,0.0279797195768366,0.017935887062196672
W5f5e9a3603056de80000,0.003900505855285138,0.0017307453156005404,0.05899452477469365,0.014472155065335309,0.013430560944000138,0.0017353908370653013,0.0039151061487050845,0.014044683516255131,0.020508852862901574,0.6766657354848268,0.00875415069125544,0.004343230710456444,0.006963681789538882
W5f5e9a3603056de80001,0.005016700797642968,0.0015560259699705578,0.08654687730044648,0.01674168676099885,0.013536216452794238,0.001677094873886257,0.005096204112787537,0.013065698235882547,0.01562530906111565,0.6332335699929533,0.004521165547285338,0.004578937482969828,0.006845949606254847
W5f5e9a3603056de80002,0.005512515589883106,0.0015798010597117295,0.07608499416383722,0.014226565865998655,0.012568925362839288,0.0017135753043693222,0.004787530830315549,0.019624452287018628,0.017121682565560774,0.6595445829517346,0.0055987623111341,0.0045889191222291854,0.007376190531350413
W5f5e9a3603056de80003,0.004510988148922686,0.0013481222584520306,0.07898960088947513,0.013218659940086743,0.012141370362127814,0.001578256537494073,0.0034952972483062927,0.021285206745710026,0.015313552069961763,0.6662733896174592,0.005672021376705828,0.004344373535166107,0.006824858383742404
W5f5e9a3603056de80004,0.005235313756710652,0.0017936902028244442,0.06439946490730075,0.012551104697599251,0.012459648029498657,0.002181042638203702,0.0029214379716496017,0.014693925077544155,0.018601378845988167,0.6863222463730542,0.00463915122546534,0.005127650401994494,0.007105871074407124
W5f5e9a3603056de80005,0.004642244686927371,0.0016643292698632387,0.07359292328490698,0.01568395685595999,0.0178149725478475,0.0021026322754676727,0.004057216813373887,0.01322313837372552,0.01906500075883841,0.6779410605481054,0.006045930126376959,0.004620753979634198,0.006554176976281839
W5f5e9a3603056de80006,0.004489768180512687,0.0014489378429370491,0.0738012285693444,0.013509072466171376,0.012993091071114167,0.0015355052726264513,0.0034621700147153514,0.011190107698377,0.018957063227164256,0.6722698507554005,0.006362340703938386,0.004313836219890271,0.0063766294068058164
W5fb8219ca01882850000,0.007326874669478073,0.010713488562864042,0.06126450715048195,0.03968516830633527,0.04649128759560786,0.014130617159568152,0.022428033601958178,0.038793652542776606,0.008784494125179192,0.016171858221723314,0.02206955052256634,0.014333744019983271,0.35548946389285796
W5fb8219ca01882850001,0.0056349199939780305,0.008964370919434039,0.06661083519386157,0.022590153186097223,0.04638232167969521,0.008583567071834474,0.020788205902362477,0.03492666103775098,0.005270016070972178,0.009340119161406651,0.02373637488714055,0.01218006926168437,0.4162362367342477
W5fb8219ca01882850002,0.0051266129040166974,0.008749814099911414,0.07990939438736436,0.029099358251308407,0.0354939890570818,0.008866529475197326,0.019708930423960592,0.044744143259049775,0.006592473475799531,0.009520622584506075,0.02455945253820792,0.010942357097111204,0.39824088054683926
W5fb8219ca01882850003,0.005336859485572661,0.008945568047223297,0.06078849091259207,0.029097827255139458,0.05097099678539606,0.00959016397414518,0.021502883831334398,0.04407684282130886,0.006618728491359338,0.012234237266906887,0.04791909030405309,0.010383072405400933,0.38582720355024847
W5fb8219ca01882850004,0.006516924206205882,0.010085981925781678,0.07509348016762332,0.028172372204904116,0.044856008572350725,0.009178218168748609,0.018239844526242457,0.03560342074170326,0.005780191688724287,0.009899525951106632,0.025163486060344735,0.010110195182147489,0.34255136165197686
W5fb8219ca01882850005,0.007953635686788071,0.010979340980196081,0.06404522610114075,0.03428923459075605,0.020502763529845848,0.0123730084859309,0.025200828312084207,0.041839518049249944,0.008122657792368149,0.010367016620829192,0.02775299996594524,0.011434375643383132,0.41322978718794495
W5fb8219ca01882850006,0.0077807360386247726,0.012411613269840985,0.07839887940422535,0.03617509536721071,0.02206929330731312,0.010727693452985116,0.025163766390686692,0.052591245097476515,0.00819851458984694,0.010942162668485687,0.02820069785280428,0.012493810133313712,0.3131869968213009
W5ffdedad0bc160500000,0.7715566478529183,0.13364204798927182,0.006344411441696708,0.009510743193763035,0.006575335715113739,0.019531427894230676,0.014324213198138229,0.002119303938426806,0.0013889006985651194,0.0048282589158569755,0.002995269896041868,0.017720292929333564,0.004375606951652468
W5ffdedad0bc160500001,0.8758911291726126,0.016901996941322175,0.008730219936403308,0.011498898449999346,0.00974956384002166,0.02122545272274789,0.013319472837694664,0.00303271612509061,0.001388837131820652,0.008139006875082698,0.0019265275749997554,0.017674798258292622,0.004833512085653704
W5ffdedad0bc160500002,0.8019674471905242,0.12198600843771806,0.0059507459396453116,0.008484778986912649,0.006697665152742416,0.015761719501328833,0.007125043488043786,0.0014432182078937394,0.0006294586901578683,0.004261635515318681,0.004168929038481238,0.014069643589715762,0.004220566491001777
W5ffdedad0bc160500003,0.8688922963286252,0.043418359139382294,0.009275263079408293,0.011109942241755775,0.00746654789698592,0.011117140554154047,0.012579285185613766,0.002070522719604913,0.0008306966367601348,0.00535060412520798,0.0057537237209432475,0.009684681607306194,0.0033039832688534884
W5ffdedad0bc160500004,0.8172812204687538,0.08002348323542342,0.009354821681053683,0.013369735489886484,0.008388599017315989,0.020180068679866176,0.011467096337802669,0.0019322625754429243,0.0008980350492455389,0.006496733834288415,0.0036028466379439393,0.018141186773607248,0.004686068521054499
W5ffdedad0bc160500005,0.7461646671246754,0.1451650289143348,0.008823034022115072,0.014416640735379408,0.008586891107163482,0.020850756890827434,0.009723910217975034,0.0023604853874684612,0.0012079075036650895,0.00668436399508848,0.0045710304251624255,0.016955699679520656,0.004589855905001801
W5ffdedad0bc160500006,0.8852800115619387,0.03323238031556012,0.008741139017581358,0.010285832914288385,0.008252368428376183,0.010242018703703018,0.006618439795379427,0.0023758748938932438,0.0010438963390227312,0.005950957999231689,0.005828777233931662,0.009531054408488913,0.0033672666434540134
W6000b3b22c11e3f90000,0.011334808247497986,0.010435164928821435,0.1775764732780415,0.08054433424007648,0.4013460188455056,0.16838708756287035,0.013753283705346899,0.017344042615622668,0.006068174830920918,0.004730715848937557,0.004447762447856758,0.07414144914522643,0.021534770161772025
W6000b3b22c11e3f90001,0.014497057443248413,0.0134697314251619,0.18760208382166105,0.10052577587851191,0.3658716564077928,0.17419306022499506,0.013299827471009563,0.018773953656565437,0.005646001640565293,0.005229860149345944,0.004473375509306948,0.07192883947893523,0.017585343129064995
W6000b3b22c11e3f90002,0.017671460417703577,0.005830386303322169,0.11048371777681616,0.09209483681339713,0.5397896527262726,0.13711779035676325,0.006897984901312097,0.007445379987002687,0.0025724652647410766,0.0024370686255490897,0.003884444692860912,0.05828835622290628,0.011266075853646404
W6000b3b22c11e3f90003,0.013105810607514664,0.010981938262368937,0.15138540353443614,0.11596740908902757,0.4217461386225798,0.15940011890394834,0.02218072863046978,0.013686191258148517,0.004031287595430208,0.0036111349660706946,0.003284999136294471,0.06353649840368503,0.01093772501552321
W6000b3b22c11e3f90004,0.012246415981928065,0.01055330256582659,0.24551239433947442,0.09624575373829598,0.35889610209625605,0.12086983509851336,0.032833441662290366,0.01859630118878166,0.005248200765775845,0.00505535268997622,0.004770285255667161,0.06498944465038715,0.016890159929980043
W6000b3b22c11e3f90005,0.009761176094030957,0.008533740757720013,0.20209539962909445,0.09313277798533554,0.42489131236197164,0.14134393826348848,0.013164350965575928,0.013940881041347688,0.0035367626170566178,0.003760491595097656,0.003516180718230292,0.06769578878631918,0.009636388885285382
W6000b3b22c11e3f90006,0.007914916814818323,0.00585918235105946,0.12283576914431757,0.08917346290475803,0.5454831014384794,0.13441396285331297,0.00789969544045472,0.0072968127282164175,0.002281182900603137,0.0023907085336538083,0.0017834035606599228,0.06321892764844056,0.005573020557313502
W60996ce94f8e80df0000,0.011997042873496545,0.0026749942891132797,0.016299784954945266,0.006265042921278483,0.034176596466916294,0.7849427402230755,0.004757479267472154,0.0020512899762010605,0.0012543337725054674,0.0024076191688144157,0.0015289311520211874,0.11648983605326939,0.013538253260765068
W60996ce94f8e80df0001,0.017112020724801013,0.003307534012727483,0.014115835113709648,0.007528550741755573,0.03730703553042459,0.7755846096120356,0.005347734429020864,0.0017568131760810708,0.0013773254626122588,0.0020527654452197055,0.0015435936900596908,0.12061325275312965,0.010883009834825845
W60996ce94f8e80df0002,0.011679490925794522,0.0036266679425776926,0.01603126413621947,0.00786448994088568,0.009696020850047412,0.7992372894301895,0.007441545031032866,0.002355700853067588,0.0013613155634911258,0.002180344713116988,0.002030089797486687,0.12298413295559778,0.012325361556215038
W60996ce94f8e80df0003,0.01602954748161882,0.0033861824689144578,0.012943740548085366,0.0067514944688560445,0.009201969481939255,0.7933237513892051,0.017349569253218032,0.001983637132909718,0.0014999940781856604,0.0018586540913150915,0.0016173313677417562,0.12163317757176169,0.011258537387416306
W60996ce94f8e80df0004,0.008317800339017072,0.002591093840554725,0.01588747506755052,0.007246506566316152,0.03770508009475087,0.7698817748830536,0.009697255576369662,0.0020305938301718503,0.0010911415566174736,0.0015565523620744794,0.002186778378099634,0.12772096314046105,0.012685906883484902
W60996ce94f8e80df0005,0.013500408233968312,0.004178298221808166,0.016734365585612077,0.010066670571916911,0.05870243817491578,0.7361404464056999,0.007388155649631991,0.002946695830493467,0.002033699765831801,0.0019304482595266196,0.0019199311841731998,0.12668880697516824,0.01597255325686257
W60996ce94f8e80df0006,0.008187822854922085,0.0022943731620898677,0.01694786406311169,0.008182764600625643,0.052368261013622165,0.7675218340441634,0.0059075646805848946,0.0020541496720473487,0.0012520608714661097,0.0016420090748645354,0.0019680183860131635,0.11720433374978266,0.012789653450670091
W61443c7edeab75570000,0.0017554393526179961,0.9802035470801235,0.0010488371659687446,0.0003873847910884906,0.0008486377480069597,0.002861438849510684,0.006604803282545908,0.00019541216925320943,8.934899228811955e-05,0.00017157282245978768,0.0007357337148977247,0.002192110095209455,0.0012281188121189882
W61443c7edeab75570001,0.002123687032353732,0.9815002231332647,0.0014202940756425884,0.0004503422549244304,0.0008198362963691173,0.0017329806932812333,0.00676217669556837,0.0002058537224169416,9.350878345290868e-05,0.0001859338163871256,0.0004570745525245108,0.00208768555323959,0.0008536217615256297
W61443c7edeab75570002,0.0027451317405336934,0.9809114541847123,0.0014399865261767119,0.0004629698406107752,0.0008275270019088767,0.001760633674169123,0.00725367743789087,0.00018533601776133193,8.605115433456227e-05,0.00017233779955476563,0.0007637641934621852,0.0014050132683070208,0.0008186347940227818
W61443c7edeab75570003,0.0037026758704603356,0.9754119675912513,0.0022538238770513706,0.0011309521385485003,0.0007897562512040735,0.001743969636922417,0.0090360308359135,0.00021344955452903242,9.917638054006798e-05,0.00021575013858627715,0.0015501186564600656,0.0013534157429539743,0.001437092702870663
W61443c7edeab75570004,0.002128955836747774,0.9832485360308261,0.0014270918710904956,0.0008117472912560018,0.0004305117860828841,0.0012255406771626096,0.005948346651730292,0.00031227232875899485,9.928849934106545e-05,0.00020974472374521105,0.0007919741515285484,0.0016301068354244407,0.0004938969863053791
W61443c7edeab75570005,0.004129918483634843,0.9779130899887067,0.0018350901216408807,0.0009204639572552176,0.000589603511711259,0.0016411638505881374,0.00728940704496794,0.00020839097591932474,0.00010996226646786652,0.00020409536096366987,0.0011872874144087011,0.0010127625241754027,0.0012599505751869815
W61443c7edeab75570006,0.0038223466652360476,0.9776266122394269,0.0023654540313081613,0.0012472821416587418,0.00057055013851294,0.0016942010790096374,0.007483386878560184,0.00019558301951437708,9.871641110719509e-05,0.00019313911407356762,0.0011577690202958237,0.0010344436104677158,0.0013097778726575164
W626cdb6a7e66a7910000,0.016204750925986593,0.0015101702591832904,0.005347285407983021,0.0044137399368659805,0.004178070031254808,0.0019026532811182533,0.0014445384640918123,0.9209163528287384,0.0009252411015857525,0.011725119974063797,0.0016548276450791557,0.0029702259898550317,0.008203254091893281
W626cdb6a7e66a7910001,0.01889857688846438,0.0008958335261532903,0.005285611344692866,0.005175370115126813,0.0074459367095976,0.0024137379805740412,0.0020183179116686737,0.905373222794858,0.0014155061452830377,0.013843452173121029,0.0019945892523297363,0.004236239867689434,0.009305653845970962
W626cdb6a7e66a7910002,0.013885739134685743,0.0016494090250098038,0.004500020738823063,0.0036162970609169053,0.004421484160023193,0.0014662345219903093,0.0018922808472081002,0.9175554561485778,0.00105837650795811,0.01249441872021664,0.002512764382035569,0.002994870056893211,0.009565016897180959
W626cdb6a7e66a7910003,0.01748556701279909,0.0014577664703842588,0.003532821142183209,0.00440527779042749,0.005618963405081751,0.001947661754312813,0.002937155475837646,0.9133893034585847,0.0008749530520377553,0.013724001476655862,0.0014928899814535801,0.004210479842666188,0.010252049270206736
W626cdb6a7e66a7910004,0.017658550998617604,0.0018356310726942416,0.0053454874739217026,0.0050919231670895635,0.00510239130114764,0.0021761924245829786,0.0016026331327005888,0.9096948519666497,0.0011208312543818664,0.015082002400306235,0.002656953715033937,0.004146643003434327,0.00908898245274882
W626cdb6a7e66a7910005,0.020334122843635487,0.0023347644652157865,0.005000143229537852,0.004451607594286541,0.006698143451216298,0.002277933365801009,0.0030051954779177735,0.9037959694459585,0.001204480604280533,0.015373528875270243,0.001958163966094392,0.004123175414663004,0.011035893801823026
W626cdb6a7e66a7910006,0.01523915481385248,0.0011841066502263984,0.005134566092673419,0.004303718773760186,0.00630782521865713,0.002290328522736074,0.002651478141835019,0.9006115834867845,0.0015630030003973786,0.021617319556517686,0.002954359087325776,0.0034286283427003273,0.012011738310992774
W62c2ea531ccd02ed0000,0.008431929794124864,0.007128652202600295,0.1687633239800003,0.06209536020182466,0.5422252423877854,0.11183992435583165,0.012299691765279317,0.014830922980026575,0.006766709149014695,0.005951279101966429,0.007835770192518854,0.018402060662643598,0.00945314815959208
W62c2ea531ccd02ed0001,0.013848149356522607,0.0037127869212382576,0.15990871090146702,0.07593611545454837,0.6427817692215525,0.04704995590360976,0.00779141550338145,0.0047660123681450475,0.0018841002340519333,0.002474481852586962,0.010936566924912834,0.012081996810113684,0.008620199601290244
W62c2ea531ccd02ed0002,0.02636492898354094,0.005845636287351856,0.3860906970773099,0.06481965519527819,0.33146652553268824,0.10811112755180469,0.007883829379711587,0.00880827482417155,0.003120631803238184,0.004961755513495884,0.012952901056849757,0.014441723418030024,0.011659035220111115
W62c2ea531ccd02ed0003,0.0038814935315821452,0.00248089448491634,0.11196942968545308,0.06316718048850106,0.7257993642268133,0.03990990136905552,0.0051492772445104066,0.004055315563871164,0.00206071220042524,0.003717928357543458,0.007678479511175725,0.010159045460516113,0.006466225480810112
W62c2ea531ccd02ed0004,0.00713072797857661,0.005905751024987887,0.20446631376786154,0.08679733323445665,0.5511145209871339,0.061089611442809576,0.008145394251027283,0.012501303535520251,0.0050173493391046636,0.006300857991528216,0.0108170709581675,0.0119072415660211,0.010536568513864615
W62c2ea531ccd02ed0005,0.007586177585240407,0.006381510151205899,0.23167875479299901,0.0678186408278687,0.5226803817565661,0.07136742121960521,0.008215306281757746,0.01576073263591838,0.005681958774677015,0.005979885729074682,0.010626758385478278,0.012533874199345622,0.01172424913654615
W62c2ea531ccd02ed0006,0.01878381381408534,0.003706939837673816,0.11570218985623698,0.06594089811980623,0.6583222834205056,0.051131349465328754,0.010300557165513508,0.006978326680448766,0.0038127873007156574,0.006456207795867342,0.01680883225207647,0.011581086633205619,0.012257944501400274
W6361bf78352c102e0000,0.00332476450595682,0.8757579803237023,0.0009282384700399088,0.0004014447507592097,0.0012355081348463235,0.0007942503009043277,0.003876243449306649,0.0034566460665810036,0.09634040085400015,0.0010809123586481997,0.00775036137121044,0.0012582218825108523,0.001271904168108346
W6361bf78352c102e0001,0.002677982208850115,0.8855645592539395,0.0008831471038115651,0.000481975671694402,0.0010508794923727162,0.0008491936247302604,0.003362427097181149,0.002914913180041912,0.09009442884894474,0.0011107928897685347,0.005817031131334862,0.0007173354041080289,0.001689482924407662
W6361bf78352c102e0002,0.0020943989542205575,0.8984479271623604,0.0006804843547264564,0.0003760496182341102,0.0008017107202255896,0.0008950919172489578,0.002972269580818117,0.0026909234640852117,0.08177654016277366,0.0008787298182568864,0.003920863617607636,0.0011453642068928644,0.001084848073423964
W6361bf78352c102e0003,0.003013291088146515,0.8843634448057995,0.0007292689300643012,0.000438081910123876,0.0007587919932467062,0.0008769820979382418,0.0036773317097860405,0.0030042205093200533,0.09255287632758408,0.0008831607741671382,0.004633353589899851,0.0012071415622752816,0.0011433639151831136
W6361bf78352c102e0004,0.002957697748944798,0.8827884810408297,0.0007311060233794607,0.0011972841763963143,0.0009678769304905715,0.0011249065133845896,0.0035738257365554547,0.003598345253761879,0.09137850153184447,0.0010267889730634818,0.005250282477352186,0.0011452774629346037,0.0012792652902261009
W6361bf78352c102e0005,0.0033851619486203583,0.8725062183697309,0.0008085637487383003,0.0016642066473889548,0.0013568875890566353,0.001940738479230775,0.0062080803778904676,0.004351992459943597,0.09482607270430914,0.0010663503186719209,0.006146528687509203,0.0011827921239462166,0.0012449205524534739
W6361bf78352c102e0006,0.003597945529560079,0.8772889758248176,0.0007868609112204545,0.0009632323060236901,0.0010023838798723344,0.0007934773303860969,0.005193868175098427,0.003171630365612173,0.0970040509922724,0.0010370858519052745,0.004695684601576196,0.0007172188734314024,0.001291574227032865
W64fe51a60c40ad2c0000,0.008255689846385823,0.005739477925020508,0.29121701194771443,0.36084604645926216,0.17647313366417883,0.06378880708634078,0.0147926963784761,0.004363513719675229,0.005699146805666332,0.005173886721026763,0.010555880115202107,0.019975637318926064,0.01882050404585272
W64fe51a60c40ad2c0001,0.007762190144302874,0.004367508506225816,0.2607473740998342,0.35528960019993094,0.23611050344103238,0.05347677977682332,0.011089202889286779,0.0039206443918388045,0.0044230100680045185,0.003977919829661762,0.007446259867019254,0.01872984331070415,0.01500759915282378
W64fe51a60c40ad2c0002,0.02102898881710481,0.004986117571419957,0.23786027158094702,0.337174624269487,0.22923777875279236,0.08505008381717029,0.009038392194092946,0.0036910965033856106,0.0036823639677567525,0.005261965830131017,0.012036688580079816,0.020846836377139646,0.015528174690735022
W64fe51a60c40ad2c0003,0.008336287001445206,0.007667986067674134,0.3862323332463439,0.19473871077880006,0.21973307619048663,0.07889335000044308,0.012786123902375138,0.006776203622323756,0.007496307664353047,0.006210488613218241,0.010674645211945711,0.02391794257892018,0.019796979069927993
W64fe51a60c40ad2c0004,0.008127450322510523,0.008899890975152478,0.39323542739772327,0.21770209497343251,0.18233023019411917,0.09287069492519032,0.008571840923646738,0.005679726131144199,0.005682995796040258,0.006676600880896542,0.0158101835856637,0.018558307783943066,0.019857441856651312
W64fe51a60c40ad2c0005,0.006685101534625138,0.005521251865409308,0.3298675958407849,0.26504999118957273,0.2486284426068197,0.06257567452011946,0.015270180093786627,0.004742364451773897,0.004875174507496921,0.004585046077116514,0.00990745486225392,0.013786078921825193,0.013448746941129172
W64fe51a60c40ad2c0006,0.007295365924932186,0.006156314035164019,0.26258619040765496,0.24305371754875316,0.31067991298214026,0.08751422847236769,0.010975976055146384,0.00410777772785736,0.004235477415184643,0.004923973250384035,0.01327016877494778,0.015265585934157812,0.012724945095869385
W65f9a995382c18a70000,0.014909774566344446,0.005383574521205592,0.18287580769623998,0.04783569602816377,0.05738365281182684,0.023741303450502717,0.01618267487179803,0.5496411921627982,0.008735359542491137,0.008626585983686671,0.02121838331709785,0.013724253269166771,0.013445572237436443
W65f9a995382c18a70001,0.01290796573114696,0.00456092424213081,0.18907812518498204,0.03766587710449377,0.05798672796478372,0.021726549184582587,0.013600963078330426,0.563815389859249,0.0077025025751210315,0.008425396056198471,0.0154757207308623,0.013606096516167478,0.013553316619314162
W65f9a995382c18a70002,0.013059380718489872,0.005024004053725905,0.12937845001048406,0.048942893011286,0.056344076121737675,0.023268117113707423,0.015565534511895792,0.6087174970747568,0.008050593887342427,0.009824240694036736,0.01648084103501284,0.016046834171108335,0.013913559752965207
W65f9a995382c18a70003,0.013495592643675157,0.005285780544533156,0.15990740964650296,0.04880963739534261,0.061624551739074725,0.022584097297275927,0.016891966693227595,0.5713275822151545,0.006855066518338101,0.008941132702120444,0.01954595798467779,0.013693649865057424,0.013931784696320311
W65f9a995382c18a70004,0.013608621669608929,0.005930035089990686,0.1777119358329415,0.040463639553338246,0.06802027068500195,0.02212552355002873,0.01747694334442453,0.5575496316546151,0.008872108321999956,0.008116865950399104,0.018390412352220352,0.013145249362431315,0.013262742875438483
W65f9a995382c18a70005,0.014937369436842363,0.006461560670762008,0.11061741040292858,0.04746385080960344,0.06860206238112823,0.022409814657678294,0.011141161863016886,0.6209859348976059,0.007404231927616469,0.008322704704349641,0.0183645232044314,0.013358359886513783,0.01405388993763135
W65f9a995382c18a70006,0.013586089418536782,0.006313824929389893,0.17347141581833106,0.05061440584503717,0.06547869843938768,0.024139279657898232,0.015591068736706194,0.5489501467071864,0.010474158024231075,0.009452023949122751,0.0171526418657696,0.013971968997079136,0.012331796317908485
W6896dab34a30aeab0000,0.017093922477570234,0.011363800660213258,0.05314980259055547,0.028868266158266848,0.05092190565821032,0.08248647974253777,0.042845203300201425,0.4230625118808145,0.00979379261662817,0.013974275166972094,0.023456047870261208,0.020388155854651268,0.04621755689846814
W6896dab34a30aeab0001,0.014473918056633851,0.012322830567030289,0.04669643799973863,0.037256340601750475,0.0526626247269187,0.0846079588281795,0.048628707505227756,0.44246237348693507,0.009804846432861981,0.013464691110834702,0.0255343733572015,0.023974987628603204,0.041665586731754634
W6896dab34a30aeab0002,0.017944177157431154,0.011215099448308178,0.05115258756929286,0.03023560360467708,0.06675058641230162,0.0626223775511176,0.035720408504722176,0.4037268890249058,0.00843101036654651,0.013891444829683701,0.024846476294056705,0.017069495734257305,0.04474681771231283
W6896dab34a30aeab0003,0.01774214461978487,0.012516659317265302,0.044887080483610134,0.02830305584444903,0.07061627644672441,0.07200705587932427,0.036623210769154126,0.44193378393877525,0.00835886027433503,0.013636838112921419,0.02221014026366351,0.019478784223369495,0.04768837843404576
W6896dab34a30aeab0004,0.01814224132693377,0.011759673626656687,0.04617648700400416,0.029788212486186492,0.08138127294219644,0.05441640427009303,0.03859403331775874,0.37893749948508604,0.00822538699067418,0.01396528021910693,0.022759825296540595,0.012816667508308826,0.04726724103571009
W6896dab34a30aeab0005,0.01765513661329623,0.009396736093543774,0.04236706185492339,0.032737564382933834,0.04759467160173208,0.04368070806876434,0.034467455020899526,0.3794597970189092,0.00975983664292395,0.015099021288577704,0.025482899223892425,0.01623997472751106,0.06730455185251577
W6896dab34a30aeab0006,0.015205605764314437,0.013852784774086122,0.06532896892316212,0.042402921206254954,0.08928728631559305,0.06402861836237264,0.04032325601333354,0.3538707097671366,0.010972148936874527,0.014895552751010281,0.02362634683681323,0.024063732835672976,0.04086854794325354
W68a746653bc5de3a0000,0.002791736132979347,0.2564696927952416,0.02269054566333974,0.08597998830054714,0.021935110228693953,0.01180249361596711,0.41574958734377543,0.01136960810346816,0.004982309965151766,0.007126489797723579,0.02907152780879113,0.009827761491085718,0.03920363384662731
W68a746653bc5de3a0001,0.0028017186390863675,0.02968489727244276,0.018606289307462557,0.08542403265928676,0.020151970545224555,0.013359369313543088,0.6005602397363979,0.01333997663442862,0.006437981566024094,0.013522062946788503,0.029984333892148236,0.011434201613236172,0.04453695962856331
W68a746653bc5de3a0002,0.0027328823227261057,0.2457336558423102,0.016823260425838434,0.06652706071339191,0.018706425589706796,0.012404072636607099,0.4242522509446492,0.013283225799669049,0.006524837923657064,0.009490397731036831,0.029397848533788837,0.010499877411601105,0.05055897261089459
W68a746653bc5de3a0003,0.002394051669101613,0.26443242337648365,0.01761665982412916,0.06956061041843443,0.018421685540746486,0.014497371607021138,0.3835278737114333,0.013153975805380799,0.005896437426121558,0.008532303926701422,0.02901340393382504,0.011536638328145454,0.05174279104061126
W68a746653bc5de3a0004,0.0024637436837405807,0.004910157978985694,0.018323205115142936,0.14169537622108216,0.019596367123913758,0.011442572487265046,0.49770894337696275,0.016330074835755888,0.007305385094046164,0.014456662702962437,0.05883599676106515,0.011225459377257736,0.06249103305620363
W68a746653bc5de3a0005,0.002146320781704839,0.25416038224741694,0.016356979487348478,0.0689215636768998,0.020181622972688173,0.011850583741450633,0.39515871691869764,0.013698237137449684,0.0070272011183074795,0.0087116421496512,0.0406505458163034,0.009531508159610793,0.04486736381320373
W68a746653bc5de3a0006,0.002647137539402589,0.004332349038230117,0.017276833172168275,0.07960566342471931,0.02166045852168267,0.013786752334769867,0.657052862685225,0.011637090300442311,0.0062832647459669586,0.014923435761231547,0.0281456096281788,0.009122955912294294,0.04397609375279481
W6afe7fefa060e33d0000,0.005326435627718308,0.0015777357727926346,0.15659406138425064,0.050944057860291256,0.4436126200586418,0.030142164499933028,0.01165378521301369,0.23243928599696742,0.002745276383667776,0.003096069145953684,0.0051122002077060085,0.03025333347610895,0.019344323109768365
W6afe7fefa060e33d0001,0.005866392640031507,0.0014732517138731122,0.13311912688209768,0.04820411352941597,0.47074288828391775,0.026825047134210737,0.005906971232213652,0.24589088923766378,0.002733721625550859,0.0031114431918947806,0.005303962324600913,0.026925170880604664,0.01495834176653232
W6afe7fefa060e33d0002,0.005736160576834151,0.0014452923517281429,0.12820776911237963,0.04437888492635123,0.4654093919993082,0.026191878130480156,0.011277377713964755,0.25396016487422785,0.002597589287684831,0.0031563939645748336,0.005418335273906898,0.028889356911385798,0.01537440291100304
W6afe7fefa060e33d0003,0.00562719774895225,0.0014230820649119148,0.12196581569779043,0.045116289601582,0.4800675200037264,0.029533758677276502,0.010159035453757875,0.23946939902230538,0.002836347280172322,0.0025435056367198445,0.005497831220523426,0.028400540586888994,0.01791460235022671
W6afe7fefa060e33d0004,0.005390864603968513,0.0014717980988532176,0.13555383337046106,0.04387878038986548,0.47102851640747206,0.027356333648670905,0.005323988488468606,0.2481227656805777,0.003103966142728607,0.0028031000407233502,0.004813009978289042,0.02717375696996479,0.014680592560564967
W6afe7fefa060e33d0005,0.005324908678559775,0.0014799047218115213,0.13091360420989928,0.04638217771297033,0.4745666778500967,0.027257581516052325,0.005981897816137053,0.24541397506016854,0.0021708747714917994,0.0032479036596518864,0.004679132595477282,0.028046832670225404,0.015139234691030384
W6afe7fefa060e33d0006,0.00578153923030757,0.0014916657327331212,0.12288113941774446,0.04736068797034694,0.48299572778935224,0.029128316470060013,0.0077885213716773595,0.23974129992966559,0.00237942167053205,0.0032427746310816964,0.004848604469135888,0.027457549060858066,0.015452644704871458
W6b98e963fa9af6860000,0.007787676696771797,0.009398892352816657,0.02015483492937668,0.06366301767592325,0.013370877282974791,0.006902083746061946,0.04812829318316548,0.056538374390082746,0.017988935469069486,0.017047308181438073,0.07267607142153981,0.019926485126578745,0.03830760873470226
W6b98e963fa9af6860001,0.007120648959762183,0.00807898529485763,0.02028669747636676,0.08107491055363764,0.01645160757817637,0.006365530978161626,0.037267197701080154,0.057062243221338654,0.01882606420399782,0.015595190917986905,0.07162327676542175,0.019322740266094665,0.03136556925167514
W6b98e963fa9af6860002,0.008208994418517896,0.008049935499706975,0.018105283564473027,0.07080587831942459,0.015269998957898247,0.004555909230998868,0.0335460731326587,0.062317813660606965,0.02143123598697907,0.033502173597665184,0.06581804857627797,0.016129178368415265,0.03112409399567949
W6b98e963fa9af6860003,0.00902135007386958,0.009620722633960842,0.0249622048353198,0.10014737612823021,0.01671137182650566,0.006022151266770533,0.03857410202324189,0.06531254255827337,0.020277011549371823,0.019092247288888784,0.07838533426704856,0.022270547216571925,0.034263198197820935
W6b98e963fa9af6860004,0.00797645883465476,0.008161002771797226,0.019427316150370105,0.07703249421074028,0.015604870495284424,0.00582741377250738,0.03648190644499896,0.06565657843590504,0.0164797261062247,0.013862523603319642,0.07366728884346366,0.019231473853533288,0.034726147448170486
W6b98e963fa9af6860005,0.009975166255369714,0.01014204973710116,0.019593655913323967,0.08505101534187175,0.01618760444076437,0.006838303357596449,0.046038256195719975,0.07855437344242422,0.023466195523123047,0.04673397890769235,0.07479050701393902,0.022673792443855506,0.036299388659361276
W6b98e963fa9af6860006,0.0118561900562857,0.013039533206714008,0.028007458575737318,0.10537682795693079,0.017814989962308188,0.007703514789595475,0.04479228323537017,0.09263902155389536,0.023066905032384268,0.01767891593394376,0.07289032755012334,0.02533597368717196,0.03763793776268129
W6d3840bb93b384910000,0.009116616883307933,0.0031848974859613566,0.019615694626209296,0.022530706522226728,0.01814942415126132,0.02107579136749211,0.006775047111059761,0.029700636083652393,0.03556001253199527,0.03178463504092625,0.21849665609629199,0.004122678352414627,0.029422072264659805
W6d3840bb93b384910001,0.013153849661547921,0.0036804021143533408,0.02085335848835544,0.02578162701802007,0.018765910137153587,0.02345673552206865,0.007019132504832589,0.03079532143336959,0.03699225356160846,0.0295243640956017,0.26637072805932255,0.00428033546830522,0.03222810972059618
W6d3840bb93b384910002,0.010798723426682115,0.003086947286882655,0.01765388810792321,0.02093499290480439,0.016443654780534195,0.021416546909843424,0.006886094985759423,0.0328120120380107,0.03781124467308133,0.030756369325636565,0.23415456253363007,0.0041429474921555924,0.03357540404399259
W6d3840bb93b384910003,0.009417409203264318,0.00344978498564766,0.017916862958511123,0.024378735826786,0.014132899549780606,0.02131547441710705,0.008825767082003085,0.03423910790741328,0.04094429982795273,0.03321124403166188,0.25189827575589885,0.004410781855738706,0.033725041202031666
W6d3840bb93b384910004,0.009469555049064316,0.0034544080346845312,0.018901553078555195,0.023699335669524764,0.01441166755887459,0.022616892980790684,0.006756463862675913,0.03375712474362883,0.037733095571834074,0.030865645800084583,0.25292790811663884,0.0036262476113725207,0.03281452517992781
W6d3840bb93b384910005,0.009742427072079002,0.0033447089980783344,0.01781952724967815,0.02191240276854749,0.015432060826368124,0.02247588445113821,0.006844009184255396,0.03188570577166225,0.03752463961332052,0.028633332645867104,0.23365403196081708,0.004020182793306281,0.03061159178669743
W6d3840bb93b384910006,0.00991866000183045,0.0033782570792734445,0.01931079055226343,0.0227872975431227,0.017340611334403542,0.020296661575979695,0.013898114410721222,0.03571582341857545,0.03544618167886749,0.030282985636468033,0.2551503369802727,0.004453362338414528,0.034637539592926585
W6d3b2a24032b729b0000,0.00025014770276140505,0.001049078492576647,0.0007752068327662977,0.0008394887117990007,0.001106879452839594,0.019739465603478664,0.00015802509474067153,7.052459852181389e-05,0.00016038537473896507,5.6637613049210714e-05,0.0005021988938542789,0.9544413022593256,0.020744368490306055
W6d3b2a24032b729b0001,0.0006152025017504599,0.0007922427091898874,0.0015249861988750769,0.0005730723292212655,0.0007993860900422247,0.014505624682798528,0.00023788443122157654,7.027368499724206e-05,0.0001914935787992496,6.0819800160586154e-05,0.0004976731366526172,0.9582818717162337,0.02171989862404341
W6d3b2a24032b729b0002,0.0008055911300344972,0.0007775945701479785,0.0005866076496830833,0.0005786661834860327,0.0006245670186357658,0.013784558979118143,0.00025090285258510045,6.821931838992439e-05,0.00038333715738220675,4.935480702010221e-05,0.0004718088868089254,0.9634876782504882,0.018041822749606612
W6d3b2a24032b729b0003,0.0017619953062502664,0.0008634752362800992,0.00024092363333444837,0.0006573223783013796,0.0010325170111549556,0.013765602126361548,0.0003013586038501014,7.100957950533061e-05,0.0001308707919986419,0.00018096913050381065,0.00048337910938709404,0.9625543321782468,0.01726232748767888
W6d3b2a24032b729b0004,0.0006198969914601092,0.0008151109209022608,0.0005764757669277432,0.0006360259438629639,0.0010809905894288623,0.010539963607259612,0.0008474015774133484,7.804128423316881e-05,0.0001883633632879143,5.58287067782629e-05,0.00012763252540468062,0.9639805189333694,0.020301011176480224
W6d3b2a24032b729b0005,0.00022029669046967114,0.0008679776161808321,0.001161526456350052,0.0009253918997538299,0.0008105925295682978,0.01442629153851044,0.00020999823567535898,6.361342462275864e-05,0.00014341966110829093,4.6128122435111037e-05,0.00019677545829212801,0.9595456648334941,0.021270493866267347
W6d3b2a24032b729b0006,0.0002444066655972849,0.0010059606723550382,0.0008875611100268554,0.0005910968150627093,0.001050385107627877,0.01564043169911017,0.00028833929676561857,7.50870384337617e-05,0.0005844535328008851,6.172622229742097e-05,0.0006503264604507007,0.9592189013945238,0.01933693223954762
W6fcba0a340edc8d30000,0.006637061674706014,0.00591457271195427,0.6328367017195183,0.14585037543779866,0.102624521360538,0.03719126069864481,0.010618174394482885,0.003250127943738503,0.007037679673223894,0.00291092711744791,0.006039942332814126,0.01432836521182177,0.0074814836583665814
W6fcba0a340edc8d30001,0.006077258971663977,0.004997014013097792,0.6368763464526831,0.13825858110418268,0.10594517819949778,0.0387098489743728,0.00812655260777393,0.0038498394588017716,0.005878746625785932,0.0027584920929969027,0.006393807496141135,0.014338670053905614,0.007969983113311367
W6fcba0a340edc8d30002,0.007358410298005152,0.005419396890486002,0.6497518520062594,0.13455296860345284,0.08756510123293017,0.04107787989827607,0.009333471066899992,0.0035458039151779874,0.007489221834488444,0.003636488714637119,0.007331591787182822,0.015397362239464555,0.009273031884620656
W6fcba0a340edc8d30003,0.008079548020256856,0.007174307896247784,0.5790243048780265,0.1353701360763212,0.12708332508588854,0.05975278916777411,0.01347047098201738,0.004026738389498447,0.007427198799475026,0.0038789752478033544,0.007481783635658693,0.019250794161830787,0.00920898213979954
W6fcba0a340edc8d30004,0.007070231737423309,0.005307219796880001,0.6093087538978086,0.0991873568024247,0.12336970867166246,0.07763814242425313,0.01021997388240294,0.004500147544172186,0.006850745618102801,0.0029394286369475936,0.007568211508545719,0.015094186348227607,0.011146867861022655
W6fcba0a340edc8d30005,0.0085031441289368,0.007064949344313366,0.4836326147521016,0.14524143834675948,0.09765045387053703,0.15152887903983134,0.02116364104157094,0.004033188334997534,0.008488586008632962,0.0050186436284497685,0.011722894837581474,0.019822934109869583,0.013120693033582969
W6fcba0a340edc8d30006,0.004308637239016392,0.0033814074904668433,0.701515915346402,0.08230456694153084,0.09457494440428207,0.04556413110660395,0.009364554202446503,0.002081842526050319,0.0051291256561368705,0.0035057634459953863,0.005024397776631883,0.015611002244954063,0.007497788266612777
W7006f3c66af00e6b0000,0.005073604264080394,0.002022268117678879,0.35348413125309336,0.04376669728842191,0.20025294354026926,0.0568970301452022,0.005937980550000949,0.2948728668432108,0.0017533953017144204,0.001221148738737454,0.003413448164068545,0.021133008004687266,0.004837671611486983
W7006f3c66af00e6b0001,0.005362787833922765,0.0021994948417117756,0.31586499043295113,0.04676786519246821,0.24979414215446655,0.05605596239195565,0.005879456647757685,0.28611391040100265,0.0013463212879227665,0.0008592962378836057,0.003544999900642762,0.017672967757616453,0.0029609255814744264
W7006f3c66af00e6b0002,0.004912603731625259,0.001996154329577949,0.3244247034104001,0.04550026788326893,0.2914732379658655,0.04080274204594822,0.005646558799731213,0.25585552899221053,0.0016237952812072922,0.0008799409609157763,0.0028483943138892624,0.014855079412464962,0.0033962059290980674
W7006f3c66af00e6b0003,0.004110897251862793,0.0020811193826729803,0.3372732140361994,0.04819440417852329,0.2628568463965992,0.04340448253742317,0.00532387705597955,0.2671841788474428,0.0014700475773245518,0.000819057458308256,0.00326748814462038,0.01473535340282334,0.0030107193983014762
W7006f3c66af00e6b0004,0.004552003328136029,0.001793670825975671,0.41788025757058883,0.042608377679000276,0.1897380488302244,0.03200545207631682,0.006084431328300896,0.27787255082205,0.0016747096412752492,0.0009914345330352971,0.0030291842069782044,0.01242780935312739,0.002780020061526479
W7006f3c66af00e6b0005,0.004801096971710789,0.002083327620417131,0.33781159754096973,0.05021700890060464,0.221441467213396,0.048439390909196196,0.00571774709709086,0.30053655610751595,0.0014630439736021128,0.0011103190057533407,0.002764116223254728,0.01581939514334956,0.002706562188615629
W7006f3c66af00e6b0006,0.004990956536246519,0.002063179173318356,0.341140023766129,0.04677546890155609,0.22441606067057485,0.046854191327876105,0.0062616219455112355,0.30048920712154925,0.0020931139632790804,0.0009518582818868345,0.003153241826150451,0.013488674800678165,0.0027086062780020902
W71bc87bb603413cf0000,0.06386439587625008,0.011846774370696377,0.019239072812718718,0.032823407314325294,0.0337560403206969,0.03638800719765208,0.014388009331855852,0.03562514323924627,0.014940171492512765,0.05423772135049951,0.04353336253272037,0.05206275355018284,0.23183486064844075
W71bc87bb603413cf0001,0.07473465097549378,0.012291410068580774,0.021635169909928954,0.0297545465971547,0.03272335934036179,0.03111200888245035,0.012173910529194237,0.04490061841981335,0.015392645710211816,0.0489763625956422,0.04172733270700918,0.03436808813826733,0.24187641331338558
W71bc87bb603413cf0002,0.06381650947890338,0.012197140391826322,0.019721785841380433,0.02598705995066336,0.030884606087945046,0.02714589240188824,0.012778923299213537,0.040908805206125345,0.016996561978678534,0.050134441078260955,0.05033205471962071,0.03480687044242778,0.2761624513956846
W71bc87bb603413cf0003,0.053616141873248334,0.01923912311002377,0.052361343499366046,0.02672468505025395,0.0356348522957988,0.0231945577352353,0.012049029613979268,0.03311727033683055,0.013836655780546955,0.05369027461889469,0.05036904806825144,0.02868216848274233,0.18206370517407203
W71bc87bb603413cf0004,0.08544707161489584,0.018913334913953417,0.026796385422616593,0.03537018493566972,0.035037177436743894,0.044334225137365985,0.015055686596520623,0.04049690384571549,0.01860722047593113,0.0587029469579698,0.05164903898414264,0.04376432060170411,0.2134855343174679
W71bc87bb603413cf0005,0.08967252014040679,0.014083146132071886,0.02548703052374094,0.02822833829116145,0.039981483608614005,0.03349680836955154,0.013072700154440824,0.03135532345670327,0.014536669728945366,0.05357948978472853,0.03863095242172059,0.03495501517264007,0.16703816843763833
W71bc87bb603413cf0006,0.048063093191747494,0.020858325916921803,0.026410490192543434,0.025576505923130665,0.05450505686377854,0.024650339267925342,0.018973609937821958,0.039099873869766655,0.012751101973596888,0.04474561807449418,0.07258974084401633,0.026905659009698598,0.15770992753876256
W71ed08969928aa290000,0.00503574639178473,0.00813978520822359,0.019314302054377563,0.00988776364012547,0.00930780056570503,0.6445117851083084,0.011802420975664042,0.0019155174924564851,0.0017513784801618496,0.005708564413186166,0.0034491050338135813,0.257103830057202,0.008940334767114633
W71ed08969928aa290001,0.005907114524217794,0.0011085914921012802,0.02050987991096962,0.009072978220235652,0.00951286566843523,0.669296481664522,0.011554809092479024,0.0019079069271881026,0.0015685302686554126,0.0029170801756520713,0.0021167544743817155,0.24691555376281316,0.006487437183048745
W71ed08969928aa290002,0.006730540835708533,0.0021468066733984826,0.025353148155443275,0.007442109318762803,0.010599568408385178,0.6440028426377639,0.0114066053676017,0.0023653472950806447,0.0014696750012388872,0.002225934356241201,0.002159776037740618,0.268218898860864,0.0048599125340869406
W71ed08969928aa290003,0.0073608972378211394,0.0016001730373165135,0.02595451218704939,0.009175786640069926,0.016334518430984574,0.6460272503039778,0.011108833714525307,0.0023033637138708133,0.0016487719062293381,0.002652437732155759,0.0020474709816253518,0.2561351749063041,0.004346266192008264
W71ed08969928aa290004,0.007391714217757101,0.001212922485489128,0.028303220944767404,0.01024497325208149,0.010598364024968108,0.6753773018016089,0.01066660776553025,0.0018146526264441534,0.0013574208376952418,0.0019550874658627007,0.0024479116030767514,0.22535288461912212,0.009631868939987121
W71ed08969928aa290005,0.005941357365892625,0.001448876122103807,0.02602001856301546,0.010218074844285482,0.01110730340156054,0.6393659304994632,0.01058493893461589,0.0016202103461792812,0.001337807251085759,0.0028329173974750346,0.0027083748708431454,0.2650033259865661,0.008799162611088974
W71ed08969928aa290006,0.006867161818731952,0.0012495942727503368,0.027521183863173558,0.00889260641264785,0.01861241797787124,0.6360430440417989,0.008847024283740531,0.0020032763373152877,0.0014211862499737041,0.0028320318523289384,0.0024127137421119066,0.2660299541641464,0.0068423927730160705
W72644c30a07b7c5a0000,0.009414298307108715,0.8607010005250767,0.0015471181760499273,0.0017444229905145365,0.0009669615910909589,0.002890629561386804,0.008830009247037906,0.007496866986665591,0.07255101586311039,0.0027246202651714517,0.022104303611111115,0.0013960649167793569,0.002813235498417395
W72644c30a07b7c5a0001,0.008961132291815768,0.8735139962827196,0.0010373169392122507,0.0015093870041911236,0.0011175782269046218,0.002435135394563501,0.008221317519222832,0.006051203055206506,0.0668866654664754,0.0022554185595016407,0.01917423597224619,0.001305684598325865,0.0029482271067885315
W72644c30a07b7c5a0002,0.009464774136874785,0.8546431242146753,0.0020129292585043344,0.0017395768773801486,0.0009536669394446649,0.0023935162194429257,0.011112474468988855,0.0083974043129551,0.07361375167774892,0.0031468110415360977,0.022808239833622065,0.0012164952636033596,0.003613807726469753
W72644c30a07b7c5a0003,0.009085427260814509,0.8542541173043579,0.0017133032491801574,0.0014503677587291374,0.0010325827816736592,0.002584543447443307,0.010586889001879717,0.008165200183555026,0.07738838112577265,0.002830589952325292,0.021212945694534024,0.001148368176371216,0.003950386598750293
W72644c30a07b7c5a0004,0.008795393409541146,0.8654224291825364,0.0016255124003157861,0.001900285989741738,0.0011114028124607391,0.002670139644414741,0.007043865882270172,0.008068623183436928,0.07114310332224241,0.0026221251673380986,0.020606842565544542,0.0011145103237489623,0.0033049075910668692
W72644c30a07b7c5a0005,0.008324828397733745,0.8799613695876498,0.0009528927502212945,0.0014302641209922172,0.0010825605444351376,0.0021304932664867643,0.006331698901593245,0.005817218832423214,0.06636345384993635,0.002384983579047995,0.01684671312400832,0.0009384761584609924,0.003038639451477119
W72644c30a07b7c5a0006,0.0089571263355392,0.8653877872129353,0.0014076009961350574,0.0016237762895423633,0.0011132727588310904,0.002744230516988336,0.006681239968274475,0.007491638363592319,0.0720305463375906,0.00250311010549175,0.02128552670099846,0.0010558430119760919,0.0029306265784028707
W727940b18345130e0000,0.000750473502956106,0.0006583857520346866,0.0008594574130862593,0.0010355535718881417,0.0021472688761211,0.0005634794486768425,0.0005957963275709976,0.942769566816913,0.0038678499643134013,0.0015214611124781821,0.024336818640734108,0.0003725492323559577,0.0019180027481112765
W727940b18345130e0001,0.000639967181529097,0.0005220463687539404,0.0023422868371155104,0.0016674951816846805,0.001973447738445932,0.00034060495156521496,0.0009148037051485015,0.9448692434745399,0.003657654536276096,0.0015132309130524507,0.024274954055549476,0.00031342319709332827,0.0012884249988059325
W727940b18345130e0002,0.0007458362407741477,0.0004916581438652494,0.0013386768385518055,0.0015570058152705776,0.0017863994171705643,0.0005187524404729031,0.0013422477270363697,0.9397485881317925,0.0026951785420860136,0.002888585036823522,0.023836477431073384,0.00017801714500427558,0.0019313048811855046
W727940b18345130e0003,0.0007232369600021479,0.0005153949825270224,0.0010236794729626224,0.0011113654933225655,0.0015546719965919705,0.0004015838054637926,0.000983013324565759,0.955792137428579,0.0015185684025675584,0.0007866664061387964,0.011019568261499356,0.0001403073464431826,0.0019801698979574184
W727940b18345130e0004,0.0006859937126855757,0.0004244283427373639,0.001342683477692496,0.00137905931869029,0.0019508333061133635,0.0007492260366262069,0.0005328909830918522,0.9575856947817877,0.001182470312991385,0.0012450762166879307,0.009740623403363019,0.00012040641492375731,0.002139510276751331
W727940b18345130e0005,0.0007162895490599319,0.0004885962493515796,0.0009315108560801022,0.0009028422190518163,0.0013399733922813662,0.0008036399793642895,0.00045012315930957137,0.9560115553991309,0.0012636903461134491,0.001225903241482949,0.010069301601087186,0.00013612956047262106,0.0016419990309167938
W727940b18345130e0006,0.0002679119956660588,0.0003570262040407606,0.0008358526513055919,0.0007832511105679619,0.002406388256951942,0.0007136836410765251,0.00033286135203865506,0.9562482832902991,0.0011675927509294047,0.0008749371956624475,0.010434032593640312,0.00011577431074639808,0.0016277374166227153
W729325f0d9eaf9060000,0.027331658700899934,0.01930871025452988,0.04126344055462841,0.03434698051404953,0.015898921472167572,0.017298346864111937,0.518248947011961,0.006422509245235576,0.0064796546407262096,0.015596014231176488,0.021933888801691493,0.007403322241469379,0.022206933996397886
W729325f0d9eaf9060001,0.026182371841548067,0.017943683218201043,0.03974789818539484,0.03255185824317606,0.017040161550754173,0.017740436903435682,0.5233919729572055,0.008866572141332551,0.006562463824170514,0.016604481895828468,0.02182102304108797,0.006786538168244071,0.019623435713132124
W729325f0d9eaf9060002,0.02484511378399861,0.01729121144739543,0.038412555186282414,0.033525782543193126,0.015728107650082524,0.018262064852828316,0.5343375223046073,0.008396148480579717,0.006022841555965032,0.01427823904332832,0.01890683067301764,0.007094483421210419,0.01857716673335641
W729325f0d9eaf9060003,0.02550737473334863,0.01895528330354715,0.04274353044738562,0.034339909436350444,0.015588818473905352,0.0176156168588108,0.517266173596599,0.006612529333292621,0.006272718092359317,0.016113867291025888,0.020520765379211006,0.007490555879898288,0.020146761981533052
W729325f0d9eaf9060004,0.027067989229318808,0.0191948914609835,0.04049873479612759,0.03316447282817898,0.01755667794633447,0.017391757828739335,0.5193496700201975,0.007002174338525332,0.006510397956932265,0.016665163387691247,0.020925227784016988,0.007175784841520961,0.0194309198495272
W729325f0d9eaf9060005,0.023918801457364455,0.01707483377320999,0.040057923372953254,0.031006105341765677,0.01637898339908958,0.016458141612137496,0.4818802829703143,0.006939215048075231,0.005769783421144501,0.0796634342208212,0.019823279164558033,0.0075215939738175405,0.017997509728323462
W729325f0d9eaf9060006,0.025101977290339528,0.018576468967146435,0.04798793475217969,0.03637928677242615,0.017269425940994496,0.018053569378105018,0.5047281719737292,0.007768634530630231,0.00622849013332127,0.01677759368530803,0.021515214486006375,0.007861129535853046,0.01978126033283932
W7323d1ca6e11182e0000,0.0019872811482425194,0.0004556182560994174,0.017816348945951285,0.0036418270306975893,0.00817189398866357,0.8445949844840291,0.0039606214683257784,0.0005297254338822589,0.0012113754930973546,0.0006446794527463106,0.000740665562653861,0.11176044529382241,0.0023015677137937394
W7323d1ca6e11182e0001,0.0016107427789975128,0.0003700951521713701,0.020498561810502785,0.004091785390606912,0.008272650900934727,0.8509088477090931,0.0036024813298090224,0.0004725099272600724,0.0006388086835425113,0.00016737758920102073,0.0006687908771529072,0.10455421905002299,0.002064513725318807
W7323d1ca6e11182e0002,0.002368511266836192,0.0006074228192701514,0.030337247901061622,0.007216409284777827,0.020682803420550813,0.8241187715786662,0.005381457240484133,0.0005562957132783098,0.0010141213505173328,0.0006583637615006164,0.00046037597461195354,0.10000022306136183,0.0032229311411510583
W7323d1ca6e11182e0003,0.0026273776330344293,0.00045276210979517095,0.030725567785391088,0.006419011515796752,0.020070454273704304,0.8376117912355283,0.005305787444463601,0.0007891018796729473,0.0004136394999439848,0.00019758250369413102,0.0005035730535584874,0.08998291622519637,0.0023580088462702487
W7323d1ca6e11182e0004,0.0018869973328349146,0.000327452363656274,0.02126653919338313,0.004225214909292204,0.010780880631890814,0.8728584084413058,0.002986181778662342,0.0004902914007490052,0.0003628753154500446,0.0005206253020583682,0.00028498135101543846,0.07944096282284589,0.0024218017614328104
W7323d1ca6e11182e0005,0.002033209459103927,0.000621047283198799,0.024802816198935974,0.004906353972721984,0.010840270494179077,0.8468764666278756,0.004974324967741893,0.0007180459829757465,0.0008484856226674899,0.000255639394480022,0.000831245437796747,0.09667180543766454,0.00286750150974279
W7323d1ca6e11182e0006,0.0029139804670032486,0.001344997884178108,0.045104996362659314,0.009556621671959108,0.024767675153396215,0.781382147738053,0.006627530937418479,0.0008547695111500413,0.0014886182370908165,0.000936177578656438,0.0008559158836583592,0.11774924531416829,0.0032957582893600405
W73ed5859f924416c0000,0.004405433932531259,0.0013719709004740605,0.005350784530568894,0.006109732781184821,0.0031701565027798047,0.0028312731575306205,0.001489643516043207,0.005906457384212079,0.007676689633499349,0.5677187832410191,0.008214171107385714,0.0010933836473051774,0.011672505732444221
W73ed5859f924416c0001,0.004072825297971313,0.0008107538367891083,0.004996254213031758,0.0041024571990266115,0.0022711349449909407,0.0021710944638357248,0.0010750411146946413,0.005486936233777941,0.007093347696783235,0.609804021659197,0.007390158419680413,0.0014255788307067773,0.0090150436430057
W73ed5859f924416c0002,0.004091121452745552,0.000917273196921532,0.006193872373811358,0.004462181627893628,0.0018376494480012292,0.0023882277995123896,0.0037341883074403243,0.011554335928384967,0.007830417755872827,0.5881292592342092,0.00837136263975209,0.0015253310070571869,0.0113520695477669
W73ed5859f924416c0003,0.0034652578485730745,0.0007287960544931669,0.005292645917284296,0.004788710960658304,0.002090500881117725,0.0027262292470300875,0.0038743292239242057,0.005605985716204558,0.006311830193734134,0.5944317127850329,0.00862492771055243,0.002188840026933238,0.01117366677293263
W73ed5859f924416c0004,0.003933304644561964,0.0008844112417228504,0.005046422945149273,0.0036446337729007967,0.0026368561330991458,0.002537873052895227,0.00146895990747648,0.00630622725607954,0.007502204002727677,0.6013057359260542,0.00807759040805108,0.0013746294666485727,0.009627611563517956
W73ed5859f924416c0005,0.0040218983217691455,0.000782138860533117,0.005130367915150287,0.0039277814507477134,0.003072228010969434,0.002147740954618817,0.0014087171746517899,0.004879610671726402,0.007182274419819328,0.5989852112557009,0.008122500853615256,0.001414754652467476,0.007892698528303776
W73ed5859f924416c0006,0.0037045635403759806,0.0011704453588894594,0.005858697507520422,0.006001234534472768,0.00270758325035347,0.0030225233947666734,0.0010726962519591887,0.004925250637544362,0.006979103105646202,0.5410667741724686,0.009224684667592999,0.0021822540873600235,0.008454284803973191
W74a550cd58cac66b0000,0.00490132858566616,0.02467214042061692,0.01616748482747648,0.018897807709537955,0.020115870878558626,0.0159671872190169,0.805220335877079,0.019628844578854037,0.002311145126660279,0.004189526850550707,0.018161727957045938,0.00988033710959732,0.01222875601664138
W74a550cd58cac66b0001,0.007028099192093114,0.025653766214210127,0.01711879755977429,0.020244902534081056,0.021592509370396033,0.014618315131218989,0.7880973512713793,0.02179511048435247,0.002478565979423934,0.00431784368541649,0.018735174520095807,0.009968581879522072,0.014145950804043584
W74a550cd58cac66b0002,0.004702363934764374,0.022895309542952633,0.014215869737807432,0.020339685574794663,0.018513636250011574,0.014633644456063117,0.809021391856578,0.018915794410159684,0.0023932213419083047,0.0053831393037274715,0.01616293284091538,0.010272927342504803,0.012782025019896014
W74a550cd58cac66b0003,0.005802936595130154,0.026184103563542775,0.01355872655136724,0.021065887138178425,0.01956387756000484,0.01387554056533601,0.8075259951941441,0.019243660707087114,0.0026152944544607986,0.004917811325608452,0.01692638415599342,0.009689775928428518,0.01172245780728132
W74a550cd58cac66b0004,0.007322700387092616,0.023143061315934497,0.018022448819430877,0.022230985068830512,0.017007223851775357,0.013282226628118477,0.8061229673608481,0.017787271826980287,0.002532921510970498,0.005210944187194475,0.01816246431940392,0.009921035529862418,0.012869365852946953
W74a550cd58cac66b0005,0.00768972681653568,0.02557575623469828,0.013615639157000965,0.02084827974733367,0.015957319308305476,0.017297171668830994,0.8065088998211419,0.01757529188899248,0.0024661201374620426,0.005146164558308516,0.018458123793539543,0.010161087997177297,0.012770387064384842
W74a550cd58cac66b0006,0.004968588213968751,0.02384351913767714,0.012834816509598241,0.01636909886609664,0.019143800045713033,0.013570501026622257,0.8239344760876681,0.01770360534600491,0.002332707196261483,0.0035296699953535175,0.01498152411197888,0.009189932505993561,0.011269647205328215
W74ca5568fc785c740000,0.00213895508737784,0.3179625527022587,0.011863696454116989,0.00860905665762566,0.01039600265121694,0.2863020478612475,0.010794210606594511,0.002737932819337445,0.0015217667678653606,0.0016864412573981723,0.0017690332761506086,0.3313867797277848,0.009820602717127534
W74ca5568fc785c740001,0.0031597032371306413,0.08874254219545043,0.009627374298591927,0.008179932442557434,0.01611055321105258,0.4777655303198498,0.009649837471196012,0.005465535162930825,0.002434015609378855,0.0023853273938801533,0.0025067746213983362,0.34984379115368397,0.021648545960319673
W74ca5568fc785c740002,0.003238391365833048,0.08821735386466754,0.010076670457984965,0.006722343194066945,0.01078909706015164,0.5320692369998739,0.008230803869020234,0.005024374297270405,0.0025638733708298607,0.0026566446196447627,0.002347197635275093,0.30992771157433685,0.01592064081643479
W74ca5568fc785c740003,0.0021083595530669145,0.31333289749381704,0.006987002648325168,0.004581926443684301,0.00915269564264328,0.30463495108924465,0.006513158834736561,0.003192373208083456,0.0018487685905985037,0.0015519562301032517,0.0015334345406024692,0.335894094187307,0.007160390372555564
W74ca5568fc785c740004,0.003789704808510514,0.004790337773674111,0.012100931780905898,0.009010240902851,0.022646780392480317,0.4136004343406239,0.009782477652363718,0.008138973992917395,0.002746679016489046,0.00749433540798454,0.007594378696045539,0.46391364169096994,0.03030334060965041
W74ca5568fc785c740005,0.0022198918614348808,0.3060262245940478,0.006867315295814123,0.005218848619364028,0.016455463671305147,0.23408469271677945,0.009778364806566306,0.0030647543296867833,0.0018627842625199304,0.0016586132074176648,0.0023909060000933354,0.4016241459698896,0.0072296605785530585
W74ca5568fc785c740006,0.004168427056181619,0.0322258143453259,0.0133025455484985,0.010218135663949782,0.013564664208779905,0.4580168750817885,0.013589227558047716,0.007641724606123471,0.0031133184863922254,0.008905530811933246,0.009241585391916468,0.3904760941948964,0.03236280632726085
W7557edb163ff1ca10000,0.002080348688399963,0.001042576193774603,0.048783437134922114,0.02420488742184396,0.033951508918687964,0.1324143649173985,0.0041834935168476445,0.0010843770404235463,0.0018208024828243298,0.003607297418254717,0.0016281431750641202,0.7301838610938686,0.012245539757374978
W7557edb163ff1ca10001,0.0021753043397960566,0.0005618100784693101,0.029332741536501714,0.015501671272889365,0.026489901382789532,0.13180313521296808,0.00543137274441587,0.00046613275016028173,0.0008661380592601069,0.0013024952135427385,0.0015920693231714638,0.7696140181339752,0.011649939685781202
W7557edb163ff1ca10002,0.0033624529993052607,0.0017832697757743318,0.03845918203560545,0.018522820518048277,0.04955661014799895,0.18069971232164575,0.0041800149151224675,0.0014719247469425008,0.001127071681195562,0.0017832076145058136,0.0011463021989484682,0.6832943020972045,0.011578875982742577
W7557edb163ff1ca10003,0.002796454757611713,0.0004914012252695244,0.028021956425965416,0.01540446686672273,0.03211927793565405,0.10998967584110442,0.0031592131649153966,0.0005653038442864545,0.0006612390698837395,0.0013176862316120034,0.0016083012164382258,0.7890788061256881,0.011366044077628548
W7557edb163ff1ca10004,0.0021825149080619975,0.000601968118276015,0.033772978942255456,0.01780661449137858,0.027150029137329623,0.10166009424245089,0.00528229109967107,0.0006411298821166368,0.0012571436381321542,0.0009593845710644457,0.0021155735227883312,0.7918644654532396,0.0118429616383346
W7557edb163ff1ca10005,0.00238606557794768,0.0006319431282084734,0.0295081354988988,0.014931041409706976,0.03579793916627712,0.14101156525230688,0.003522368021762082,0.0004968278753940164,0.0008691410605954653,0.0011144590890020706,0.001351702700461054,0.7539657746637438,0.011909938364275102
W7557edb163ff1ca10006,0.002023693149118498,0.0006300344676759594,0.0336918502365938,0.01982584200996167,0.04257141583415653,0.12923159230882542,0.004715738658305001,0.0004948246216973836,0.0012351494508511863,0.001493011794400869,0.0013667576787477524,0.7502432186833958,0.009980691884657748
W7575a97fc8a0191b0000,0.0014424136473593476,0.0003183199558714386,0.016262955275883128,0.012372353474656029,0.005212230930277344,0.19073738974018303,0.003335446237611915,0.0008147422792591579,0.0006646238672220287,0.0013474802782520562,0.0008488652105336502,0.755757269302717,0.009105150335861754
W7575a97fc8a0191b0001,0.001890454130328548,0.00031645066156660154,0.018947552688773326,0.015620766941222664,0.005958184249885091,0.1674181338248633,0.0036580164107214855,0.00044816053721755627,0.000891805899430756,0.0012134780105056172,0.0005265647599185142,0.7716528800461657,0.009893707959748326
W7575a97fc8a0191b0002,0.0017532957956149272,0.00027176266206907696,0.010121291931291267,0.011272073240970343,0.00473932816602533,0.19021871591385547,0.0031488098735597122,0.0010579681135648835,0.0007008582867020817,0.0015429752042067288,0.0007729365693897389,0.7626071963681043,0.01016135584575553
W7575a97fc8a0191b0003,0.0014965151178810189,0.00020257647968986847,0.008019905174860955,0.00991783481875197,0.004817642608679951,0.14308339041267315,0.0025478030394089023,0.0008228946895446293,0.0005189509140066783,0.000683602552587582,0.0007559608613697185,0.8162554772904398,0.009191865937975888
W7575a97fc8a0191b0004,0.001992917652700148,0.0003343881173534189,0.010774312403450226,0.011317940237094063,0.0063883555587506075,0.1857909317290305,0.004319234342089024,0.0007649154486070787,0.0004978334389675444,0.0009736763068201378,0.00039886969978559605,0.7647823463551271,0.01007860746367821
W7575a97fc8a0191b0005,0.0018851104618999837,0.0004114586033320733,0.010391685625625601,0.012313490423866705,0.007673667996600211,0.20113312688899293,0.003088662503318155,0.00090050119422883,0.000705012609827427,0.0013841355632197886,0.0008461596062198551,0.7477571744097353,0.009667965240295921
W7575a97fc8a0191b0006,0.0017462272207735294,0.00023407546896885145,0.011158079700066015,0.011634080736344183,0.00525199036193435,0.1911204257063603,0.003937510238144239,0.0007806893051322607,0.0006764140246625044,0.0009631676093222864,0.0007681837634525982,0.7598772722068857,0.010303348932379738
W757e2d1c9dfbee5c0000,0.002580426161964925,0.0005187742329514252,0.015274484828882166,0.0024086457487986174,0.003970801225370635,0.7954582405689004,0.004792394808103137,0.0005846009532255575,0.0003843639741261265,0.001742722690237081,0.000897480304593649,0.16049411612226674,0.008252213140389535
W757e2d1c9dfbee5c0001,0.001967930266654945,0.0009739564099186184,0.01495023871332693,0.0038137019524298807,0.004213561537479198,0.8313268368281667,0.005565794744347789,0.0008635118836252919,0.0007739224552333433,0.0007459469929341645,0.0011337927761023814,0.12478319309098479,0.0069992878171482
W757e2d1c9dfbee5c0002,0.0012559082806865357,0.0005626452157788474,0.01863411259218824,0.0042786173160500015,0.005433292946430561,0.8284747424150951,0.004943141390853209,0.00042369206845900743,0.00032482987335222024,0.0007756364717550211,0.0008724984239671373,0.12597120875921472,0.00679290114859473
W757e2d1c9dfbee5c0003,0.001941239947436636,0.0003910931073731965,0.016811443880640646,0.004053862783477554,0.005126633770808363,0.8252584192268066,0.004765982849496643,0.00016900911337680458,0.00037774408873653993,0.0006442042872088165,0.0013861557642600717,0.1319872870346879,0.0060991188596800005
W757e2d1c9dfbee5c0004,0.0021594124458391407,0.0005239061029052046,0.018868899584816728,0.004622486643707928,0.003999865517121995,0.8295117337759372,0.005566430280584197,0.0002305545920263856,0.00108644001269249,0.0008842147005188003,0.0010835671264646514,0.12258391790066692,0.007133429547435814
W757e2d1c9dfbee5c0005,0.0021658119461260552,0.0005194296278626645,0.016887658080543152,0.005556630384345011,0.004611938694724959,0.8375410483216368,0.004158446797738749,0.0008479390605261911,0.0007440441811438373,0.0010331923650835299,0.0007853956290816229,0.11642831517770177,0.0065014149937912425
W757e2d1c9dfbee5c0006,0.0015323634549038044,0.0004953060838839983,0.012812155573321674,0.003698228637134888,0.005339819669641791,0.8327321602617817,0.005357790115926453,0.0006573481009117373,0.001169770681795952,0.000802945332945323,0.0007599680649037129,0.12621683407872908,0.005964538448798474
W764bbe99e72ba4c90000,0.00637923867545598,0.004570160950489239,0.014496612301800504,0.013886545450703242,0.009597902683774438,0.007204915885703739,0.007137191787757661,0.019910782550226887,0.028025983617069816,0.010518807882223273,0.056834362364016504,0.005483993129060521,0.07766713976906275
W764bbe99e72ba4c90001,0.008393015930908933,0.00764166795221424,0.013056210090654115,0.010889389320256054,0.01399345645626497,0.009019172679512306,0.00801327047441753,0.02337587692890614,0.03162852354679974,0.01360080163430226,0.06871418236131423,0.0061467443190622514,0.08719264466355338
W764bbe99e72ba4c90002,0.010298916755978889,0.008094031388588932,0.017298923504367278,0.016277527546506285,0.014166182386013656,0.010499346978354201,0.011468766553528143,0.025018078835992927,0.03147185937973063,0.01779826709688633,0.08158159059627902,0.005739792738904367,0.08481839823839611
W764bbe99e72ba4c90003,0.0056034939655889805,0.004537102202100788,0.012039894018279478,0.010623011663077265,0.011773030366373349,0.006020735238169525,0.008566973262808853,0.017691062030623848,0.023700728792285644,0.010075834917416964,0.06366832821921733,0.0039950780134945345,0.06857111995298187
W764bbe99e72ba4c90004,0.0064013485560626806,0.0037265882438303733,0.011374832777795099,0.011230823702049829,0.01051868934349449,0.006962111388158051,0.007294790223075294,0.01729818645163296,0.021644273499262335,0.012327503615777747,0.0666262399973428,0.004095350665902901,0.06349192861443068
W764bbe99e72ba4c90005,0.00569537354933553,0.0045675954713785575,0.011332460880314416,0.011062955302436856,0.009407655400442716,0.008286316339723838,0.004934616878372056,0.029379526825149996,0.025341260774106374,0.011474690784722947,0.07102000037795743,0.0035442394612637826,0.07272619472665347
W764bbe99e72ba4c90006,0.004150564397914039,0.0030692386150416775,0.008293274838317394,0.008723480883881161,0.011303577364050826,0.00567141593437748,0.004202247371523779,0.016531143606267458,0.01632929593189452,0.0097452813447368,0.05103636420057542,0.002676435862622618,0.04876137182287707
W76ffa8ac18f801550000,0.0012000543494945172,0.0004600123943900111,0.010027164001028644,0.003316989879128892,0.007882180204076834,0.4554045344151981,0.00330501555907596,0.0007917322513740275,0.00036852232387090024,0.0001897293465180712,0.0005637299840434797,0.5130866956203264,0.002484635405373698
W76ffa8ac18f801550001,0.0015043379055646618,0.0005115721198396806,0.008598443073220824,0.0025256484794030547,0.010821598394333621,0.49654806056027934,0.0020457986455976462,0.0008007245094126029,0.0002708925175082954,0.0002136239525809304,0.0006008213742089272,0.47320581391734945,0.0019356563374912374
W76ffa8ac18f801550002,0.0011941083129939764,0.00039665917910287104,0.00710812338459098,0.0024881654909087456,0.006131039596499913,0.5995974833699095,0.0025052414280378305,0.0007045261510519767,0.00019269696601464568,0.00015280405076570827,0.00046156887720155264,0.37708837599580736,0.001543727959074082
W76ffa8ac18f801550003,0.001160274251446115,0.0005327273663491508,0.008048932664155536,0.0027951450334304903,0.004723774396075879,0.40986654471453293,0.006669715569250898,0.0008366597522036674,0.00029390426786357165,0.00022458817512101503,0.0006880697241329272,0.5621813669954796,0.00153453755516958
W76ffa8ac18f801550004,0.0011485259289507486,0.00042438073011860563,0.010177929702465859,0.00363752960424884,0.011783905554163357,0.5227815552044617,0.005710708149107622,0.0007738898694752512,0.00023126272995968575,0.00017733630951576802,0.0005219955397752708,0.43929850052011366,0.002452166162142906
W76ffa8ac18f801550005,0.0012088555948506932,0.0005336998176636923,0.008518657237757746,0.0036602461183589965,0.004840691205012129,0.408082103763345,0.0019211261695277271,0.0008506184066912657,0.0002996632478831646,0.00021444982395465447,0.0009407236272714724,0.5657691956108051,0.002235549805419853
W76ffa8ac18f801550006,0.0016523567694047368,0.0004186629747138539,0.008170762425989145,0.003987999594095581,0.0040953636405302,0.6028871006552596,0.0020398825085258766,0.0007625387833265651,0.0002084870442045422,0.0001753029998943094,0.0008718138943290552,0.37250324915063815,0.0014330444586242322
W790478c62835aaae0000,0.008446135747998152,0.00653151111993947,0.07903628366561985,0.091949536241757,0.34172412493333565,0.043547199632047374,0.012993920565496921,0.35805155684043516,0.0034270476498335233,0.004599359688795199,0.008096612727504773,0.009643827651408367,0.01596092736447088
W790478c62835aaae0001,0.006922240618534625,0.005731420680275193,0.08222508846011692,0.09525760760731836,0.2891294442089508,0.048902076328487136,0.017313541396904976,0.3555107218552388,0.00435821558562988,0.004763553613158219,0.008276174497432898,0.009676763306488256,0.05237500929408249
W790478c62835aaae0002,0.006719416385310101,0.005042777554725554,0.07279953887342351,0.10193797792373605,0.3363145833622634,0.03677563551673018,0.016743497375638933,0.3420947224331574,0.003997195581770036,0.005076438781706191,0.0077196997648334405,0.0077219542477243224,0.04301711523766098
W790478c62835aaae0003,0.006681978942661645,0.005026457844249666,0.07915641371913137,0.1033156913227847,0.32573214696383723,0.03841942494719917,0.012522704240962907,0.3503313772195526,0.003366090944922015,0.005246021999907654,0.007646137777609387,0.007663566899614495,0.04288819641618647
W790478c62835aaae0004,0.006912265449593974,0.0049696993595746055,0.08092192319658717,0.10418304622714658,0.34326313732794633,0.03478596221571689,0.012924426071293665,0.33459322014165643,0.0032763302523544603,0.004827697366691415,0.007023769908450594,0.008235287934559828,0.04222955052565421
W790478c62835aaae0005,0.008403009888702202,0.0050296004492163485,0.07431739133462396,0.10481681999129047,0.35539614808476566,0.03514534469591853,0.014467001985641706,0.3370321409768585,0.0028961643037480967,0.004304566163223048,0.007532589137953677,0.008110076992619796,0.03298460045374296
W790478c62835aaae0006,0.013499262041469198,0.005382471395015061,0.0690774081041895,0.09738311928294897,0.3493194973047918,0.03996306024318698,0.0115598513199887,0.3376579580364999,0.003407959497102131,0.006144233110752094,0.010192054963897582,0.010159676414326071,0.035659419259145515
W7a583d6765fed99a0000,0.02416495503102297,0.0068989288126616935,0.010069543670487648,0.008016370032328494,0.014268558151266318,0.01068288673742634,0.00742743235868287,0.04834491282352524,0.5068757718123711,0.06500698712144064,0.19861365997692704,0.02364768868445034,0.01689394757729101
W7a583d6765fed99a0001,0.033219931908562116,0.014063121773195285,0.016727558882451907,0.012361716138873389,0.014308420442250783,0.010467009724676348,0.006123667053737561,0.05821995730005708,0.4870427972739373,0.06446723778457049,0.16385653138383552,0.017248899981575996,0.020521159715764955
W7a583d6765fed99a0002,0.021603003828381942,0.00413587316910999,0.01240039998227805,0.005700182341761177,0.017157337696185562,0.005070044037445518,0.003788720512954573,0.042331526752896406,0.41850625706594957,0.031293042363734674,0.3492516751986931,0.01016151423691203,0.017755822314713565
W7a583d6765fed99a0003,0.022305893507607265,0.005546573874916517,0.022545513382956177,0.008263329453674898,0.012800772068568923,0.007777869354718454,0.007478485180068669,0.04586668842558596,0.5346977710091505,0.05337258365676392,0.17706204487517826,0.013205133282245379,0.015344955917455935
W7a583d6765fed99a0004,0.03265718412150285,0.005021894747129411,0.014060372015676016,0.007580388924933396,0.02010015427894515,0.0070667577951414465,0.00637432711050286,0.045429992780814485,0.3545546915230073,0.03406197634386078,0.3557028119655765,0.013171893018919155,0.016025874089381918
W7a583d6765fed99a0005,0.03250879278242526,0.007068301527299137,0.017652940764504788,0.010240774033948671,0.01608286374122815,0.0102986074106587,0.005546013808574075,0.056190225475066226,0.4225781661746194,0.04067313257383957,0.26833996694667106,0.01784608174739575,0.019133934439193256
W7a583d6765fed99a0006,0.023148782718371067,0.005974457951628273,0.028430163302401865,0.010998628575413803,0.02467521511240823,0.007361313262535083,0.005580862778295148,0.04703652795252142,0.4039402922456167,0.056920850540406256,0.26353986556453984,0.01531219322172617,0.01636695063447263
W7aebe5708c8c9c110000,0.01899663666363602,0.01247401153422338,0.04601622756767776,0.11733429329174315,0.04382454478628971,0.02340685739337254,0.029589035764087702,0.06351112333376205,0.014808537256744612,0.022521414598511792,0.0368544899094536,0.02512877494583404,0.043455322718065924
W7aebe5708c8c9c110001,0.024815174843616387,0.017466813837165245,0.0538218584645635,0.18957357106225062,0.0480605362085547,0.02969889706232298,0.035517614127165066,0.0501944332583657,0.019390198916502566,0.02867061693087154,0.0419672339849615,0.024404400302527347,0.04942801822038612
W7aebe5708c8c9c110002,0.023345834931330776,0.0175905730442227,0.052055706020013276,0.18149865580188104,0.045869384887892155,0.029637435407720212,0.03440675052553913,0.04635418988472522,0.018471401961738337,0.028499515930907503,0.04128278502524087,0.02416289884479076,0.04670654264663542
W7aebe5708c8c9c110003,0.018908096645742018,0.011738842327865718,0.05259943436756475,0.14615418951016756,0.043009678363080665,0.024387246862611327,0.03247139703903115,0.06067009706451488,0.014677594958251116,0.02254164383372985,0.03423884246259115,0.018777666894814624,0.037128136916312844
W7aebe5708c8c9c110004,0.018377325032885902,0.011184850322495565,0.05652854741499922,0.14238209156191034,0.03881757214420009,0.026270122896965016,0.030393627153034796,0.07945917268926476,0.013862086142926396,0.021689229091158113,0.048633490297415094,0.018931780608827872,0.037530377521779686
W7aebe5708c8c9c110005,0.015659661389158103,0.010696024806945138,0.047249681801931225,0.11908140287256898,0.0388616844574933,0.02423036904519843,0.024985812954652534,0.2477756867081096,0.01516685086221636,0.02287434344135482,0.039669441062932485,0.019081231625486056,0.036679614745877116
W7aebe5708c8c9c110006,0.01511375070864756,0.009849545360213105,0.05288574192355563,0.13129360910560314,0.041258821598742564,0.01977337824931711,0.027970205603736954,0.05736288529720896,0.01632410668785422,0.02411456805630172,0.03799931146970434,0.017197524269703328,0.03710339304271241
W7c0ec7abab1d4b1b0000,0.00145675677275605,0.0005912420372652493,0.11304178033502188,0.7198400369657554,0.09986601058281497,0.019659109795387528,0.008044499675564932,0.004611744326024791,0.0030831937485275894,0.0018519995960820223,0.003548182888807311,0.005260097305113052,0.0071643915461824395
W7c0ec7abab1d4b1b0001,0.002083733250156166,0.0007135010333056505,0.10350668359906359,0.7365600342247721,0.09321717253766998,0.018511864170365502,0.008192429676365902,0.004705897845875339,0.0026188964671391424,0.0023452554359779097,0.0030095874028504624,0.004829971523585946,0.008020776005217339
W7c0ec7abab1d4b1b0002,0.0022654176874240092,0.00123550055462226,0.0880626821363405,0.740583329970347,0.09793409292320411,0.019781890771262266,0.00996231724703305,0.0029476256311426344,0.002702765661210829,0.001968450500430928,0.0034278814250720633,0.006103460289802735,0.009888422739046483
W7c0ec7abab1d4b1b0003,0.006082146458964304,0.0006275112072998947,0.08120019256114878,0.7591552180937602,0.08775661067731823,0.019574713229704818,0.008272132511543922,0.0026479991810928927,0.0017732298600274437,0.0023560507463643177,0.004573457246725889,0.007244734058655682,0.009567355366972995
W7c0ec7abab1d4b1b0004,0.0055322794846921,0.0006216991787158543,0.09865573990211941,0.728644292486131,0.09113525214832682,0.019308267491113803,0.006908347114360355,0.006366627165351543,0.006563188404909852,0.003043903288370112,0.007918347859689935,0.006673340996249654,0.009214598467785183
W7c0ec7abab1d4b1b0005,0.0022465202962593765,0.0006509717287473434,0.09629686016689358,0.7373290872586586,0.09753150262965009,0.018416877450971664,0.008734784947973653,0.003145598229334003,0.0036023269441188364,0.002508945914238489,0.005955285185699797,0.005566087984966345,0.006762940045662846
W7c0ec7abab1d4b1b0006,0.0019308201209863609,0.0005701722410884876,0.110997689362635,0.7370013087730549,0.09068911973162891,0.01611255019405535,0.009212681623525988,0.0024872430063976043,0.002449318617709879,0.0017599191274396508,0.004472858721381701,0.005173781524718892,0.007375749428137951
W7db60bf6517a53a60000,0.045083705482686295,0.5275511577654876,0.019985015043534803,0.009831153406923483,0.013017123156574172,0.030590441546524315,0.02080147641695947,0.021311275225591463,0.1588799602005375,0.01316061674010843,0.0829294070880633,0.006593646170205349,0.017624542734240713
W7db60bf6517a53a60001,0.045286151625529146,0.5259211751414822,0.02046618013001061,0.01051503737564226,0.014037040105369082,0.03224416483692339,0.020723134973365614,0.023936832251619817,0.1523604898154661,0.0134186645316535,0.08807671067417397,0.006100983342549352,0.012866719575788204
W7db60bf6517a53a60002,0.03995412819016102,0.5186754543828604,0.0175673438508175,0.010462882337900613,0.012583522602992881,0.030406901468282548,0.02144132730318501,0.028839622848197403,0.1868217490505959,0.016589261395451724,0.06853974837643453,0.005244394174154938,0.012416900936658447
W7db60bf6517a53a60003,0.04180224999490493,0.5001284429725419,0.014542754895833059,0.010438758220630041,0.0099066495883687,0.030566059867162047,0.021538979085573208,0.032246286594329564,0.19805057942511642,0.01670886865677898,0.07612975358488258,0.005405322993586082,0.012298954601383822
W7db60bf6517a53a60004,0.0445444756127483,0.5308977120998071,0.018016661314208156,0.011876107888020276,0.013655464138050313,0.029856748456513003,0.020937789685420354,0.02346961541917143,0.15315776451852892,0.013190148975361714,0.08552897904555931,0.005967051043042566,0.014393449678905382
W7db60bf6517a53a60005,0.04096443388903085,0.51578981391916,0.020995159626961978,0.010331287604269343,0.01181520345613837,0.024457653897519378,0.01726301121078217,0.02536067675327439,0.17119120108684754,0.01192376476134515,0.11101248741602891,0.00482080916844512,0.010659318337303424
W7db60bf6517a53a60006,0.042144747763326516,0.5294151336971076,0.01751739179047884,0.01185653624504324,0.009804088068678015,0.027962464138421027,0.020683960261598636,0.027850972628440253,0.18168815518472473,0.0130895647050635,0.06950464775400905,0.005317743870716266,0.013019263636337661
W7e5726e04f4f70af0000,0.003091201428474063,0.002070953107338458,0.13162110973040517,0.10154183330793509,0.6461402613447534,0.04848331818033551,0.005088563003965914,0.010756313230446653,0.0014381535907910016,0.00162056263227735,0.001239941578288175,0.03825996898041722,0.004122171950827665
W7e5726e04f4f70af0001,0.0037103924644024677,0.0023083880895436123,0.11250887602619218,0.11642970756520249,0.6554815506130803,0.04457376748702511,0.008364657867843715,0.01106164566513958,0.0016169117104702483,0.0009530895657852924,0.0011598666584196982,0.032260868440604225,0.004500038762039233
W7e5726e04f4f70af0002,0.002958455947439994,0.001831419294843463,0.13181951604529382,0.09532473268430944,0.6537367096352116,0.04561062276308759,0.009225267268243485,0.012075397427977502,0.0018061290113384374,0.0009595035183847318,0.0014078070215522327,0.033829340603059276,0.0037387978236475953
W7e5726e04f4f70af0003,0.003475922915545663,0.0017762463058367455,0.12594648152422047,0.10443295441024261,0.6532775369139051,0.04312037354200183,0.004018766924650526,0.010720395695267008,0.0020057584592931307,0.0012211931161914536,0.001243312953622269,0.03986746036315457,0.0037495189688876015
W7e5726e04f4f70af0004,0.0034375587273299917,0.0018427161666688576,0.10619450886000961,0.10293649312423049,0.6801069824721764,0.043162370971343574,0.0044487789842192,0.010823476326840588,0.0017387670781291158,0.0009183662797675982,0.001695126210328648,0.032936232546545936,0.004031389221117096
W7e5726e04f4f70af0005,0.0030625930847681154,0.0017482893513078282,0.1303465288638924,0.10117873872591944,0.6588281202898987,0.042360429740313274,0.004299872135499082,0.01141830893263253,0.0017972477304644431,0.0009529294882385949,0.0009651269865879572,0.03435223898905511,0.0037397868578963743
W7e5726e04f4f70af0006,0.002940535869171973,0.0018775467541908785,0.12092370017154047,0.10817399700449253,0.6563876262707264,0.04668957039731258,0.004457791485690511,0.0105334220810742,0.0014148947752077744,0.0009092786662606577,0.0012047628215577136,0.03647360569083566,0.0032922472894982425
W7e86cb0d38c2eb570000,0.9341456576265617,0.0030131824218791407,0.01009509436959447,0.004072278634129566,0.008931800875254218,0.007701113312355583,0.0024251188256159666,0.0014326504695264047,0.0022576448558810046,0.001948619646911671,0.006252089304954418,0.004930992716746149,0.005619602849573539
W7e86cb0d38c2eb570001,0.9353327125127129,0.002718340611643067,0.011929602761143061,0.005577922223109236,0.009608917637383937,0.007520201065677724,0.002569356734144944,0.001038961683958031,0.001483758012254477,0.0018892182253957906,0.005233576700491248,0.0032037801162111044,0.005468239493875193
W7e86cb0d38c2eb570002,0.9357375853246371,0.0027742764338597294,0.010784472130064499,0.004681803427176519,0.00932445020649382,0.007287066678869026,0.002144119060537571,0.0010682545194487636,0.0018731330236608024,0.003062448611982469,0.0056254467373662975,0.002668431741789777,0.005563084110785247
W7e86cb0d38c2eb570003,0.9419064982194827,0.0023028562414773887,0.006433870199817736,0.0031369729671032404,0.008581796616230578,0.006600007614496266,0.002101950999700949,0.0014583256108314055,0.0018613165529775737,0.002869171612736412,0.006343372169493157,0.004218111267946359,0.004764570606161414
W7e86cb0d38c2eb570004,0.941037173005608,0.002341979840879347,0.0072307241498706315,0.003048446710194756,0.009374845471825223,0.0069667220005200465,0.002413609901472629,0.0014868599673048951,0.0014818098952357763,0.0030736810065412797,0.006781927657674049,0.004083990386666899,0.004757891385260311
W7e86cb0d38c2eb570005,0.939723817677683,0.0027198917745023536,0.006718595861058111,0.0030081468520385558,0.007839707244984307,0.007797385759459738,0.0024440931372480975,0.0014551443627872068,0.0016363704116172004,0.004192221242916922,0.00614661438755294,0.004185297473068366,0.005375395485464361
W7e86cb0d38c2eb570006,0.9410330224635846,0.0027582482163345736,0.006382098897835098,0.0037450519884116916,0.007211728408394313,0.008064618551184231,0.002164626174594428,0.0014747399843987102,0.0015163434400921978,0.0034716427682001433,0.00603428818008604,0.004237642648895887,0.005093736975768088
W7f4d678f74ce885e0000,0.2267982859960278,0.02523117433149178,0.07531518826200462,0.08439439998111292,0.04675723373393059,0.0563267063891031,0.0176300655329486,0.01836431255030062,0.01681331626831651,0.0632093720465667,0.04011541208991365,0.010763253697976977,0.04829117713142566
W7f4d678f74ce885e0001,0.23659352710876114,0.01818907707642401,0.08416746852791378,0.07776839272029332,0.03805722659808177,0.04532944805259978,0.017976001172667448,0.019535675729491872,0.016818853416110644,0.057049860896935145,0.041892136731283315,0.010555445941259931,0.04793702133415451
W7f4d678f74ce885e0002,0.23333508270141753,0.01845447278512967,0.08913743124959395,0.07837224936011483,0.04054295256465772,0.045199010982238656,0.020332505212655783,0.014658966981247652,0.017694522784259193,0.07212221548135753,0.04009080867947173,0.010453621929189885,0.04636173968683271
W7f4d678f74ce885e0003,0.2388345226403944,0.018660790725050228,0.08805007042551868,0.07325216558346148,0.04156309582726805,0.04579760718272298,0.030987871106587198,0.014199208170511077,0.017141881861476,0.05737853034074194,0.040707549412242985,0.010598984305361117,0.04900633283053675
W7f4d678f74ce885e0004,0.24016558789859196,0.019415803814936596,0.08917882772127968,0.07923465188209591,0.04023297242917639,0.04772667081068004,0.02742973871952082,0.01443285746600589,0.01756632522869699,0.056146668371373214,0.04024687178322728,0.010841714587469914,0.04764351393385558
W7f4d678f74ce885e0005,0.2464812329524162,0.019224237617434945,0.0811897059827612,0.07027672684273789,0.04222275990154781,0.046912585184923375,0.021020169734420405,0.014510908219471309,0.017571524452160037,0.054419109346710376,0.04115182705168391,0.010634590679454105,0.04641262530000405
W7f4d678f74ce885e0006,0.2361333671100091,0.01908271394852287,0.0848690856770695,0.08209454279639596,0.04087925761622913,0.04703006107442972,0.019233591654299907,0.015143731001374457,0.018061456413137764,0.05486540886642992,0.044395238900352,0.010802953908113084,0.04899720491634945
W7f6c80e36d4f87700000,0.9625568909524692,0.0032337270621163854,0.005240837863743793,0.00254958000022244,0.0025322921471204875,0.007907003549309498,0.004866531961980974,0.0002341812988755861,0.00014345033982228494,0.0014089947299514888,0.001312323248282787,0.003808426364813151,0.002126386241908177
W7f6c80e36d4f87700001,0.9622771724371884,0.0036675555074665907,0.0048953912549942625,0.003673825974068172,0.003337948996710769,0.007328642146914127,0.004754261926523699,0.00024491229162051573,0.00015942139863521788,0.0015237161414687003,0.0015085764098889105,0.00367016136556107,0.0019016739741198846
W7f6c80e36d4f87700002,0.9657887487911837,0.0032408079843055885,0.004099609529533469,0.003051381530224691,0.0030885881434060854,0.005910148792493089,0.004061630832943596,0.00030204823297455796,0.0003646412429398757,0.002160986123225093,0.0009818702733223879,0.002563298929048457,0.0033388663525358983
W7f6c80e36d4f87700003,0.9640229376009755,0.003310509702764726,0.004325179872935981,0.0035664019619232245,0.0022582209883242315,0.007176993028399195,0.004059431924867018,0.0002648658844058211,0.00016385428391044778,0.002354370624378985,0.0021106102326592085,0.0032308765608542365,0.002105709927288291
W7f6c80e36d4f87700004,0.9683754882088654,0.0026988179968034727,0.003765577545146561,0.0032653781434634644,0.0023569943193757765,0.0061170248203673075,0.0050151327403028904,0.00020327271070244655,0.00012481613712751123,0.0016231287908249105,0.0009057720956183524,0.0030288311493010334,0.0018193777566397524
W7f6c80e36d4f87700005,0.9700580560172889,0.0024232648518163202,0.0036794062255616857,0.0030913245468096565,0.002365221055925988,0.005303547108191371,0.004142718580345215,0.0001790361674645401,0.00011571760795208778,0.0015546172639427527,0.0011788260119923238,0.00296156259841838,0.0016636577872289203
W7f6c80e36d4f87700006,0.9657631295578153,0.002652639878893818,0.0038527285148377524,0.002374931937323811,0.003233347712970879,0.007255673251977496,0.004714335433612229,0.00017412310661504062,0.0003071546254530983,0.0017465647998283482,0.000894714786292965,0.003192028161431971,0.0027117887492055237
W803bfaffc17fce280000,0.0012235131046219867,0.0002603349982947369,0.0075541798539932375,0.004754143370731783,0.00415431318045763,0.045268524176277025,0.006528715733932202,0.00021600672924411532,0.0003875681909233182,0.0005408234598008554,0.0005088298250891073,0.9106226215534667,0.01749163117598084
W803bfaffc17fce280001,0.0015672219600863801,0.00023651468165627624,0.011136064276519031,0.0060892623042672536,0.008904637537947,0.04503488205159424,0.009502151088468896,0.0002552784460282738,0.000643485596161901,0.000693416771607126,0.000846435856829629,0.8972857632486037,0.016968575836571385
W803bfaffc17fce280002,0.0011728489822667569,0.0005303855757441483,0.014447706577944738,0.009247294950756381,0.007098496013339421,0.050185772540190784,0.012694878507105356,0.0009684806006577778,0.00034646799479826876,0.0006924301808828171,0.0010830441496187764,0.8799593368377908,0.019268885431122505
W803bfaffc17fce280003,0.002332868756763018,0.0016776992234277394,0.017134947372792635,0.010932897524302545,0.009472650135279459,0.06554660043800482,0.011580878504409803,0.0012349088577597186,0.0007819101418379687,0.0006871487703746438,0.0012835765637906693,0.857722599811709,0.017819256485846063
W803bfaffc17fce280004,0.0014789468336792516,0.0011375439142343761,0.014665476615040538,0.010667873364653295,0.008235082324478612,0.074958361200084,0.013281352453318004,0.0010567225197478849,0.0015653665287190751,0.0006462135463082764,0.0006028257836350849,0.8510220871742621,0.018955758296629946
W803bfaffc17fce280005,0.0012740333216151143,0.0002934127799834635,0.010315053647964754,0.004931028959062925,0.005123960178543987,0.044547638915035326,0.011081522827612272,0.0005960398102986204,0.0006043421927856472,0.0005505031994085949,0.0005151298261153916,0.9053282016254993,0.014150811311039131
W803bfaffc17fce280006,0.0006375956093516304,0.0006719423096848969,0.00983846192329597,0.004395453398601043,0.005489394844483181,0.045409958416402094,0.012795759107610286,0.0002820884770955175,0.0005776032312362684,0.00034144041634291927,0.0005126959715440629,0.9036584071818295,0.01475209089303675
W832bb66842a232d80000,0.013670094422181908,0.005748403248206533,0.03989075194443487,0.05288897230466609,0.04050823347727694,0.6432547702502867,0.03159159584411777,0.007921363297206576,0.004581126845811425,0.009282666926502484,0.014570938867356036,0.05982421104873394,0.042677153813568576
W832bb66842a232d80001,0.011077926347747057,0.004359509550313686,0.034977080472458406,0.0551152840566817,0.03006336916993229,0.6608364792853476,0.034190850751758935,0.007176035688751077,0.004843889827181474,0.010408652332921684,0.014203726911622147,0.059268711939271454,0.04346675460654235
W832bb66842a232d80002,0.008840349406269543,0.002782669055439905,0.02758067063864354,0.048526595239617484,0.029090553679066024,0.6576046570831986,0.03408139847086767,0.01042071786910605,0.005571286703713364,0.008639681361989133,0.02249837265940726,0.06765052578911733,0.04384626503373499
W832bb66842a232d80003,0.02091845789883955,0.002328630233555459,0.028331528085440816,0.04450626886159589,0.029940522154594314,0.6954993585115063,0.026905340448125384,0.00664495469224053,0.004013737273057054,0.0089099615498516,0.01784178327756094,0.05765980856261402,0.03056726082134881
W832bb66842a232d80004,0.01121852861838606,0.004035319685175908,0.031143563736286597,0.05106322072816971,0.023743116493859445,0.6633565026483762,0.03671850695855969,0.007241435527233013,0.005294528325201365,0.008577323814138086,0.01406656560940488,0.0688578114279428,0.04444798944033054
W832bb66842a232d80005,0.008425565648501677,0.002481196697699668,0.029194023100306915,0.043749254509624295,0.027911185810291422,0.7029837649765729,0.030010101054583963,0.005830802757596465,0.0027064225493609755,0.006662451798366054,0.009920916516223748,0.06902602086398173,0.03716674698260881
W832bb66842a232d80006,0.010818847165915045,0.0040976042975717705,0.03805378729174163,0.04574227745997267,0.028742424376278306,0.6298552175016309,0.035995910157778636,0.007058725590827544,0.004313971908928057,0.00849606776771812,0.01529463916262223,0.0851616779326227,0.05567754092245765
W846e69bda91827c60000,0.001568524038530836,0.0008928044708520226,0.06609844413272142,0.04515232453162561,0.7540061106768396,0.026259102569223897,0.002807923965048699,0.010275162895280033,0.0013082062269558238,0.0017011195253848611,0.002165796568556114,0.07146372418253893,0.007847214378768657
W846e69bda91827c60001,0.0020223769647772128,0.000866872738743886,0.07016675943968012,0.04715156717571569,0.7589658523907261,0.022229775889947814,0.0025914807326908704,0.010022829833590948,0.0012356070153237016,0.0009707965934671664,0.0018584111620647361,0.06816187143497873,0.006363901579220323
W846e69bda91827c60002,0.002018159494397001,0.0013907793759455119,0.08044685627036292,0.05281177913251553,0.7323218976635577,0.025730461763968475,0.0025658947504630064,0.011845600817923272,0.0018395966290493285,0.0015221403744341635,0.0023609958655705747,0.07046780577556348,0.006507680926135128
W846e69bda91827c60003,0.0017327556848762379,0.0011759341177077828,0.07043729272206217,0.05226348502390304,0.7540412603248147,0.01949861314415272,0.0030850129497465447,0.01025805446065036,0.0014999150169607465,0.0017616692497335407,0.0031420652929661126,0.06483085128376291,0.006938599660464246
W846e69bda91827c60004,0.0014938008581562375,0.0007272805075091657,0.07352554327525986,0.04891243575806649,0.7609814157112231,0.019649284530645402,0.003137928058086982,0.010553220630090586,0.0014297378920758554,0.0009432006330137174,0.0021373945979170548,0.06104054758511046,0.0073574122210300075
W846e69bda91827c60005,0.0016897562046241479,0.0006878395903981173,0.07049144010512379,0.042555438243790926,0.7650270218276096,0.02373601740552237,0.0030646311801001587,0.010867782503728817,0.0010921849237930843,0.0009589008749297127,0.0017028979558373928,0.06337733645313372,0.00745625642032027
W846e69bda91827c60006,0.0014828480400410119,0.0008579097691832588,0.06694078180519608,0.04281473882751827,0.7622104651973525,0.02677907609667522,0.0026277843690000234,0.010810752678621676,0.0014667094894424669,0.0009595538769042134,0.0016013505782718207,0.06667287366091684,0.007312231629775672
W85284b0ed100de9d0000,0.9578874819593355,0.0013816187704658509,0.0007216209631828729,0.0002995459348300013,0.0036057834702088545,0.0028219856150247464,0.0006340154585309396,0.006250066570616523,0.0006687995360839104,0.004858111244579081,0.0034746480256905733,0.00514952341673985,0.006452745534039949
W85284b0ed100de9d0001,0.9616459637573601,0.0013674302198514795,0.0010404946591515366,0.00027385786628546157,0.003400849378911938,0.0035850096167764746,0.0005691024079972755,0.006511529474530278,0.00039600092687253324,0.004565703055496134,0.002354618363865614,0.004156335433189735,0.005476302429229764
W85284b0ed100de9d0002,0.9619917932349108,0.0011887954723484365,0.0011573139491853953,0.00025596086521902843,0.0033779308418783113,0.0037915758025505036,0.0005812034006173264,0.0061345816974885045,0.0003982895517877546,0.004171223731013456,0.00199752471880941,0.0040204000877410925,0.006551894180396872
W85284b0ed100de9d0003,0.9598512581185085,0.0015031922995462224,0.001509770381292254,0.0002967037388346908,0.003634290396337482,0.0035566698043323626,0.0006029498988595874,0.00615286426832352,0.00036910783243662254,0.004576262372318592,0.0032771162960008025,0.003970996063815102,0.0058815820089772215
W85284b0ed100de9d0004,0.9588567686439401,0.001498242684442539,0.0016495862468120404,0.0003173700385875213,0.0037731168369079734,0.003636283794517472,0.0006158626513589531,0.006192429477010835,0.00040503243422780795,0.005073908485000079,0.0027337556928811397,0.0040798277349079004,0.0056485290834803435
W85284b0ed100de9d0005,0.959770237537324,0.0012732067296684375,0.0013008655144676024,0.0002855030134693071,0.004407035289047763,0.0031188059067867374,0.0005907267506748806,0.006558764478971747,0.0004220116658194008,0.0042105303091086775,0.0030170692609798235,0.004294495010707872,0.00617441619353729
W85284b0ed100de9d0006,0.9588542508695655,0.0011248130653028123,0.0011488842024392027,0.0003214197896810149,0.0037406130705060297,0.003937035267130249,0.0005946735948050719,0.0061938225198482355,0.00044449153603072077,0.00475909366998796,0.0030237247503693814,0.004335945847063366,0.006421679014597655
W8660945c824e57580000,0.013362044937019226,0.0040994101191197665,0.4595966680841691,0.2816648295336766,0.04124269070898889,0.044087352548569034,0.08629612252811114,0.003280595023914382,0.006480002184222474,0.0033560588554784085,0.004650961551389196,0.012015168737212083,0.012193269541882044
W8660945c824e57580001,0.014142226502809992,0.003982058575161838,0.5378483591136379,0.17389178169845582,0.037904432763679156,0.036875176811534835,0.12003975890615037,0.0039966516218648,0.007131383369103293,0.005135286606497264,0.005621790276308749,0.010162385434394223,0.01256779201827911
W8660945c824e57580002,0.010408028412325883,0.003988500217883239,0.641372201294312,0.1320029422302773,0.041978846251796556,0.039658023596630496,0.056233833293522814,0.003183540089736894,0.006899679183833581,0.0038763952713259013,0.005152012146400343,0.01156730891527882,0.011503788363218028
W8660945c824e57580003,0.010251042927996988,0.0031983476829464,0.6292291503761418,0.16907963405610366,0.0385291231819682,0.031136097263158885,0.053710388229460164,0.0031576044086423553,0.006537930741348738,0.004131548722394339,0.004063392819666431,0.011212487261922543,0.009385173502385488
W8660945c824e57580004,0.012051212737704977,0.0033340157890525027,0.6412662752416097,0.1512107838661926,0.03255173644890606,0.03955075721876165,0.05297903941299489,0.003491388647402311,0.0061628860759528935,0.0034444702985291192,0.004013840609390227,0.010899268460467711,0.011074711415890646
W8660945c824e57580005,0.013649123652197967,0.005250584891259087,0.47431612127155215,0.25116249286882536,0.03757325801895187,0.05748155849122161,0.07213496164211533,0.004859367971652153,0.008463317556200374,0.0044485956258666064,0.005440169828337456,0.0123742569162738,0.015350372176943485
W8660945c824e57580006,0.01271846610145925,0.0035435436594931846,0.6493533029688904,0.13510013541846408,0.0358176672560776,0.034654399623936155,0.054128855220509045,0.0038235863934292943,0.00874789486912532,0.003042362582046255,0.005380697004273183,0.009603835709790565,0.012096290241194022
W86ffa78453432ead0000,0.0003852770087728333,0.001014970990477563,0.0016499790301167836,0.0008891848337395996,0.005049915379524741,0.12857009878716377,0.0004167530457317622,0.003699524317850038,0.00010098346084242611,0.00014298206655093606,0.000387917120610652,0.851890635763784,0.0045223333994935
W86ffa78453432ead0001,0.00020561448157280695,0.0010544021232252714,0.0023641337125814895,0.0014460049543030488,0.006333159725079884,0.15832544243103622,0.002016849436159026,0.003420797439014666,0.00013408407241596718,0.00020790828498068532,0.0005017247741186285,0.8183804484441553,0.004274053224619822
W86ffa78453432ead0002,0.000415532352667741,0.00014761649861531236,0.0020337199813164047,0.0013590640355942403,0.004106022260988009,0.16149077202416212,0.001555818408497439,0.003815678055651566,0.00013448754368457834,0.0006531950188893254,0.0008343836098654288,0.8174069168688048,0.004703996137119908
W86ffa78453432ead0003,0.0009053988191953914,0.00014181566897485516,0.0026661153163166362,0.0013773551217474895,0.0037561625687537554,0.166169792529627,0.0014690219759346047,0.003858095791522987,0.0001361956797193965,0.0006353037380211635,0.0005549558340828874,0.8123838137781805,0.005213586617061571
W86ffa78453432ead0004,0.00020883537655489234,0.00014688526369894175,0.002139732682866854,0.0015558624839215787,0.005204020842654877,0.16153906199895968,0.0016099440352942635,0.003891028940589185,0.00013144661251251392,0.0005084055758627356,0.00048291686054330974,0.8173147590674306,0.004372697771625129
W86ffa78453432ead0005,0.0007338098198717167,0.0001428971432895703,0.0021694791444433936,0.0011041392062477527,0.003920819638578636,0.158074732206241,0.0013966686039446788,0.003854682261997229,0.0001353427215259943,0.0006167711657504099,0.0005177163820795824,0.8210369142354783,0.005401277873539896
W86ffa78453432ead0006,0.00023286108394834305,0.0001574664122326001,0.0020220936771481283,0.0016025405999015956,0.004334214340056991,0.15923363384387354,0.001708782672888151,0.0038933374826138987,0.00012865268010473884,0.0005354955573362873,0.0005484395201024585,0.8204797302955575,0.004412620214926128
W87d770d630701d350000,0.0024289029674815035,0.05623558398751926,0.025107882711796967,0.027261050995163922,0.8341957598450671,0.013733563735302351,0.003511397758162523,0.0011528481555602604,0.0013643388918742894,0.00018520121537410193,0.001765540901193757,0.024046735513530523,0.002247270370403786
W87d770d630701d350001,0.004074989379872648,0.0013014747955450842,0.031777714835272974,0.030538114947390817,0.8751980022002731,0.014174878048030644,0.0036944288461432436,0.0018386440497915751,0.002031798916690414,0.0002848547821428731,0.0006685747362959286,0.021283388026594734,0.0035501414599998643
W87d770d630701d350002,0.0029472929280538263,0.06134822045849405,0.025340687810947123,0.025366838261927926,0.8347246113664027,0.015364396032627438,0.00480615952504858,0.0007403356165365169,0.0010397604027154413,0.0005146132970418685,0.0005478967763520394,0.020521409119763027,0.002053272887424527
W87d770d630701d350003,0.0018379458332629945,0.014343850524169147,0.03280399634808868,0.02673869933291837,0.8675856002165875,0.012372793311807202,0.004774841562651601,0.0007887666125824802,0.0012808417535526086,0.0005044460717245989,0.0007408216498812021,0.02666131710828161,0.0034517895948045696
W87d770d630701d350004,0.0033819505984071575,0.08058927794789716,0.027112665115270086,0.026420786761923068,0.8116406001551595,0.010823983869417332,0.004222520519785393,0.0010350923022444992,0.001921579403090603,0.0010486682898988458,0.00029617408419066097,0.019399431001104556,0.003668275575192603
W87d770d630701d350005,0.0034822331690556214,0.0135201043590537,0.03307628227996486,0.027980129707322873,0.8699071059703543,0.012921390668720745,0.004117986801776237,0.0015655518284163567,0.0013362231601292283,0.000575888702663689,0.0010361565107068977,0.01907180138747548,0.004415358294063289
W87d770d630701d350006,0.004076969096058521,0.013338133285578185,0.03338858449169424,0.02820131717115753,0.8687212328801562,0.012945165805294971,0.003998544410892907,0.0015753388810745201,0.000786171804466828,0.0005934746986960672,0.0008320464018734211,0.01888498240169357,0.003677122916314461
W88df56cdedc1c9f90000,0.0031946628867629925,0.0009369631250152995,0.012094703883119883,0.012473368296186858,0.006874171197059835,0.004302846322581098,0.006992356986906409,0.0030324363834268245,0.010220650395078069,0.7293298832116935,0.014989986536514304,0.0011668185953683675,0.04425263285741639
W88df56cdedc1c9f90001,0.0026332696278570373,0.0010123563490766854,0.012903552137088548,0.012955218748220353,0.005322262850088571,0.00523535699454312,0.006907952528901273,0.004081686718499475,0.010760589133235141,0.7289997372306226,0.01576132122774209,0.0011044854074011286,0.053462801928491455
W88df56cdedc1c9f90002,0.0023656367150723077,0.0008766342550571239,0.011683976462287022,0.012235160848382571,0.005518330981532376,0.004119563966183876,0.007139486082768024,0.002700007980186524,0.007834677855854438,0.7567585175870177,0.014925074636303576,0.0009940788900192933,0.045182847264547576
W88df56cdedc1c9f90003,0.00285952955499863,0.0008431986405600267,0.014104423982433641,0.012562030592686025,0.005923753642611829,0.005251176700324153,0.006817047727428278,0.003029484621517607,0.009108568749728695,0.7412491978008429,0.015383568496322768,0.0009111651021967617,0.044656665304827245
W88df56cdedc1c9f90004,0.00230993106518799,0.0007989795421427217,0.009755413321151178,0.00963588184252485,0.0037921503798104715,0.0036559969163001845,0.006680485470826643,0.0033029496088445294,0.01307630170984318,0.7714288773340331,0.012976861888975866,0.0007557261337092475,0.049753109570766445
W88df56cdedc1c9f90005,0.00237617928395542,0.0008392015255161845,0.01412438049870204,0.013172123612913976,0.006026718047287708,0.004042198961980135,0.006925122238403603,0.00264794570765392,0.011309749858251422,0.7152505505086941,0.01570657054050973,0.0008897700352838609,0.049966987174545556
W88df56cdedc1c9f90006,0.002083580350174978,0.0007982088275833441,0.00919622884161482,0.011040787093388462,0.004217985024518825,0.0044686431001798085,0.00746833353965565,0.004508777788077783,0.01716142864499051,0.7706895928662577,0.014400952051373438,0.0009334371379186989,0.03785647083233354
W89dba8cf45fe1eac0000,0.010574598408832543,0.8953565729105057,0.004894657842082184,0.008150274151772273,0.0038647165310757995,0.009820467277537341,0.040881313059631906,0.0011186668531105615,0.00038611896117930544,0.0020254960592485196,0.00094847318853361,0.013376031382881412,0.0039962264673007565
W89dba8cf45fe1eac0001,0.009861384824782831,0.8975177295304668,0.0038345289001614664,0.007420346240006786,0.004549629674468983,0.01066800418105836,0.040731009479178695,0.0009464604822447534,0.00037294098054505703,0.0016660185429659149,0.001096800613715767,0.013697234656544464,0.0038599758289903406
W89dba8cf45fe1eac0002,0.01128923718779245,0.9007053420961697,0.004515285890347887,0.006714804570756908,0.003997261200807779,0.009216016027887417,0.037477508558166076,0.0014245060205245158,0.00048147826286303426,0.001997435264683985,0.002022060728887564,0.012287138825408083,0.0038776730985697755
W89dba8cf45fe1eac0003,0.010733459342034945,0.8949163349666964,0.0038377610775030243,0.00961869014565483,0.00396094670908861,0.010773281804911886,0.04206692754807492,0.0013309676536634504,0.0003575243466169258,0.0016065061944015998,0.0008416543457293233,0.014051450322727074,0.0034444910182365117
W89dba8cf45fe1eac0004,0.0102612754932619,0.9015982108204236,0.004269792444617709,0.0066559855855266095,0.004595082055631732,0.011179606400913878,0.03635461409027148,0.0013521679163580643,0.0003708090645255072,0.0016253694204621915,0.0012386281167559964,0.013589403471877742,0.003718383897942725
W89dba8cf45fe1eac0005,0.009756989410520767,0.906330580972509,0.00396008045463563,0.006505224512246838,0.0035681411445596203,0.009397207532869161,0.03435366049645517,0.0011351732196270936,0.0005149272745337112,0.0021674667206782834,0.0017177084028824,0.013084807259958843,0.003681892876804539
W89dba8cf45fe1eac0006,0.010117619319765209,0.9044448510243428,0.004240254748169849,0.005427236030227769,0.003078593003303636,0.00888265508045015,0.036433659906718756,0.001415229914753226,0.0006162564387441383,0.0022198730199998505,0.0018874084445692615,0.013498507814010487,0.0037346330369376155
W89f090125bfffe9d0000,0.00970267942853895,0.007276816004021449,0.04800957624511347,0.021785795028027334,0.02369753855858988,0.02039202801227078,0.008885449617157547,0.6355996862977886,0.009196280769668181,0.020801586683412393,0.032670156031565784,0.0048589863030275016,0.028893776881566243
W89f090125bfffe9d0001,0.009426962934704278,0.006563034570994005,0.06071166697032707,0.022591515021291267,0.022176599505604834,0.017830828783719263,0.007946570642059649,0.6538637688182357,0.008996043958085018,0.01713761003947348,0.032212142565702616,0.004558600270821558,0.02572132231074023
W89f090125bfffe9d0002,0.015323150213336625,0.005097632002065373,0.06584491605780037,0.022703113857919455,0.02153420071053809,0.016880637334894553,0.006892043080779909,0.6216708014531337,0.007758442071164573,0.017070150234922754,0.028951604981141386,0.0035542428344853194,0.023738734679788154
W89f090125bfffe9d0003,0.007054820959830583,0.004894135232343889,0.052108313710354896,0.02215238978953891,0.022639473031382036,0.015105101564437676,0.006237075397221405,0.6479367959867136,0.008252829195539893,0.0201375917719001,0.027089473960431956,0.003796548745257339,0.02225473902767974
W89f090125bfffe9d0004,0.008264310092937786,0.004930632849471135,0.08580509959601254,0.022333767829060974,0.02457556205248844,0.015426879130087645,0.0063298455960706206,0.6116335431132158,0.007657148135042567,0.01924081128631073,0.030765212434467663,0.004100388534424951,0.022667855589393195
W89f090125bfffe9d0005,0.008127601662690487,0.004504545505664565,0.05599871551071476,0.019948681285752796,0.021308579431514648,0.016314786459052155,0.0053992164895685195,0.6514675592564189,0.008598132651417956,0.01670214319840319,0.02291881663936168,0.003581476235520233,0.022206890248494756
W89f090125bfffe9d0006,0.007466159193977182,0.004444980802694413,0.07246159159972801,0.02143155961204678,0.02241550567156783,0.01421973295721416,0.005761735375392273,0.6375329948639634,0.007609731538543817,0.01757117655261865,0.024576064573949258,0.0037031390370117637,0.022136503485640564
W8fdaa6f350b04e640000,0.0001477043744433127,8.054853526873472e-05,0.0013503749481678737,0.0001388797259943062,0.0016776018751018696,0.029146886475970482,0.0001620928802383608,0.003223337680659622,8.662168468788698e-05,5.5666911728054414e-05,0.0005337343027756992,0.9507598078138696,0.012404681670436854
W8fdaa6f350b04e640001,0.00016729848211574576,0.0007848299540202391,0.001255777822499207,0.00033667930031397664,0.0028009254716892433,0.02869263683966444,0.00018433976296269112,0.0005964475026749933,9.124281944105656e-05,5.7088523690387834e-05,0.0005246359515347805,0.9515466136734039,0.012733564632049348
W8fdaa6f350b04e640002,0.00014523994880975236,7.997453738644595e-05,0.0015668796361346697,0.00018338083527356868,0.002653317977879322,0.027121708397632435,0.0004258816675935701,9.528417722969815e-05,8.681264815583649e-05,5.333659960384314e-05,0.0005181675567773398,0.9543046384260361,0.012526713819560196
W8fdaa6f350b04e640003,0.00015560772429375894,8.582747613121191e-05,0.0015256732613352112,0.00017146042143296227,0.0044371004115552224,0.025133055372996493,0.00045917301853119167,0.0006448071227848351,9.219304033423049e-05,5.9793112815355475e-05,0.000340358069871802,0.95381523218829,0.012925760840237326
W8fdaa6f350b04e640004,0.00015082649355116986,8.016627696505867e-05,0.0012257193073802325,0.0001599003763053933,0.0018742061633663526,0.02544205587518576,0.00020537852972383425,0.0006167046039087246,9.219450044116494e-05,6.0284972525432724e-05,0.00033580442213902565,0.9563502719013959,0.013275124032671967
W8fdaa6f350b04e640005,0.0001478327830005098,8.07457207760871e-05,0.001416757170535549,0.00020321178745097776,0.002952959221973273,0.02811404369910972,0.00045403908361561974,0.0006002943819001249,0.0001003240265854498,5.98515074465225e-05,0.0003397372218372756,0.9525463768746746,0.01251824576728006
W8fdaa6f350b04e640006,0.00018155855048962392,7.706815344964827e-05,0.002294667546036344,0.0001560286712263872,0.0019372043251838851,0.02785463795156802,0.00014746641345207055,0.00011656592390621922,0.00010088112552028179,6.679806674372882e-05,0.00034821344168128085,0.9532879519767031,0.013052428838290577
W9167103c2a2f5c940000,0.005331805285086262,0.0027598059535943703,0.008547110211550716,0.0066658250167067334,0.005992872648263774,0.005133481174091565,0.008270165337724936,0.03512157143865006,0.45246872876458816,0.006922865632545835,0.3467951418321748,0.0024223389353152922,0.019754040602572163
W9167103c2a2f5c940001,0.020484786312636307,0.003741173718014248,0.012316373977449575,0.011231433979849192,0.00659518239769187,0.007474410252832232,0.005758342469015101,0.03579407728304726,0.47888121174028586,0.008527634121278892,0.30761056169763146,0.0054874324990685595,0.021739657154958573
W9167103c2a2f5c940002,0.019820592662799858,0.00397629190209295,0.012107801961256014,0.011269592615054363,0.006286322968003083,0.007858497864484233,0.0065409040413282795,0.035862675848882114,0.4720105341186551,0.009931410848559596,0.30015577501139573,0.005932897541364595,0.019864585455384977
W9167103c2a2f5c940003,0.005200047033495969,0.00387696881485969,0.00909835880563854,0.009791691808545685,0.005796497794789156,0.007653025029409256,0.006771004320942098,0.034728181997674336,0.4633678211406412,0.007432117911589303,0.3326150533217077,0.0026867860550753206,0.01706978665981444
W9167103c2a2f5c940004,0.00571706961813551,0.002311748240046045,0.008031760133245589,0.011247276712854191,0.005022789407591175,0.007114935220810255,0.00512276695828235,0.04011367644312778,0.3436049244062195,0.019340865321685965,0.44235775607269695,0.0021994859195766416,0.020705925036385128
W9167103c2a2f5c940005,0.011844078276359568,0.0032562049994697704,0.009451345348428468,0.01153137596440155,0.008157486550515769,0.010536152395835618,0.009547235739558598,0.04177595429821851,0.3555042887269651,0.011582251169352055,0.4016793366157792,0.0031416640774580696,0.025580547591355654
W9167103c2a2f5c940006,0.018375637490569526,0.0029267996624492308,0.009923336101856547,0.012342586784429383,0.008100361475266353,0.009475105957277834,0.006757709932735027,0.045233485170127305,0.26714975228758625,0.013594056447714786,0.5057194342467599,0.0047592383030677105,0.02446957830757019
W91728f6dcf9532870000,0.01786548919308516,0.012540824289115978,0.04753541192993387,0.037272702581404374,0.013811736886070911,0.014452575796585041,0.11340851293633879,0.025509884222952913,0.03093113877437125,0.01882182148208414,0.08585217799929422,0.010144212204746329,0.18342250446434202
W91728f6dcf9532870001,0.016691096107771985,0.010531696999545455,0.04307008111147795,0.026709953718950512,0.011912479719790293,0.01207686779533681,0.14724472689945767,0.02228776925252524,0.02820862288497105,0.01846394019393218,0.0784302078563657,0.009007015193266122,0.1752672114788326
W91728f6dcf9532870002,0.01704422215497991,0.010650271234550222,0.040647079493553215,0.024692734811274968,0.013072941709240133,0.01184200449441408,0.14648256537369383,0.022385931591060067,0.029111727310292643,0.01851441103642374,0.07310849016063539,0.008278383901064208,0.18282372802776178
W91728f6dcf9532870003,0.01819928415266787,0.012720472864063647,0.05471347846466491,0.02909453434982174,0.01289926369501593,0.037154085303714106,0.05583902464698483,0.023836124889781207,0.02988037548600361,0.02136685494449851,0.09132237267271198,0.011997818542948596,0.18477523118480102
W91728f6dcf9532870004,0.016226856670648125,0.009459100070136539,0.04390269837968043,0.025403274940272003,0.011572209546130684,0.011187451798776251,0.1260598713989371,0.023724446186211175,0.02592812479039208,0.01592220126677224,0.06659911151549684,0.0083487931825369,0.18322828195960245
W91728f6dcf9532870005,0.01711551702605371,0.011533794869260877,0.04079948437851875,0.02703542574880992,0.012641511491563921,0.014016444994833866,0.16095191776733814,0.025278321703596472,0.029809268540671174,0.017770641622722606,0.07918721744744915,0.0095429063830182,0.1725401595439128
W91728f6dcf9532870006,0.01429899020410474,0.006550113318015933,0.03130450039756562,0.019955632006776233,0.010517599331751875,0.010937897811289366,0.31864394506762517,0.020693871673369474,0.027067653933742213,0.013082759353960475,0.0598292112640402,0.006332726587217754,0.1713191020025859
W933dee989fcf34660000,0.006480555206090972,0.0032009298987571264,0.41587236956367984,0.03874977562252789,0.027775041251425856,0.01571866406076741,0.010934166459325425,0.33042820220829905,0.0051316593938282255,0.013657775716137247,0.015943738468781794,0.003574388023888212,0.020530397806252557
W933dee989fcf34660001,0.006116666069010661,0.0034564381631134395,0.39249810854711337,0.03404160490284607,0.028403027390152897,0.015656001393544238,0.011035292795688097,0.3650515152054806,0.005098085252572667,0.012507599523019254,0.014182505786951962,0.004187636772686817,0.016909835779729047
W933dee989fcf34660002,0.006397732683874731,0.004380562613784171,0.3475536684094817,0.03178033583726378,0.029930436021267975,0.015053957129629474,0.009586064927160983,0.40915585236998353,0.0042346804285679765,0.013413431133639981,0.014298785278380025,0.004550480348162206,0.016330198932987372
W933dee989fcf34660003,0.00560901419878036,0.0032161187866073387,0.3507673910927652,0.03358979612165971,0.0248401449669296,0.013674477192157366,0.01370901974939423,0.39351023827402065,0.004808942301651408,0.011891221034457906,0.016133175355425848,0.0038850902311664028,0.0162701779316905
W933dee989fcf34660004,0.00600574403412562,0.003573446186400924,0.3328629885795345,0.03663213471900036,0.02821580189056313,0.014257328938894578,0.012518361223081675,0.4100111704632831,0.005369679636413404,0.013147854117810649,0.016949648221659803,0.0038503297953859585,0.017295389014823026
W933dee989fcf34660005,0.00597042092481233,0.003370920527564697,0.36919094161744065,0.0351161027152162,0.027156716673744186,0.014009212956685281,0.01282081419008737,0.3716538667923321,0.005684839634974134,0.012579282001817493,0.017101784027640836,0.0038784849808951513,0.016863589473196255
W933dee989fcf34660006,0.005968138302055424,0.003266310308133912,0.3789185388330645,0.040674246737136495,0.02946452991371906,0.01621957079472262,0.014872611072045345,0.34180975760651894,0.0051224741457975035,0.012315641432004358,0.017865221793338146,0.003673311249583966,0.016969322065753682
W9344c87845ff6cef0000,0.004968913907029808,0.0055822890343347744,0.004024212884596088,0.005906512561948098,0.012031187070804455,0.002324389557269335,0.01051199139276813,0.5590246331889495,0.035214222258000465,0.005508482167853098,0.1481376737408738,0.09523313970739304,0.053848507363620526
W9344c87845ff6cef0001,0.004727982238826927,0.004739292492177518,0.005961800657252905,0.006650143383770195,0.012322400394334299,0.0017488486696116152,0.009579826437011833,0.609825965597668,0.04822432268551942,0.0061932822527392345,0.1977901399956596,0.004684897190527082,0.032788324617528924
W9344c87845ff6cef0002,0.00501688668014527,0.005018783120578524,0.005891604284648504,0.007592611131177832,0.012325842817451952,0.001998847650622032,0.010240873057405902,0.6330006319328314,0.03576030769144717,0.006256823413428711,0.17370567788410066,0.005313657221712893,0.04086232399369913
W9344c87845ff6cef0003,0.0067056638446124596,0.00620323407191475,0.003970133139708832,0.008789895228479085,0.012445760447538323,0.002660997139072347,0.012313152409336866,0.6560290599084251,0.029169703497030124,0.005777945880833479,0.10919860873113825,0.007159735766288151,0.0571878815198214
W9344c87845ff6cef0004,0.004211508662413629,0.004425714490265956,0.004154343841182984,0.007931723139306956,0.010337985595668488,0.00195030450267331,0.010658209631991091,0.6355523015809387,0.025752997460471903,0.005344165148513673,0.1714773561465142,0.004560167546160048,0.04546484667249182
W9344c87845ff6cef0005,0.004202192885729297,0.004472680378039062,0.004506443269496336,0.006226853654059441,0.012544630139519446,0.0013372378350146627,0.009466492559793671,0.6509954350049915,0.02836580531296026,0.005647665544185998,0.16413427591074123,0.004017197477498685,0.04147733168631521
W9344c87845ff6cef0006,0.005646170691360347,0.00435805364660028,0.0037359647929153857,0.0076768174067694825,0.009308078673628758,0.0016264923468284154,0.010418603566689916,0.7119960496016208,0.02671658734615943,0.005124428168005588,0.0866913487985801,0.005110809420947884,0.049100183072522785
W934d536e0a4fa75e0000,0.022338509755265978,0.009595173181153473,0.03463580202307429,0.026068793122642753,0.044729784161000465,0.11316420579280313,0.01651399768729288,0.01429229479991178,0.00938160115485816,0.012674386704764841,0.3377251678174816,0.0086397543620436,0.1047249597212194
W934d536e0a4fa75e0001,0.015999537079526546,0.005689842954988053,0.029612945690082045,0.02230237769722572,0.03807113885112926,0.14244822652029676,0.010776964177333084,0.010636250277112956,0.007009117590544702,0.009127701890853488,0.22253020711452481,0.005317987437139651,0.06941702506891637
W934d536e0a4fa75e0002,0.010973874973794488,0.004634662346243593,0.029357945670632792,0.02076011937266611,0.03651027650992855,0.10384158885495087,0.006995420247414346,0.009980638256265072,0.007188562263694405,0.011204741542699036,0.43923208546076786,0.00552005454866296,0.07189038406594099
W934d536e0a4fa75e0003,0.009030121268470255,0.004496510837266493,0.04118886669053076,0.02735269327945134,0.04369172568671833,0.06287322076939637,0.007567407561225018,0.009813574580866496,0.006980116745713897,0.009324182786887264,0.4746984328021303,0.00510083424527244,0.057420144103292055
W934d536e0a4fa75e0004,0.011149767522064598,0.00460968870632299,0.042268350167083094,0.03045271347191143,0.0442703538234748,0.06732901789591322,0.008027138040652639,0.008572008992102921,0.007019338228350737,0.008455636273380026,0.48416413320411306,0.0049287499343846726,0.04832865217386931
W934d536e0a4fa75e0005,0.008686032687302942,0.005659861252390819,0.024141448458345746,0.024991951265875324,0.03569448233977122,0.13398991128241827,0.011333861319656593,0.012280397123159668,0.007575926209180883,0.00860418640884694,0.26190465381858863,0.005795252865113013,0.07343946374413643
W934d536e0a4fa75e0006,0.006867879361407207,0.004095101367713733,0.0168752567352265,0.019377360642636236,0.01928330011746379,0.04701057069284028,0.004498872719207506,0.010144719240979788,0.02281912605010854,0.5336325624723744,0.08344663984738639,0.004354573892419043,0.027829700130389937
W94816ea9aa4a7b080000,0.009123544488114702,0.004483873034242687,0.39978497884956954,0.05674790037091769,0.03828922012733896,0.07097297274192185,0.09984564621935418,0.00843206000439465,0.019712496977636353,0.029165984531489088,0.06152156056711964,0.014389177150237817,0.03937869624861647
W94816ea9aa4a7b080001,0.011945688455312667,0.005187935585211714,0.263250524273206,0.055913155237714895,0.024597592875933348,0.1053498743039585,0.11568473135479995,0.0425247488081361,0.02478408166127849,0.013166076086805834,0.04522232731745302,0.015171978274937922,0.04675687486156759
W94816ea9aa4a7b080002,0.015468113336511229,0.007053550362554452,0.2862585249188439,0.07526521766684324,0.027331496386249297,0.1024350993020548,0.11644059310389908,0.015055145082228882,0.01677619908569666,0.014939158336969554,0.038626903735031595,0.014057661301550454,0.04013464101045143
W94816ea9aa4a7b080003,0.011783647691620925,0.006048201637257183,0.26023803978197724,0.05650010909239157,0.03515204754641531,0.13750986252444627,0.14885218872462477,0.010910219111779034,0.013830026958757843,0.014904318391610582,0.03637377657963214,0.01691409783891382,0.03727957690172084
W94816ea9aa4a7b080004,0.011813351081111836,0.005997724251651885,0.2332647333598747,0.05283153142361198,0.03226293859949025,0.199473596840697,0.11906659815610823,0.010590515134102427,0.016779957641423305,0.012779613969245708,0.053668319365748354,0.015889727417346275,0.03754008938871838
W94816ea9aa4a7b080005,0.008959704316067435,0.004671404469980847,0.4501788913030421,0.062205750106395175,0.04627957052439917,0.08442587755758836,0.08735245480028718,0.008957179491237359,0.012080954109473654,0.011251428246354115,0.02882604442414205,0.013430126329862686,0.03457221155782382
W94816ea9aa4a7b080006,0.010349865968634072,0.004859893501459785,0.3028702002199773,0.05391942671340851,0.04105145680037608,0.10469239908556303,0.11445394950230867,0.05094776684383724,0.02435277653973717,0.01479289438215241,0.0589248631793783,0.014008137647518076,0.046944184130833115
W95f1ffc10b00a1510000,0.011913799124963481,0.010749585492232717,0.07281855106322511,0.03411355855295207,0.01746755247397702,0.01632124180210039,0.03937651657417897,0.02388195881587576,0.02431734966228169,0.02201566917141986,0.0732310731244203,0.01249964940454152,0.0961540876501884
W95f1ffc10b00a1510001,0.009641845545843597,0.008563291376188642,0.05800418001565236,0.026546380663510838,0.017694719317109694,0.013475754253381742,0.03016581475642245,0.02188890447305764,0.021156460370193746,0.019033419515254377,0.05405710573496857,0.004799196021435564,0.07811560317777572
W95f1ffc10b00a1510002,0.009383109787695392,0.009332559850700549,0.06022659666382925,0.02625781644738522,0.01621317821709504,0.012905554568337576,0.02687532127622566,0.0315784397619523,0.02127283819677679,0.019129575004603574,0.057403307498403805,0.006603576231857184,0.08056062712006837
W95f1ffc10b00a1510003,0.011330858078856173,0.010708525621255419,0.07073962343834471,0.033029690137321675,0.017146082563317316,0.014603331681802181,0.033890649155399834,0.03327068388052735,0.02184715369127717,0.0247288447632357,0.05979235288002467,0.0063353788719817,0.1011283063367634
W95f1ffc10b00a1510004,0.010350792027779512,0.010255640412932287,0.06702169281590936,0.02890189287298304,0.01988537304258867,0.014720805562236015,0.024506825394470914,0.030644638856673574,0.020481209599150868,0.0210522211376763,0.059086183070727966,0.006069817536478271,0.08653569647482005
W95f1ffc10b00a1510005,0.00925192277432893,0.008189798739798701,0.07056427620540849,0.025739995806215426,0.01699799104409008,0.013609911458537498,0.021904837210345092,0.038710284353305424,0.02028421412690101,0.01965585764291931,0.062113615167206385,0.006053238126913156,0.08161636638882451
W95f1ffc10b00a1510006,0.009897342965601807,0.007830039329220162,0.05367455091803498,0.024877380454809778,0.017232428099022545,0.02115216658283911,0.021084850494558046,0.0261293833650004,0.018823342916639008,0.018886256948578893,0.06251522010651772,0.0068654110268767,0.07712066085241918
W97c45b19745b94df0000,0.009677991653183218,0.0022050454043572275,0.013531498379009022,0.01593234101281036,0.017315048469892815,0.7998049620749922,0.011330251582557765,0.0019760006879552894,0.0020995337947735215,0.0022155042748391177,0.003061229366616831,0.10329218754856778,0.005674360704551196
W97c45b19745b94df0001,0.013302912457486606,0.008760883527077408,0.012458276813452617,0.015429827012141307,0.013121857371379584,0.8089842743789392,0.012696337530608023,0.0025146160594823807,0.0014672727760461563,0.007441030151060723,0.0015360894019501553,0.08272245306329003,0.008028084243464642
W97c45b19745b94df0002,0.008304688754099262,0.002970175004556907,0.012806414095487918,0.015118192596784187,0.011687930433753853,0.8351950435026622,0.012107638005331038,0.002099068654511657,0.0010006412372630285,0.0035472496314285264,0.0024272222938775917,0.07857675535627974,0.0037385098707652074
W97c45b19745b94df0003,0.007677285753586716,0.002675889954821253,0.015314194899595769,0.012925355262699414,0.011809866118166147,0.8349665811123836,0.009298204848620963,0.001955709533942047,0.0011117577755727233,0.0021503288923532373,0.0019452327710298594,0.08241320228136649,0.004548086297823595
W97c45b19745b94df0004,0.005548754373073886,0.00833394710304166,0.014365955926256006,0.013845742054055102,0.01031781853113368,0.8204443474329247,0.01235933165302042,0.0015665580339182172,0.0013235914362166657,0.00503462946847916,0.001341042354293884,0.08818614723418411,0.007419679797276032
W97c45b19745b94df0005,0.006317976473347877,0.001086611975966483,0.014633481081092869,0.015034475449964065,0.009951420064883892,0.8181526224195805,0.01810554563099157,0.0017311903204570767,0.001376388841366612,0.0014523495743152723,0.0023410009608719365,0.094572188172782,0.0047130974412888
W97c45b19745b94df0006,0.007407661203617225,0.0016204669746064636,0.01574222644183083,0.012949816878752792,0.011579242898639281,0.7792496633085856,0.016807494924394827,0.0024132840883336246,0.0016628407250693495,0.0017839090218862961,0.0025927678680105534,0.13058825148441644,0.0044556045057881355
W98363a8dc28d4e7a0000,0.0335129998849401,0.8635048554976658,0.00795112661484902,0.007456953665867874,0.007078981543183178,0.020563682673436952,0.020011880108826624,0.0026185094218017764,0.0014818378864321822,0.0039648302956129715,0.007089610575412231,0.00647570866682912,0.008469527600526895
W98363a8dc28d4e7a0001,0.03649579754381346,0.8705374171517573,0.00682126716812549,0.006920997962379351,0.006393763845011455,0.019372629601719177,0.017786871756478723,0.0025279898077744402,0.0014734955685953783,0.00399192684618,0.006835059920815905,0.004048616115288203,0.00808816810984597
W98363a8dc28d4e7a0002,0.035401348658227645,0.874852018638229,0.005588205655478906,0.007268486704749928,0.0065176221411587095,0.014003913163570416,0.020829561069221132,0.0022151033423897324,0.0014092587582746061,0.0032428195035594507,0.0076676468466135485,0.0034917361327070203,0.007577958858408145
W98363a8dc28d4e7a0003,0.03527613276405282,0.8725942380045907,0.006740471094905251,0.007738915539938455,0.0062986296646928945,0.011210195951542089,0.020490910789436368,0.0031060862514129817,0.0014608112711548876,0.0034061094604147324,0.008748646290443094,0.003725823620931538,0.008675859185485805
W98363a8dc28d4e7a0004,0.037179075455279424,0.8647667047011331,0.0068028063914686784,0.007099736034325664,0.006633781268424357,0.012200474909003778,0.02264199959650069,0.00394364120273227,0.0015328870593363515,0.003067004645358351,0.009222094999010944,0.004707687616144779,0.008817022377761443
W98363a8dc28d4e7a0005,0.044380426580064906,0.8585205450823494,0.007562475410624811,0.0111254061356837,0.007089835946461469,0.011651448352369545,0.01816507243966591,0.0031001487909488564,0.0015129910812401001,0.004047873249328183,0.01059565510274211,0.003855815725447063,0.008672090263225145
W98363a8dc28d4e7a0006,0.040499077559773944,0.8690102385172757,0.006345710182490816,0.009992678602485096,0.006376172420097772,0.010825383228527935,0.01754299885063021,0.002756602488742252,0.0015729794852951948,0.0034097573408014272,0.009197980496137383,0.004077634070303481,0.008321478912597168
W996235ea48a904bf0000,0.01147318884409094,0.011313048389277831,0.1847074562461924,0.029244422376296254,0.04418978197514766,0.05212232407053908,0.024392035283185367,0.09760120787643115,0.10001396474392171,0.0653038146723583,0.05414204373957728,0.015037893330792865,0.1896961406781469
W996235ea48a904bf0001,0.01119187433065178,0.010477459149435465,0.18054931099785776,0.02474423833345833,0.04144649837805625,0.10868656003910838,0.020038200592528775,0.06169406622867331,0.09833252658409807,0.06113393531125645,0.052583248872629634,0.013340144346692605,0.18056855817709627
W996235ea48a904bf0002,0.012689596379944105,0.017801269284389916,0.18265723775452816,0.023322685995665934,0.0434255774069737,0.08499601586862135,0.019687128194405466,0.055610187499557845,0.09673474128265809,0.07267097631400109,0.053512488977272364,0.013680082332724813,0.1834478393787946
W996235ea48a904bf0003,0.011375686459440875,0.01758430691101751,0.18899240569423037,0.023213909757580604,0.041526176652919564,0.07421637403661686,0.019485765739564155,0.05975861745860786,0.10485974124902628,0.06489721655919614,0.05120866999822582,0.012976507277854455,0.1929670257534547
W996235ea48a904bf0004,0.012207573124681972,0.011403192022326496,0.1773651900759309,0.02476614338935445,0.042755102556016056,0.05150131690640855,0.021046120469684966,0.060431151222690965,0.11149564166377046,0.06312325776230568,0.04984416316689159,0.01419847403773762,0.2130431635377718
W996235ea48a904bf0005,0.012027630770895126,0.011697403304496095,0.189308061073028,0.02421812818482089,0.04545224538601455,0.05141931184532162,0.021127388619034078,0.05634957061281006,0.11493418709680675,0.06607341353840261,0.05066698379421135,0.014949978592060544,0.19315727027319024
W996235ea48a904bf0006,0.012211213851126222,0.01157918241893659,0.17977498944910258,0.026158158048008466,0.04528133806504446,0.05429606445094649,0.02862365188085515,0.05093176203606549,0.10398298603166246,0.06404012292414198,0.05243134709616936,0.01465161168340688,0.20801653938611725
W9aa5c5ee10122b880000,0.010619521677307958,0.010316811952543204,0.042285659926443446,0.02683135016947107,0.021045758998500138,0.017000717889662897,0.012527206995567178,0.013484064769588147,0.018104005465710823,0.018129916216075674,0.04131747466576443,0.007306330970455941,0.24479700355311307
W9aa5c5ee10122b880001,0.009130670928675469,0.009369125333307637,0.03861015029038614,0.02358559723755646,0.019683101024527,0.017007908641781384,0.011113976796324188,0.013193918336231009,0.020418459923154754,0.01639390394673658,0.049676888876300306,0.00942112794793617,0.26767643075585135
W9aa5c5ee10122b880002,0.010161350486845222,0.010594683364721509,0.04923765656108135,0.025172950866618013,0.021414720048030928,0.01716600561393587,0.0115997312525462,0.01896935175067537,0.02094048037487865,0.02113341306973442,0.040586059856706234,0.008047263867717662,0.26302464708943596
W9aa5c5ee10122b880003,0.0098504674451609,0.0110707494579642,0.044665669590177724,0.02433312514341287,0.02225524156815532,0.016265857204938453,0.012501245527507672,0.021309690569741246,0.02184154174047632,0.01821059356097065,0.0677021910692616,0.00851668351566581,0.2572878520401582
W9aa5c5ee10122b880004,0.009004862935095904,0.008933079992882372,0.03261845097587967,0.021569435203480133,0.01985101230335011,0.016267866285150475,0.015323465386925557,0.01740864881902821,0.018398974982123763,0.018166189688564843,0.039576233508671364,0.007506904459858673,0.2462637691899517
W9aa5c5ee10122b880005,0.010527664598662558,0.011924223108389323,0.048606464906692265,0.02658922415280077,0.02162745913923787,0.018821048332243906,0.01357371343151096,0.017125514661160208,0.020055153104444712,0.019478050242082396,0.041003882246259685,0.011151026735484274,0.29522958715744735
W9aa5c5ee10122b880006,0.009916983745958558,0.01052084055227341,0.04932251544287174,0.022615805547218985,0.023241755162642395,0.01663628186530717,0.015673669220503957,0.014965016070304567,0.020308387727184782,0.018137732460235,0.0760197165826376,0.007727788269411097,0.2597581714667481
W9be63e50209fda370000,0.033657097581847165,0.8732556763468035,0.005918172063064071,0.003089371211799661,0.0022536223660453982,0.0065166034185066175,0.023334063980159768,0.0019656019354467235,0.001603963222000883,0.006737418762951397,0.01578202375557187,0.0017270610738486132,0.00817637537690995
W9be63e50209fda370001,0.04194491933735062,0.8671166878090835,0.005588358432255576,0.0021840082065834377,0.002921511355901686,0.008597355528437222,0.02207709118313,0.0019994485481912333,0.001282956629723313,0.005749027528417204,0.015547899272489596,0.0013983620022524896,0.006886213910818964
W9be63e50209fda370002,0.03317176070704515,0.8306854136233969,0.004595401983699614,0.0027136141929342515,0.002302601213726365,0.006811829946681062,0.023084202754246157,0.004610294680957963,0.0067628638229864264,0.0359778412245538,0.02354917948124283,0.0021914674838527048,0.005215914565699355
W9be63e50209fda370003,0.038156943996451614,0.8547510466529226,0.006457515764926906,0.002874720916305705,0.0020264113951297094,0.008063218262311113,0.02880843848401666,0.003465720700472048,0.0011530801039731358,0.006509693466664439,0.018425235813010577,0.0017946552695536422,0.010060871658003326
W9be63e50209fda370004,0.038466737349865554,0.8595495232651421,0.006974167205548101,0.002881071554361434,0.002997795573708227,0.008238189450357116,0.02328265540594833,0.0033582357796441233,0.0011615386751500608,0.007704675029840689,0.01676216522035119,0.0014081998181706627,0.009583014225570506
W9be63e50209fda370005,0.03649837479005903,0.8744579405558935,0.006828429840972131,0.0018279133202661658,0.0028638968274483966,0.006784494562794675,0.021521602330215616,0.0022992808457290817,0.001297394081071537,0.00603079737611558,0.014531991720280196,0.0014952547852998843,0.007767353900154466
W9be63e50209fda370006,0.04454036619023423,0.8537018266942723,0.007599980336648786,0.002578929513755608,0.0033786827472245375,0.00668773131991156,0.023050182179236853,0.0025508224509195165,0.0008690868419057232,0.006933152552287848,0.018134418908402145,0.0013653629668046328,0.00828614561189589
W9c32d29c5c5991240000,0.011581080068522553,0.0026456996617423515,0.4797628986214183,0.054396016528436925,0.06555501969468544,0.01783710125637365,0.01229142017891065,0.2545686077690515,0.010935465441330726,0.007680715193424282,0.020633422515731702,0.0058571942064776315,0.01184581441817991
W9c32d29c5c5991240001,0.010464259875902647,0.0027605521660739006,0.463404166709607,0.05480904840812888,0.09129715597342586,0.016240260219529398,0.0099354729874599,0.24752090739966692,0.010845064902657646,0.006716370684351574,0.021309137396231338,0.007203125457392027,0.014048620352957071
W9c32d29c5c5991240002,0.011307517872283672,0.004136061631081004,0.20695486923241185,0.07549141385736217,0.12787457282766704,0.018393350308078215,0.009506827972484843,0.43224708351690994,0.01191334865579579,0.007499442502560864,0.022944591630836803,0.00854018568292677,0.015781765940862565
W9c32d29c5c5991240003,0.011721838518928518,0.00312656455536766,0.3778333881036881,0.06635094544120362,0.0998870582560941,0.016972116052650286,0.010177308821294874,0.3112410882214887,0.009616340480057977,0.007363213761036369,0.021483841875743086,0.006552045635703022,0.012360338109273214
W9c32d29c5c5991240004,0.011970763767425474,0.0030191147476915777,0.23728862100852186,0.06635920201652333,0.24368103690283446,0.01793653256981064,0.01278016986494144,0.3076662860511422,0.009802956194109088,0.007684217675629701,0.01967813439798244,0.0066985276376749225,0.012107996304381632
W9c32d29c5c5991240005,0.010890930263195467,0.0030141685366969796,0.23423229487464034,0.06381585802581285,0.2548086558080881,0.01935348447663085,0.013631683771402085,0.30009607852714126,0.009848147561774961,0.007268219674249281,0.021728213638660565,0.007188505060353968,0.012686086783001836
W9c32d29c5c5991240006,0.01149362218195917,0.0028213974858843937,0.3177952618128655,0.053242980224393124,0.2049902040696894,0.01752240375934743,0.010984900826885444,0.27865950765946734,0.010800333220263334,0.007470902692411834,0.021327792968009286,0.005822182352241881,0.012642122236605748
W9d4441fee3e033450000,0.026432236853699404,0.02758180823503317,0.11232449974013842,0.07500644753468111,0.05698108227142737,0.12856035403418573,0.07248708509359619,0.02417682296929794,0.04814885359940361,0.02793827636673847,0.08494455579659037,0.016374601289382076,0.04393656775252788
W9d4441fee3e033450001,0.03616869938091637,0.03059359184580919,0.10699727251227098,0.09081741378283187,0.06654585437730082,0.07009016243108468,0.044012080761472915,0.02350201039596193,0.050138552279111855,0.03557836990979526,0.05518860917406228,0.017247577963218554,0.06778945164786884
W9d4441fee3e033450002,0.022046025074810443,0.01694748907179968,0.21914484462215772,0.05088710437856913,0.03374314370994946,0.06488076415068823,0.0328958134776611,0.01598784084692881,0.031931522825448665,0.019936763874477022,0.0674528550472515,0.01062590125066566,0.04459302789244175
W9d4441fee3e033450003,0.02533978177317156,0.020513313273268184,0.1054335405692024,0.06582583122504396,0.03471174991650426,0.05135864315454761,0.03733794869645115,0.020873885492900864,0.03955241920007431,0.02222100488170969,0.08060171780093399,0.013561745318892132,0.05671561580563646
W9d4441fee3e033450004,0.029747415724749312,0.021353047085174468,0.11606325559968887,0.05546735974500878,0.03496271137691389,0.061447460849046294,0.03857045595326406,0.02040480197982872,0.03984884105387086,0.03703521952123973,0.04718665927730102,0.012593262202611642,0.0719120953364126
W9d4441fee3e033450005,0.03876526785377589,0.026530682717493474,0.11187137233643227,0.05813718091943232,0.05403838273470875,0.08323413989049186,0.03835317548092769,0.024440537431984162,0.04121402388689882,0.024828474904121735,0.05757374160536154,0.013930511709635591,0.07242837258356065
W9d4441fee3e033450006,0.03769426615437777,0.031712302264934156,0.10258218110023434,0.0734688210961326,0.05907797663913483,0.07984747973716923,0.05724977664686898,0.02681703080865078,0.057527368329462356,0.06268098395270072,0.08173458325597266,0.02162304009758972,0.044440803817646604
W9da0e7068237f0450000,0.007444862017598645,0.010577816326311358,0.8098437075609398,0.03882209827461653,0.07017767428481356,0.02006951192507688,0.010321554103875367,0.002678607665919445,0.0011466185676186028,0.006097758750013951,0.0026287970646995834,0.007649260896124205,0.007307775692870253
W9da0e7068237f0450001,0.008011235204916681,0.01123815925855181,0.8094122258646729,0.04093901878453233,0.07080565560104304,0.019269426304562513,0.009559643595022775,0.0018014318594477593,0.00040441792844933614,0.005196732691853239,0.0018478918956094485,0.0067111170823509324,0.008349876869332489
W9da0e7068237f0450002,0.0070327605760553795,0.0023350499918627188,0.8211466190039121,0.03220374177848003,0.07999984388162057,0.026487089668176728,0.009163563257990287,0.0016757350804810192,0.00031284113166656026,0.002600910056821579,0.0021712994325560797,0.00800513619802728,0.0028572318984774678
W9da0e7068237f0450003,0.007756365554298936,0.0025806466388869813,0.7983415268330878,0.04027968622800421,0.09271941614607013,0.021985919391910237,0.011372335106048896,0.002391920324993167,0.0010676158376747502,0.002314090194573176,0.0017535418385611421,0.007376236167210043,0.004171442394907483
W9da0e7068237f0450004,0.007591860675468858,0.0023252302088210114,0.7919767463093561,0.036712484497447254,0.10757441907152174,0.0205153025363202,0.010171676386907618,0.0022454923878844316,0.0009767652015081195,0.002026559738283581,0.001957353936907995,0.006918161933874999,0.0037990883069324603
W9da0e7068237f0450005,0.006454002437094012,0.0021855017812296533,0.8026723238552728,0.043039205735584174,0.0839518672333738,0.020730754068039158,0.01111357476766902,0.006754759772469731,0.00131438957211599,0.002863060690152021,0.0022507095662605238,0.00694969343392883,0.004043766874500583
W9da0e7068237f0450006,0.005740896379750082,0.002372199984299318,0.8194254675618865,0.038689815848307746,0.0821953388442357,0.020693607801942283,0.009423406145908409,0.0015781967975629135,0.0008697177741379164,0.00252580931697117,0.0018076044966257427,0.0065805309993715606,0.002488212817674034
Wa057a5b77f36fc860000,0.00019702039807222143,0.00010754951426334748,0.0013063090316819757,0.0002479205313419969,0.0037193797904811225,0.11825634120699237,0.00024333805565124198,0.003619256588887994,7.701716246075568e-05,8.027149982472785e-05,0.00013947068911544008,0.8665292275295846,0.005183825628875674
Wa057a5b77f36fc860001,0.0005787435636466458,0.0006404656727072243,0.0014676501378367308,0.0008844347976755217,0.002732459999848957,0.12314440294828474,0.0001986075251535522,0.003620573830036031,7.702988852185825e-05,8.487755885369666e-05,0.00014606060762341447,0.8611683314958837,0.004955190520481316
Wa057a5b77f36fc860002,0.000262609801310345,0.0006545451754815557,0.0013940667746142961,0.000638033800673578,0.002794581531871683,0.119035538513769,0.00021323840097432588,0.003251879482765586,8.813344383193642e-05,8.327540485282546e-05,0.00014223092727302735,0.8658349627287595,0.0048605984172899
Wa057a5b77f36fc860003,0.0004306090579275212,0.0010089413569772678,0.0018574878244600516,0.0009294271000871073,0.005275812524178227,0.11943512594732618,0.000195185624823382,0.0032445722317535975,7.954890162163494e-05,9.44536380183474e-05,0.00013462592402607764,0.8625865879713537,0.004416934412437206
Wa057a5b77f36fc860004,0.0003222807817978984,0.00011677983790346219,0.00141435034971969,0.0003366783581460686,0.001925024441072605,0.13018052298432195,0.0002079914623610184,0.0036633909464115874,0.00010032016208952494,0.0005054738253997215,0.00018485702363580365,0.8543476802418727,0.006421673565481477
Wa057a5b77f36fc860005,0.0002107811305986054,0.00011521571742924116,0.0010855578482151672,0.00037780820306934084,0.0032159672415073537,0.12805386100176674,0.0002870686212925971,0.0036289116394039684,8.133191356750601e-05,0.00036589827113629454,0.00015114460891053606,0.8566524543046024,0.005415118098998567
Wa057a5b77f36fc860006,0.000200114002487121,0.0010090444751889912,0.0011187872118802933,0.00035485493291233266,0.0024627073840036884,0.12186335342471541,0.00035628567083425373,0.003250412671955248,7.634975827563594e-05,0.00036590639471083513,0.0001497258237428076,0.8628865101545996,0.005541560800966622
Wa0c609cd1eedb9570000,0.0032103961390986934,0.0013263615282907734,0.008167658212064404,0.01845730317298328,0.007906198039810852,0.0029893622482137414,0.02132699238266259,0.03524314577082137,0.012732198181063947,0.006055345332613677,0.05375470767684871,0.009278786735092337,0.2033630302727198
Wa0c609cd1eedb9570001,0.002841667451298378,0.0015641983346273414,0.007427773536973366,0.02071424494704865,0.0077185862853043075,0.0022555455717531963,0.02277229191495621,0.03528685074473077,0.014663337889664032,0.007994405036663836,0.05850960735618476,0.00939690254540596,0.253690400277168
Wa0c609cd1eedb9570002,0.0029120569604781698,0.0016006216242243315,0.006135076304845523,0.02127450810377332,0.0072702617718088175,0.0026331807185376753,0.024594400024602343,0.03975927823717749,0.015255103882360349,0.00746835769773636,0.058699041739240926,0.008623914770688178,0.26044769043665933
Wa0c609cd1eedb9570003,0.003061055676156848,0.0015714767459014442,0.007201071214822477,0.02100389612087247,0.007698891039580667,0.0028014299466050754,0.02360651910662484,0.03954016065844049,0.014003048473248483,0.00745463483338556,0.06077146376389091,0.009221620678662775,0.2394048075761468
Wa0c609cd1eedb9570004,0.0029188815933103907,0.001540501900186248,0.006824802549504107,0.023364758818508677,0.008136135003687926,0.0025050995421295116,0.022861622177120348,0.036636800300861166,0.01407334100291889,0.007518705093152305,0.061868565441416196,0.009587704579844888,0.242915263048174
Wa0c609cd1eedb9570005,0.002646031499238647,0.0015535413334429127,0.008063488339026901,0.021188267606109226,0.007894469717873913,0.0023147908391631766,0.02385383476320261,0.03587419808178393,0.013631686826493834,0.006521319181797877,0.0520975020647071,0.008571274596300546,0.24518831826894516
Wa0c609cd1eedb9570006,0.002598989628142977,0.0015383610018139592,0.007889194680758969,0.020742479615609495,0.007422147462422894,0.0026236093711332746,0.021062662798891525,0.03815464232669214,0.013839893681102968,0.006918331741091874,0.049200537170643634,0.008714097888876532,0.22701061507054843
Wa21b3e0948b305ef0000,0.954687417772424,0.005667220198164758,0.0043821837931291375,0.004682765397831173,0.00310049613985048,0.00621183796113189,0.006910680120832526,0.0007744597769114074,0.000127437459689285,0.004774456384666167,0.002898297962783561,0.001371619492854292,0.0025599867450794424
Wa21b3e0948b305ef0001,0.9258528406138384,0.005122121151759928,0.0059979529058865454,0.008572589846977733,0.0051552495945331525,0.015377068818351321,0.010908674438600647,0.0017864346110507013,0.0009343752676582797,0.007138122773089465,0.002257711997816416,0.0049521014446321275,0.0029989236957829093
Wa21b3e0948b305ef0002,0.9661952105638012,0.004469841765417034,0.003950329145670622,0.002828746609982883,0.002395650330832722,0.004385408276624082,0.003792485228022187,0.0009356656939186253,0.0001083770116173167,0.0037548356788349307,0.002081955363410746,0.00171537285041236,0.0015719436048064117
Wa21b3e0948b305ef0003,0.9640414790105563,0.0036954959230760458,0.0025292760881679057,0.002865419156638821,0.0027823294380026225,0.003641930305993729,0.004646990372455841,0.000600658420338214,0.0001919610942327557,0.006866762778566785,0.002548294862769384,0.0011158284169606387,0.0021236956151401004
Wa21b3e0948b305ef0004,0.9675059688138311,0.003597286686715764,0.003976839704327446,0.0022460804488067822,0.003214162288876135,0.0030942828187642576,0.004717102080054201,0.0006451691712843303,9.32202334745915e-05,0.004089783081469656,0.0026020211778096645,0.001252301588955701,0.0016448738533585735
Wa21b3e0948b305ef0005,0.9687884065813699,0.0036819254231569717,0.0033708679587933963,0.0022528082258222266,0.0021865884010789276,0.0034391512711424497,0.005336418185870066,0.0007144530608604597,0.00011615297761146988,0.0039288540290105655,0.0022658056561092534,0.0009864012049459602,0.0014341134704646383
Wa21b3e0948b305ef0006,0.9652203758026113,0.003605510475967673,0.00329187240342615,0.003061687404148893,0.003872443080272295,0.003126049271444441,0.003429168102800012,0.0009718491359857063,0.00012550284930541378,0.005029971226357701,0.004087117078172572,0.0016386651514205695,0.0012740047790728633
Wa2a75addcf692f5e0000,0.0018423705596810112,0.002389422032063707,0.018315784693210845,0.010600055760488902,0.008435858263525654,0.0028761230613726443,0.004381971198652785,0.030821154694252083,0.022632867755260324,0.6596433948441252,0.024193150197182284,0.0029954155287674577,0.010004607333354096
Wa2a75addcf692f5e0001,0.0016423088441677469,0.0024244566671233285,0.016571930259659917,0.008656708865481467,0.008626127550835392,0.002162067565606094,0.005033946501151264,0.04689337792039581,0.036975627968634885,0.6357456954072545,0.030615660421482793,0.0035681305337306856,0.010364819058305927
Wa2a75addcf692f5e0002,0.0016802132778697355,0.001854360427370032,0.016306305237445234,0.007642856465166786,0.009139763950281555,0.002495908656152499,0.004099984922753803,0.03816814630038273,0.031970314166514524,0.6587264568488226,0.03150341209315987,0.0031368411990092423,0.009546122688202567
Wa2a75addcf692f5e0003,0.0018285062211374453,0.0017562833602719143,0.01839434209050246,0.009282966055259884,0.00944954743550403,0.0022830219304188037,0.003751810547995522,0.030932174425207182,0.021794063890560825,0.678900700122817,0.02199295750470334,0.0039051279494843037,0.010300458100454483
Wa2a75addcf692f5e0004,0.0019291334820970827,0.0018340831907984773,0.019290881942684697,0.00990795954075561,0.007874286797667895,0.0023306239138182797,0.0038224370044360766,0.027842814464109484,0.020849545497123593,0.6946002508031272,0.0205035748426164,0.003476763136362876,0.009111634064321436
Wa2a75addcf692f5e0005,0.0019603896306538485,0.0020742662967716346,0.01657321216814648,0.008023632167507745,0.008851154864264124,0.002711853554334898,0.0036049959059568483,0.03934307063676172,0.027759123040366675,0.6665554477933755,0.027713271686859497,0.003075914023890758,0.008516089464826815
Wa2a75addcf692f5e0006,0.002070578291087684,0.0019426656055226527,0.01685751159144331,0.007770484750834413,0.007785744907370341,0.002380017791992033,0.0033548614848366233,0.045133081680898815,0.03524225695446055,0.6620001139266326,0.030058792164317102,0.003118397633603469,0.007678412741438848
Wa3a325220c6dacae0000,0.027389214594043247,0.004260996198700032,0.18052836109094936,0.5101390604879177,0.03447730704583642,0.14045209224867702,0.013341301831390592,0.005997358284609056,0.00351700469018512,0.004794738386540998,0.015623240918458191,0.028667529507096983,0.022605578293978714
Wa3a325220c6dacae0001,0.006569023609323682,0.004070963541888322,0.2067194719208396,0.48142488763397273,0.04364940088000655,0.08637316860316126,0.021156672669019123,0.08112489668684196,0.0041046104721237115,0.0044599417754435915,0.005808146339577295,0.02603848924795993,0.016866009898128097
Wa3a325220c6dacae0002,0.007559527549071856,0.003967242628004094,0.20923463241334003,0.5039794310437884,0.04729941089360131,0.13860358625795616,0.01817934994222775,0.007977734891491936,0.004874011562645009,0.0031421525181674404,0.0052667449372895215,0.021521471270615083,0.017589258472283625
Wa3a325220c6dacae0003,0.022513777293197642,0.005253156911939363,0.16149187441216414,0.5089141795353911,0.03923995600974854,0.16120017105230477,0.015805662787877275,0.005715186630758849,0.004444960640682406,0.004637509012868057,0.01438765103628375,0.027085632394528165,0.0188821652981523
Wa3a325220c6dacae0004,0.025649232610340033,0.005391026482271201,0.17664870466902036,0.5226195135702812,0.037839398011250865,0.13456201794771058,0.014256567972932864,0.0038013208611319604,0.004217890072292279,0.004404921542635737,0.014792781983598142,0.027936144968898142,0.01848135491459626
Wa3a325220c6dacae0005,0.03156302796859462,0.005570639017604045,0.1946580717291867,0.5111379587808764,0.03701010090340396,0.1278401114920897,0.012263777194692387,0.0034373217513776026,0.0037933106614128596,0.004971196851137232,0.01661255491553802,0.024042851862753314,0.017523166226469183
Wa3a325220c6dacae0006,0.025602306113277736,0.004204242580340506,0.25930613922339946,0.4869660167131742,0.03151258680495502,0.10909239962204573,0.010774311277264813,0.003770392774198354,0.003309947169879361,0.003907629308844277,0.014750038137312195,0.02260429911506511,0.015908744031412382
Wa3bc913035208cb30000,0.0071830208384806304,0.0075295189826561785,0.0142861834351328,0.016913988929765346,0.021914923664116088,0.005278737976476684,0.009917059908178935,0.04077332371892195,0.19695303729340374,0.18189134843209842,0.2599486608406129,0.016244671765592498,0.08623817002289857
Wa3bc913035208cb30001,0.006289553851957641,0.00638869642763325,0.012216209221747603,0.01560334744947783,0.14059597269076182,0.004533572163872068,0.009683451719229368,0.03541756701801131,0.1873795808075858,0.1500782573811093,0.280749080809822,0.014306592355406744,0.05215568069798452
Wa3bc913035208cb30002,0.006567952847826208,0.0066279741956392964,0.00886697102544866,0.016270839205980988,0.1309769274073875,0.00508156531012981,0.010649516468440843,0.035188915944956586,0.15860607639036078,0.15005799315844165,0.3141463568297851,0.015291485979740888,0.0631653682676421
Wa3bc913035208cb30003,0.006019214159089226,0.006685540745248536,0.01038432470758579,0.015259756746632373,0.1436789694013084,0.004176300615900246,0.010156804315342724,0.03779998919495166,0.1633918744430199,0.15168058126772735,0.2728474679271927,0.01597109950832319,0.06893010672442386
Wa3bc913035208cb30004,0.0066472342744886195,0.008057075667178084,0.012658569870524385,0.015223841252867177,0.021998518114603387,0.004880673404638574,0.008907436632971402,0.05557690557534213,0.1909480754047148,0.17939467777311627,0.30151517296874897,0.018094585897346138,0.08373947719940204
Wa3bc913035208cb30005,0.006773910141731113,0.007904534608028207,0.013909089499239712,0.015139017408580991,0.02423582951439187,0.005190793279675385,0.01663591363287689,0.0490437731835106,0.19120661247130621,0.18879741911989958,0.31057919294142133,0.016692968023005645,0.06248768696416629
Wa3bc913035208cb30006,0.005824522195710603,0.006371943544382764,0.01019326998840923,0.015774312013082603,0.12641975545452439,0.005182152497641259,0.015621261565431477,0.04267417803636214,0.1555747316831051,0.14696038494547986,0.3078576476463097,0.01600506902262306,0.0630813214933483
Wa433eaf242aa9bdc0000,0.016719015692281715,0.7719492814882496,0.0015980109668816758,0.002026472118097142,0.0021500790935017004,0.0023202338818854853,0.0077234281834494605,0.008070130136771644,0.12251967652697099,0.0026248652886021948,0.051363596507841856,0.0018055909577471016,0.0032998946966596586
Wa433eaf242aa9bdc0001,0.017692583345642658,0.7674843518075329,0.001576263834901015,0.0027168794544109934,0.001399870404783119,0.0024475032991723524,0.008374285229713282,0.008218344415733908,0.11882390694016352,0.0025471233023518047,0.058908652348202264,0.0011335035499627642,0.003338929607890772
Wa433eaf242aa9bdc0002,0.01590353320390491,0.7890192675403428,0.00154409298274851,0.0023120817800552436,0.001609653586989394,0.0026519249311834393,0.007048305449571569,0.006037387300887911,0.12170320526699006,0.0027076237062544487,0.04038902878731135,0.0010296778271181887,0.003366416160914924
Wa433eaf242aa9bdc0003,0.01687126721322541,0.7873526451390339,0.0016105777031351603,0.0025779829400277743,0.001602987600675032,0.0027140789374363408,0.007011324882634435,0.006178087464403337,0.11894377189946108,0.002171950692807872,0.042992042218759956,0.0010839215440954786,0.003929361206238453
Wa433eaf242aa9bdc0004,0.014134345836307124,0.7759782189866894,0.0015675914382410332,0.0030162484545382816,0.0013049571907859374,0.0019069875508682635,0.007636684719474,0.00845464459773444,0.12165708574544729,0.0024490520353314072,0.052804700423211504,0.0016948583085748033,0.002817695477250165
Wa433eaf242aa9bdc0005,0.016605318110164677,0.7501863517174874,0.0015653271890270042,0.0035901981758436952,0.0014636866504096234,0.002962659720251582,0.009080293170227904,0.00870747312043546,0.13612994611321994,0.0027508615876669067,0.05710602914645398,0.0014860373741407452,0.0032065585328489156
Wa433eaf242aa9bdc0006,0.018239804174474728,0.7605355515009203,0.0016357374325731136,0.0024679434910304036,0.001458040023313239,0.0025620145371574635,0.00849880943809406,0.008128731314851085,0.12673995351672207,0.00313667280853727,0.05621848792673889,0.0015347989702389,0.003054163858258517
Wa4794774ced410db0000,0.015594039288451971,0.009614911996563136,0.05882795756432794,0.03266173199547869,0.032849298035708116,0.3114255070406194,0.04308929835323545,0.019509307723570436,0.012637691434532628,0.02003600569756499,0.020472777823149275,0.1661950725874102,0.09307300796608221
Wa4794774ced410db0001,0.015449226112241721,0.009851040115320168,0.04953795508444707,0.03978642211364389,0.02861247017117565,0.33461767725206804,0.027314707395892535,0.027794641870639316,0.014121426548693906,0.02122115305720571,0.043530512092365116,0.2210642143231536,0.09391174789980254
Wa4794774ced410db0002,0.01300536155421129,0.007734754068607124,0.06079660519278512,0.028034966630950887,0.02529618891030178,0.23028973119902485,0.028123004529776945,0.014243286044269558,0.010736827353168455,0.2395633089266023,0.023878612270036268,0.15984427869962564,0.08233445101921301
Wa4794774ced410db0003,0.016676945468089285,0.008171030380993883,0.055386788863707195,0.030199035574017565,0.028904913713990777,0.411897244366196,0.02755013835602292,0.012610434200013468,0.009440181885728939,0.010827860725633682,0.019996405478605695,0.19652243226643487,0.09533836151751598
Wa4794774ced410db0004,0.015086179422177942,0.009425242582223254,0.06290901901561796,0.03554398420058889,0.030771193052351355,0.35302920286092526,0.022815210823065764,0.015604455523491585,0.009591799509255443,0.01206287089714641,0.03496393334029041,0.17247782053982308,0.0779906818931379
Wa4794774ced410db0005,0.017489863277774315,0.010599866485085832,0.059639956717358805,0.033445299029685,0.03267959253265071,0.2942212473187204,0.026016181133818175,0.01812901555668442,0.01082847992880081,0.011853840400255425,0.023600023677284424,0.19244808070829775,0.08782364893549764
Wa4794774ced410db0006,0.019670080858507348,0.010340037933809491,0.09883370799099626,0.03631228213881084,0.03340481233376243,0.17226878231103515,0.028616745425149547,0.013989624589319745,0.00917074638614081,0.011171464822907722,0.021574224483171017,0.20350552841764097,0.09181265967523496
Wa5b0c38fd83642d70000,0.037534432123158046,0.030851148481365755,0.12438277018865172,0.0790055096532816,0.04655336166381584,0.12193754305817438,0.07640730071780052,0.02567396042575755,0.05192519512826234,0.03980944943970647,0.09039613311858781,0.025041846418986206,0.05632057965776032
Wa5b0c38fd83642d70001,0.036584056609903444,0.031694777491375815,0.12419407454216405,0.0746133937205847,0.052464081204932275,0.07526557279551649,0.0795920772239158,0.031765639427641074,0.07135647609227302,0.062362884985614056,0.09422906110910338,0.030488640530134288,0.051783535440388787
Wa5b0c38fd83642d70002,0.03573615563199384,0.029545908895530062,0.15134524682077855,0.07443013745748457,0.0462820844475019,0.11689920777853255,0.09567355183995893,0.028751127715950644,0.04966947032584423,0.02742629680006755,0.07162765143233556,0.027318942993346054,0.05055716604439087
Wa5b0c38fd83642d70003,0.03518766455714713,0.027517770193930903,0.12347063617177548,0.06652948027075375,0.050011808106190075,0.10159340239242998,0.09053778144401203,0.039005173211644706,0.05036046586794229,0.04100942245065018,0.09956250441119979,0.026967046283475255,0.05901846438428676
Wa5b0c38fd83642d70004,0.03714609712173384,0.02916293051976863,0.1381777278381089,0.06939924353275959,0.05557647592815393,0.09087326982779678,0.10051839520832262,0.03859477948834835,0.04993207408818745,0.031706402043268855,0.08507330241937922,0.028808617791140773,0.056275201749904274
Wa5b0c38fd83642d70005,0.03577234864245965,0.02785582619418436,0.19178032642165352,0.07327912861235886,0.053129383963920696,0.0922613509227981,0.09390439474848067,0.029391994116285552,0.042532037060900404,0.02801656903077656,0.07160015535384946,0.0242461197473452,0.05251345487586094
Wa5b0c38fd83642d70006,0.03375844603386892,0.02425723993113675,0.19519669155156458,0.06806220371904001,0.04590090030197539,0.0828479735864513,0.09488630479137494,0.022974750627893028,0.03860154382526067,0.02757382436473298,0.0747145108959134,0.019052915795665763,0.04918170238743162
Wa61f059ad132aba60000,0.0033786471271536164,0.0012911958694340811,0.038858764733630015,0.0166123828627173,0.007448857290257444,0.7939529962389329,0.019781164519654178,0.0035430149707481487,0.005278055950819127,0.011032371028258074,0.007752410177007705,0.07195557135933983,0.007204257346918781
Wa61f059ad132aba60001,0.004343969921979755,0.0018494472393114237,0.04680922098333965,0.015021298036923605,0.008593693812887993,0.796042056657917,0.01989319400099343,0.0026512621606914746,0.003604814963371967,0.0035660525101598056,0.005625884561619198,0.07378685221054221,0.006014731679914187
Wa61f059ad132aba60002,0.004212282699720127,0.001167729836577498,0.04471104290053689,0.012586857208777821,0.007888611034234206,0.8020421573201102,0.018851257461259534,0.00199989736178868,0.00280115043450187,0.003404405636819776,0.003951644944006936,0.08099099734769111,0.00691096176802915
Wa61f059ad132aba60003,0.0060902658396861644,0.002596593386335943,0.04563591464700334,0.017847916384976282,0.010254237512390763,0.7625330202221098,0.020165873891396475,0.0026164384781059316,0.0035635201419961086,0.004027786361133747,0.008507374631858388,0.09806784891253113,0.00817548896775753
Wa61f059ad132aba60004,0.005481313147041022,0.0019037245887708473,0.05623991024351907,0.014262507599619587,0.009918497254971476,0.7791581242137874,0.02004431201366308,0.00196923316237821,0.005159953352867556,0.005313687659628155,0.00939737494660447,0.07090183520381117,0.008059596836638348
Wa61f059ad132aba60005,0.00548787425366689,0.002644706782547016,0.05660178464963755,0.015106230807605904,0.008657118926898704,0.7768250722270791,0.024589880149899632,0.002399730448275329,0.0036238763595264315,0.003676411370960539,0.00886449655302674,0.0729219106640406,0.007286702658511415
Wa61f059ad132aba60006,0.004975566131993638,0.0035239820297347972,0.03401874236872426,0.02326678553808573,0.009601063549968451,0.7466404388771462,0.028860543773704308,0.0030196761432254794,0.005802782262951849,0.007524283414535469,0.01134280242408698,0.10254883526866057,0.008117921729424372
Wa857080b36e8cb110000,0.0016452201307955716,0.0005000233395569092,0.008510640854776793,0.0040501468881033835,0.00516309767105885,0.11518194176784805,0.0069402176830021855,0.0013035845402580462,0.00042467646991912095,0.0009723645315421415,0.0014150540437412634,0.8345223877034338,0.015254145011903216
Wa857080b36e8cb110001,0.0008215688397226445,0.0006874617232173092,0.0108829786293268,0.004941735969066238,0.007793982366590451,0.15659676109919346,0.005477968845719702,0.0013647387410200848,0.0008081225961793842,0.0018601206657232233,0.0013589715213262147,0.7883367743502084,0.013985658947933835
Wa857080b36e8cb110002,0.0008627901531005842,0.0006941247338649498,0.010223604046167538,0.007862707218196907,0.007186614230254337,0.15767696849008586,0.010835974450059415,0.0011217460627407688,0.0008151577830097995,0.0021579156720773975,0.0011924383840074214,0.7801673066838355,0.014624721823394882
Wa857080b36e8cb110003,0.0005318207183307685,0.0003398867462648487,0.008799779374181405,0.006871802406262429,0.007443812412297513,0.16736241780335334,0.014912760428295665,0.000367108992776098,0.0006302378803876304,0.0012685036939466738,0.0007798489713223534,0.7699176048013114,0.016780555147008713
Wa857080b36e8cb110004,0.0017177549080023798,0.0003878455022137986,0.014454544316306824,0.007930300201264194,0.009907210716026427,0.19143762806952938,0.012167466972795997,0.0011924966537879963,0.000800253489265499,0.0019835523231945622,0.0012168832674832495,0.7391488263561651,0.012749256708483356
Wa857080b36e8cb110005,0.001712400314233654,0.0003381751964877418,0.011510179505658462,0.006018791360734178,0.006837330918509242,0.14692094160038793,0.007885279688863232,0.0007876172218871133,0.0005705087974871748,0.0020648724610446436,0.0012216063186734315,0.7976696583181926,0.012319055018550684
Wa857080b36e8cb110006,0.000696726078246683,0.0007420147433782381,0.0082422354686277,0.005489514688377417,0.007315664067213694,0.16262889317444945,0.008148213413076862,0.0007549072991782616,0.0007401214742444944,0.0017141538313499318,0.0012585389585796994,0.7869984839141387,0.011795094631962556
Wa90143ff735b972b0000,0.008852594384587933,0.00757696623696444,0.011564172463878829,0.011282699020790219,0.21192060075829025,0.006223609527796205,0.017048753400582477,0.12133255104461158,0.12005094757549689,0.015846767630045906,0.22343444347149724,0.01412427518222368,0.024432781120739027
Wa90143ff735b972b0001,0.008677587252622826,0.006184535811458106,0.01320881308223542,0.011586936055492795,0.2070944828365147,0.007243402470438127,0.01861929941935556,0.09991652277382794,0.12095359597541194,0.016129132163566776,0.21369307363562282,0.014227250956184583,0.027462699531906214
Wa90143ff735b972b0002,0.010185248502177674,0.009570250776982387,0.012695593216058069,0.013990991792247274,0.031601830510532884,0.007091898161026802,0.011081607626932497,0.11486608982000919,0.25906628618249467,0.017233386283307738,0.25226735811774037,0.017493761868524027,0.03087394623082087
Wa90143ff735b972b0003,0.008117907881989945,0.008401241368984265,0.010174016151337173,0.010470653969310163,0.028581064734325222,0.00647036448503629,0.00922439660525636,0.1139679386343722,0.12603613226074875,0.015792579410081786,0.2923062856133808,0.016160990017289663,0.031520411601723065
Wa90143ff735b972b0004,0.009768811021544867,0.011103171369569537,0.013987912903601178,0.01399036069709973,0.03752490344799523,0.007454886149774273,0.015472021395082311,0.10630807735177893,0.14783159594968795,0.020158091854704137,0.30053943930838667,0.019344355878620142,0.03776430423486293
Wa90143ff735b972b0005,0.009554844000945988,0.00980189941880347,0.011923632179477969,0.01141575271847391,0.035433144182167274,0.0064485680874631045,0.013652331258419186,0.11627617456214738,0.1382007385888603,0.02990872412376724,0.29403785451707487,0.01744635638380078,0.04437371906298393
Wa90143ff735b972b0006,0.010610748556899398,0.01081031122539904,0.015348596692961907,0.012365061592519398,0.04056388464290682,0.006648118022744954,0.010973083063239502,0.12091227912560713,0.14110812855510585,0.01997973037839502,0.28726544608001703,0.01720420390704186,0.03134425734681171
Wa93c026225e11f340000,0.928995274837344,0.04558800388146856,0.0017410509053650514,0.0019387212589523559,0.0013243211295225804,0.004684974298986525,0.002786527236747611,0.0005073484890927492,0.0001782811337736002,0.0009747292334373076,0.0019881891022186775,0.002778837745998673,0.002672198228779946
Wa93c026225e11f340001,0.936003682841585,0.0025397274271913616,0.006572028677253171,0.0048826081089202045,0.003543448317730619,0.015956147158460537,0.005524889982049754,0.0017224094527942436,0.0007091736023600271,0.0038932828062093333,0.002555198368394438,0.007709430939760817,0.0029852269725970746
Wa93c026225e11f340002,0.9083725765737646,0.05185581466496287,0.0043553763623094864,0.004010826336925863,0.003085881580535638,0.006981046655893433,0.002920338429054732,0.0012235635180208825,0.0005868709887080938,0.002253712045014554,0.00100833914935668,0.004607746093556541,0.0034387955637000226
Wa93c026225e11f340003,0.9738944297514158,0.003490894596216172,0.003082795939299307,0.001268551565455642,0.0013961382978607945,0.0021494329668436726,0.0019287573400233464,0.0006118783430887827,0.00019876313835718188,0.0018635855622948995,0.0015124010000887565,0.0014927168789579683,0.0022739129075660513
Wa93c026225e11f340004,0.9163121958483536,0.047484574571552376,0.00470938856038552,0.0026782817195627052,0.001439028341929867,0.008128431727680149,0.0034553205872293255,0.00037734939603220076,0.0002114495727985951,0.002496799518761135,0.001589330299921988,0.005073298507080157,0.0026252236793703793
Wa93c026225e11f340005,0.947820370349562,0.0024665881835042344,0.00596737440103306,0.0039695737558876594,0.003505037065218182,0.010574865880646557,0.0050582091497693325,0.0016577706269629868,0.0006490275679163799,0.002563393537413259,0.001839559567874526,0.004436099124380417,0.0037583600239110217
Wa93c026225e11f340006,0.8979119729844423,0.055729995754825255,0.00453408183853813,0.003713809185854293,0.003435092261973846,0.00822029148900885,0.0038061434515821563,0.0012637079475926645,0.00042807111483766,0.003968491819879987,0.0011101334884253428,0.006628626511123092,0.004016783272266457
Wa948226053bdb8340000,0.007041169150978785,0.00567090356513586,0.5134734859347634,0.09047691749313219,0.05958908710594147,0.035359708432495356,0.018754941221787984,0.0947194439237558,0.00577152946917567,0.016218264618714635,0.021484210402452422,0.005877864317268245,0.026487471790340396
Wa948226053bdb8340001,0.00808157255429797,0.004867462717929054,0.5269730061559192,0.09410782149206914,0.05682389500578257,0.027666944779529443,0.019507174730973374,0.09140161349983637,0.005451221734685167,0.01649999253501811,0.022005911900484232,0.0051565137374220615,0.01929766793200273
Wa948226053bdb8340002,0.006090321041958632,0.0033253797040023745,0.5702254057595751,0.08781942391448,0.05814526572049598,0.02553831164491501,0.020339748648931504,0.07625907364746756,0.004862840525990143,0.016940106272558566,0.018285318832154823,0.00447943580987089,0.018852791013368272
Wa948226053bdb8340003,0.006816051648633535,0.00513138488550225,0.5081271043579924,0.09033888837278232,0.06589744696002782,0.02493038519362558,0.018115667565154255,0.11316338878011072,0.006020593297348086,0.019912466401695774,0.02034500401444928,0.004806734551408783,0.019874831613407074
Wa948226053bdb8340004,0.007934776290799294,0.0062634305602008306,0.43433478869920195,0.09484910478413719,0.08346064385537595,0.027020462943655902,0.022188713232994896,0.15290807234864007,0.0063593040665111174,0.018974879697263053,0.021303481589852884,0.0055073948417111804,0.018325539767039767
Wa948226053bdb8340005,0.006949677024706864,0.004892955396468774,0.5286919749324889,0.09612058570153163,0.05862174089625429,0.02991547836653029,0.020500155077974983,0.09961497957635718,0.0056271131991314565,0.01823749475021599,0.021292385125922086,0.004991642923835384,0.019781331976403242
Wa948226053bdb8340006,0.008876692555523655,0.0066183985329908495,0.47218553318476486,0.10692691009955815,0.05882842332650149,0.028618020501836233,0.0206534089844856,0.12202648986621038,0.007054360969084601,0.021365945648072975,0.021882359350808876,0.00548118151961174,0.02019149425622934
Wa9b31ae7cf2469740000,0.00285569043914659,9.972943704594439e-05,0.002524071415268362,0.0005921385077191937,0.0008234822837352323,0.024384641823490778,0.003417668983300704,0.00025969251389384274,0.000454413556291364,0.0008069963805791729,0.0008320496540262585,0.957619093804923,0.00443161172525299
Wa9b31ae7cf2469740001,0.0013511620619007516,8.879066468332891e-05,0.002850022881167282,0.0007118308266744106,0.0006612089089467651,0.019966891633678135,0.006078106375556611,0.0001515940596123135,6.366689920642251e-05,0.0007939435941852475,0.0002707546142235195,0.9622733977147839,0.003822087666278915
Wa9b31ae7cf2469740002,0.0033551457280506765,0.0001084657057763387,0.0032666817189532173,0.0014354108061898111,0.0006581825795738986,0.021728151246913373,0.0051919273638677986,0.00018199040259433153,7.649968030330607e-05,0.00043041388771632237,0.0003369933355814564,0.9572564821259621,0.00541363040095799
Wa9b31ae7cf2469740003,0.0010931926307208436,9.257219148467201e-05,0.0061860671829654075,0.002430207911140018,0.0029330257051197557,0.02570638894585326,0.006523670566476197,0.00044569993848149236,0.00026302006683680675,0.0006162244617140356,0.0007594212223202777,0.948765473876499,0.0035530187913399183
Wa9b31ae7cf2469740004,0.0012514867124423126,0.00010161386925437298,0.0019486614637799816,0.00017008910239994402,0.0001988716909507821,0.026345313168285298,0.0051631743008952475,6.544548349657894e-05,6.494032441665429e-05,0.001087887578214394,0.0007637456263444128,0.9583779569407512,0.0030974073462017053
Wa9b31ae7cf2469740005,0.0021600722827330343,0.00012087481682983043,0.003427694445760371,0.0005694060932322107,0.00022001608732943753,0.024705924708202917,0.004760884261081876,0.00010921211533603224,7.317170918796559e-05,0.001000267845691816,0.0007284340798918897,0.9569678609907989,0.0035890382495737468
Wa9b31ae7cf2469740006,0.0005435161067919187,9.121365083276903e-05,0.003283655922845376,0.0014022925243173283,0.0010046533165837717,0.020406375944518274,0.0057748526218117276,8.752168407868552e-05,0.0002686351771939793,0.0008074413125469007,0.0003604320923266907,0.9610940086900798,0.00428698699316002
Wabb35a3a44185f260000,0.0010011187572861332,0.00024032964880254683,0.0063099313798720144,0.0009571305951201074,0.0015614716630260185,0.02558595636200426,0.0017983905271803807,0.00020908761303978734,0.00015665230665040946,0.0005810556921189992,0.00015987264782211982,0.9517497886204926,0.009459788125841964
Wabb35a3a44185f260001,0.0009722381474951773,0.0002364754612588382,0.006012199022489551,0.0007364428939344828,0.0018359373869183207,0.02955161560339183,0.0016427806477554367,0.0003536154471489588,0.00016034534527330235,0.00040003595117975104,0.0001523559112010121,0.9487873080163196,0.008907905492243408
Wabb35a3a44185f260002,0.0010143666086639038,0.00021218594412755529,0.005886656108344177,0.0010268603519997227,0.0014094206335925124,0.02556608257707016,0.0012603082975382906,0.0005075143605128852,0.00013801100267861878,0.0005479701614947441,0.00010557365389646523,0.9517877098499652,0.01031699647949494
Wabb35a3a44185f260003,0.0009010000981208606,0.00021220929170299646,0.005504252458800338,0.0006708770155272596,0.0017338638230359237,0.025677737956598348,0.0013364137866339293,0.0003171516755496791,0.0001519620634231299,0.0003644629991939756,0.0001231026071989825,0.9539365960302562,0.008889466679643777
Wabb35a3a44185f260004,0.0011099783326560888,0.00023469443513004178,0.006762614472372716,0.0007328893379468169,0.0017136137201781856,0.026010041368137286,0.0014112633693074005,0.0003916117937267117,0.00016205462391755086,0.00037734947218600153,0.0001385504876693933,0.9514720181988854,0.009311027077783515
Wabb35a3a44185f260005,0.0009502453560916272,0.00022564894002249025,0.006823389250953816,0.000791876309032751,0.001056869926555569,0.026541318729225712,0.0015013987254891127,0.00024196732318214107,0.00013699015931464993,0.0003499190333617389,0.00012612738061602242,0.9516689502401235,0.009348231845097341
Wabb35a3a44185f260006,0.0005860381360952153,0.006793697405936693,0.0061395626311750275,0.001114900502063988,0.0014305278978868274,0.029265351696523365,0.0013607201077423534,0.00021521171981761563,0.00014326342989774013,0.0038136069798378456,0.00013913520178410532,0.937388002420784,0.011440931538428671
Wac33d09a667cb3570000,0.0019757857390197806,0.0005447708496328858,0.007562689224529893,0.01276311193782696,0.006108525299668631,0.004873029346881945,0.0012651027322070085,0.8906989593188642,0.002805951237409853,0.008062844088080888,0.011622997256067108,0.0017210606884143149,0.004992727366974259
Wac33d09a667cb3570001,0.0019417304789984247,0.00030010898850934,0.004273209042827522,0.00626030902914749,0.0032344092278088488,0.002912596296290964,0.0008387853471303299,0.9378939275590829,0.0018169573139286568,0.005352862221151125,0.00727401250421791,0.0010812724791171508,0.001616574676264269
Wac33d09a667cb3570002,0.002083399501688126,0.0005883061405886922,0.0072947266090324335,0.013908698282214162,0.006934350422978353,0.004531909038045895,0.0013974655515179056,0.8932744830680037,0.0026317709980593993,0.008484650574037826,0.010404275743017728,0.001425892765815467,0.005338280866875392
Wac33d09a667cb3570003,0.001933316284679682,0.0005791407006536679,0.007991700212780598,0.012469110922748142,0.007127667692574522,0.00458543207950017,0.0013519146237933003,0.8917274341592766,0.0033562018816140596,0.012456958815567179,0.010458202373984227,0.001442828522739002,0.00394658648243813
Wac33d09a667cb3570004,0.0018754070686190216,0.0005517033797937755,0.00544727148273421,0.010364735999994617,0.006394600452880899,0.004593048736651753,0.001999018804393767,0.8964515174518551,0.0031117502241621606,0.010691709293205261,0.01014041328233693,0.001833203687933416,0.004347693006588473
Wac33d09a667cb3570005,0.002069358851336255,0.000551222543028953,0.008803928337527798,0.013457357134534139,0.005873634047384422,0.004290932949435375,0.0013436031948146697,0.8956478278712015,0.0023225774390710284,0.006614183784918401,0.010782832150395301,0.0013818127244049233,0.005155100694804231
Wac33d09a667cb3570006,0.0021490802946339633,0.0005548283486532819,0.008768485639239577,0.01315652193505171,0.0065987261032559134,0.0050566056760616256,0.001499526817928071,0.8817020151150832,0.0030290324512922302,0.008984848993869098,0.010908892163640133,0.0017738719041560354,0.005100855502715282
Wadaf8416360a220c0000,0.0008481417029152306,0.00014347490496877403,0.0018545908027962628,0.0006500405620445779,0.00027618556051355227,0.026846720854836803,0.0023976403005671106,0.00021339352976691944,9.339786198480253e-05,0.0015681932379360143,0.0004247196918527813,0.9574673250700461,0.005406964945461945
Wadaf8416360a220c0001,0.0008479885809780084,0.00019766731470599342,0.0027238586181230953,0.0007122312244715836,0.0012027510375435288,0.03052998099092597,0.002225676164540132,0.0003109811177304036,0.00012301587584168092,0.0013624701366526863,0.0004575789150349802,0.9466035635593353,0.010883491362413556
Wadaf8416360a220c0002,0.0009128087394529088,0.00018622363400143285,0.002697558275360648,0.0006814566788759339,0.0004489430324989497,0.0331864618723969,0.0036609515333507403,0.00040854102180653136,0.00011816964327666068,0.0015510018177901004,0.00047159573880826327,0.9425050975679324,0.01168693438460681
Wadaf8416360a220c0003,0.004786090028736709,0.001691627396106037,0.0035008831051766285,0.00028512476699769245,0.00040981496939870003,0.03641649105236992,0.0042502583364669826,0.0006592103702218945,0.00011092322538770312,0.0015468467156788796,0.0001341732968076667,0.9367999455946165,0.007540333093818098
Wadaf8416360a220c0004,0.002719520552660505,0.00019434904670478833,0.0033411714804229982,0.0002338726441343306,0.0008050713796633781,0.027152939098663075,0.002857395296158932,0.00023652771404976945,0.00010491558361598848,0.001339117745396175,0.0001344712987336535,0.9492611847937621,0.010451636505896273
Wadaf8416360a220c0005,0.0031395959724008927,0.0013228200039950811,0.0022753824594119597,0.0006928094928604247,0.0006143254509723854,0.03004434900035839,0.005623353058425754,0.00029869591620190257,0.00012051374926538215,0.0013602082228939326,0.0002886807003477983,0.9416727497339445,0.011035582614151338
Wadaf8416360a220c0006,0.002044977584465689,0.0001741789261666533,0.002743864059695172,0.00026580221654722377,0.0007031209085240271,0.026805174065254404,0.0032847336951234395,0.0003230456380400207,0.00010129932066102068,0.0010679534249584523,0.0004925657650337335,0.9542210421057887,0.006672505401580061
Waf4284369bd947370000,0.16545099969939248,0.019170037108799286,0.1089704915820445,0.07381943001837189,0.07576073551168074,0.17363574412642258,0.03633164648494392,0.019651848356329146,0.017430432411380547,0.05000510868053623,0.053355003237936266,0.01455053305533214,0.07495444995593789
Waf4284369bd947370001,0.17850111003652244,0.02358011615218888,0.1227617781131103,0.07630205759717804,0.05248511657930439,0.22667252725465886,0.03824630284489571,0.01798215108708691,0.017585233293547553,0.02975718021977407,0.04276182227722363,0.018345559530479956,0.056181593116108146
Waf4284369bd947370002,0.15684663885388378,0.01709115279162386,0.09513625487261165,0.07330003749146283,0.057921049520996304,0.30768031979064075,0.03368619803605274,0.015319441862690283,0.013436143787437224,0.025723681623002887,0.040304292941258375,0.012716917108386067,0.05112835721688025
Waf4284369bd947370003,0.10590951151672912,0.014512730522101268,0.10132796925726945,0.06726261906490728,0.055712057233888695,0.29494330643733685,0.03253474818944448,0.016345626828503507,0.011830869027766963,0.03694268899252401,0.039554974361382673,0.011153245292174905,0.056678816960937205
Waf4284369bd947370004,0.1350685656935641,0.014488133481839272,0.09172232920830971,0.06179142389105799,0.0371127632539204,0.2579796985313492,0.02226795381566617,0.01691144287623748,0.011426009030843683,0.028184701908616935,0.04251894139324106,0.00901951578280312,0.06073965292605898
Waf4284369bd947370005,0.10171923521570919,0.01723736726523606,0.31252417114250414,0.07490311464249731,0.053612971286373594,0.06111339844539577,0.04861646386913703,0.023484172573813092,0.017241410104932985,0.027785494929742974,0.04254672837954001,0.012276373735164927,0.055995082999184174
Waf4284369bd947370006,0.17582512968105266,0.02032565321632141,0.13850902244477312,0.08162477937058553,0.06125599497081074,0.12982869097408795,0.0522828797930171,0.02412867169638775,0.018040409891736123,0.033240906541690936,0.04236019413440894,0.013355390117549338,0.07201339152889488
Wafe031a9dde0317b0000,0.006566050994467132,0.9293428739896261,0.0010052264097859668,0.0017643396745536174,0.0005798976559950314,0.0027906892435659793,0.005200884123081819,0.003716256700150413,0.027796407822429897,0.002824542466775174,0.013822560309483839,0.0005640074644320407,0.0017006340316173642
Wafe031a9dde0317b0001,0.006874877394190636,0.9401377826431739,0.001185238614167836,0.0017600425529122935,0.0005276701905473198,0.0022311085244897835,0.0038138791714995048,0.0030401696763112523,0.02425655907065017,0.0022460991462954264,0.010115680959793172,0.00040569702345082364,0.0007131714960958673
Wafe031a9dde0317b0002,0.004961646471811075,0.9443632348850612,0.0010375339705556638,0.001225568252855918,0.0005531383445921497,0.0009723034145614489,0.0031336360658164248,0.003333085088462696,0.023744128954522464,0.0023733901712783218,0.011135606039456625,0.0004706862643503466,0.0008661272253639061
Wafe031a9dde0317b0003,0.005172885759758575,0.9406893628447144,0.0009206863693791427,0.0012430867351021213,0.0006066368139160678,0.0011040250341423073,0.004049239198077522,0.0035896684681107106,0.02436891343520751,0.0024318601198688905,0.012385066024101433,0.0005588200026017016,0.000982648655209776
Wafe031a9dde0317b0004,0.005351145243615303,0.9507738079983642,0.0010891504301347673,0.0012635574173561247,0.00048577573474816447,0.0012019529006272512,0.003519422508990305,0.002370433452029549,0.0206709287999112,0.0022052643627306495,0.007657694680611444,0.00046291363902329404,0.0006902761426515121
Wafe031a9dde0317b0005,0.004675366248711308,0.9547273034088126,0.0006380979255153077,0.0009290760167123982,0.0004741192767377794,0.0012469557187602457,0.004013130521972322,0.0029356985997477515,0.015238683699217461,0.003053903746924562,0.007486513398704378,0.00039098620512588477,0.000987926766926759
Wafe031a9dde0317b0006,0.005589492376003708,0.9582705460168159,0.0007536887708066787,0.001514873054363288,0.000474865217356383,0.001038035039623335,0.004943822994463556,0.003247911447527092,0.009788852490210132,0.003089272367586349,0.0070714435562378095,0.00038030566164146086,0.0010178356084850622
Wb332d3101cf4d1c00000,0.0031524736705819383,0.001815782435856369,0.009417979830555267,0.01649201709415951,0.01264219276000613,0.010533753888790149,0.013479793824359607,0.014671727807266064,0.013010231375090072,0.6732666351199122,0.028320665388050316,0.016635010279442065,0.048892585362040976
Wb332d3101cf4d1c00001,0.002838188958080744,0.001931247776473087,0.008358324283371722,0.01166868973243593,0.010211905655899267,0.009407454254405758,0.009618041683668472,0.012622119643162061,0.010532742937026895,0.6660008011604773,0.026478458341714726,0.01576540057531792,0.04609178870738716
Wb332d3101cf4d1c00002,0.002991552064954363,0.0035229900205932135,0.009262050880475447,0.012043908438848045,0.010947346060354702,0.010715253403603167,0.02576369885412885,0.013052224535586127,0.0102050030119335,0.6642031729935776,0.034933522922051076,0.015152552472121451,0.049323871688555065
Wb332d3101cf4d1c00003,0.0031165837419600516,0.0031817201606245903,0.009921002145667556,0.011667566191044825,0.01142171496596116,0.010776624597140336,0.03032488911676535,0.011280458173161144,0.011819930447964904,0.6844459335773918,0.034122635042173305,0.012497363993278918,0.04549972103021756
Wb332d3101cf4d1c00004,0.002512151490156615,0.001943410415306168,0.007168355029746256,0.011872601735660161,0.010164276325889461,0.009411333794165616,0.012536664426248904,0.011129387141431623,0.010201262888527964,0.689192042393697,0.029988566112734844,0.014388531579787468,0.04680898782290947
Wb332d3101cf4d1c00005,0.0030263948768548747,0.0019935296644458538,0.008561415688779543,0.01382627851126678,0.011822767954183742,0.01043522904303293,0.017110721423369803,0.012414746379126523,0.01187803560726548,0.6756815087365174,0.03302951651994831,0.014652926895410825,0.04653674266364231
Wb332d3101cf4d1c00006,0.002880089594362118,0.0017565894215088723,0.009112494495929832,0.013192938941713531,0.011867762777654672,0.010818125625413233,0.016061130445373696,0.013354560904790634,0.013023975588180758,0.6687389960159509,0.03272528081922165,0.01496142350861844,0.04910443281109953
Wb37ad6ce89974d2f0000,0.010651729790672115,0.006577383720812715,0.02361234629085551,0.022883087969747112,0.009351507415156725,0.022939807965440498,0.014550748516620833,0.011848525218264482,0.0419728660191115,0.023067258849491117,0.6763253258772591,0.005123194189664564,0.02158289954988467
Wb37ad6ce89974d2f0001,0.008553710955500407,0.005717442500528319,0.022684796435414947,0.021305038372003454,0.01128772243737522,0.04236821605935041,0.016802011465309057,0.01374690364521259,0.03999379682994981,0.028709218882067,0.6808269410232137,0.007028433817793374,0.020868895491909394
Wb37ad6ce89974d2f0002,0.009189181152821387,0.0063486819162920215,0.028802396301681802,0.02866643793019679,0.016918472585931443,0.04758790416084097,0.016039835242495762,0.014285385187562623,0.0334212058759745,0.02353049864878996,0.6838473867023349,0.007846313801036382,0.022201509550551904
Wb37ad6ce89974d2f0003,0.006969681843902406,0.0037514307501449523,0.022321663064861837,0.016606699458077148,0.018747387670328814,0.025193249320732837,0.007381613838956312,0.01610627231739733,0.03384965700633042,0.023521876388949908,0.6964151500968307,0.007710237110364126,0.03113857621593291
Wb37ad6ce89974d2f0004,0.010148559889627215,0.005633511206411261,0.024173527795634753,0.022890164966082444,0.020334649265209323,0.03605634656428611,0.014337136623011847,0.016731217172924598,0.04072600543681845,0.02910224444261178,0.6473536712812598,0.0072435490160006185,0.030039244369660472
Wb37ad6ce89974d2f0005,0.015636726476980483,0.008963035856698233,0.030286815224011356,0.027428221079841976,0.012740767580131769,0.05173962544655891,0.020066931965968714,0.016307259454329252,0.035447648069274515,0.03032613986382191,0.6297235407056863,0.008872615160269383,0.02908175677173946
Wb37ad6ce89974d2f0006,0.012417452485422977,0.005485251121924111,0.021091051637160345,0.020761326646614155,0.01462185885947932,0.0363007350538162,0.01316015093781995,0.01812415866568127,0.04101683029379626,0.03023031704641986,0.6696477697172307,0.006724714007518131,0.03150735998308096
Wb704079f55322cf10000,0.1473792521696757,0.006652592758934957,0.01893257892654545,0.028589299793863297,0.024625480615502293,0.03845491122823076,0.0074833204372623105,0.07034549148815523,0.05809544581305955,0.3397368027734318,0.16048183702727142,0.008465858299624512,0.017566967463384646
Wb704079f55322cf10001,0.14362422640486824,0.006081478062924058,0.01625152820190229,0.03547673606925409,0.10847475779332848,0.0285869511782869,0.007137235314204588,0.06236463017945713,0.05106482375350499,0.30488824447893703,0.1461872811551992,0.007410022380375862,0.011979978993967553
Wb704079f55322cf10002,0.12862589524999893,0.005861245372706613,0.01436136316879845,0.025242866334105524,0.12486027351401977,0.028631635995438578,0.006620937333409674,0.07349739656130293,0.055928346332192735,0.30744138316318403,0.1412742285645721,0.006639969757154578,0.015243392415196148
Wb704079f55322cf10003,0.14567558055212237,0.006429967578660697,0.01865614183868245,0.03169457510393295,0.13081347778075178,0.029072299449124917,0.007155110300104606,0.05405324675064994,0.04779210187126976,0.2714765454786794,0.16433129538935873,0.007083915546914678,0.015160347206044764
Wb704079f55322cf10004,0.16056401213182878,0.006161811181604539,0.017468140267096543,0.029194902470009537,0.022204028696008297,0.029779582933542013,0.007038971778531525,0.07582133607297067,0.056021273467662655,0.33804524750295467,0.15189969377133775,0.0069834371462282755,0.014794090445018036
Wb704079f55322cf10005,0.16505100791678992,0.006350803603134743,0.020062565858568925,0.031221484996533003,0.022409777400631763,0.031203388998311533,0.007689748774809293,0.0847157583850729,0.058253671435110316,0.33164652419411805,0.13796437629854225,0.007826409637975547,0.014176302582181175
Wb704079f55322cf10006,0.14999216759185283,0.007013057069745904,0.02148570401553102,0.03217510154122036,0.024168427679701402,0.03212632277364851,0.008172547404562535,0.05883770730711166,0.054982675752892715,0.3539008649580656,0.16262594374674047,0.007761806368630897,0.015972459100000946
Wb7130727df9f1e840000,0.013731712090189892,0.004790056037055885,0.016537181389515508,0.01723870148634831,0.01419852556904626,0.009471077132200438,0.11758826224356735,0.010290779775147313,0.01815742878910487,0.017210701887905317,0.04301835362450235,0.004237542449301918,0.16908022727930258
Wb7130727df9f1e840001,0.014152452069160994,0.0035603699240901745,0.01954002882422662,0.01584930630119757,0.017039642960580904,0.009056216865136888,0.0211935028025384,0.006952055987333798,0.01644654712953781,0.014049298268199296,0.04239662251242982,0.005044229932174099,0.22740786643397376
Wb7130727df9f1e840002,0.01726498775202928,0.005667254845091471,0.019076780506052927,0.014900612927367194,0.02271725907460337,0.008254598304599637,0.05647702155097827,0.008087379626451561,0.01592199073721898,0.014265018189891605,0.04172004616678726,0.0052872170412078335,0.2537735679138327
Wb7130727df9f1e840003,0.010254352617038606,0.0034450616976293307,0.01767002388648621,0.014984560426000543,0.018954294034244184,0.007171357987995673,0.055820872873412745,0.007180535361563051,0.01715079722327008,0.015278096082186995,0.04380598750941527,0.004876867006241847,0.2241441203557928
Wb7130727df9f1e840004,0.013001679206462741,0.003421422924499997,0.01793722440705736,0.017849366069212027,0.015288117360419753,0.008951053140764923,0.06838752598758267,0.007045479997469154,0.01719365224991594,0.01318621756018597,0.04171755517027418,0.004627410106066998,0.20749226411252022
Wb7130727df9f1e840005,0.012062411315835679,0.005306746701321352,0.016563117588311093,0.015718142488602923,0.01825214763570815,0.009120981089125572,0.08332984478314279,0.00682178115641915,0.016228893289454278,0.009595024438951069,0.04005075866506009,0.004240875393818418,0.17387651712594623
Wb7130727df9f1e840006,0.012892888526013883,0.00476878999677815,0.014924370476412518,0.014719653837268865,0.03405223040172418,0.008836093465485837,0.04038537192996096,0.01010189785808693,0.015701590754424403,0.011096907959175239,0.04058292369478521,0.004379282789475955,0.24457045658281135
Wb744190a6f40adfd0000,0.019648920116012252,0.01246682938471241,0.13553569879082314,0.1852516087740702,0.03915645364179733,0.021726369255553477,0.03119844405252561,0.029919024556490856,0.036613791575814604,0.06411075303256195,0.035889469339851474,0.01566454530517083,0.13182446475862045
Wb744190a6f40adfd0001,0.02031253607087436,0.011464023394534548,0.1780740922706982,0.11633215187651347,0.04489878767540813,0.025485074671644712,0.029464051409244314,0.02973612389821963,0.025376440929060825,0.024619404059336682,0.032137640800369356,0.013195699878901195,0.17914017883558384
Wb744190a6f40adfd0002,0.023150372990608823,0.011749955426388051,0.23982783253966378,0.11550844520068822,0.04784584915826246,0.026683720489858447,0.02951039102584071,0.022331542751500132,0.02211613721928283,0.027649910958941915,0.029121674725657045,0.012881805583597226,0.13837355763865442
Wb744190a6f40adfd0003,0.03751965043662943,0.011618824989778018,0.25394087792932296,0.09292283860388607,0.03727011160524229,0.026078320789275165,0.02698631855324115,0.02444362365157157,0.027205856962231764,0.025372567368001284,0.03241393880550312,0.012454570966846209,0.13373793288067928
Wb744190a6f40adfd0004,0.02211200059164815,0.009855730521457242,0.27359206738488934,0.09892748203752694,0.04548149447395029,0.025673263387323356,0.029870108344970944,0.02539827025967385,0.025015282177844336,0.02395744957932772,0.03403782810938579,0.010478418757256894,0.13900754394649256
Wb744190a6f40adfd0005,0.023960878064075628,0.012358505070972742,0.2171012297177336,0.10914136713877694,0.04470118447111733,0.028234338462273037,0.0268067431050232,0.030885299886663456,0.029371614853630202,0.028074649064185248,0.03513508017883847,0.012771089831500347,0.1439560454359194
Wb744190a6f40adfd0006,0.029221047496607148,0.01272581264711815,0.24390928199976686,0.08803537254174826,0.039720361334308125,0.027970456344350185,0.026454866157270468,0.02910017131842536,0.02857450631564866,0.030001700559723073,0.035825091017880534,0.013646553905130206,0.13059963498170282
Wb778ed4071abe0380000,0.009112448905612762,0.002396122851920983,0.009134638703231484,0.008770918932122488,0.010169916853371912,0.004654038512059632,0.009716321367272556,0.022721216534624545,0.01955089751497316,0.023213616326092108,0.055297849221440314,0.005274686715295287,0.02903833282335406
Wb778ed4071abe0380001,0.013295556766736672,0.003426693153591148,0.010730776998901155,0.010481783350118167,0.011282877846848997,0.007221487078948681,0.012531308864251325,0.028526718881741096,0.020544784792909044,0.01498268461997906,0.06399207377952,0.005546783953780527,0.03557509452224717
Wb778ed4071abe0380002,0.00878820063154309,0.003103838319705825,0.010273296325912997,0.010477661424955464,0.013486708176803123,0.004362080577488874,0.01320515304279213,0.02596776396287366,0.01906375337324903,0.01471467523822855,0.062099363929760405,0.006362832910314401,0.03403325894704644
Wb778ed4071abe0380003,0.011645420809806184,0.002661077987919078,0.011163155904632852,0.011080226929601535,0.009676348172970885,0.005769816797613677,0.0157058648849063,0.020595138864313477,0.01959533347581266,0.018753762352637458,0.057595717678435285,0.005313591844665889,0.03344023335455756
Wb778ed4071abe0380004,0.009899422871614263,0.0027402795477550392,0.01074605080883226,0.010493715739769005,0.010400304728376652,0.004973191138425363,0.015527909179511632,0.023578045865827183,0.01996875510956487,0.015109038031225139,0.07821884407772375,0.007172598526963902,0.03360059487879514
Wb778ed4071abe0380005,0.008435410600628754,0.002711652381355531,0.010508760648450575,0.009078343610478717,0.012648426317212325,0.003934443745975172,0.010981556223069166,0.02137275298846313,0.018883100366295983,0.020547288358254794,0.051176724069466446,0.005342005495876193,0.031173866507016586
Wb778ed4071abe0380006,0.010275865674835395,0.0027728681267941476,0.008945433617114461,0.011095853349240783,0.01213725197301071,0.004756968410053077,0.01028312626301189,0.02604761706799923,0.019426454188480716,0.015535271453843312,0.07794372798959463,0.007300837697869411,0.03151045562824197
Wbb8c4883dd3019a00000,0.020674708743534817,0.003907369966733156,0.6343230892198062,0.06434381164800075,0.026872095750306635,0.02702053727292322,0.026486593687543275,0.03875648049208373,0.007768363642315847,0.008234879925236839,0.017259351582348845,0.010602841292922266,0.030799238296531157
Wbb8c4883dd3019a00001,0.01817992869576441,0.0034283520371911364,0.6052049574010269,0.05437344366944922,0.026483989688286663,0.02799593538925692,0.029774672393737895,0.06346815147108723,0.007453099705916855,0.01043352469195306,0.01471340234742417,0.007775435608932617,0.037701710647658974
Wbb8c4883dd3019a00002,0.020289074519118714,0.004047191919899675,0.6030162050797261,0.053112516314143536,0.02983177902184537,0.029323324415377428,0.02946958304326978,0.06540716499610058,0.008113097520544474,0.011449039610551642,0.015611212690878819,0.00956776624545204,0.035520035091402245
Wbb8c4883dd3019a00003,0.020275316966018975,0.0031745887993342757,0.6394055184523575,0.05454739911503978,0.026481557450851078,0.025821844176466012,0.029401872974181256,0.04150777346651077,0.007151777534282325,0.01226596070150637,0.01346443359349523,0.008452419916341287,0.03469487140827142
Wbb8c4883dd3019a00004,0.020498190812791545,0.004020071515330661,0.6314211488275325,0.05208133495545737,0.030971821127749093,0.027106216699795724,0.025886917582609657,0.044887897043752456,0.007108782634129556,0.011751005919682663,0.01370538552616491,0.007704981840969334,0.03649380052172205
Wbb8c4883dd3019a00005,0.020427246227246294,0.00410332251833312,0.6212090471847543,0.056220052227964314,0.027754439027612876,0.02574398133326879,0.025694716502731873,0.05232474128116383,0.006821269985430818,0.010792682339413405,0.014107127874115095,0.00798063014779248,0.036595892779938306
Wbb8c4883dd3019a00006,0.024102760787500628,0.01302066617183763,0.6086106323981557,0.049167443199579774,0.0314785633288301,0.03025501400033003,0.023606722364340013,0.05683763133590647,0.008173996071187826,0.014467466213867837,0.012084056316341648,0.008020842491515502,0.03793351595694764
Wbc1297dd69eb83c70000,0.0033854434313713897,0.0162228568504954,0.02119977134928331,0.01920794243319726,0.023046915788877482,0.033657619681790096,0.7973055076235316,0.004229512430170146,0.0029257396397478885,0.0035594821607767236,0.02164277405799833,0.010916542235033076,0.01911072101625161
Wbc1297dd69eb83c70001,0.005471481364740396,0.019400914546990493,0.026347537232593216,0.025071931338216585,0.02427140515239329,0.08864684858985375,0.7224738683244837,0.004905143325784767,0.0037300784368111367,0.0042153976029934434,0.012965425769233133,0.012580449249062759,0.02309342159433276
Wbc1297dd69eb83c70002,0.004443861134511199,0.02107014598331095,0.02621966899283059,0.02344554312601288,0.02621413114592896,0.03836454628664265,0.7540419880820917,0.005783219213056266,0.003987665310517471,0.005389758646325686,0.030121081174465793,0.012536764524014306,0.022514591241515475
Wbc1297dd69eb83c70003,0.003736036697843395,0.015978596846181248,0.025451928884483013,0.01930294243037364,0.0258048291247526,0.030627987092633945,0.7980341404053841,0.005252952937172123,0.0021370781840222633,0.0033142794685736866,0.018760868913050375,0.01042974279947468,0.01666279271792282
Wbc1297dd69eb83c70004,0.003197362279782353,0.013986927539364726,0.025358288719698745,0.01615410839361735,0.026014125774942963,0.029585733167854893,0.8114652107336562,0.004014227945484011,0.001558282623718956,0.003296202119954729,0.012797805385394876,0.01158513986959364,0.01643050349443705
Wbc1297dd69eb83c70005,0.003663105173366232,0.016320991436496315,0.024928859134169555,0.017218717483647665,0.026025503040642564,0.028290585248851505,0.8094587013864124,0.004150770392397415,0.0022416586318507545,0.0032860853091548994,0.011992432524267063,0.011254779545131464,0.01706149428451573
Wbc1297dd69eb83c70006,0.003760334237017882,0.01887818737324804,0.020867766834165264,0.017156199440126446,0.02121439064904624,0.039780854988115615,0.7879045026312067,0.004738356098176833,0.00397161945575284,0.004913765641381801,0.012331887964126596,0.015561208698884173,0.023679318213709322
Wbc29bbe3ceddcefb0000,0.0032150306125136746,0.00453501736763795,0.025976377188878973,0.03234442312063003,0.010029303724347875,0.006833385092361008,0.009294169675928358,0.17388823912423823,0.27343392462319865,0.03002264763744954,0.3281870148975151,0.005044062065354183,0.0660736289088911
Wbc29bbe3ceddcefb0001,0.0031724983183408044,0.010647710279082559,0.025645680060473932,0.012146279170844657,0.007739871619283409,0.005197030652485617,0.011509137276511124,0.1327846007539653,0.3187019802376849,0.034650848827763384,0.31897655521943835,0.004773259346650073,0.08548927683458454
Wbc29bbe3ceddcefb0002,0.0026339348058928664,0.004180975410022905,0.027856266626957272,0.008863181361558663,0.010002103794598803,0.006082427927979333,0.00770446876737552,0.14551192445733374,0.2924036523780766,0.039965577839091965,0.34010500373762126,0.005466945630083964,0.08208172877402564
Wbc29bbe3ceddcefb0003,0.0019260034202549352,0.0036946808993103134,0.027171440613473628,0.023522127390126303,0.009842199540909787,0.006830640544292431,0.009623312876452258,0.16866851932003965,0.23547001222930125,0.024621547314687294,0.38975754055051093,0.00497230295847088,0.06946013945062782
Wbc29bbe3ceddcefb0004,0.0026646019798783924,0.004175449067275198,0.02884565944267905,0.013907811040267998,0.009343159449159899,0.0062962104122937755,0.00784477359626734,0.15878352049382047,0.28716705341418186,0.02755331605141569,0.3254003021256424,0.005228919895158726,0.09590885751768868
Wbc29bbe3ceddcefb0005,0.00266614240933929,0.004284718472961622,0.026400495884341554,0.029045813484832202,0.008739934689182573,0.0062365186864743105,0.008503307338794223,0.17794598426644023,0.27060170097180725,0.02632358704332723,0.3086324356833184,0.005235591412826467,0.09597385104317217
Wbc29bbe3ceddcefb0006,0.002508071001944679,0.004009417010977271,0.025910338487354707,0.007013450358900996,0.008545708767019959,0.005809886051127374,0.007513315628282222,0.1755476717144459,0.26960762512626885,0.03255977764881122,0.3367598291994022,0.005723540965971036,0.09109572360535301
Wbc43cd69cb14bab70000,0.007729077743139691,0.0019200812055721426,0.010153259541784997,0.007778512253558784,0.005914008280657427,0.7612670781855533,0.0061504785737726865,0.0026837304883222893,0.0010035936899380955,0.0028205121774272876,0.002184493311261366,0.17651921634490564,0.006692864115858878
Wbc43cd69cb14bab70001,0.003817889323450221,0.0009487848386669606,0.009093427185425669,0.005694572552249068,0.005584766421075824,0.7537355172656796,0.007045355371947074,0.0016387772873435974,0.0006565258664696695,0.0009729666328773725,0.0012780463665651,0.20007610333724626,0.005198877755989947
Wbc43cd69cb14bab70002,0.003961841653534228,0.0009265872725324395,0.009132107921616086,0.007209192076389199,0.005337338290516873,0.7693045656210743,0.007844308417682593,0.00213336748698044,0.0006659340372934821,0.001739858339287489,0.0012248655914911088,0.18123657971424245,0.00561018905554501
Wbc43cd69cb14bab70003,0.003330960680938816,0.0009779276133926196,0.013821650577011556,0.008776616552882087,0.007636753352539049,0.7755929345419443,0.009817992024500741,0.002266594892778761,0.0012125536437542234,0.001757279629860066,0.0019774761104719126,0.16198983537400166,0.005267031989059416
Wbc43cd69cb14bab70004,0.006670689996878137,0.0016286340631262266,0.009462334977797257,0.006950201452321385,0.0052070913785061,0.7567489277585484,0.009791528267914879,0.0028550816611825494,0.0006000067335507462,0.0027869315587461586,0.0018586206723307556,0.18348669217365718,0.006382608062113274
Wbc43cd69cb14bab70005,0.006864726240078625,0.001248519711028216,0.00903634390373877,0.007619048297308788,0.0039381762327299,0.7659242445239817,0.009911041323490985,0.0032872245999632232,0.0010120148671667255,0.0020523370154439152,0.0013027908120955482,0.17768925719931164,0.004722433816873038
Wbc43cd69cb14bab70006,0.008126232520352454,0.0012717427061019698,0.009596676716490648,0.00803400000313005,0.0044003903200238855,0.7505038843688231,0.007084464293031765,0.0026396416394478877,0.0006756146688682476,0.003790250046945294,0.001982600212056963,0.18935880769309738,0.005928872548708355
Wbdd0baed9376e5c00000,0.06495805214276207,0.006968995835334573,0.04992945331543392,0.5415226529894077,0.032520214195123916,0.041356362714727826,0.02325954643786777,0.019448633230856147,0.008153650734244332,0.052534041041951286,0.02318947523475821,0.0241132510746903,0.04764534025853339
Wbdd0baed9376e5c00001,0.06077651772161913,0.007008033355930045,0.051004335880353434,0.5817253794573533,0.029190257632966402,0.04073179793019686,0.019260265194898818,0.01706340781553951,0.006188777573152567,0.050852302246697685,0.02222607777806552,0.01796033225950471,0.04158669905928161
Wbdd0baed9376e5c00002,0.05350185320355028,0.006468546697589944,0.04749294303184525,0.5548936393727262,0.03230521497805076,0.036396107881263864,0.02552618554408947,0.021677225051065167,0.005753904829052894,0.05241266042268387,0.023519429847420052,0.018091407128701883,0.056834311949117776
Wbdd0baed9376e5c00003,0.05856191798868182,0.006776709626074422,0.052739731855626484,0.5948298169681562,0.029141691001686554,0.0349541836676445,0.02325446665671636,0.018885888380475543,0.0055000556884963435,0.04907331778441728,0.019887139414317655,0.018027424991712046,0.041835721488444624
Wbdd0baed9376e5c00004,0.06478999139701015,0.007625897784951894,0.071941523226976,0.5264017143406932,0.029840584231588252,0.04474971474827484,0.026610542492859202,0.017597858079811894,0.005221713520173799,0.051835544338068765,0.023999384168595823,0.025376133691685673,0.04466425122480008
Wbdd0baed9376e5c00005,0.05532264011279657,0.008316240425747806,0.05070658195917434,0.5071028883325829,0.030120281789558515,0.03973954543187098,0.03072048023303347,0.021779665126721328,0.005168145578853311,0.05850572190386999,0.029129375339721188,0.026264143590014798,0.06119089182751717
Wbdd0baed9376e5c00006,0.0733463799309915,0.007738418324682486,0.05191712115318535,0.5023372120964401,0.032998072440068756,0.04203644322538724,0.024371325233654033,0.019001134245187856,0.005766398440634673,0.058038654714042626,0.027645258776105415,0.03501466313055888,0.05380197256089408
Wbde569410fe8e49f0000,0.039308854205486,0.011107143676467982,0.1184919159171577,0.08481664398357128,0.4256416728670054,0.06403351558916857,0.016220346304452925,0.015056581998639802,0.011877146493506572,0.026170433524540033,0.030081392989624717,0.011000539702556718,0.031025237018646595
Wbde569410fe8e49f0001,0.02701043862902238,0.012770295902637594,0.1479526624584954,0.09447277048506753,0.3807384900085234,0.053450916150405585,0.019137972767045448,0.021296731317640857,0.012744109681458608,0.026687198320062604,0.030464349571879587,0.010151256587516665,0.0359469973810759
Wbde569410fe8e49f0002,0.035342190158030105,0.011227524173123761,0.1289646588391049,0.07294893725431492,0.42407794999037185,0.06288623579769984,0.017532736773224866,0.017194371886859353,0.012815185248679455,0.02449205514781384,0.03593589300389158,0.008712483739037475,0.03267767382725114
Wbde569410fe8e49f0003,0.03287438362682431,0.010709216011169047,0.18723009334112156,0.07344425502128986,0.407180428161407,0.050785146620659805,0.01646860888275834,0.018109813522537224,0.011781716556332578,0.02159667419656961,0.02338724248943788,0.009116090451486111,0.027806740527905077
Wbde569410fe8e49f0004,0.03795320597813532,0.010466722177263039,0.11233244889360816,0.06438245953844508,0.4895056567423245,0.04921446319135023,0.014794275277649855,0.01606315303342324,0.011369711952399358,0.02303982520281491,0.028849012055685987,0.008682411135296633,0.027624042110581545
Wbde569410fe8e49f0005,0.03241662211025066,0.010658752189221934,0.10752606660380049,0.06960800175745506,0.4634732501238966,0.06465911170648962,0.017234486807951713,0.01673539148875684,0.010590711710364832,0.021014853547584693,0.029755296863108103,0.010934659112947255,0.02817183315496796
Wbde569410fe8e49f0006,0.029875012313488915,0.01073213340208482,0.12279555146955914,0.06601431289395827,0.48302746721560463,0.04417407765736582,0.014557291402126206,0.020569412535280565,0.011614082022114948,0.0214247413598351,0.030164979216631253,0.009358693448333592,0.02763656998390226
Wbeaec377d94993050000,0.001217011295279959,0.0005067721095552521,0.004313147490083465,0.004688806599326724,0.0028786283430676605,0.5784084456810504,0.005217124354609492,0.0004529436079738296,0.0002352801277061076,0.0008155157332506075,0.0015351242000887404,0.3965576780275954,0.00250085248657614
Wbeaec377d94993050001,0.001828935407923438,0.0004935402520625658,0.005188838347026155,0.004248811208452986,0.004315980251492801,0.5182423169922987,0.005014033206178391,0.0015424338145002608,0.0002456473612863509,0.0004256327518298522,0.0019335167764940248,0.453891937241233,0.002254795308319694
Wbeaec377d94993050002,0.0017362051806090824,0.0004559010902723452,0.00453380239757054,0.0032908485744057477,0.009304941880218572,0.45155063518635635,0.00232185677852327,0.004119046398507744,0.0004916780572499128,0.0003948429255440558,0.0020778741450261915,0.5160963067850288,0.00307036446208254
Wbeaec377d94993050003,0.0012562081102729919,0.0006946124719886754,0.005597671697853409,0.0038304196809406674,0.003216926596768043,0.4048154609239467,0.004971122108401509,0.003823882972009896,0.00023326431504268178,0.0003920103210090887,0.0017276576976526501,0.5663297673721546,0.002767562982384863
Wbeaec377d94993050004,0.0015501437604729749,0.0004868016422518502,0.005101715988670108,0.004069228215168322,0.003522693033120888,0.43635596172380864,0.0020365332859334246,0.001178550144918938,0.0002670513836120744,0.00045459905005560086,0.002298314428409793,0.5395272193124246,0.0024468146982114256
Wbeaec377d94993050005,0.0013465715780738086,0.0004420667689539164,0.006403294216095189,0.003229035487870876,0.002551080846342827,0.44804268026427935,0.001558082926553895,0.0009865249025681922,0.0005004351022264435,0.00042600199401996607,0.0016784053571700923,0.5299963033724145,0.0020571429388328948
Wbeaec377d94993050006,0.001560137836183282,0.0005716947597005322,0.006716681327465838,0.0037528974606061095,0.003775884084310965,0.6566167661938236,0.0016880227829942644,0.0010190742423811312,0.0005503094694125988,0.0005424965253315881,0.0015995943102942107,0.31840241585488893,0.0022546522780101234
Wbef72f581e29cf990000,0.010104559462959411,0.017227091017293028,0.10786512178076203,0.04991467448550057,0.061237589112969656,0.02082179961502019,0.05282521336312102,0.03896799256863243,0.01690463005654695,0.016173600384345784,0.04326757650156826,0.007314779028519966,0.03515945528741625
Wbef72f581e29cf990001,0.008989109762285575,0.015119493300122714,0.12619867538355686,0.04569817586937545,0.055820979286304154,0.020117603508521466,0.04773899202818504,0.03704428841378459,0.015577334375209459,0.016001407230693016,0.04760318055131929,0.005404278432465106,0.047461203760123756
Wbef72f581e29cf990002,0.008913828447929602,0.014197249899112257,0.11659688375739127,0.0530387518072758,0.046553556811235276,0.017710555361212698,0.04636120549610313,0.043531424758313626,0.01773239257933009,0.017978505019405257,0.05320537942437989,0.005709853439680986,0.0364672400487066
Wbef72f581e29cf990003,0.010488237400942464,0.016696864052178448,0.12921855204595234,0.04748299837423798,0.04626860820232202,0.020863148310890707,0.05423087984165082,0.06351786172251866,0.03216160843553589,0.03084951424800812,0.06444885364810622,0.008329870615261414,0.043954622067309025
Wbef72f581e29cf990004,0.010916965210929684,0.01753591377714242,0.15262366797298288,0.06561198297477418,0.05869440986000652,0.02194699582602686,0.0546577865907241,0.038972499003744325,0.019335046661677544,0.015394030226072077,0.05956253950752085,0.007969394971732439,0.04313652120555504
Wbef72f581e29cf990005,0.012048709662436374,0.019179833796064374,0.13701725503194573,0.05441147224472033,0.07017855189267717,0.02211389904207484,0.048573061887616654,0.04394919003120386,0.02097963148528598,0.015670840663228762,0.05868114706996533,0.009358037287075233,0.03963254778239066
Wbef72f581e29cf990006,0.008871319698281536,0.013300621383074853,0.12988698032327034,0.04600125415834391,0.0572860240585588,0.019538948435926285,0.04936338808681342,0.04888394733068728,0.018808611183320483,0.01589089418072706,0.14495806970421632,0.005733742685263312,0.04353735265756978
Wc132f976421ef79e0000,0.006482979701705727,0.006598091606880423,0.09458288471994163,0.03581174926852378,0.015176585776339334,0.014385588753625654,0.028872816522650852,0.036658438665581904,0.12619309024945505,0.05321317375666524,0.10532248831446157,0.017045492672969446,0.3595275550658715
Wc132f976421ef79e0001,0.007909656681386093,0.007684954937461279,0.0947601425709081,0.03448360446270535,0.015472664081792615,0.013044016885027267,0.02717104661623555,0.0393628019012837,0.11658718661575727,0.06299745186086728,0.1570686015870186,0.020153997636973633,0.2890707919864793
Wc132f976421ef79e0002,0.008358708344439431,0.014217636164173977,0.09579996601794676,0.037378883752460464,0.02543931900781411,0.011961857120329938,0.025746325711567597,0.026871814497934958,0.10894292669268903,0.0761576777241452,0.13760918678219042,0.017950984653733765,0.2932935705475678
Wc132f976421ef79e0003,0.007595730239341701,0.007840211103869357,0.0937897452133763,0.03338653800822394,0.0185650918833569,0.011027921003595382,0.0360399609293301,0.02807251300715966,0.12799037035588282,0.061755970889384164,0.14726462641698437,0.018912153055609598,0.2915120575726808
Wc132f976421ef79e0004,0.008448166727509967,0.007160748542878529,0.08575370361251541,0.03001418570511036,0.026211806292510516,0.013825171125398848,0.030157125474768863,0.034713921799974436,0.12178083388132238,0.06268099957370993,0.1341441940047692,0.018600649298185126,0.30940532237332435
Wc132f976421ef79e0005,0.00974801706938912,0.008665551561087677,0.10381876173349877,0.029566511052636673,0.014899855160710164,0.013732952930694561,0.030698346368448617,0.037177097482651814,0.1429047409432909,0.06876349484487737,0.13847915058556115,0.02114425589624173,0.22138709097796638
Wc132f976421ef79e0006,0.008412878710388597,0.007657424929507514,0.09178272109396367,0.03790134982059734,0.028474541909521856,0.015301951538438916,0.026449286980938132,0.0385882216348084,0.1271698182581286,0.0634067826303071,0.12467752689982217,0.017794773932981827,0.28848537278607994
Wc446c80bb89bb5ff0000,0.9243134622858129,0.002271400652808241,0.005718562291639575,0.004744900563867699,0.012107822856079921,0.006691927661831203,0.005837651732851791,0.000986605341594917,0.0008172849297561363,0.011850612810417417,0.008818488004142932,0.0017073394713959366,0.004602439149821651
Wc446c80bb89bb5ff0001,0.9247275580447398,0.00313764256085601,0.0065435411181360556,0.004704696049198395,0.013645244338332068,0.006659461962263843,0.005653329026405847,0.0015968192913211848,0.0007056990242224577,0.01062491245671366,0.007264073510723027,0.0013587246767673977,0.00405032230366863
Wc446c80bb89bb5ff0002,0.924765300274353,0.002666888559366373,0.004798916807391685,0.004436872088217848,0.015234833765360827,0.006049455034273792,0.004686909632999482,0.0023311028926070467,0.0009902754124038308,0.010928018318192645,0.007533239343473101,0.001386684917301641,0.003949259072697803
Wc446c80bb89bb5ff0003,0.9209882575021959,0.002995185477558976,0.006106051871625674,0.004359704895103711,0.013598944775299427,0.006923909558592913,0.005005725326271952,0.002416711247731337,0.0010670176321853568,0.011725779365633212,0.007898534386882936,0.0022922290818889117,0.004160623210607328
Wc446c80bb89bb5ff0004,0.9245924984892789,0.002755448154233055,0.005933844241149119,0.0045825298300262805,0.013398766134785592,0.006001546702688732,0.004578284694286617,0.003537761089525806,0.0008501057201610442,0.011228522703721586,0.007096110095626019,0.0015381498320530267,0.004146914187458307
Wc446c80bb89bb5ff0005,0.9273227168405103,0.002377287415342436,0.005786564854358443,0.004463772242352615,0.011931623503451947,0.005680905296224454,0.004485553397469247,0.0037247546377915854,0.0009033588771238471,0.011274663825394852,0.007288789959382994,0.0016343768405436396,0.004258030302705838
Wc446c80bb89bb5ff0006,0.9248884092011129,0.002809350968009083,0.006619229899893029,0.004508714986301019,0.014615943071680246,0.006240187989378263,0.004123823587181276,0.001973525873248485,0.0010865500165941479,0.01102162254879063,0.0069456531732774995,0.0016467767601717155,0.004795092283678275
Wc4d73b3dd10bb6550000,0.030483718092701406,0.39670719468721355,0.017720654294887343,0.01752116768703285,0.021901376748842367,0.05045886726881783,0.015837988053363266,0.15577425634085712,0.03230892825764658,0.032117980281648646,0.1119528612338429,0.011194422035434385,0.01573229500897565
Wc4d73b3dd10bb6550001,0.0493586487462187,0.0640633007990041,0.02519369877855219,0.019971546700500477,0.024421303160419773,0.05890722765509286,0.019374690072698608,0.15752485172951894,0.03555967829179627,0.08271599102001763,0.32921306110783183,0.012084532790313147,0.024229108306209887
Wc4d73b3dd10bb6550002,0.028023219904248615,0.3892042896497541,0.017206448791871498,0.015344209120452094,0.022800326089038207,0.04489592999157857,0.0168237815848596,0.1519132344717898,0.030066052293332157,0.037396953925246675,0.12809580042701288,0.010520402164484603,0.016585503237483007
Wc4d73b3dd10bb6550003,0.03212655247505486,0.15326580097328288,0.024771908275890275,0.016301983195609597,0.03857176956071584,0.051257022622408464,0.01729209600206958,0.15868463246762013,0.03667129107976572,0.040788296020204486,0.28575891095685263,0.013501952272482135,0.017329960024395713
Wc4d73b3dd10bb6550004,0.0468326583258544,0.1524524077151293,0.02508135178002644,0.01805334718933694,0.0243536292707354,0.04819169071239675,0.019301811359998384,0.16259970480950053,0.03281903670358854,0.049266053530552155,0.3048198161615192,0.014417650488470622,0.02237942147005055
Wc4d73b3dd10bb6550005,0.03395135876272052,0.38876612097319213,0.020186677128978817,0.01456714628288857,0.02254184904019216,0.04707502046918567,0.015450119720317545,0.15434339172012979,0.033640381455235395,0.041497748913966986,0.11342630680557157,0.012403200649387354,0.018537403479367335
Wc4d73b3dd10bb6550006,0.03999263472080968,0.01608180316506256,0.028841249434886324,0.021801882193155094,0.026390240651879626,0.053287522490057006,0.025500015321430754,0.1557989808181488,0.03765720510316624,0.08919938355743785,0.35985884048260797,0.0148975398408079,0.023034545641246962
Wc57515d8229271fc0000,0.005628421671918306,0.9178308654917539,0.0006717963363772382,0.00067598400326092,0.00059914446328141,0.001849815177950914,0.004597882936974869,0.004325819840830271,0.03739091713059915,0.0024600293202153285,0.01567969116478778,0.0010073735105456017,0.0015783878216089826
Wc57515d8229271fc0001,0.004610177542214007,0.9099652387721644,0.0006474305633538986,0.0013394048710275086,0.0005933294573542753,0.001074063407328279,0.0024477544323606194,0.004070653097225128,0.051622948598906544,0.002895396422791767,0.014187786602353364,0.00043481774730409767,0.0014147224831862419
Wc57515d8229271fc0002,0.0029447870752444464,0.9332279443481432,0.0006595272246874415,0.000586033407691348,0.0005823607127989159,0.0006377145321854178,0.0014375911770576498,0.0024787897549728303,0.040103969905272034,0.0032923595772624656,0.008882308154289097,0.00037402509653690775,0.0016631956485145666
Wc57515d8229271fc0003,0.004128983232163955,0.9170118210765122,0.000685334431355098,0.0006622821687131881,0.0006145381531346125,0.0010629464994002561,0.002154779313731706,0.004144574700666987,0.04672563914984239,0.002818580234841143,0.014014026987932955,0.000398862187151244,0.0013531784554058296
Wc57515d8229271fc0004,0.0041641975330454425,0.9319063092616369,0.001036054703614177,0.0006454138899864237,0.0005843615971049187,0.0010132179125175644,0.0019862011866159713,0.003630691367883429,0.033330194978766645,0.002507553611436667,0.013948346768663227,0.00035936481091703625,0.0011553975298020918
Wc57515d8229271fc0005,0.0038192469493921466,0.9275483127557351,0.000811489433438003,0.000868678767761854,0.0005222444763823399,0.0014494556162212202,0.0017974658211993438,0.004524388795674874,0.036309053551364,0.002205467890293858,0.013863050004999542,0.00042714685299268494,0.0013525509580733495
Wc57515d8229271fc0006,0.003981094078343061,0.9358449217152915,0.0008514152767847426,0.0012431025657661107,0.0005062809211274183,0.0006685515351131494,0.0022580810747307536,0.002757862251722378,0.03248886336637825,0.002732029813986066,0.011793470978230587,0.0003464933802677832,0.0014641751378041007
Wc5996b4fa3dbcce70000,0.0214689365131264,0.025097936029198922,0.1415472053605681,0.1019662533906343,0.11800245196634236,0.27849995409076583,0.043030190797054675,0.024031599036148845,0.01753167655164305,0.015351906005687553,0.017972350255827534,0.1162185207225526,0.04255624276393849
Wc5996b4fa3dbcce70001,0.024255737130197574,0.0269226226459232,0.11908629917907179,0.09976918284957483,0.12448468070137889,0.2271144259537842,0.08789574669414078,0.02575781814605871,0.017706538805113397,0.015309628973240716,0.023694799441748154,0.12271787872792041,0.0480339872304449
Wc5996b4fa3dbcce70002,0.024015295225649994,0.025886875800523717,0.10352322607429226,0.0910275559952384,0.17088975589305153,0.23488921982177802,0.09185602903492508,0.02160468771984079,0.017586359188150606,0.016066223205740665,0.017744867399450817,0.10697604053038283,0.04200048259882868
Wc5996b4fa3dbcce70003,0.020938772322624987,0.023653035019435616,0.10630728280571594,0.10949240348173518,0.10997611656238203,0.270509020288883,0.09553443941904498,0.01980763172544055,0.01660463675680454,0.015265127869446463,0.018419213490216076,0.11194586253418448,0.04262653079757469
Wc5996b4fa3dbcce70004,0.023114492016643926,0.024852767174019692,0.13201884384014592,0.1139128771805291,0.1305816354271344,0.2392714832111787,0.06177553196356346,0.025450649382487946,0.016923954032030102,0.01625981540941102,0.020029621590155502,0.11074112563872078,0.044491030065074356
Wc5996b4fa3dbcce70005,0.02644468558052341,0.02760620873451917,0.1543037111017048,0.09328945263868758,0.12387526053813805,0.21406066817085684,0.06708802846166442,0.0240667415102093,0.020245144314123813,0.01685723815846594,0.01719023430479045,0.11139386707464802,0.0650462601757974
Wc5996b4fa3dbcce70006,0.02362887554623899,0.02694038238991793,0.13438476188212423,0.09626372068117468,0.11155511167061712,0.23486578799044724,0.07080454474920542,0.022988386463180986,0.018632789399071516,0.016934157752919964,0.023682889306894214,0.1294969983030454,0.04952094252356352
Wc5dabfe82b90ea9a0000,0.0058215946972457475,0.0047933770031044,0.47139340408655717,0.11643518247938511,0.1836198221757287,0.13168984470774275,0.007614933567912829,0.01875210354257208,0.0031495102178109085,0.006689431653417148,0.008950136196309891,0.012775857966105131,0.015322615929422459
Wc5dabfe82b90ea9a0001,0.02251091344281191,0.007061188883179026,0.33583811946388226,0.1737551694571141,0.16883933379389882,0.15419923250041345,0.008385005060318676,0.04449638005849439,0.0044857297550016184,0.010438682619798178,0.02098579896138617,0.017524874581601,0.014722300336090243
Wc5dabfe82b90ea9a0002,0.12550973729747153,0.007465017538622375,0.2727760362037754,0.1526336683229471,0.15224910032454647,0.15821537284439258,0.016179236053871275,0.02573111739357123,0.005657024687644814,0.00924938181099784,0.025596356623507933,0.016135697944667494,0.01482560485589281
Wc5dabfe82b90ea9a0003,0.007632009516663754,0.0064283996359802975,0.35973952289859173,0.14830947955779936,0.2377083156479901,0.127228222106458,0.018910183259672905,0.018532358983048326,0.005151226394917681,0.009349690865593506,0.013061429408382999,0.014085917003439535,0.01448766810165613
Wc5dabfe82b90ea9a0004,0.005925564180643802,0.005122267699659064,0.4654122535074402,0.14755612031967147,0.17536437055218718,0.10900514859574782,0.007861627847541467,0.011924308766276702,0.0039800059642093365,0.009292355919492441,0.012702354444300734,0.013545375031868062,0.015240182583866117
Wc5dabfe82b90ea9a0005,0.09158253039670644,0.006715580759732045,0.34093023573850245,0.14605422928789322,0.2043914457208984,0.10233849356284948,0.007493183674998217,0.016477871621934547,0.005044912822124182,0.010402064739472555,0.023654915229826302,0.014244148650747046,0.013690990882046943
Wc5dabfe82b90ea9a0006,0.024790061357705038,0.008628986329546378,0.33088536381447525,0.1822959183674978,0.17210696637387168,0.14542131770715633,0.012058785964527155,0.019238210558654625,0.0054681681118302836,0.013559478194541386,0.024703174811920903,0.018627762555366505,0.020622316891217952
Wc6ea7f21070970a90000,0.013037607824477132,0.6879149242797746,0.026128000827358,0.034860967422599885,0.020832733318759643,0.012965799331855746,0.13761827554550804,0.0060624156261039385,0.0020680982526578295,0.006688250929446115,0.009278477172615708,0.011262463264386747,0.009959270459839667
Wc6ea7f21070970a90001,0.01493803453331858,0.7293278360460106,0.018617781738584676,0.031992971669444786,0.018955324885601907,0.01594252468904655,0.10660313321375564,0.006470581690572571,0.0024040225512181133,0.00700250851385384,0.009445700970281155,0.010614297707124496,0.008723663881766597
Wc6ea7f21070970a90002,0.013567653112713756,0.6268595974477313,0.020983706732661037,0.029721000430399443,0.01631845825817945,0.01747562266919039,0.20812409536862753,0.005839560855812102,0.0019952711042103455,0.005643697207680111,0.00975538181961672,0.01270789127968179,0.008644208348711484
Wc6ea7f21070970a90003,0.014636362325403447,0.6697764379014749,0.023767992652718825,0.03562469792054771,0.017086390947758254,0.014463507577046411,0.1490734706830799,0.007034638012551727,0.003070917204197147,0.007857346589379973,0.012120214112385112,0.00919211339376507,0.010992477082276004
Wc6ea7f21070970a90004,0.012421628217670965,0.6901472623254044,0.029863484056452436,0.0385446380906048,0.02252409743624643,0.008768147566445537,0.13778827841053493,0.006442987642799518,0.0020013132303130744,0.00532142350222966,0.008530329229764428,0.007769845942160465,0.00856324324499785
Wc6ea7f21070970a90005,0.0142309144465067,0.7430423519392592,0.019981159185649234,0.030405609023082505,0.019081805160638503,0.012286525050953257,0.09813739715169349,0.0069986572661522636,0.0017603311497921463,0.006296335460258684,0.00914739089686715,0.007389588266416882,0.008322859165479276
Wc6ea7f21070970a90006,0.018912268225488266,0.7451977731896497,0.023035653649878182,0.02925714264742204,0.02047292845943115,0.01308884687590778,0.08449541300276958,0.0067650294944109814,0.0025641777880591986,0.00596811700354996,0.009349832019112755,0.009728232834701657,0.010478632304481528
Wc71266a645637d7b0000,0.010799678987430178,0.962036436445404,0.0020675248038777576,0.0015922758711003427,0.0015981068043928383,0.003477729819517827,0.007019436814869272,0.0004091757483925227,0.0007333108720485537,0.0009077343046582859,0.002383287241550172,0.000971648895156807,0.0017117888706193627
Wc71266a645637d7b0001,0.017443272987429825,0.9523411610628737,0.0018623347093027324,0.002524815462723902,0.002329029681059206,0.0029517131021798786,0.008387225798312248,0.0007354714003790265,0.0007107185230889502,0.0008977102500873592,0.0021764389441050525,0.0007504733377093401,0.001798598856222472
Wc71266a645637d7b0002,0.013723387588248804,0.9577679207054438,0.002076751100523359,0.0017838027428303733,0.0025464507057461412,0.003439590108375443,0.0075793269908051115,0.00035640008300050874,0.0007122213603788062,0.0008989596735968227,0.0024158165575254766,0.0004892931746437045,0.0017178949824351048
Wc71266a645637d7b0003,0.013588972464696928,0.9582031802080483,0.0018447907837422126,0.0014020686000942905,0.004772127684102295,0.002659186726367672,0.007371577344807085,0.00041022731272524456,0.00074607916408517,0.0009206627757627885,0.002479202162083921,0.0004410438484397758,0.0010867383081267165
Wc71266a645637d7b0004,0.013326667452316913,0.9542137599997504,0.0018318357160516333,0.002066174943119793,0.0030957859318000583,0.003619405780305335,0.007489795278424216,0.0008750043179374671,0.002148077384606516,0.000951456970927474,0.00359524972049307,0.0008420838817153128,0.0017792457468740017
Wc71266a645637d7b0005,0.010377546304507934,0.959153469499383,0.0012968070745985754,0.0019600725808300835,0.0028096781989744015,0.0028066632563609833,0.010839005838763271,0.0004517734654236167,0.0007243420645891142,0.0005475196376717016,0.00296191545138014,0.0012562258865466635,0.0010163991255071321
Wc71266a645637d7b0006,0.010678070959327211,0.9605825927390255,0.0012780647220143216,0.0017515020872745975,0.003032715179869497,0.0028452779397993,0.009752348433724047,0.0003900361840779371,0.0007239703067946661,0.0006845996491089028,0.0018074629728610822,0.0016492527381182318,0.000686575685859079
Wc7ab4b9a55950dab0000,0.018660072333565335,0.019309533080777534,0.04116326465308927,0.03750710275383606,0.0539979429705398,0.015521808555529388,0.1533116932242461,0.016126838330225112,0.017676518630134964,0.010401773276776681,0.288718425393374,0.009646148730808927,0.037840104626108303
Wc7ab4b9a55950dab0001,0.016120457552849625,0.019248315240127743,0.04826079119317861,0.04513580547941388,0.06937429746824463,0.01861111810289919,0.15598861554953752,0.01823671831476424,0.019022310049863954,0.010691675976899904,0.2734177321848293,0.01058829430970351,0.043655917236420094
Wc7ab4b9a55950dab0002,0.014895377131147802,0.014997273998402602,0.03208600385039344,0.032075827420813045,0.048044430407844466,0.013212018145605747,0.3342736532836535,0.01533203566646796,0.022916795278295904,0.010734532878720957,0.19087087474718456,0.009440201161355032,0.03365312034750921
Wc7ab4b9a55950dab0003,0.014947845239390948,0.015133376882244101,0.03287567126130886,0.03259672855484729,0.048466401778803916,0.012460956058164052,0.2358289940403605,0.01715958826316537,0.01826016211510822,0.009667404921976984,0.18334394078495345,0.007741465562523508,0.03769522995909838
Wc7ab4b9a55950dab0004,0.016491506512094172,0.014923875999172536,0.034252914225463615,0.03650880894151756,0.04067912636547966,0.014716861057846085,0.3265863250095185,0.01667408980002988,0.013979089780460283,0.008639000315204898,0.07921190823152224,0.011334139331111251,0.04502714662694116
Wc7ab4b9a55950dab0005,0.020239477925318456,0.020839863698272374,0.0414392486862386,0.04068311450908716,0.05839891055936649,0.015007107848852412,0.16194054964199636,0.019209856912537206,0.01617608704942362,0.012264164703995866,0.12387379302663737,0.012979616394720221,0.04869049605417335
Wc7ab4b9a55950dab0006,0.01537244122615128,0.016039840878679313,0.02825289523708197,0.03430762164942226,0.04175328306148529,0.014897655953014172,0.14111433934886547,0.018667246416704728,0.01427593772354728,0.010929878344892577,0.21404788000563246,0.010886737753725678,0.04225827300093935
Wc8ea48ec838d9beb0000,0.007837795062719205,0.008265901008223574,0.1056355491542755,0.046588739981359116,0.022652595620574378,0.016241893167999278,0.2077755700609026,0.014500711679543622,0.018030298954592208,0.013896726872364967,0.06856680392009351,0.0045258869489975435,0.0502665885839184
Wc8ea48ec838d9beb0001,0.007276126014758714,0.007501834287900565,0.13968436805194032,0.044789893253675224,0.020771812395631473,0.017246832748162546,0.21976810568650829,0.01333925728115378,0.01880790130090187,0.015889643818330083,0.06524668997478539,0.005033178577600215,0.046688838056245956
Wc8ea48ec838d9beb0002,0.007273645393659465,0.009478126215668157,0.10562303200993649,0.042521234697559175,0.02072183586870226,0.019372007001878484,0.20664937248372478,0.012566325586687523,0.019115159073248268,0.01592346629916328,0.061397294771203224,0.004716720307238789,0.05236798312510283
Wc8ea48ec838d9beb0003,0.008092704758957205,0.007840478617285995,0.10123997518817615,0.049575117656806764,0.0222608737407687,0.029843216706160337,0.1550154505222173,0.013260130111545395,0.026509797675131203,0.01492907708524713,0.11750143094826936,0.006521126758409869,0.04725253152038119
Wc8ea48ec838d9beb0004,0.011730417818984196,0.012864407429892486,0.12068262016216423,0.0692081050494916,0.03336752805227474,0.03153375893438215,0.03373560848738662,0.042811482847126915,0.04693976730967165,0.02472864625765224,0.10251585718832029,0.008642013862263695,0.05116432357937299
Wc8ea48ec838d9beb0005,0.008435116263594222,0.011442551679705017,0.09949615492351266,0.04665582443996031,0.02641472851120254,0.06958303070792277,0.10846757719798443,0.022779071326687904,0.029325733799587965,0.016080898499283302,0.06372643188065992,0.008512159564530915,0.043440405182018624
Wc8ea48ec838d9beb0006,0.007157454407709467,0.009440850498429056,0.12624931861125083,0.04210104245384506,0.02049149161790336,0.056523161171173855,0.1792685080697185,0.01492377486332566,0.02131031395963433,0.022846538768444877,0.04824971428871457,0.009956832632759531,0.059864471393561214
Wca152ae15fea4f2e0000,0.018261774673461312,0.9491938644282016,0.002200284601433698,0.0024735222269408096,0.0009885372529914822,0.0034356823505637315,0.011986825115523552,0.0005815464164443263,0.0005491481318289536,0.0025204625557870724,0.0008432638791949387,0.000901385461701397,0.0018643586584650498
Wca152ae15fea4f2e0001,0.015422064645920408,0.960959197959889,0.0016733474441056923,0.0014274027376082374,0.0008182818146510816,0.0027055950132285865,0.007912973556096208,0.00019341802474116788,0.0005351635033508445,0.001334178086947364,0.0008057515424875929,0.0008879276232895903,0.0017069968073549838
Wca152ae15fea4f2e0002,0.013443651878212922,0.9637882653746491,0.0020097947649386477,0.0013435545036115657,0.0011989175907944779,0.0031225852246986132,0.006274221652440882,0.0001731210077940726,0.0005358938772371499,0.0016879808131571757,0.00042536346877592183,0.0008809170157209052,0.0013207818831251221
Wca152ae15fea4f2e0003,0.012186643855181225,0.9667813505844656,0.0015934912419186846,0.0011235443479367421,0.0005951498914753795,0.0014487761692275251,0.005622639667059787,0.0005663269545268188,0.0002867408949466536,0.0021141172425721364,0.0007055418064103724,0.0012828140647228939,0.0018709836175277122
Wca152ae15fea4f2e0004,0.010604181902556586,0.9662207784217306,0.00129426367923104,0.0006991184246015972,0.0007804182448242489,0.002016706701438762,0.005614450713740764,0.0008350103839857266,0.0012164647592004347,0.003994725897814571,0.001484701065561061,0.0009015669733460754,0.0011555485140755618
Wca152ae15fea4f2e0005,0.00989538618877124,0.9705415534372456,0.0016143909440248462,0.0013982316097576903,0.0006879780161306297,0.002229925411821211,0.005543914275569768,0.0004889306550635053,0.00021044832779477701,0.0017835031303385762,0.00069087359444025,0.0009300824157982073,0.001271135681845325
Wca152ae15fea4f2e0006,0.016443405484478115,0.9594328146162605,0.0020328146943958754,0.001193931971442683,0.0012703674043749462,0.0037321891932441042,0.006832854062892508,0.0004803799742768807,0.0005624120183289939,0.0017700817501152264,0.0005641346553064172,0.0008390951663226293,0.0013875985618044177
Wcb6954925b3070d00000,0.0015214548875684365,0.0014495735854337145,0.0051356995521474845,0.003911704720827286,0.00303921657028726,0.003617243305932919,0.0021845902463755226,0.042510592329515755,0.17837044302435215,0.5454096333342076,0.12834876078507926,0.0034595001112810997,0.007339495242583007
Wcb6954925b3070d00001,0.001471692582686254,0.0012371562056944913,0.0051425325683701765,0.0046171479806834045,0.004526351189513663,0.00363238898570272,0.0022475722688458694,0.03724017494159421,0.17748467728523115,0.46474896250318587,0.21318969592046438,0.0033965053402992256,0.007132234904322259
Wcb6954925b3070d00002,0.0015575677611105105,0.0012039156462186717,0.004134439798540011,0.004104389579387498,0.0065314043612235894,0.003607119618725575,0.0023254930141695176,0.03891804745267085,0.1721173945273745,0.49510728030333295,0.1946837438722272,0.00390792993269766,0.008050915101716509
Wcb6954925b3070d00003,0.0015105238135442861,0.0011672300191520738,0.004760312568971356,0.004439235046606755,0.006569618907829467,0.0037362405412136356,0.0022146779383811805,0.03779105341865163,0.1644845494165862,0.5145969979677941,0.18442810184705552,0.002825604964946551,0.007557241712808917
Wcb6954925b3070d00004,0.0013540669555552397,0.0010920680552634768,0.0042267875674653595,0.003419026194325958,0.003474632833953787,0.0034723482911255266,0.0018447592667294459,0.03671302392786872,0.1626303474576369,0.5324283528458891,0.16655872678192096,0.0025928451303751238,0.005638529423406273
Wcb6954925b3070d00005,0.0014556378315893877,0.0011171685102783848,0.005360226848424492,0.004400752043509076,0.003565545785394157,0.0033843549748476124,0.0018186131583150245,0.03359520923909169,0.16507068779673376,0.5258070141681792,0.17970675923533128,0.0029659765396558937,0.006395660341604273
Wcb6954925b3070d00006,0.0014972202040466516,0.0011319680061120266,0.004847769856265918,0.003191855771188508,0.004506714643301475,0.003348660327546404,0.0019521888963634987,0.0414485458394572,0.1672723160160588,0.4894509529618761,0.20697032643726793,0.002694150569492728,0.007316205960406086
Wcbfffdfdecb25d9f0000,0.003377976677229402,0.001375177077618433,0.26343437537649705,0.35728569868226195,0.2832316198481113,0.024409022679423995,0.0045943066119151525,0.0008516798361561921,0.0012839430829738514,0.0009505637684395313,0.0009475406971541098,0.051188523573060606,0.003721060186887519
Wcbfffdfdecb25d9f0001,0.0025442718220282786,0.0012729812103854084,0.27268521601092627,0.38821988840812705,0.25462938645883915,0.025799258047821967,0.004733641157139388,0.0006168193155652455,0.001118036492385254,0.0010987528840043755,0.00099188245396856,0.03888307408163713,0.0038923994655634645
Wcbfffdfdecb25d9f0002,0.003079665917885575,0.0013655867653607945,0.2855230350393877,0.33415249982315265,0.2992311902386528,0.02414718731246127,0.003626194553741419,0.0006922847553238789,0.0010540658780336261,0.0007362417665411476,0.0011898643704987921,0.03715691504230774,0.004600034499000949
Wcbfffdfdecb25d9f0003,0.0033275511391387467,0.0012916398737022618,0.3037111613596549,0.34387913070995696,0.27472668782708004,0.022057992586434358,0.0032915943985849165,0.0008294089920327228,0.0012838633228782219,0.0010789687445631807,0.0013769088764948474,0.034570588009481866,0.004709786710031664
Wcbfffdfdecb25d9f0004,0.0032575378783823755,0.0015416796701384562,0.3339482982734041,0.28042176226176924,0.30417056648926183,0.026616008242792238,0.003884111040250982,0.0007655395110898223,0.001440017743324878,0.0011928990127065408,0.0014359052049734092,0.03175218853471705,0.00548216612453581
Wcbfffdfdecb25d9f0005,0.00286502711363073,0.0014682715594747445,0.2892720332371098,0.3209303941130516,0.29543351177788924,0.02908529568314007,0.007224676311010503,0.002475360617135604,0.0014255575136291527,0.0009354304262742192,0.0010428557743087678,0.03952480013416211,0.004776110438983689
Wcbfffdfdecb25d9f0006,0.0026737992583281125,0.0013172115714194814,0.3048805390917737,0.34872660012007106,0.26018893895968265,0.03018483775718327,0.007583651758687257,0.0010644632413545332,0.0012665173327594337,0.0009772794257806253,0.0011336239527324537,0.0322304075632858,0.004638588667438341
Wcc1d8419a2bafe770000,0.010579841287057907,0.004231865381330512,0.015362314233748295,0.012104230937348495,0.012340745011778894,0.007419089609276405,0.00481936833245676,0.03320995787444665,0.17611785939686203,0.5343795823104713,0.08064459750765775,0.004891283404565111,0.02019849638059265
Wcc1d8419a2bafe770001,0.010786821106668105,0.004027817101219241,0.014209964513902086,0.010720019397103724,0.013400571609182677,0.00895267326573063,0.005376233891341721,0.03452307421459374,0.21508129788683625,0.4933766705467588,0.07734492675442589,0.004502614022998344,0.02092834313441928
Wcc1d8419a2bafe770002,0.01134069373492348,0.00434200887507974,0.015863546537390236,0.009746845441045721,0.011961431846019235,0.006387867356616758,0.00430763249144806,0.029166730208451862,0.16620557228207616,0.5655039721877037,0.07465340392053416,0.0037246249719059977,0.01924973228219043
Wcc1d8419a2bafe770003,0.00941046248933805,0.003836703017520538,0.013841000400327517,0.009353500643124004,0.011989163535795997,0.006143914814768559,0.003387438340441116,0.02496483358216328,0.1791916965828411,0.56912501688662,0.07480968090142462,0.003854604274697148,0.017879342562793166
Wcc1d8419a2bafe770004,0.009835262290532295,0.004037458488377273,0.010969579691920679,0.007680043880102181,0.010388291147400948,0.0062338903864134505,0.002912495337553043,0.022449539553994608,0.14319919062871936,0.6255346979164296,0.07022762659928221,0.0036909639737273663,0.016833158123370287
Wcc1d8419a2bafe770005,0.010435948175697755,0.004507090178527311,0.015208548012356517,0.010615831203079025,0.014064817682105296,0.0074120090895085245,0.004168436651395124,0.032245283778485526,0.18219980846538816,0.5166546005018802,0.09281482373229166,0.005242835934816957,0.02170072400384296
Wcc1d8419a2bafe770006,0.011668738442429827,0.004325742722685911,0.01626588829125673,0.011989336364181149,0.015787417699140806,0.00826967586123901,0.00498245076913955,0.035804893714919114,0.26010089103977596,0.41464750782407067,0.09082128237367881,0.0049046204875610785,0.026090811943373714
Wccb0089e24aa28300000,0.00359779896245461,0.347227977119535,0.014500606447429022,0.011411402289656338,0.00886383719575568,0.00398790613650873,0.007869073746012553,0.022799756131947693,0.06417534238414548,0.01038199297941437,0.386206094080492,0.010135325493551563,0.025269808640360044
Wccb0089e24aa28300001,0.004546593623346305,0.10523135560336476,0.007422526879801659,0.007814401368603716,0.008792321948403294,0.004622221542511499,0.006838137950093441,0.02530568352016037,0.06293610341254527,0.009264813931820343,0.5927852993605082,0.009714328797070041,0.04073671526215165
Wccb0089e24aa28300002,0.003466832521843208,0.10129796325735271,0.006687515468592234,0.007013615931725625,0.0069231409852650696,0.0038000797339518668,0.006464827546771428,0.02201831987524084,0.05886142827041513,0.017490342349525977,0.6229776000532079,0.006798083830767591,0.035635310654109284
Wccb0089e24aa28300003,0.0031619883044858954,0.33908431985982174,0.010545506992925351,0.0054094939751302045,0.00818442153051628,0.003462761960499061,0.007370072773644439,0.03020803717025132,0.0703296786165152,0.01370180169469275,0.36253893572892704,0.0077949142191572,0.020133736771083405
Wccb0089e24aa28300004,0.00574103624913383,0.005132180926694005,0.02357252072755852,0.00729218549980742,0.007575923380883324,0.0031746176683469323,0.007221562530386865,0.03431996820327091,0.05698900284047497,0.022245187913523375,0.7129410835301836,0.00885640331976775,0.033928349022093754
Wccb0089e24aa28300005,0.0027140026604809296,0.33953615098422235,0.005977502530930715,0.004540570344337246,0.006081695382945489,0.0033884393190345037,0.00606914833696068,0.023578661280375356,0.05729532146436788,0.0089295127735751,0.4256670134014566,0.007372618161509444,0.024067188917113843
Wccb0089e24aa28300006,0.00405524595009075,0.11107324452717288,0.01454194156996655,0.0048268894707896364,0.008386803610897657,0.0046806789606731744,0.0080524572723268,0.027220340170383557,0.06603926595786287,0.00982957065011643,0.5638523411788495,0.008076816033820258,0.04525819285540672
Wcdafd0c1c160088f0000,0.021447682781754282,0.010107759258687683,0.01613330837181162,0.023332779886984817,0.013501926137772192,0.02146405947347596,0.06404123377555491,0.7138562412195859,0.012481176053797624,0.007780643862774023,0.025327240808570635,0.011537692876221407,0.017721552508664626
Wcdafd0c1c160088f0001,0.020783435495819857,0.009288992291452872,0.014238285389069034,0.018085282117766693,0.01393989680032409,0.012568992331632625,0.0458076633312776,0.7862440818320262,0.00907401446392528,0.00536350923598155,0.01590611633222178,0.007909795073630876,0.011258028802824819
Wcdafd0c1c160088f0002,0.019449759153161716,0.008440434901691657,0.015245817296132797,0.018353630515276408,0.008780425635098617,0.01446328361760273,0.048669486306966186,0.7889851275226064,0.009534150732051652,0.0063238615869144,0.014055416983532935,0.008145524898159154,0.009276851343240414
Wcdafd0c1c160088f0003,0.015707399591979077,0.009103408151649499,0.011913713923911644,0.017489404984651007,0.016109882592029518,0.012309253513098552,0.06376594182587876,0.7584178180007661,0.015707439012527948,0.018374589000275422,0.013749045916909357,0.00981768923656508,0.009102858230201516
Wcdafd0c1c160088f0004,0.019844223902344495,0.00815406467267096,0.013722509600484569,0.01702363982022276,0.009223922210036595,0.011525321475966821,0.068221852766546,0.7769141876896402,0.009256904049394457,0.006206515282718222,0.017516697624345493,0.007610652403374334,0.010252620201978885
Wcdafd0c1c160088f0005,0.01966941279286957,0.008700428422486382,0.013803074526596834,0.01823865305414111,0.008295906283765015,0.012628915818730518,0.05556387096527504,0.7885036369738248,0.009104083099603933,0.005092042504465548,0.018646660577282162,0.007695744040492935,0.00912012906701106
Wcdafd0c1c160088f0006,0.019713570510049617,0.008797084978959062,0.013318116111889891,0.016251943387322675,0.007781956567051542,0.012974521894894692,0.056487475574965175,0.7856571429032703,0.008193008421852162,0.005196921966444092,0.017812098618623016,0.008773439775219122,0.01012875510565271
Wce11436042f2d8240000,0.0054351668272227234,0.004278876645057319,0.009490269318760675,0.01536709316418118,0.009144230546257908,0.008327532572863632,0.012952945480933174,0.017619943475303712,0.018357573769212508,0.416117030161334,0.040895597843923125,0.015396995636556245,0.14875721263758446
Wce11436042f2d8240001,0.0070149813223500425,0.005288289352614202,0.010722254535968869,0.017591665883438766,0.012358039828056817,0.012697773780195494,0.016965237092989773,0.022029510484638706,0.03099014765691259,0.02546953011595176,0.03798641427557789,0.01666981830846691,0.31125695779290796
Wce11436042f2d8240002,0.005921881310587857,0.0035104742890636163,0.00874525339425943,0.016022935475714283,0.009159839039860201,0.00847146250019568,0.010201551618670677,0.01367184138584962,0.02107486630719899,0.3273758074308524,0.029369214267733312,0.010647298909489476,0.22014475746305592
Wce11436042f2d8240003,0.005863331320078639,0.003921386200903867,0.007862839606302652,0.012840201431985884,0.007411732868498614,0.009576663616913821,0.011053964583515688,0.01670454835917189,0.021151839094658946,0.2848084818212863,0.031391497803359474,0.012839729329054738,0.15387605898325918
Wce11436042f2d8240004,0.005190313181306363,0.0038277113857169438,0.00990492837785237,0.012669067105883027,0.007054263603050448,0.006553032166867271,0.010937580677959486,0.015612823388767391,0.01905027635019882,0.2922444516781521,0.038228048137776235,0.018209713779610462,0.25741038834968266
Wce11436042f2d8240005,0.00558735275537032,0.004536161300108356,0.010784754319273516,0.01652429933118857,0.00725726652788606,0.009112838239738838,0.010642631448573206,0.021692344748739562,0.030777032212729614,0.02539187397863718,0.05358321944855565,0.016336583668715387,0.26652869732515183
Wce11436042f2d8240006,0.0067061908932819535,0.005339094950209257,0.00953101447275719,0.014259970237380504,0.00986585024687912,0.008778408430761532,0.011175479612066804,0.021994501994184523,0.02971569937592657,0.05652862759878849,0.03951886498234934,0.017182196036938956,0.3132125542448996
Wd14ef862c437481f0000,0.003469092446998999,0.0008431657724830355,0.002891222784580444,0.003962836507971478,0.00344350114911474,0.15184229247497652,0.005703618447449936,0.0009598720009845297,0.00032221960179361017,0.0013850767380230514,0.0011937093242637017,0.8126045447619101,0.010206798298515316
Wd14ef862c437481f0001,0.0026234367293795705,0.0005406642037233541,0.0035527431303413364,0.003266680989086747,0.0028883227767515676,0.1446365200068682,0.005074038612397504,0.0008213645375098428,0.0002735863988870032,0.000961442342301799,0.0006648247629662677,0.821835607694619,0.011507161720571254
Wd14ef862c437481f0002,0.005802835790892638,0.0013361556617846886,0.004016540629727445,0.004952876698936794,0.005105058005888852,0.3195225943566754,0.006429490641793795,0.0023328538905057097,0.0007690967087287665,0.0024029917230698884,0.0021574208744126367,0.6317401135862047,0.01135826863677993
Wd14ef862c437481f0003,0.003435984190510857,0.002085865721927722,0.004943710679920285,0.006345806734192175,0.0062602475270338446,0.31687405093182786,0.011029004874854842,0.0022216804873159564,0.0007600251002691139,0.0018435823612629775,0.0017027336987069344,0.6313790633839645,0.00898138973200279
Wd14ef862c437481f0004,0.0024046422655186533,0.0012113236803769562,0.004928144232328263,0.007733615424541387,0.002922549653551279,0.3228525295913245,0.012848953672112674,0.00218351616972453,0.0006598455096393887,0.0017453437879504934,0.0011548791302182966,0.6272250003907399,0.00997896983992172
Wd14ef862c437481f0005,0.0021416085012551,0.0014587295373768316,0.006114348464490627,0.006071037866356694,0.003506253629417209,0.24686858279020457,0.008083243587575308,0.002672824814473603,0.0009918949691948343,0.0015492712841570434,0.0018232713537983769,0.7049834692633967,0.011022371986378456
Wd14ef862c437481f0006,0.0059835196609640835,0.0015042966395611703,0.004955892151436236,0.006140494212633598,0.005589647395137341,0.34157387948503243,0.01027528267679319,0.002812934069524204,0.0008550900533372199,0.0025628654878076984,0.0020011062834067663,0.5986554304282672,0.014726254653664575
Wd1c5aada37093e340000,0.009165935032811484,0.007972963106171392,0.024774977399980642,0.01399602988401213,0.22346161381821583,0.006463107055509002,0.011114924404256014,0.03464826274910113,0.07144314382859351,0.18603958537525928,0.20717420590018473,0.00955826295291445,0.029846944242241408
Wd1c5aada37093e340001,0.009051405466042875,0.007486006105990549,0.03267996828738927,0.016013997441127106,0.2515791245666348,0.00662763227301768,0.008360426760951705,0.03462160184019081,0.07923140307963442,0.18161098307435675,0.1917756861273997,0.00898278873977037,0.0251680886303651
Wd1c5aada37093e340002,0.009424055983175163,0.008457488937083734,0.02407771791802432,0.013336337217852946,0.29440920772241574,0.006983563205285934,0.008111819223683793,0.04512448354661984,0.0788437998457216,0.09325127074539705,0.20065089290243207,0.00904428140152281,0.03291753382450131
Wd1c5aada37093e340003,0.008113049004996202,0.007933710965313348,0.04482425634432538,0.013613894674127595,0.2155858912674277,0.005983132706125804,0.007518722602991375,0.03688870232737507,0.08424769207023733,0.19058636814905697,0.16900214234605238,0.007889551625455161,0.02728194506781702
Wd1c5aada37093e340004,0.010075441391840639,0.008733811087773321,0.03357581332028852,0.016321797516432836,0.2676864438593094,0.006392079593376254,0.008925938965885661,0.04991287909550387,0.08333169515611667,0.11586186432504976,0.17461637147505374,0.009138128884817116,0.039894819357646875
Wd1c5aada37093e340005,0.014764161433799616,0.01213535519028264,0.01814790944167089,0.015396337611859247,0.039637561117367694,0.011389675811153232,0.02195555383541055,0.04020261401612631,0.08171875632932961,0.3054721075634548,0.1936627569279341,0.015844130186362024,0.03216972147906541
Wd1c5aada37093e340006,0.016193012460226475,0.014348323784852542,0.013276744868180541,0.01759553780697445,0.0529714963209021,0.011077754713124091,0.02091459571752084,0.05800687218454011,0.15265524185282067,0.2695196281167307,0.1484927157692847,0.030870728205437344,0.031484782254695955
Wd50e6c5c6ebd461a0000,0.0076829872696655525,0.001372365063131913,0.018509845076932072,0.02068610720817576,0.0062478468194852275,0.0038971994812185507,0.010197089076298875,0.03740977044617389,0.01832524569825076,0.018345674648251015,0.04540675408158409,0.0033439949076535507,0.044776019301029216
Wd50e6c5c6ebd461a0001,0.00845555165386041,0.0016318073406896914,0.02353200044820171,0.021461966291555827,0.004442806219128029,0.0040558181750111715,0.012829169695923168,0.04151145926567089,0.014724916087517062,0.01596071220725117,0.05036845804115241,0.003291640384874526,0.044951359057501285
Wd50e6c5c6ebd461a0002,0.007801005073361575,0.0010950477175333884,0.021447328301262458,0.022207170377057644,0.004084781427752122,0.0037808098032215826,0.012837501534626986,0.03664807138230447,0.013056536855205761,0.01321683276210793,0.04258569381359785,0.003312124883345599,0.041161803211719965
Wd50e6c5c6ebd461a0003,0.008984450730569115,0.001708663089070062,0.025053229509618982,0.025512117850409226,0.00497200599042523,0.004604451366814605,0.010250417094755538,0.03655841799458766,0.011735895381287434,0.0130473660915829,0.04650908246857235,0.0036485342149908955,0.04626050301671903
Wd50e6c5c6ebd461a0004,0.009206595392247543,0.001662909329326637,0.028247963810173367,0.024328428161283312,0.0047471160593643615,0.0040299118764084065,0.010462988650395905,0.04516370372736638,0.014204982250784957,0.014344087327621047,0.04788074991565859,0.003286030875055165,0.04768303498907208
Wd50e6c5c6ebd461a0005,0.009487917526099163,0.0017099838207208775,0.0230873004793883,0.022334502218307586,0.005443310705071772,0.004704734186793125,0.012523173304905552,0.03688071871902972,0.01437787249754612,0.012775544929312791,0.04798030356057316,0.003660956702860144,0.047540966464884864
Wd50e6c5c6ebd461a0006,0.0073895017222041625,0.0011831208530889473,0.023397331469118123,0.024822481952245717,0.004020084842829182,0.0035123602002922628,0.01215396112017179,0.03649207792619846,0.012513035876725684,0.014325397484294324,0.0439318102748607,0.002867459289492912,0.03820011704448732
Wd5d870a7ea096bfc0000,0.00047800912642478915,0.06843184048259646,0.0015545767076685533,0.0012295662037896983,0.0012865148622065621,0.0049528202548408005,0.0015748538433407967,0.8874343897572659,0.0010508812569437473,0.0043223717049082466,0.0038552973896009467,0.004803947874241785,0.0027832336936788877
Wd5d870a7ea096bfc0001,0.0011267338494483712,0.000405577909146744,0.0024434622009067535,0.0019519686306996439,0.0008290824493124423,0.0014628693700448954,0.001098290991029056,0.9619023927722905,0.001076972116512076,0.004677927527709582,0.00526442886363851,0.00037778224440055867,0.002185858446292289
Wd5d870a7ea096bfc0002,0.00048117831490827916,0.06428389665321158,0.0025581537294828618,0.002484137727434246,0.0017808447173091972,0.0049423363203951265,0.0023575214386118946,0.8895426782396643,0.0012139184237871961,0.005043637333255771,0.00430043274254824,0.0042018888823366655,0.0025797116548451943
Wd5d870a7ea096bfc0003,0.0011487092933445242,0.0006026533903433293,0.0036278775752815267,0.0035125492077791557,0.0015600291489304167,0.0020972607425261604,0.001925958405760616,0.9240758779185249,0.002362601011153124,0.02405687094172097,0.007901223072157534,0.0016714812282094032,0.004219384056741345
Wd5d870a7ea096bfc0004,0.00045843371372795944,0.05067564735759986,0.0038314039978181997,0.0027851252325068205,0.0019465029773763397,0.0044537730168449155,0.002122721801611058,0.9006010757423208,0.0014503791311431158,0.005345272415972387,0.004976176414836653,0.0041023774737292355,0.002956226734686539
Wd5d870a7ea096bfc0005,0.000712493825328028,0.0003904005518950168,0.0035688046834494703,0.0035034510806913432,0.001551064002845781,0.0037552193240083156,0.001650666850532669,0.9481397436766137,0.0015948808964914498,0.006131727238405813,0.004625554122240072,0.0041965500791204475,0.00289182833788936
Wd5d870a7ea096bfc0006,0.0005800603238631367,0.05065109611507773,0.003445322578126633,0.0021754772831738467,0.0022802227940194077,0.004377986230184235,0.0021624720948345473,0.9012796628713969,0.0014225801073753624,0.005607518631805494,0.005031861529627706,0.0045570719806211765,0.0030385941275659018
Wd62ebc7d6eab5fbc0000,0.044581438608556664,0.008547794044615403,0.050507011157150124,0.02677490456597819,0.03641701291127176,0.5051050798311937,0.022775414283169915,0.004733168622259349,0.004679830958677242,0.0064065320443144926,0.007688562472167908,0.2347479905503929,0.03796894074190519
Wd62ebc7d6eab5fbc0001,0.0249217407425472,0.006667524482992198,0.04717061509675862,0.024871060398752826,0.11021787933288871,0.5502333304963185,0.02505403736339457,0.003625718418917456,0.003101755841148732,0.005600812196776575,0.004052888400518324,0.16916569160348033,0.016264126408288386
Wd62ebc7d6eab5fbc0002,0.01574564564102668,0.006439493352176797,0.05315374859512238,0.02622145763946373,0.1080893372890559,0.5458654380059825,0.03157781673206165,0.003117147822630553,0.0027738856951031216,0.0028556019182146087,0.0037524383786875044,0.17388149305753553,0.014939519367687155
Wd62ebc7d6eab5fbc0003,0.010426868070528839,0.005642772237814121,0.05284302570242893,0.025915529758761914,0.1787417662536548,0.4331778856504181,0.030797141536607887,0.004102855341843885,0.0032647669272119818,0.0034208210843880977,0.004498315883291959,0.2175809468034775,0.019725799666014843
Wd62ebc7d6eab5fbc0004,0.03455566135906027,0.007195376038832754,0.0448157217889637,0.028670580778450083,0.0334257347619888,0.5917730134373828,0.02501128270838825,0.003264775718368818,0.0029656279429326176,0.0043274518895471915,0.005625169350651584,0.1916345003715248,0.019476472479596104
Wd62ebc7d6eab5fbc0005,0.03596521514514114,0.004731265373843917,0.039617286418694886,0.025819994712588945,0.09539673269032399,0.5593991131033846,0.024069164374954474,0.0028743197812694356,0.002299705199917199,0.005992262613450172,0.005355304254045769,0.17087545448302247,0.021173293220895575
Wd62ebc7d6eab5fbc0006,0.04936623135689652,0.005782082673811092,0.037012507666236864,0.025994335654542254,0.02701919894630199,0.6195699529194897,0.02304485855665848,0.003122653112638851,0.0031092319286631837,0.004803741053113218,0.00619810004606872,0.17102874021972586,0.01820410983205724
Wd6c28a4102d20bda0000,0.0025621689600014387,0.0073294032156464555,0.012036983639705404,0.003929384059544723,0.0043081657805826195,0.002937131773368839,0.0028607478530146987,0.8510876303164272,0.023376432404049064,0.02178200085584861,0.012868042814282412,0.0008206031025944776,0.01559729750670626
Wd6c28a4102d20bda0001,0.0018614622669262993,0.0014130792617851114,0.011913480979502662,0.0034218616100339812,0.0023957796557230126,0.002043287527747579,0.004368679492911665,0.8696518183732287,0.021408340784892465,0.015495863495421924,0.017409108315923346,0.001068409343747075,0.012828188499903987
Wd6c28a4102d20bda0002,0.0013081091981638384,0.000888700457601034,0.009010557537015969,0.0034333670694042403,0.0031188223676882907,0.0025169504100007387,0.003591625902858243,0.8817662857516133,0.021986830338264117,0.015668090588399554,0.016983948975220604,0.0006813908391770124,0.01113393067248095
Wd6c28a4102d20bda0003,0.001816135984477464,0.0013107161077705188,0.014518433321834908,0.0035992246742034737,0.0037378858286297684,0.0019220733807803249,0.00335662260443745,0.87153669834419,0.02303905159733308,0.014557144333026495,0.01628452655801245,0.0008367239303512632,0.012739091797296768
Wd6c28a4102d20bda0004,0.0013625955675667576,0.0013615824236224176,0.01640836117170375,0.0027560361111621315,0.0030030475489466932,0.0020697298254882352,0.0027419787876896274,0.8724354914738536,0.02312618324335366,0.015868326301901554,0.014161272123187449,0.0008359863390437063,0.011854750633964527
Wd6c28a4102d20bda0005,0.0021894477318793733,0.007701243481328153,0.014384332185667195,0.004108539702981466,0.0035686487724691566,0.0019026789115459022,0.002543930842655879,0.849174909292707,0.020687877448372645,0.0240325937315594,0.016470101498454296,0.0007800023746481888,0.01613603948738354
Wd6c28a4102d20bda0006,0.0016368083300825388,0.007273863244573041,0.01599629799164582,0.002593139819557927,0.003112394231992273,0.0022193252082662574,0.0023185389412897803,0.8554688166350842,0.020223961115466663,0.02193978114440092,0.01560991023274488,0.0008317083376793779,0.014815979361488837
Wd6c781b1a87beb650000,0.003588004127178673,0.0008106629729429693,0.02630974911297544,0.007230884780068177,0.0086850169301473,0.8310187239820529,0.010421134580014136,0.0017315308062823523,0.0036084291276523546,0.0077621135070248,0.0026451346139175205,0.09101438065727196,0.0023270852818695017
Wd6c781b1a87beb650001,0.005128909904670372,0.0012394308776124507,0.036530353600084886,0.008681989770416874,0.007718175133067685,0.8256357634648956,0.011196530917038745,0.0007217816353776139,0.000526849788750145,0.0021663300213387525,0.001716912117175316,0.09352857369030851,0.0030571104485428943
Wd6c781b1a87beb650002,0.0047904672201345005,0.0014165200181649323,0.033315149278833445,0.008277351271556162,0.011156571231206,0.8209506425317437,0.009289494751911355,0.0007905319050695348,0.0006023100049648859,0.0023734483383932945,0.0019044454178998276,0.098398676366817,0.003955738823447507
Wd6c781b1a87beb650003,0.006555099813571403,0.0018658898803733726,0.044030167030296566,0.04836052691349379,0.012272998137485,0.7663022312617888,0.011981226447987357,0.000988699776871943,0.0008735593086022112,0.001494938742223127,0.0020439948645282666,0.09501514318652755,0.004584049520331228
Wd6c781b1a87beb650004,0.00640966911430415,0.001809362402085695,0.04106828834117673,0.045133077702343274,0.009185971040369795,0.780163957173738,0.010507053763858411,0.0006077904780777589,0.0006817212712524438,0.003821010225479243,0.0017707121540778924,0.09146403690803492,0.00387858852036933
Wd6c781b1a87beb650005,0.004072257593076932,0.0011280091582551875,0.032426647543488486,0.0117266694676201,0.010516112057398566,0.8316883069951929,0.008049369596610097,0.00033286975895099657,0.000504893628168585,0.0027405421088003232,0.0018850983846977658,0.08990825119179537,0.003220244099801333
Wd6c781b1a87beb650006,0.005239855588728475,0.0021033948640576867,0.07761201676809366,0.015343550808693296,0.017499266513665918,0.7456529268283572,0.011623964446086914,0.001274992368221142,0.0011084208818143882,0.0033768000688012365,0.0018959482993023218,0.10848113528603144,0.006252936962130661
Wd70ef012bf2c69f10000,0.024048971597687294,0.013479042231288227,0.01477937512767033,0.04077869810688442,0.023643699980340105,0.03950133466107051,0.01696235540665236,0.033617812566100844,0.12159686809145198,0.034945641704587485,0.4400227314562478,0.034529467365635766,0.026806026314840723
Wd70ef012bf2c69f10001,0.008503285218633786,0.0023418004307026617,0.007660862811104857,0.006553596150575089,0.014615593054745671,0.01354776959798876,0.0033047596675510427,0.028182595215202708,0.6782367870921401,0.007415339494691115,0.1967891491358597,0.00488485846928306,0.008409916924885977
Wd70ef012bf2c69f10002,0.02256964820632728,0.010477306932752862,0.01620783521879546,0.035980881652876315,0.024981206041255068,0.02871243635701485,0.015575646746804093,0.045701332434883085,0.12594590372183645,0.029422543416032673,0.5037128644321671,0.01821997617146013,0.025890571309947513
Wd70ef012bf2c69f10003,0.012455210569424145,0.0025916360573502535,0.00415205558493755,0.006807619260972815,0.012507912918106434,0.011306767856490955,0.0054551531375514875,0.02746681265580314,0.6323630025402702,0.0052550297740160306,0.2453393639785046,0.005261095193811739,0.006944424232376423
Wd70ef012bf2c69f10004,0.02943760931826629,0.015360216431240536,0.017811904451900645,0.03030967662363103,0.045578983208053425,0.027084848845434824,0.023193743385378916,0.031218708322000913,0.12680189744327983,0.03849185362984486,0.47201866815804944,0.02315721277667539,0.029744943729966764
Wd70ef012bf2c69f10005,0.020635567834282848,0.009366881539887321,0.017190275396832554,0.02431417971890146,0.02147471195378709,0.02721026850036246,0.01790990916532341,0.02658723491624778,0.13079605214317577,0.17086835862649444,0.38059328263791065,0.016609626482895157,0.022281737837989975
Wd70ef012bf2c69f10006,0.01320792559484721,0.0033126475968492087,0.00465988249361578,0.008657002803278727,0.0219309157016945,0.012939254902819573,0.005161119008251997,0.026993316076887295,0.6335432062329623,0.0071048201474331685,0.21708385161308316,0.007205821569321787,0.010815448842712265
Wd921f572535536ac0000,0.035657283431303574,0.008036606040709273,0.09044809349833549,0.0316623851436149,0.11825123208682822,0.17992748074769999,0.04062798046000635,0.008270387172566705,0.008471973494163796,0.009078529882402297,0.007113043526917819,0.3957843598020551,0.025473368438740797
Wd921f572535536ac0001,0.03310442951382377,0.007670078940973678,0.0887116411539567,0.03325068686932919,0.11331483235896031,0.21420746889175343,0.04063190716749054,0.012945864862350245,0.007497041549896572,0.0414196443757912,0.005726330127075287,0.3318549816325599,0.02220845730689913
Wd921f572535536ac0002,0.023743232399530682,0.0074818792743496995,0.11516883672273473,0.031341659309584984,0.11243254547377363,0.17496915683709516,0.03693764704053034,0.013077889808308686,0.00830422341800719,0.009054065679239356,0.005474716875099286,0.4022772250191232,0.02296717115418245
Wd921f572535536ac0003,0.021819303904872717,0.0068284963953904095,0.10206095764573173,0.0265440650226559,0.1301417260754444,0.2531421991411221,0.031550481600194864,0.011729193548336177,0.006255496780516417,0.009253565858291103,0.006680477224628132,0.33640756240534353,0.02285795549821275
Wd921f572535536ac0004,0.025635410522783012,0.007809092881832667,0.08685618925399922,0.030557227247106866,0.06503114671957332,0.20807852034999721,0.07010004115616099,0.01732062414950498,0.00862461923936781,0.014730675426161313,0.008694756514022475,0.39438339919221294,0.023685435538854584
Wd921f572535536ac0005,0.0219434626670314,0.006576062616529231,0.08428863128776007,0.027818753494872363,0.07473890593106639,0.21739329197205035,0.07134163534964624,0.012773812650874402,0.006211559877284301,0.00810964968755256,0.008959991366375854,0.4070209890434939,0.018557576789711892
Wd921f572535536ac0006,0.0274373232286119,0.008725746347682117,0.09643497660357585,0.030505379974795795,0.13247719667811425,0.1714108971612356,0.035948110189125186,0.01305549652977625,0.008386126461901625,0.009857259521744106,0.005878316923520314,0.3927113669308883,0.025346008247517208
Wd9b6b05204cba6da0000,0.0029143530420916025,0.9847830238262357,0.0003918361579791143,0.001802482782811025,0.000379729009934934,0.0013713198884997637,0.003189117528038596,0.0005262149855802153,0.00048703474880551224,0.0001306267355466748,0.00030107966141373,0.0007672794031542703,0.0004562937692581327
Wd9b6b05204cba6da0001,0.003761522247277012,0.984708185569322,0.0006641212197403588,0.0017476411357198569,0.0006422277358880919,0.0011600742143893419,0.001630349727493349,0.0005006911200885953,0.00046606373697705546,7.8443383993265e-05,0.0003986615014945448,0.0011654585225266342,0.001111056481081383
Wd9b6b05204cba6da0002,0.003724964523508225,0.9874676362532983,0.0006535582035999966,0.0010794232163593648,0.0006394557718860594,0.0003827199063976487,0.0019620137626264232,0.00013668675328056709,8.44685940092511e-05,8.757828326175453e-05,0.0007638506900677852,0.0009200529532471486,0.0007918253128328432
Wd9b6b05204cba6da0003,0.003916829880331717,0.9882579904399095,0.0005832734992020905,0.0013150886544656523,0.00035492967577267494,0.0005705970071067012,0.0014773706201804376,0.00012976407450962038,8.544942614138835e-05,8.443707479631482e-05,0.00045770628694691225,0.0009472170171244513,0.000860453329721545
Wd9b6b05204cba6da0004,0.0032398265058864472,0.9904783975203915,0.0004739242121596535,0.0012696480470556534,0.0002603191031716916,0.000383504195410475,0.0013379059339674625,0.00013226160411120876,0.00010043035549807832,8.252074240945012e-05,0.00022730390062771196,0.0008707508583101986,0.0005551556836441286
Wd9b6b05204cba6da0005,0.0036792536534633767,0.9891565975722031,0.0004849178877819652,0.001351274709056756,0.00034752392187579356,0.0005651938472497455,0.0014876023312242925,0.00011961489605318881,8.018720449816222e-05,8.513208089794628e-05,0.00043019593314658075,0.0009192682298652582,0.0005525767286942185
Wd9b6b05204cba6da0006,0.002089027830824119,0.9890841779539659,0.00042101245231816883,0.0011774134076135653,0.0005499898925011354,0.0012452456185643413,0.0013168908103988112,0.00012826416845759613,0.000454725328979839,0.00033116884281629176,0.0002142060975377207,0.0008349852889400375,0.0005263497666409984
Wdafc86efc3092c1a0000,0.0015886541447463047,0.0008475687156733238,0.005201934678522284,0.009976498141358326,0.010767535906610911,0.018483158114008462,0.006208537776502875,0.013070591893698951,0.009314549119744255,0.7353859695920247,0.02566515675709694,0.0060473898795427765,0.023254993472817655
Wdafc86efc3092c1a0001,0.002371714559691181,0.0007822977974709848,0.004904426892146692,0.00828878184629278,0.01106311267064897,0.017752442982509036,0.006063168535196666,0.01070488006665328,0.009548687938820908,0.7434101801337624,0.025579125009671636,0.006691547852087316,0.022168479988416777
Wdafc86efc3092c1a0002,0.001975662672121773,0.0007526960022764242,0.005569552264937965,0.007789355593807027,0.009793802468897703,0.018295583112646754,0.006205492863460858,0.012101413218891433,0.009472901951667152,0.7415746181865701,0.02392092300041641,0.005351229756985851,0.021897918557053465
Wdafc86efc3092c1a0003,0.002943466583882341,0.001556728538847481,0.0059991408660664,0.0086851795663708,0.009861115470877804,0.01602167694023078,0.006514522031272647,0.012539525193722619,0.008466717244600713,0.7576655802312068,0.027846412942355882,0.006009951635946163,0.02232418512288343
Wdafc86efc3092c1a0004,0.002227956443356374,0.0015357565527763693,0.006069730591093799,0.008871578414616103,0.009577177370128451,0.018390373950987676,0.005855076857284425,0.011685206036931246,0.0086942895061994,0.7573374476790995,0.02988462521274087,0.004473184905115166,0.0211541811447004
Wdafc86efc3092c1a0005,0.0015841831788982017,0.0016880150127327746,0.006434435017211382,0.010365084334078374,0.009983731967798191,0.018877625303082086,0.006695224031898296,0.013229404000586876,0.010625923763558578,0.7458279112648079,0.030732892846016064,0.004827643553930829,0.025403154760114288
Wdafc86efc3092c1a0006,0.0025740840077872434,0.000631566057598676,0.007389770480700854,0.008130414973903032,0.009296774073887652,0.013877854591599311,0.006205171594006975,0.012615003426117228,0.008903155916386074,0.7365094012363425,0.023742128860238892,0.004982426490589784,0.023425790453092284
Wdc2fda9c98784d720000,0.002091681673752734,0.001565773562629549,0.33082475980577697,0.06487573272882366,0.52342655372431,0.02714068553606318,0.004123808639756266,0.0015016711964303726,0.0017673659843093878,0.0015551256062536678,0.003031110836887364,0.02662345944426888,0.00847153926766264
Wdc2fda9c98784d720001,0.0023728758159991146,0.0017294624886516749,0.40957446861841085,0.0684237858835774,0.4506843327786569,0.024638580384104394,0.004213579496238957,0.00142997506997484,0.0018278883231971359,0.001747816487715783,0.00407929542101427,0.020045934161673898,0.00612127213938267
Wdc2fda9c98784d720002,0.002231445405410653,0.0017072776705367384,0.3666408016874984,0.06803958124800415,0.4979100755885709,0.025705048454395297,0.001890512329466708,0.0016173967743766142,0.0021548238719718564,0.0012569991337527742,0.0030525759298516164,0.01859664780988806,0.005775434667505855
Wdc2fda9c98784d720003,0.0025414833899366175,0.0016411425907056465,0.3262676824477237,0.06522103939605703,0.5279644394192214,0.03308367495421136,0.0050339198291474594,0.0016239499827365158,0.0023603299565575953,0.0015390470028073598,0.0021921074638358504,0.02228910602453643,0.004989527433233224
Wdc2fda9c98784d720004,0.002545489612765422,0.0020148195127182348,0.31337551109625134,0.0842584965231995,0.5223604096400978,0.03149817949513237,0.005248454626985552,0.0014661110877116886,0.002170427046681856,0.0016099751860624264,0.0029698123055526206,0.022129615908745306,0.0051999619823524315
Wdc2fda9c98784d720005,0.0022895735188387246,0.0016860902974212637,0.28453853668144163,0.0695693622399867,0.5783233262910676,0.023330573748930845,0.003353233313592399,0.0015973981963502489,0.00228644951432929,0.001537749644743071,0.0041307536463524525,0.018408418738339018,0.006325846090032072
Wdc2fda9c98784d720006,0.0022583496199194654,0.0018145752194175268,0.37096225764058804,0.06777940069630169,0.493891699089121,0.021299745716657492,0.0027995955087002753,0.0013466719521746573,0.002653094247404446,0.0016458331981896773,0.004550385781098658,0.019055385925690945,0.006846301217126974
Wdebcbd1cb67fde3d0000,0.005081721012388196,0.002378651690847866,0.007479068003847838,0.007967006690025905,0.009233061434142398,0.019057218428257548,0.010413760106101259,0.1555576638379542,0.4806521224601569,0.0090679959742617,0.0673121241113209,0.00525235928334792,0.13057573360258834
Wdebcbd1cb67fde3d0001,0.0071295229693982675,0.0035159705380277658,0.012501159342111292,0.009980476701636288,0.01736263322951334,0.027360019024300932,0.011014293008307231,0.14416900219640366,0.3781248316171686,0.014221996216467761,0.08879694579597605,0.006858120951977224,0.16970704210398738
Wdebcbd1cb67fde3d0002,0.00854347468558226,0.0033326963524209965,0.014702650157998343,0.011084019488749668,0.016812354239728447,0.01997707197601981,0.010813429539696478,0.17584251849625748,0.33338836920450077,0.014260040823794687,0.09315412615155579,0.00660310552444105,0.175878068947461
Wdebcbd1cb67fde3d0003,0.006305853371754599,0.0030439003674248783,0.013556486386231713,0.010922665002497684,0.013727361436447493,0.020732812248607797,0.015224745519157387,0.1890376594076903,0.3403918101557064,0.016057914669719474,0.0913589068998921,0.005624789245981431,0.16373164131570792
Wdebcbd1cb67fde3d0004,0.008592716973319599,0.003062411302881219,0.010050689579090262,0.010788171844278922,0.012173485118323203,0.016306508105366442,0.014398575225802021,0.16424610322135283,0.4225430027739623,0.010306874841218602,0.09823508999103993,0.004776840010370828,0.13643140952831329
Wdebcbd1cb67fde3d0005,0.007097073397371857,0.0030652977329202703,0.010562174458520309,0.010745483895135986,0.014153312919408958,0.01835254010999695,0.010302387661038272,0.21502814033093334,0.3359390719552886,0.013816125577719312,0.09100716543508099,0.006348075143944367,0.14738896909280305
Wdebcbd1cb67fde3d0006,0.005941563227606816,0.0028358506655702075,0.007503060517050954,0.00813640921972598,0.011611438983599358,0.015420388812373134,0.010019237818145618,0.18054482675651035,0.5026790504651121,0.012030722701231436,0.0806057424674163,0.00519927371813776,0.09150383046544788
We2227b7d75b090040000,0.9184085224095162,0.005125865610897885,0.010989474427085174,0.004999917294275,0.004689969993536589,0.020201795009405214,0.009363949115060374,0.0007269847620018589,0.001230976303820348,0.005580620788644608,0.0028453118354528446,0.006465201718566934,0.0036567605890103832
We2227b7d75b090040001,0.9216946522620627,0.005331734152346345,0.011153884020215553,0.006262539858467924,0.006085328979706555,0.015790778131735888,0.011184669951587354,0.000660415135375171,0.001475675470466917,0.0028701702880964673,0.0033748800830928063,0.003467743750133113,0.004499426194018383
We2227b7d75b090040002,0.9156405951005978,0.006790155488714306,0.009816633132351205,0.007863542392470455,0.005424480751192381,0.017661819800729613,0.009382718313373993,0.0009739228952448938,0.0015745406644507196,0.005370613869504788,0.0037286332680078393,0.004592437679727891,0.005065632871427491
We2227b7d75b090040003,0.8978818595847904,0.006127579479289146,0.013774168232647089,0.008423926100156569,0.005617069755894829,0.0229254547651372,0.009646123381446348,0.002442956451044175,0.001474913960824845,0.006183270808684056,0.00420460858989601,0.007031540414489385,0.006225486460704284
We2227b7d75b090040004,0.9150246086788894,0.005236010559236022,0.010099803057134218,0.007516955408778881,0.005301236860480324,0.016808601926208016,0.011120503739756671,0.0008650845951960263,0.00124972946677038,0.006121926118558455,0.0032402385160070837,0.006076433923806131,0.004655321999437299
We2227b7d75b090040005,0.917048857931058,0.005786066985568089,0.00981663006476513,0.007167956594319888,0.00565379018269159,0.014612689030582734,0.01067166695216091,0.0009604627720434956,0.0013176039864394539,0.006181557625838996,0.0031432313070867395,0.006526771657564093,0.004562048415164587
We2227b7d75b090040006,0.9095684114602391,0.004733065378277771,0.011631996619157895,0.007522664709568028,0.005450104623776492,0.020057434965814417,0.010334165430091113,0.0005321986188163248,0.0019701025835753942,0.005835820018768307,0.004908135836356548,0.006389388739363082,0.005217249316208198
We61939a9c41ce45d0000,0.008406325806847394,0.0019877783334149154,0.5106116275387466,0.028272309597991395,0.02849337933131562,0.28727219014218897,0.023723368815867122,0.0016033575053204913,0.003076438601712608,0.0027204817959894513,0.0020950434626242614,0.08565841382573172,0.0080013593563538
We61939a9c41ce45d0001,0.010980406126215184,0.004471312823710921,0.4399979494223225,0.04138730977509359,0.03921069155168828,0.3136754798108939,0.035265101930473775,0.004113274809587834,0.00475103308706034,0.0038442892895938596,0.003660884805889624,0.07194335026944408,0.013715393151019259
We61939a9c41ce45d0002,0.008048121651010483,0.002090120235358029,0.5684016967370269,0.026817638498898858,0.028398442825787438,0.2318559374551027,0.020422522486762355,0.002131515473761538,0.001808249289027472,0.002866953277340418,0.0023510956018132777,0.0866966004567001,0.010049599061992168
We61939a9c41ce45d0003,0.007375813767659075,0.001731762343584913,0.6142073229800419,0.02367261610311732,0.03349979817717209,0.18331668172308097,0.020371883169422022,0.0017119605575761335,0.0015535408868165357,0.0027713850070794606,0.002041586871358401,0.09031765481656226,0.009672134836108714
We61939a9c41ce45d0004,0.007358264155201708,0.0021201676027478374,0.5775417417014537,0.02083584936201694,0.03281841140554502,0.2196185337903178,0.02440013550593194,0.001961229402398297,0.0019171366263196334,0.0022385091826499785,0.002337061681978797,0.08632053169497554,0.011928756415399722
We61939a9c41ce45d0005,0.007082196578700507,0.0012803056470283788,0.6874838776810345,0.02163494078500506,0.024190757218123058,0.14028640633682135,0.01915674784413688,0.001611221082840915,0.0017005575909971014,0.0013288173931653702,0.0016484686041923922,0.07844887979344149,0.006527626690543529
We61939a9c41ce45d0006,0.0059692907052821065,0.002424205170245368,0.644184180105158,0.02070065306186625,0.04196128887662442,0.15392925737558188,0.028151492853887534,0.002438298332904304,0.0026671191813484197,0.002272572115970079,0.0022384279457153145,0.07761410226973793,0.008152751920048846
We756706426cf12a00000,0.009693178430264135,0.005966605986631865,0.2848732163275896,0.05340060316217058,0.39795334602553456,0.017307399205554873,0.018288056835179253,0.022906591853052428,0.022147834511570066,0.007900283884897953,0.02822040618214376,0.010676006882539406,0.05346291329318308
We756706426cf12a00001,0.00933555684664791,0.005011460765623339,0.24754441083536882,0.041655968338433075,0.46067792068346436,0.015007775301895763,0.01804178613076648,0.019427003671960482,0.01488215045831088,0.007424878153883032,0.018149417999193635,0.009491368611902699,0.05601265736891709
We756706426cf12a00002,0.007885208035621033,0.0039409789628955605,0.207925134045409,0.04062864336766055,0.514838147474246,0.01503991424287626,0.01532220142763775,0.014987772263193854,0.010035828357218982,0.005451492680557909,0.011749606025156664,0.010569968336895155,0.06129089751761068
We756706426cf12a00003,0.009867973768918167,0.004564810659094159,0.30473609481233077,0.045118930096541006,0.4125612812227649,0.014808887380621978,0.015125521680263338,0.01620945553575694,0.00953135467185118,0.006451132377469421,0.009712699468967669,0.01123628623324841,0.06515734132037777
We756706426cf12a00004,0.007671436612359734,0.004859340394109892,0.29375021220725595,0.049000250497050875,0.4128339858170773,0.01606816253675508,0.01438688848629346,0.015353397012811512,0.009663087458857472,0.006960309472200253,0.008619714781490838,0.012294644408280963,0.05924805925940317
We756706426cf12a00005,0.009213545730979033,0.005481413362403415,0.22863083425065647,0.04362804902003341,0.4740761050578522,0.015472355682570067,0.01504232573439425,0.020188257576091603,0.010862879090640279,0.00618263266651796,0.013632202293307494,0.011528236720130593,0.05939648610665233
We756706426cf12a00006,0.00814744813357633,0.004183094023325277,0.2195417987793881,0.04846886981698448,0.4836966882025753,0.015550729150236434,0.01663593040721906,0.016370018134389205,0.011417159415465105,0.0054033988577731895,0.009468951325515158,0.011481097071655766,0.05876439026317243
We81a12f0ae5b8c360000,0.004326914266915288,0.0015423187720908947,0.00611032132412758,0.0037558577632720177,0.0036596886726332394,0.005339073394737585,0.030190366288671347,0.021852136014050283,0.7027964487840422,0.006166309306446838,0.10538959254107128,0.0016440018360726549,0.020000152507404237
We81a12f0ae5b8c360001,0.004840768250060613,0.001820177140611094,0.005242705480847226,0.0037995219122069733,0.003949284325387762,0.003514256867449196,0.03123964628734679,0.01518052409822915,0.711270623554916,0.003597039522579386,0.10089960266188303,0.012407749986469176,0.010321045481828738
We81a12f0ae5b8c360002,0.003534355110483836,0.002017834154390855,0.00473646043924297,0.0029299839637599336,0.002844803268916046,0.003290293394089877,0.004948666229596144,0.01365780245717537,0.7784018032943795,0.01478894813897071,0.04250642990840113,0.014669126758863227,0.012646107088126494
We81a12f0ae5b8c360003,0.003756482219013448,0.001492791795951174,0.005358626729957926,0.004241247427729736,0.0034064707294158194,0.003553820466282795,0.019170768274896135,0.012559586462388042,0.7482812460454139,0.008952757349465379,0.07992925550200043,0.013076485059888487,0.013299737201572565
We81a12f0ae5b8c360004,0.003933718584806723,0.001522423440843505,0.005269185724603279,0.003967467596248087,0.003404698051473062,0.003998548751987585,0.006616151204913125,0.013494843555650135,0.7950295666870166,0.012969469297635386,0.04091904616268087,0.017555604436572347,0.012647894493127476
We81a12f0ae5b8c360005,0.004426677862408348,0.0018884659503467015,0.005992011867340025,0.004413682579531149,0.003840367782842567,0.0038775879312592403,0.00607179914421715,0.014448984551878357,0.7242744208922983,0.005024616761372986,0.09734528229052412,0.012773005345957471,0.010762172006620135
We81a12f0ae5b8c360006,0.004434437115438489,0.0022968185033911846,0.0044092687658170305,0.0038970966062897286,0.003679665694771011,0.004388337414558892,0.005442820207614064,0.017455767461420788,0.779616914731306,0.009702456662578296,0.04434357607580925,0.014889989662401135,0.014111624903045449
We86a577fce5463880000,0.012785044208206846,0.002487785981713324,0.18617432109932516,0.04405933465809538,0.28274657430110833,0.0643099435959595,0.016619034945763497,0.32505811342224616,0.002541772171960293,0.004529490246886372,0.012217138251659699,0.028776967038974543,0.011018460572036039
We86a577fce5463880001,0.01348418653078412,0.002335417110969317,0.14761968586783342,0.0418028688682857,0.2962442536273007,0.06542825618363246,0.01727093804723311,0.3392498187939064,0.0024501929621356406,0.0055240310318697815,0.01700385834734052,0.030298202739575314,0.01418667824582966
We86a577fce5463880002,0.011284172791114818,0.0023972567241818464,0.17973224379507136,0.04290418994636924,0.28118282333141237,0.06698858598658304,0.011422683626003105,0.32750743188824494,0.002343121103462457,0.005812255842947675,0.0159916893327069,0.03347269794172458,0.012757483357798971
We86a577fce5463880003,0.018208275058836952,0.0022537740501296154,0.14913975883864775,0.04127670898963597,0.30032229634897617,0.06407779450196205,0.0095421276203484,0.33877832451639084,0.0024635844967172576,0.005342893412590178,0.016134800957434074,0.03252228865681253,0.012775958088103058
We86a577fce5463880004,0.01215097048786753,0.0025900436571887763,0.14126760952763753,0.04412926071445153,0.30565696483883203,0.06851536653399182,0.009351575278678687,0.3444307989552398,0.002649340874104287,0.004297555693846868,0.011847979124651013,0.0329247331198559,0.012559699393058248
We86a577fce5463880005,0.010838641496476136,0.002374145221578736,0.1857163208655736,0.042085762136998356,0.2613998145030162,0.06921865113476738,0.011861830905462367,0.33943983119040794,0.0019414542080035408,0.005300403471918063,0.01645215940560618,0.034814562176847204,0.011555145644076352
We86a577fce5463880006,0.011897614402297918,0.0024674150725711736,0.16233979082479502,0.041083304297630074,0.27741614893197697,0.06579113366652704,0.015281902788378253,0.3566112443444827,0.002508723012574475,0.004706774433965729,0.012736563713343018,0.028712990932638058,0.011280571322302802
We904476167c139f90000,0.00716273863101259,0.9401726223651039,0.0017821170231898042,0.006108760951071902,0.0016175533058525695,0.005903063845020108,0.014368260922641212,0.001059285420317573,0.0010552091729235838,0.0016514726486580136,0.0023065360937809224,0.009707372590725086,0.0038834299898472912
We904476167c139f90001,0.007876319907326568,0.9420018673133504,0.0018372929339861047,0.0048851183019606075,0.0017313413902448013,0.00613065139832186,0.014143902013252609,0.0009467526743668835,0.0008420316284551526,0.0014838632015185165,0.002646990217207516,0.008318386792646239,0.0035237592685059393
We904476167c139f90002,0.009519416401551404,0.9356860571270014,0.0030757003553865715,0.003455509597406595,0.002223925230581395,0.007156279625796026,0.01505802466383337,0.0009143933084746793,0.0008449850229396239,0.001512095035316794,0.003055526104217074,0.00991673007403302,0.004199854633802992
We904476167c139f90003,0.009005169455437672,0.9342505564032869,0.002764656838820069,0.0032606825304062675,0.002403112704297715,0.007500218823885297,0.015118435490194392,0.001325917951410986,0.0016935530287974726,0.0023563351801609866,0.003096487638569572,0.0101734237608915,0.004052982013965314
We904476167c139f90004,0.011082705600316238,0.9121111124351593,0.003330390722917871,0.00424099936793781,0.004394294566168469,0.010902221513932702,0.023805985847896637,0.001053764895200903,0.0011877941964643605,0.0020874729935004208,0.0020151339701902555,0.015629433373078892,0.005223920743876435
We904476167c139f90005,0.012839696334026249,0.9130758859889213,0.0032427069447419857,0.004161612412760168,0.004028973316595841,0.009989353063349096,0.025421878904122473,0.0011435990040492496,0.001160934182522315,0.0016169126729224572,0.001593161093816864,0.015781436084890337,0.0040611191738764655
We904476167c139f90006,0.010412312397421573,0.9249426363162018,0.0028646724717592493,0.0036042634622391934,0.003066079029122068,0.009103723485168944,0.020068153392241078,0.0008352281017815734,0.0011646982935639312,0.00189549698589997,0.0024968725369163914,0.01197773113843519,0.004637786665584643
We96e25bbbc0bc26b0000,0.029756571033074282,0.003854612468576383,0.0511733173430205,0.05981748322444156,0.016882252703102136,0.01965995065124844,0.012058520518119282,0.01192191589027506,0.023004860732399456,0.026954446133638434,0.23432695148334712,0.007558365313140704,0.038048321308288696
We96e25bbbc0bc26b0001,0.01919077581112047,0.0022865856424014626,0.03276000768777895,0.042592586251827984,0.013758196037798017,0.0152597641204877,0.012631227182456538,0.018392879442463504,0.034181834335427735,0.02871338905045919,0.3973390774880031,0.00653807605788973,0.0316571973662524
We96e25bbbc0bc26b0002,0.018926099146349837,0.0030404590977997237,0.030340723966737516,0.04734417402232877,0.010974805733690734,0.021267991486251435,0.009302301934752602,0.01455708593316201,0.024890148305839212,0.07714220019182834,0.15969572230263981,0.006675815640423685,0.030084334079107083
We96e25bbbc0bc26b0003,0.039388816265717,0.004544688200582343,0.04190844206577938,0.059173437668212876,0.013875413219678463,0.022698724479265263,0.012771276880562281,0.011487727200638962,0.015326539171466914,0.042833711785627775,0.06182358353300246,0.008508603370373345,0.037416274080367774
We96e25bbbc0bc26b0004,0.030941814712390065,0.004392613562439899,0.050822679713921626,0.05868876204410614,0.015993055240174515,0.027045486954105698,0.014650258099168282,0.01336557669991062,0.015560567202881348,0.022132619120423847,0.06521880620092704,0.009107396378689271,0.046040983976307494
We96e25bbbc0bc26b0005,0.02043743982619885,0.0035452713687479202,0.04762451999596331,0.0572192095127331,0.016035699120529007,0.017488133435424436,0.011012568248751834,0.019875534414034755,0.01822249047697404,0.03200685876037818,0.17913683558135118,0.008388359011421152,0.03532901495002
We96e25bbbc0bc26b0006,0.025769424234474383,0.003266266024225419,0.04670911922652,0.05596346573329086,0.015131865381214724,0.018466183328596408,0.009169194327037418,0.013483485394557515,0.015982141365405537,0.028453015823860516,0.16924692283776788,0.0063536812814932305,0.03477918464279673
Weabcd903c499c6ca0000,0.00909121797252424,0.011100959506974388,0.1969790897902809,0.08401822387021475,0.1550690226339154,0.41507117742783406,0.03218270820742062,0.0063170136999284345,0.007265830970674093,0.005454405069117986,0.0053442521534718,0.040140319593580366,0.016091548854497963
Weabcd903c499c6ca0001,0.009974957504624349,0.01135588950913095,0.22713814252467918,0.09343282932757485,0.1407152964988609,0.38086413945821385,0.036976224455162375,0.006947252119524369,0.00828077987083259,0.008052724773029936,0.005207442951106812,0.040468311158383126,0.01727956059566588
Weabcd903c499c6ca0002,0.00739462031704381,0.007571121334563926,0.26652652561800644,0.07238734948189304,0.1444344262606159,0.3885465707256145,0.03342660785688444,0.00493941052718509,0.0056966378603633665,0.004640811339994207,0.003675921513081706,0.03676626329085965,0.010928160818072127
Weabcd903c499c6ca0003,0.0076208230851141185,0.007512977016817347,0.21787255341944134,0.07272227257771036,0.16641985622129185,0.4165018001911812,0.030169328281971365,0.005231074835233655,0.005501910696470599,0.005831952611124003,0.00337437638402348,0.03707976517430824,0.01063067321013139
Weabcd903c499c6ca0004,0.005545823727359796,0.00507693050554567,0.3427705831614517,0.06912258325740046,0.13012825292455613,0.29786097706003634,0.0591285288374149,0.006549102815198378,0.006759952927550125,0.0224265725678842,0.0038525493281853502,0.030540083286522062,0.007638265400652097
Weabcd903c499c6ca0005,0.007035272182050224,0.006374361240383348,0.39234127510008465,0.07694328141639228,0.13598046394548152,0.21397000231832203,0.09983524892760895,0.005305150967263271,0.003742204018196029,0.004237097165651053,0.0031192956804999917,0.030667599474280275,0.008904859158687155
Weabcd903c499c6ca0006,0.010649378724032297,0.012553770621732688,0.22645866618623792,0.08902233595975088,0.17235402813650494,0.30946850538248544,0.07183667724515544,0.009816646721346448,0.008000545770674064,0.006634691845864107,0.0060417891073457405,0.044445512790536816,0.015406244993741406
Weebdd07a3de3cd1c0000,0.0018512941697534772,0.0003800833352727488,0.003731120808994893,0.0012094811585748122,0.0032090797488476056,0.001207676449155896,0.002576294832723225,0.9485300370901688,0.005314826115998315,0.0006727713256526989,0.003239883872685734,0.0026046358144384187,0.011453535099119137
Weebdd07a3de3cd1c0001,0.001446050761941796,0.00035114237918909514,0.0026526182672414705,0.0015796113599901257,0.004578528289858475,0.001387690280332519,0.0026204593812751663,0.9511594777056186,0.0021861233677945772,0.0010362322169762705,0.0029051500460379647,0.0022278708520958234,0.012179085765129572
Weebdd07a3de3cd1c0002,0.001585028899227684,0.00038575017069014434,0.0020174978772108435,0.0015733363810584951,0.005008260921222675,0.001181995483847723,0.00390662645883112,0.9482866619040099,0.0028819354541568306,0.0006506264990005384,0.002275574354318647,0.002804244087618582,0.011819092197422996
Weebdd07a3de3cd1c0003,0.001638634011292614,0.00036099496217001766,0.0024654728613361814,0.0017126542997302797,0.0033617854189657735,0.001513456541399107,0.0037526024367754603,0.9504820825986792,0.001922749284857137,0.000710857363909911,0.0019382368679037778,0.0024151505082361186,0.012469943245043339
Weebdd07a3de3cd1c0004,0.002202885213933625,0.0003721839399267352,0.0024938223443112715,0.0014634405390507317,0.0040925930499255,0.0010855367370672835,0.004006542739852358,0.9471698482025319,0.0019084419735191842,0.0009052781346519599,0.0018793453225047633,0.002198101700274802,0.015309535677765303
Weebdd07a3de3cd1c0005,0.0022551105589334033,0.00038478905049055815,0.002821553084022247,0.0014655919315829631,0.0034047840799613684,0.0011795970718915666,0.005053152926498017,0.9482914542544242,0.0028594748187335114,0.0009971018326913315,0.0023945937997514547,0.0023649123860946687,0.011147725370601127
Weebdd07a3de3cd1c0006,0.0013216405832938616,0.00029790799077367695,0.0036462621912084128,0.0012683377767310471,0.0037250829700968143,0.0010758389711810763,0.0036543739846397524,0.9509685612018383,0.0030702887014914535,0.0007522887157591513,0.002561884954688844,0.00208656936592295,0.010470041456388319
Wef2cc15f16103ef60000,0.9427443575719667,0.0033236337281683753,0.002888867820688148,0.0044173648137287086,0.003503472820133245,0.008976619155423965,0.0012598312474954502,0.0017859905330683845,0.0004358337512345248,0.010919921421015893,0.006463467624724022,0.006942206578052229,0.0052691482392857435
Wef2cc15f16103ef60001,0.9349273455051307,0.004130269681704269,0.0038260347435993677,0.004984431040839119,0.0030710847914545204,0.011806959704302412,0.001478339447415941,0.0019367162895672506,0.0004694419175691892,0.009073142082089317,0.0061741438714268135,0.008207535439833743,0.005442765658327216
Wef2cc15f16103ef60002,0.9322919716009394,0.0038369594489451975,0.003950629211651134,0.007389384500465725,0.0033234719332649386,0.010726885467937913,0.001225416974330679,0.0022673024577161806,0.0006417704184398393,0.009580901159269956,0.005840895297993047,0.008072923504974147,0.005329893102521983
Wef2cc15f16103ef60003,0.9394793112190145,0.0036739021289527727,0.003461777467731563,0.00561857827507251,0.0026166981495216847,0.009554182980661305,0.0008362983632016691,0.0019169447646052475,0.000621678160682236,0.009294882680350074,0.006715679122905225,0.006622163801654837,0.0052772148388535774
Wef2cc15f16103ef60004,0.9298868680220795,0.005147797795200866,0.004417584137029301,0.0059982919746911735,0.0029141301739780286,0.011710853873095107,0.0008809625301399404,0.003436090389686592,0.0007400465323394634,0.00957717996308338,0.006616334875872208,0.007520233107375715,0.0054227294111610005
Wef2cc15f16103ef60005,0.939041830883647,0.003756648833691393,0.004065907657612262,0.0055402214119161216,0.0028643274091211617,0.010966182227884506,0.0008670735507728124,0.002201695353051036,0.0005683186472819011,0.009384114705230864,0.006516811482509406,0.0072908445601900344,0.005114868205437661
Wef2cc15f16103ef60006,0.941219457907581,0.0036879058880515767,0.0037310725036619747,0.005978419923262941,0.0033125671933738506,0.010320890734045695,0.0011118792303703388,0.0022350715015762687,0.0004691042461601693,0.008855651544179973,0.006074973988341141,0.006452362473566087,0.0050415429603211
Wef4a3d6322b8f1560000,0.0410036111091386,0.025555051025838244,0.044636151863517624,0.042075699397416906,0.028115394206012747,0.13361719779024142,0.02969636619807595,0.02186774282920275,0.02000176786870772,0.058792711277468615,0.23753827632156563,0.019821809662944674,0.10846838167626953
Wef4a3d6322b8f1560001,0.03824059703845307,0.0316756459539195,0.06279816790904735,0.0681273917096256,0.03582836234000903,0.24256737349207397,0.03206462886688504,0.020248693892512867,0.023926144826808115,0.061585091642798885,0.19881373032674698,0.019393447784938428,0.06054768974778072
Wef4a3d6322b8f1560002,0.03824153718770963,0.02160668380192161,0.05741612673767752,0.052426796812532026,0.024557034921193155,0.246210748206492,0.029497859134910584,0.018597552655383754,0.01652045524688134,0.056844454874677194,0.1336811749118463,0.015624648238836386,0.06633946745222195
Wef4a3d6322b8f1560003,0.02621744634387763,0.018597218742914635,0.054078869890028775,0.04943928137911748,0.025137289664437856,0.2605994409101093,0.019397298884215066,0.018360088006614223,0.01468538443797696,0.046945707384459856,0.17492478407236356,0.016225952484285627,0.07098079357121215
Wef4a3d6322b8f1560004,0.04324427141943,0.031740876990017514,0.06554063903011861,0.06317429386521543,0.04338809938557607,0.21563384306626338,0.0382063462659743,0.022650506468392482,0.023943912088281404,0.06779530894356794,0.18926859633356535,0.022134484459520782,0.06825102384390853
Wef4a3d6322b8f1560005,0.03543320040311395,0.020023849715003046,0.05746358471837245,0.05039681532956044,0.08549380068551998,0.14102641616835873,0.02082348243795098,0.01618398912114461,0.013476560665241248,0.06155446280179758,0.159329979754973,0.012535367556051372,0.05996459268939634
Wef4a3d6322b8f1560006,0.0370466446858518,0.023014399300418428,0.06464581249934798,0.047909867645002394,0.04509169970211644,0.13782658926266866,0.024958034174993635,0.02189821447152549,0.015240117882031418,0.055615859510196604,0.14068442117233837,0.014976147240028452,0.062424285852203394
Wefcdce98f521c4be0000,0.00273727676704698,0.0018207937769721258,0.33062703253337006,0.037193832006298284,0.24615166898778273,0.035578790912501865,0.003986903539231313,0.309857996424154,0.0014367193083224582,0.002111868408609994,0.0051201990022061074,0.011543393200288911,0.0068735864366068836
Wefcdce98f521c4be0001,0.0027265533197656845,0.0017370829688010637,0.37953625005708924,0.03998329517018072,0.19125562172040647,0.03390634232326072,0.005685866940972794,0.3151861735144273,0.0011861808724657826,0.00142724005423682,0.00475968461908454,0.01064939875427619,0.006476480768574095
Wefcdce98f521c4be0002,0.0035006802135357008,0.0016834337140814427,0.18061566827564882,0.03753356576895419,0.18191949591575107,0.03287695562522637,0.004795163723593264,0.5272334833353889,0.0012007357085527944,0.0015579536091299968,0.004378567025033319,0.009609552956042232,0.006975420429483308
Wefcdce98f521c4be0003,0.0039037424870233023,0.0016929228561220905,0.34105575453820497,0.03944540050198064,0.2518254900008273,0.02946648782648417,0.004680045574646033,0.29540481708565275,0.001488693435090714,0.002166302849651238,0.005419680627187232,0.009937256574389021,0.008249181134440044
Wefcdce98f521c4be0004,0.002959310293053734,0.001985428894950042,0.3396202710733602,0.036242211594887434,0.18307720201101052,0.03522180885929912,0.0038621436875453893,0.3680938445664516,0.0011854895681801662,0.002028032484551034,0.004897085367645259,0.00977025523656249,0.006490746455439537
Wefcdce98f521c4be0005,0.002399452802866978,0.0016634372295782976,0.39439981217781406,0.0377901095769612,0.18823801764402864,0.030609081996804656,0.0037698530808826787,0.31137323251782256,0.0015921915633903085,0.0015707375673736112,0.0038258715945153083,0.00969573103274543,0.007234102129483187
Wefcdce98f521c4be0006,0.0030290561332171543,0.0018150463220350506,0.36978151354925753,0.04085542031666634,0.21007101853428314,0.045187214163074495,0.004137334162401814,0.29435385435590977,0.0017497762484335686,0.0017054440245288828,0.004374798299618212,0.010926389616091619,0.0070855818302083375
Wf1d9f9e8929c4b4c0000,0.017403861134595282,0.010322642684783109,0.04555411472441458,0.04855126042597724,0.035622766855974375,0.10179088343031734,0.0298251010836355,0.03549413567116174,0.01811959515311988,0.01755990174345871,0.019583215699134543,0.008626694906450587,0.044993585994682825
Wf1d9f9e8929c4b4c0001,0.028039349877665598,0.010115753994335763,0.04713426594869651,0.034042816666119836,0.049416350466289075,0.07742249084482669,0.036193823389219754,0.03602050460583206,0.014106441522278221,0.02077945049574312,0.01607947191643409,0.008151279948876976,0.045174277968451075
Wf1d9f9e8929c4b4c0002,0.026127161260279516,0.01228656387332606,0.05439417138760676,0.03385539317218908,0.05231575684572409,0.04768937464842201,0.03890245579033207,0.0354243586727753,0.016003627542273774,0.022241745740377593,0.023525147868857094,0.01255446060003508,0.035688797197551775
Wf1d9f9e8929c4b4c0003,0.023076903116035927,0.011801816796116684,0.03868463124944606,0.03899879282528767,0.039073769595262285,0.07707032970415371,0.02486535995599792,0.047703853745357384,0.023596426389647818,0.053646840806092895,0.028787138812504054,0.008841482044333956,0.03349232007710912
Wf1d9f9e8929c4b4c0004,0.015696783774043984,0.0103859736397777,0.03617214156650194,0.04501525092817748,0.04629139701532282,0.07653421822812234,0.025311732199950126,0.03884545685203429,0.01825652510826613,0.02278837375574051,0.02636152935554565,0.0073689133796452045,0.036587758899507716
Wf1d9f9e8929c4b4c0005,0.026323158497278207,0.01315040464734338,0.047628305438202165,0.03792385406292744,0.059059175705820234,0.0626230601341007,0.03176058320287463,0.03941207048959489,0.01708473086943333,0.025987436632139378,0.030207041458875036,0.0169582434084539,0.056062175299186175
Wf1d9f9e8929c4b4c0006,0.023380004909142958,0.011804931259828467,0.043613382768400995,0.028707548779738752,0.06509882939902892,0.06510345940493537,0.028695453138397546,0.03330805494041162,0.014754052374389075,0.02279875968656675,0.02736279526708712,0.011148412782601586,0.03775230050013046
Wf4758011109bcff40000,0.03304158629309928,0.6056047056704786,0.0169672676312989,0.02208800335617937,0.02354202618036486,0.08144180124208832,0.15548466881691353,0.004013611874803794,0.0014962315558883865,0.004675991905558109,0.010075805342958887,0.0227458709876228,0.009282903683947095
Wf4758011109bcff40001,0.034036534891736546,0.6896999609314733,0.019072917901635362,0.023392631311367623,0.029284183918745432,0.07036006445869968,0.07497032359611924,0.004182991130309436,0.001633060124893889,0.0050192243620125,0.009685955553264956,0.020303377069321473,0.008682954733349095
Wf4758011109bcff40002,0.0343416400375742,0.6689234416110358,0.022393055503305153,0.025644758431247045,0.026675926770207886,0.05690007526627307,0.10853805881514869,0.00451770471174045,0.001492167773981712,0.00504044445165393,0.009375820099495587,0.019349616555844884,0.008563201875421624
Wf4758011109bcff40003,0.034864840474609554,0.6657083315875895,0.022622081152993054,0.02566985500144985,0.029500293322364774,0.06442978326105685,0.1001798210118405,0.004828353358626952,0.001541533480467431,0.004806293388544721,0.009406862697235672,0.019165262830074477,0.008799704394315181
Wf4758011109bcff40004,0.03903701877861451,0.6884122541610639,0.019022923741261643,0.025531362370744385,0.029907587910603797,0.06478616796967425,0.07247123179257303,0.004459932613107402,0.0017318326891773827,0.005514967517388834,0.00936168476538846,0.01979842845813631,0.010266007951115817
Wf4758011109bcff40005,0.031622106127160564,0.657570693610997,0.020169523398094837,0.028763984559564883,0.03207765313893884,0.07160259988504111,0.09368640569176767,0.0048803948079975245,0.0016234856495706506,0.006851759493460311,0.010294298262144517,0.01996334661278499,0.010477993347107884
Wf4758011109bcff40006,0.03070806489063071,0.6882396912915538,0.021473230772955192,0.02330629447504173,0.030154041984765755,0.07429173013169323,0.07216156066895958,0.0050318438909825805,0.0014909054720227063,0.0055856640631766815,0.00892049024512278,0.01881947788975421,0.009630860081972392
Wf59b57b9ae65f7be0000,0.019604862565568707,0.018499008114337124,0.360105535870057,0.09971095501929687,0.22215249581864804,0.049057454988352164,0.025440146673469957,0.02573607362036117,0.006612343162367914,0.021862074869915496,0.010185972745424807,0.009094175304135638,0.07012699341800364
Wf59b57b9ae65f7be0001,0.14451721629433267,0.010313225531055346,0.27238897534897527,0.10344662885751149,0.1758697029391094,0.0386091084783807,0.018614776345176148,0.025100398761280382,0.006361205659532019,0.02270674171965815,0.010272791222510293,0.009828064146180175,0.1160911359274373
Wf59b57b9ae65f7be0002,0.05622331632917364,0.011171863167497086,0.3460353446744824,0.10132874206168636,0.1638491113930345,0.046236979031647384,0.025811561413304165,0.028800340835224116,0.006820682092478372,0.028557501347726083,0.00897935750571776,0.0095764956189099,0.10982479177318322
Wf59b57b9ae65f7be0003,0.05242220753683069,0.018438756718286764,0.33471943788442376,0.09694348627612842,0.17260655121919888,0.043808421556006526,0.029097580141217477,0.026392627235145245,0.007427307890476215,0.030986996243605708,0.0073849989874806635,0.00971861460593387,0.1132264083597326
Wf59b57b9ae65f7be0004,0.1263915781189876,0.01971309319446862,0.30092150410818524,0.09644714745555932,0.14885081892660135,0.04003781932873934,0.023458133220728556,0.026308779335919446,0.00582053898959262,0.023994723830417838,0.014631485079498022,0.01070706081685547,0.11550096596093698
Wf59b57b9ae65f7be0005,0.09212865552561936,0.009306573631084983,0.3242250334214,0.09260963593100471,0.1754687777998799,0.04510935683703659,0.024366687187253863,0.027548192669277966,0.0068149981211242825,0.021116780377614056,0.01496504832089555,0.010340603795989861,0.10616583804957741
Wf59b57b9ae65f7be0006,0.017755282876283064,0.009847452112086994,0.26179399172487783,0.10831000920588701,0.2275452580943227,0.054156921330461495,0.028670790421959608,0.03609669639362467,0.007596262267815975,0.02497249340089692,0.01406988301429385,0.009815228121751606,0.1343119565825292
Wf67e1729784c92fb0000,0.005773745441110938,0.0018990359148828148,0.01174715619544232,0.007305148731979865,0.003962928102670202,0.005525503976756797,0.00370359555213747,0.9100458704309812,0.0016957586543660734,0.0051120824473239075,0.009142062487354897,0.004735560279204856,0.0034497363333687732
Wf67e1729784c92fb0001,0.006731577997461559,0.0038910757206480633,0.029701813258366065,0.00962945605308148,0.005637510587611499,0.011948073606115916,0.006531582167084951,0.8756529846121881,0.001911875743812678,0.005585278463193785,0.009851413978894412,0.00507083593753668,0.003977948576451216
Wf67e1729784c92fb0002,0.005515543818708251,0.003248759641605513,0.02138270090855315,0.009793682762912093,0.008042057333880796,0.007451592091078019,0.005171377273980242,0.8913683631985126,0.0020851149997022965,0.006179081371538362,0.011110939398917502,0.00427373934857474,0.0031996493594819105
Wf67e1729784c92fb0003,0.007859172813018175,0.004883061701513933,0.021833096460133188,0.008498972800646879,0.008309362692097375,0.009880610428716496,0.005487561152600541,0.8818027687398452,0.003099355861287897,0.007672048536892482,0.007253058730234621,0.0045215415213843745,0.004049883359111198
Wf67e1729784c92fb0004,0.006877942584468719,0.0034807564666362117,0.017040817964695386,0.005847718907934295,0.005522909309758789,0.00765015965603878,0.006403361066445703,0.8928344258452049,0.0023549487444638646,0.006311485768421602,0.00788161225821112,0.004187498278314177,0.00485597562215869
Wf67e1729784c92fb0005,0.010311556424350317,0.0028116732950719415,0.019985060068700853,0.008430419258669922,0.005484288299334755,0.010055818273404547,0.005424945304684273,0.8694273103632857,0.0024855129015301427,0.009094882802251594,0.010173031251346137,0.0038901277169248066,0.005316311923504929
Wf67e1729784c92fb0006,0.008842229336869406,0.0032785592866187052,0.027084065003778336,0.010405995550435157,0.004269845000182496,0.013317499313887426,0.005999665199819881,0.8804332454593097,0.001672712243512783,0.005963898162467249,0.008820719627210177,0.00527967926722663,0.0041907395080240896
Wf6efc5aaecd330440000,0.0010231940981361932,0.0005869794549255999,0.0022667328621216866,0.0015209698282297977,0.0010255763323231584,0.0354253236576747,0.008407439561493243,0.0004189057754979625,0.00013263390298427075,0.0007333332849627764,0.00013908284713894247,0.9427240657939465,0.004302510758801257
Wf6efc5aaecd330440001,0.001578644923578023,0.00020964032851088804,0.0021823512625805306,0.0011241901892123768,0.000624057335086026,0.03674406617738364,0.005752606904911853,0.00014156211654327728,0.00030947415250430813,0.0015769436623685879,0.00016188140610211882,0.9438950157700946,0.004800328083223408
Wf6efc5aaecd330440002,0.00025071397156106165,0.0002281436562172432,0.0036457315942287063,0.0014812736352361568,0.0010764413847251862,0.033196801558328194,0.004384565648792643,0.0005455077339461855,0.00013612551979542658,0.00029978765354872375,0.00015187203695182251,0.9499978801951794,0.0035823767087618816
Wf6efc5aaecd330440003,0.0007889476334401818,0.0002455034244750777,0.002633110046259786,0.0024944994375324264,0.001106702938245512,0.03348184824005293,0.002416658546887341,0.000512362510739887,0.000162126914133481,0.0008355777354844504,0.0003588628822294618,0.9492777135822507,0.004446245952673557
Wf6efc5aaecd330440004,0.00018501105623661287,0.00015390215687919123,0.001566006711942787,0.0014328270459435,0.0005604790350217154,0.030529920929546782,0.002679478475767472,0.0003856095313857,8.618275828614737e-05,0.00016274167235123317,0.0001186550141856921,0.957184795303994,0.003870840670210679
Wf6efc5aaecd330440005,0.00022973177260332826,0.00022472228742580097,0.0018382185917696031,0.0011275796406623555,0.0006930886515628253,0.03436240081779738,0.008414654722654107,0.0004467319343389997,0.0001322428505557949,0.0011956172396672372,0.00014025743762173667,0.9461187648931149,0.004071809156303308
Wf6efc5aaecd330440006,0.0002590204216045425,0.00021101912885805217,0.0023068591872849294,0.0017120641263309025,0.0012248260476197764,0.03905418103670599,0.004026895327414829,0.0006451601896426375,0.0008480361704001433,0.0017211632885419264,0.000660250860436833,0.9420942900335834,0.0036729120097653244
Wf71d5a82e2b2591a0000,0.008231358999831245,0.008864711659755385,0.01280864536454476,0.021670975538412105,0.14593674063328071,0.006860813268568967,0.05076988461336969,0.057987318527682206,0.10651748135094742,0.197617983465723,0.17957189591024084,0.032716972189910265,0.06634835648317311
Wf71d5a82e2b2591a0001,0.007653315365157292,0.008507123588684412,0.012637343044775836,0.023579382937136278,0.14456591267758903,0.006920829148654651,0.016283699866818813,0.05358901414223385,0.11870616109666869,0.28360837429731767,0.150005209245203,0.028568010254054782,0.06559601524170046
Wf71d5a82e2b2591a0002,0.007143836145699022,0.00811312272678025,0.011178062498341136,0.021807030518078155,0.14615243422154947,0.006359140993994398,0.011170146365945146,0.07939350033901234,0.11054259431322762,0.28474039539625356,0.14534813011155975,0.030023211190415185,0.06161939167484687
Wf71d5a82e2b2591a0003,0.008652486774431242,0.010478665185158857,0.012908713873596283,0.021556969192593065,0.17156837004546346,0.007133523197866102,0.014480474401372914,0.05533815403016698,0.11886665458527954,0.23537438735829383,0.15839365688593313,0.028492278801590155,0.07336261893912596
Wf71d5a82e2b2591a0004,0.008976274077315051,0.010101255486901462,0.01274879953856316,0.020760192557496743,0.14438850966012692,0.00632472024028427,0.016545032880964348,0.13628160367567296,0.10646347926438246,0.18964546745231797,0.1800889823709255,0.02733943309873234,0.06540231271379104
Wf71d5a82e2b2591a0005,0.008228949657517737,0.009528527046594442,0.014196177419023168,0.019542530926936863,0.13981093997342253,0.006528846367594397,0.01626415862681858,0.04912609727313808,0.10503336609903698,0.28680442163328085,0.16335213045188354,0.02708405173361321,0.0677739352491285
Wf71d5a82e2b2591a0006,0.008235931792830187,0.01001329933202091,0.013109801710463151,0.026601348746854447,0.16698972967586637,0.006728461721990495,0.011520379516645456,0.09958538397719735,0.1214768388741213,0.20137378598135103,0.14821553196275594,0.031446659789962444,0.06856369629529764
Wf9376d0a25f5831f0000,0.02169578955809161,0.9315599187602411,0.00337047789004108,0.004042872622068744,0.0024021655686693464,0.004094378254788392,0.015654498914486146,0.0011760452587444806,0.0012680105671099618,0.002516561105137311,0.0021876217209051735,0.0009633094140605895,0.004517049136624111
Wf9376d0a25f5831f0001,0.020118574638173042,0.9325052807434859,0.003331715806165965,0.004044594300598211,0.002046138446739645,0.004233858743180798,0.01753777309501171,0.0012114379402326646,0.0012693276167128832,0.0021628910906559325,0.0026098672166097884,0.0009024818975241549,0.0031431307757776752
Wf9376d0a25f5831f0002,0.021299375221305282,0.933458846909762,0.0035924244683345455,0.003414230378739221,0.0031113429095197486,0.004604022445212054,0.0129305488926012,0.0019954084591680098,0.0014809585020228472,0.0024221069466291763,0.0026502239725859755,0.0008959811288621983,0.0035137176749020956
Wf9376d0a25f5831f0003,0.02144198412532566,0.933253320675381,0.003798817592703283,0.0031634778667669443,0.003042063317184797,0.0046714424104073084,0.013022019735509793,0.0017428058695743503,0.0012620438171624094,0.0032497783420121565,0.0021953229887030834,0.0012882807929577196,0.0033282033239468126
Wf9376d0a25f5831f0004,0.015155545872093093,0.9467952228594738,0.0026913689609852597,0.0033153768832161596,0.0015578167862835529,0.0047315455110348,0.01005369163079625,0.0011184675203626117,0.0012540596207298905,0.0021237356763357386,0.0018390011527044054,0.0014050033549884288,0.002854772792297277
Wf9376d0a25f5831f0005,0.01619403255510842,0.9473223920841254,0.0024972185200919732,0.0029347872073298698,0.0015546578456394054,0.0037425892418330013,0.009475635808180533,0.0010130814827521463,0.0012488876427471653,0.0024823352427711994,0.0024576879484298564,0.00100730145889484,0.002763881962447147
Wf9376d0a25f5831f0006,0.015967583954776546,0.9471316048625987,0.002833672572365889,0.003625066134491108,0.0017605711832040208,0.0042005522739484765,0.01036411526991475,0.001190617387987429,0.001067941215720859,0.00137410250169055,0.0024095240890867923,0.0010152796053951476,0.002826639359820595
Wfaa483cc9bda9fb40000,0.005577545590183648,0.004419672495715175,0.01294975174600543,0.014790658486506084,0.01038704407298706,0.0104641460749554,0.013269157016765228,0.03829023600441353,0.015715154348652245,0.16438970557318766,0.024991093138757317,0.008012632634535907,0.0687748483348298
Wfaa483cc9bda9fb40001,0.0050749578326492765,0.004882081033973741,0.012586068365269713,0.014814763375384737,0.010210424473336211,0.011500130239644584,0.00867907129115085,0.035679620803297805,0.019429983372505354,0.154112627069882,0.02022726055865972,0.008287977973254888,0.05581684652733824
Wfaa483cc9bda9fb40002,0.006445348022354546,0.005292384487644831,0.016779801580699263,0.0196331391255896,0.01195005271368374,0.012529263986725079,0.01366276874566695,0.07556631208671756,0.02092198772054799,0.020705638743009513,0.03064086916086818,0.010233172623136595,0.0882227797775598
Wfaa483cc9bda9fb40003,0.007737403190778294,0.005335169069354705,0.013169359562328847,0.015831678806122674,0.012967787123973751,0.012487540432314755,0.015475422067599071,0.055493898475968334,0.02175732238196089,0.02863320383438417,0.027263941035056444,0.012208604911978513,0.0686583344744684
Wfaa483cc9bda9fb40004,0.004052084556501384,0.0027122895333117993,0.012008957007106295,0.014309590451297571,0.010456264899201439,0.010949606046286833,0.00977587809406982,0.03238799508375837,0.011195743963631806,0.011687588530101316,0.021458081571639774,0.005306743150484583,0.06005715283046623
Wfaa483cc9bda9fb40005,0.0043784611871449525,0.0028170397095278518,0.009958906381772553,0.014462434688845987,0.00902560185221191,0.0068900059140652925,0.009143855529248686,0.027760816636186604,0.012746911522983436,0.14238399177988142,0.025624123249984296,0.007452477753931101,0.04224706101154508
Wfaa483cc9bda9fb40006,0.0030356288788016706,0.0021775603774963534,0.008590989651990923,0.008629293820295432,0.00894820283736136,0.008039019827990414,0.007761711011677899,0.025325479887521197,0.010178360988248411,0.06722776955951462,0.02033157892469843,0.0025042795092213893,0.04477898244192787
Wfaba63e098f23be50000,0.007682132519613381,0.93784735837726,0.001368016163705519,0.0035158768091226567,0.0014848154171731086,0.0029635747267498375,0.011419440334914379,0.00330199074007685,0.008113970750704642,0.006236671147536033,0.009874736597603136,0.0008728802546914612,0.0007528838241497749
Wfaba63e098f23be50001,0.009216574634704067,0.9327244214775223,0.001607000807679669,0.0034015319209758483,0.001644635331638858,0.003294195332797951,0.012451267356392117,0.003265520819514603,0.01003695951432177,0.006348291541414844,0.009624350825065712,0.0010565265501585681,0.0008634137548520357
Wfaba63e098f23be50002,0.01078353214171653,0.884407928472919,0.0020555010955882404,0.0032909207887374813,0.0017675418591496582,0.003464328764665148,0.012934098668464554,0.004058421049043495,0.053318042009019725,0.004583178285721673,0.010559023449138573,0.001806977243152217,0.001319504733028285
Wfaba63e098f23be50003,0.010812991337748688,0.8804792360155032,0.0017708032169065368,0.003682240099185746,0.001252906765782357,0.003416529479761448,0.01318267555311268,0.004252267711941567,0.05905498475176005,0.005546034397969799,0.009162831873163031,0.0013381984148648355,0.0009458258871647622
Wfaba63e098f23be50004,0.008563317325588906,0.894993559341225,0.0013588450080230993,0.0029976880153171157,0.0011889877793989213,0.0030812042722678395,0.008842917421387474,0.004768228270776986,0.050229883845085865,0.004034293062249372,0.012577575962282029,0.0015560747553313515,0.0015319104525454816
Wfaba63e098f23be50005,0.012996420564211493,0.8712162039224707,0.0022983657786527743,0.0033183364189277864,0.0016787264540796482,0.004067684837410454,0.013099405915473022,0.005500854819838799,0.054159676322956374,0.006180614050340613,0.015943214257447883,0.0020231133148230895,0.001605373979616789
Wfaba63e098f23be50006,0.012186742559540324,0.8874472527612466,0.0019453042697561312,0.002333956893814958,0.001353645333261002,0.0030196283498347487,0.010837488016789897,0.004306335644513493,0.05340441791170257,0.004899721239312268,0.01177963866502588,0.0012798095799700017,0.0013412928866658668
Wfdd58305c41484a30000,0.0013489543627019137,0.001572244176721038,0.038678091157900024,0.004941404503956755,0.011589463988769673,0.004199945094573108,0.0032961869851732724,0.1086732393214695,0.12973452360597368,0.5612011292177193,0.0655963610048619,0.003883599334939223,0.023389017118787915
Wfdd58305c41484a30001,0.003579514734369079,0.004484078085174364,0.0933875802259498,0.010755808064216674,0.016388370231928528,0.008955437624589467,0.009012202963018091,0.17573100099432593,0.25967631244841805,0.09346442414568637,0.21980177215921914,0.00771268786673004,0.0466625427295423
Wfdd58305c41484a30002,0.0014549463881621235,0.0015309642039269332,0.0374424528756386,0.00499834266707774,0.011255044456572365,0.003551921594768717,0.003674544179212053,0.11712124680700495,0.11865977305411808,0.5636672809358124,0.06558613934893459,0.0041573178818126175,0.024753942509277583
Wfdd58305c41484a30003,0.001386481712562347,0.0013839467809664363,0.03665536192506329,0.0053285052013352435,0.011103449197899426,0.004307810194788821,0.0034742468176511736,0.09832601646080721,0.11480020067348677,0.5858469262785071,0.06773021644455733,0.003901113980978688,0.02488867333457552
Wfdd58305c41484a30004,0.001079048017965752,0.0010179142192146375,0.031500115971701166,0.004614145149090521,0.010237283478181739,0.004072566153377307,0.0031612425194025677,0.0932127846241849,0.10643849748786442,0.6249416408848404,0.05511360067077904,0.003580994578121098,0.020524899139614698
Wfdd58305c41484a30005,0.003065451228479661,0.003616532574517699,0.06008705051284988,0.007238107447055929,0.0145081629555747,0.005800702612877335,0.005966606468526349,0.16344120429264847,0.26844467102215375,0.23318539915550907,0.1532352332909701,0.0037352680694691864,0.027490312556518747
Wfdd58305c41484a30006,0.0017640637356231379,0.001753451977205649,0.042993286439855324,0.005547024180703864,0.011395890472342844,0.00512750702522507,0.00444556568612554,0.13560524583511055,0.15028315958467586,0.4818330103503246,0.08665570990698182,0.004087013191418316,0.028864292097086082
Wfe087e60becde77e0000,0.0026271581365006013,0.001380724266629102,0.016991754978450114,0.011842090650475104,0.007726680362450854,0.005255203620778111,0.005420365960123832,0.11594316589225027,0.6065605799334143,0.05632877652659113,0.08708319749085483,0.005860186488717592,0.011506643409689916
Wfe087e60becde77e0001,0.0029540794637934746,0.001816131061271934,0.016410955719305675,0.012585336080290244,0.00615582703068211,0.005402455671008285,0.005508931576570727,0.13358587333148106,0.5366633334097416,0.09272113314649137,0.09689580592344908,0.00662518837283525,0.011636091173122733
Wfe087e60becde77e0002,0.003351442266719585,0.001916034606208518,0.01671723018851454,0.012864134069168021,0.006403604670186738,0.005707275348492343,0.006163209398400786,0.1194178858863733,0.5758848935236963,0.0696182223092962,0.09080168546087926,0.006190555967499661,0.01316857272980878
Wfe087e60becde77e0003,0.0027538304347166087,0.0017619563771855955,0.015958684131091593,0.012804244535880607,0.006894231229920615,0.006078571705533796,0.005019612421755055,0.10305978498962076,0.48813619390611446,0.18894076140904706,0.08108338180053319,0.00573185614906409,0.011887547163846443
Wfe087e60becde77e0004,0.002694803068985239,0.0016597371226926073,0.014830273823349487,0.011895155693450149,0.0066395408748332945,0.005593459281057479,0.004508959735147804,0.0960753909407207,0.48013468191950776,0.20821060501603295,0.08260908369480864,0.006240391830284564,0.00993100598197367
Wfe087e60becde77e0005,0.0034076655561190113,0.001938644443323943,0.016466111240994015,0.013705319937203815,0.007139279722159627,0.005655711537867583,0.005386085401409132,0.11916658896992809,0.5442903035775382,0.09941538981425319,0.0944435004368331,0.005629511401325234,0.01304871185007356
Wfe087e60becde77e0006,0.003245845759098252,0.001782260591295466,0.016323730359037628,0.013984880278433054,0.006084768347117207,0.005245105743180634,0.007867816322765779,0.12566126949249903,0.472423694158592,0.1703635083431295,0.08613124466385018,0.005874878870317159,0.012411458563106933
Wfe131a9a23bcd6b40000,0.019953980336882157,0.925902977909515,0.004620433390376125,0.00283836906776945,0.002843336678616577,0.005836542404828956,0.013551756097396034,0.0011526823730740054,0.0007854701160693743,0.0037559894042463347,0.002790516788846915,0.005040186760627921,0.004410805268615468
Wfe131a9a23bcd6b40001,0.02145298581214956,0.9280432832005129,0.002151310992596927,0.002859465446067524,0.002259761897335111,0.006231011704973615,0.01122262560315038,0.0012626004187491905,0.0008369179990974575,0.004750266076899685,0.004448583962639579,0.004411636448426949,0.003599003202440411
Wfe131a9a23bcd6b40002,0.024785667927280017,0.9180842108292531,0.0038001170440255306,0.002593717550863504,0.0027872072368679795,0.006819959360455558,0.013358445559381598,0.0015820345759097222,0.0008753776608804612,0.005282253162822769,0.004089286074198016,0.004908912640304542,0.0042271737425941995
Wfe131a9a23bcd6b40003,0.026613128773410096,0.9121892582384182,0.0033812397136543915,0.0031297597460210767,0.003408359534139618,0.0070275294306620896,0.016183751015053833,0.0020867764990996564,0.0008971177443191396,0.0056773116887855425,0.0048856926025636965,0.004026180518642348,0.004473078469269299
Wfe131a9a23bcd6b40004,0.022553977513065065,0.9244412668488311,0.0023723034491392675,0.0023418433683708812,0.002424038498879636,0.0069957787916680395,0.01198061252265735,0.002070756553100265,0.0008278368837714065,0.004696893294107293,0.005404755342753551,0.004130796602080652,0.004558684973359731
Wfe131a9a23bcd6b40005,0.023276603460707094,0.9145043247895502,0.004888016064009104,0.0026865251147081843,0.0028588956360848677,0.0068894169411980195,0.01501753715249779,0.001875748271132754,0.0009694858572871856,0.005551338800633631,0.003846446088470559,0.006082685136313495,0.004535233191848932
Wfe131a9a23bcd6b40006,0.030277408364457484,0.9117385038760049,0.0035263254112323297,0.002914383311223526,0.0017196592469072946,0.008031681409713193,0.013026412634861047,0.0014925447195282666,0.0007988379109437542,0.005422786512282034,0.004708885598374893,0.004508469366633282,0.004782016517003145
Wfe5b5fd90a0f32520000,0.006530884808188338,0.027090067638986016,0.04127209822734046,0.026213698178839968,0.04406426824302678,0.07142039230576652,0.7170961550628416,0.0030002154888914214,0.0025541856403264473,0.0033120991493878365,0.01081874262927444,0.022618854155137987,0.0066338216087559135
Wfe5b5fd90a0f32520001,0.005428418869017178,0.025142317268947573,0.05476681498546545,0.037112450074950544,0.062369152110817866,0.056001533656031374,0.6974330052274729,0.0034481008576051062,0.0026727234125477053,0.005108774739249587,0.009364085563651977,0.019532572226319878,0.0066599743769667095
Wfe5b5fd90a0f32520002,0.006721832290395029,0.02647953542216943,0.045377234560188905,0.027705961582969826,0.03849915874752044,0.06053998990078771,0.7409056786044343,0.0028912465728537866,0.0020724406610418554,0.004774284946610867,0.0077371458009690775,0.01978357402855493,0.004962338810711
Wfe5b5fd90a0f32520003,0.006671685723929947,0.028613072804863818,0.045841019570415996,0.023421460388554995,0.04962701393245208,0.0440265109749704,0.750283317617472,0.0028829734354606936,0.0027967023453801666,0.0038623517994271516,0.006978878613615089,0.019073584444563967,0.004716447713423834
Wfe5b5fd90a0f32520004,0.007448767922542876,0.02819440107475969,0.04983256247478993,0.030106421463196958,0.06181645149299976,0.05532710100776028,0.6888387372466925,0.005308000582330626,0.005480582662052503,0.014729811974947781,0.012821764013271023,0.01867934255444835,0.00464883835143892
Wfe5b5fd90a0f32520005,0.013376158459321103,0.03462711451097902,0.0572563927032864,0.03334249579939008,0.06631734814655486,0.07045868383293621,0.6587630379388335,0.0044158348227065014,0.0033993637732992856,0.004586662586378907,0.014653043464645518,0.0210993069823052,0.005455131217160622
Wfe5b5fd90a0f32520006,0.0072812588092141745,0.03189481055218906,0.06596868013879376,0.03110630821206001,0.05653097941279473,0.05028389270823445,0.6987156734386247,0.0036472262685775113,0.003849195323082606,0.004634994631293352,0.011526006942991981,0.01838472773512114,0.005441882064149317
Wfeb1d9279b09dcc20000,0.003628283273738559,0.33721418564623507,0.016650274777005085,0.0129533780114029,0.01245707966440958,0.006702464723763963,0.014280671553267458,0.0178515966925584,0.011188919868218256,0.008486813487306562,0.08508892905112439,0.012093522472556451,0.07259384525617373
Wfeb1d9279b09dcc20001,0.005121779440140971,0.09990993484740572,0.011341524701685755,0.014286526920232257,0.012108921705518581,0.005898059846833714,0.016763382223210457,0.012517566552183236,0.008650888104067762,0.016886242997355326,0.09651962278272545,0.01200078282618418,0.10318915449562051
Wfeb1d9279b09dcc20002,0.006507684924021441,0.07716339252640077,0.011954905203144838,0.013942225227032715,0.01177550170736706,0.006717436446400082,0.013410350081796802,0.012703490080188274,0.010447460669645374,0.011204335341667869,0.09994712814025723,0.010810254696993996,0.09636150947461178
Wfeb1d9279b09dcc20003,0.003537982978279451,0.30670862295583884,0.009059764898595113,0.011304033660366636,0.009720463165071792,0.005865754801600129,0.013561918271798598,0.010120646123100716,0.01061638571819922,0.00814084950960884,0.09114487456882231,0.010886461033077693,0.0715585701889332
Wfeb1d9279b09dcc20004,0.008061687493032007,0.006388785551466214,0.03649457390773645,0.020734662742874544,0.013687433678778898,0.006205906179727021,0.012477053786955182,0.019082106265587408,0.013344065379478971,0.02257139734290827,0.14350593157978161,0.01209483137018981,0.09901293063418175
Wfeb1d9279b09dcc20005,0.003902280241889821,0.32907858025855863,0.011972451308068982,0.010407045746521019,0.01060404920709411,0.006943571598849029,0.014608103491261373,0.013031553605966455,0.011052868409834611,0.00924656255989603,0.08225099071761374,0.013033841917711522,0.07494915105829403
Wfeb1d9279b09dcc20006,0.00604903921978971,0.03181567938674924,0.019240878728926825,0.014736824851306292,0.016856645204189613,0.00817679453104211,0.014640847496012376,0.015567867865353732,0.011119615489822588,0.017660732773274505,0.0964804363280523,0.00996871867151098,0.09321013235289237
Wfebd5f1c4ad913370000,0.02006847875345577,0.0023688611204448922,0.05515221289070938,0.0403388033825903,0.08396141410649313,0.03174556509740834,0.008026719335459027,0.6558496584437897,0.004157386422165127,0.006280942037526269,0.0324392245661525,0.009942239431848802,0.022014048189739836
Wfebd5f1c4ad913370001,0.020957994873035415,0.002180633555521617,0.035832658447537746,0.03570443230316861,0.09510022443257184,0.02848721245844821,0.0077820622320218065,0.6651328804077589,0.0038147814068137326,0.007016692596812749,0.03393513031845142,0.00988301701128564,0.024486538347503785
Wfebd5f1c4ad913370002,0.01946655925204828,0.0037475414152420374,0.062165096231785115,0.05147713516821105,0.10921597174731772,0.03233193629166115,0.009668463523903137,0.5752991018487176,0.0069850641389399715,0.008718586547664676,0.03689249344232076,0.012328834657744077,0.02908350904565439
Wfebd5f1c4ad913370003,0.022171089613069576,0.003790393056419321,0.04717901852949938,0.054675093134101856,0.11649813050989499,0.03210894974550575,0.009324400421735286,0.5740398310176614,0.007185995240491946,0.009016003856621763,0.036173200055646296,0.010901850797278343,0.030628658509427167
Wfebd5f1c4ad913370004,0.021634609396372455,0.003880745787143977,0.049286108013356894,0.05623168031793109,0.17048626380622653,0.036211451700991215,0.007706414924999334,0.5134405841307048,0.006567555596554499,0.008767870502777025,0.0382092640943794,0.01130778381999776,0.03148386748555112
Wfebd5f1c4ad913370005,0.021819487123924425,0.003656380741562031,0.04026224177947784,0.05783979622785288,0.14344648759019604,0.041504161134899936,0.011329138522081198,0.5445134212547174,0.004979621456717567,0.008225687869022894,0.03739145516402276,0.012591072613278787,0.029457416488599224
Wfebd5f1c4ad913370006,0.02108890385057774,0.002378322256033226,0.05842366679773832,0.041081766311571156,0.13773310479371093,0.02542857169519078,0.009334041543227685,0.5926144485562336,0.004432471596097246,0.00701078582929451,0.03332220811946317,0.009744837947772565,0.026635064758842492
