window_id,F01,F02,F03,F04,F05,F06,F07,F08,F09,F10,F11,F12,F13
W000adee795ae7cdb0000,0.8659449620868207,0.0029659345075142706,0.005195060918355439,0.004733788647780064,0.0059022261922593335,0.027353112521816342,0.0013961112747769046,0.0009280148306074122,0.0007474667197585693,0.0034294592867975472,0.0009313870106350373,0.07360729683031242,0.005422115799810585
W000adee795ae7cdb0001,0.8866983729952153,0.0029660406548077914,0.005750781942559276,0.0050132844503721265,0.005766481058207654,0.03252642982268539,0.00195518369811622,0.0003728526135712323,0.0001922535599810762,0.004494117683743959,0.0009315128778768044,0.04827628160898919,0.004310151572522935
W000adee795ae7cdb0002,0.8641988965734667,0.0035237884468423118,0.004461463586001318,0.003911460037721972,0.005646403625781269,0.03001604373174558,6.530103089889766e-06,0.00037409894097724177,0.00019722186185505662,0.006163202194265701,0.0006575707134461262,0.0755017783683017,0.004591208746503629
W000adee795ae7cdb0003,0.8630876588995674,0.002967713944450625,0.005757119198159226,0.004187468575301992,0.006196729560412798,0.02943310030930862,0.0014060323761715084,0.00037373177636714524,0.00019609256605887925,0.004495964899965089,0.0009347083749523644,0.07492926646137911,0.005007098534320716
W000adee795ae7cdb0004,0.8934703160748265,0.0035216053689544283,0.005471543718778007,0.004069072287341394,0.005350015404894314,0.029597600716271044,0.0008444719526946568,0.0003725543730353317,0.00019224705096425142,0.0044941350324448626,0.0012093231064241304,0.04635018309339633,0.004032356189732989
W000adee795ae7cdb0005,0.8545006269079337,0.0035264256757484166,0.004838001581745033,0.003922796711562613,0.0056235971763349095,0.045286733623636895,0.0014164800103965518,0.0003759648276624079,0.0007588708442840076,0.0033883068511284566,0.0006624975586475183,0.07136728217092599,0.0037618137216297435
W000adee795ae7cdb0006,0.8173216687325033,0.002970636240898538,0.004562188628754008,0.00447407502469296,0.00673102547310663,0.0469264665438876,0.0014154764479293775,0.0009313200046070136,0.00020288405733142207,0.005332494749599223,0.0006620731303791213,0.1035805175620177,0.004318870725450232
W00d9b92b429254d10000,0.0027855848800613166,0.9897695544368564,0.0005624095936719946,0.0012572259091949412,0.00017100215037948834,0.0002791307314337962,0.0016704810115408019,1.419234542361884e-06,1.5717330157597544e-06,0.0005573020024211913,0.0008070677486383063,0.001391649110785045,1.299319671814208e-06
W00d9b92b429254d10001,0.003340123062290368,0.989343557682581,0.0005667321649388494,0.0012575991950081226,0.00015366687955856428,0.00027866188166932905,0.0016704914525240882,1.3004167693657181e-06,0.00010300126503808977,0.0005572956336564973,0.0005912951009966613,0.001391604993916638,1.115222527834608e-06
W00d9b92b429254d10002,0.003342293076088467,0.988814646946383,0.0005655444173585577,0.0012558060325455114,0.00015174022386854684,0.00027868044510347427,0.002227862782413337,1.269037229056161e-06,9.517966743037112e-05,0.0005573172571133817,0.0005732828681182609,0.0013916301918334758,1.2401851645015906e-06
W00d9b92b429254d10003,0.002046594654354542,0.9907460849938218,0.000563237378331516,0.001116945688044572,1.7691311171683547e-05,8.972780412410495e-07,0.0022270149057082734,1.296898578973477e-06,1.4405694453150423e-06,0.0005572908708940406,0.0005852136684987796,0.00139164250981816,1.144951583631215e-06
W00d9b92b429254d10004,0.0014908887326815414,0.9913210177453791,0.0005632115276942253,0.0011169366232585938,1.4003522306411808e-05,9.107240195088265e-07,0.0022275244673768575,1.2967420377192645e-06,1.317069390687374e-06,0.0005572908704611578,0.0005693859083348522,0.0013916615835002759,1.145811320365997e-06
W00d9b92b429254d10005,0.0011195896748973342,0.9910687224133,0.0005635116182105497,0.0016722982020961567,2.092437787306771e-05,1.4942715920697319e-06,0.0022257546138261743,1.2963925877119067e-06,1.994032572372256e-06,0.0005573125876883331,0.0006308980118492108,0.0013916482501260244,1.0913877308202538e-06
W00d9b92b429254d10006,0.0027846077945522865,0.9897094745288447,0.000562204241820756,0.0018126425489623744,0.0001767609741258523,0.000279287974853586,0.0019484915134956769,1.4025874548482892e-06,3.277648550004947e-06,1.7399290151157235e-06,0.0005842836327409655,0.001391625724728487,1.1224540972041014e-06
W011c5210582bb0430000,0.03801772975712849,0.0016387462838772134,0.5752938300578849,0.16238570316132603,0.08018528582858668,0.019293138841214995,0.0078073881308563,0.00452028789083515,0.02366084932267791,0.010029939128252278,0.011466890784502084,0.019483978654892996,0.01171825863810889
W011c5210582bb0430001,0.03829978932998417,0.0012102897157491041,0.5593037289024427,0.19842895665207053,0.07447097917043784,0.014252463289005026,0.009893415493468515,0.0024697293341026166,0.01905553573616521,0.012633808973738059,0.008168934253581821,0.02024218445265746,0.014193567637575998
W011c5210582bb0430002,0.035520918270063,0.0015398777915706853,0.5307353844102737,0.19695283576134115,0.10453551320063884,0.01840983957989043,0.010631123261493212,0.0030812137971762254,0.018102666223877288,0.009791609410222038,0.008185500924141737,0.01868270764527242,0.016088343122843102
W011c5210582bb0430003,0.023325724986763764,0.0009534714046036066,0.521420191935681,0.22253911525511352,0.08887547418068041,0.021439777695021044,0.011015393178155955,0.003258447812354326,0.024447043364325117,0.010015848536805904,0.008592854957707606,0.017950907251821555,0.02002683021857527
W011c5210582bb0430004,0.022476926390246642,0.0012881309908742951,0.5783387105945593,0.18353099464405914,0.08274330562347183,0.017016418370555224,0.010020568751259132,0.0031954739645973424,0.019926581215492324,0.012480120117371794,0.007123859926796561,0.015599251243397132,0.014256133619701558
W011c5210582bb0430005,0.031886623480443875,0.0011751146345531,0.5713966182915452,0.19078574348928692,0.07398950632977333,0.017807211941956846,0.010147373761790358,0.0027531425278394723,0.019522497051690093,0.012884292390882835,0.009481049104019968,0.012434911544458676,0.014197141119511357
W011c5210582bb0430006,0.025814301078337733,0.0013124566721382873,0.5676540308996376,0.1965284489368704,0.08809934030544687,0.019075801311513662,0.00838401147262282,0.0027801426087214116,0.020418955451824525,0.008405621951204676,0.00922463619638633,0.017078593112167768,0.010254555129014721
W01dad0ab3839cd3a0000,0.003248289497690899,0.0009544747382360971,0.04290074519258474,0.046720794669935194,0.017761525430381245,0.006668930544548153,0.018194377173162777,0.10079236815089239,0.03981536049689103,0.23669267803910854,0.2759982663382355,0.0037786880619638708,0.05628265059650969
W01dad0ab3839cd3a0001,0.004070623205439003,0.00025919696680188877,0.03622102027492389,0.027108387077225477,0.01711772766937122,0.007582816459270099,0.021550845361443607,0.33375352329336677,0.03675425023384832,0.30307659972214923,0.03385798772323243,0.0019645702586088333,0.05784103824102458
W01dad0ab3839cd3a0002,0.004623368173378607,0.0002508642434409569,0.036810210607187616,0.02672468768777251,0.017137350999859656,0.009248039428830544,0.022260562912129148,0.05539037226466682,0.036771075186628976,0.2998571412055677,0.03475755431392231,0.0012072669905088078,0.06076066820537924
W01dad0ab3839cd3a0003,0.00518051275423595,0.00038254543334535204,0.04123310190941455,0.024325282645349906,0.01715409505653139,0.00939017874103239,0.020781839079319377,0.07934244922111779,0.039287320686311175,0.26101556897574274,0.039756820575153354,0.0008597897584262005,0.06465746687778996
W01dad0ab3839cd3a0004,0.00435056103563734,0.00039592689972947794,0.041813658940604376,0.025844008706385018,0.01663867983392227,0.009401063717192263,0.020586976292900204,0.32058194476612567,0.04001528040998577,0.2694030553965668,0.03870273575358835,0.001982300276853833,0.06674176407829226
W01dad0ab3839cd3a0005,0.0037551068312617042,0.00035555206807639183,0.043005170156628726,0.05936445546090779,0.016635382930418188,0.009607523499219254,0.017827834527707472,0.27949758817334686,0.04252178521847338,0.2644211053745725,0.038798190132671016,0.0024507823483169463,0.07218353240281412
W01dad0ab3839cd3a0006,0.0037177359240585864,0.00070188438049432,0.042945300835286054,0.06443531757035173,0.02051053999313848,0.009548622814603865,0.022193234703522483,0.2634683927266229,0.04552953533232773,0.15256621705433687,0.05021107138914624,0.003494863909028025,0.10398950452468407
W0257b7e5d137a4440000,0.0020550025441069815,1.8633006134850863e-05,0.0017021569669800178,9.027000386512879e-05,0.0031661138823526774,0.05108969089790916,0.0005755482084842814,1.1555020928444743e-05,2.631217467530492e-05,0.0005827768160459231,2.3044928490460035e-05,0.6007984406586243,0.3392772416305699
W0257b7e5d137a4440001,0.009333564415366483,1.151658587976609e-05,0.0017665395836151418,0.0022512522015401266,0.004896358049512662,0.25340630531535996,0.0011317505175530618,1.9256661768064152e-05,1.3387528398602792e-05,0.0031232536139898085,1.319818231794683e-05,0.6111919273792025,0.11171560722136888
W0257b7e5d137a4440002,0.0020099640223855395,9.716760344791685e-06,0.0016903684907256925,0.0009463791602025528,0.0019732215043578877,0.28253497542231754,0.0011234111689517401,1.244921617102081e-05,1.201913425547895e-05,0.0005692168365145438,1.213179992844279e-05,0.6763435264714921,0.032193220126077865
W0257b7e5d137a4440003,0.002205648426968664,0.0005642990598409158,0.0026563360082678448,0.0006824965650960253,0.0017141144553659267,0.3831085765926819,0.004346161581693525,6.323688775346743e-06,1.2006564135647301e-05,1.3898858759643733e-05,1.034249912111414e-05,0.5875937008850399,0.016380418184237102
W0257b7e5d137a4440004,0.00214577224298732,7.708913133437815e-06,0.0015487312950649955,0.004870527210134054,0.002853014756374439,0.2571151185783159,0.00438763975145823,5.424759991085664e-06,1.0550465354315509e-05,3.783284351784256e-05,8.304337913257138e-06,0.6836857129724129,0.042620392682772484
W0257b7e5d137a4440005,0.001422078317119993,7.080010186944301e-06,0.0022463309783593284,0.0010393453005584452,0.002539430935373416,0.051921209620809615,0.0037710884540789837,4.356266679874038e-06,9.268942444432579e-06,1.019412050277842e-05,9.136832140376774e-06,0.9217084932519225,0.014607329056862699
W0257b7e5d137a4440006,0.001404901439055361,8.028881138585437e-06,0.001920390816231213,0.003280661922426262,0.002804677909965637,0.35206614293749383,0.0008549632760862835,6.603713717372628e-06,9.184959894504582e-06,0.0005656865735698265,7.431067883048885e-06,0.6157735585617168,0.0207325427548552
W0290b13796da5daa0000,0.006882193274261775,0.0013824684621118492,0.3133499134459799,0.22393139359841327,0.040198936755177155,0.07830458464648704,0.013448218470681499,0.01900145305528517,0.08166541200255116,0.05439164325114052,0.0517703613767533,0.005672036109675221,0.018691411271940368
W0290b13796da5daa0001,0.006987830688098266,0.0013936514157460462,0.28170015219069855,0.21714101873776817,0.05648849282265762,0.08292227754487497,0.017408168225351697,0.019819768952615772,0.07572480595965995,0.058104108767354425,0.044343677813681266,0.005329487104044857,0.01649269756336104
W0290b13796da5daa0002,0.007506090268087263,0.001393523311516331,0.27538874541051284,0.2070872391935832,0.06896362042175092,0.08380763939155156,0.016481454082662668,0.020014907685106335,0.06891819914613335,0.06014293608278075,0.041193204339197924,0.005322484548354983,0.02164759027224754
W0290b13796da5daa0003,0.007872018734255621,0.0013664727797964953,0.24813917207754166,0.23284962241816295,0.07106122895031707,0.08757034606277907,0.01724356074533406,0.020192694201116242,0.0671568493736941,0.059443637750304305,0.04094321383908166,0.005467316996824825,0.03652276162405888
W0290b13796da5daa0004,0.0071742159303486,0.001526527200361478,0.2428749896617552,0.2035659272342804,0.07740876563276533,0.08958522388128415,0.033037314166711976,0.020531352106019293,0.07512893915199621,0.06120567375653816,0.043190252062722874,0.005623338211288029,0.02533691448099147
W0290b13796da5daa0005,0.007075642905272498,0.001386706435910075,0.23053895664964327,0.2213683286714548,0.08167285652913665,0.08868248932292529,0.03260350380102739,0.01906340032576461,0.07456419449161424,0.060916395444396684,0.04155132614196414,0.00554444559633737,0.023705181174699993
W0290b13796da5daa0006,0.006825138497002453,0.001443380437568599,0.22748307260184178,0.20870731189146707,0.0903068285323307,0.08535717469128114,0.0379732031786353,0.02002629551906918,0.07071210815443933,0.05940216734128726,0.048309567113372046,0.0050151318708904985,0.02440447316308703
W02e28fb5a87e30ff0000,0.0011125505004744908,0.0005577550919547657,0.014673064312713036,0.009949417657797603,0.002293953290180877,0.0019468355205157707,0.00895402422568253,0.9222250054637384,0.004625021387862168,0.0011467677444712478,0.007515578333591418,0.002177684103292174,0.0032294036506282913
W02e28fb5a87e30ff0001,0.0005570016632925439,0.0005578338422462625,0.016713838345401858,0.009811002019349499,0.0020157139963692568,0.0013910287279239146,0.008817230915215678,0.9235879987680432,0.0044884489094143805,0.0011350358520778492,0.006400721860253407,0.0024091942315808508,0.003139356070899515
W02e28fb5a87e30ff0002,0.0005570036749840089,0.0005575691283051797,0.015648698115611297,0.009950048299258708,0.0020149917520725594,0.001807637262560735,0.01333430724959597,0.9209481154108387,0.00435326057702068,0.0013095140637140953,0.006690833560387245,0.002409248288440843,0.002248660458368575
W02e28fb5a87e30ff0003,0.0011125485584333869,0.0005574427963689781,0.01383789042047325,0.010088763872831833,0.0020246828111053937,0.0013909518028064312,0.010290525454039027,0.9237212170162977,0.004770584289824094,0.0004698157582930576,0.007148172186920591,0.0031036703545898867,0.0032966035609215028
W02e28fb5a87e30ff0004,0.0005569935486449527,1.8945662088950426e-06,0.007542257410172161,0.006024103037501855,0.0016843193166754765,0.0006964813945822718,0.006921370875594745,0.9434687885613405,0.0056938747244840915,0.0015339636543434546,0.006416757374369842,0.002131441731155979,0.001630382003185126
W02e28fb5a87e30ff0005,0.001112584138487762,0.000557618229130576,0.014113090959355607,0.010551896184844431,0.0018349203335802208,0.0019465546190454979,0.012361094606089907,0.9199430588427807,0.0050048291352032094,0.0018580943014114002,0.00797370035466962,0.0021315511998240815,0.0034450604559055726
W02e28fb5a87e30ff0006,0.0005569999520642422,0.0005579051206090547,0.013885113980039481,0.01078239354752844,0.0023025909637034575,0.0012522547286619393,0.008531102431742224,0.818595855876861,0.004584295093896159,0.0013373908020824867,0.006413024328521419,0.0017609872714342682,0.003253935423139421
W048d92294828d32c0000,0.058543978814707597,0.002905074903728924,0.2350549429205003,0.08591454145078231,0.3593207026489012,0.07379962961628032,0.013117169187344936,0.004599301085609215,0.00361477501225029,0.10232014370467368,0.016000973076335752,0.0167326148402839,0.01695957551989132
W048d92294828d32c0001,0.04405286130272448,0.0014982850077433995,0.18052743998231666,0.07985345357415594,0.4258784676122431,0.04093967340718566,0.012005652233984398,0.005710985894274624,0.0030807370949593313,0.1535380907073503,0.014371941785485554,0.01131466635009634,0.013689078186022297
W048d92294828d32c0002,0.06426337535105633,0.002040912656798941,0.16124584227511707,0.08821194599707904,0.3940176225695345,0.04046354193721439,0.011036879499798235,0.0037589306247925347,0.0034475041303066154,0.17693845403250932,0.013252036347375392,0.010741374355648403,0.0157388556842664
W048d92294828d32c0003,0.03104058103220774,0.0014201403855275889,0.15488597132426302,0.07887937233231326,0.43653986861432087,0.07626149316356025,0.015745669115783543,0.0022657967230247777,0.0034909540660828533,0.13680798758928087,0.013828191765121092,0.012945539303783117,0.02427594659987304
W048d92294828d32c0004,0.03139201236310761,0.0012541993035498872,0.1871129317775155,0.08228159269970342,0.44706038845046153,0.04913816047305018,0.015754256893054396,0.002009119714560282,0.0027625921537485893,0.11982860983130635,0.010973606310715379,0.012164789937664,0.02240620484978664
W048d92294828d32c0005,0.04970628163919255,0.0018050986650117171,0.15223702996323404,0.07527087732008766,0.43356929761765034,0.045353485880062716,0.018350384032119058,0.0028247472038519235,0.003228351406816654,0.1595086390868419,0.013204015439651641,0.013793888610738816,0.0183533764463264
W048d92294828d32c0006,0.06445116422397289,0.002000389179627692,0.14971103420327503,0.07992939482756592,0.4316705875025662,0.04354500881669833,0.014178528236929337,0.004737956156461906,0.0037685966745336125,0.151039346400682,0.012426205688260295,0.015520473857306635,0.016648566660177028
W0490aebc1737e82f0000,0.005899599352782057,0.0030013822107084484,0.24541844628996723,0.03303099009389639,0.023251949657347285,0.037456282282445255,0.5116645944810136,0.002508452155231196,0.020053957067859972,0.004737411162297726,0.01946349206073887,0.061410620414139805,0.007815353305366575
W0490aebc1737e82f0001,0.005771978846996013,0.0032717311636294576,0.36732703425158086,0.028629612798596753,0.023494112449229818,0.01935479559502663,0.45104734234849575,0.0021361974591150904,0.011441666787085698,0.007806548099592953,0.021846261264101354,0.021271241034814453,0.010490537021672854
W0490aebc1737e82f0002,0.0061143611410345985,0.0022126802588416446,0.21872578124942696,0.026424213787775836,0.0310284206819301,0.024688492696071086,0.6031307946306329,0.002388805218764153,0.010272106724413076,0.0055744254038288905,0.0180163242550877,0.021840119465508984,0.0090807398777678
W0490aebc1737e82f0003,0.005425009296410343,0.003541541803507188,0.28976440385704155,0.025598102137268,0.029614109752630426,0.019805765548939955,0.536701831521739,0.002906442598319662,0.008899892751351762,0.005432306172049577,0.01605241354893429,0.02255791040339969,0.013226223145472173
W0490aebc1737e82f0004,0.005421753358300307,0.0018710551478590815,0.11083057812739674,0.02417422894650691,0.02822148698761909,0.018199252317905562,0.7332685568332583,0.0026263509258268192,0.009250451028426204,0.004666319946132374,0.01350921723410583,0.019343274059817086,0.00790836222620042
W0490aebc1737e82f0005,0.0054275354112137235,0.002434814911986527,0.2387614320944007,0.022709255723243782,0.03133954103282303,0.01837774102409781,0.5933386062371976,0.0030943728167369578,0.010387902532176562,0.005762081610217324,0.01757812705155155,0.022177232503049264,0.006594658998243328
W0490aebc1737e82f0006,0.0043449726727868305,0.002475846493708322,0.274729287531864,0.025529096564678753,0.033893316625559375,0.022689792497153694,0.5440558820915289,0.002378920621146815,0.010077709022829758,0.005995017067703574,0.019414525593534016,0.02414346859430646,0.008204001874018093
W04bd8a749e25fe910000,0.009684300608966351,0.0032279548697359078,0.4049316219263106,0.05527666320568133,0.2780482647855546,0.028297815874973525,0.056401545038442406,0.014327396373820495,0.014165938998450088,0.01920521339533338,0.012649552919861562,0.025166538769122348,0.014794938304733116
W04bd8a749e25fe910001,0.02530521185488324,0.003543767725933036,0.3755298631556352,0.05224185753999692,0.19470183087358972,0.02794834531387484,0.16161660121445273,0.014175149586511735,0.011205884388219803,0.021383537231161886,0.01451352985397854,0.025314467625515393,0.014404011527420537
W04bd8a749e25fe910002,0.03540470366860716,0.005617558322687066,0.3947116582580208,0.05739186884030438,0.06308618148777449,0.029038517776242695,0.2517949439319838,0.01865721395494873,0.010970374581816433,0.02000513507866955,0.011485738418735058,0.02664211559396682,0.013821921761941063
W04bd8a749e25fe910003,0.04927564710103691,0.010377417035508348,0.331701574282669,0.06053810110675046,0.26973943056633465,0.033973256499943066,0.0639575700000404,0.016224436980074638,0.014314260589524558,0.021132503755090834,0.021793886768841725,0.028365682585257703,0.014537993842884981
W04bd8a749e25fe910004,0.14268137448675974,0.007000898548495082,0.3862665394559333,0.07929916226615856,0.11106724917608089,0.03692583596588623,0.062421992088003475,0.014913961056757942,0.012467505567675596,0.02046414297686144,0.014585992013293518,0.028878723605401554,0.013449885709297666
W04bd8a749e25fe910005,0.017868175432767846,0.003871561210115288,0.36036864770385457,0.06093068550397113,0.2812945947974244,0.03314267106396547,0.054474178917056,0.015075635267568645,0.014703339752748096,0.02085950775415549,0.01637063740411057,0.03274658671704015,0.013504534655595642
W04bd8a749e25fe910006,0.07461666174571506,0.008993972498892493,0.4220095218805581,0.08516174987809888,0.11825915435882345,0.04722686874630492,0.05671897936398617,0.02210026586347623,0.01341778409483045,0.02527458000193711,0.01513725984863692,0.03145310982818795,0.013735342468101779
W07c81bc1aa9fc7f00000,0.003409919308535751,0.005321069394404386,0.01824854470067024,0.0038947162636003107,0.024447376269922157,0.0029682158584313995,0.0027396139566571946,0.009484057153526064,0.025421600804943167,0.027496654507444394,0.5062804826923768,0.0026125744308894876,0.07280369468306645
W07c81bc1aa9fc7f00001,0.003305579164687982,0.0037219831424114788,0.02120379922219631,0.004697887073267828,0.02569535348678389,0.004285664029156023,0.004565715705158874,0.008699399029932137,0.027987424517911124,0.018904612462275577,0.5414932779715445,0.0019505694270550596,0.06491510292227375
W07c81bc1aa9fc7f00002,0.0013403756863396444,0.00386353645316368,0.018724056784567285,0.00409944235495634,0.02070322246341895,0.002247156417594755,0.004758261088325619,0.009205782210479654,0.028780787575719204,0.018945478773751842,0.5822972758623236,0.002142355156913062,0.06246446208132609
W07c81bc1aa9fc7f00003,0.001450638667135311,0.005244666294595066,0.019512557108093163,0.004154053556640408,0.025656186585476772,0.002114921453469306,0.003141028472630212,0.010908909174301118,0.03026855947684895,0.024907465203294583,0.5462431304438078,0.001858034636161753,0.059756837555461816
W07c81bc1aa9fc7f00004,0.0016860180188129602,0.009297391888715234,0.01914546797253973,0.005217399712296518,0.02866321322021875,0.0019048223663088576,0.0051563063115272105,0.019095631818390486,0.030516693451390575,0.03162306949379168,0.5121544301059147,0.0025197307527047227,0.0613252782429416
W07c81bc1aa9fc7f00005,0.0011188905967356138,0.0056195270180926194,0.01717644929978464,0.004992548114109127,0.02377008680685817,0.00046159240750744335,0.0029219333103194475,0.012042554644603349,0.03057837382455904,0.030168159841199,0.5370406428634079,0.0020255611451386155,0.05424161284486964
W07c81bc1aa9fc7f00006,0.002931880794655194,0.004680803600522286,0.018663433337104417,0.00520258945149309,0.024405758327426887,0.0017172186380085615,0.003168651926612104,0.008553175401851203,0.028472695101698628,0.026853170614442604,0.4980575243803378,0.0026819674280827346,0.057051755134885224
W08bd29d9e33fae850000,0.16577453606652434,0.010631300529604905,0.08086031856972735,0.07571470937755176,0.0991025421083551,0.1640807064338441,0.018171794523514365,0.01332333751506219,0.011277981632651946,0.03353925009409028,0.05636928757497069,0.02077937026437568,0.033548779436102974
W08bd29d9e33fae850001,0.1427792903412949,0.012113447363825405,0.07477794275467776,0.10144264594641898,0.08752653418692272,0.2044674451428024,0.01669657472135301,0.013795033340379502,0.012294446910726392,0.03164794627132953,0.09979701057035936,0.019382074749052965,0.025074847528967485
W08bd29d9e33fae850002,0.14362322122240398,0.012470995833688325,0.0735006845111699,0.08456892441136385,0.09438878254944173,0.2320159546337717,0.01722541625670426,0.014434752815602027,0.012349053341146514,0.030837445333797897,0.0985318918138377,0.019450634403414158,0.023459690376119644
W08bd29d9e33fae850003,0.13654954954583076,0.011609469779157692,0.06533013397334234,0.07251623237160808,0.08764056559332205,0.17970089491288269,0.01668635591201651,0.012144272552584415,0.016870155972577294,0.029233984484358894,0.09891803186350352,0.0255450137210442,0.022353460183911465
W08bd29d9e33fae850004,0.1644806258827973,0.011223315753939657,0.06282706404453083,0.08457215094042185,0.09625617104837621,0.14449417033117704,0.016110248210591597,0.010902726337188915,0.016592941313475888,0.029179076014391413,0.09336207715833511,0.018190951648368748,0.019190958541994232
W08bd29d9e33fae850005,0.16841103576822336,0.010783805319665996,0.07295340815160406,0.10238252360336307,0.11076764141040853,0.12717716457104863,0.026199414039033312,0.011035375493081137,0.012079651414490153,0.03025376989741164,0.09165915811615238,0.01633432800515461,0.022616922964129565
W08bd29d9e33fae850006,0.136736379632953,0.011674032941648614,0.06933938047962307,0.08275470217071025,0.09134364735549551,0.2017407155219355,0.027687716570998337,0.016577296922487193,0.01371361645525481,0.029139269084844713,0.09617668548926177,0.015831598933924773,0.0248183201529155
W0b460f4a0d46f8570000,0.9161108697882364,0.00556317355801846,0.003195520959672796,0.009541800430759693,0.0020207948414158457,0.012672867885602075,0.0011519847567278646,6.145691777874625e-06,0.0016812459408719223,0.00538973005438731,0.0019529977102112584,0.03517440051430879,0.0029881945922341437
W0b460f4a0d46f8570001,0.9229098982254382,0.00574540618693162,0.0023271364895743967,0.010062834520715307,0.0016997708617641795,0.014554563343254626,0.00057903446425971,5.102986798558119e-06,0.0016755325962858442,0.0021679997460102595,5.023118196726772e-06,0.033422150285673795,0.0034311819447606605
W0b460f4a0d46f8570002,0.9225526388459202,0.006299594522103769,0.0025899563496384337,0.011446690310469023,0.0026640298388326705,0.014642326630627695,4.7021787961985185e-06,3.6075440684137226e-06,0.0016729857454869852,0.0021562796065408363,3.556594531605223e-06,0.03150536660995853,0.0030577720464992734
W0b460f4a0d46f8570003,0.963144528312617,0.006298920227277741,0.0022592021465658685,0.0069340502343850285,0.0037754051744407348,0.004951403219627224,0.0005592935312835147,2.8699981375734883e-06,0.0011161734969613827,0.00048741904544793367,0.0002806251547901982,0.0075807333653079845,0.0017620678568961096
W0b460f4a0d46f8570004,0.9620392730554987,0.00740920818680193,0.00225003914160029,0.00619069757353872,0.0028033148675887017,0.004949172022199453,0.0005579431565145097,1.7291897650685213e-06,0.0008367065996576455,0.0011302867835165748,2.0118993994159315e-06,0.009959263160257322,0.0011123968138831118
W0b460f4a0d46f8570005,0.9187900162428281,0.005189554058254743,0.002348230573439965,0.011263146405087741,0.00295836733094081,0.0145540420836052,5.785923275613846e-06,4.813207514174207e-06,0.0016750151857876962,0.002721345536335256,4.7697724637175455e-06,0.03675208264210452,0.0028753361136654256
W0b460f4a0d46f8570006,0.8926305688265287,0.022734770435978588,0.0027047436923414506,0.01223089067034296,0.001272504684244597,0.013697286990222744,4.366352435285096e-06,3.135495842099517e-06,0.0016730016177265018,0.0084895731138027,3.5465969508028286e-06,0.03507402558109937,0.00863254151016088
W0b4c6c6d3c8992600000,0.006681173044039059,0.003171626456552142,0.06516502545007398,0.3407861852174992,0.031148744001140538,0.0097434090910872,0.017619957029460027,0.03607178269205094,0.0064040779653908066,0.04144003609269729,0.05039166340135646,0.028904467819143492,0.022225395870364418
W0b4c6c6d3c8992600001,0.004445547995119015,0.002790889257099371,0.0587649064733475,0.3119344692155602,0.02882084017562639,0.008617303913489003,0.012031420761593114,0.050867148529899875,0.008134045841408944,0.03748218615746571,0.0436992726220246,0.019601622695218136,0.016506055234509404
W0b4c6c6d3c8992600002,0.00440811173088569,0.0024381624154629277,0.05467927703669096,0.24413023622303925,0.03640919606147788,0.008362499850736501,0.01565151731451228,0.05767701685388586,0.006637765939614926,0.03388155357558775,0.038577657793767844,0.016173391092460736,0.017700647361395996
W0b4c6c6d3c8992600003,0.004454531708308851,0.0025228847610734525,0.0613297473655435,0.21498515887123573,0.038589965523066455,0.009493682013195823,0.01648502108762439,0.058348365977033016,0.007147361109664417,0.03572297497464906,0.038975469603308416,0.01771283175725855,0.018677368993352986
W0b4c6c6d3c8992600004,0.005292557288305383,0.0030291535883270244,0.062496588508011534,0.2855872189132856,0.03781022404147662,0.010630026240537943,0.019273289257546844,0.04898192649662699,0.007317023658124209,0.03910985081843089,0.04184764082404332,0.021807159574149082,0.020678757034858688
W0b4c6c6d3c8992600005,0.006525715610808063,0.0027669500294626847,0.058773107241086794,0.2629429039284332,0.03559788995501655,0.008550419475729733,0.016862748784206447,0.04846409994172784,0.006795989459983445,0.039082926833719216,0.04034243262409586,0.043229126636391745,0.01914043663796051
W0b4c6c6d3c8992600006,0.004658756557955782,0.002505178867184042,0.0533969315843119,0.1970005973434666,0.03397082835633028,0.008340182968668244,0.019625913189723017,0.05525121471537188,0.006715514259255673,0.03569294144567233,0.03599206762810862,0.06801115266368585,0.01856989989462135
W0bc3a2bd2bbfa8550000,0.004830228299675884,0.0013241739355969334,0.09012608690888922,0.03662338947142896,0.029262528707938253,0.060897949698185426,0.6858433874843937,0.004139507386565609,0.0054161642729172645,0.006496715044292159,0.02823661277362539,0.02025717081056952,0.005431119212807955
W0bc3a2bd2bbfa8550001,0.004849301819887854,0.0008315066038786296,0.2119860147945305,0.04806119135401949,0.04011602666656875,0.1212335180907575,0.47148141341469885,0.004186036917153411,0.005450878603575342,0.007416817783611734,0.02903922926577565,0.024760428154032933,0.0063728076719534385
W0bc3a2bd2bbfa8550002,0.004276312613894066,0.0008087120491986143,0.05230518084321461,0.040820258746427786,0.03499969462583889,0.10731772620827944,0.6691195225823562,0.0036145641923875944,0.0033617815829079605,0.007695746695482141,0.028718074524946485,0.018265742129413603,0.006344657507962501
W0bc3a2bd2bbfa8550003,0.003345491359828799,0.0013230941283166988,0.04311764685584742,0.046217013995947236,0.039596279799042816,0.01498625103918539,0.7503928656963362,0.004424466318840738,0.004190530514898137,0.012144258979970042,0.038651015512844854,0.0035481445179632656,0.008255614057890518
W0bc3a2bd2bbfa8550004,0.005707022462985086,0.0013823201545277767,0.04388462930163844,0.047385369834181006,0.045897333134246904,0.014930585483685284,0.740825950334658,0.0039052706108029405,0.0048790992724235165,0.01296016984985869,0.03364851371107188,0.0042838119496040016,0.009247909609713884
W0bc3a2bd2bbfa8550005,0.0043199325110341085,0.0008263615323276475,0.04708114050882021,0.04911933275857542,0.04477604757288814,0.024774253846667496,0.7384372230753371,0.003497057979815236,0.005619569496935688,0.012237317003519066,0.03098780353736669,0.004013068972441782,0.006052878142776056
W0bc3a2bd2bbfa8550006,0.004846863275298931,0.0013481897403676436,0.04644140098204463,0.04562673919965427,0.03615097373074961,0.02252703511488584,0.7521811422154626,0.002773017426180783,0.0042686725508445265,0.012260304341731547,0.033930049687662514,0.003622342023230206,0.007142602531534314
W0c9deb460d4cdf680000,0.022603554191339154,0.0033096895036906753,0.3064411582328416,0.030115322447274297,0.025520222309151405,0.011525806370057746,0.017675077905073586,0.014756836100001183,0.03692082427223446,0.04174440578229882,0.027055215103620283,0.0053063782424879885,0.03156722415524734
W0c9deb460d4cdf680001,0.03962072769989322,0.007055804209828469,0.2153522065982827,0.02992486912846938,0.03895621367201036,0.017882172469061104,0.02547345173378226,0.01687707388938814,0.03696452437604816,0.1136305676141466,0.0333196908769918,0.0051956438286160835,0.03893781362610316
W0c9deb460d4cdf680002,0.026816372180941656,0.0016064097113223728,0.28357973194949654,0.030477424813934405,0.02196319867818287,0.012603572726134831,0.014275248417441695,0.013230507087985151,0.03731967239930389,0.09905582310250799,0.021683275660968237,0.004015755448091937,0.03551079901460638
W0c9deb460d4cdf680003,0.03126926651963455,0.004460460749010337,0.31025626454577543,0.04535620779360161,0.030646744479177594,0.012375869089237641,0.017930603828441617,0.014557889497149876,0.039382064462909996,0.09046539033340806,0.02838589283033024,0.008472310305101573,0.046567067078753854
W0c9deb460d4cdf680004,0.0573948936249324,0.0035193943849622885,0.21313660570679355,0.03562667852690591,0.03161206583694801,0.014437238443410445,0.020098984542417334,0.01133745146997515,0.04987431889708906,0.23353790298807037,0.025893253058345837,0.004028730946470077,0.046919353696252206
W0c9deb460d4cdf680005,0.016996475408996587,0.0039732354744563166,0.35455348341638376,0.042389005111578476,0.030824056596674906,0.012654699540543013,0.025568676002912395,0.014178996764833099,0.06709996310709614,0.07812452452438608,0.02996577535550569,0.006543689517598137,0.050545134508081284
W0c9deb460d4cdf680006,0.03065485048175534,0.0026621062656549143,0.34406291443202736,0.02981775058905516,0.027339004238133967,0.011809108574957887,0.020799559004929868,0.016660406987001417,0.03835784297522297,0.16168145332812464,0.026338807103018794,0.0032754647296679216,0.04505434429359872
W0cef648f9afc97ca0000,0.009745256094177318,0.0037746787823481425,0.25079909777943454,0.10244394441443398,0.027931058409296387,0.10455639018590865,0.037790642669621344,0.012564946262041672,0.01926844006545151,0.029242258746060172,0.013269385663887353,0.006350812169915223,0.06857178887479018
W0cef648f9afc97ca0001,0.011969019106418075,0.0060178739699118175,0.24466963174829628,0.18180918825662584,0.026033458323718537,0.11328902589312491,0.016137508393421394,0.012074688242888378,0.019986923273572675,0.035810970140017016,0.01091826898555011,0.006438512478011443,0.047310071984472825
W0cef648f9afc97ca0002,0.00949442223011214,0.0036574327089542455,0.22769267658722264,0.11886250248036065,0.023103824321468597,0.0562856253165961,0.23739692197474385,0.013824190738891717,0.01823400600580324,0.027705303287151536,0.01075823389167136,0.02817998979956555,0.030358735536136182
W0cef648f9afc97ca0003,0.012228862718228142,0.003352479535738401,0.20783209876183753,0.08977035457956783,0.023015765101587288,0.25203544273970246,0.1184973908933308,0.013985508271437951,0.020373637388267023,0.02716001944944709,0.013899095488526832,0.011561769368923162,0.032772197929055114
W0cef648f9afc97ca0004,0.015085299520802993,0.004536066225560642,0.2624064816373862,0.10867338623107327,0.027001027936753744,0.26884630239130514,0.040733516952358474,0.012148621619146602,0.021826998905391387,0.03306097053382867,0.013050030074124256,0.00734238772434809,0.03555948896158616
W0cef648f9afc97ca0005,0.010356640485041382,0.003776576134062404,0.22644502318981838,0.058351529666913,0.022906381090521413,0.008462458188433776,0.07214881844042388,0.012939691368622669,0.01660773971570335,0.02940560918769403,0.013117371448823288,0.15752153409786598,0.049901342258776356
W0cef648f9afc97ca0006,0.008412992641092468,0.0033450726039788666,0.16776736382140428,0.048343406202977945,0.02133021304905804,0.008737804003654908,0.17641933236363005,0.012802161513547215,0.01667234538695499,0.028152464604507543,0.011958485623779172,0.2911251773420932,0.030983487729172962
W0e5a0e62ce08e1d40000,0.005559379202051046,0.6392041227510106,0.003343461702886815,0.0027885594051209254,0.002009699090651301,0.0005565393931165529,0.3398328905509204,0.0008359248610415484,0.00022335368822451237,0.001255132861950727,0.0022818845918690825,0.000556744754374589,3.383036498867542e-06
W0e5a0e62ce08e1d40001,0.005045524767950967,0.960780470910331,0.004012723494640572,0.0030695655218434966,0.0016179719595679329,0.0005623796499485125,0.016839792769476777,0.0008364466853878691,4.209425932871061e-06,0.0015325497706346178,0.003037196270721441,0.0008342121606639561,1.491381731354073e-06
W0e5a0e62ce08e1d40002,0.005559347689806755,0.644710319209062,0.0033429246379554603,0.0027864461126062747,0.0011220423038509392,1.015557878334839e-06,0.33738249198005826,0.0005637947858824251,1.1530927158913977e-06,0.0006983951051612363,0.002003667174157182,0.000556435819260447,1.5317830712510983e-06
W0e5a0e62ce08e1d40003,0.0033383137623704566,0.9257784665139434,0.005049791216843015,0.0025146546244838638,0.02300930788777198,0.00027086327519088406,0.03343784034424187,0.0006505594944391391,5.06364014427537e-06,0.0012593603993795918,0.002809662951632895,0.00027865506930144733,1.7022687737222077e-06
W0e5a0e62ce08e1d40004,0.005003788168007619,0.6450595075227668,0.003340685847942198,0.0025086956641974783,0.0016776696702371073,0.0005573974382425842,0.3368398405986158,0.0005667504655201929,1.073869330976202e-06,0.0007041851112006234,0.0020038100569385667,0.00027866190376417497,1.6616664530429485e-06
W0e5a0e62ce08e1d40005,0.005586571641954102,0.8306542729125862,0.0028002340457034956,0.002508724301050711,0.0011508798764165073,0.0005579981196913804,0.15064734601425897,0.0005866521857986893,3.0055820404094703e-06,0.0007042610546842968,0.002229947739750803,0.0005564518250365857,1.4842171046327896e-06
W0e5a0e62ce08e1d40006,0.0055593128617157424,0.6434085449541197,0.0033405611025043914,0.002508798992663046,0.0011224258875457325,0.0005574731239247435,0.337662507551328,0.0005617557991547915,1.0847582822476638e-06,0.0007041997033965445,0.002559240783391827,0.0005564505108055862,1.5264569389255135e-06
W0e9796c7c593dd980000,0.0008401471304247907,1.2342382424840789e-05,0.03512202514946312,0.013081802142880745,0.011398533956095878,0.32759884272342293,0.002545716409773364,6.422815569394737e-06,0.0005667882735996816,0.0022360012564151778,0.00012787472639783402,0.6016527162029107,0.004434244921667641
W0e9796c7c593dd980001,0.0014014265587521785,3.658255611997273e-05,0.020202731291882835,0.020968595630093408,0.024197371596186408,0.24272471596869266,0.0033822233625056403,1.2489686717132471e-05,0.0013611777200694618,0.002524499853040628,0.000706142518375762,0.5181867172413749,0.1636368134872638
W0e9796c7c593dd980002,0.00042887690618157435,0.00019875389826529187,0.04371576676197908,0.017205313364047573,0.050186248948122125,0.2808995964771902,0.0020758968792383226,1.954497102250578e-05,2.363179773421176e-05,0.0028013408477449322,0.00020527329200376737,0.422990394147377,0.1785908161826286
W0e9796c7c593dd980003,0.0020566577055688047,0.00015050720542886367,0.13157319291186137,0.017701835693121018,0.01790643356881502,0.5028269333527741,0.002226378333786352,3.6406212482946247e-05,3.342942528355323e-05,0.002818581081259065,0.0009069901433779423,0.2912091332142187,0.029424365666899256
W0e9796c7c593dd980004,0.0015047833666357827,0.0001457181921595681,0.04458251402931085,0.01897461257994497,0.014736216662631167,0.5239783037001725,0.0020979780849890396,2.183759781522216e-05,1.243238252204415e-05,0.002438607736433886,0.0002589715402021886,0.3736009078189005,0.017262825449575536
W0e9796c7c593dd980005,0.00042629008914193126,3.2417970867814574e-05,0.049861217386650676,0.026543355024432575,0.01448282859128125,0.3035872024091894,0.001517700609502479,1.5070954320955194e-05,0.0005627874863880583,0.0025207174208770372,0.0001490147145248531,0.5815491264457918,0.01837388944839014
W0e9796c7c593dd980006,1.2539528681281683e-05,4.609229091388189e-05,0.09102814005951444,0.026707929294504607,0.017317055054492377,0.22766952815456906,0.0015201172391609943,3.0902253205712355e-05,0.0005745929376146514,0.002246591593386235,0.00014843205970069753,0.6249995989666504,0.006297285289073887
W0ec28fea344854cd0000,0.016212403402767715,0.005817759048059293,0.22985694338179477,0.0438501770861328,0.02909458822444129,0.03622949077001428,0.01382689027332322,0.07484740920866374,0.02089472455587628,0.09967872336182548,0.17798997190019467,0.024000241322929817,0.09427857483058436
W0ec28fea344854cd0001,0.015979896237861134,0.0060140970424581415,0.3129701871454063,0.0416241376543531,0.023328646529765254,0.03875377110407661,0.014854467700492884,0.07849025579158744,0.02019036180411138,0.1020740730282777,0.19746999618929686,0.011470959873843422,0.056749701520098006
W0ec28fea344854cd0002,0.017384354876233646,0.008202988619718006,0.2541247900241751,0.04282274945098127,0.02564705395934086,0.06299306007583501,0.01688122882363555,0.07856546241701877,0.021175265207889888,0.1032101765358925,0.1841506961858509,0.013023453593946925,0.07766787262614483
W0ec28fea344854cd0003,0.01740245133298852,0.006784568787813816,0.2596009772361929,0.0493123357731952,0.025975659179168404,0.03415958610759557,0.015300478829793874,0.07853680431533812,0.019716705686749686,0.11101411085348226,0.20262729047879574,0.010519315767335568,0.06462488891813174
W0ec28fea344854cd0004,0.016834998140264557,0.006501873235767206,0.28210732963837964,0.045284917177837836,0.023940037917820952,0.028807721477174877,0.01427385316582925,0.07989926144848554,0.020460621985346532,0.10922364162252733,0.20806000782944278,0.011570103028431018,0.04348203152495997
W0ec28fea344854cd0005,0.01601318744451632,0.007490459340387193,0.19945298082259177,0.051625269863698586,0.025423936558667624,0.028280257417601266,0.013417357120348923,0.08070431720970465,0.01895642544842189,0.11639791926570538,0.19719493486414108,0.015401776750902036,0.05898474103320687
W0ec28fea344854cd0006,0.017515038366333134,0.010879963790145499,0.2505608839084627,0.06195296706258096,0.02609092834264212,0.02912265840544584,0.015710597863085898,0.08257807463519708,0.020183754737344756,0.06348988699609955,0.23339349778726817,0.013039297283659101,0.05515418124469589
W0f4adaf45b7388430000,0.005621000520409596,0.00031542430185066466,0.6005759396063562,0.07010422334253845,0.16564099520583603,0.028161319916213623,0.008383226256349031,0.05594681189303553,0.0007702040796588359,0.0027339752535208363,0.007806545616283582,0.04246373032439712,0.0035208982401524814
W0f4adaf45b7388430001,0.005479796457765458,0.00031172459171593925,0.517350459874116,0.06510464823547868,0.16316622873188952,0.029136386028441045,0.0061529360776072075,0.05518430234708833,0.0007625539623438649,0.0027998067800641367,0.008739204876620983,0.13240768227297464,0.0033540236435392603
W0f4adaf45b7388430002,0.005462367776311539,0.00027996991275391333,0.6343123500191497,0.06758453331609089,0.16741466510946104,0.03168298199483067,0.006586507192968893,0.05404305742140012,0.0007439146139484842,0.002115779006674397,0.006189418352076014,0.012551123004820143,0.003015021793831285
W0f4adaf45b7388430003,0.005495793911518721,0.00032629663904427134,0.6625566319988413,0.06518611622801256,0.12025604764365479,0.05097725944257094,0.005564548864048459,0.05455550636916548,0.0007743144664471153,0.002122431804493781,0.0062471848269254684,0.01384119634906933,0.003724824432917228
W0f4adaf45b7388430004,0.005093492469255674,0.00034408770275141747,0.6497543223725788,0.06286014130805526,0.10576587896274303,0.07905332263812022,0.005783522328570391,0.05514565109986251,0.0007864593041869933,0.002149492167973133,0.006092132397492186,0.01766872667537618,0.003093140980499962
W0f4adaf45b7388430005,0.0047406071657502165,0.00025188242884731474,0.6299866781557746,0.06578106606455358,0.14583923912688534,0.05748328635815098,0.006264962076533908,0.05419868650059304,0.0010048483602733151,0.0020228839328358386,0.0070546962675210045,0.012867491336436335,0.0031835200634810247
W0f4adaf45b7388430006,0.004523211929769693,0.0004988175242995754,0.4795116770025387,0.06692251220498581,0.2329238541212136,0.11415368890315171,0.005660907314402522,0.05517410694631095,0.0020744480691616616,0.0023834157609791684,0.0069094711733737,0.013221058800530544,0.005998442368810491
W0f7aa67121ad4dab0000,0.0005607869710206201,0.9974669615797492,0.0005577418093017225,1.8151584554526743e-06,2.036047694765799e-06,1.0537946799453267e-06,2.8646772998747726e-06,1.1310359392643622e-06,1.0522414272283223e-06,0.0002784884803100846,3.800204529964342e-06,1.4793494990887922e-06,2.8667232098524885e-06
W0f7aa67121ad4dab0001,0.000561161243189965,0.9971897492829436,0.0005578203898044047,2.1250952250544775e-06,1.7802718408383977e-06,1.0436663954578675e-06,0.000559567084663262,8.937247450168191e-07,9.88538497607025e-07,7.106805328838017e-07,3.294539521448358e-06,1.4758645695826306e-06,3.7962791296640628e-06
W0f7aa67121ad4dab0002,0.0005605066788231444,0.9971883120421484,0.0005578204696173426,3.894737801202387e-06,1.7704493118306758e-06,1.0476521341092587e-06,0.0005593694742927375,8.920292283079263e-07,9.818013071948646e-07,7.121687818261307e-07,3.3497787527735606e-06,1.5456433785415968e-06,4.156974378350862e-06
W0f7aa67121ad4dab0003,0.0005605266684545343,0.9977431703533718,0.0005578065961105295,4.018004266535484e-06,1.8450735381225632e-06,1.0397485580366724e-06,3.709190380049531e-06,8.903377201705248e-07,9.818660331402583e-07,7.12176367139539e-07,3.4465774365418292e-06,1.5456407180144546e-06,3.924141576034684e-06
W0f7aa67121ad4dab0004,0.0005606772170029658,0.9971904296283648,0.0005578065115826867,2.1923594206476373e-06,1.774738479517844e-06,1.0476591245052682e-06,0.0005595563289468455,1.0365384706733884e-06,9.819015616793472e-07,7.121680286827368e-07,3.3159796852314373e-06,1.4758660915356993e-06,3.408820814679543e-06
W0f7aa67121ad4dab0005,0.0005606941657510119,0.9971903189323642,0.0005578064367737955,2.079494581726102e-06,1.7459798256291194e-06,1.0476590838293122e-06,0.0005596573116695107,1.0383805281388566e-06,9.81824202459177e-07,7.121677413410251e-07,3.2838584783246406e-06,1.554238196581697e-06,3.418954883055873e-06
W0f7aa67121ad4dab0006,0.0005619082302997371,0.9971889026189832,0.0005577237880140849,2.151134169348635e-06,1.8015664830590572e-06,1.054930924055383e-06,2.804437039910296e-06,1.021752012549926e-06,9.808804050940835e-07,0.000556267755374723,3.906389107173393e-06,1.5654945354800484e-06,3.2319173099837232e-06
W0ff1fcd1013fefbd0000,0.026770828966360738,0.006451827273905848,0.0033341820663659464,0.0005900910988459042,0.00031406557725033226,0.35183377929040544,3.424637210718844e-05,1.583798668997364e-05,3.079615245715058e-05,0.008254865879205507,5.607384882332904e-05,0.5683744654262814,0.030498437289771783
W0ff1fcd1013fefbd0001,0.03316696233311843,0.0002857692052071684,0.003933667828031065,0.00014274285720876386,0.003078246503181621,0.3311668603587781,1.6153727050569952e-05,1.080414771230019e-05,2.9821083530445007e-05,0.007434676928331086,2.6695779157642676e-05,0.5818245734480691,0.034202510984037024
W0ff1fcd1013fefbd0002,0.02298621374145823,0.000283552521587467,0.0014267853702869483,7.302395871286368e-05,0.00023410189580550043,0.30492575409407346,1.9777005938796944e-05,5.932775285109482e-06,1.905042096995025e-05,0.006179093812481967,1.936704698439568e-05,0.598430036945517,0.06054625207013863
W0ff1fcd1013fefbd0003,0.028672051251693177,0.0008406477860289553,0.0013983661963819544,9.060984767048181e-05,0.00017911507525442838,0.27276524459492113,2.4076563444878236e-05,7.519580952904057e-06,1.9963892558361244e-05,0.008407927773348412,2.4547074441444868e-05,0.589259758067358,0.09401342059357347
W0ff1fcd1013fefbd0004,0.027508085859182515,0.0002851094276491357,0.001398423729426822,9.095356617559768e-05,8.297429149262071e-05,0.3400307051322918,1.0666366907045398e-05,9.401462389449805e-06,1.2929137748584328e-05,0.006731523170354146,2.4491509283453337e-05,0.5898358482194539,0.02912648101830667
W0ff1fcd1013fefbd0005,0.03610901642957471,0.0005643288739183845,0.004263514181643148,0.003444475482426527,0.0051963781949475926,0.3110549756274261,0.000568260424336692,7.283268581333153e-06,4.088151757841808e-05,0.00822032301694932,2.9262655241539797e-05,0.5680435917167743,0.05676464756597813
W0ff1fcd1013fefbd0006,0.03447843958200924,0.000565158777003095,0.004842497716261466,0.003453914611367572,0.005189239912232746,0.33395258593144417,0.0005694810620936722,6.38490499537442e-06,0.000594402581603077,0.008138752106538498,3.222107351360324e-05,0.5724863989328901,0.02999212371740291
W10d509cc954647eb0000,0.016173510812604215,0.0018236667493675943,0.11038616627161252,0.017112642939232516,0.02246083777946193,0.01524638979657755,0.019723517376818114,0.014663275078116007,0.019902724973030857,0.02920896358915212,0.031126806009930078,0.003245890792555487,0.012641875273536905
W10d509cc954647eb0001,0.018800907257546167,0.0021083791859687075,0.10361404545330823,0.033175657085179056,0.026473350112616686,0.2742343505272956,0.033869691924867495,0.02018526118092517,0.02447763293373459,0.06914481583074089,0.03076481632776254,0.003437298547334846,0.016923972718857424
W10d509cc954647eb0002,0.015026229682826188,0.002140195797008788,0.1134355037613606,0.023176888982840687,0.025155595170198115,0.2433432314299573,0.04633879761056349,0.01954374012072686,0.018968178131917916,0.05148508190138486,0.03538993792966762,0.00300835241364523,0.014671513450083076
W10d509cc954647eb0003,0.01403459904567442,0.0014576227550395053,0.14919331242269382,0.03131207393446698,0.023001200775654342,0.1876820457417566,0.02361429235725132,0.014269104931999286,0.019045970595384355,0.03118871289348157,0.030916420081139397,0.001839058675080496,0.014035959030693204
W10d509cc954647eb0004,0.015583086428444118,0.001797552634709069,0.15931538236343137,0.019750216952088003,0.024726444723737934,0.23272790545319624,0.019663627082142813,0.0140301284209797,0.019064827830164735,0.03394764519079769,0.026306968302158937,0.0020999922018227544,0.014557003919853302
W10d509cc954647eb0005,0.014191094069248173,0.0011902224896144231,0.18700267476516236,0.016885889433099162,0.025724822316395207,0.20393051669379142,0.019466226240055326,0.015195850014452913,0.021561319744666255,0.034445709487212005,0.028643709148531368,0.00211893169830052,0.012897885950995506
W10d509cc954647eb0006,0.01593692241376103,0.0017501038123724241,0.2069276955445643,0.02535232015569549,0.023751521609634157,0.14557499156411519,0.023049107585804612,0.01608930886532645,0.025042860818668817,0.04265105560080112,0.03578846319302394,0.002061277187933757,0.014049405755786842
W10e2051532c96cc70000,0.0075767860573616695,0.0017092085895836784,0.05659258218385976,0.020464967788839338,0.05730249268613007,0.0758807907757334,0.014345981644589431,0.0252229133328313,0.014759133302264605,0.024915168727191923,0.19247076174732694,0.0041774607987603235,0.016071501853048266
W10e2051532c96cc70001,0.007804401444138533,0.0016485304798352497,0.05145377467388249,0.0191665622089115,0.053449119327551184,0.06962110503413081,0.013552681375016242,0.028345206249715447,0.013210922931648128,0.024581604563232183,0.19105168071639025,0.0038552456879843984,0.013247242229533373
W10e2051532c96cc70002,0.007706352122543264,0.0018121385497570936,0.06304859351302043,0.02196853582810239,0.0693703310407539,0.06206425189770487,0.017817459629175667,0.046791293818336355,0.011445385465887886,0.02173947698108564,0.22532634016684142,0.004496345980076527,0.014521404801181803
W10e2051532c96cc70003,0.008103584476117833,0.001833981510002872,0.06355829009413454,0.023246777271379776,0.0749737308025712,0.047566524113407026,0.00959547656059692,0.0251411381593331,0.013700853209807413,0.02025649782453144,0.22367344474450487,0.00372674758691704,0.014213581394117825
W10e2051532c96cc70004,0.009076147760442998,0.0017790410895779426,0.057817306987861854,0.021229593143602607,0.061245155672248995,0.06323134534526847,0.009589834629285919,0.028387536596666072,0.01530976847474969,0.020616052024580882,0.21166096759984843,0.003654547649864607,0.013197931225646853
W10e2051532c96cc70005,0.0071414920836899995,0.0017537602605904416,0.05946993794286252,0.023592960192071712,0.060077405514497896,0.11516322412034169,0.007950634306549905,0.022819384615111352,0.013240076333868629,0.021259270774020494,0.22595150985053114,0.0036203090419241173,0.012880054158589527
W10e2051532c96cc70006,0.007137729659680482,0.0017431910582834257,0.060556666423306114,0.02321511061604942,0.06486459218183821,0.08116545480432245,0.0076261765312635585,0.02031812467444852,0.012687080841452203,0.021712379528653934,0.22871866964029375,0.0036226025437550067,0.014184549489152265
W112dd88bc24030fe0000,0.009605092255440635,0.5050823917587509,0.07222423939344151,0.01638898513378439,0.14691728301081786,0.18283651601476225,0.015409731695958906,0.0052839332549231436,0.0015178431100733951,0.007269002897905316,0.013560319770981199,0.006662015057627725,0.00871491333481973
W112dd88bc24030fe0001,0.00825466814217678,0.5025574347598459,0.049228480811963134,0.016833007954732568,0.07369573784493957,0.2902419618282503,0.014220380548371847,0.004520476007475135,0.0016373463440096019,0.007109589774604261,0.011080594828246575,0.005580138298543604,0.006212788334838762
W112dd88bc24030fe0002,0.008845917300310303,0.5034807973591744,0.10956931243570597,0.01650231285471606,0.030078919061895554,0.1313761476140622,0.012542525701874913,0.002987917972509189,0.14132781617333018,0.007520270483733736,0.010489312192959878,0.005001128526316948,0.008319818268489178
W112dd88bc24030fe0003,0.009378256142653286,0.5015143484211139,0.06397165124528101,0.01608684925646831,0.08798071468315749,0.20472982327388614,0.014900714810121231,0.003921722440508108,0.05096505774858785,0.007525719512774186,0.009563081047209421,0.006112628729610191,0.007401139011142192
W112dd88bc24030fe0004,0.009937674033137582,0.5009483498295962,0.0342119086453169,0.016923875419803613,0.23863697219266178,0.1381911758116537,0.014153826745079465,0.002062883687444281,0.0015001633159379,0.00960000464591343,0.009856230096466884,0.0061271190885809155,0.010624950573520205
W112dd88bc24030fe0005,0.009529925751459535,0.5026146209655167,0.041775006610867534,0.017215953828290068,0.05375401957651697,0.3195635915140828,0.011702062330571745,0.002449528070759208,0.0010908357450940041,0.008153917755049821,0.009976753828785746,0.0063810657060059135,0.007979007837051504
W112dd88bc24030fe0006,0.009566212452248039,0.5031411337198257,0.057699802283205565,0.019070955752625948,0.08503693395954467,0.27014468038147477,0.012979924378785198,0.002252827291334014,0.0011642344942962815,0.007041009229449659,0.009201153100289955,0.006431180097691945,0.007732823625070677
W12dd826290532eea0000,0.0025159531566933354,0.9825147271451276,0.0011188056178712254,0.0008359014271574911,0.0013031665518689513,0.0005646535374824917,0.0036359047236668154,0.0008093356074193013,0.0011127181750024838,0.0013917205972874256,0.000578147456603673,9.205652220032745e-07,0.000835380851667268
W12dd826290532eea0001,0.007239396735958011,0.9646402500843818,0.002229616268729354,0.0008361350632218378,0.0023578254357201622,0.0013968771483706328,0.00843518338705925,0.0010445063746749932,0.001112839755167143,0.001788692718733163,0.0016893857406975778,0.002223125185911175,0.00139015655352449
W12dd826290532eea0002,0.006956346072315524,0.9643676965933042,0.0022339365119191795,0.0008361335609311971,0.003585015914677249,0.0014097055647718517,0.007164211752557634,0.00032638786883569206,0.000557524877023131,0.0017908353416984284,0.0016900504573225082,0.0022231219137873784,0.0013902592842381688
W12dd826290532eea0003,0.007510817807312533,0.9476928623995731,0.0022293428590374445,0.0008361330994333436,0.002098010846450546,0.002520048222440392,0.02161326969216895,0.0017065431909714754,0.0005576276886389632,0.0017883784533439982,0.0016703965134996588,0.0022231224268694865,0.0011125058576221068
W12dd826290532eea0004,0.009177885887051037,0.9600761489919831,0.0022299274253684905,0.0009750210423910131,0.0028970762211009567,0.0028002069874690783,0.010090466737704282,0.00033806586245097,0.0008354720777680316,0.0012344462163987194,0.0016991940212739748,0.002223122084833882,0.0008347450855161975
W12dd826290532eea0005,0.00806963234230184,0.9589914063645206,0.0022292376837115525,0.0009750222173956608,0.0021287002242312116,0.002785723789425023,0.009496711243050515,0.00041018826830498015,0.0011135352205942257,0.0017902398231666669,0.0016774496891597927,0.002223122155159605,0.001112507742206963
W12dd826290532eea0006,0.003064933683203706,0.9536554182694459,0.027081948547295,0.0002806109612188099,0.0006234140153007812,0.0011190261089370494,0.004184229868074688,0.001966658622381138,0.001296385241179907,0.0008361535279503697,0.0005586650501087023,0.0004175691878447242,0.0013902749776841183
W13f06082619423f00000,0.00043737181499915474,0.00028440568337626595,0.012509491179690508,0.013101523176626962,0.010508177145890337,0.0697477668575681,0.0016701470819477382,1.8015606223399534e-06,3.577167853830554e-06,0.00018663779676764779,0.0010207615375499586,0.8290485793415007,0.06092014273358912
W13f06082619423f00001,6.912537394458494e-06,0.0006706273507721409,0.06269730009628059,0.008842617175954063,0.014963416919319749,0.07071498475368773,0.0009584455205120296,4.050801295346086e-06,7.189708502475639e-06,2.859091628741643e-06,0.0002825595245529677,0.675961027627938,0.16432492755798783
W13f06082619423f00002,0.0002845133425280342,3.3186753687631687e-06,0.0031951824325188566,0.00347136565036989,0.0042234988704422305,0.04281366353153296,0.0005577924812507712,1.6837327639222544e-06,3.597417113301838e-06,0.0005569694419401428,0.00028016394741937374,0.727780804416225,0.21626801218398709
W13f06082619423f00003,0.0008364134664767539,2.6219742036495415e-06,0.008729373196857267,0.006706299554496749,0.00627698567945635,0.046651278104599965,0.0011128346990604738,1.280405633781996e-06,2.851753311537166e-06,0.0005566447564410972,0.00027956630724950223,0.896230497402478,0.03233281476722707
W13f06082619423f00004,0.001391658838438013,2.9331613111724213e-06,0.011661114774073708,0.0046203936055968725,0.004223386198542721,0.052155580305646855,0.0006967480761348532,2.26328383262707e-06,0.0006031763458660093,0.0001866409782954316,0.0007432133762434475,0.9049707859704523,0.017904681299844225
W13f06082619423f00005,0.0013924370337536527,3.837375744703405e-06,0.060222490389922695,0.002126282442153875,0.0023296790941972384,0.08040499469490021,0.00041963623844739473,2.244481252661046e-06,7.686901477854059e-05,0.00018705080900829167,0.0007439156507556786,0.8300354090792768,0.021772448506719947
W13f06082619423f00006,0.004724928634430113,2.92822051858507e-06,0.0017284130212914192,0.0014702721994827022,0.0021173411299430615,0.05160641189933351,0.00014132372079448993,1.6596027127130449e-06,3.5446506513297812e-06,0.00018657735742724158,0.0007430990478101456,0.9096879235986882,0.027304007063487446
W148bf406de84e96d0000,0.007601226974177745,6.57878734011005e-05,0.2438616161364002,0.03890174267546419,0.03141524106181423,0.03917391584212501,0.016726323710606828,0.002079648945738249,0.11819981118875447,0.005736768440670207,0.011248551675528623,0.009037931231386399,0.08866772648875146
W148bf406de84e96d0001,0.008893237849577133,7.56970008831496e-05,0.2099607596576418,0.038708330336140316,0.0338364621341506,0.09034821284955426,0.01845378979786542,0.0027511829826399256,0.10742213747630312,0.005412416621575423,0.010692192349489489,0.008223891423879245,0.07276031087407629
W148bf406de84e96d0002,0.009305324021582453,6.182371148326131e-05,0.22592710758500142,0.035075200147805734,0.03516178899840134,0.09314994559781842,0.018401455150957813,0.002169493008151906,0.11702328751806552,0.004373926157389555,0.009667279541101014,0.009582420107488034,0.04783898537980702
W148bf406de84e96d0003,0.00878866830010705,5.993492336160326e-05,0.23403395880785302,0.034327997531570044,0.03560246355641722,0.09219981795275524,0.016649326921902585,0.0021763366260808092,0.11861379472491916,0.004420208812058198,0.010696812132042655,0.01013363306033137,0.041336139972790974
W148bf406de84e96d0004,0.009086277331400246,7.506031650054004e-05,0.23341891473552925,0.04104507326153392,0.031249258267529164,0.07454889278696565,0.016721122757506496,0.0021891820746348413,0.13530588448121908,0.004495137180081592,0.0104184984971143,0.009612999502057028,0.04568062574496401
W148bf406de84e96d0005,0.010889430319799992,8.048077191240035e-05,0.2393476888821434,0.043003955987286215,0.03198935326744849,0.05216084434220917,0.017000240033417834,0.0021815571332118445,0.16102804061360856,0.005314869836125526,0.00933305782424985,0.009070474676187318,0.03254249250741695
W148bf406de84e96d0006,0.008828746100191558,7.761569999856335e-05,0.22106934899808936,0.03936045061281688,0.03367297764186853,0.06630291373665056,0.016125416572632157,0.0016238775896921384,0.17677696569177195,0.004940233297671599,0.010160837995808416,0.008785736158056813,0.025373676209808096
W1677b368f7a7d4cb0000,0.004746037214650976,0.00038802950720600926,0.02691657196762029,0.0029587526901820693,0.00487654129946163,0.13795475530923268,0.003442903886796947,1.1415277254262056e-05,0.0006565897314949638,0.0007513110727077098,0.000760657260670392,0.7388377337533152,0.07702305291805539
W1677b368f7a7d4cb0001,0.00473654652989008,9.81065779247679e-06,0.008283282564720048,0.004353970020385708,0.00472797014723883,0.06966277132015618,0.003652205848397939,5.906433587433929e-06,0.0013494126620540066,0.0016856156300867516,0.0007559989690438156,0.6884172952827402,0.21169525300105416
W1677b368f7a7d4cb0002,0.0004765659093130003,9.00155082127098e-06,0.10023049994041189,0.002178726189106302,0.010195243369972427,0.10714088458859723,0.0037658750043527253,3.3395132347207762e-06,0.000747147841816173,0.0009317943493544305,4.1105412014908783e-05,0.6860381132704841,0.08823469410411906
W1677b368f7a7d4cb0003,0.00038175724689920284,6.8037137920526234e-06,0.04034517440844181,0.0017222465743170939,0.0052901941854724445,0.08373598225391392,0.001509264549989662,3.4754927840182558e-06,0.0007624696800111342,0.0009308426926666427,7.560740137922729e-06,0.8278018726158467,0.037495653407496
W1677b368f7a7d4cb0004,0.0001914391370765801,5.409739936348638e-06,0.060486972001473065,0.0015927271326615481,0.0033267127843659,0.09364939072974425,0.00028921161484220384,2.3963806949238606e-06,0.0006220091211505529,0.0009285637016745387,7.625203869123194e-06,0.8158721866838677,0.02301964133039471
W1677b368f7a7d4cb0005,0.0039504389853862445,5.227725554109216e-06,0.008310714717817937,0.00241719471912421,0.0034499157604118203,0.08974748498829772,0.0022359932058710367,2.788187529088268e-06,0.0007383218870707565,0.0011174774098694216,0.0007466385705693679,0.8319637762940709,0.05493644956520313
W1677b368f7a7d4cb0006,0.0006103954562590753,6.128761706450467e-06,0.01118443456443131,0.002006625078209423,0.0035795180275799646,0.11715193380435075,0.0024328204380141194,2.6106336636113476e-06,0.0010376123108277848,0.0009389703457914243,3.080665670047827e-05,0.6675372809461817,0.19347376378571374
W16c71d34f644cae10000,0.0019785127516804744,0.001258971648166351,0.033958441880792715,0.05842408434628576,0.02624006986203281,0.05573809274588563,0.02481531291149712,0.010774013192489522,0.139254079849129,0.011761082628705491,0.10071821077720794,0.008739025643641528,0.056214003420573845
W16c71d34f644cae10001,0.0014611733238546944,0.0012944187725242875,0.035076788455348944,0.07195898791059534,0.03818048053634668,0.06739416598339007,0.022034673092886894,0.012434934104938764,0.10572372251311554,0.01284416835127897,0.07747911899566338,0.008963072133924395,0.04940558034134456
W16c71d34f644cae10002,0.0014724106420717592,0.0012994839169063808,0.03563786977508987,0.07740750740181498,0.04818852672148455,0.052255887282031885,0.03423166055709255,0.014670672166809996,0.10293998021191961,0.01165281536718209,0.060589167675358144,0.0064542661594139275,0.05373238799900509
W16c71d34f644cae10003,0.0014307286071935023,0.0012660175655678973,0.04117354164318681,0.0553125479747206,0.03877396507034657,0.049489972855269924,0.02758358425112044,0.01745509463624499,0.09891616534340734,0.014943356093699725,0.06699586177419446,0.005554295313691717,0.05305629919449458
W16c71d34f644cae10004,0.0014523739539917943,0.001278253872829901,0.033973793880948615,0.03626584278923347,0.0459177570522725,0.03993866877974197,0.03195306635191537,0.014763737721246104,0.12284589885289345,0.008927167699170378,0.11553347175565183,0.006399696440761697,0.052915718250983346
W16c71d34f644cae10005,0.0015746120274526358,0.0012711315453211994,0.03398016869189815,0.04475574546248027,0.04680775410265286,0.050880209275405146,0.03214071428866957,0.013064292890511307,0.1164500707432667,0.01124420671732486,0.14951812535177675,0.006325672416247183,0.0528664875222589
W16c71d34f644cae10006,0.0014525219970286283,0.001295970762289752,0.03895762984822394,0.05895685469974196,0.03263237164532086,0.03958934602637244,0.02108052601731416,0.015403890045821923,0.1321781953116634,0.010559185754309227,0.13174548032030453,0.0055424127656416,0.06131630045665619
W1733af1df1f936590000,0.007036495239528925,0.0022589633722859266,0.06176372813936354,0.03012211151791809,0.08846243522006374,0.06096943341784163,0.010529265054709448,0.021312847666193582,0.018845013554420857,0.01982700030241206,0.16493291649982056,0.013994629095955453,0.0196820815510402
W1733af1df1f936590001,0.006548173351577429,0.0019760895558005955,0.054299546183939874,0.03124756504212667,0.094727558947319,0.08533781355757512,0.010540969533439878,0.022877693214469096,0.015572956466134186,0.02347323317898801,0.1341509790834168,0.012467168521791751,0.011335844590473492
W1733af1df1f936590002,0.006702513567451364,0.002335912024968455,0.05325716329831997,0.0294622725028745,0.09833753780331862,0.056520567836107205,0.010286098879448162,0.026025567502231593,0.017709848484618224,0.022087422436810066,0.15535726709179273,0.01292407828363784,0.009774451209944154
W1733af1df1f936590003,0.00661286618787658,0.002478008388402045,0.06544546417133851,0.03415877009811468,0.10898669428427911,0.08991310766434711,0.008493581087538912,0.021616518451951706,0.01704391919814486,0.017543840486382335,0.17733929485510963,0.013915978869071987,0.01195820118921224
W1733af1df1f936590004,0.006815272221874421,0.0027167412222953054,0.064312786735128,0.03444429708239226,0.08870914198475663,0.15563260610245902,0.010093451906404002,0.019856255663671784,0.01592809821569638,0.018403150161235657,0.15512085745764853,0.015372794315311276,0.012689417883292151
W1733af1df1f936590005,0.007154223805207426,0.002219029851237529,0.055396622099815086,0.029587897843115413,0.07766565176257574,0.07677518737410817,0.008247173075424058,0.02183312375284689,0.016082259609659245,0.02069718986973722,0.15463043435583027,0.012319122901024758,0.012425551930831774
W1733af1df1f936590006,0.005806894001797292,0.0022084523828351846,0.05602728829112417,0.027072799413561083,0.0841203357224568,0.05852898779492055,0.007974893550339637,0.020077992913008796,0.015999044698511312,0.01994498244702428,0.1458390315825474,0.012837226458513165,0.011477355545709354
W17e3988fa13c94340000,0.9244692854501454,0.0017189070277723974,0.005687546811034037,0.0026125051807765615,0.014382058297111155,0.0025164479090084065,0.0016939515422777407,0.003337351226174331,0.001683805232882729,0.021939004739546714,0.0005609269378214489,0.003754776801342281,0.012315711966878336
W17e3988fa13c94340001,0.9181669776372049,0.0022779363679775537,0.006545177523211216,0.0026191262816550615,0.012423193467125624,0.002802545627453653,0.001124918211697028,0.0036177855874104533,0.0011373486925325448,0.027945691062808527,0.0015816589435490363,0.0037095264282345276,0.011182972256119588
W17e3988fa13c94340002,0.9109114589510274,0.0013060021409422415,0.006746839907749193,0.0036371203692129976,0.007188327418677278,0.0025256412889433327,0.0011533741742729168,0.003342275041082104,0.0014213915547132009,0.027377822330601084,0.0018594003707766839,0.012450367955022027,0.013820043543448377
W17e3988fa13c94340003,0.9142231216490418,0.0013057570941894718,0.00665037590972356,0.002618440703622945,0.007032028040457602,0.002525522173252758,0.0011546848195911972,0.003344390083841183,0.0014234784247379826,0.025689849199955005,0.001581494628829194,0.01440671019597766,0.01344645389500183
W17e3988fa13c94340004,0.9290399093740891,0.0013056045513020992,0.005558595055183132,0.001504228395664315,0.00877178837490492,0.0025243701255451482,0.0011306324333242186,0.003341729769319588,0.0014166786297799554,0.024800438912870502,0.0013964458708885792,0.002754868639303305,0.011586209999242465
W17e3988fa13c94340005,0.9408334589521474,0.0007500796229993655,0.005423185979473024,0.0015046192785900098,0.0071803523090017115,0.002246794884602734,0.0011248874787784548,0.0027844118433834864,0.0014173777655013045,0.020151028081975882,0.0013964744997862488,0.0025648647261490598,0.007460289262988591
W17e3988fa13c94340006,0.9294855230230793,0.0017222927662910352,0.005567427830213766,0.001505095279557051,0.007762335432893251,0.002247003311755214,0.001124888354119379,0.003619554287794539,0.0014207106696748368,0.025546304175762303,0.0013964687348353337,0.002376131506554001,0.011726177897766735
W195c4af40eae77340000,0.029203157796214393,0.005662734449053168,0.15857112553221167,0.1584434639175397,0.03629466458477029,0.10682799650920982,0.017559220363957934,0.005915952968887622,0.012700165483605115,0.20400192591106944,0.08510875697889604,0.012677042650681038,0.09539049630224618
W195c4af40eae77340001,0.03259935761668759,0.00581718807782399,0.15100284316607868,0.18748869568587057,0.0334692018098769,0.16904913332047888,0.018515091314297287,0.005962231722226846,0.011296192276542818,0.12701850312213991,0.10827792282212322,0.015101902535308664,0.06900280384150877
W195c4af40eae77340002,0.028948079903141397,0.0038784499182273335,0.1233621130330208,0.09891557819180097,0.03141662032162196,0.24595220489033234,0.015672025655281883,0.004956682524970421,0.012575788165848372,0.2157232280721898,0.07386134885581677,0.015413553471999913,0.06399827736506164
W195c4af40eae77340003,0.030187722638768413,0.005977593232994883,0.1314569689913234,0.09830264129296078,0.033652020992102814,0.2205572880917734,0.01570353992921261,0.00563135221637899,0.012511830141222209,0.20580546234304753,0.0761954158989193,0.015214984270910656,0.07164392640188942
W195c4af40eae77340004,0.025810627504073643,0.005594381748068359,0.18376008326225657,0.11565235260495621,0.040559591358298314,0.14877252166276037,0.017808837283816784,0.006100105235411904,0.011376858652601247,0.2142444929666679,0.089698796664216,0.015952335366841198,0.04069616389774291
W195c4af40eae77340005,0.028788493985886378,0.0057662501615182915,0.2237329774621997,0.10874080079856556,0.03373291605981502,0.15411543387846335,0.018514645136895595,0.00609770286112587,0.010485902755756265,0.19613719182644954,0.08207116438887337,0.014698987955304397,0.048773063532217324
W195c4af40eae77340006,0.030029407032219988,0.0037582441511096677,0.07890866562747939,0.07102533290622463,0.02484782729842101,0.2694395799906008,0.010368761266914314,0.006495919212242793,0.017427266940386228,0.2199896330234755,0.11408892221866185,0.012747441725639214,0.06190923554050242
W1981eb76c9c18c3f0000,0.007117775755148953,0.0010604956158920807,0.11362777881601686,0.13488088241591373,0.015461729231272639,0.4318323776497291,0.04623918386048795,0.0029083653734058275,0.04116096578609024,0.049397995800334535,0.022964920573104543,0.011780382854337723,0.015317355594111301
W1981eb76c9c18c3f0001,0.006147153275682525,0.0009345038614721573,0.09444040218851776,0.11273019084560405,0.01618104665879821,0.5278321255626468,0.041998610382859035,0.0028047013200195553,0.02579161658896652,0.02199291642825045,0.03207266610326849,0.01249507600410533,0.013497032543149658
W1981eb76c9c18c3f0002,0.005119208295620597,0.0007329778770072732,0.08864781257100102,0.11684227120929615,0.01624949757555183,0.5330660825446123,0.038778338781412694,0.0028976396061474925,0.03337126837094516,0.03187199742594507,0.028081853522893066,0.00922810630960911,0.015380716137831018
W1981eb76c9c18c3f0003,0.008478091011607094,0.0009423552900529703,0.09152240602706367,0.13577679944253687,0.015151163379899567,0.476271066673409,0.043642182980747006,0.0032038948108760778,0.03277624506085006,0.013703186602959116,0.03265536223761478,0.009324728417509087,0.021281988785948225
W1981eb76c9c18c3f0004,0.010162232141171908,0.0011289567282965597,0.11508074197743934,0.13121583241784054,0.015485445129609508,0.44319693264471943,0.046407401025751846,0.0031628136795568253,0.03542067760844818,0.01913121434340581,0.02965909359445968,0.010409479152264017,0.0207014341390072
W1981eb76c9c18c3f0005,0.009106134267381763,0.0010744351173995518,0.09758988540604392,0.1312879246319626,0.01592353985147451,0.45824770049005353,0.06727175854908096,0.0031859482364542907,0.026822732541765888,0.0233587193571606,0.024824889362553792,0.010887000502368295,0.01959672489117145
W1981eb76c9c18c3f0006,0.005157149446436625,0.0004285010771148819,0.07870439338564669,0.2452030817068492,0.014562524856913641,0.4487539785514742,0.033168907750573615,0.002460887151781181,0.03143707954151749,0.013443488953598658,0.05375417597572164,0.012089273028282057,0.009352687055705185
W19aeeb61c88250180000,0.0002467721087336378,0.0006621897685263147,0.022410011108638155,0.02971119453643181,0.02357462126605882,0.1638866375784374,0.016450231191517298,0.005268021314138798,0.0586859633731407,0.01936973284168666,0.06763357059283062,0.00643959994116332,0.13317094494942253
W19aeeb61c88250180001,0.0002288180027693854,0.0006944042676914028,0.02660877273617199,0.08481505339390416,0.01625288004066976,0.18596190236809737,0.015341782656059087,0.005033796856542069,0.06543059990152912,0.025043746392858085,0.053607457854493556,0.0076853527185133845,0.08339703904455122
W19aeeb61c88250180002,0.00016488539220912605,0.0006799491718218281,0.027528410136462043,0.02623975549326245,0.010849735264568113,0.21494726278301127,0.016791195641350263,0.006911737957404818,0.10639787581885601,0.021996641448538724,0.07107640473613203,0.007225823183941071,0.07175603939569414
W19aeeb61c88250180003,0.0012149136140050028,0.0006699375891541361,0.020828387402053845,0.013798737260968842,0.034434733906728104,0.029108573785709753,0.016067400576308847,0.004977713286122447,0.055513724829259585,0.023292297156963647,0.042770306665602956,0.005164311663863039,0.33811411443471917
W19aeeb61c88250180004,0.0006694371134727006,0.0006881321450020228,0.023023307558995166,0.013660695292929207,0.03155209901337592,0.03732847097505914,0.016097026875273875,0.006006776178490523,0.05884472886277447,0.02280300953128807,0.04159417445885965,0.005137674404670765,0.33471658627474477
W19aeeb61c88250180005,0.0006929518285333887,0.0006918351615958533,0.02639307769756346,0.026639145465585466,0.008262079871460052,0.23344255190317806,0.01566452079996607,0.006259565369487995,0.10013865038703985,0.025335967211207556,0.06806444096017972,0.00613513171910515,0.07011285913302019
W19aeeb61c88250180006,0.0007055473217960452,0.000671696210617649,0.024515231651444383,0.034217361714699135,0.009702327094318845,0.25565696478924577,0.016465018455421223,0.005053381994714788,0.0637598619455822,0.02306218112467036,0.05970848154117142,0.007458929150400484,0.07042681370356976
W19b93dad2115da5f0000,0.022178815333903246,0.00226968453234282,0.1621783010222388,0.21444330702138464,0.06945163351632969,0.03393725062107264,0.02860906806395424,0.02487313844258481,0.024879164872771344,0.045867060459359774,0.02063928174754654,0.001513321924034506,0.016636955746373076
W19b93dad2115da5f0001,0.017370027256429162,0.002615153701680891,0.12918426394503368,0.21859594038400623,0.04729625441122939,0.0707858714114981,0.01309206557203967,0.024847637816641916,0.02063591003055845,0.046464607408439024,0.01777899305986907,0.0012848190211895494,0.014851255616852618
W19b93dad2115da5f0002,0.019400803048489127,0.0025062525655691857,0.20588908461031374,0.16640382390413194,0.05452703906344506,0.06095371851686385,0.016408361710203264,0.023200324567934017,0.021549564624293808,0.04758407605125227,0.019747601535079817,0.00160088450730794,0.016084107779623574
W19b93dad2115da5f0003,0.014012686834898975,0.0023003546353695115,0.2813901585421637,0.12696558323437349,0.06020669612124164,0.037198253749272124,0.011969914778295218,0.023533730910017234,0.023264767695787815,0.04432518387052781,0.01933533703832853,0.0016538124871950867,0.015252928822853336
W19b93dad2115da5f0004,0.01606513640675305,0.0026909127922859714,0.16570408761104632,0.14550379504073455,0.0735008425524482,0.061966692965160226,0.0279803115755362,0.02003785207727954,0.024989140954181022,0.04439807767207455,0.019161499337882814,0.0017288735100479205,0.016763681084575797
W19b93dad2115da5f0005,0.01474949806602424,0.0027268876295456768,0.08914618692576072,0.24497911529158883,0.05191593305896911,0.11147259290929022,0.052321367385903005,0.019878612172549773,0.022458346551880407,0.042038970357909516,0.017617799452921225,0.001495981504836132,0.018323865290456428
W19b93dad2115da5f0006,0.015371968293657052,0.0024534583672888516,0.19989005739566723,0.15932532674286,0.05032835531917298,0.07219541740519918,0.012136911483973827,0.0245879936947197,0.024295816381189158,0.040238855964275295,0.020462413772990292,0.001752157517423518,0.016884907855189684
W1a7eeab32d8e40880000,0.006021076171624731,0.3128260581055108,0.022482803562666468,0.01919563849894167,0.016321069246480926,0.011520251463640663,0.5533643714538574,0.0013734316733825405,0.0035984470766667765,0.008654167106069382,0.011830113792441912,0.012780807293270954,0.005242348102300408
W1a7eeab32d8e40880001,0.006163753325038184,0.0031569882992332435,0.03194764905332654,0.03209034864901396,0.026108475360993474,0.01350114045158375,0.5654338425194751,0.00422410784320133,0.005400623734971847,0.25300754438367085,0.019282985126274226,0.009866734354887509,0.00919792468079948
W1a7eeab32d8e40880002,0.0056971620959978125,0.3119274511703675,0.0216787046462317,0.018389713611630373,0.02232544425953094,0.009171785643625148,0.5234990489581702,0.0021094114477638207,0.004471275399702064,0.03283261000242816,0.013177510724714361,0.013754814048210717,0.006267092276895306
W1a7eeab32d8e40880003,0.00561329881169691,0.0011271846182105165,0.032659090508036434,0.03387158814149351,0.03177118724728031,0.013951141965337996,0.439532936661099,0.0032706249298505466,0.005243676135441369,0.35704815325636013,0.025874775746192458,0.0104887923604413,0.011886071359794194
W1a7eeab32d8e40880004,0.0056969777007401445,0.3053241593283036,0.02091275787952274,0.01834289793894431,0.020811513246031955,0.010385631541786783,0.5232854756043874,0.0018854579121580547,0.00411241005204732,0.04038602823500218,0.012843025068933952,0.014029755375573475,0.005796045903558473
W1a7eeab32d8e40880005,0.007275202386364306,0.03586271196011826,0.023992435047077564,0.02586785830419584,0.02326569355556964,0.012092851435917021,0.7440279777926202,0.0031020106250965436,0.004027887628176087,0.06416431045472994,0.01705643933439374,0.0129223622993447,0.006636866838063222
W1a7eeab32d8e40880006,0.005698474270137565,0.3601246773643479,0.026608671232560888,0.02659601366068453,0.02789999364055195,0.012438263530228368,0.1671967737135635,0.0018935767594352225,0.007186191428971471,0.30095025412278453,0.024131306668664036,0.014096299049626743,0.007297622120160415
W1b68e1996a189c2a0000,0.0008504372679503202,6.780344316567296e-06,0.0006061217874942811,0.0008779493496374613,0.0007203343420985433,0.3729229782171126,1.0009939094859224e-05,4.182146531438042e-06,1.074720990768135e-05,0.0005640128666830489,6.497179805257363e-06,0.597115132414785,0.02573626646906158
W1b68e1996a189c2a0001,0.002815976575644163,0.000286034390687439,0.0035199588671414117,0.006894192662048308,0.00870091658495133,0.34630333600912777,8.551041063878883e-06,0.0002829568479494714,1.2988170204781896e-05,0.0005849536855342644,0.000305507856887387,0.5761015170324764,0.053152282559903834
W1b68e1996a189c2a0002,1.2393328420330622e-05,6.919629843830497e-06,0.0006243784478842031,0.00016836447269405122,0.00033159250789510566,0.3712706877106049,1.7649826921545446e-05,4.270360787990952e-06,1.1203200666901723e-05,6.963463439734118e-06,0.00020844030082191214,0.5967547178908527,0.03057202248360003
W1b68e1996a189c2a0003,1.3663394871831608e-05,7.465388724908703e-06,0.00020467265002584818,0.00016560964145399067,2.405202500606606e-05,0.2852270302209454,1.8974371683412555e-05,4.603831128451532e-06,1.2097743496926214e-05,7.46552907205392e-06,0.0002102760067024945,0.5977492484037632,0.11634230133293488
W1b68e1996a189c2a0004,1.270542036345663e-05,7.085656930537846e-06,0.002123603919332723,0.00021699580925338836,0.0003082859887352579,0.3813690191134182,7.3084089799193e-06,4.370946824191186e-06,1.0983659954660854e-05,0.0005626531381057294,2.3807536779076585e-05,0.5950008953811473,0.01921506934543102
W1b68e1996a189c2a0005,0.0005706276369334491,7.533861882290453e-06,0.0017451970649633522,0.00019007825220499297,0.0003040759576732269,0.3838083648520825,7.832219229364084e-06,4.6473951336448426e-06,1.0399701264986982e-05,0.0005631233322358405,2.5313496658691905e-05,0.5901080931193609,0.022458379095637384
W1b68e1996a189c2a0006,0.009510022165867616,8.192453146539695e-06,0.0004990983816009208,0.00018559273063650618,0.0003979222681630065,0.3775761758815383,8.423804343148729e-06,0.0005606085960899296,1.2703947622424688e-05,0.002648107356720039,2.750487853196873e-05,0.5881858251345417,0.020181398167804353
W1bc9d460ba90432d0000,0.007884520686143941,0.0014079078785546341,0.017089421866659547,0.29031780275826463,0.030068092458629545,0.026773862927659733,0.020565502322233083,0.42053199966389276,0.019569005931218623,0.01591464522939099,0.030018613832164778,0.004252918259971378,0.018519412867174737
W1bc9d460ba90432d0001,0.008669892882689306,0.0015855396089064723,0.017878073313440837,0.2885211960722854,0.02282588681972708,0.027273061888292545,0.021157317646947626,0.4177273850318662,0.017771586209294227,0.01933129405511541,0.032124859180032564,0.0040376581384099644,0.018970045660008594
W1bc9d460ba90432d0002,0.0077967335707347,0.001215267944256743,0.018252950669100067,0.22248795606570668,0.026154402941441026,0.039545607174373956,0.05812912360929532,0.4201240574711659,0.01492426864331462,0.019206332108911595,0.032516279385747845,0.004833988749369802,0.021607198593390647
W1bc9d460ba90432d0003,0.008329376586597393,0.001256378922503907,0.01551060578391946,0.22737988047391056,0.028273544881623994,0.03984662782100227,0.05394352622253765,0.41524818041455575,0.01634705668398002,0.018384603848088737,0.03194897001892361,0.00449821579507076,0.02090900095438045
W1bc9d460ba90432d0004,0.009132124875614234,0.0019372651425096261,0.014752237112174625,0.24563764994944554,0.028255691424931867,0.035846675551226996,0.02009082934540487,0.42277135953332984,0.01658801150835237,0.021503941875446034,0.033307247421662245,0.004873898333847144,0.020862781884293247
W1bc9d460ba90432d0005,0.008004736237889621,0.0019211078464629935,0.014134623214128951,0.24984416109254418,0.02568849244107099,0.037987350539101,0.024955300950007187,0.4252504330340483,0.017774885604136936,0.02070954590263313,0.031788973390771226,0.004322159627622267,0.021058544703367047
W1bc9d460ba90432d0006,0.009081048129326362,0.0015236512060134578,0.013459019117749951,0.2762846110475393,0.027462924441969277,0.0325036191895022,0.030196679675336846,0.4148638240483678,0.016410829738899586,0.021388261766912983,0.02880788512497372,0.004242869942113225,0.02094717586692313
W1c9fd97fe8e874400000,0.0012564094272337746,0.00037339421263774014,0.0005612324597867145,0.0012662531102351727,0.0003084900267281021,0.035051070267482054,4.800203766488579e-06,1.8645103984585831e-06,4.041615687691198e-06,1.7041399996049089e-06,3.83322569954869e-06,0.5957467417323059,0.3654164271980764
W1c9fd97fe8e874400001,0.0004284100639963266,0.0003723035534354893,3.4125568525412578e-06,0.00028720676764185934,0.00015332538034953922,0.024340872983255425,2.3756279070526845e-06,1.192470244931907e-06,2.641939705049831e-06,0.0005568744345715351,2.6332124472692514e-06,0.6092803398123005,0.36428830158338316
W1c9fd97fe8e874400002,0.0002817383314345873,1.7430923377213207e-06,2.5606194781839653e-05,0.0005692170528698174,0.009053371116678921,0.025468167231068775,1.6292477056043505e-06,1.07285698305662e-06,2.3481863858987463e-06,1.1376283979823148e-06,2.1990219524833115e-06,0.6105176146155454,0.3540721451293465
W1c9fd97fe8e874400003,0.0008390509570169857,2.241395361260425e-06,4.848925498351714e-06,1.044621036388213e-05,0.0006089316777116512,0.02315101648257931,2.0923189878260835e-06,1.7549453830656807e-06,3.055367329147629e-06,1.3067485345534035e-06,2.7481331772773215e-06,0.6129159789180817,0.3624538237120411
W1c9fd97fe8e874400004,0.0002829619175410793,1.930000751980896e-06,4.166475954790722e-06,9.16594195832588e-06,0.0007212267526505654,0.02374544184206227,1.8039524328233626e-06,1.3092814557443284e-06,2.631758499739962e-06,1.147004445288014e-06,2.4666985883036325e-06,0.6143007521236159,0.3609227829447544
W1c9fd97fe8e874400005,0.00028322979842412995,2.140955334782865e-06,4.414831915669216e-06,1.0567782484148123e-05,0.0009648227542587537,0.027077942532137092,9.306841131413714e-06,1.3197378919740427e-06,2.917429843517349e-06,1.2731815996025036e-06,0.00028049242587048284,0.6091048293897073,0.36225428611976535
W1c9fd97fe8e874400006,0.0013943148405563223,2.0952937037200125e-06,4.08103966637245e-05,0.0005920869739342903,0.035151500397199185,0.0262812756540945,4.520234111350081e-06,1.6203909222541856e-06,2.8348064249190455e-06,1.4653622189141677e-06,2.527295483016284e-06,0.6126235754827374,0.3238988035739131
W1e2f5351ccb6cc030000,0.0017298997939528126,5.960317695440524e-05,0.012447812831277534,0.003279678991083027,0.0020889706057601294,0.8046556001914105,0.001495232920583234,4.0995693617300514e-05,1.3067971144966016e-05,0.0006658799752756804,0.0011971856117163728,0.12077773331730553,0.051248978752066236
W1e2f5351ccb6cc030001,0.001726476061418169,0.009499038889010842,0.013348594693161433,0.0031074340607651985,0.0010267327233306662,0.8322014607521097,0.0011238819719627156,1.9136715791301178e-05,1.2761943888053638e-05,0.0005858041853574706,0.001193483372270911,0.1281709368745955,0.007129507034721839
W1e2f5351ccb6cc030002,0.0033894489954179887,1.7211644565544814e-05,0.019945785194258873,0.004534478765961166,0.0020694424327063754,0.8416146861382539,0.0014925992083837662,1.5326510235111976e-05,1.0607588525555301e-05,0.0005841290615216396,0.000628176584510474,0.11886680455788994,0.005979004885711727
W1e2f5351ccb6cc030003,0.0017168102683005327,5.358428286443242e-05,0.022747462363046794,0.00401695156136149,0.004115558132260882,0.8376738048958375,0.001696109622908011,5.327536055086795e-05,1.0205676430084014e-05,0.0006101318093185709,0.0006395646968111051,0.11624354985492023,0.009572419493065322
W1e2f5351ccb6cc030004,0.0017162523077482001,0.00948970533520134,0.013255892278322436,0.0029422968055320834,0.0012766387705729144,0.8468381312297715,0.0011224343731946057,2.0525655557527294e-05,1.0631303858022396e-05,0.0005864209937939088,0.0006392435433062782,0.11571238939357775,0.005538698295528119
W1e2f5351ccb6cc030005,0.0017187356951368017,0.009488591344507993,0.008004391828391012,0.0026989245544674747,0.0006249381925938616,0.8473093948296805,0.0011211586407388861,1.1860176835239089e-05,1.0711035663842705e-05,0.0005796834066946663,0.0006417963723642754,0.12526306246817248,0.0016755154404324865
W1e2f5351ccb6cc030006,0.0037038616663279023,1.6302654569050408e-05,0.010617949784283683,0.002876585064340391,0.0009249580742354278,0.8632671687461734,0.0014934768513469327,1.3864066141698246e-05,1.2044306475791626e-05,0.00086120681921373,0.0006401145229143803,0.11323798115767882,0.0009232873651614193
W1e83f9c972bd3f8c0000,0.0002919911242159399,0.000708800144747427,0.006060381944516551,0.002100660879114224,0.0022614375890876713,0.8237403037261761,0.006965391578882134,9.450118712817317e-05,0.00030491199849857435,0.0028688589871826557,0.00013008371521161757,0.1392831061408747,0.013696221256103721
W1e83f9c972bd3f8c0001,0.0055457766619833575,0.0006930444802077888,0.022844305185068553,0.007884240170894176,0.010070755490043808,0.8174083321462347,0.01276399950621698,9.727492990698878e-05,0.00026794935219010116,0.0003604142658138817,0.0012335502516771883,0.11537855314737368,0.00474800067498073
W1e83f9c972bd3f8c0002,0.001403045451698542,0.0006618443878166856,0.006203131092085945,0.0014630013999176593,0.0023455591883864216,0.8361093797548427,0.007918091181835684,8.60349353968989e-05,0.00014673317814227602,0.0030350221823159376,0.0006502108737426962,0.13781147023490836,0.0015357971786718353
W1e83f9c972bd3f8c0003,0.0016566948477247157,0.000701381774300533,0.007713266271577359,0.0010511758040718604,0.0023801567050122942,0.837340869636157,0.004467699336802786,0.00013173005325984447,0.00018969300874958835,0.003051711055284584,0.0014998146221386311,0.13689767476392253,0.002200526285643477
W1e83f9c972bd3f8c0004,0.0013209471764768328,0.0008057821280489165,0.010242363848369556,0.003393738494643181,0.003189708010445182,0.807631952015975,0.005051258193755427,0.00022603864628517722,0.0005967661845438888,0.0031152480987601604,0.0016077397333277253,0.15983368322253014,0.0027428902921640724
W1e83f9c972bd3f8c0005,0.008471274058171739,0.0007276835170059457,0.0283567018452065,0.00479295454148823,0.01225382018943523,0.8080464330942926,0.006592422785487289,0.00012178381611964087,0.0002425023741248239,0.00038102417953223314,0.0023814738098440354,0.12406663871223617,0.003411011337999625
W1e83f9c972bd3f8c0006,0.004558997316997908,0.0007549256356022604,0.03489079760259021,0.003658214855508954,0.008881016240552169,0.7986067766401592,0.0024304731849093078,0.0001229472183276411,0.000903116313171285,0.000126710453419,0.0018472171223603338,0.1399299100101723,0.002309045107656058
W1f1289746d5fbec80000,0.010079969910407013,0.0010925468288073097,0.03712529536945025,0.08858282310842937,0.16336657606332475,0.035940526332332114,0.029643854394777274,0.4112561729438313,0.001505454224501384,0.008655269394417032,0.0036364140073344912,0.11933707734671266,0.07951645058313904
W1f1289746d5fbec80001,0.011560427826423691,0.0018036437122413314,0.06412438654314191,0.11059207149025753,0.18339264637441935,0.0350001521455321,0.03600623578329251,0.4235507398536797,0.00250333671565646,0.010220778463748923,0.003944409973078834,0.06531187016516271,0.040045285981767244
W1f1289746d5fbec80002,0.011229520293319995,0.001577694971032831,0.05038466970688951,0.10316883147504678,0.17616688462210203,0.09027377082982076,0.05096725408618993,0.35307781903583546,0.0026044519508092,0.009044534573187659,0.0043574799250742586,0.09192668203806592,0.04213517471082449
W1f1289746d5fbec80003,0.009926225717156338,0.0015717744410283863,0.04960625503383201,0.11055056610090958,0.1784222040983676,0.03824569497276426,0.05932724220349978,0.4006629859159964,0.0026736140185724603,0.00889684722765029,0.005458910562362566,0.07686589752814714,0.04452321381182345
W1f1289746d5fbec80004,0.009982203292198035,0.0016490156240291497,0.05412530003661154,0.11179340467227053,0.17672286913390048,0.1858339224552147,0.05162825681129736,0.19640222513192906,0.00229397907487328,0.009062125053294434,0.004790626241543231,0.07690429579179903,0.10490915807628937
W1f1289746d5fbec80005,0.010050857998042272,0.0013980403668133895,0.04518601953275656,0.11543532976067962,0.20441974852262118,0.2627870662863199,0.02923379601349366,0.168720741409393,0.002159915871044132,0.008941496405155212,0.00560780080060119,0.0676723795080958,0.06503088342974395
W1f1289746d5fbec80006,0.010694760448292219,0.0015502232461934759,0.06008700696789642,0.11018455418077912,0.20368516973706344,0.08785720296408989,0.03486019914927594,0.347028891034058,0.002510470617136639,0.010044150919267445,0.005216987499295261,0.061692076814145326,0.05239987126208617
W20f15f3c9efb048b0000,0.12474017691558582,0.00710837098673943,0.052228834071575324,0.02900121133562594,0.17097476533030231,0.0511737294281013,0.026923301813216106,0.015360083696230884,0.1519534719610921,0.1398536192834054,0.042533627438556376,0.07278751369415211,0.022008808172689954
W20f15f3c9efb048b0001,0.1605982435674904,0.006786025177867445,0.027534136866829578,0.028095844360516573,0.20337939756890164,0.032674902394127306,0.01614404431201581,0.02010044873493235,0.08766105475029683,0.1935886845982794,0.043982716019698435,0.028323406650206277,0.023525573316118684
W20f15f3c9efb048b0002,0.156490163159504,0.0068379289418214135,0.028023936043975482,0.02303747444482599,0.1912559605902433,0.04395876769585415,0.013876934336584178,0.02035459033214118,0.10486426052141531,0.16542682362236508,0.042099896069223965,0.06308259892987753,0.021944808045311338
W20f15f3c9efb048b0003,0.049118625480779526,0.005181125403612789,0.03828195057046719,0.03533330234659413,0.30551151981301067,0.050319674669651614,0.01969084624308375,0.024379497865098482,0.037964054714163475,0.1704899041609471,0.058602952598969645,0.03552255373338014,0.026124299304878407
W20f15f3c9efb048b0004,0.1545161264916819,0.006885997005794474,0.029897122404582966,0.02566381656399114,0.13240352044235756,0.04767161739979903,0.015092460515214326,0.02804286553069207,0.19774079937625524,0.13875027739380977,0.04634762134154754,0.06823829324290984,0.021815972129370777
W20f15f3c9efb048b0005,0.14947134785969432,0.006064133742137589,0.02541593287592762,0.023080095630112485,0.15891704060557696,0.03895825488706001,0.015530137468391504,0.0181675251268683,0.14658658843912944,0.20032344218461132,0.06547566233346942,0.05468930473264066,0.023706432993717743
W20f15f3c9efb048b0006,0.15887986916849153,0.018219804057259332,0.029044710394504583,0.02078154411844663,0.08034851236144917,0.04176073098898061,0.01375362811928296,0.02140663005200057,0.24470261561578263,0.14505507731226075,0.05339634036003949,0.06187135804093305,0.029432249140438915
W227eda14227e98e70000,0.10544112841189672,0.0015454293325916147,0.09688695101801016,0.00848284184017749,0.016938258245827092,0.004013566669691896,0.03188280607636601,0.006093149909522595,0.026747161065239337,0.011293550106254017,0.02464394075825881,0.005678966769081187,0.039572847108728444
W227eda14227e98e70001,0.1089810788777171,0.000904748537516326,0.07044854232856664,0.005366744601969559,0.023345700056834836,0.0018796875331338872,0.026714558697307152,0.0067228890956321395,0.023562212038991066,0.013515181382489748,0.02442524205954418,0.00546984070689422,0.03183403232161234
W227eda14227e98e70002,0.036904869926911714,0.0010755782059712934,0.0796949771419932,0.0056142537435891334,0.018160871123894015,0.002314745255220446,0.12075692593609098,0.009390752463760145,0.023979008026235153,0.015470207469089352,0.02426863804227287,0.005293136274852085,0.035256520571707854
W227eda14227e98e70003,0.02726121771704967,0.000434691531546114,0.12543920833530148,0.006556585343951815,0.028151081835437075,0.002674431747873317,0.06929178426385463,0.007894517238915802,0.0250500178251415,0.012795970832637766,0.02341558106601142,0.005345675278578845,0.03500874488619
W227eda14227e98e70004,0.040033237042749026,0.0010489840440902336,0.16368738363297416,0.007909323349758508,0.02683439422298931,0.0029839219862241,0.04317039781282516,0.009029182046232027,0.030339615527207424,0.01453792747423043,0.02658146469665707,0.00507487732454232,0.02851542761144183
W227eda14227e98e70005,0.04824323729905018,0.0005268181459372358,0.08015092971875618,0.007540005377838099,0.023026548083508167,0.0035438892984033517,0.05087601886115751,0.0075572464935778514,0.021501280828223543,0.017234407041652116,0.025990297870625467,0.0043084259242122894,0.02407137583808367
W227eda14227e98e70006,0.04840584763843514,0.000180071066697305,0.05207304291528018,0.007183404614199901,0.019275169901941353,0.0030203822944225036,0.05760008073390249,0.006236681341979417,0.01588482891191732,0.011092132935416438,0.021935735038696173,0.003925687910208774,0.025339625309927036
W241e39bc4686316f0000,0.007679118632759776,9.895221289664141e-05,0.24580496819743716,0.034434727802693924,0.020213594099334563,0.6128036638910074,0.02086452202018003,6.1027360609365004e-05,0.0008950080695270857,0.0015013860725726143,0.0010600411360376445,0.047873356011680294,0.002542872489382049
W241e39bc4686316f0001,0.02049711308723398,5.8749424537936756e-05,0.18548186779342066,0.03776448566537744,0.018890213955844483,0.6581928576276689,0.016881847909647817,4.156018481031075e-05,0.0017128291289318287,0.0009554495189390712,0.004580959792594285,0.04658911862497472,0.0039068182916316965
W241e39bc4686316f0002,0.018750605569628754,8.139308629152273e-05,0.18898211863405442,0.030912612104081045,0.015904762049109948,0.6608096833966766,0.021087650890796197,5.760152753345431e-05,0.0011770334345159992,0.0013334294849396246,0.0030596184114287123,0.04790602758456178,0.0042932146814154415
W241e39bc4686316f0003,0.008014305418321238,6.55434129212983e-05,0.21673837614359917,0.037834671331174,0.022008626124452955,0.6461506644536884,0.01877209014699931,4.4886206004219444e-05,0.000659090230812568,0.0012741222455410677,0.0015891440727677543,0.0402491337590666,0.0032366008859004048
W241e39bc4686316f0004,0.007593821569187169,4.7457199763884914e-05,0.19761572446925288,0.04252338434993146,0.022129656711892577,0.6655594676192755,0.021406851629676468,2.926682085605032e-05,0.0015199427534116335,0.00125550087435512,0.0012960194314590187,0.029286161464728906,0.005438851596797633
W241e39bc4686316f0005,0.024211040060756365,4.701770264872785e-05,0.1772714776712285,0.036015048698100446,0.019219191436030625,0.6685114659520818,0.022080801697164247,2.9003229121231126e-05,0.001815229509545374,0.0015231198390015489,0.004884274988462075,0.0312552265144468,0.006673377589361767
W241e39bc4686316f0006,0.025325496531688616,0.00010918069696666272,0.29034150709222706,0.04022246516020278,0.024138945967815947,0.5498329478787534,0.027143313443360562,8.741349984098452e-05,0.0018814733115343576,0.0023703827285034137,0.004864527415753887,0.02131531245610101,0.006479885857524462
W24630876331b3bec0000,0.007578402119986721,0.6581540596236041,0.02230673873476085,0.008955395033360205,0.19346476743037103,0.011584976905066036,0.02904092589596611,0.011292934633908243,0.001667863394311306,0.007179596238367219,0.015238269561926619,0.0038086711487661717,0.005370040014530151
W24630876331b3bec0001,0.010907772560925774,0.6422366961770525,0.014186037087533578,0.010674971650857354,0.2061801660201731,0.020072428998754735,0.01792521656308973,0.01575768533961129,0.000834597686969883,0.007736099127891229,0.01508203541906521,0.00302908804869818,0.0044132050053042205
W24630876331b3bec0002,0.010338694973918821,0.6840241000179095,0.016545288578591704,0.009705669853674524,0.15581193358292503,0.03808911368859041,0.014599733733002817,0.009875563782697055,0.0008346203739110493,0.008430502392800179,0.014177520116700528,0.002977611405955678,0.004677904766937388
W24630876331b3bec0003,0.010475740249447925,0.6407429323327847,0.019036753997678395,0.017582580212478112,0.2101145374351905,0.021770842200855837,0.012096896400244726,0.004280724515374809,0.0008345048427969897,0.008430360542861956,0.013787038231717449,0.0034126522930834438,0.004751574131337083
W24630876331b3bec0004,0.01117376680332119,0.685244475438801,0.017275958223688576,0.011312910271846811,0.16653808685138277,0.022410390286431596,0.01587307046182668,0.011468293899349797,0.000834547113687279,0.007596276189288498,0.013956158449681975,0.0035356385073856186,0.004378057764127592
W24630876331b3bec0005,0.011169672500761221,0.6715485223430968,0.017729947223023915,0.01133107677401057,0.1565767728043661,0.0547363053765842,0.013659435372511654,0.004284647315355541,0.001390238551515885,0.0075960683964695986,0.013718694195576529,0.0030300179462688704,0.004176469668760287
W24630876331b3bec0006,0.01089221933346892,0.666239432878359,0.01695803171022775,0.009821092780399122,0.1457502091754561,0.0689053965481222,0.012269933443078173,0.003642483331372235,0.001390488282305669,0.007596838390669186,0.014902223082807623,0.003006901982495397,0.0044763360443544654
W24b085596f0cbfd20000,0.0006995336606013901,1.76733021137535e-06,1.036321699824305e-05,0.000565637911354578,0.0005638123477845034,0.023516307038314845,0.00014069048138735143,1.148628037966655e-06,2.2043836223388044e-06,1.0253110411121415e-06,0.00027996328329776306,0.6191937499883935,0.35418764373568196
W24b085596f0cbfd20001,0.0005668371743905263,1.575025673032112e-06,8.591104123617946e-06,0.0002883382019814971,7.485092463286614e-05,0.012309522547317995,1.5955928586148849e-06,1.027662786559952e-06,1.9443756038114136e-06,9.557412257966336e-07,0.0002798034645608106,0.6289109503570199,0.35671848788065014
W24b085596f0cbfd20002,1.3503141199090481e-05,1.7625129369251573e-06,9.834375978404395e-06,0.000573363244619036,0.004292952275956332,0.016808333813896802,1.542612542412696e-06,1.1968940411997914e-06,2.1549686784558225e-06,1.4585357754083584e-06,0.0002799465618447912,0.6244875973353948,0.35269053997986366
W24b085596f0cbfd20003,5.478069335230277e-06,1.6908017024460929e-06,9.177134801862812e-06,0.0005657662644316259,0.0002843145710875055,0.015804384149738376,2.290306951666992e-06,1.042676153714261e-06,2.0747624722605717e-06,9.396093960632209e-07,0.0002798631338267492,0.6271468826254009,0.3550603751637036
W24b085596f0cbfd20004,0.0005717322206201373,1.671785632889e-06,9.12742333696058e-06,0.0005672733146789268,2.637132420053092e-05,0.016118077799025476,2.141413558076143e-06,1.0908426865083977e-06,2.063563141278875e-06,9.548428182447659e-07,0.0002798079222656402,0.6257548017215899,0.35582918415558007
W24b085596f0cbfd20005,0.0016884818827906899,2.0336268751796575e-06,1.2949171700746377e-05,0.0005706450896077544,0.0017886518038856321,0.021636012408442363,2.358882622904885e-06,1.4528718883938644e-06,2.718790150830648e-06,1.3836482406733508e-06,0.0011136133075580802,0.6169351742150165,0.35540802679741207
W24b085596f0cbfd20006,4.702583906529468e-06,0.002783241843150994,0.0004386958245972322,0.0005758047174394293,0.011095770971772905,0.021647167762942954,3.3149328340313645e-06,1.0622262539128764e-06,2.088146173026252e-06,9.957512391063654e-07,2.1583535661892575e-06,0.6214805432260136,0.34085076455236046
W254694347e7baa8f0000,0.013564458632916198,0.0024246500600851755,0.34045202150649984,0.10419278156384996,0.13384215085934154,0.21466222236806334,0.007277338100178062,0.008710506377360183,0.01815055890056392,0.0345259177042424,0.011349037151287286,0.012465726969972037,0.06773425346692945
W254694347e7baa8f0001,0.017014295418423336,0.001289641898445066,0.33671773430019825,0.1336300512126721,0.1453585385443602,0.1632968086305733,0.007138728818318013,0.010442892854549366,0.0174637326945559,0.039486665153473294,0.010420179667054998,0.01193210525867572,0.07353305622243606
W254694347e7baa8f0002,0.013478633993873636,0.0009612476834147446,0.30571675609439286,0.22760068214575901,0.14385814501304134,0.13581043487266356,0.009020805222575118,0.008158356577845902,0.014726489595265319,0.029583449045925116,0.010830110317386255,0.010282447172336766,0.060020605364030574
W254694347e7baa8f0003,0.015222832716762108,0.0016223039462845892,0.34254635561449903,0.1101313219568621,0.16659972432406542,0.13667799817995627,0.009258120447092918,0.009971612306190526,0.022050212382355033,0.046617650637712754,0.011140343435752334,0.012304372274904623,0.07408864189078028
W254694347e7baa8f0004,0.014003762324971422,0.0016617851870297986,0.19862008745803053,0.1273467294375201,0.17194994250942894,0.27637282785894995,0.012342952519400938,0.0102644908958957,0.015965844492496037,0.03526655104003145,0.010579565856274063,0.010845846333199518,0.07687402685735056
W254694347e7baa8f0005,0.016294035449337652,0.0015202398005187054,0.15403153472553113,0.10075899069951195,0.1790591752639176,0.32489635428151953,0.01195678878948083,0.01139401307836276,0.014680633784881365,0.04967337026014285,0.009885268142223628,0.012106777162927506,0.08183697186988277
W254694347e7baa8f0006,0.015438445904170255,0.0014163995745507538,0.2222178193439682,0.09921546853228531,0.15735907918182343,0.29102671130520624,0.012221529418974246,0.010549240455279765,0.016710926000712254,0.055526202975865684,0.010401267170574614,0.01175095102959641,0.06347347502033544
W26c33f39ec486dc40000,0.014429171937157377,0.0012223221289095767,0.04346267582075595,0.023262855993365687,0.040465264377367506,0.026448746154437087,0.024227796771926713,0.011546567233627032,0.012938615171213337,0.011844098348480537,0.055913909981603865,0.009311172631024558,0.03610580020481733
W26c33f39ec486dc40001,0.017505169805521276,0.0009768261149262292,0.07124291962473088,0.01928047119928812,0.035853884144208606,0.017128188822296317,0.030239224498866412,0.010551429796320948,0.012534177514464109,0.01125751976633892,0.02260137347151386,0.0057716895393587235,0.03346544826291899
W26c33f39ec486dc40002,0.008893929854595441,0.0019029233243677247,0.061351644311699774,0.02464953956417658,0.04018202472575243,0.012299240424353024,0.0214086239041819,0.01050893468222186,0.012602444829644831,0.010381301824523731,0.022700879715895905,0.005221632383517913,0.030798707494862923
W26c33f39ec486dc40003,0.02224047962546483,0.0023383931834435553,0.04805085014934078,0.015278759371035311,0.031770855449435025,0.019821906981456278,0.07302485833281602,0.008454051014479321,0.010833149690889696,0.011677918705767613,0.033956595119911386,0.007902514847290012,0.024764243024438564
W26c33f39ec486dc40004,0.012503834024735839,0.001508513297969198,0.047240019050263184,0.01781530708536877,0.043418562057208905,0.029525390219213816,0.030990607406140486,0.010345063533932164,0.01660981198464097,0.011732936237839433,0.06188149380810235,0.006393794920662409,0.03194697529305207
W26c33f39ec486dc40005,0.009723690938102178,0.0016442868487291568,0.04632032239684553,0.018819345921238895,0.035018772102547904,0.03562779543651919,0.04247462765997971,0.008335819393537551,0.015133251356301752,0.011732877540245663,0.05483728211202424,0.006660595966013581,0.028915588232151845
W26c33f39ec486dc40006,0.013381056486520517,0.002216867395721254,0.03446681529436625,0.014153104165652774,0.022834213664549102,0.020121171264467056,0.02252718543299604,0.007743342018800973,0.01130444109291513,0.011817854778201192,0.043247875545931555,0.004471486709729184,0.027144333707815903
W2b547b8884802d090000,0.033803161324626116,0.001377044910516495,0.28093457701470964,0.3858781901732916,0.06784580982872437,0.02260041939610995,0.02060003550612675,0.01198093462108673,0.027522446518590066,0.026253027656837152,0.014588752153772623,0.015283231877497274,0.024600988027738042
W2b547b8884802d090001,0.026521236609715452,0.0016951663057880651,0.3541551555275071,0.3213918386987228,0.07376250696280466,0.01959275931655413,0.021431447277938748,0.012202785416410586,0.029983943581074198,0.027304559244757838,0.01671509401583261,0.013116411146144901,0.023541735386376914
W2b547b8884802d090002,0.025902679543440253,0.0012181699750287093,0.367116463442229,0.31374573520239807,0.0666936111894701,0.018227399688065776,0.020421717479307284,0.008372552808455431,0.03287797645503452,0.02819711276164195,0.016028303695819184,0.013413331764293738,0.029016001444466154
W2b547b8884802d090003,0.02367575498249064,0.0018263926437577737,0.3925170893654966,0.26930007243667353,0.08450690678161715,0.017055461330624664,0.0186969697048514,0.010696922717382684,0.02927124449178869,0.03073635472969457,0.01458090020577397,0.01360009601572537,0.02628832038049745
W2b547b8884802d090004,0.037708496276919495,0.0011903291789242484,0.38186888601337216,0.30270491645287567,0.06138719239575093,0.01617120366753272,0.018552214043123207,0.007211502976538531,0.03408373437436282,0.029012091793600515,0.015731607780577486,0.01479643780371116,0.02296066146054939
W2b547b8884802d090005,0.03876219303462147,0.0023462757584924274,0.4310996243149106,0.18922751875165666,0.07821304438863665,0.015846069353148733,0.019300218334842797,0.012551996619979744,0.037176807378823666,0.03006023892987135,0.014974579785429718,0.014619874880826216,0.028331123703892635
W2b547b8884802d090006,0.03163437786274564,0.0011770500449538475,0.30121577724194815,0.36370612351212506,0.07486725035909686,0.02675627814481679,0.021898940275171464,0.007623320934562164,0.03318612725731599,0.025899776892778534,0.018400409278148434,0.013152439592525515,0.023146650582423545
W2b76a98b5fdc112c0000,0.0047288289131958,0.9782854865303819,0.0016703864674650342,0.0011146674712787467,0.0015087514006102908,0.0019465828534881238,0.0038875579453838192,0.0005707200321293499,9.622241790154567e-07,0.0009534419935461563,0.0011145701212642173,0.0012513675722578145,0.001019971569285955
W2b76a98b5fdc112c0001,0.005285152255046059,0.9486938519693405,0.0016693365868178818,0.0012531189369047637,0.0016848409738933398,0.0019455267795842558,0.03173559974816387,0.0006122567020835189,9.173140192129633e-07,0.0013700246427042642,0.0011152490778196652,0.001667799682606399,0.0010196047516685934
W2b76a98b5fdc112c0002,0.005286269401290139,0.9744316959728856,0.0016695253554720338,0.002086440442166921,0.0017500879448402978,0.001945480238539041,0.0062467966190108215,6.52453967608328e-05,9.127306419388239e-07,0.0013700724122812516,0.0016707003413715703,0.0012511283721470137,0.0008344139223095511
W2b76a98b5fdc112c0003,0.0041752005608794475,0.9686149931108773,0.0016695434011924325,0.0008364404474355261,0.0009953674216202505,0.001667780417197813,0.0151165808192559,0.0005445826224320372,9.179257055839438e-07,0.0008144684171498639,0.0016706681502448785,0.00166779869175161,0.0008344238473611826
W2b76a98b5fdc112c0004,0.004177654274621328,0.9487529221531087,0.0016694589543662535,3.097009864229783e-06,0.0009871361042668946,0.0016678041349640926,0.03600230201219727,0.000915666858977774,9.185336605830213e-07,0.0008144643987838884,0.0011151142094342906,0.0016678033475453278,0.000834423846066802
W2b76a98b5fdc112c0005,0.0013958703446986598,0.9898418915871602,0.0005583624060265579,0.0005586626668414994,0.0005676603555599583,1.4853884155062288e-06,0.004327814255907277,0.00037694633999782874,9.188073074308517e-07,9.722145630473953e-07,0.000559292587492908,0.0004177986894272695,0.0008344235304845512
W2b76a98b5fdc112c0006,0.001395593933451579,0.9601869817346298,0.0005583452482829119,0.000558683679086961,0.0005642484052127271,1.5172026645084722e-06,0.033565300457497484,0.000797976424091956,9.307631948180519e-07,9.683614737844745e-07,0.0005593522004589174,0.0004177984434348106,0.0008344230261703019
W2c589b5392085eab0000,0.005656453477507949,0.0030608398576948198,0.08511542743893519,0.10349306789895776,0.06758752463909055,0.48180195185135716,0.03508995410695986,0.0026290785909096333,0.00011266596823529625,0.0016024885686586599,0.0014144045095080319,0.20532325287115297,0.0053618162467090925
W2c589b5392085eab0001,0.004914579391355798,0.002917255917831193,0.028642563392217307,0.11334664600395433,0.06771542987347638,0.4459152187844693,0.0328512792595941,0.0023910179964013213,0.000739744435474351,0.0016577981400391014,0.0016421247234085412,0.2923209204684926,0.003214569293490179
W2c589b5392085eab0002,0.004041490020953771,0.0028129801738066406,0.02436196578329886,0.11808870037244563,0.054295884306646135,0.41784299907999034,0.03542937623493382,0.0023199611897463716,0.0006556232743979293,0.0018552940128493088,0.0028012029620417974,0.32972458384509534,0.003606985375167462
W2c589b5392085eab0003,0.004281246999692338,0.002822507122293882,0.02697730924596149,0.11782419811298528,0.05598680332897277,0.3688712174883002,0.03289569007096544,0.001800502236585957,0.0006650390221590529,0.0015849942137093611,0.0028279804382271945,0.3771072466436544,0.004179624919834754
W2c589b5392085eab0004,0.005537000586292222,0.002998229069457482,0.033573458828172004,0.14851121906300335,0.06993344049237693,0.3397183453743319,0.03294622293516511,0.0018915267967560168,0.0008032069166053391,0.0022735871880262236,0.0027986417528800696,0.35299031448098617,0.003653018574614569
W2c589b5392085eab0005,0.004274305020029527,0.002814290617858201,0.023139883783064984,0.10301506052568397,0.04118333470264435,0.39710204405232524,0.030987137046962522,0.0017611157126194968,0.000661565725928054,0.0006539988306024602,0.0028054630337154343,0.384076538321133,0.005913935270306937
W2c589b5392085eab0006,0.004048233537187465,0.0028208950882298396,0.0238505429188761,0.08843079019322002,0.04291610823131457,0.42669247267619703,0.029799764959321396,0.0017660159507444863,0.00066277633948033,0.0009356074742982635,0.0022705482837360484,0.3676775658696415,0.005949333356632224
W2ceaaf5d76ae865f0000,0.02111626661377239,0.0001274590116435027,0.23099516042551513,0.05176921340966812,0.04409459611867097,0.49912289815828687,0.026570515769588608,7.983648533605929e-05,0.005340681477656186,0.0010826920900921814,0.006241453381016942,0.026499516156234196,0.07977600401768281
W2ceaaf5d76ae865f0001,0.020438729565609808,8.224022145946277e-05,0.3604240986792513,0.03540609333410857,0.04837003014460084,0.4406236975341366,0.020484237979960674,5.0768119306383484e-05,0.004170307741064971,0.0015776736913750934,0.006771202934905828,0.02851961421239822,0.024677468528728985
W2ceaaf5d76ae865f0002,0.007061089449258853,6.86545448821011e-05,0.38236394248370587,0.03306918047314415,0.047038697863032386,0.47544408226228835,0.004756838047088921,4.2337964000457874e-05,0.004137018360785838,0.00026129066579106005,0.0035554260529035153,0.035483586284700934,0.001788879485171079
W2ceaaf5d76ae865f0003,0.005839894321733119,9.92609107745374e-05,0.3950331571319107,0.03914404577007489,0.04464344466627708,0.4648159702179421,0.006347508404567514,6.121462027143052e-05,0.0038652767489921924,6.496783945619534e-05,0.003580378070504186,0.029841850625760065,0.0014969975145276984
W2ceaaf5d76ae865f0004,0.017770052447451418,0.00010874940514055065,0.41011110740200235,0.03758175543134073,0.03910419403245879,0.4395532869696205,0.010910975784015923,6.722718060194547e-05,0.0035948160483877155,7.136691376596171e-05,0.0056707387895037166,0.02610015805257613,0.003618425085544764
W2ceaaf5d76ae865f0005,0.004718153496329807,8.377787999901862e-05,0.41712382742553994,0.04069923550518569,0.046602384018363564,0.44009886549518934,0.006063788807041653,6.733833105219859e-05,0.003670322456775454,5.520619679637501e-05,0.0029008495950064747,0.031511558237604556,0.0014164103211467421
W2ceaaf5d76ae865f0006,0.018596789931192768,7.353550919598374e-05,0.353191249590371,0.0382807283497637,0.04131141001562062,0.4874281247024515,0.012853325051166561,5.913632138448161e-05,0.0033891997034984755,4.847545354015662e-05,0.005368155486697528,0.028285186721680834,0.0040926574477452545
W2d862e29ffe711480000,0.028199491491959983,0.0039947400799008916,0.13387169582989797,0.027312306015221995,0.16047163206413628,0.03953774566353554,0.011071235448775899,0.01870450848589455,0.05899026441480038,0.21322896032697577,0.024196246402280144,0.024932631998608085,0.02849895555220723
W2d862e29ffe711480001,0.029806680437977063,0.015518636062997778,0.11576477243199108,0.021480519784434427,0.17973468871289613,0.04716199671379518,0.009913315714684222,0.020462959617482197,0.0503340289172839,0.2639249178732513,0.02127795483851823,0.02565296105410861,0.032143852946000605
W2d862e29ffe711480002,0.034653213633083234,0.0032312026529841744,0.1067516434489964,0.022431020206934642,0.19318657547200516,0.05861330809937227,0.025570421016438322,0.015646612326075955,0.05915228593263817,0.20777200413018504,0.023375653648813565,0.026238955775333892,0.023016193227398108
W2d862e29ffe711480003,0.03338548228289114,0.0027777759763500864,0.10889099756704737,0.023054913160568746,0.21648864984543867,0.059021922256089064,0.023802050842419913,0.015191979110714104,0.06024166065063447,0.1823022244940909,0.023977412154521965,0.02799356509035484,0.02653963175672499
W2d862e29ffe711480004,0.0327222346434673,0.0025620262258461584,0.1367561081582235,0.024696624824119818,0.20905713871097942,0.06763101142853502,0.012148331006614861,0.015461601898734289,0.052184159628843374,0.20370078636998779,0.024851910235945244,0.026777080881603275,0.028118372862685287
W2d862e29ffe711480005,0.034374618173052575,0.0027160298071873938,0.13559738322365478,0.028460758115256224,0.21898421689148267,0.06952561421846518,0.013224925910960384,0.016297855309117353,0.03824892815169413,0.18296806607186983,0.023850671239218794,0.029823190363316043,0.02438470884060376
W2d862e29ffe711480006,0.03375214766585765,0.002709707980845931,0.1349430029263349,0.027299556017910145,0.20411732353137033,0.05971875385162272,0.0114622434779893,0.016719170883795514,0.039004538752042246,0.19736793917111364,0.02451533749587738,0.028482090198872753,0.024261103229060447
W2efa997a9b7c98ee0000,0.0031677884218433133,0.00021574877671807702,0.031112493391744146,0.00403339221089984,0.012315064354473736,0.009105475475811026,0.009281687823776986,0.01632939155045762,0.035137183557344936,0.7232130812614085,0.03736088882951551,0.0018273426211775918,0.06166162854693183
W2efa997a9b7c98ee0001,0.0038428682345715576,0.00048368879094707706,0.039135109125171534,0.005323013909503533,0.01290261627390321,0.011201494795244536,0.008015027601439963,0.013693736130872795,0.03544624775885405,0.72374311533704,0.03735588353864281,0.002363278906422571,0.054374072985089096
W2efa997a9b7c98ee0002,0.0032665254655436125,0.000483672144732878,0.03877538885333641,0.005082848999122154,0.011703723396894967,0.011007197091597334,0.006965558492442646,0.016601030275657125,0.03706308393701267,0.732563455419321,0.03576345902388305,0.002149753263682861,0.04351191030000979
W2efa997a9b7c98ee0003,0.002319435078190551,0.012709052507056687,0.0345368832594745,0.005046534166955843,0.011303118763434686,0.008219153893908458,0.007892923296622742,0.014392584258121165,0.034528667111402345,0.737056417244571,0.033926207525706006,0.0019901824789847955,0.04679652980332728
W2efa997a9b7c98ee0004,0.003978732572906726,0.0007617203537633015,0.03864894190435899,0.005019234438044252,0.012016352501156704,0.009157687145042715,0.012791533663093943,0.01549931965790813,0.03596585321302939,0.5863904320497719,0.035750590784849906,0.0019917309818290874,0.19272751642538538
W2efa997a9b7c98ee0005,0.0020335875723216596,0.000482553602259294,0.0371881473058209,0.004032403627014457,0.008901143778032361,0.00861657635949003,0.010607628155082552,0.0166496534761303,0.03888477382329037,0.6115826574123092,0.035300130157946356,0.0015266553639463904,0.1706674551590658
W2efa997a9b7c98ee0006,0.0023147704397282337,0.01270740085436361,0.03565175901258631,0.005850333524148259,0.012781561198308419,0.00904070261010162,0.006922861397015868,0.016285579572032235,0.03344088102229727,0.7343753721407784,0.03321444640619945,0.0019886979377989706,0.04964518586008903
W2f09f36e113015d80000,0.0008362334465140435,3.439228706978464e-06,0.005357630195584992,0.0028554095827115805,0.0015786920648181507,0.0385592426987735,2.3163784538189174e-06,1.7033099476849736e-06,2.8422845105181917e-06,0.0005567986509737198,1.6371776446307907e-06,0.8662720759859107,0.08396876978497377
W2f09f36e113015d80001,0.0002806274262240115,2.5539830565934846e-06,0.002020795482978738,0.0025462591440871805,0.0015114461780650417,0.03618849702130337,1.8865096031459284e-06,1.4776985570695183e-06,2.905461953062227e-06,1.2313668759973876e-06,1.8184684470925149e-06,0.810403002237015,0.14703440307078874
W2f09f36e113015d80002,0.0009746926792657472,0.00028086808018219664,0.009723375217005163,0.007210952802387178,0.005915394719480608,0.0386738358901333,0.0005587446001865066,1.9198597266448253e-06,3.7722936530963437e-06,0.00018678787178405857,0.0007430570992179335,0.7551707592231525,0.1802737461581214
W2f09f36e113015d80003,0.0019508685335169879,0.0002809160995541825,0.006978782040516467,0.00557854599173306,0.004505484526872672,0.03467454848906496,0.0011138623279552922,2.150186001332735e-06,3.7251243947577878e-06,1.6683032910633963e-06,2.1440024728804613e-06,0.8760799658183361,0.06854534862966886
W2f09f36e113015d80004,0.00046550119218500456,0.00028319620764838264,0.009261938687652098,0.011616129092878793,0.01086045059208971,0.04524189939216714,0.0019512191101334724,9.680313721594439e-06,3.954156676596007e-06,0.0005575237975137254,2.1184707056527884e-06,0.8501210848127866,0.06962085435479821
W2f09f36e113015d80005,0.002504208007042029,0.00028215642196594714,0.011146710248571895,0.008206823914868381,0.00993558304829154,0.036393896249682776,0.0011135406175751114,3.3784651029031973e-06,3.946244491591686e-06,0.0005582906687931044,0.0002799068824184051,0.7177643403353797,0.20985854594524098
W2f09f36e113015d80006,0.0011253171780996004,0.0002859264983937721,0.012912804961509167,0.014080337322246238,0.014333106027175415,0.04020691018458052,0.001117836014077151,4.990016910329999e-06,1.023623790622902e-05,0.0005602120815707966,0.00028348293506276614,0.5952490877389895,0.3187063359594168
W2f994ecdb980801c0000,0.11917594870893576,0.004753049316820142,0.02954165775170607,0.07561038055595105,0.018168986693169697,0.10506761322583578,0.04510709891885564,0.0033873906042511345,0.012763025346380087,0.08627661751674985,0.0921568628949711,0.00900878208814869,0.34802540884633887
W2f994ecdb980801c0001,0.09235544067167181,0.001805795783015821,0.03437014911275421,0.09493675944312027,0.04538279692153944,0.16672922582204888,0.11596066635606915,0.03078962469532256,0.014040586398286686,0.1090301418582292,0.12198055523608799,0.0058735621500763365,0.08931565866975623
W2f994ecdb980801c0002,0.08047982846196403,0.002934427887588583,0.0301225054320603,0.1068543697215124,0.024844354271221617,0.13494793120449364,0.21239698457767966,0.005951341831689472,0.017055528374433804,0.07899795047754568,0.10339951147849906,0.003277795903111009,0.12585917267031135
W2f994ecdb980801c0003,0.08026176220767153,0.001446273381245867,0.03708678016403951,0.11761769616884363,0.024126866610729606,0.14584920916995214,0.19953808710161483,0.0026675434810010928,0.016063629298244272,0.07210454870146824,0.09547710776339348,0.0034629287566988283,0.14470515038011492
W2f994ecdb980801c0004,0.09616395896810731,0.0022132849876653816,0.03956875078288178,0.1203082541509891,0.032760750345227026,0.09900664946191849,0.09832178497098032,0.011075164134251102,0.017327628989497662,0.16034265565575478,0.11573400499729813,0.003918896102464527,0.12441844263524145
W2f994ecdb980801c0005,0.10162114352924706,0.0018473425950935292,0.03308889771750905,0.12218126575070344,0.04131534376312951,0.18370005654714058,0.045675279929379725,0.007836717992518198,0.011940692747614293,0.14901409561678966,0.1140066783052971,0.006567489508483648,0.12794610960841826
W2f994ecdb980801c0006,0.08208579804807219,0.0027357998913836875,0.033942386420663447,0.11834629567719679,0.018994094849581887,0.3303735748059298,0.041691646457199194,0.003558717139067629,0.012173770022520347,0.06454999647962384,0.19560592271627605,0.00677145234549329,0.043629655874766256
W2fef388ddea1a5470000,9.328407178690106e-06,0.005613203268964399,0.027551872582268246,0.003575880146248383,0.003376268960170774,0.5756248476278073,0.002529051708105045,4.761357441386039e-06,2.2843187319528424e-06,0.0005580440863428408,4.145541366060033e-06,0.31138546735521944,0.06920479637030834
W2fef388ddea1a5470001,7.305517731334048e-06,0.005040612395086849,0.022028292180137327,0.03251165463977187,0.006575256480273117,0.6716741156138923,0.002702024318650849,4.98299084350589e-06,1.692356005402207e-06,0.0005574125205900338,2.2936545244807953e-06,0.24270325635072001,0.015633198610487876
W2fef388ddea1a5470002,1.2592522101269633e-05,1.0062918834237497e-05,0.003096449741763266,0.004180648988636687,0.0032344008275504207,0.672442702713623,0.003853047909949179,2.2918519763996436e-06,1.4882270178874937e-06,0.0011127430000588358,2.1422549778684737e-06,0.274217939755683,0.03690551709480069
W2fef388ddea1a5470003,0.00014498688336665383,0.006129175090650943,0.006779307361205512,0.0075015330380946545,0.00504614628874655,0.7230911438429072,0.003895005221838992,2.431050004822671e-06,1.410004169483744e-06,0.000557096854079895,1.9022155468382372e-06,0.23114386475815438,0.015148513390007884
W2fef388ddea1a5470004,0.0012599120935171066,0.0011428681752286927,0.04495234956465657,0.023735673172016768,0.006787533074540389,0.7448393862498549,0.002303415774670181,3.1969487339295974e-06,1.5961989735263192e-06,0.0022239912081202565,0.0005577124600513478,0.1587220878162755,0.012634756418430449
W2fef388ddea1a5470005,1.344305099320925e-05,0.006693277967421029,0.006606771798238149,0.004927685345612894,0.0036802354445756896,0.6644464665587159,0.002098740799318712,2.4219446771825155e-06,1.7491734860411083e-06,0.0005574715240113367,2.3744943066090444e-06,0.2966670614467186,0.013744358811231447
W2fef388ddea1a5470006,7.059332583648753e-06,0.006688482364535943,0.0035570635627967992,0.004611363449375596,0.003238902162122377,0.6366464905290156,0.0021014729706397006,2.6376633626968443e-06,1.58782654292763e-06,0.0005572881723156388,2.15208350726072e-06,0.33033325584414547,0.011694378669207216
W31929a826970ecea0000,0.009875930928020919,0.003002277571033219,0.08449245286108155,0.033521608682685146,0.06827092385074442,0.008141792281579996,0.010155921105133872,0.010752664564018757,0.030201295618697072,0.034673109837083944,0.01710893007086758,0.028506473449708487,0.17344247952547273
W31929a826970ecea0001,0.0053864260273605415,0.003412093017351816,0.11011741767489489,0.0585676738257997,0.06146839865452296,0.01032328820326985,0.009561911130477708,0.013173333971711717,0.03109215262062984,0.03996866173135917,0.023727555963681833,0.034841613732618404,0.12523646880869077
W31929a826970ecea0002,0.007670227557316251,0.00498246514460535,0.11830910110893238,0.04902394199112448,0.05206869500976286,0.011097964195175641,0.008569475810549293,0.027471488557930957,0.032400533274530595,0.04761924290386931,0.036594864066094294,0.025738054928306376,0.12417103199321432
W31929a826970ecea0003,0.004519539246552777,0.0026121395260519857,0.09167025191449191,0.0697207393814727,0.09457570112113584,0.01235011578966804,0.06886411719772438,0.017585702743402685,0.0275540782009089,0.039288479387445265,0.016152167606646523,0.026736973241320728,0.1341174675197587
W31929a826970ecea0004,0.00606730006058525,0.0030500530936992737,0.08402794741143854,0.07227338669330435,0.09933077625309684,0.011492309104368374,0.05223902634849019,0.012261501544762897,0.029986113383376704,0.03591519719667814,0.013005185721627715,0.03250680021792894,0.13669021242376006
W31929a826970ecea0005,0.007841314170984385,0.004158262990528304,0.08667539632890608,0.06651769652501494,0.06564734643626051,0.012505925212547193,0.010513767255359,0.0122213056349081,0.030902748974663545,0.03621883612587957,0.017389298287483576,0.0349356664082757,0.14181531737906433
W31929a826970ecea0006,0.004719200211290007,0.0029744418214035194,0.09547828356211437,0.0465378748763736,0.0699452776901602,0.01130967258771639,0.009180420777661352,0.011132371562590181,0.029740936724640208,0.03731957781481781,0.03260691245252224,0.03762595565674579,0.16753999450803672
W3200649c2441eeea0000,0.002408640242509025,0.00012343775415598617,0.0035810806110208745,0.28512911664316537,0.003909075895249226,0.12524716519195964,0.0007396536114991759,0.0015648485617776977,0.0001999494076350303,0.0001912370393578617,0.00046563347728600674,0.5444406658118128,0.031235835952904464
W3200649c2441eeea0001,0.0027095847375753113,0.00021475463712835737,0.004373269878688254,0.13448561426343977,0.003920162173055734,0.12081611624554764,0.0007602440663313073,0.002568937195730589,0.00034539320930878725,0.00033928130404988784,0.0003356734699853622,0.5006813315036371,0.22808157476671204
W3200649c2441eeea0002,0.0031580844013720803,0.0002579980639610568,0.0048353914761983625,0.019702351552857475,0.0065310037979970535,0.10207083560309443,0.0004346951519537484,0.0037062858423793205,0.0004173133833608859,0.000416844005672101,0.0004262012850331319,0.5009403152176775,0.35609365045757396
W3200649c2441eeea0003,0.0030868275714990854,0.0002082173730533797,0.007192464413610871,0.3132304227627856,0.017518516579138877,0.10663973392068402,0.0006753251533084972,0.0031777229516474883,0.0003404527736998046,0.000352602616995153,0.00032670694744975544,0.505895290042497,0.0409579094004914
W3200649c2441eeea0004,0.003368523619428964,0.00024190262359386681,0.003643585252848036,0.1757063099686513,0.0054187621799505654,0.15926318357059746,0.00044364706429619795,0.003638434317566517,0.0004237303917182586,0.00038966765243297967,0.0006804165953703623,0.5548587318682139,0.09065867146228804
W3200649c2441eeea0005,0.0030936111804951596,0.00021280540737543614,0.004629498068166075,0.3225244804561618,0.009565316083514719,0.09864154609229542,0.00037757882304597653,0.0031757054472641723,0.0003445039382876148,0.0003432760139541236,0.0006123289513576159,0.5116990694163527,0.04413318729940971
W3200649c2441eeea0006,0.0030928460642568665,0.00021122467504168353,0.00610202598368569,0.26938935895972677,0.006600580115827657,0.12378596174812805,0.0004692423203101163,0.003150503899023933,0.00035805693082183935,0.00033974923572672116,0.0006303664620623308,0.5358477364294808,0.04963587176517008
W3473531eb2823bc50000,0.02847881144688525,0.0015419551128930682,0.4583679562281532,0.09422905080682611,0.08140743511586516,0.021018911460759036,0.20915729294153526,0.0030799201512800374,0.01925929746145145,0.014899043362112395,0.009941131836051475,0.021442321469492744,0.01116222268656461
W3473531eb2823bc50001,0.02661278656752375,0.0010214755251259134,0.6443601680751185,0.0644851015085626,0.08280186008353109,0.01675988769014682,0.04724837852069538,0.0034464366794522794,0.020280179897367176,0.016878404386791872,0.010198368792640765,0.020640643945099495,0.008821644018076101
W3473531eb2823bc50002,0.019508148923399863,0.0012837829013591369,0.6659995279804991,0.07206868937031392,0.09878589149956551,0.020758442250768835,0.03278579523753366,0.003232441834229891,0.013325509226477362,0.010800419244049876,0.009066272183414294,0.019726572929056618,0.0063029144796211
W3473531eb2823bc50003,0.10784299958967196,0.0039114013425164485,0.6431881033205215,0.05364275748867484,0.04481004125327812,0.027298651624762863,0.04934462871751208,0.0026007974471252957,0.009159895692514651,0.010082860766217621,0.005919771453029497,0.01626536745059106,0.004654107259261398
W3473531eb2823bc50004,0.026113176666263286,0.0011349339371215328,0.6803697566104159,0.06298171278676061,0.08502693400115374,0.01563141616193602,0.02353687672203622,0.00337627443615498,0.016641135347442364,0.011573808137353642,0.008745591150834722,0.025221803935760772,0.008566623823680094
W3473531eb2823bc50005,0.02334534239694611,0.0013147529582864198,0.6771979276692314,0.0696340792723909,0.09487577252772188,0.015419293377565516,0.013163686086870926,0.0027231767225978257,0.01719595878048188,0.014306552134898537,0.008761306180788526,0.01993644721469377,0.00818212065915807
W3473531eb2823bc50006,0.02544410536962025,0.0012694083743436846,0.6756041428924091,0.054022447098213675,0.09552900119412173,0.015100216470791402,0.01064733455082579,0.0033932543311029,0.020454190110280997,0.015629335007112746,0.01099450701770248,0.025390872476022595,0.00795968439713377
W3546dd5862165a310000,0.009455247047319353,2.3852322705201824e-06,0.0008399121093721551,0.0013158910135892274,0.003116564102146389,0.027205867344494174,0.00028348882230377497,0.0011125825260994994,4.947329778658479e-06,0.001807060466091212,3.1950168505530086e-06,0.6127309959535095,0.34156354094486424
W3546dd5862165a310001,1.5491850995008616e-06,0.001116444664327185,0.001817117744814304,0.0011440989275594137,0.006034729457171042,0.01981611416721253,0.0002809201194822791,1.0156799347547639e-06,2.8120051156236915e-06,9.396531965203813e-07,1.8153193461406897e-06,0.617490186993071,0.352290357237506
W3546dd5862165a310002,0.0014036057127280882,2.213861992617098e-06,3.7802929842710323e-06,0.0007602765583349871,0.00011427792732685406,0.02196559098796765,4.513689307933803e-06,1.365417890335172e-06,3.763574451142001e-06,1.330068348395231e-06,0.0002801851194703166,0.6703078514418567,0.30514880610664913
W3546dd5862165a310003,0.0014011065437354935,2.166796145676938e-06,0.0007376778189765952,0.0013211112949769066,0.010579008408400509,0.022642579619283013,5.679181840733716e-06,1.32378029887369e-06,3.4733729878883428e-06,1.2329256795842344e-06,0.0002805632164922356,0.7597765871597378,0.2032452290527591
W3546dd5862165a310004,0.005757304026855364,0.0005574650716905398,3.060068853268221e-06,0.0010341317489056794,0.0006323862086419289,0.024277955125188228,0.0019493134553128292,0.0005567351322855109,3.2417823810557525e-06,0.0008344804293427173,2.0757209535898335e-06,0.6599496629781525,0.3044400464927025
W3546dd5862165a310005,0.0013924120594394583,1.933395730889256e-06,7.777647407169361e-05,0.000757977357770828,0.0019964259592923322,0.02308242947164561,0.0021730317314671973,1.1871535421271772e-06,3.26254491635629e-06,1.095324322497168e-06,2.1265411860256376e-06,0.7377257424574695,0.23278250609751724
W3546dd5862165a310006,0.0015776062356355743,1.9032409996377394e-06,0.00033774579488959514,0.0007562175275236739,8.264670527758457e-05,0.02413251092986371,0.002733324363899961,1.3418510356912434e-06,3.374598256327522e-06,1.1227496099896995e-06,2.571912961479397e-06,0.8421095949087896,0.1282577934109372
W372ee4e3091c33bb0000,0.005012084194145771,0.0006749701115954045,0.027528915983282578,0.007816919383728216,0.006299784515265982,0.005318604934628659,0.00913736825648053,0.01286535455944871,0.10071282909439794,0.597816487938539,0.1085688015245021,0.0016655348543616652,0.05295557589305155
W372ee4e3091c33bb0001,0.002933259396867021,0.00037350784338396176,0.022494695781568992,0.008502895136856642,0.005575173499535764,0.0036829170653606956,0.010191724570286116,0.010941909896184956,0.1221991769342306,0.6462715946700701,0.06330602578581591,0.0016189362649067214,0.04203676968327567
W372ee4e3091c33bb0002,0.003118960715732363,0.00037314385273805306,0.021758743897623938,0.006585373051002124,0.008292858282794673,0.004234104313061092,0.010191176797367158,0.008911656465060761,0.11956986482245162,0.6516715177974922,0.06477739429661683,0.0016060180907627925,0.04244810784297287
W372ee4e3091c33bb0003,0.003076421382771051,0.0006355627498946593,0.02545977491038789,0.005457198505469812,0.00980725222626188,0.007125920315547618,0.01075423556377501,0.011146242755080362,0.1157689410808727,0.6423001610858234,0.06570731902178867,0.002976883787809272,0.045147425617860955
W372ee4e3091c33bb0004,0.003073303358364947,0.0006339671241142451,0.02715547601238475,0.005255848332313914,0.008707144436339218,0.006879376957002862,0.012201587919821103,0.008444219070070879,0.11748243763989898,0.6401819242668807,0.06569123627576384,0.003431514622868721,0.04631298439846669
W372ee4e3091c33bb0005,0.003078097711550322,0.00035698379056311465,0.02463738821515468,0.0064064208079975225,0.007494077054393706,0.003766416156006864,0.012183432688058467,0.007106291919279688,0.1184315485592265,0.6434629505258366,0.06636698379077503,0.001851825040158805,0.04767852239112189
W372ee4e3091c33bb0006,0.002503337994184694,0.0003489737855717405,0.02676382361752908,0.006281460596998038,0.0061131328441470355,0.0048986336975784936,0.019885030392391048,0.007544047106279343,0.11490384908881225,0.644990227989241,0.06047012181131622,0.0025869765268759747,0.04756508510055319
W37fe5be573d394450000,0.007081104737929689,0.004645277773583552,0.05303371942744749,0.11181487057061291,0.01941742913694911,0.06654596543049018,0.13455898138466,0.005660211637304473,0.04272225744166415,0.021345818049347688,0.3826990319981172,0.017345965610335135,0.05018271574006908
W37fe5be573d394450001,0.007951400886935307,0.0045280786838821675,0.04717084727392112,0.12538843201224342,0.016143222838836117,0.049845763334514216,0.4753854959317712,0.006982085643673968,0.04761990731758244,0.020898594502009614,0.07740827286499657,0.01630602128562066,0.040296317243141436
W37fe5be573d394450002,0.006166278110020384,0.0013448991680926141,0.03622236464146963,0.31953980811410404,0.01180293201690655,0.020176376468756755,0.4248062141933715,0.002628893202101879,0.03963088203265119,0.011642848886311508,0.048359988363889224,0.007892367744256851,0.02144279619308523
W37fe5be573d394450003,0.008407698193782365,0.003616673683166403,0.06405426503758271,0.11925059280651545,0.014690795750058673,0.047778900092522274,0.32353162162637217,0.014694228366900687,0.04947948424501989,0.02007201949588843,0.16512579247151316,0.03158982271901326,0.04764511218182707
W37fe5be573d394450004,0.0073064696496701765,0.0038736515415987004,0.05212174218526715,0.11971962294761099,0.013276049771332305,0.05245918400035886,0.47179351934466174,0.004951019017108043,0.04391260147131343,0.018500250968570546,0.08186187185960458,0.028421766707672606,0.04331475836530074
W37fe5be573d394450005,0.008068021970247998,0.004641308180822001,0.05597154235160296,0.12295347498113667,0.015363565850603058,0.051462023211896746,0.3078414499755811,0.0072790437598183036,0.04683244303501757,0.020751078355050807,0.2293484204074759,0.01849632851111385,0.04698639852479067
W37fe5be573d394450006,0.007810954049887603,0.0032864331695612843,0.042557147710454435,0.11297802576162214,0.014523698598114249,0.04904047094498348,0.47019149339703115,0.005959054807926631,0.04673004577903906,0.02186519540905133,0.069729235089667,0.01625365599107643,0.06054325117471269
W3850cfe923211d2a0000,0.020306182637280974,0.006387705673357933,0.024866763514178956,0.037298632450210624,0.06416086736348112,0.023715938833842185,0.03306578736037011,0.45050176279506715,0.010491437603456994,0.0340965677583003,0.10355940949383574,0.01235893291809448,0.015307115393914772
W3850cfe923211d2a0001,0.019884411515163247,0.004947627497676299,0.022418540435831146,0.03563898933464992,0.0667274227490188,0.01915124330380916,0.1289978380499018,0.4367445983831327,0.008426118477234854,0.025336312922470804,0.07615985251849743,0.01193029835475449,0.01532282647947928
W3850cfe923211d2a0002,0.017804181563372233,0.0033398038661543224,0.023278375412561975,0.03145132707541857,0.05696350783017782,0.017752519946764654,0.1813780656336672,0.4349888909268555,0.008227249608111128,0.021569149440108515,0.060777556772782265,0.009117247159607763,0.017093076912663697
W3850cfe923211d2a0003,0.017240690336635927,0.0035212282128083854,0.022701587296967436,0.034611798612049,0.05896614542525557,0.019642584212882508,0.16236396041653023,0.41746272907677057,0.007959151700803335,0.022676420761132732,0.06278226298910704,0.010136975929617474,0.01760368878424707
W3850cfe923211d2a0004,0.021351479929531812,0.006459836522707882,0.024800995234440244,0.04080695931060857,0.07056583872089164,0.02273389737670193,0.027301386937696435,0.4466947447878987,0.009224356585170157,0.029578835737714415,0.09754284741929681,0.010957706890599212,0.016652435516140957
W3850cfe923211d2a0005,0.01837025776657217,0.004508266746603785,0.02329208657169356,0.031574509863514726,0.0588886339082455,0.018721901795218113,0.02911535663569814,0.44338791240386044,0.007063726865363701,0.0232952234349329,0.06029336576619062,0.008989854415339263,0.015677808459444876
W3850cfe923211d2a0006,0.021089173045133292,0.006631698038481917,0.02504298229082585,0.03983794737782237,0.0817045402284115,0.02244539664371814,0.03043432036640205,0.4454849970647003,0.009336104072855714,0.030663594157483987,0.10246698654378739,0.011492246671821686,0.017941443780808607
W399b55598af37b7b0000,0.0032298106268613663,0.000559269356107205,0.03789606908523789,0.03461234171861508,0.017756390670170975,0.3020020547889986,0.012767157830569245,0.5339813160392446,0.0060267825531954726,0.009252598576023193,0.016411665056345254,0.005219256796891416,0.004188720536693364
W399b55598af37b7b0001,0.004059979362092038,0.0005596064573439568,0.05014961861569188,0.04125203531213556,0.016562749805216583,0.17836366604324685,0.014101310379492013,0.6282138003353963,0.004957702100895593,0.01162897262210219,0.01983064910255016,0.0029960948943911552,0.00294416006484328
W399b55598af37b7b0002,0.0035993858100251148,3.950258102681063e-06,0.033287545439576474,0.03202777220650147,0.01772741657502086,0.19336498960583906,0.00959793724805299,0.6302852194488482,0.006568974902128514,0.010756221463948275,0.020384244170596304,0.004099478880902688,0.004579219658235243
W399b55598af37b7b0003,0.006766369440587938,0.00034128347320532476,0.07315393984340526,0.17949340641170436,0.07486663079944054,0.3145500558192392,0.02570061507994758,0.03661725013924999,0.014677657358166606,0.18093956352718993,0.04345659928362242,0.0033715656021552566,0.010562451168253533
W399b55598af37b7b0004,0.00749133869752863,0.00044119878239116126,0.06013808296387096,0.10334180509896512,0.12168355035454857,0.047931045419141415,0.05819869719161761,0.04455517492513672,0.03859243576250513,0.2389536747890044,0.04408066680339928,0.17796642759291414,0.014104945114602524
W399b55598af37b7b0005,0.0050308316876603145,1.2139815803495125e-05,0.027535225818295817,0.048241092553595405,0.02606739841021768,0.0339658931218788,0.017525191094227278,0.7017200263570768,0.0088585200648522,0.01866303379256672,0.0662532467404609,0.010155806248300812,0.005828660937305233
W399b55598af37b7b0006,0.003763579021327213,3.3000502973437687e-06,0.014191835981018537,0.029279562071411625,0.01572915113440474,0.3305569887432596,0.013194603368595953,0.529089347656684,0.004092568124398779,0.009153159856520888,0.02788896051653196,0.0040780851723946215,0.0029866905291924895
W3b18f3c30c47d8040000,0.6529315240039905,0.29167787476969376,0.00233819191384542,0.006124032069739104,0.003557912471876518,0.0027847074678006944,0.005636956471124651,0.0025962504829086844,0.0011185931892079093,0.006732817868088804,0.0027881732392762023,0.006074530937997725,0.012420553042399482
W3b18f3c30c47d8040001,0.900874883065026,0.03167592080437808,0.003354965415708746,0.007880222859312119,0.0056634802919291885,0.0027839359389697886,0.009245876809941813,0.0020393345652831127,0.0014877790225597779,0.0063221041655390706,0.0033420211248102656,0.006866842074221772,0.012975161439520112
W3b18f3c30c47d8040002,0.9078735963178439,0.03028545718337954,0.004187264007818496,0.006260112211211067,0.004648744071702931,0.0027822395716107866,0.0024268059175348343,0.0020387585703262327,0.002227144595234015,0.007209043847731879,0.0027853173155737137,0.006569327258166484,0.015111256004198279
W3b18f3c30c47d8040003,0.6803119431486178,0.26163339941185887,0.002800500016310662,0.004965471817225528,0.0030223419928310236,0.0030600328373982058,0.008478929040609949,0.002596226893451757,0.0011170028076365292,0.008149652245076014,0.002230672761177356,0.004467571420980561,0.013115890128207661
W3b18f3c30c47d8040004,0.7530789347290268,0.0038958966923941882,0.004257629077225452,0.011491373493433123,0.05784159501950635,0.004756568401627791,0.034177095989425046,0.003399335766997034,0.003932890217698419,0.07265924428676186,0.003141955184591398,0.00845294503029877,0.025380532869729792
W3b18f3c30c47d8040005,0.6784112807470686,0.2609782409487882,0.002985472113592784,0.004687354029262707,0.0032796470634396534,0.0027842016573968722,0.010347787728114757,0.002039716014932988,0.0016723509485598502,0.008398675674817552,0.0016750289459388798,0.00590817074739616,0.012375061074478659
W3b18f3c30c47d8040006,0.8813884391200939,0.026954967961527215,0.004929468451527633,0.00501114987516281,0.0040956157056958814,0.011397191573005255,0.0032271178256641393,0.001927931990023362,0.0027843500887744285,0.010661836427175119,0.002788007957720974,0.024079026503822695,0.013722733199574117
W3bafbf7685d60ad30000,0.003218104812178998,0.001173772814958103,0.019464695461827792,0.005127345730755421,0.006096206707779182,0.006042042005324624,0.007749930616966964,0.00940125405624179,0.12638774027846328,0.6586938339683692,0.05295159481323411,0.0026355316842524568,0.04112309287639933
W3bafbf7685d60ad30001,0.004340506342392585,0.0003445473106530692,0.022941488593061624,0.00483698961387537,0.006904053122795189,0.005266660027750846,0.008053721908359948,0.011094249491396624,0.1286891675649634,0.6537375375359122,0.04846913745142754,0.0032126487174510307,0.03652785424683282
W3bafbf7685d60ad30002,0.004340961797718001,0.00034448438163459257,0.02330098821788242,0.004943684880627122,0.00635569835898804,0.006352553168664679,0.00694251747758907,0.011296804923915054,0.1295308734001531,0.6521533446950613,0.04874570929180669,0.003466417885300785,0.03791617393975627
W3bafbf7685d60ad30003,0.0037534017061541403,0.00033356573596808153,0.02506586807118094,0.0047388461926342225,0.005626975302095451,0.006456069579458163,0.012492757016218095,0.008957781647208812,0.12670966138533687,0.6465550492641231,0.049916349243311835,0.0028857552990125337,0.04302712684601065
W3bafbf7685d60ad30004,0.00374935679078655,0.00033185861088889403,0.02706657482305757,0.00535383364513309,0.00426513610359296,0.0055907955378322605,0.015308865381249275,0.008789966085367796,0.12530868885801405,0.6384873359570481,0.049384752551542906,0.0034538692665436535,0.04909517261301581
W3bafbf7685d60ad30005,0.00430816558208237,0.0003332320637373395,0.026423914189393896,0.005508791933644422,0.0043951672859639315,0.005594004426721721,0.013382682675011338,0.00872197869751974,0.12593822559669932,0.6448270415364776,0.048303099965265654,0.0031832217229181407,0.0438741287993786
W3bafbf7685d60ad30006,0.0026060908883522044,0.0005965630222171409,0.025742555069325504,0.0059220273781232045,0.007779094692228592,0.007402920374352851,0.007725441738121402,0.008011018271410156,0.12289330318937114,0.6536792684554136,0.04910624285918434,0.0028648789550122034,0.04217009864919883
W3d68ba1ac902179b0000,0.003893149640571455,0.9695208542473215,0.0011216580610447196,0.004218413880834154,0.00514886970609466,0.002323696963328623,0.005444978576281664,0.0004348901862898861,1.126030708439489e-06,0.0008347422602826612,0.0011178249009517669,0.002640481447175734,0.0008384197758950335
W3d68ba1ac902179b0001,0.0038928374601447974,0.9699300453084174,0.002237746956362907,0.004033982033775444,0.004606971875328591,0.00195121870898267,0.004479040617846563,0.0004225190564290427,1.0996269558293601e-06,0.0008346993239469932,0.0016731254211876446,0.0026402643746865576,0.000836792793201664
W3d68ba1ac902179b0002,0.0038928726678148485,0.9698142865846741,0.0016714761516272185,0.0033395630766910127,0.00445550172351515,0.0019517478224077393,0.004870125674331213,0.0009997368648980833,1.1048853315119855e-06,0.0013902656508509202,0.0016731739611591957,0.0023647959470717993,0.0008377956802817235
W3d68ba1ac902179b0003,0.0011155009421817527,0.9842963818238648,0.001118261155802269,0.0011173027363985517,0.0022329007203189376,6.609893206654655e-06,0.0038586186023814523,0.0010000921484707177,1.1111777626548611e-06,0.0005569321703424231,0.0016732512984525185,0.0005590775320913323,0.000837510059712002
W3d68ba1ac902179b0004,0.005374430837678166,0.9372897100530245,0.0013018304942690863,0.0036634216252222685,0.005288426308620059,0.0025994380103591254,0.03444957612635687,0.0015842987095445917,1.1049082781025623e-06,0.0013902635438412644,0.0011176741079464922,0.0023647740055054507,0.0008375093620675945
W3d68ba1ac902179b0005,0.0070408046792953365,0.9651687586164912,0.0013071218039438148,0.004217334017975469,0.005177625850249798,0.0031566728121862346,0.0033976035063819302,0.0015295817164061817,1.0910089962199042e-06,0.001390146765893308,0.0016733189348897032,0.0023646062545717864,0.000837748411331287
W3d68ba1ac902179b0006,0.004449155985503974,0.9698490339173773,0.001123451408285166,0.004589589511396724,0.00470847625411228,0.0027873662359821794,0.004180353709524282,0.000420887772241604,1.1003713129207515e-06,0.0008346736159111468,0.001117501949758433,0.0023621793554561613,0.000838193126581584
W3ea9e82425f581770000,0.027829672847661517,0.00018226123411552088,0.2212721711317712,0.049222749138768215,0.03221460929539977,0.014854422562999386,0.015860145655603987,0.007056536323605885,0.18393259654000887,0.0050114910365726805,0.006262559838470212,0.0022768238959244413,0.02317783693131817
W3ea9e82425f581770001,0.02272437177564639,0.00014148928748701744,0.2748718834171407,0.0465584181345262,0.043854084235849286,0.00915596771921484,0.015815519390944627,0.00902280158046347,0.1320656347155047,0.006219535855220553,0.0067419824878642435,0.00171973021785836,0.02796769074801034
W3ea9e82425f581770002,0.024005184411224924,0.00014869398183046668,0.2574085116905278,0.05040099477461361,0.04480850715070213,0.017019250257169664,0.02159305191882308,0.00885138025511993,0.11913019602510447,0.005299265066333936,0.005683584359336182,0.0028331045517081734,0.040494371613199936
W3ea9e82425f581770003,0.027230039577908836,0.00015538797804472357,0.23447839041276358,0.049209948997166464,0.0327714748350339,0.018454592981305883,0.055415879880861524,0.008907134064325532,0.12792057671530202,0.0044749939559479285,0.0049480935173594085,0.0021422455850921493,0.018111694298679874
W3ea9e82425f581770004,0.01988505559688805,0.00014925987824862004,0.25522622950019924,0.0454084275220993,0.03435100910116501,0.00985895960070799,0.02726052215403859,0.008243619072147358,0.16395797012291352,0.004160476611832291,0.004729601608039524,0.0028434001392228596,0.016865567665948277
W3ea9e82425f581770005,0.016639808292270814,0.000131513028874666,0.25345495784584726,0.04367092502302827,0.03645470583038781,0.012552898195435378,0.021905540152758154,0.008300531589554183,0.1747802141331246,0.004322422854493791,0.004604436152975767,0.0028174545724661206,0.01499391567504298
W3ea9e82425f581770006,0.015432603735872052,0.00015992490731764396,0.2351588245531977,0.04584836297524372,0.03775436221340517,0.011401077174945783,0.019342000180181406,0.008465503036983013,0.2031237004759249,0.004904732727766564,0.004090230065916095,0.0031327867474891026,0.015597427942456416
W3eeea8cf96c231ac0000,0.006130670834280239,0.9772490774811288,0.000187229451501709,0.0004185991146152265,0.002146312931829089,0.0036138868086371613,0.0011145059922072066,1.4486251465974381e-06,0.0005575938128835488,0.001993566281441452,5.049413229754364e-06,0.0047236098108844925,0.0012985909890843488
W3eeea8cf96c231ac0001,0.005569878863133667,0.9757312395914209,0.00018719106948018142,0.0015297649775751754,0.0013065421777945403,0.004173681026953684,0.001670197598058402,1.450096248427085e-06,0.0005565984522298306,0.0019932239859965966,3.9574445456027416e-06,0.004863557526376215,0.0018541090801444985
W3eeea8cf96c231ac0002,0.0057080623383390485,0.9757242129352967,0.0005575130162571938,0.0010664753122952358,0.0013150229372726019,0.0035250275695293564,0.002225585863253914,1.4334110673298445e-06,0.0005565756396923532,0.002271084162542323,5.369275076478525e-06,0.004723509859486391,0.0017615061881301624
W3eeea8cf96c231ac0003,0.01432524719945416,0.9564946206545436,0.0011131910698038885,0.001298495605575182,0.0034049585875958123,0.005931531687064027,0.002781167160890666,0.0005567213610525546,0.0011121501407151647,0.003058235751972236,0.0005616221966337633,0.006667943847755911,0.001946864178820384
W3eeea8cf96c231ac0004,0.013953280614667118,0.954285225064259,0.0011129948359851582,0.0022705150800227873,0.004874257598402638,0.005932582037185761,0.004634057300186791,0.0005567363407777397,0.0011121914411638444,0.0037525860531803057,0.0005619584780447672,0.0050024849084597985,0.001391308520167078
W3eeea8cf96c231ac0005,0.006675625485418848,0.9762063269210901,2.0817684429183914e-06,0.001344636651044041,0.0025401294138078533,0.003537589535843818,0.0011141637308680712,9.879684834318706e-07,1.013934779039214e-06,0.0020859239595331413,3.313821737266411e-06,0.004723492595994292,0.0017618400346306822
W3eeea8cf96c231ac0006,0.006537914518847303,0.9767881818116134,2.0610479407087634e-06,0.0013446556690294507,0.002510765650059538,0.00298224394450531,0.0016708442330179531,8.509177076908858e-07,1.0170694886414685e-06,0.002363636244954649,3.167314090923409e-06,0.004306831282104711,0.0014840463316434765
W3f26b96bfa78adc60000,0.004916239137701114,0.0008591088004584478,0.045953675645054405,0.025631963705570585,0.025374517666026192,0.00765359455963666,0.039991090841852886,0.12299646325185877,0.029501641832858756,0.16656317341264143,0.09627197539207812,0.0042593036471081005,0.05814182312124677
W3f26b96bfa78adc60001,0.0048586013433502,0.0008945762002270513,0.05229641972319106,0.01833111467494846,0.025025205604884852,0.006061878302003264,0.039189134732750264,0.16133398115239045,0.03048804017620948,0.19738364784490736,0.063105878673977,0.004855383884910549,0.03447559454739836
W3f26b96bfa78adc60002,0.004580999443934216,0.0009118300207125331,0.05605304084883697,0.01744381593111393,0.02377160842092666,0.00635840962761712,0.025051984197477024,0.1818059468632405,0.030974236289663414,0.1978632538764297,0.05648187666389638,0.004739080257867735,0.03316038211828615
W3f26b96bfa78adc60003,0.005099847655532323,0.0009310039230343084,0.04035519537778618,0.019409952982452332,0.024241045406014215,0.00670058741610079,0.022727214603132817,0.01106589844920824,0.031039719237462886,0.10341678327260735,0.062088805179876964,0.004224826159707572,0.04620376462461323
W3f26b96bfa78adc60004,0.003941413623840396,0.0008410182732104979,0.04954863931601875,0.016855078217544308,0.024357473324517098,0.007836919025795879,0.015360309108494724,0.016833333190164376,0.03228515522779766,0.23022300209375607,0.05071992349028111,0.0033885198330565313,0.11466037320780592
W3f26b96bfa78adc60005,0.005511907422646258,0.0015464124230786514,0.04004116217725857,0.021897157459034058,0.033979367936027016,0.012411657445064153,0.011741183805936807,0.13819877782211074,0.03276857307217571,0.19111175277334536,0.09360884505717605,0.0031845353649549812,0.12379492742793592
W3f26b96bfa78adc60006,0.006885610826833165,0.0015268520448251581,0.035998302213478744,0.028231010645103485,0.03687130302683189,0.007022892938696505,0.012847454845729819,0.08351966066928812,0.032473653162441246,0.22399108805104928,0.06008924929199164,0.002876207537150085,0.09911477412217597
W4067912de7075f720000,0.5138643002357381,0.0036008870787962695,0.02540637289252007,0.009003301626881212,0.18093932153287162,0.013008549152375842,0.004174313474162084,0.01543032301200329,0.016669240745842348,0.14614614671025208,0.002988707958449423,0.0058381897518803745,0.02350536306175365
W4067912de7075f720001,0.744609885900423,0.00233317095658639,0.00586589261585526,0.004736915567585242,0.06471973465780861,0.0068703221586249846,0.003911949686853499,0.00972334094831827,0.008048123139996397,0.10492441178286693,0.0055561994973560985,0.0038952399229182214,0.018552543962536704
W4067912de7075f720002,0.16740674704970393,0.0021775280229262566,0.03184510524939469,0.008275789629682782,0.3731035331888086,0.010943372567057802,0.006239398155832142,0.0162113135873797,0.018396575475088883,0.25215994927249413,0.010424548806359306,0.00812135037671783,0.02406959551160923
W4067912de7075f720003,0.4192094559744461,0.003781425465332031,0.023208040397271534,0.00967393445895112,0.23541153808305323,0.008807384424271028,0.004645885290221823,0.014702732865112209,0.01347754938279225,0.17906639743921896,0.006702357011036775,0.006473892316238964,0.026131362809065348
W4067912de7075f720004,0.6607400915545482,0.0017844266443567843,0.005827541655773358,0.005191729863511167,0.1472909096626158,0.007408815565159907,0.002710901369221443,0.00911786100907702,0.00777662723073384,0.11649880454284518,0.005012106858166633,0.003901022845676831,0.014030190664405336
W4067912de7075f720005,0.3479247203735398,0.004688805864851166,0.03265700015923383,0.011113874445191636,0.3016164179893622,0.010285626420847259,0.006571998289627067,0.015005838620640907,0.015483355221470619,0.14603706597945798,0.00977747076503459,0.007077207992178234,0.02536642479111402
W4067912de7075f720006,0.4213700969177807,0.004256954338407695,0.026730405769720453,0.009141671063225927,0.27997777046849437,0.00874016251369006,0.004864456618521752,0.014055010667432798,0.014516746097830394,0.12770524715770762,0.007202233934454189,0.006900453902345464,0.023466856523662635
W406d4c539a8af8f70000,3.6351515503096093e-06,0.9857878717352758,0.0005610680142295046,4.121802425557236e-06,0.0031455197416042253,0.0004657232906968944,0.0048485567674004335,1.075434452064576e-06,1.229028724319296e-06,0.0008370913637911969,0.001114090422386204,0.002920373802824977,0.0002809871180428946
W406d4c539a8af8f70001,0.0005592999435267863,0.9845065412643877,0.0005610538612557117,0.0004211148893461891,0.0025804862626603495,0.00046544365841236435,0.0055470861538033074,1.0713528331605275e-06,1.2332360833284741e-06,0.0008372185909047231,0.0011141736184029848,0.0031052037272335064,0.000281129278070581
W406d4c539a8af8f70002,3.651809743620007e-06,0.9896133098852796,3.2552330080174235e-06,3.5651851345659225e-06,0.0020189989378609796,0.000465332010790729,0.005220480151490653,9.783139196982971e-07,1.0823009802944464e-06,3.7280152102538164e-06,3.046085321911915e-06,0.002364370297072674,0.0002805490416085753
W406d4c539a8af8f70003,3.6480984449637347e-06,0.9901681214612963,3.2618396493377082e-06,3.5701570332451496e-06,0.002018481043346729,0.00046533593740489334,0.004665270249512199,1.237511744683847e-06,1.0616579071295018e-06,3.8106667672304595e-06,3.0420556102468565e-06,0.0023643722221444786,0.00028064081198017117
W406d4c539a8af8f70004,0.0011147588089007836,0.9863702961911293,0.0005600847063144616,0.0004205177652603566,0.0017201657412698064,0.0004653788425021082,0.004176360735732734,1.0753479639440702e-06,1.1112586350511452e-06,0.0008373131869257256,0.001114145347760756,0.0029200313433042223,0.00028071878992047626
W406d4c539a8af8f70005,0.0011147595498795335,0.9863731337830557,0.0005604972178509161,3.5712043544673387e-06,0.0018314076044826464,0.00046527552901125935,0.004479197151263616,1.2410630800444057e-06,1.0705183083091796e-06,0.0013927019661909054,0.0011141455183786095,0.0023643722369253973,0.0002807007703323096
W406d4c539a8af8f70006,3.995939283089822e-06,0.9920158016744806,4.475918953312493e-06,3.603382373641687e-06,0.0012780926161468406,0.0004653797413760785,0.004108585554891349,1.1204808965107705e-06,1.0635034593607513e-06,3.778874471966276e-06,3.0409256409422583e-06,0.0018088591293628396,0.00028061036843176067
W43ee54d0f337756b0000,0.0072252792724340625,0.003502526422816108,0.05400665230305249,0.028168873920511484,0.011513954409563449,0.013280634880272087,0.7061381091264398,0.004844033454586367,0.018682189469301717,0.01807028361446797,0.04428933109077264,0.007060498379925455,0.01944680831800427
W43ee54d0f337756b0001,0.007080980687204862,0.0029329506858039906,0.06367922146399546,0.0279202476889365,0.013243736572932471,0.014627981452394393,0.6215542551743262,0.004865386482051135,0.017652421137810383,0.01819739059960816,0.11518468221202689,0.004804972748532683,0.020734464125812438
W43ee54d0f337756b0002,0.0059192328024948535,0.0012214353420409683,0.047401353250691676,0.02740984682620491,0.011778732978187354,0.007512607424786488,0.7163917875298906,0.003081010150876217,0.01541214090907617,0.012643650676044825,0.07409015456685021,0.004098993549488806,0.016655248467720495
W43ee54d0f337756b0003,0.007211458511712157,0.0012758059423273464,0.051480134089110806,0.02612235506676876,0.012601532422571915,0.00730401137413356,0.7427793264461524,0.00399797903105319,0.014457074959422068,0.010494167675138862,0.03997755627060984,0.00528690762501935,0.017527402299579442
W43ee54d0f337756b0004,0.006286926364802339,0.002805274485419708,0.0571466654370158,0.035785066278907963,0.01307913912224659,0.011967606485359229,0.7006915960422297,0.004754908486019164,0.02084063212364161,0.017744855246122467,0.039373721502065286,0.005910399890126181,0.01742853977188116
W43ee54d0f337756b0005,0.007107405027873368,0.001876467603853962,0.04979325932443202,0.028758936875293604,0.011176003466079047,0.00889702419917013,0.7401788407968003,0.002768792749573866,0.018722718437877907,0.011872272349545417,0.03352647962227737,0.008082110177387707,0.01573991966596198
W43ee54d0f337756b0006,0.0073340016883127,0.0014338073766862105,0.05302449677970476,0.032765597625094955,0.012066891003465103,0.008085910009078729,0.7239582948632753,0.0026748241772741824,0.015988663539786344,0.013009872024894169,0.04211381384894075,0.005399100438226084,0.017706278174082567
W463dcae88125d0440000,6.805285542674198e-06,0.9559310339819589,1.0995742250699505e-05,4.784105742098509e-06,0.00038266723560874416,0.0001903058194026749,0.04020251237125435,1.1470087534104733e-05,1.272537389981168e-06,0.000557745251538793,0.0005630004847557372,0.000556563531305669,3.0079628586906563e-06
W463dcae88125d0440001,0.006024158620742146,0.843211846621642,0.001118832067327731,0.0020403522850934823,0.0017353291399856974,0.0016755340220704236,0.1341085073579724,0.0011196959541981632,1.2038891203749668e-06,0.003678714348833517,0.002780817053087088,0.0019453496648712432,1.4338545169512819e-06
W463dcae88125d0440002,0.005466831231379546,0.6735893727717108,0.002229351703006967,0.0020410309503393082,0.0006163098951449973,0.001675579871181074,0.3034595103196496,0.0011194057799544129,1.1680615339867159e-06,0.003956890119512071,0.0027839768290341717,0.001945349657448831,1.4503407371790634e-06
W463dcae88125d0440003,5.050917459321727e-06,0.8825094870532393,0.000563513265917506,0.0007446655380224467,9.933402547681234e-06,0.0003790978920488317,0.11408927018755122,1.4278336850398148e-05,1.1741378371122863e-06,0.0005612125750259726,0.000561817468797314,9.052083603594356e-07,1.4535256733145046e-06
W463dcae88125d0440004,8.186709790179129e-06,0.9079608189092926,7.852022489353298e-06,0.0005588927802862994,1.1457530244760435e-05,8.661851810003569e-06,0.0898873840193534,1.226702542718332e-05,1.1845999728343755e-06,0.0005596752859328453,0.0005619311350747763,9.052109445361776e-07,1.453936096616401e-06
W463dcae88125d0440005,5.5233598304833506e-06,0.7788403919095211,7.76391013746281e-06,0.000560277317906631,4.051093276000667e-06,8.257802466814273e-06,0.21784667809338254,0.0006256597934873266,1.1675542896787188e-06,0.0005596310768354797,0.0005624078769462667,9.134297175544018e-07,1.4581714379599809e-06
W463dcae88125d0440006,0.00014507230309342647,0.996890668393374,7.858543924956096e-06,0.0005594333709030013,5.770155704135883e-06,9.438862227157687e-06,0.0006440277503514751,3.207961192752568e-06,1.175262306823515e-06,0.0005596695643748533,0.0007515979446469325,9.269465511252833e-07,1.6240206984972148e-06
W464df89a515d6d220000,0.07237460580798956,0.0054891366843901135,0.024282612732005725,0.01712941477980917,0.0639724685939793,0.026314573092034707,0.01125503412056629,0.013432661956831274,0.26398979815675355,0.11065063510538897,0.05189135189741173,0.05704563071419242,0.02230505039319167
W464df89a515d6d220001,0.11509184258957383,0.004440539776350508,0.01360215102611752,0.011276873800909104,0.1288791820234899,0.02306084445230062,0.011716942883922077,0.0126916667920079,0.16602564824693936,0.17836048338335328,0.08792498681435451,0.03887592687379356,0.021455609670486386
W464df89a515d6d220002,0.07365182002279444,0.005403802148569014,0.018737612222507763,0.012182769257116479,0.05313542594696475,0.026631948808994298,0.01290586002692616,0.015011477217378751,0.29857452395867756,0.104889956669971,0.0642954876342357,0.04881965098127586,0.022329833728628422
W464df89a515d6d220003,0.03911000654499223,0.003541942780110212,0.017380613306139627,0.01604978968063324,0.14951171528219914,0.03007339198894077,0.14231386993743086,0.021656974094765385,0.12351512696113591,0.15176727956660402,0.07349443880068594,0.0377481492693566,0.024133087947102647
W464df89a515d6d220004,0.1019226839648432,0.004810764936266192,0.015900065770918285,0.012701365083056781,0.04310350764298153,0.027736727129309573,0.1301732413922156,0.019273693972293227,0.2282309797416667,0.09754934835541293,0.05577605506015097,0.04454131082273593,0.024274435325962646
W464df89a515d6d220005,0.11849166017228109,0.004171991619441584,0.013096849797153884,0.011485648942147727,0.06727107230321222,0.022159532577851332,0.011187126707728349,0.00926446774544865,0.24953217590775292,0.19215332295844115,0.050716161241022246,0.03537541322383184,0.02269892481096609
W464df89a515d6d220006,0.07061693928588567,0.005069789490308293,0.01606290650192608,0.012910268443610361,0.034574085995856894,0.02626343338801281,0.012201926734970144,0.014559697122815678,0.31871415186875235,0.11815712698661202,0.0552627242282018,0.04353475122533263,0.02299699443704448
W46caf6625c92e8490000,0.05752412087802098,0.003944765001421071,0.02297788234008119,0.04539504635469333,0.09445969927223724,0.11866582148418621,0.04677197296239866,0.04179243944694058,0.01757435145724071,0.20395554222167694,0.19577158887459079,0.0068629026438742895,0.11143037403752301
W46caf6625c92e8490001,0.0645239997076538,0.0038486852226556406,0.025929400182276012,0.055865933578454936,0.09110247188025825,0.11506280698639554,0.028635454981923218,0.012425685759494995,0.022287101561132634,0.15489440435250618,0.22774560091144838,0.00810577959434065,0.15159733325023522
W46caf6625c92e8490002,0.063368122528755,0.0035982608941786775,0.02325256478286149,0.049906879400572,0.07587619218976731,0.09635236409165242,0.026883790759942877,0.008568477611121448,0.02287583037176019,0.06599454922466784,0.22533028458315688,0.007639569251602942,0.30176870133510797
W46caf6625c92e8490003,0.03875990598261747,0.004633850563017982,0.02357461729542586,0.04433031484838221,0.07611619018687248,0.09086888146723043,0.032503050906186486,0.014253607992013787,0.018620625039984393,0.12734547467797694,0.23302737725677702,0.00535955545546727,0.26183740621140095
W46caf6625c92e8490004,0.03679617332131447,0.004138618524415224,0.022014912907724605,0.04716487478230683,0.040973515234526615,0.0714615085975612,0.023045495131118542,0.02232799318948131,0.02283692297851636,0.19615319288497238,0.2555660791799898,0.1784076259311611,0.04952675234359405
W46caf6625c92e8490005,0.0621005613927334,0.004288504730873746,0.023146871328135647,0.04766773902318064,0.041360383667432526,0.07453680119329946,0.012617216318019549,0.023815466852046725,0.02547139731981759,0.2162594240028865,0.2505550593117596,0.1358062208734881,0.04634413622852518
W46caf6625c92e8490006,0.0674954911695956,0.003786081821269945,0.023261980907529064,0.04895032216723045,0.0553133678271042,0.08753236406230223,0.012786992362857264,0.041505623477418575,0.027137018797737677,0.2802676138720752,0.2446612430410731,0.009308377386438832,0.05007783944724408
W474deeee09a43e6b0000,0.016283136198504924,1.8084642339228724e-05,0.35153052615653085,0.006603405788221537,0.014275358420314748,0.12286510886334535,0.006567842521764011,2.11943424376172e-05,0.0005687809028068362,0.005851881883204588,0.00022737781430382087,0.4668904513769477,0.0038371856518689025
W474deeee09a43e6b0001,0.033266005864132676,2.765195538800029e-05,0.1631184888242751,0.002467902067623195,0.013119650691736406,0.17794744859954928,0.005056186232590126,2.842947352997236e-05,0.0011535308792986398,0.014604367834817986,2.7253532389545726e-05,0.5772896782109822,0.005206824388110782
W474deeee09a43e6b0002,0.024627323308366946,2.252697746433122e-05,0.21769903869460802,0.0013160027093359486,0.01359461215119724,0.23004001046259095,0.004736785295864046,2.0538703074103984e-05,0.000594642992110188,0.011277728866242521,4.264509622466714e-05,0.48879368308790155,0.0038847705254719204
W474deeee09a43e6b0003,0.001732831957150074,2.2619599974192498e-05,0.3244167890191787,0.003852598044086856,0.009540506590909667,0.18530272545852397,0.005636876459145799,0.0005975311786480609,0.0005714678515917674,0.0035931920161124033,4.4673680559481116e-05,0.4625202090073801,0.0013717054429307383
W474deeee09a43e6b0004,0.03715898284196696,2.8475530807216596e-05,0.34114950176768194,0.008105640296903529,0.02378575518323767,0.13388078585016402,0.005359108895420857,0.00032871137391314993,0.0005752317159183464,0.00962011743923684,5.9319053594378886e-05,0.42901428685509785,0.005912942573735876
W474deeee09a43e6b0005,0.038870836147683184,3.908552354250685e-05,0.2571419369635553,0.002584932648885771,0.023810118330801662,0.1886701236438778,0.003795877157040502,0.0008866575444389596,0.0011801636936924875,0.0140818142938415,3.83770121935173e-05,0.4584462343925566,0.0054261044664699306
W474deeee09a43e6b0006,0.03770921359093558,2.6533776926336377e-05,0.3041033226418601,0.002055935257973816,0.019375202770148453,0.1620749968312082,0.004087423475240418,0.0005761898533064961,0.0005837177132666049,0.00975638831315638,2.552439860714336e-05,0.4496753459825139,0.004929552295359347
W47cbd528d616aeff0000,0.0056627580795254534,0.00231361182795273,0.20194079008980198,0.042605550977124956,0.038837591736412186,0.10779292323510772,0.03004478138439244,0.031358951165165454,0.011639163279078062,0.2461323627892073,0.06535619500801601,0.0217295453482196,0.0542248825499341
W47cbd528d616aeff0001,0.006979799379786441,0.0020157733616774772,0.14432134375401923,0.045410366162326216,0.040980850748960546,0.17357858359690387,0.026560343248924465,0.032010748747266386,0.011430856670859756,0.25099337772322067,0.059588747920422194,0.017227758658971616,0.04810074884200213
W47cbd528d616aeff0002,0.006987167966027488,0.0020657189097414365,0.20074396185853363,0.03908056161076082,0.04160533728041091,0.1229459073650371,0.02842834309004113,0.03557585433651243,0.011416506390292028,0.25900624942010886,0.05999710924817967,0.020598446644983167,0.04778902160592231
W47cbd528d616aeff0003,0.006902516475372432,0.0020224072281615373,0.27069259806951945,0.035137378240051136,0.03930676709159056,0.09056574411063915,0.03169996446242695,0.027882541988277276,0.01155515298788455,0.24280018939598227,0.06393610654319656,0.015547668367945,0.04760532081006086
W47cbd528d616aeff0004,0.007161787908608128,0.0020088525240263676,0.24707760211673474,0.04045626831788153,0.03561149542328759,0.09306304799061618,0.037604481878220894,0.0287350895487574,0.009240367747767209,0.24954224921031692,0.07141039820292905,0.013007105071668626,0.05002046519700614
W47cbd528d616aeff0005,0.006634866827451499,0.0020402094033186813,0.22439496040715823,0.03409145705554842,0.03324025456489224,0.10544374664841112,0.03839007882735421,0.031028701460945315,0.009749369724528988,0.26159643943761635,0.08228425757408041,0.013258653763479303,0.0510779837122931
W47cbd528d616aeff0006,0.006340026001553261,0.0020240538225682883,0.19879323677173258,0.03026361758758416,0.03506378781225149,0.15666381767522322,0.03170769592394382,0.0314944165432347,0.01143647122364682,0.25513973085692493,0.07013632293130123,0.014605478140185375,0.051710234698360724
W47e0abad7c6045cc0000,0.004787673949438119,0.0001795781246211274,0.14485220965493284,0.05904279767754435,0.04909538412632663,0.633948999384295,0.006399648093634022,0.0034849901078164757,0.0014533539884777947,0.003869710759421806,0.002667862074621684,0.08142637163378601,0.005520409853698353
W47e0abad7c6045cc0001,0.007467218778104922,0.0006486479640206693,0.15520269755335728,0.06156684966203909,0.05050511932649532,0.6242204500986114,0.007370294938022651,0.00347668064275222,0.0018762857831869071,0.005248073527462494,0.003788547113603576,0.0690086121236962,0.005831206714665838
W47e0abad7c6045cc0002,0.005988176316960374,0.00015365787945319546,0.20989753935669134,0.04980042011159884,0.05675950641857307,0.5501898893052757,0.004122819411640701,0.0015434207555545258,0.0010543332426921443,0.006535389352983102,0.0034691190208312453,0.10455633073168151,0.00271679674598653
W47e0abad7c6045cc0003,0.004723103608546748,0.0001151806029415188,0.23843745226660498,0.05981261268046215,0.06740801999785608,0.5325114202489193,0.004299499308701541,0.0023451174766063658,0.0017859849715670198,0.003923444725427889,0.00399284641784885,0.07333529547346768,0.003504329967112515
W47e0abad7c6045cc0004,0.0053928033430724115,0.0001631037381116249,0.1988278583858251,0.0518142069960383,0.056531074821492465,0.5726051093643258,0.004193243208231528,0.0027428709308706697,0.0018193760991689718,0.006979281145421949,0.0029220435308911605,0.0881785237975866,0.003995182586216176
W47e0abad7c6045cc0005,0.006950857815658926,0.00014805576561564333,0.1998697417301055,0.06139073592084516,0.06750039431273532,0.56719185422444,0.004331557080667451,0.0024385763059408725,0.0018085263137766958,0.003701774307503803,0.004436391364905903,0.07258609957005238,0.003393143228329941
W47e0abad7c6045cc0006,0.0059165771650125315,0.0001674209723586155,0.1468848970140444,0.050944625435626924,0.058553666353464554,0.6417195911965172,0.004488133775883766,0.0028649047635364187,0.0018225409107122165,0.009786444434755404,0.0029315761832542924,0.06580741940802758,0.003974293165060213
W48a6edf5a92845740000,0.010324931276394948,0.4288242116065419,0.012609928518445867,0.010188803381006376,0.04594697934514877,0.044382850369116336,0.024598504330521912,0.0975145431032698,0.004769716458368068,0.04705431081051352,0.046742646879216795,0.06540746855315951,0.03731836717859005
W48a6edf5a92845740001,0.02055170762575045,0.008222047607338884,0.01714159967316117,0.02174822862445153,0.034536883223797304,0.024337712759954517,0.008718607492447331,0.06589947658133775,0.007073474688304931,0.5144677370471945,0.06833873400254702,0.004295648828351216,0.038666190835152235
W48a6edf5a92845740002,0.009766607942431685,0.4176661899116598,0.010623345129813897,0.011634735346345682,0.030434611688835767,0.02255033729400531,0.024510127983184225,0.22182857105011883,0.003536597518101376,0.06011566631179883,0.03550827951245325,0.02956183846146922,0.03022030859013978
W48a6edf5a92845740003,0.007386806090776866,0.0009377498418106676,0.021176050882055326,0.02694211101607608,0.040365263276765186,0.012546314620036936,0.009955208643849578,0.07734050981514909,0.010569016128261008,0.47366820848839264,0.06902945694999144,0.0028760841081879357,0.033111505039997664
W48a6edf5a92845740004,0.010117604899314389,0.42026661563188383,0.009764562425947053,0.011139765007497028,0.033052086382395755,0.02937569436250842,0.021717282928939145,0.1415460561474144,0.0033350052620708137,0.06556494454163653,0.037550143005126393,0.03612719054273063,0.039618622200028104
W48a6edf5a92845740005,0.025264790218691074,0.00862461725356877,0.01702059567008519,0.02112132179304442,0.029955077951515658,0.012470807734145994,0.007380188540694825,0.04758985694058291,0.006744682523986851,0.5263056951132624,0.056284416300501044,0.0024484656498314776,0.03674591567106309
W48a6edf5a92845740006,0.011586450403774992,0.42143180995699786,0.015243353952817248,0.015015984513599824,0.04620245904568996,0.03156767992413767,0.010565061539403151,0.08370164356580684,0.004088271100009183,0.06357983034770112,0.042621028445020956,0.04095444373135193,0.06305723658865561
W4a58e097b02affee0000,0.009656912679800827,0.013731568386020855,0.118962173768013,0.03422811385459108,0.3086053372512586,0.06853523509565952,0.01055061904088619,0.041466332854571186,0.005915573190351239,0.07562808957054559,0.015173078721295372,0.007261989767310651,0.03311413776231666
W4a58e097b02affee0001,0.008675673279168915,0.01321877520507477,0.11886931153782844,0.028213348169688315,0.3689915492588697,0.06944458955893286,0.009019264304080956,0.028340737045838806,0.006452058273736761,0.06717094746683433,0.011634303019512003,0.008262966296012805,0.029776826721106816
W4a58e097b02affee0002,0.011571251736824615,0.0012965852015390112,0.11395893491963055,0.03159883383132601,0.40228035663686607,0.07022502408147628,0.019636167829157267,0.02763465539061273,0.00580882424383479,0.05603211686443767,0.01290222742146722,0.007825574333514072,0.02046662143203298
W4a58e097b02affee0003,0.012189842706023255,0.001353844437588715,0.11494063018700294,0.03592282756650457,0.37951938171507027,0.06625120452824346,0.018332834511433544,0.02395316633267467,0.006698328000512364,0.056287527564843634,0.015879493051687177,0.007382080301203172,0.020698028726863053
W4a58e097b02affee0004,0.008428114465169907,0.013206435653671961,0.11438669143676017,0.029621268220617194,0.3384625365268587,0.057295057265999726,0.008683022761642721,0.026324685659465583,0.006053070069666138,0.06597119927621482,0.0124334573121696,0.008143312273635947,0.028698689329318645
W4a58e097b02affee0005,0.009844841262453385,0.013333140606215443,0.12580871297323343,0.02801508316628839,0.31350983122178827,0.06498536679215856,0.008271731326013113,0.028240710159409408,0.005626006089530501,0.08319284649922834,0.012478777114077738,0.007917239323135119,0.029768111567385964
W4a58e097b02affee0006,0.01029724377920406,0.0012429351426593064,0.12509660208881063,0.02944108321303237,0.37670133545528783,0.07330914783758659,0.012304204026960083,0.026137082719914103,0.005488282309129481,0.05835814878501193,0.013422349037384871,0.007492102706882218,0.02253599148712033
W4c18d806976b77260000,0.006924623101017342,0.0055039103865481935,0.13843710045854785,0.045764036904433286,0.012458564104314118,0.024796919428503237,0.33799060411512644,0.017142989108785412,0.01547463780727543,0.019390867663760192,0.14011336516997885,0.004949452262718467,0.06599962065333001
W4c18d806976b77260001,0.006075641194438551,0.0014507472730169169,0.05123632185907234,0.28125634565647467,0.01159956402989535,0.017191140837635437,0.44937356874252604,0.011420730352343299,0.009625047208473559,0.012023256207885661,0.038313475417616205,0.0026995943175022012,0.018724723540634418
W4c18d806976b77260002,0.0054986828064666,0.002012813294751245,0.05131035545930108,0.20963365423185054,0.01070246425565574,0.021510574200499843,0.5447979345015569,0.012011610276989777,0.008941248943171604,0.012514285137309962,0.027741182691750788,0.002550533726026069,0.01935541882137522
W4c18d806976b77260003,0.004922788665474296,0.0019858630573355886,0.06919775457108127,0.21400124699542414,0.011338717081280147,0.02153538945440648,0.5006164800364852,0.011478736758892917,0.00994734899330997,0.013396370909074933,0.029961754746881387,0.003303912984840899,0.023985292025061354
W4c18d806976b77260004,0.0061568997755551995,0.002080391141045608,0.055586582309100296,0.1967362518624224,0.011087287642815103,0.0165619468143792,0.5423347756989089,0.009363713894833666,0.009527317197358559,0.012712984275979715,0.03296353919317699,0.0031365290409514483,0.02358047280410326
W4c18d806976b77260005,0.007600575738881693,0.004161113555121925,0.1061761489132627,0.039903656281114884,0.013741107626023265,0.016346342324342514,0.4744756401475114,0.013700378524336582,0.01201704867613758,0.018611807422156332,0.10673362913297645,0.00450808465174255,0.024429419547465428
W4c18d806976b77260006,0.007662457631785848,0.00411022209266084,0.10469898261199691,0.04798402288172901,0.014555796390864469,0.02763274727963615,0.45402126751385435,0.011167748497681396,0.011267336450923085,0.01756049238810607,0.10773437419481284,0.005587536231790795,0.03697262833496958
W4d47f4ab363886280000,0.0090008677437861,0.0005486717318636398,0.05382863570297902,0.3230146684916419,0.07910520042767827,0.08778423921228418,0.37892710172906185,0.001979268457595733,0.006937519137083206,0.004666353158114331,0.005461686903449351,0.03060060257811666,0.00841428225730041
W4d47f4ab363886280001,0.005623092930259937,0.0004933008546908914,0.048689808244842675,0.2616538620417414,0.07381966549936116,0.17900345715447138,0.3474159370285595,0.0014325768702637966,0.0038895408177187477,0.00586962292091452,0.004660332141724568,0.05025408081063631,0.011698534242085501
W4d47f4ab363886280002,0.004695985077456638,0.0006745359220036222,0.05412226126574504,0.11956553433539963,0.09192970134788897,0.2623535656073876,0.3870260087953512,0.001434998409203728,0.002455407299683403,0.0032913337973113975,0.005343942638484727,0.05528117010637767,0.00681915144185719
W4d47f4ab363886280003,0.006431226637030216,0.00072008515779717,0.05995324222027301,0.13632799678112587,0.10729943269608357,0.24271721569499305,0.3603468517042459,0.0011062219895156269,0.002483637458735542,0.0035961573081604507,0.004790522582754792,0.056483627109731205,0.012038682046755593
W4d47f4ab363886280004,0.006255181737859136,0.0005043906812078544,0.05875442013119082,0.2719375034969109,0.08296936339771328,0.14166107091799132,0.3619599725293935,0.0009758618460403062,0.00236665385184489,0.002185372600510759,0.003831893040778913,0.053757003652287284,0.0070718823962134
W4d47f4ab363886280005,0.0079846354452936,0.0005862176031994386,0.12417362648281828,0.278817752100762,0.080400157777208,0.1971596213298174,0.13648690890725976,0.0015568131980928212,0.0024057500013547634,0.003870769394719957,0.018942106205414783,0.05472705758787091,0.08673794954467162
W4d47f4ab363886280006,0.009010714692788016,0.000786696062145907,0.3615222960648702,0.3002834157908237,0.08936568029683961,0.12845598088650734,0.03486224129998831,0.002145247722247204,0.016134024730681717,0.004485767047712782,0.010637269839658126,0.028018711366796276,0.007253217698358982
W4db21bcac263f5970000,0.019053817835715477,0.014336098214932817,0.032614567950545174,0.012274635150464983,0.026785569937600565,0.008843554703610087,0.010616326530742962,0.4278143035178848,0.01604926370220635,0.09971648966720445,0.028230698958174486,0.009078902225069168,0.019398258761228263
W4db21bcac263f5970001,0.02058229165537798,0.01531305769743792,0.01976749955851943,0.014284120480164704,0.027642999934579863,0.009646355365323137,0.011515173478012565,0.486318427388704,0.01724433950112889,0.07191143081245864,0.03139557060451338,0.010379407544286469,0.02017502872748473
W4db21bcac263f5970002,0.02285362251780562,0.0031960916072320124,0.022832850217034933,0.017299236316675657,0.03526831958352127,0.011245479618849316,0.011947198288291204,0.4337090639721819,0.021684518394300984,0.11289902826702784,0.037621795309457313,0.010304540790281104,0.01622259763582876
W4db21bcac263f5970003,0.019396684534823305,0.0025130161992876466,0.019481304473170813,0.01577462384641926,0.031042206859880715,0.009063547390705466,0.01121920156646783,0.5000118934026155,0.017295953680733278,0.08511305716363156,0.03159949994660153,0.010504686346035212,0.01337477250926982
W4db21bcac263f5970004,0.01664687139759106,0.0018918884571332345,0.018312813668111147,0.014192863501333773,0.02747071569897254,0.008232888520754763,0.1699499233533558,0.38140205654124165,0.014789453437021252,0.07942825442416815,0.029397294500832477,0.011166951534590186,0.01307994614921506
W4db21bcac263f5970005,0.016252906364099415,0.0019196386625799486,0.028489527498473877,0.01448159723896378,0.026871830952020306,0.007495000237399156,0.12029441481070403,0.37318698062116734,0.014184284701514355,0.12659006424121416,0.028040420420558387,0.010745620309368722,0.017375734830787026
W4db21bcac263f5970006,0.019064904097650805,0.002595412782218162,0.020442187845736343,0.01594419095903281,0.025664218373117567,0.007959429324920437,0.011590171398888398,0.4847349533496968,0.01602653380267944,0.1172902345930001,0.029899257211781865,0.010479072187358314,0.013810076613484155
W50234e213d2d407e0000,0.025521988746764257,0.10031598351695599,0.01672056828801363,0.013845316081677678,0.012702139335992929,0.04275092268817676,0.7304603883364221,0.003989904576027444,7.827808091890332e-05,0.012414556638951366,0.012530175511506704,0.015661308979213195,0.0038408898458716528
W50234e213d2d407e0001,0.025367190561865417,0.09922762760207796,0.016840582238842636,0.01474762599956064,0.014394276336680431,0.04427766395222255,0.7276703282713244,0.0035568687865975557,0.00047199996324674915,0.01175930270100516,0.01296932237849389,0.015677733927400978,0.002889370502825489
W50234e213d2d407e0002,0.02767041223541216,0.10608426529968776,0.020026887181647777,0.016736770112485585,0.017099267469498792,0.02673560668790294,0.727383628271832,0.004137059279918613,0.0004886209770809454,0.012888228090153952,0.014900066425567002,0.007235726455172016,0.00516272311858705
W50234e213d2d407e0003,0.02826927961607543,0.101341091754118,0.015362076560794328,0.014597129456842639,0.014033278248866412,0.03929571472755729,0.7255994211991189,0.004444619973245625,7.98868063817706e-05,0.015630328626112577,0.010854421730931095,0.016553101311001867,0.0036914241381364923
W50234e213d2d407e0004,0.026871530768346925,0.09910869492685648,0.015735792738885986,0.015284396128851165,0.015945866258729166,0.03787542584896427,0.7325037205944068,0.003885617289469372,8.011700124649186e-05,0.011181183743751781,0.012077752779323159,0.016549525669034643,0.0039649685527173885
W50234e213d2d407e0005,0.026668049029779515,0.09892532360602072,0.01647102390105081,0.015177932409474314,0.01553565111119087,0.03678230304924722,0.7338337921124395,0.003847912026799854,7.966652299634326e-05,0.010073267916391796,0.011805129635338512,0.016275163004846698,0.003780712607767084
W50234e213d2d407e0006,0.026437398536647717,0.09800834986873726,0.01698077495873504,0.015323910767518698,0.015601959226932452,0.03751687804867298,0.7311162348074475,0.0038498419788175393,7.949746008358712e-05,0.01174150460805036,0.01181404414852917,0.016561812832009134,0.004064217365872383
W524e3e385f318ae50000,0.011820901923374365,0.0013189244563969022,0.0957185818881292,0.12441396154532046,0.08782552670113163,0.08913296797462118,0.009560512196574252,0.014248888851060312,0.024231284464707296,0.17122549006288768,0.17636995361775432,0.003068941807029019,0.013329676564630686
W524e3e385f318ae50001,0.007727192876885871,0.000668184804190501,0.06661386898548304,0.082251278592299,0.09622791683471008,0.06630200745438253,0.012951269232242334,0.014725733885279039,0.01811304990749613,0.18841547395799713,0.2126215765204928,0.0029746297555321133,0.014698343827646598
W524e3e385f318ae50002,0.007472447044227499,0.0007050958430659461,0.06567710559238508,0.07793850887303817,0.10800907424887592,0.07175320207872948,0.013512728377045133,0.014871719426213188,0.017758352879187315,0.1363365503969739,0.21819825810383653,0.002167030828647868,0.01699071839196883
W524e3e385f318ae50003,0.009143064916520479,0.000702287522349265,0.07654180107139286,0.09872458788691334,0.07627386809550905,0.07865057535617102,0.008698153942196736,0.0162137524918294,0.01635816503038097,0.14903347888345392,0.20718522122789831,0.0021665752911943954,0.01608176619704762
W524e3e385f318ae50004,0.009067935556018786,0.0009348391337177563,0.0816642385081421,0.04453072610110185,0.07665182812236815,0.10670825036194595,0.011063633692408648,0.016013171646949244,0.018342705586940677,0.13980342067102547,0.23653016821778544,0.002606110934121827,0.015571319398986727
W524e3e385f318ae50005,0.008142322882933786,0.0008426511459255283,0.07405530367408203,0.042391410611747525,0.09192269072891897,0.11095034890918522,0.013825126536102503,0.015268839456064255,0.018841477037280414,0.12053480894309752,0.2508347203970055,0.002547356634188373,0.016069162577427694
W524e3e385f318ae50006,0.007438269185401212,0.0006657742155234189,0.06148445991995419,0.08406367426704947,0.08535979472207773,0.12912647067263006,0.016784366275150692,0.014498059388517753,0.018188336656759913,0.11450438233495142,0.21379180369030823,0.00214011854329626,0.015554377862985955
W534b20232e0659880000,0.08595022071440314,0.0017461035825510742,0.01969951744756035,0.03525990460966286,0.6928135906513051,0.017324807807521554,0.033982482043751934,0.013814582214241974,0.00839196541076746,0.026738307042303004,0.0048936640757988766,0.006495471125612779,0.027371572626256658
W534b20232e0659880001,0.11451930506848662,0.003822337934234719,0.019249977081101564,0.03753090406554983,0.6616719973250794,0.01506008597578238,0.038525730822604035,0.012241835703928625,0.006250810110288639,0.02756320370713537,0.00516087655847814,0.011752272340139714,0.02694595500863062
W534b20232e0659880002,0.08855203580071323,0.001823277689114087,0.01856083075609982,0.04140682842291407,0.6884356537540072,0.0137372836850319,0.0336880385960935,0.015424773813985479,0.009003027257589296,0.02744731656489076,0.005841759827853585,0.007740314612176349,0.026665813312374654
W534b20232e0659880003,0.08180684937747396,0.0018324167730592836,0.019782479445225837,0.03699614961413935,0.685498989985587,0.015475573587670733,0.03975568519615892,0.014345696822631896,0.00649718448702684,0.0294264741073593,0.006198899919072064,0.00740227010215652,0.028347196350629
W534b20232e0659880004,0.12271958800557142,0.0030108650541394084,0.0176361719540374,0.03813444762339797,0.6628338011473982,0.013212498594929659,0.02941831575480171,0.014215462395558003,0.004021283591390758,0.027474112991101435,0.004939568561460023,0.009492238082086138,0.030892374124745398
W534b20232e0659880005,0.13747349782905188,0.018642144361722096,0.021225525713567964,0.03723539614670862,0.6239998797198838,0.012688332030298868,0.024659164305448237,0.014385074858889792,0.004725078788257614,0.035631027305555854,0.004554616012900376,0.010937995105514232,0.03454536208980222
W534b20232e0659880006,0.08172816655932608,0.0019736728621280028,0.021360770474281428,0.04402282907092177,0.6737691737601892,0.014054790841643865,0.03873910230576162,0.02059215198915537,0.0071637424328758244,0.027943753752823913,0.00580184229553992,0.007774505612837501,0.029234417715695318
W54ad0480a569cb320000,0.0041174262033463055,0.9433563180285048,0.001176158151791689,0.002735631013158069,0.00309654717954077,0.0016724233320179484,0.032358856642751115,0.00037394369349948625,1.6374266547813317e-06,0.0034582011957789535,0.0016717710976237182,0.001251487685375257,0.0005582182857727078
W54ad0480a569cb320001,0.0027861301790497177,0.9707976855769157,0.0006005981725792429,0.0020433703379650055,0.0012254869669895126,6.684611095742008e-06,0.015483132564861961,0.0008320884840392406,1.2495632872911673e-06,0.0020425000215341855,0.0016711725560656103,1.489270145308417e-06,0.0008356573600562615
W54ad0480a569cb320002,0.005553117747188752,0.9561190137467283,0.001227448786437801,0.003294183985929895,0.002057407352273658,0.0016731099154978022,0.01911725651743469,0.0004003192463583639,1.8231485128269767e-06,0.002902948149158713,0.001671192640850165,0.0012516103771537438,0.0005579211765781492
W54ad0480a569cb320003,0.006333079096183614,0.9334226150965422,0.0022768071538553872,0.00273862909013093,0.0025439259003741084,0.0013978378825127257,0.038792682670466885,0.000824798729297195,1.722068750137551e-06,0.003181024616148692,0.001671454059768319,0.0012514843712138528,0.000557992802758766
W54ad0480a569cb320004,0.006602155129142689,0.9626679045066022,0.0017432682245621127,0.002738624021917862,0.0020770900002149016,0.001397964611844814,0.010440821507913867,0.0006563268617099868,2.4262748173124865e-06,0.0026274249131674715,0.001674938782582905,0.001251627273267588,0.0005579402071329537
W54ad0480a569cb320005,0.0064959305893288,0.9717006712248853,0.001963475509332283,0.002737598473387417,0.0030627166442321087,0.0016751080788078205,0.0024273466974315226,1.4005447486421448e-05,5.810563469923917e-06,0.002234075794629393,0.0011457637793634411,0.0006960725899775395,0.0011136026585298314
W54ad0480a569cb320006,0.004857804199429019,0.9644111463334877,0.0012398515340227762,0.003848731872692444,0.0026481311741568137,0.0016774749374929897,0.010998429986704278,3.587109395609499e-05,1.5405248092384804e-06,0.0026269862594705427,0.0016720741695632041,0.0012514859062434899,0.0005580219842226406
W54bebce4609783090000,0.002791143482150857,0.9854941017894082,0.0016709536010584597,0.0002815226322242863,0.001116933621120022,0.0005577260886868002,0.001728588055799947,1.5143709423179468e-06,0.00027893885730381524,0.0005569543967045783,2.8821071208300583e-06,0.0005582153574656336,0.0002786633988079272
W54bebce4609783090001,0.003165021267821389,0.9834777024115895,0.0016700691806591746,0.0012997589234592002,0.0011159348084158534,4.5121860788703936e-06,0.002908082344376747,3.961546394923898e-06,0.00027892187827750114,0.0005569114398844707,2.1276704522300956e-06,0.000557599193001353,0.0002785547970270997
W54bebce4609783090002,0.003157761062124529,0.8568391975608771,0.0016700831204141933,0.0012997578621203863,0.0011150683265798475,4.1879615517499074e-06,0.12894743179104887,5.515346257217113e-05,0.000278864228405481,0.0005569034226173982,0.0005577818398593871,0.0005583512768905845,0.00027855713471203983
W54bebce4609783090003,0.0025997808711288135,0.6530855966811671,0.0016700831190202975,0.0007441081971733332,0.0011150075400334389,3.3283600015358985e-06,0.33432744188294616,9.935960021237685e-05,0.0002787978299874865,0.0005569030710453266,2.226292449468352e-06,0.0005582691285580398,0.0002786123490079878
W54bebce4609783090004,0.0031565899627689566,0.6533069142703204,0.0016700189069381278,0.0007443715097193884,0.0005592609558187938,1.9183427314001456e-06,0.3326305713616069,0.00027826566145673415,0.0002787851796477164,0.000742117321788147,2.483645023453575e-06,0.0005582974604775896,0.0002786123481567772
W54bebce4609783090005,0.002610510397800806,0.9846381927123834,0.0016700707743918391,0.00018884116366921523,0.0005593651951676752,0.0005569200460766664,0.0028647029704073988,1.1561781500515563e-06,0.00027880396270271344,0.0005569564205137672,2.2378903142656016e-06,0.0005575499376231985,0.00027855061917713444
W54bebce4609783090006,0.003174844811377668,0.9799125953893421,0.0016700693150463553,0.0001885902748116977,0.0005593613546030766,1.423442755525366e-06,0.007021698812175616,5.64821313452038e-06,0.00027879022208430473,0.0005569126316952188,2.3198888302429087e-06,0.0005572680790299629,0.0002785571414904634
W54ee2ed2c75bc2f50000,0.0039171277814778575,0.6109822190139622,0.18146818392355374,0.02084300349928773,0.04634643047922113,0.054312623361932724,0.026539192886665817,0.006259719299005145,0.0002794776683690415,0.010566465017134857,0.008563065468975808,0.0058732904238445955,0.006551284126460643
W54ee2ed2c75bc2f50001,0.0044707160062750165,0.6036329296255736,0.2052481386892074,0.013943034934715322,0.03181924111843959,0.051002753540405496,0.03430628816399477,0.007480757987262945,0.00027942714895375944,0.010285281338830417,0.008653244398797446,0.0055790677042327815,0.007145156483776329
W54ee2ed2c75bc2f50002,0.004622156282987736,0.6069510223426904,0.24171045503001712,0.0123963662114042,0.03305904422825857,0.02838302336731072,0.018670435161672945,0.0068278367549976255,0.0008348181044360225,0.010006674113482508,0.006986494076113035,0.004129482110942596,0.007146300496019397
W54ee2ed2c75bc2f50003,0.004032674148321241,0.7552707109327087,0.06386698872942953,0.013353719996174514,0.014138545678543583,0.05473505965837256,0.0223760739724574,0.025832265471752595,1.6675647475558862e-06,0.01030636422065263,0.0070246225390096775,0.002629757657977521,0.007253039210873411
W54ee2ed2c75bc2f50004,0.005146624750025838,0.7100392528144353,0.07495571906227955,0.01228244272658058,0.01512116081627669,0.10809400138289728,0.015754853687166517,0.00947627435665219,1.544304230119982e-06,0.01086614639714097,0.007604661586207089,0.0025014909893101046,0.007894226828958755
W54ee2ed2c75bc2f50005,0.00682096646123569,0.6077026149665796,0.16357464261510432,0.00971265689524783,0.02097644905188284,0.11846480694481332,0.021251611382293232,0.005857633960427122,0.00027917674103905224,0.011395210591819622,0.007158604063654515,0.0033986941680892303,0.006134709604536357
W54ee2ed2c75bc2f50006,0.005701330297957456,0.5630488690126305,0.009387782446693317,0.008682865183697649,0.010123478657854009,0.3298399853693545,0.021380022477562436,0.007440275957226767,0.0002790046596043239,0.010282194223286547,0.007931766698377056,0.002722265320768534,0.006948296933699286
W55036d5bf29e8bf00000,0.003731759796685317,0.0008165439610509272,0.010493366004142246,0.007033422988237963,0.00935222767023378,0.0023879968801276425,0.00643573015327491,0.008655653136100967,0.03966665025105272,0.022035500446417923,0.12886993663911103,0.008605530099454596,0.037352366950346556
W55036d5bf29e8bf00001,0.002841854526027787,0.0007588389954933459,0.01016282980715202,0.005685822950482894,0.007763039639250968,0.0018039451861637345,0.004882018147201954,0.005959322960378069,0.03738942722148641,0.020621820692905378,0.11595660432338159,0.008503329072638954,0.03591889943273674
W55036d5bf29e8bf00002,0.0033770044482947167,0.0007252533553534337,0.013287399533531308,0.005622070535259841,0.007894602466766215,0.0011620275612442877,0.004860545670689145,0.006297118023254073,0.03594200283853883,0.021418394480045507,0.10482719037712772,0.008395241301505115,0.03225533017887905
W55036d5bf29e8bf00003,0.0028252300603031884,0.000741986491304292,0.012825408068711783,0.0052674158650696246,0.008081092369267268,0.0011464270975625854,0.004864441821416394,0.006836944651641242,0.035312191330768405,0.023484513121853404,0.10330644409629249,0.008678629953463853,0.0328898279114601
W55036d5bf29e8bf00004,0.002833949136672242,0.0007477749703961357,0.011628759372510723,0.006213844355310642,0.0073552985489661335,0.001141263382085046,0.004317016919759816,0.00577543740042775,0.034272784970188645,0.02081728152624599,0.11072100549669106,0.008446317957662161,0.03166732378786277
W55036d5bf29e8bf00005,0.002838913877704568,0.001364475043539886,0.011707676166285406,0.006810199823329806,0.008034948113275887,0.0012168862324047232,0.005540148863609751,0.007256081867587203,0.03270230677938028,0.021307522261198843,0.10632232537044677,0.00888032893670717,0.031255255145963695
W55036d5bf29e8bf00006,0.0022800506705492854,0.0007577368161331522,0.011160745303161822,0.005914657586345517,0.007817061107461361,0.0011865241150304801,0.004318154371829279,0.006531431503729865,0.036834298809301586,0.02367315170956641,0.10461691884259582,0.008766212982667738,0.03308558232952064
W55377da729846c8b0000,0.033373466069277775,0.0023459279011082764,0.029496531566073823,0.02119835319437937,0.03265554085201233,0.014963103712583959,0.008385068134425886,0.008144923939023382,0.13604755221078346,0.1721827162905964,0.05643323233267915,0.046799666881647266,0.0145451315021632
W55377da729846c8b0001,0.023278159859524417,0.001612683825010954,0.02703299575335466,0.02164664776596706,0.033299964053793776,0.015786144348371212,0.008430874110475968,0.0070897925729306345,0.1336964884153363,0.21705300601034702,0.05585305435312296,0.02663297302965495,0.014517442806539186
W55377da729846c8b0002,0.020370732562202534,0.0015049729937968858,0.02351028281552413,0.02189731314237763,0.03309225296989808,0.012729738940961847,0.007839802133442257,0.00629722022978926,0.15185668370757816,0.20831926310494658,0.05431203779987398,0.018123417720965842,0.016523336873244615
W55377da729846c8b0003,0.020946478998404124,0.0014062652437100013,0.026279611501188228,0.02317580190633182,0.03429553703691263,0.009010480831344814,0.015156052576686544,0.006695361918120164,0.14550251594821248,0.17834872360403242,0.05391226528519186,0.014900596243298161,0.017220884428003364
W55377da729846c8b0004,0.018976120900781924,0.0013979541145903837,0.02042621296310262,0.022687765730197148,0.03723766187550494,0.009049064676284716,0.01681158938757393,0.006801343926041947,0.1927897444240623,0.20020724279724333,0.05090688307959365,0.007482749551966594,0.014216984417620766
W55377da729846c8b0005,0.017991431097307588,0.00145279623718206,0.01949311520642072,0.022727946700559918,0.03500878638396724,0.009423524994481429,0.00939596682497561,0.007277651657482244,0.30171104584301117,0.12155968158095988,0.051639504284448655,0.0077163147644236695,0.015435977109429289
W55377da729846c8b0006,0.020568479794214386,0.015935967578497984,0.020047138720155604,0.02307739105804446,0.025687594916383522,0.010939815007394613,0.00700916976144856,0.006467565799113781,0.28858600829297054,0.11595511357134741,0.04509137461014204,0.007239674872389914,0.021383319437278395
W5626f48fb9a65fd30000,0.007928681171003338,0.0032039917651965713,0.056456644520161525,0.03144928807037935,0.03153554227804978,0.008364395633494934,0.02908678774458336,0.04131221066492026,0.014674153207322706,0.02293634211454791,0.4915646760721979,0.007339174813408776,0.018168134420584566
W5626f48fb9a65fd30001,0.006681228313513606,0.0038695242302055842,0.04788284851413179,0.04879599349200666,0.11921221620597684,0.008192828847075177,0.03182802044975194,0.04195337849408198,0.05169576693502848,0.08109804180606885,0.33300502592981807,0.010215203172537844,0.017653015022011866
W5626f48fb9a65fd30002,0.0074886632358727384,0.003585183970257404,0.0569065895676589,0.046038151328122584,0.11969239121605531,0.008501802477119524,0.03139655025730811,0.04650771304397013,0.06464090212388002,0.061305008300992704,0.33633641659667474,0.011057411582083334,0.018541381655603845
W5626f48fb9a65fd30003,0.00795165315660805,0.0031264348283869202,0.07902107913848717,0.029627820991147778,0.0365590472715142,0.00806490400635578,0.022774971824501746,0.03783394826312139,0.014538788422656308,0.019999021496020845,0.4800195512506549,0.00786355983360955,0.017439423827777915
W5626f48fb9a65fd30004,0.0045672109014746635,0.002130862646732261,0.0633729381504566,0.02800273471848683,0.032057164945810186,0.008482400742854335,0.055334379070146364,0.03229135811587468,0.015473837357530374,0.019510037489421636,0.47369004797872216,0.007323495198959276,0.01794470265738582
W5626f48fb9a65fd30005,0.004528652422800291,0.0026397899395023774,0.057226769739548565,0.02855282054360754,0.031849406902992226,0.008412798323695146,0.05349547089306212,0.028539772251624795,0.01582990367280878,0.021820770605314177,0.4768019081528889,0.006669642197336013,0.019077096211347292
W5626f48fb9a65fd30006,0.0055212104065498905,0.0032476517462895747,0.04177806858948827,0.02640683268940407,0.030132758183312323,0.007977896457289597,0.036855732119819885,0.0326207826598524,0.016422411175799914,0.029599386262449977,0.41977908534475705,0.006959109871745521,0.016452160022240536
W56ea264a95a55a780000,0.012542346859686368,0.001118646777218323,0.31918548675901554,0.1794918939065895,0.054210809819204044,0.06429480981717699,0.046525362549928985,0.07234282312736434,0.015570081928332565,0.021912910301423488,0.03337378240259405,0.009612936952008747,0.1501304162037927
W56ea264a95a55a780001,0.012332214621146769,0.001192474356163662,0.4947992207191853,0.0690103968713733,0.0671788569489678,0.035987448447126445,0.021731212701580294,0.11918950836986524,0.011387349422680715,0.02708184064319807,0.032307827893947795,0.009616463918812738,0.07801632914197228
W56ea264a95a55a780002,0.012033119976094459,0.0011733594071971225,0.542566216045716,0.07130050285902888,0.0588981474589337,0.02686893909141092,0.0110418631868476,0.09010108869707838,0.011869165003865721,0.02738522899880123,0.03222584417248261,0.009523646897832994,0.08335674497145217
W56ea264a95a55a780003,0.01093364299650567,0.0009546366962626565,0.6064470630597635,0.06568485131176306,0.05248946338286737,0.02549345515407282,0.008234444972281612,0.07923499587328033,0.013735477381603927,0.02414316429656871,0.0302587516044303,0.0075705307832409285,0.054255255012318926
W56ea264a95a55a780004,0.011424126830010787,0.0013458719359461264,0.5657089779739017,0.07696852656420927,0.060915028178991436,0.02406928108101326,0.009518768657319451,0.0760689905909975,0.012698535228731387,0.027095945350241107,0.037121828191684,0.007800331207821173,0.06296500366222113
W56ea264a95a55a780005,0.010661890485046835,0.0013176172117562348,0.63706053688986,0.07406175234131945,0.05706827530557792,0.02168610739708945,0.007481836825079521,0.0690157109252429,0.013749346883626326,0.024876845296893,0.038282262323156076,0.007894144973524432,0.012424607095688885
W56ea264a95a55a780006,0.012530723673720922,0.0012271119549480103,0.7210698794100484,0.06039809284354665,0.03898282886607741,0.02697170601276745,0.007393094318073835,0.06169283214092939,0.0057554347532192945,0.015015218584690989,0.016381104869479676,0.008454867231061772,0.010262387515671482
W59dad39ee79c5ee60000,0.0010899601442609051,3.2249748771581124e-05,0.006874668492037966,0.0013981314198444714,0.00014313903946305733,0.3708980243760244,0.00032578469429699785,0.00029793818942044844,4.823138755422114e-05,2.0416446581663904e-05,0.0011323306259750834,0.5917070894263033,0.025925685799817192
W59dad39ee79c5ee60001,0.00020448999558234798,2.873818408219477e-05,0.002502194405086541,0.0004497675733078166,0.00011373014203616863,0.37149442434519453,4.966613613780676e-05,0.000298411114429043,4.201487569718325e-05,1.8842759700259996e-05,0.0005741347759721405,0.5989449030404679,0.024627900405517003
W59dad39ee79c5ee60002,0.0007989667008742206,3.052900060479342e-05,0.0049294105516935055,0.0007667317239174933,0.00015895561835232747,0.37166314221105345,6.599185595816276e-05,1.909388988179259e-05,4.298516432820277e-05,1.9303925040788572e-05,0.0011309406667849755,0.5929550862291461,0.027318117727950758
W59dad39ee79c5ee60003,0.0009930420773169532,3.237744147215261e-05,0.002706125683525266,0.0004467268197892302,0.0001496278248138163,0.3775305472864741,6.442800447295632e-05,2.0257602558439813e-05,4.556749374579849e-05,2.1358484243633657e-05,0.0005762726507210751,0.5933206692829138,0.023983202987225307
W59dad39ee79c5ee60004,0.003959986945860895,0.0005920107023599411,0.003099352566313122,0.0005179774234976259,0.00015083871220134047,0.37252144164929496,6.414763085536398e-05,2.280664470605885e-05,5.161431033266348e-05,0.0008578478446651355,0.0005791221227601648,0.59057021941004,0.026885899837959196
W59dad39ee79c5ee60005,0.00027438380221176046,3.489841543465955e-05,0.001535765147976591,0.0008915276439724805,0.00011333107072152991,0.3652587266471922,5.966236467325412e-05,2.4120871547280542e-05,4.963879616392986e-05,2.302315465217843e-05,0.0005781197094847873,0.5920311048355182,0.0384489228551124
W59dad39ee79c5ee60006,0.00012632973212073494,3.278960076735268e-05,0.0009263372214241321,0.0007632115098743515,6.946146262220841e-05,0.3851697197974603,5.858560862737161e-05,2.600684602581915e-05,4.656108933221847e-05,2.1147758492803816e-05,0.0005766220953808795,0.5855490501977502,0.025959757979903252
W5a0d1356e71f9a420000,0.9097961043827544,0.00994848838289727,0.003340464445189368,0.002492486202953412,0.0028300355996392604,0.007491716943185561,0.0011478040867821493,0.000593772087382526,0.001845509466229557,0.031174608960159472,0.0006336850166528662,0.012791315820143657,0.009337572349795823
W5a0d1356e71f9a420001,0.9299644881059536,0.007781289826295748,0.004128538421488288,0.0020944925466609404,0.001132813127633931,0.00810864150716157,0.0016701531439732636,0.000558864077208259,0.000562342730098528,0.017579877118338527,0.000562381932126664,0.0133377470985334,0.010123242575214823
W5a0d1356e71f9a420002,0.9302766059790226,0.00815283249816774,0.003437253531573009,0.0012645549169045462,0.0015071988499210825,0.00796973907571886,0.0016722264034896813,0.0016700938193185452,0.0002868238831275738,0.016829032189608534,0.0005645312878022347,0.012842324572833992,0.00970518790697567
W5a0d1356e71f9a420003,0.90565423274714,0.010041215980717418,0.0039431592796827335,0.0013793198928502535,0.002333414115092134,0.00841418236961162,0.0011597238668950515,0.0022524446793098928,0.002118011467108412,0.03269408257333733,0.0006369698454912191,0.012105451877288807,0.010147988782024
W5a0d1356e71f9a420004,0.927747384876553,0.007779260592213227,0.0029202036196344875,0.001532285116898217,0.0007044676929108388,0.007965839026137253,0.0016679948748542991,0.001112198414988497,0.0011139957873016941,0.020687765117613492,0.0005587720982767925,0.011718712712216231,0.01112143140434821
W5a0d1356e71f9a420005,0.9271939294164142,0.007223705046003312,0.002920137242969639,0.001254570559325192,0.0007031796228451721,0.00861401858498964,0.0016679948832255115,0.0016677565251165952,0.0011139781519245067,0.019069413345599803,0.0005586880511256154,0.012459453489195556,0.012927496222499583
W5a0d1356e71f9a420006,0.9259351158190786,0.007780263946875011,0.0039873080105409875,0.0015353203070794723,0.0023326807436092087,0.00824568733037247,0.001668890933036552,0.0011128493647513484,0.0011159477208057035,0.018013114382429557,0.0005606090658965912,0.012556009068158252,0.01279334045828588
W5af5022a25493e0f0000,0.008847126974114668,0.00385735738276205,0.04446193304587435,0.4318263044586517,0.32130431889506045,0.040655044678383954,0.06006609324374695,0.00518492576253522,0.007238188869465849,0.0038283101835457547,0.012098415955178276,0.029464831753035117,0.01343552215341598
W5af5022a25493e0f0001,0.009348950928585316,0.006839565263052481,0.07287493993531148,0.32962976940742,0.24030100856538628,0.10485162625705391,0.0933893173025311,0.008779090562661828,0.014579384573019112,0.009997859534445309,0.023389580910121013,0.038254649505792215,0.02492059398976565
W5af5022a25493e0f0002,0.00695027881549565,0.0038645769387930986,0.04913665233582087,0.3832572675264045,0.35071469927661586,0.04709927217658102,0.07030616761399572,0.005253579063313821,0.008402541213614856,0.006465509275993924,0.013951912872503629,0.02576888060616496,0.013916717570391523
W5af5022a25493e0f0003,0.006528493391518681,0.0037057817247001155,0.04380409770236701,0.31630512458447163,0.31229351652131626,0.06360642069184493,0.1700224185526227,0.006204044653523121,0.007052488126797353,0.0053359301996947,0.014373478247431078,0.02133889930788566,0.01525081195092124
W5af5022a25493e0f0004,0.006501612127546004,0.0038188158198421904,0.041413462516350155,0.2796517173590364,0.2926693330110285,0.0985594294741163,0.1887681899310674,0.0072136893707554885,0.00885783215936041,0.004459488381898132,0.01499669875582572,0.024172832020012542,0.012703511521275825
W5af5022a25493e0f0005,0.006037594407834631,0.0038240648412824325,0.04883553452553025,0.3642237265298327,0.3088048803310062,0.0833932639032664,0.10175976342468508,0.005417674159862652,0.007744013254540771,0.004156778224396862,0.013713674571936327,0.026083580623819613,0.011392688705114411
W5af5022a25493e0f0006,0.006894082861556264,0.004104080617474325,0.06301853661165888,0.3139120190475173,0.33407272869130866,0.11833914349704079,0.06982781761027396,0.006781936744221735,0.006748906127178008,0.00577540964032055,0.013512526012738517,0.023553982316898446,0.017440045172861473
W5b73b129e0149fda0000,0.0022275479213861504,0.9819747399845868,0.0003736590710657106,0.0013964400338147749,0.0012991146439363921,0.0008352917867469722,0.006025095535593726,3.256786452662928e-06,0.0002803437337565163,0.0005584786864153219,1.0913957934480788e-05,0.0013898630814105123,0.001114749149741817
W5b73b129e0149fda0001,0.002227361372077678,0.9846638324445696,3.0423778171970137e-06,0.0008437797122687933,0.0005580653832293825,0.0008347211450493164,0.005189821411415924,1.9602490425382667e-06,0.000779306437225584,0.0005584336340862217,1.075957880225795e-05,0.0013900137716950057,0.0008366272652132203
W5b73b129e0149fda0002,0.0022274268328653173,0.9853910471453876,2.6336909147132337e-06,0.000843337678350409,0.0005622282111590134,0.0008346121251513799,0.004911056880399979,2.482975527545045e-06,0.0005570767265405923,0.0005598138991450776,0.00010971375484290087,0.0013899919774336968,0.0008368593455841782
W5b73b129e0149fda0003,0.0027830075471757787,0.9826627207874087,0.00037296655621094267,0.0008426715523314495,0.0007462386862466165,0.0008345454550831183,0.0054674647685674874,6.260102641899116e-06,1.491957615309719e-06,0.0005598604381325516,0.00024345609560959332,0.0013900042465708055,0.0013922747875682456
W5b73b129e0149fda0004,0.0027828798793506147,0.9837500208148802,0.000373089346466321,0.0008429933206720131,0.0007705213620096005,0.0008345363670774143,0.005467155492322376,2.060265176439003e-06,1.4824531120215944e-06,0.0005598294080844264,0.0006176400558029559,0.0013899936642402194,0.0008368601597565152
W5b73b129e0149fda0005,0.002782933502370146,0.9840119194229011,0.00037338776949248236,0.0008430972708670815,0.0008394986754475744,0.0008346272111411485,0.0051908082223000255,2.156182839577601e-06,1.4897117945874266e-06,0.0005584210451165855,0.0005657593670830655,0.001390005885545509,0.0008366278420381538
W5b73b129e0149fda0006,5.196076660018538e-06,0.9940118256762073,2.697475264859758e-06,0.0005653554836556505,0.0005620673344652846,1.2770064442830207e-06,0.0027823244274871885,1.79966686065174e-06,1.4973896924918053e-06,0.0001880382498032001,0.000566837643137902,1.1041561254039813e-06,3.3357673937979166e-06
W5bd5ac8deca7e9a10000,6.9700758590561136e-06,3.5775143703225314e-06,0.012084637773633977,0.004362694256276219,0.011225907293690275,0.17433632966542323,0.0005646807934299029,2.3660023853276382e-06,5.2642536953794276e-06,0.0002815355846596854,3.7829758288457044e-06,0.5942257807329839,0.20158735337511133
W5bd5ac8deca7e9a10001,5.806060194040415e-06,4.267861648855437e-06,0.005741094336711455,0.0001240878580782884,0.004879741549681709,0.16854408432143955,1.297370430167467e-05,2.8206317928777814e-06,5.889462591196641e-06,0.0002810525393644109,4.53678417803593e-06,0.6269723550285292,0.19146137461775267
W5bd5ac8deca7e9a10002,0.0005665270255192772,4.412046897412345e-06,0.0003660098622904451,1.520075177249675e-05,0.000757476629171318,0.08341494513804347,6.6778726122994535e-06,3.1610267124881635e-06,6.559849349870752e-06,0.0002810661923902616,4.678142330660892e-06,0.6226946193290933,0.2910372033652591
W5bd5ac8deca7e9a10003,0.0005811222121811961,5.083188754592281e-06,0.009298311479750347,0.0005380060076297831,0.012953024702244903,0.2601817379642322,8.452542859500677e-06,3.1899303641381432e-06,7.535246679664906e-06,0.00028185546676851757,5.395398573358594e-06,0.6171074036095218,0.09790928760915417
W5bd5ac8deca7e9a10004,8.865405187661596e-06,4.3585550700308396e-06,0.019187644765710395,0.0005013696647047503,0.006466059269707351,0.2822910516960038,6.992840034370559e-06,2.6974119571334825e-06,5.6718673808024855e-06,0.00028098335154536585,4.629376375353446e-06,0.6138153920786431,0.07686151980616417
W5bd5ac8deca7e9a10005,0.0005684418408111526,5.485872435818516e-06,0.00036097558684939165,0.0005756027630095681,0.002267932363006483,0.11569168732534861,6.173524033519993e-06,3.7759363884217195e-06,7.16598531806127e-06,0.0002817944797006428,5.837170059353805e-06,0.6146709593483483,0.26471151591981207
W5bd5ac8deca7e9a10006,0.0005657474129815607,4.8603582960640946e-06,0.0028557641660330235,0.0008716394881210993,0.03526243468897441,0.10479108442810575,5.029186192455008e-06,2.9853073616691564e-06,6.819283138139033e-06,0.00028127956866258577,5.129561798970434e-06,0.612443745439327,0.2423393592592175
W5cdef46cd88dc3b20000,0.013262285125082466,0.001775784682958956,0.10206920172725746,0.06447998707073259,0.21013440424738647,0.16380584437155837,0.01211261334766403,0.09830488691454864,0.014395780077478043,0.10150426951137369,0.02502017576950141,0.010071234254709497,0.04809495678731507
W5cdef46cd88dc3b20001,0.010079251554102296,0.0015607605851729166,0.09133714211118697,0.07023611832563477,0.199684107429526,0.028119083005710033,0.01343366018999284,0.10968999715740167,0.013407515157711556,0.03424471026715053,0.02701339308358031,0.00859333333177919,0.29294779449415004
W5cdef46cd88dc3b20002,0.012867475230096435,0.0019038599222540927,0.11983914351921707,0.07967533300414828,0.17905327668534968,0.037350120633268535,0.022184928128073086,0.26315776827628634,0.014504924541292206,0.029059219174576153,0.03330577217522481,0.008001878656435518,0.06345326788284435
W5cdef46cd88dc3b20003,0.01472316589588586,0.0018107261029164997,0.13557936269489698,0.07594102006476249,0.17406220166236244,0.048951716105350505,0.03006020422164829,0.19146685383874482,0.014726887749529016,0.029830848615661595,0.028715189497844032,0.007201378878232791,0.08665574090497818
W5cdef46cd88dc3b20004,0.013095562331549142,0.0016476061648048209,0.1849513454892384,0.0175392446535151,0.19131987981717144,0.0356676574004171,0.030953121404282635,0.208071582088773,0.014712865713749907,0.03583837542068305,0.027536374863044777,0.007642191043731472,0.062424613506706673
W5cdef46cd88dc3b20005,0.013561694407656541,0.0020453710331807644,0.23861908432339587,0.0199114148191719,0.18963564266351582,0.03662548370431247,0.03722496561746721,0.19624474889450372,0.014955153705678676,0.037623336219047156,0.036368819297790095,0.007911779303725002,0.04417204915135845
W5cdef46cd88dc3b20006,0.011309316814264262,0.001428426795098402,0.18859462792599904,0.01916113425911951,0.2504927470377392,0.06137231102008883,0.011015503867571766,0.10570556958755935,0.015641845547062053,0.037456059456381356,0.025762823681573486,0.008040685453844154,0.13685453336890488
W5d1f49fb5c8b81eb0000,0.04075243396071694,0.013912911898425142,0.013705103342644994,0.011005768531522289,0.013965547367926668,0.02206812041668157,0.7810295400955631,0.005942925820994576,0.00773777646810789,0.014631867026164855,0.009600633092097794,0.030660119874206585,0.010250180689983771
W5d1f49fb5c8b81eb0001,0.06201055870558345,0.01280321091774019,0.013116813114045873,0.011006908274074655,0.015855507186812036,0.024294359776043946,0.7534195337013887,0.009001087426395563,0.006153510120333927,0.01793689846204485,0.007835880908864843,0.02723167121916262,0.011208079809359634
W5d1f49fb5c8b81eb0002,0.03741757816803768,0.013355756271747845,0.012500709168437723,0.008932674495495094,0.014326890400631032,0.025157739978563787,0.7901174540666294,0.005943211857858669,0.00782358672339306,0.012728588880905467,0.009595768243014231,0.025933752126681368,0.010616590628488621
W5d1f49fb5c8b81eb0003,0.019277653830571485,0.011688444456089563,0.014720268495808049,0.012604693912136861,0.019284416024457456,0.026627094448795893,0.80547001932575,0.004551679761617902,0.008376405792607348,0.010782593669808799,0.009221164156768453,0.025245248934051494,0.007712240110270635
W5d1f49fb5c8b81eb0004,0.05296332584606701,0.013577636342388536,0.012035864366780233,0.008974156267317745,0.016376177821184782,0.028880397605137022,0.7612318051178254,0.006496219336527057,0.0072708173699465245,0.016544707285701035,0.008660806450287266,0.026169722976601913,0.012926290512966525
W5d1f49fb5c8b81eb0005,0.062295787834827386,0.013581016885857023,0.012100997577250049,0.009352586643237503,0.017700752286296858,0.027008214043980336,0.7476880891561916,0.00885970961589814,0.00624932038249027,0.022664812719891136,0.007280199704912396,0.023173907369125193,0.013033420261751236
W5d1f49fb5c8b81eb0006,0.03812841521172024,0.013910897353113237,0.013331576345942944,0.00869803558364185,0.014724587042745983,0.02630091502356946,0.7839748768205744,0.0051061999171196325,0.008004988976258435,0.013283844714474068,0.009223353806148334,0.02630268213185878,0.011547924486118778
W5f5e9a3603056de80000,0.04356578732365036,0.00471144477837782,0.2912637682312193,0.12977987504200436,0.038179055273107644,0.039075557405713585,0.023913992977315283,0.04894261384154177,0.08442821866732135,0.025968770494753813,0.02852687761309236,0.024360569649115343,0.03914981633365758
W5f5e9a3603056de80001,0.03337530153062918,0.004516898593763573,0.28318199267555727,0.1839225625842489,0.046093146411375636,0.028810927789759234,0.036471941650507676,0.04456099154738196,0.07227857009109667,0.029937884457146634,0.02688407210020127,0.02603474066774976,0.035555283891051316
W5f5e9a3603056de80002,0.03230041916720685,0.005189179205992051,0.22909396726445064,0.16358537864746497,0.04430300189415165,0.05390034678413396,0.06000667692984659,0.036937481783909314,0.07435077704914679,0.03236734239851714,0.030721002269417767,0.029695893805652407,0.04278101388978762
W5f5e9a3603056de80003,0.03973468222387062,0.00615972455775557,0.17508789298724825,0.14038091278986733,0.05308551945372736,0.11128893668624225,0.0241502698863069,0.0356091417792564,0.0880637308054039,0.03358649770542798,0.032400118185486305,0.03410055972975082,0.04126158050180869
W5f5e9a3603056de80004,0.03136978056346218,0.006027120791139837,0.16296744052779397,0.10650025344190689,0.046183472998822604,0.17366643200910017,0.025340179170076155,0.04442155729009676,0.08693803899495751,0.03168000690220273,0.03164731564740309,0.03317361146472343,0.0384371211916029
W5f5e9a3603056de80005,0.03562725026054364,0.0049485832819584135,0.20203931002282793,0.19899322056193358,0.04671609461235521,0.09868521344609656,0.0230768965572332,0.04086804429919833,0.08606117165596718,0.02953853997550303,0.026529567939040554,0.027567372336530362,0.0352079310037211
W5f5e9a3603056de80006,0.04548207241049635,0.005798150158734533,0.2470427175060166,0.15895135102905755,0.05091001262230113,0.044654600924375426,0.0219384102618968,0.05389512840295413,0.09013603231960132,0.031355962954900646,0.03045188877503033,0.030755520842919427,0.038271161001887655
W5fb8219ca01882850000,0.0018165768283615812,0.012921620675053718,0.0247528827864479,0.04831627556599847,0.01746420693230627,0.007734947768296581,0.04884982309373194,0.10719449394503146,0.007959307699296259,0.004872556494824794,0.02821565847145916,0.008290671770186858,0.036811081286566086
W5fb8219ca01882850001,0.002883354557134588,0.0076595422804831,0.02257852553663918,0.022924794735228595,0.01074027083168515,0.006568658449739767,0.0516836941549412,0.098342427759213,0.004934407189205439,0.0037173398174765305,0.02265257723287363,0.008247585305379711,0.03835428470736724
W5fb8219ca01882850002,0.0027861989315512664,0.008705421178813224,0.021127633805332405,0.014655977757449852,0.013242862926891854,0.006534535191373608,0.038791481899618306,0.09905177258942574,0.0040013081036955785,0.004785282715866745,0.018799082001044676,0.006175663480536857,0.04065946101556506
W5fb8219ca01882850003,0.0017967688217564034,0.00775504348365719,0.017329201681128528,0.014536705582864677,0.014454556574482929,0.006706213694639034,0.03790327336626138,0.08261502219502856,0.005764474663514052,0.006181150103825218,0.01798322603082837,0.005963531184411502,0.03670800971825187
W5fb8219ca01882850004,0.0023624744273238905,0.011450568555457633,0.01871435558717191,0.02530091992119037,0.01650665939338434,0.0063305935817179184,0.03663154023068857,0.09392481506675636,0.0052526387805620295,0.006201436194151976,0.01852495881068481,0.006810618315950162,0.03652157786501936
W5fb8219ca01882850005,0.0023929920796921023,0.008905648977606621,0.02069278775098906,0.02682479837642257,0.016103341165894323,0.005628204113251577,0.044340840787849896,0.08103401382310946,0.0038385566547831955,0.006512035843945862,0.020127869157630852,0.006651859474153175,0.044765291079536675
W5fb8219ca01882850006,0.001831073228111675,0.009650678672771442,0.020261808884630247,0.021263625926852953,0.016144393871799154,0.006328759180686611,0.0587445715483525,0.09414477580317987,0.004623198246404476,0.006180842481832428,0.019507309157655056,0.006388934363670648,0.03814058151192507
W5ffdedad0bc160500000,0.6418375825227577,0.2710116541081333,0.00046827988903711736,0.005842488326602099,0.00031483331805057566,0.01216728366078066,0.006020900979445641,1.981663056973968e-06,0.0016727152704318472,0.010920787817399582,0.0005636340571202867,0.042931537418505354,0.005664627608889698
W5ffdedad0bc160500001,0.8848631967787327,0.01752231977102402,0.0015847058354302114,0.005210009327051783,0.0006167404383515323,0.019034783046287362,0.0032901190245974146,4.281025685129494e-06,0.0016794596289385533,0.02013629238047504,0.001600162448234885,0.035815764731232796,0.007917988017742995
W5ffdedad0bc160500002,0.6639473470485262,0.24294215344146922,0.0008837012411374011,0.008444698927275321,0.0008614369737751192,0.014502538306776032,0.00533872711073385,2.079502633566562e-06,0.0022270728252840604,0.014428958705306928,0.001497316217985526,0.03753100044334734,0.005703709595160734
W5ffdedad0bc160500003,0.8839234256550902,0.02954930564739487,0.0005652094752877828,0.007621942347224834,0.00032095985693702796,0.008638672726925416,0.0067483618985406035,0.001002351788876775,0.0027847637719442707,0.01791419629298054,0.0014130864773393209,0.025055430274615594,0.010584545097935986
W5ffdedad0bc160500004,0.6327815464749951,0.2657657289675125,0.000470963587957413,0.009468038529787665,0.001424529283309556,0.012460171910349952,0.0036779642815106517,1.8713148065014235e-06,0.003339057274872177,0.015544873922714928,0.0016855215346040884,0.0441606873397057,0.006093035951869865
W5ffdedad0bc160500005,0.6396771936791211,0.2635411107810879,0.00047061652757133117,0.009837926566365372,0.0019798367499774695,0.014272224996973526,0.0020088384987867283,1.8376955132270602e-06,0.0033388442443943547,0.01554418954325383,0.0016851019503668,0.03828337534929509,0.0061720405088270605
W5ffdedad0bc160500006,0.9043742112278407,0.014189159897958086,0.0005754969656726638,0.006549528421116518,0.0006420238526471836,0.007529397403133934,0.007304556373116773,0.001004331669351504,0.0027907040867559164,0.019080327400477264,0.0014353500399464005,0.017734146873757343,0.01277664170113713
W6000b3b22c11e3f90000,0.01550706313055683,0.001537268938458766,0.05597104192036321,0.059586556830055266,0.06957480972800843,0.638470553816152,0.0095653589541836,0.001097910198470621,0.000960761105752106,0.00020502909505753345,0.0050913312344003534,0.13832377025524126,0.002615995594603682
W6000b3b22c11e3f90001,0.01794588520099968,0.0022236296193756614,0.05904985515374202,0.0694413786630456,0.08908583316613189,0.6320966137920394,0.009300114525908334,0.0018661041834619235,0.0010689717646728868,0.00038577628091422965,0.0030431496151060266,0.10899012241241467,0.004338539528433267
W6000b3b22c11e3f90002,0.02295827382270187,0.0025877623046889463,0.05952857544612468,0.09122988396703853,0.07565176691703217,0.44705332376167684,0.00851448481347731,0.004133633979571746,0.001285141469396181,0.002187718809599154,0.0042634369290649714,0.2708302962926802,0.007039771109474655
W6000b3b22c11e3f90003,0.017833136555448936,0.002503944685230375,0.059741921357361456,0.08274935841437019,0.28006201119416874,0.3267394539110658,0.054923807518981876,0.005263637346132712,0.0009562092757106931,0.0013303920893002214,0.0046704351568770215,0.153153595545365,0.007111775526778482
W6000b3b22c11e3f90004,0.017142694963993402,0.00342395754282683,0.047480742002064626,0.08558984590148094,0.12643902706061222,0.3442827028701107,0.1343658248948905,0.00464223337717927,0.0003936147292200328,0.0015239927063744553,0.003971087304647138,0.21819780937209707,0.009255787629177985
W6000b3b22c11e3f90005,0.014604195294469473,0.0028750435678993693,0.05705655255671717,0.09353049025365678,0.09711081816038727,0.49243268398443374,0.008685481316642017,0.008179411405034729,0.0011951530426026395,0.0013166744053861852,0.005179911475892588,0.20253750926151554,0.012020555069156863
W6000b3b22c11e3f90006,0.013767010374722458,0.0027829695289161896,0.048916161424854755,0.08031994003282227,0.08823091459162662,0.5356718491382231,0.009036710705560332,0.007891756925433242,0.0011076725535627645,0.0022975138825019623,0.004546351826664126,0.19531350172325349,0.007466595405618982
W60996ce94f8e80df0000,0.005346750090972779,0.001374280719769995,0.011814781825016475,0.0041919433684433315,0.0026098249031260433,0.375631252620926,0.0027823283735169202,0.00019214327204339143,0.00020795318158488253,0.00022572288930515952,0.002353647629518248,0.5689576281749521,0.02367565881853065
W60996ce94f8e80df0001,0.08039046628416188,0.003059730132681884,0.010265700546705746,0.0104883572591375,0.0035619412480598573,0.30186199209450226,0.001761861491109884,0.00016563661155029119,0.0002197513702782079,0.0001864119618325014,0.0014691893893536646,0.5647830083677642,0.020951850684286275
W60996ce94f8e80df0002,0.005620257047117609,0.0036377961192929475,0.007591674438848516,0.005552389930258319,0.00529546406536997,0.2177567853456461,0.0020617299828364385,0.00018312886342090472,0.00024342726486874383,0.00023776502755939178,0.0015220796620067352,0.7289148199342179,0.0204183483747409
W60996ce94f8e80df0003,0.00969004764223147,0.001513818613658801,0.03818772860922865,0.031597766524293004,0.004120931192389905,0.2580091739104115,0.006829156187881972,0.00021490630774142528,0.00029379489884374325,0.00028196834780021263,0.002384587218887605,0.6136194210424798,0.03222967321662193
W60996ce94f8e80df0004,0.004612719927320677,0.0031743248593997203,0.01075574225833803,0.005685267298662284,0.0031602886092420347,0.2850709152907031,0.009636532729084987,0.0002670212095745547,0.0003682300491814183,0.00031379175646706196,0.0013080258017998294,0.6497976618373884,0.024472329988212114
W60996ce94f8e80df0005,0.004340938486425657,0.0019018937363595358,0.005525275160807454,0.0029692586755647433,0.002272867190200743,0.32837472283187863,0.0029055426242129163,0.0001839957268422031,0.00020068055977018264,0.00018815310527523326,0.0020279938350315067,0.6250190059603162,0.02321750736242643
W60996ce94f8e80df0006,0.003450999833262558,0.0008399403820836098,0.08790683120476482,0.004602300983242343,0.004858684527871166,0.26071468833008443,0.0022583743287264498,0.00018279517353474208,0.00024557678748420833,0.00022021519610649677,0.0026136379238790807,0.6112362443100057,0.02023586072464829
W61443c7edeab75570000,0.0007815004190376948,0.9774807153407911,0.001990076863713624,0.000334769932718634,0.004451639591845376,0.0008341984023756084,0.007329135743583355,0.0005589584977751743,8.947215447425754e-07,0.001405902383161583,0.0013531036746366179,0.0029180728837527215,0.00027963295767225864
W61443c7edeab75570001,0.0005590167203623095,0.9779157356084281,0.001995108287500601,1.4784911484403142e-06,0.004239212239194406,0.0011119783647537793,0.006683620590583094,0.0005587429819229884,8.948769660578335e-07,0.002101786174617039,0.001353140024752993,0.00291817602044922,0.0004185660479624775
W61443c7edeab75570002,0.0005590556461392707,0.9784052909570219,0.001995894318277238,1.4425218899895122e-06,0.004833507975048044,0.0005564007816104883,0.006846402188755778,0.0005597971760228747,8.95019230541004e-07,0.0018249137199057089,0.0013530501910165196,0.002362612028305724,0.00027979899162042986
W61443c7edeab75570003,3.911224580524813e-06,0.978295071048032,0.0019950581845581,1.4464082785901118e-06,0.003052933738051482,0.0005564503774033798,0.008535644326846642,0.0005768930786758844,8.811513966391647e-07,0.002519339162887303,0.0013529808244119705,0.002362596562611963,0.00027990040242472703
W61443c7edeab75570004,3.4778143857042553e-06,0.982949957524524,0.001997745983609739,1.4694896260035223e-06,0.0033935055651258647,0.000556406030968994,0.00351681650183997,0.0008748087094349339,8.780528412871893e-07,0.0030755678768919536,0.0013531212720399104,0.001807054249393398,0.00027985911285853017
W61443c7edeab75570005,0.0005590421438976827,0.9818770026050815,0.001994501951530763,1.4390113534899307e-06,0.0021554126302610606,0.0005564367420825973,0.005559470613819052,0.000591075887589518,8.816288746186731e-07,0.003075692713992093,0.0013530094464185363,0.0018070410025412367,0.0002798741647634727
W61443c7edeab75570006,0.0005592942832606733,0.9806209228155832,0.0019940814408360413,1.4544613055288782e-06,0.002271010423529036,0.00055645066756861,0.007104078450524151,0.0005579187327576062,9.061800040255638e-07,0.002519421135483215,0.0013530707105206823,0.001992252232742738,0.00027980713761529473
W626cdb6a7e66a7910000,0.06902625770048425,0.0016700563646436216,0.0013723762517433872,0.00028112711354199264,0.0017576940676955134,0.001354774521934284,0.000566990736766929,0.5263217561772164,0.0017870287597080388,0.3647034158386979,0.0016764695978277223,0.0006502915615562969,0.006182715252916965
W626cdb6a7e66a7910001,0.06582695986696015,0.002225309490030603,0.00136919559254767,0.0002810470898989969,0.0006320636430688992,0.0007992692256909915,0.0009329801056667573,0.5308313280382945,0.0020454120834368923,0.36502177612576386,0.001679675805810874,0.0009281136974730922,0.006450247832329278
W626cdb6a7e66a7910002,0.05882767584872297,0.00028091003265159805,0.0016648854718254965,0.0002816958923249865,0.0012384655819359285,0.0007996398930482573,0.00037493427175483126,0.5461500066856849,0.003156483520415702,0.35619999167710503,0.0016816801605616064,0.001067014958497931,0.007300263938013608
W626cdb6a7e66a7910003,0.0694143979506034,0.002225539577141021,0.0009965928016050151,0.00028123356123735383,0.0017814868902408297,0.0011704637612605581,0.0011184666350975935,0.5397749974552916,0.002600043558052372,0.3518145429771662,0.0016796366786306107,0.0010670308707251886,0.00674667742859678
W626cdb6a7e66a7910004,0.06482595454280474,0.002225264380539287,0.000992536195119267,0.0002813391649366464,0.0015320509651548097,0.0014514645193967508,0.0011189762494649123,0.5204483075289887,0.0024215547163256275,0.37304843235382557,0.001680854887414898,0.0015764332519273528,0.006173135329747442
W626cdb6a7e66a7910005,0.06895082431227638,0.0038919413975343656,0.00100427354898062,0.0002812318697249177,0.0017374690540597935,0.001173287252383519,0.0009304264205535422,0.5200280497724936,0.002330277096977891,0.3709554950410851,0.0011248002384563955,0.0007894127502906258,0.007290513373440767
W626cdb6a7e66a7910006,0.06140349628440023,3.184231926062975e-06,0.0010339651474897047,0.00028092749699989576,0.0007206563236977604,0.0011755646319666347,0.00037663396043936484,0.5312469150218805,0.002662911208600151,0.36981362516395383,0.001678298425678182,0.000789407749678955,0.00759378177377965
W62c2ea531ccd02ed0000,0.022556097185561678,0.0008732155482571823,0.30717826215548866,0.05944550468084633,0.4599284059022627,0.029236053785536724,0.02213145844018375,0.012749381691831709,0.005690656282080981,0.00622394376784612,0.019996640455869664,0.015875413111412218,0.008491447238065757
W62c2ea531ccd02ed0001,0.04662456570931064,0.0010311041788769169,0.35844160724573587,0.06423224938461004,0.3532374986390257,0.032121348218413524,0.022603828718661474,0.02383984907471476,0.006558158926956583,0.008127458562455071,0.021823969866738818,0.01752504082856248,0.010609163446351556
W62c2ea531ccd02ed0002,0.029521329645713888,0.0009774992896170068,0.3180395906553647,0.06844029614898181,0.39636347646083875,0.032769388784939485,0.02561065097552425,0.0230685686789861,0.006330742720491564,0.009651244206972333,0.023568363402242384,0.016451265678225524,0.010816035319227073
W62c2ea531ccd02ed0003,0.014014146323137461,0.0005859715499948089,0.2009720786119097,0.06632677455593379,0.49476931121276396,0.04206981970180574,0.07247729303754506,0.01744515024008776,0.004767942499818762,0.008388298632140502,0.022777827700050827,0.010281344402302835,0.010139356435663079
W62c2ea531ccd02ed0004,0.018145072108358983,0.0007289806291155289,0.3111691880255798,0.07559246101095783,0.3627825524308594,0.04651468438961371,0.05813202742021584,0.023974810633762698,0.0069829916072790925,0.00938825388849911,0.02365680954409925,0.010925979479687842,0.012484695185851534
W62c2ea531ccd02ed0005,0.02415051179052588,0.00046915572535359177,0.26996715835276097,0.06045172043170047,0.46054059398317176,0.040473823477942227,0.03265901567795199,0.016842856198838272,0.005591326438549844,0.007020834614025542,0.021723658409489702,0.01046173095485848,0.011952459153411893
W62c2ea531ccd02ed0006,0.020893539734608408,0.0011859346324787866,0.24157158056354658,0.07677182070619368,0.34592442367179194,0.04869333283443537,0.12277523978720573,0.037622595479791986,0.005316937172139388,0.011431225487904173,0.02462632723208826,0.011382218895226037,0.01419356604843843
W6361bf78352c102e0000,0.002829399603552749,0.981392990474228,0.0002256112438131198,4.321811869870836e-06,0.002973582566910118,0.00074262061301012,0.003928125267923399,3.762408270274674e-06,0.00055843059147853,0.0014455185891382968,3.6331147458498244e-06,0.0005566470810829904,1.460523656565723e-06
W6361bf78352c102e0001,0.0029115274523852743,0.9811320020319291,0.00022556471256495806,5.1231429295167565e-06,0.002971477499287037,0.0007424562533798075,0.0036425953173572466,6.9812105670170085e-06,0.0005583494742706216,0.0016307344331531826,3.663827667616679e-06,1.1555963719947996e-06,1.1304699451292366e-06
W6361bf78352c102e0002,0.002808589262704182,0.9810408879373221,0.0007815412761729818,0.0005604322733597017,0.0035784548556621765,0.0007437676951805083,0.002862602400950876,2.276814281704833e-06,0.000558308970031666,0.0014455647406450619,3.3863597003155137e-06,1.167694821974618e-06,1.2486057202913446e-06
W6361bf78352c102e0003,0.002792312970296553,0.971922994285782,0.0007827099014441428,0.0005599883954463847,0.003529728155707268,0.0007436969584715655,0.011974402676920364,7.26680295855655e-05,0.0005584434033843312,0.001445508810024242,3.310183812506734e-06,1.1519812416147502e-06,1.248526692683028e-06
W6361bf78352c102e0004,0.006235591105526491,0.9682716010379193,0.0018924226308000163,0.0013937508841048096,0.004082863493609477,0.0012985711405881601,0.004889597138091842,5.3081220565649265e-06,0.0005613637813663091,0.0014455368263950217,3.506178360150931e-06,0.0018067075378479119,0.0005567050965672976
W6361bf78352c102e0005,0.0064255979404223154,0.9637288574832873,0.0018919271530827583,0.001393580611990362,0.004082864567899454,0.001298620836628115,0.010349552499436613,1.2799664930334572e-05,0.0005584035621478138,0.001445530027944556,3.5470119876988365e-06,0.00180670753822284,1.1963429354196198e-06
W6361bf78352c102e0006,0.0028136859747426384,0.9799136101748456,0.000780985436126352,4.7729121248519e-06,0.003526799097671563,0.000742469945461156,0.0040339459125318874,6.019158783549553e-06,0.0005584086250740006,0.0014455372709625252,3.574130433293701e-06,0.0005567075379379879,1.1963426340443538e-06
W64fe51a60c40ad2c0000,0.010208363021358139,0.0009112770904053306,0.22357625529191494,0.06429390107064663,0.4994019544613728,0.056297409988808576,0.037970425207568825,0.005325007638871711,0.009840611809598965,0.00863263228612462,0.012825376868370349,0.017639701088150557,0.0160205009204355
W64fe51a60c40ad2c0001,0.009686005622267404,0.0006759355530362931,0.2720226792660927,0.08267197297420963,0.4114955699487686,0.04971544379563981,0.052921122351742,0.006416489156639325,0.011232745343097789,0.009301328541201264,0.01805333028211713,0.014354870935007773,0.023305515877779237
W64fe51a60c40ad2c0002,0.014697055640216918,0.0007295945871060262,0.3056654496723915,0.08089480730022908,0.38157510105222503,0.05966775069050566,0.028237781286751966,0.007438192084126327,0.012131462710374515,0.010024194281369766,0.01931037380575376,0.01605339859460348,0.023872933637929993
W64fe51a60c40ad2c0003,0.006731288830184896,0.000827121317182095,0.30610261706512515,0.06422961800036038,0.4326519313381243,0.052307513851973804,0.04121028744472869,0.005824859873231551,0.008142325926082418,0.007185240054308765,0.015938414956107705,0.014158012981667016,0.017706855993962194
W64fe51a60c40ad2c0004,0.007407466387083161,0.00014916927767935756,0.5004315670977583,0.06410524084931893,0.2687844286564846,0.04966638402681562,0.006499440269262104,0.005007301125466987,0.011701103552117528,0.005658503866105988,0.016984240643914364,0.015518580300035723,0.019304486000544043
W64fe51a60c40ad2c0005,0.008130570841369849,0.0009215082237155138,0.4046467155315418,0.06959070125475976,0.34916528180108897,0.05312924391704148,0.013585082486429192,0.005874345156868315,0.010215085827161744,0.007660562319131614,0.01664437123686774,0.012890939873141225,0.01901516929568152
W64fe51a60c40ad2c0006,0.010710487562295952,0.0009726757432298878,0.22638742882532026,0.07276385212292384,0.5102579116551675,0.05870314751916591,0.012390685267702123,0.0060911004611186315,0.00894207051164136,0.007820506028796788,0.01818449360123976,0.015684620104084435,0.019076738774833932
W65f9a995382c18a70000,0.012300151782318861,0.0006617519322268171,0.37524358367880933,0.04874372782226707,0.31206644741164985,0.02097729399682704,0.014150128663129268,0.0991634789714548,0.011036261617566148,0.02907855317244946,0.020988431745623544,0.02190504546980716,0.010228966163784051
W65f9a995382c18a70001,0.011405456474909181,0.0005592232545478516,0.3558801139822816,0.04527845471873093,0.3302047335283975,0.017707449480833023,0.008639504125477598,0.11347116994694899,0.010815291576219922,0.03229389753272073,0.019232656028948532,0.019422213415051626,0.008630265335540096
W65f9a995382c18a70002,0.012598947043272532,0.0007435953678676853,0.3262676671727971,0.04639518316706889,0.31696268502836233,0.016787760292265586,0.008335307926357664,0.11909076019170879,0.010367270021979095,0.04702554688499186,0.02215192389358051,0.028976628250607712,0.013452497262322269
W65f9a995382c18a70003,0.01158722480144516,0.0006098384920237089,0.29142160551189217,0.04272470740683313,0.3151444554258284,0.017723315102023168,0.08231424277151396,0.11387331265645058,0.009831589670734666,0.03595786609050005,0.022377623912429784,0.019812261915375842,0.008597672770651613
W65f9a995382c18a70004,0.011570692600702105,0.0005222041248253516,0.35077758776958196,0.04130471377776086,0.33135383503863314,0.018770122628884563,0.029202538143096018,0.09883615722513399,0.010860950427924067,0.03061010304160039,0.021737087594302745,0.021048949667595105,0.007698937736970921
W65f9a995382c18a70005,0.013441326890145386,0.0006606188840867338,0.35637609475943294,0.049235766971866574,0.32648315371290604,0.018422904093563026,0.011175154478715246,0.09835064793597054,0.010343600207631013,0.037635288208336004,0.020901847414301372,0.021674493802591902,0.008348463022438149
W65f9a995382c18a70006,0.013261305677673937,0.0008670321073408707,0.35785265434901165,0.04758636675844498,0.3201938363876182,0.019254432170123875,0.012423746433891273,0.09531850113222358,0.010458068956996965,0.03586609380832584,0.020691105698843474,0.028904938623181754,0.00920091744579927
W6896dab34a30aeab0000,0.006363860527755682,0.0066356796477599995,0.04504073632851352,0.13443784914452186,0.384695727727453,0.01826646013874821,0.02937303274139696,0.2102529442898292,0.00999313375867493,0.02008055007223929,0.021164554190501648,0.006512115768006875,0.01294960231993105
W6896dab34a30aeab0001,0.005917289399146123,0.006497634355800587,0.044131013490331064,0.1865460780254766,0.38114674185838837,0.01452368141349118,0.030459047788845263,0.1680723911810361,0.00957182214765128,0.021918695965097178,0.024449883419642226,0.00583091188399452,0.011895096052079444
W6896dab34a30aeab0002,0.006256432457179967,0.006815691801984453,0.05214768076605685,0.17733883864084402,0.37461609975057414,0.013268294449278137,0.030169615770027247,0.1657924767724336,0.00936858902051477,0.021030250563788905,0.019266029073732514,0.004949711434015931,0.014962033569972008
W6896dab34a30aeab0003,0.006255008069982935,0.00640097043247172,0.05917929253206742,0.21904950789485897,0.3770345089951754,0.014007136398788476,0.03162942366342649,0.10455965692080721,0.010048290696869201,0.020125195533438053,0.020512821773107124,0.005226043651219093,0.014869394911368709
W6896dab34a30aeab0004,0.006020643320520195,0.0067903602899433155,0.047397482290621254,0.14520294063079392,0.39058080348492064,0.02094873153545289,0.03334413261157862,0.17009052112529158,0.009904300218216916,0.020482904867703308,0.022537473498231146,0.005932545684320463,0.01249548278644309
W6896dab34a30aeab0005,0.005426995051190299,0.00661127340125667,0.05446758757001044,0.19178778906987048,0.3832362572815465,0.028654976850716107,0.027380522860923143,0.10261933560710719,0.009823758819387674,0.01955572655472097,0.02033378931801056,0.006683352221119778,0.014647435052553469
W6896dab34a30aeab0006,0.00545207866655945,0.0072035595834807386,0.050579393472587775,0.17897724879440194,0.38756990772514327,0.04206618414066134,0.032281258025877134,0.07492895014842535,0.009926315451022351,0.01951165439569655,0.022363999824030034,0.0060648176515932075,0.014702007287214205
W68a746653bc5de3a0000,0.0039851904626484035,0.3994743587794169,0.018336966447505293,0.021099335651609763,0.009570040979330265,0.004549719902454693,0.4351461845436196,0.0205925404349662,0.003611238777252403,0.011069643582164234,0.020335370095693805,0.010293985810176586,0.011609355709264416
W68a746653bc5de3a0001,0.0037312251533603933,0.024892628624572446,0.05087889493672818,0.05062497512244083,0.027228017333982422,0.0063283326624565955,0.428225032835732,0.030863314312024284,0.0057731335059094885,0.25342556616150225,0.03501210601681106,0.007223798403145778,0.01588412911449832
W68a746653bc5de3a0002,0.0034299221470511137,0.397479948703786,0.033338436013860565,0.02618075460784009,0.029050538589131484,0.005870884763821944,0.325994721519436,0.029035386063249097,0.004163185089661323,0.05244248114931589,0.02700148255058149,0.009178888699854691,0.016189723149638777
W68a746653bc5de3a0003,0.0028739404588693043,0.39639144571164425,0.019320138126023824,0.022471072330033724,0.012762464577200941,0.004883993223884697,0.41312697994379777,0.023590196494473428,0.005059981359214296,0.018123167319260784,0.022272248577140434,0.00970302651611275,0.013053454228203153
W68a746653bc5de3a0004,0.00400722001684408,0.0006170002781421011,0.04935110958367065,0.0398099140097579,0.025771985418676497,0.00695577801002121,0.4023576788178274,0.03175743786931812,0.007507065720483906,0.299444471136868,0.03529576560375295,0.004427699255164623,0.021413084928204564
W68a746653bc5de3a0005,0.00231963910503916,0.3975328955391689,0.030839675940954474,0.01917926189896115,0.02559069007528546,0.005149902550015612,0.3514218390986895,0.03803989822505872,0.00437058218683287,0.03460381904038131,0.025739278963990028,0.010218986704801035,0.014297603307417032
W68a746653bc5de3a0006,0.0048522831777522615,0.0047818717045107146,0.05050485981863584,0.0444707019368352,0.020534352038995746,0.007145776171748212,0.38963188541173516,0.029316628891576768,0.0069852585787347045,0.3207766205725703,0.031656513150959485,0.004486522367786184,0.019136257730766472
W6afe7fefa060e33d0000,0.011091434841389898,0.00012865190894174446,0.04238079134724664,0.08866891136213519,0.0849669792152563,0.15785509061350977,0.01911983242627949,0.08308545181362667,0.0029143098314075833,0.010745050834461879,0.0038469288494420045,0.222204636774591,0.2622021965217803
W6afe7fefa060e33d0001,0.010546583132317678,0.00044893685088769005,0.04347278150918963,0.0863520486717746,0.09370498508832825,0.1295015820859968,0.015012774781955915,0.1487298061375321,0.004338775869766719,0.011254846163845875,0.003322728102911666,0.19594555823783746,0.24603783882951533
W6afe7fefa060e33d0002,0.0093023119538097,0.00014697456686742279,0.04214751562996233,0.08237669302714844,0.097709512774299,0.047457677015394974,0.021842743258247078,0.12670109985613967,0.003945008702161812,0.011143704453684058,0.004242731962078746,0.13969731282878625,0.40197097411110344
W6afe7fefa060e33d0003,0.009297876216033276,0.0001422628339450855,0.039479277795017656,0.08193330395347317,0.10042860066137181,0.05666745579016258,0.01962823561534074,0.10699866126249098,0.003938862485955879,0.01051598614657667,0.0042301998844799385,0.14423407030494365,0.4125757205731983
W6afe7fefa060e33d0004,0.0098804492520486,0.00016759995748648996,0.07227321653572981,0.08627146769569004,0.11727250997051286,0.04397714394418926,0.00806079479304284,0.12325911141110941,0.0034139945954067066,0.012096954576987945,0.0031525769204864356,0.1373254635391494,0.3721207516183358
W6afe7fefa060e33d0005,0.009018898603283261,0.0001499509270523363,0.048745024463177244,0.09839740879554892,0.10073843977932917,0.040098772936103554,0.015602105916461691,0.09013910815880899,0.0036831095532888704,0.010504891159447458,0.002456566823406539,0.12622585772535136,0.4445561885839844
W6afe7fefa060e33d0006,0.009271951741233917,0.00011407709477558109,0.039010461944907676,0.0721148498964018,0.08921891629599306,0.06686595470243942,0.016023126864741652,0.07407252795786566,0.0036436145364322305,0.00946729783125254,0.002382395868317043,0.12723456607621084,0.4804524543155415
W6b98e963fa9af6860000,0.003042941634768117,0.001012542976565963,0.027545207028839308,0.055445058956140325,0.10425216664533458,0.04089009352379409,0.022923903344485835,0.006360038446295163,0.021116642078529643,0.17329463711454005,0.050703886310419714,0.07797033188697326,0.04538975170748577
W6b98e963fa9af6860001,0.004147406691115405,0.0011775236416925177,0.0702646031530127,0.14299022995116278,0.04184451455571538,0.039479456972222195,0.012588999427883647,0.007686506468198466,0.018154643698907347,0.15380054457535833,0.04531354386491726,0.06726397788866874,0.0443731762952729
W6b98e963fa9af6860002,0.004541549125707153,0.0013897182066245916,0.06849287512144354,0.06593794887778308,0.05544549693521683,0.04575732444087376,0.010634597608809715,0.008084124043297475,0.017255277114931227,0.08663266617453884,0.0412211178874566,0.08367983975019296,0.0472415517672141
W6b98e963fa9af6860003,0.003674349996615041,0.001252878939941073,0.09660444628367422,0.08536315354501552,0.036230070739398275,0.07101025834269463,0.013507830782078812,0.010413802603566844,0.021070814475971256,0.13584341368627342,0.039040178850620604,0.07279868545218926,0.04096386611228119
W6b98e963fa9af6860004,0.004667174625640303,0.001183790645467941,0.09494221728811834,0.0562820636757243,0.04816823304199813,0.09083126525675846,0.011154797407536436,0.010618740559970889,0.025933201155361938,0.13534251662770927,0.04134008510295195,0.06601434000962443,0.04764793500612277
W6b98e963fa9af6860005,0.004675569798560635,0.001642549528904595,0.06666497306075697,0.037616952489297674,0.06690808826098206,0.07242274824550465,0.012079570535921793,0.009730796130572242,0.04074303654409217,0.1026122432556546,0.05245585911456086,0.07479919467886934,0.051900356603642894
W6b98e963fa9af6860006,0.003987573268650278,0.0015338964497714702,0.068448647315727,0.0416639319399053,0.050206492018578075,0.10808897498024914,0.012036695256202136,0.013436198086049915,0.02767289397950492,0.10494353736631301,0.041490123919887184,0.07796516174414293,0.05054582397902582
W6d3840bb93b384910000,0.006688579143799184,0.00046160386736751575,0.014104473447249036,0.01321016354152089,0.01835067208916076,0.02033345755442048,0.0032239674493989034,0.014727641713928026,0.03413409719269117,0.09692839083211409,0.07724117754433397,0.005497267452671004,0.14475641233984704
W6d3840bb93b384910001,0.0072087401775522185,0.00045926887437446,0.012189369798555236,0.013859369890848974,0.021680420960242933,0.020053811705802768,0.003489990136421001,0.014900791580836821,0.03229047970333427,0.13279819593027173,0.07568827680130574,0.004128637298299396,0.09853082833877354
W6d3840bb93b384910002,0.005969465289776801,0.00045060668604271324,0.01236213900182446,0.014613837524470642,0.050557491095073244,0.016030040378494724,0.0034608409061438346,0.012849898622375847,0.03297447685564898,0.061570424110339604,0.021341785017961544,0.0028666597748308676,0.269823827972945
W6d3840bb93b384910003,0.004656535883071329,0.0005319965263559747,0.012458999010884276,0.01852588782839074,0.08580434365178438,0.023592665593397892,0.004575224975606344,0.017036357579664572,0.03304316683463914,0.05236777251166984,0.02653371975917827,0.003745159730102058,0.2395782572342335
W6d3840bb93b384910004,0.005798199899667094,0.0004948138966937009,0.01622422754791122,0.016389128017294773,0.025107358835826946,0.02492315770438853,0.004095776900098787,0.01452678754780806,0.0336846807682036,0.09281020406187035,0.14800709829746525,0.005079874242531362,0.0748091080542341
W6d3840bb93b384910005,0.00548284986548054,0.00045038512335580596,0.013057189046365866,0.015684620540783414,0.023049711267353352,0.023230495614622194,0.0029532881483058967,0.009171162530879379,0.031608917705013874,0.10404894461942098,0.12894773967493248,0.004704991014229839,0.06377468040635242
W6d3840bb93b384910006,0.005162590479568153,0.00013418652601749904,0.021329923254546877,0.014057830582562362,0.036536186209425614,0.02100158715270193,0.0365107567674349,0.011569840921148405,0.03879240770275599,0.08059895414224363,0.14613101868303185,0.004168639522937785,0.06686574671140169
W6d3b2a24032b729b0000,0.0014139209837998083,0.003084933088543912,2.779395397384165e-05,0.0005238477275916561,0.0003272148972512498,0.01911479289209828,1.0722416778604572e-05,5.608831800805448e-06,1.1192946625313962e-05,5.4551704246222196e-06,9.1228743337117e-06,0.6153715662840978,0.35943586614452694
W6d3b2a24032b729b0001,0.00138159656934639,0.003077707459101071,2.0405429063536296e-05,0.00023320824259279467,0.0006916451589849448,0.016746361740823317,8.992701488629916e-06,4.226250952827282e-06,8.448478100376117e-06,4.123972038855978e-06,0.0008401968414720652,0.6187080198600313,0.3576198378022977
W6d3b2a24032b729b0002,0.0020151289231356414,0.0030657253171205556,9.588480049796295e-06,0.0004877247483672218,0.00014330779875584122,0.013687645283494124,4.13619434099358e-06,2.5169729194235338e-06,3.968645152594879e-06,1.9007794810602455e-06,0.0008371005091088539,0.6236231371892919,0.35611480694253506
W6d3b2a24032b729b0003,0.011168148192011009,0.0036224278902515067,1.4884928668347727e-05,0.0008266144561341654,0.0558891604391528,0.015850120752368555,0.0015402027454898268,2.769170998409707e-06,4.320299212016026e-06,0.0005578341278243697,0.0008376834433265632,0.6125238708462343,0.2971584212711891
W6d3b2a24032b729b0004,0.0017650426411879234,0.0030657435889866725,1.0112887975155302e-05,0.0004926233286167348,0.010565041025937269,0.012593123158229616,0.001538987598343309,1.966181528418543e-06,4.1678263570540745e-06,2.056812279423379e-06,3.930280079831085e-06,0.6319352760577907,0.3380187378552848
W6d3b2a24032b729b0005,0.0014680364988808045,0.004177001811968603,9.75517104724293e-06,0.00020908281786863512,0.0007992046096582353,0.011462425533050507,3.8460781116006686e-06,1.9668580516961003e-06,4.019818341979389e-06,1.9366800228757704e-06,0.000559355045646166,0.629624449275816,0.3516756268575381
W6d3b2a24032b729b0006,0.0014135309667799112,0.0030656689390292165,9.618080004222462e-06,0.00020644392864918633,3.899319252574866e-05,0.012629527448267664,0.0002818919878237537,1.9307299646297845e-06,4.098953058850617e-06,1.8045579498930972e-06,3.1520875087823373e-06,0.6261618024193704,0.3561779169038769
W6fcba0a340edc8d30000,0.013743794161556367,0.0011397414585398293,0.4373074948836237,0.022025795107325222,0.36362003011094207,0.04382882666987137,0.01712986529009042,0.0037665785690813645,0.02214808426511508,0.0028346197165947918,0.012791867331062695,0.020930132853862037,0.015299805464910374
W6fcba0a340edc8d30001,0.01523763121735548,0.0012813952983372317,0.43408124531039566,0.032213282779820045,0.351417072922566,0.05290980482685328,0.011165291986755359,0.0039919949454787105,0.017577989344247313,0.003212376492528273,0.014909236475508812,0.019940655074422813,0.019254805829738358
W6fcba0a340edc8d30002,0.013591640907384706,0.0013744927034090347,0.42016678593725254,0.04029081855754252,0.35900916204602995,0.051306001519233764,0.012352188338148556,0.0038903557712226733,0.017519189068075213,0.0044829559990903385,0.014296607799877058,0.018422065337619635,0.02177199101155216
W6fcba0a340edc8d30003,0.013028880003378441,0.0007482874376906595,0.4181943132255291,0.02467308984577066,0.3923034982986036,0.042640933876962724,0.016009153194410843,0.003949836909046629,0.01884813033999565,0.0033749072349853293,0.010495890323216218,0.01792542627531732,0.01528236112044182
W6fcba0a340edc8d30004,0.011702003789716432,0.0009457554646054686,0.516549882891614,0.03627880972258976,0.27611257007334383,0.049231380048722496,0.011807352439941672,0.003947653033520829,0.019629638554403233,0.003800070465301602,0.012866406106272342,0.018126988135609427,0.01702309791337737
W6fcba0a340edc8d30005,0.011112621125624866,0.0010101516680280655,0.3644626258113099,0.04432923994010504,0.4318054991721713,0.029892690570770722,0.014479308326374824,0.005093925479887033,0.01910167160527167,0.004734531419195675,0.010114879728768336,0.01826645638609761,0.02085446310271721
W6fcba0a340edc8d30006,0.011667304086628853,0.0008107446711253128,0.276490504676084,0.03471186018574799,0.5354268291345944,0.02881911329901646,0.01467521358998707,0.0030052671623404595,0.01615406286076942,0.004161468168373314,0.00974902122215225,0.016434083265715087,0.01939269103355562
W7006f3c66af00e6b0000,0.002156912642996846,0.001455473683576242,0.11625572047545567,0.25861386820474275,0.0705141048781723,0.09166272623728956,0.006013736300056259,0.35219144456555496,0.001145587935990963,0.0034748419842041468,0.0059833672476632726,0.06932735725128351,0.01612273615170218
W7006f3c66af00e6b0001,0.001907946818132965,0.0010973641277184658,0.0633801059602414,0.27654582823298307,0.12688643153851634,0.0727081003456967,0.004439962730011547,0.38565796842408,0.0005330245574632963,0.0017447518653275521,0.007106580228139572,0.04820575547943403,0.0048594395335838925
W7006f3c66af00e6b0002,0.003060457481075816,0.0011551691921843203,0.07267568256394363,0.23771860742567932,0.2043600508279795,0.029943716914925134,0.005018456549820443,0.38464753570672616,0.0017185291689534904,0.0023529588448993445,0.00704708986664312,0.04152292332914835,0.004267344121062477
W7006f3c66af00e6b0003,0.003047758808221634,0.0011388253420019463,0.05960608190006653,0.3341238948501736,0.12794896763916333,0.031173793234979957,0.0055025057467588765,0.374831279251431,0.001607344043259506,0.002367128222360895,0.007671302572920859,0.040881640164662496,0.00532559376323008
W7006f3c66af00e6b0004,0.0031148089039259785,0.0013522115545769422,0.0782431492067728,0.22973963129233918,0.21079675543943494,0.02708497414740658,0.01225207532395092,0.38801005160084495,0.001933307273081886,0.0017552699105494315,0.006055542081684599,0.03126956395256527,0.004610843415596056
W7006f3c66af00e6b0005,0.0027683179838046378,0.0016514483907358846,0.08513627133406515,0.291015592749548,0.09994552323532181,0.05720482366881906,0.013010613513601872,0.3850149091843224,0.0021885019397058997,0.0020129092280579746,0.00552560736551401,0.04200574092588368,0.0063753091284522116
W7006f3c66af00e6b0006,0.0020967473807426335,0.0013717378577559058,0.1240410676057286,0.2934407370919171,0.11175202789177127,0.05727094340140475,0.0049959164999440675,0.3268154531732283,0.0024867555901319535,0.002583245671737181,0.005503989510613499,0.053962744081292875,0.008460869574521062
W71bc87bb603413cf0000,0.19288297826181428,0.006672419598445863,0.0214245780940283,0.015396063648943876,0.10672500804594177,0.024795210002319296,0.008241902732035455,0.015737368487923547,0.03059309694888928,0.3503928009120721,0.02798094984846961,0.017319293814063646,0.03189634288864927
W71bc87bb603413cf0001,0.3475258282840716,0.004978966659595694,0.01567072700109981,0.012574829452246661,0.04087233269151854,0.011073146975561571,0.0065622154461438065,0.014739773972412622,0.028051385183024156,0.3807128738726862,0.015371361253060907,0.006105248464882922,0.026489804059625775
W71bc87bb603413cf0002,0.17978958192845226,0.003817843548956926,0.020252695910398362,0.013382384152742177,0.12642752763877235,0.01455173129462481,0.008310095436784978,0.016850698387265665,0.05066737455289242,0.3318458131785353,0.033797060639260176,0.01601265010210159,0.03281004867125309
W71bc87bb603413cf0003,0.1896989557970354,0.0157870982550922,0.025200907222297425,0.013566061417225501,0.22354723466683038,0.011786655889408271,0.007176689463652345,0.014326245399213863,0.036400619779709494,0.2415827883855588,0.029672497448624865,0.02271105887847323,0.03565334907658154
W71bc87bb603413cf0004,0.4132323065371703,0.005091533439684422,0.01589719702392555,0.011760279917756822,0.10907541262755228,0.010401423510691241,0.0044643527535749026,0.012836997644022073,0.0304115945339704,0.26569572398032,0.017579783478393455,0.009650903208273361,0.028419391270623203
W71bc87bb603413cf0005,0.4235024539771041,0.005015296553797556,0.014622164529951373,0.011547449423108744,0.08475703210789426,0.008803822701824948,0.004571569573811725,0.013558029185211214,0.023728959944494393,0.27599481460797953,0.014950215764317076,0.010265715720836883,0.028731806364758722
W71bc87bb603413cf0006,0.130973175894805,0.01492734013605131,0.02125507833914621,0.014668395262416891,0.18814412799875715,0.010853055776018958,0.007959538207705358,0.01492911045456436,0.029121311550157795,0.27406167334150916,0.03602771292705693,0.015467014168473965,0.034589567404001376
W71ed08969928aa290000,0.001428740246245331,0.012419816631346087,0.3382906799194006,0.007405899567247721,0.013920887991733513,0.12582371065254408,0.003910331712902368,0.0002872375682438758,0.000201048658958305,0.009017373034386078,0.00019464775566680346,0.47878710255708784,0.006956924832257824
W71ed08969928aa290001,0.0011799983568315988,2.0571578742739503e-05,0.15949313941723636,0.005954366944032339,0.012800445448419288,0.28203880179925667,0.004195728282618842,1.910081739565447e-05,0.0011476499227103152,0.0050309689167263505,1.6965666271209222e-05,0.5256995856901434,0.0006381895606018718
W71ed08969928aa290002,0.00152206400055973,0.0002984919484684339,0.17606600304064135,0.007377847490318786,0.015098004504133492,0.24519903974398838,0.0028067205714022857,1.9568023173221368e-05,0.003136448739680374,0.0059466608005830195,1.6576090402455157e-05,0.5361409674858907,0.0032178031127952553
W71ed08969928aa290003,0.002981309374937614,2.1887471440003344e-05,0.23114020614275532,0.007146218620462739,0.018196961784500292,0.23838415922916564,0.0028152501861357444,2.0649333232412396e-05,0.002285167726496507,0.00792415000826809,1.6319717947587226e-05,0.48216290532841416,0.004853614575325554
W71ed08969928aa290004,0.0014452543636718313,1.9500806230412285e-05,0.029727320829805944,0.008424863367303208,0.015911261456900083,0.33444331300690017,0.0028029981809245797,1.5158455443610371e-05,0.012398099834337192,0.006205529148780815,1.615247923510619e-05,0.568455156330563,0.01642775553476403
W71ed08969928aa290005,0.001489336009646061,0.0002997886667120884,0.19430085673920405,0.008526054990887521,0.01781422112834279,0.2524800418001781,0.0028087821212801635,1.3268040043729963e-05,0.005361829896295768,0.0068672761267301935,1.668153605503381e-05,0.5035571138595732,0.0033050871691677522
W71ed08969928aa290006,0.003651352049960545,1.915585856052435e-05,0.2920815938745729,0.00891490808050674,0.02109954525765637,0.17764429186528566,0.0030892873226020055,1.4764296179164237e-05,0.0026669752065450977,0.0053453803905156,1.4099939672094303e-05,0.48155556155326446,0.0007548201246649636
W72644c30a07b7c5a0000,0.01376189881394697,0.9456647944223399,0.002623371968676015,0.003389624631383647,0.0029203922518275067,0.0005622564227842774,0.013274651723198127,0.0006077381292483031,0.0005583891406056358,0.003337651156750755,0.0021481628874200033,0.003612547236358809,0.001816449620346198
W72644c30a07b7c5a0001,0.013204881764137396,0.9492295659243245,0.0026228276186622632,0.00362141607981677,0.0034859841132321152,0.0011173969973818274,0.010043245147456834,0.0005925345019559418,0.0005584917979318793,0.003338014679767715,0.0011278103298302978,0.003334597976030912,0.0025569582773814123
W72644c30a07b7c5a0002,0.012648093362794943,0.9096982640432901,0.004281568890653287,0.003064848978442032,0.0029837929968706688,0.0005616781350678016,0.04856260245085415,0.0005876954133533312,0.0005584326062094294,0.003061016934093114,0.0016827221186064012,0.00305682271232846,0.0025570404063990203
W72644c30a07b7c5a0003,0.012647244270993414,0.9255001494193268,0.004310165804891995,0.004176119966547502,0.003009134944386905,0.000562342374635658,0.03271169463104715,0.0005739950378152467,0.0005585372512939205,0.0033387861539111103,0.0011358354138209224,0.0033345713295912715,0.002557029825961467
W72644c30a07b7c5a0004,0.012276615615949666,0.9436509865853461,0.0035014267332284456,0.003990597356069344,0.002912629412758853,0.0005619154293361022,0.016846744719568745,0.0005961356690909749,0.0005585068698717351,0.0033387514775438205,0.0011232439564707397,0.00361239205929128,0.00200145321731804
W72644c30a07b7c5a0005,0.011721748356458273,0.9515937282185039,0.002410945369658133,0.003435747757289646,0.0029220693579420365,0.0011173909288093985,0.010415603576310354,0.0005762915126609328,0.0005585148408103015,0.0033387557248855085,0.0016843512295650425,0.003056846298387829,0.002557008032728699
W72644c30a07b7c5a0006,0.012556438010983221,0.9523798274638371,0.002377438450263488,0.002324469863657477,0.0034756282285444496,0.000561676334906758,0.009337713001725555,0.0006188125779429884,0.0005584990069979514,0.0033396515927996114,0.00113330787212684,0.003056799220327436,0.002557011298008928
W727940b18345130e0000,8.56095540307089e-07,4.034515951260704e-05,1.6565197367291674e-05,0.0009766088103524047,0.00029857904632588864,6.186911468162997e-07,0.0002711361278348263,0.9711706968299915,2.0349793311859403e-06,0.0003415617604698826,0.009883547718820138,0.0011127106283381745,0.0020292137821295493
W727940b18345130e0001,9.089357200630509e-07,6.234660466364788e-05,0.000605888671888712,0.0009840108831336138,0.0008668362257832088,1.259255040090247e-06,4.175289302587152e-05,0.9655880517424354,0.00018697720439624817,0.0012029320652163123,0.008343080287466106,0.0011128643416309148,0.0015113430615293919
W727940b18345130e0002,0.00022441129502371598,4.166249758515227e-05,0.0013272388872907675,0.000980775485647584,0.00029957401979304664,1.531185752339202e-06,0.0006288274801960835,0.9697496446040569,3.180566365037006e-06,0.0011482940996120899,0.008050701987863942,0.0016707270687140576,0.002250038283963954
W727940b18345130e0003,0.00022439755128327767,5.381559682384213e-05,0.0009093071189542472,0.0009822895325055723,0.00031333220480543307,2.198285399799786e-06,0.0025194549261196926,0.9661057346555116,2.8488040791517928e-06,0.0014374808337058378,0.007189020719996536,0.0005594781781417326,0.0022831411102970443
W727940b18345130e0004,9.346619593754048e-07,5.023695801891022e-05,0.0005733193353126679,0.0004243690921971833,0.00030474966217481785,1.183009502805999e-06,0.001467082124222496,0.9677613073361859,0.00018678109439941367,0.0017308008300438234,0.0071974547695390955,0.000557209759752134,0.001456904591426827
W727940b18345130e0005,9.299347386738246e-07,3.7935832803645925e-05,1.0261112550910116e-05,0.0009749995723760526,0.0002857939881703414,6.096993351408724e-07,2.212763157322581e-05,0.9716126376652454,1.5198555142007274e-06,0.0016923178073885348,0.010327582104828948,0.0011127341990520674,0.001399396278947018
W727940b18345130e0006,8.97053129109477e-07,0.00010072757748919457,0.000606037250623504,0.0009797484367628278,0.0003081796855251426,1.2486249391898747e-06,7.67775938397376e-05,0.9608855776575617,3.513141698900041e-06,0.0012044008471775347,0.009958796315286452,0.0011131847017044518,0.0014481663017606226
W729325f0d9eaf9060000,0.005741130680043591,0.0012374980268446774,0.03746118762029151,0.010970479617981034,0.28388558655223084,0.008120659845881877,0.015684256878310907,0.007799739441848429,0.03256082205223657,0.034756539570505056,0.029487269415183634,0.0010688752248269213,0.03139099690335073
W729325f0d9eaf9060001,0.005989732040415525,0.002083215159091861,0.03764956691266697,0.010099997132041481,0.2718491183365508,0.008311217682153439,0.021942983591010403,0.011117252762825434,0.03078271889599872,0.04180202812395321,0.03008224781706223,0.0010888700566289258,0.030565665917434603
W729325f0d9eaf9060002,0.005765011125395347,0.00124587192022243,0.034934042635395096,0.01000068815589142,0.2186670370888867,0.008164725566419307,0.0734002558624376,0.011491536115018757,0.02945531324614271,0.04181408551255666,0.029780215422317017,0.0010823053001116868,0.0321284189194425
W729325f0d9eaf9060003,0.006075261621207568,0.0006498373700284576,0.03175723278452116,0.010050131134885119,0.21779835043679613,0.009790995931787014,0.03384271603861838,0.009676972239667476,0.03055544258625026,0.038825800676509314,0.02726624444033323,0.0010481349830906356,0.029953325260814553
W729325f0d9eaf9060004,0.006594700364117659,0.0006524827541630355,0.03322260618082454,0.01026648796916206,0.22328591202350703,0.009778810940092506,0.026881455533456628,0.009519794367445199,0.030047804055528433,0.035182113390710285,0.027684403190572325,0.0010533416913752463,0.02952775064401054
W729325f0d9eaf9060005,0.006078119160009936,0.0006484249010477065,0.03527449343539272,0.009334857584114403,0.24890512508301568,0.009280338778823989,0.024172172989608613,0.009740172141928504,0.032204048977886625,0.03513703400104987,0.027277402108435392,0.0009119005811253881,0.028188816209872236
W729325f0d9eaf9060006,0.005835152824155316,0.0006571822737203435,0.03175012234247706,0.0099034464111771,0.22602318481934894,0.009146153116698294,0.02844465444889881,0.010378405093298656,0.03163606782797958,0.044110097553111176,0.02904087929482643,0.0009161049067803076,0.028959091989418293
W7323d1ca6e11182e0000,0.0017160668368131418,3.9165752320272555e-05,0.2673051356236528,0.005980902074332877,0.0074007679475301385,0.5519641462927412,0.0021944605499390315,2.4425898988322177e-05,0.0001196910541118308,0.0015054063567260462,0.0005750147256276019,0.15706704942861346,0.002857267695113807
W7323d1ca6e11182e0001,0.0011797861327709008,4.4616558176734686e-05,0.1685994240131802,0.007690102877313341,0.0031239747441898034,0.6516292194693917,0.0029439025600087585,2.761689308396108e-05,9.81655987278966e-05,0.000953207386009048,0.000579233628757567,0.159506774280048,0.0023560781617007593
W7323d1ca6e11182e0002,0.0017006370390672963,2.5795439420519095e-05,0.27822778658684455,0.013376582157496396,0.009549071223758546,0.5679006994705759,0.0036287709006100517,1.6075569103841544e-05,0.0006119620291095459,0.0016823530836381755,0.0005682874744166397,0.11967384777830162,0.0018570974279374308
W7323d1ca6e11182e0003,0.0030723962302437163,1.3085982812950648e-05,0.16827201713537487,0.009956245119816971,0.009814114268911553,0.6888889756027854,0.002669100527067681,8.134723166204339e-06,2.912283995257146e-05,7.938874203173658e-06,0.0011175436101249969,0.1133666908810396,0.001638136758181929
W7323d1ca6e11182e0004,0.0031308772683065586,2.3073234648266184e-05,0.23866870527622203,0.008817301687722122,0.010658503692293472,0.6006321665757832,0.003868119197444802,1.7882706840279374e-05,2.8476384102574687e-05,0.0005695399822488721,0.0011227377409492468,0.12851174810306554,0.002224439673099813
W7323d1ca6e11182e0005,0.0031117586196129005,4.5383922313355425e-05,0.17042305405090533,0.0072079055375355765,0.009527945191723374,0.6430126250645825,0.0034804659560330863,3.100692054295291e-05,9.664622736554174e-05,0.0005832044156267726,0.0011340751335265078,0.15797397591273238,0.002135776545227667
W7323d1ca6e11182e0006,0.003090417866862715,1.903769848680493e-05,0.1939062850451937,0.013761387478592494,0.013279645132283413,0.5408466066880815,0.005065449511471607,1.1867039184394162e-05,0.00059745785774562,1.2563316959872941e-05,0.0011203132291132387,0.11089601127208712,0.1162282929839732
W73ed5859f924416c0000,0.0032474380143360277,0.0025016823072093507,0.011217959332982112,0.009076727392029067,0.019483920449227025,0.0019499105588215739,0.0069251599022640805,0.014876174294179803,0.027995634451079974,0.0297885115551032,0.01870913771967135,0.008712953609285465,0.043800571738931655
W73ed5859f924416c0001,0.0028618454811642742,0.0019389148331290529,0.009768278301469441,0.008121281181560427,0.010348408053985077,0.0008010642729215012,0.00703284475962003,0.010298504609271255,0.021367512722365298,0.03311505721779929,0.019800150637254967,0.01207758996448401,0.04255903421844851
W73ed5859f924416c0002,0.002450598374288826,0.0015455082484831632,0.012624551598342483,0.012093550473895464,0.01042862309063903,0.0005398014007648059,0.03917695996309758,0.008798885966161072,0.017578079371479642,0.030613492988157655,0.021728634908703994,0.010252156551090776,0.04898802001992564
W73ed5859f924416c0003,0.0019447455452201894,0.0015926719953467292,0.013094738311673454,0.013191510929490698,0.008218302145940782,0.0006175950882203893,0.07242698565193317,0.010806715738797412,0.018490889029811854,0.02998828042127362,0.0214382530386496,0.010316007367518734,0.045979450616652436
W73ed5859f924416c0004,0.0020521726991820626,0.0019343348274092262,0.01118948355002571,0.009177633551365407,0.0092847380894718,0.001154096238074869,0.00894193226579751,0.010904486627782218,0.021514570107750278,0.04004665244930134,0.018358613454803465,0.01000201244275291,0.04520843325899421
W73ed5859f924416c0005,0.0028962209047207112,0.0023364357227887646,0.012318007469547984,0.010468306965083976,0.009854455703571088,0.0017314829365121418,0.00788088338471719,0.009817128472110885,0.019689676155168954,0.04568704253593458,0.01933756453348497,0.011280665012820714,0.04573751877962993
W73ed5859f924416c0006,0.003119626702342751,0.0029961121083897507,0.012992922300696041,0.016192177183365818,0.009011483128839292,0.0030642279660913906,0.008060842328216923,0.009924384241261394,0.018680251877420877,0.0448754458586673,0.019929764679003262,0.010111881745091405,0.04169108200484345
W74a550cd58cac66b0000,0.0047264613984429465,0.046180038761958635,0.012979744530648396,0.017142077474527808,0.053029132604156766,0.3082873503901694,0.5129192498198178,0.003989752761528202,0.0008404708667691278,0.008652020527365524,0.005979918397258297,0.006149342886022689,0.0034464722547429623
W74a550cd58cac66b0001,0.004590372220923484,0.047754183715052544,0.009880827417158107,0.015289477852402285,0.026893511376981722,0.3272843682178233,0.5173859818377804,0.005378242607197739,0.000748291794754699,0.009235839030684844,0.006291725277909975,0.004888903142002375,0.004922325558285153
W74a550cd58cac66b0002,0.005143150107063839,0.044697816490724976,0.013669900575565297,0.018081431833147046,0.021194257010934324,0.3311905864865496,0.5190615144819739,0.004822749225503946,0.0007480650820671036,0.009235934121476639,0.0054540199352438885,0.004884064650754684,0.006366384926044539
W74a550cd58cac66b0003,0.0048219988070767935,0.04872990013265218,0.0127698939543739,0.017547098081619583,0.040735514450174995,0.3134378700815908,0.5114096071277767,0.005703680472350666,0.00047016606493950017,0.009884894207423625,0.005528365760628518,0.0046078367039834554,0.006311363695245718
W74a550cd58cac66b0004,0.005423732715630053,0.04080832108603776,0.011283908324692513,0.016067728625367112,0.018423399532960256,0.33105134243255063,0.5217931445565677,0.005656278110224427,0.001303224714504732,0.0076157384310779515,0.007904136864229331,0.003912893991057491,0.007237416216571012
W74a550cd58cac66b0005,0.005472362160142056,0.040530664255190585,0.013177823411515516,0.021707000601169105,0.016968398307268134,0.33469925102647563,0.5172661379433989,0.0048225417350268324,0.0013033247098615918,0.007616108818836251,0.005265835745040482,0.004468349839684033,0.008125441830371347
W74a550cd58cac66b0006,0.0044513682744308815,0.04817326093905384,0.011381213820446138,0.01851489680958036,0.022278021755557844,0.3326749566517661,0.5133163978299514,0.005100141146818739,0.001025692119788638,0.009373206779185302,0.005193703695951975,0.00433098101315321,0.00684632825797312
W74ca5568fc785c740000,0.0016879512019820756,0.29521720519912437,0.0019194530685457004,0.001408967410147485,0.004785911127360641,0.06610865031810416,0.005321577474131707,3.5335798320148783e-05,3.409339961453568e-06,6.8349569822475325e-06,1.0175974326815272e-05,0.6178974983234796,0.004850918316937765
W74ca5568fc785c740001,0.0011392867982941762,0.007905179839646587,0.007305274544936229,0.001446203371847407,0.01284598565268088,0.1421512847455068,0.002451348626243949,0.0006901920011602065,3.471733226634058e-05,6.93839908988682e-05,8.08722001407789e-05,0.8172207788436291,0.006601680927024666
W74ca5568fc785c740002,0.001718139933306096,0.009318007444077535,0.0031554482000627783,0.002612726348209671,0.012042191336157837,0.17085557140384167,0.009273134836694718,0.000627922888458688,3.9877294953833646e-05,0.00262801032451228,0.00010870712890491897,0.7829121008569963,0.004638912944800141
W74ca5568fc785c740003,0.0014106792038472622,0.33776729289452107,0.0018511231808058877,0.0010466099184485793,0.007844775901848046,0.09176370365157432,0.006382826053418615,0.00020558953733390713,0.0001893200365060649,8.237151643406348e-06,9.703783234482213e-06,0.5483092212461236,0.002463040883317529
W74ca5568fc785c740004,0.001471524674619364,5.142462663690501e-05,0.005839862205736704,0.0032610067995257424,0.015173601717678177,0.25635997705626834,0.003072623890531361,0.0007142626505152893,4.414021057734801e-05,0.002567195570842994,0.00011805173240322587,0.7024383926710943,0.0071438256317395985
W74ca5568fc785c740005,0.0014106909043758089,0.34125985238054596,0.003657642674545711,0.0017933302237735618,0.007812110097544857,0.0901718370286799,0.004927625559934369,6.086407600064638e-05,4.073852785104932e-06,8.340033348458136e-06,0.0001949611978364655,0.5470274351124593,0.0016643802715364622
W74ca5568fc785c740006,0.0016075470479353666,4.847122665167441e-05,0.015249406357881835,0.004105543484416717,0.0159723001043812,0.2488825972688702,0.0031307716062291963,0.0005219896608675839,4.096389442733607e-05,0.002769507166939213,0.0001098123069730048,0.6999867977880462,0.007501122097415534
W7557edb163ff1ca10000,0.0033067418817571735,0.0005650107336854552,0.2646457862247746,0.02589602712305144,0.07809075544647764,0.16437163956358153,0.015192936551518255,9.235415477260736e-05,9.315680529634144e-05,0.0018138973520175623,0.001844630803795726,0.43254533149963814,0.008789312565886059
W7557edb163ff1ca10001,0.0025603538984198568,0.0008580575903137081,0.12479948679720122,0.0223927485798579,0.041537864750392985,0.24168885506126406,0.011850734060000144,0.0002495207756625447,0.00022455206584350904,0.00453892844168024,0.0030470685451299243,0.5384908503371911,0.005663011138568621
W7557edb163ff1ca10002,0.0027982690301249103,0.0007892064791138223,0.13139828445941748,0.023068869025537043,0.04517472068818007,0.24479476062502414,0.00993889108230038,0.000929829821888152,0.0008078184668299425,0.005686103443882846,0.004178493527309399,0.5044326866276162,0.019156955678291676
W7557edb163ff1ca10003,0.0012515790708434952,0.0008115725554498398,0.11852484408675414,0.02518236029963321,0.04551366965258751,0.20148537551878598,0.009186373316318155,0.000894306829060195,0.0011391553227582405,0.008039231183478547,0.002647210548654476,0.572521903225254,0.009625526164042386
W7557edb163ff1ca10004,0.0031702444308272944,0.00130397036009994,0.1579680262043914,0.02880323784680337,0.06716794196918785,0.2638316321576192,0.01522739618686817,0.0007181126101117481,0.00028731069740486653,0.0016178041772357506,0.003711250880469349,0.4458078849354189,0.005116008295764616
W7557edb163ff1ca10005,0.001451891002433135,0.0008589952270686484,0.12541906009447304,0.022335993594794885,0.05294782009971406,0.18350857647790633,0.009016883466977316,0.0002612653770317214,0.00030928598374946895,0.003978238959827629,0.002363918074024446,0.5848938477431576,0.008871874278818104
W7557edb163ff1ca10006,0.002428536746347027,0.001309305255108445,0.25391491990332793,0.02632407764003546,0.08851285813317357,0.15194852470373196,0.010127243449073363,0.0002031507752359469,0.0008146659585785801,0.001481767941347117,0.0024291031673171,0.443589493464041,0.01284903419051484
W7575a97fc8a0191b0000,0.0011758622249992282,6.152310709091898e-05,0.03222420071780797,0.016258034238720843,0.00838045312490669,0.12683596199650035,0.008108285768385487,3.855365454834952e-05,8.422686702313688e-05,0.002534840702308522,0.0011960062037655206,0.7886575349553521,0.014394953200075424
W7575a97fc8a0191b0001,0.00035500246454493083,0.00029399536520611315,0.017487805878264182,0.01954714923211367,0.01371303999536117,0.14662378720785932,0.0022786507792187318,8.996040648638974e-06,1.6215193119607416e-05,0.0011187480175529833,1.665323624838659e-05,0.7882581374127344,0.009717280181974134
W7575a97fc8a0191b0002,0.0014727899385884645,0.0003095829803036014,0.01575806049146965,0.016007400348106795,0.01051358720419233,0.1446556494811822,0.001933369317983137,2.0985673811583464e-05,4.055834708345652e-05,0.0012205444775836188,0.0005853169310241452,0.7954792695070866,0.011427448013457952
W7575a97fc8a0191b0003,0.0010526216431290451,1.8097854260021773e-05,0.019353325670347477,0.015792582536197725,0.007673972663249662,0.14359927519441562,0.00117693049249236,1.0245113891847113e-05,2.2897365579006162e-05,0.00112051119530398,0.0005733710058517063,0.7980649906576482,0.010789574177851556
W7575a97fc8a0191b0004,0.001440504426973103,0.0003052813333276425,0.0073542349885207655,0.017888159582335052,0.010778058779591837,0.14507125536796409,0.007692527008599172,2.0843379479374553e-05,3.7692419049865437e-05,0.001774664045514649,0.0005833452972763304,0.7952251458849192,0.01125459663844426
W7575a97fc8a0191b0005,0.0005582957889001557,0.00030309161971906216,0.2380676545550394,0.015741490345551872,0.009209962477945274,0.14668575147929502,0.007438193278806716,2.019861634518342e-05,0.0007618922385568533,0.001773386116907502,2.5318867185230746e-05,0.5671294000084796,0.011713641925651193
W7575a97fc8a0191b0006,0.0018037969484356099,0.0008576316851047114,0.33000645532733014,0.021310775001136914,0.014206271842961703,0.14570161068268664,0.0029479250019970333,0.0005710016809444155,0.0001787239303403831,0.0012173662803839848,0.0005800453664326197,0.47039682040402764,0.00946346363606207
W757e2d1c9dfbee5c0000,0.003094801367193066,1.749570505681562e-05,0.006611832161315783,0.002012002917745318,0.0011584453844861017,0.4278088673884861,0.13220002093187921,1.2358138757818785e-05,0.000572458170468446,1.4578821468210348e-05,0.0013093751501501562,0.4165845315573402,0.00802278095569158
W757e2d1c9dfbee5c0001,0.000585072731254055,1.4255214624849014e-05,0.0036955284023017154,0.0011143154259553702,0.0014986649297327656,0.6584169748482736,0.010846746054310246,1.141501313615104e-05,0.0005687323295682151,9.081639259510754e-06,0.001304940783309026,0.3185276920368345,0.003392961635306726
W757e2d1c9dfbee5c0002,0.0010980040948361692,1.9014578800038725e-05,0.0063496855536437765,0.001548453498813472,0.002889408899755017,0.6281977477133831,0.0132981636814231,1.5449767495811307e-05,0.0005941159391006885,0.0005681395627638527,0.0011228447561373075,0.33882478329403387,0.0054579171653447904
W757e2d1c9dfbee5c0003,0.00042461244961314727,1.9803240674504296e-05,0.0032155622882018915,0.0006354806279264322,0.0020146195763852156,0.42887000708170314,0.12955702745854844,1.2218768447323134e-05,0.0005848270258544311,1.2663422206754696e-05,0.0013088957647953562,0.4269375777441388,0.005556014296639772
W757e2d1c9dfbee5c0004,0.0005893139728358845,1.9753312256158056e-05,0.003358406635319955,0.0014175519175464678,0.00235402908617112,0.6193688889377278,0.028481631573335563,1.5906774432484988e-05,0.000581982619502454,1.2632063516565632e-05,0.0013148461203093612,0.33462833233969247,0.007561068886986372
W757e2d1c9dfbee5c0005,0.0006045517685514727,1.6527911036986976e-05,0.0026151131120566115,0.0016148798811792555,0.0011695500927798735,0.5992342266814842,0.00859147856323602,1.3516316605399921e-05,0.0005715687949847329,1.0568970739675497e-05,0.0013195235527323917,0.37853082214442724,0.005138197296311889
W757e2d1c9dfbee5c0006,0.0017202181058219637,1.9055436874017593e-05,0.00733845800659465,0.0031412669268992125,0.0033762662959993545,0.6209938269765822,0.050948009546570895,1.1754121835303888e-05,0.0005716577685218886,1.2033816018429374e-05,0.000570812025290401,0.30717446050790737,0.004105736751639587
W764bbe99e72ba4c90000,0.008056118465274771,0.0012723345034542951,0.24757293442879527,0.014395953978165725,0.02145458083552106,0.006299059746310728,0.01059535889875491,0.011622058591444976,0.07421467477454767,0.014491359940636491,0.15963556027650327,0.0029407814055608826,0.05539107735363823
W764bbe99e72ba4c90001,0.007198750092704407,0.001514883407419922,0.23862494317594427,0.009064398082077213,0.023722389392552768,0.012824891731174513,0.00802675002155947,0.010294357531324813,0.08785960440823463,0.014703355808180503,0.15186855590051737,0.002887574543302079,0.04253072504533712
W764bbe99e72ba4c90002,0.02036844627317723,0.0010875109802951745,0.17380907973715135,0.00957283641745086,0.029480030754338405,0.007665186724378807,0.010089863575511856,0.00705661160813616,0.05610976781472693,0.01792403591533276,0.16287939261493656,0.002290994059926139,0.054165663245315125
W764bbe99e72ba4c90003,0.027831755812674504,0.00104110172149969,0.10916855084221071,0.008046114772666813,0.04047898336129334,0.009482555191200535,0.10330065236189125,0.007525976792471202,0.03485017680470982,0.016073031234020544,0.1397406441160456,0.0021362904574169193,0.04431003529667446
W764bbe99e72ba4c90004,0.01234699620821641,0.001124240349825175,0.1367729044811633,0.008673195614530017,0.028189238263900504,0.01077004002915539,0.08495414887893449,0.011565747922957616,0.04643093800366419,0.018345336349074946,0.16487450534092943,0.0012008024558644735,0.05036683355970791
W764bbe99e72ba4c90005,0.009831865112818174,0.0014110751676398986,0.20476223896813353,0.007518509284034289,0.01916958020382266,0.008512418777803614,0.032507507670937026,0.015366505491726544,0.0892605731246337,0.0208536293556506,0.19736011707584045,0.001881340950789296,0.05751534999770566
W764bbe99e72ba4c90006,0.012103505735926877,0.0013158039826368132,0.20894035969663005,0.009009380221229952,0.02542123956239059,0.00905051596867867,0.005641458203266001,0.013840346398007285,0.08221962645467819,0.017283235585360355,0.2022394296558363,0.002055010562118151,0.048503281402799706
W76ffa8ac18f801550000,0.0007408596611730341,4.1703295681657304e-05,0.009839567553841877,0.04187207938215443,0.006005868862934065,0.46877227534749405,0.0006031420607228201,2.500713154581969e-05,0.0006250681668057905,2.5788848589054895e-05,5.21446872734883e-05,0.40442046192487496,0.06692563100139466
W76ffa8ac18f801550001,0.0005802792499369028,1.2367025919030897e-05,0.011071573796440082,0.07549046407835651,0.003441315365011756,0.555490162310677,0.0001961967091386784,5.642887930364584e-06,0.0011120935538671372,5.276835446199919e-06,1.0986664503750386e-05,0.33319304017211965,0.01938353578617025
W76ffa8ac18f801550002,0.0005670401409421207,1.053360220009188e-05,0.02434835494837719,0.03337728404699843,0.005118315705769047,0.776800509752557,0.0001934306487927298,6.457095899778651e-06,0.00041442234695786913,5.303500978233582e-06,1.0791952085013996e-05,0.14852394768998953,0.010615489828449495
W76ffa8ac18f801550003,0.0005688592073330623,1.436901116882907e-05,0.006530407952497104,0.005149085312972068,0.003464795226507985,0.8098169404525175,0.0007949742685629145,8.714601225669895e-06,0.00023607941499731176,7.912234046224589e-06,1.5400500255794005e-05,0.1613703375589367,0.0120107008458466
W76ffa8ac18f801550004,0.00112385649274088,9.180575527952361e-06,0.012187371488516358,0.017829800154115612,0.005771783099655704,0.7835377064401021,0.00156840491473977,5.358160608193811e-06,0.0007843738182998106,4.923215252480977e-06,1.1587149160166822e-05,0.16126876664299217,0.015888369255455257
W76ffa8ac18f801550005,0.0005818720612851599,2.3774514615799955e-05,0.007896473415224167,0.003515060810491744,0.005178056119670154,0.7596083474370865,0.000992863289612013,1.4459606974653646e-05,0.003773666259676084,1.328817658024753e-05,0.00030379043471698904,0.18894779804891762,0.02912755156103568
W76ffa8ac18f801550006,0.0007133367820584117,7.811886172464277e-06,0.01158715471649806,0.014954207043954464,0.005555575193600699,0.7913141923472565,0.0005654646961066815,5.338050053954478e-06,0.0034444843233011535,4.147300194627705e-06,1.3364872539686117e-05,0.144658223426472,0.027170353697189294
W790478c62835aaae0000,0.004951730420387777,0.00011491177991645844,0.019822224896310445,0.04377651763345664,0.07772354517257812,0.015799998339667613,0.011497491972100147,0.7733683887946062,0.0011361933960627295,0.0027875992731306288,0.005842238379882388,0.010872918553555462,0.018145394959084685
W790478c62835aaae0001,0.0056270685111546636,5.9189511907846745e-05,0.022059112343242333,0.10297869077864656,0.09463917852721847,0.013891036504723486,0.016016360505576144,0.6732932413119737,0.0016875284131505598,0.002421032362801599,0.007092536038861614,0.009455830489895152,0.032699759377961546
W790478c62835aaae0002,0.005618741380466428,1.8131413904809095e-05,0.02149511096838503,0.2393244675939016,0.045314964399363465,0.013125604870531197,0.018069067538768774,0.6141395229074185,0.0022673319893342925,0.0018639933459787031,0.0066985483526451174,0.009315704206935407,0.008959927094073027
W790478c62835aaae0003,0.0052245246494534376,3.652170903682325e-05,0.0212264895084385,0.15399869354112095,0.0500394803535797,0.01290344254566584,0.015190226718473513,0.6990308906902578,0.002261573605501784,0.0018633675244202948,0.005876007405158503,0.01098325854981479,0.011383543689415323
W790478c62835aaae0004,0.005240077484573747,2.8774061949242173e-05,0.02141386560198184,0.1149241043132104,0.04846891239270838,0.011660465013552477,0.01681964214438418,0.7461091234084114,0.00225282108060845,0.0018617326748171295,0.006277787911560919,0.010011436259151317,0.006522059541806545
W790478c62835aaae0005,0.005256657136920601,3.0271406782233174e-05,0.02130742068037947,0.08830332069344907,0.043737724062126976,0.01271231061008784,0.034537169093543284,0.7637713108647846,0.0018751741431985458,0.0013050375867481112,0.005805709316420242,0.009502752048488675,0.0036654459333788575
W790478c62835aaae0006,0.004870155555560328,5.30988015000024e-05,0.027476668432263724,0.23542546854349444,0.050123389382665647,0.013483072020729838,0.014590339710427051,0.6110884163187918,0.002611288574053057,0.0018643045711553502,0.007045965786706455,0.00962362272841014,0.011419401647877123
W7a583d6765fed99a0000,0.1608620754362803,0.00486296112947403,0.022130371029284033,0.011159367341272425,0.04644680258559045,0.015515594128630468,0.006756282375149261,0.013668051532792817,0.031864445168772265,0.44605417048653084,0.02456320013233906,0.005679032906097261,0.02410809064008669
W7a583d6765fed99a0001,0.29037452616382886,0.01936626298171026,0.01915200956400004,0.009744927116776072,0.022342705340415513,0.012328074159915488,0.005565514547394256,0.012045731936736095,0.024734009600730248,0.45217756918970503,0.019026574712077936,0.005666493881643019,0.02615127960333847
W7a583d6765fed99a0002,0.14152603271067096,0.003156646808386411,0.02443880323205317,0.010532896135509884,0.05683631045695087,0.014506888895186159,0.007086843049966961,0.015543111806993207,0.05644755597904602,0.4251842689738845,0.026233395641658885,0.005010220144457785,0.024356094976059103
W7a583d6765fed99a0003,0.13779696808036498,0.003019655252294532,0.023506550311637644,0.011605718075383206,0.08939986076270257,0.013802832508363257,0.007879269947256642,0.013157897493774962,0.03937507568705106,0.39025654549337646,0.024800588812438542,0.006674122330905435,0.02655609805197617
W7a583d6765fed99a0004,0.288504269851933,0.005488501481598178,0.017700186289973056,0.011289928390838953,0.032333086343966984,0.010857056995821653,0.006521125332184321,0.011698412681423563,0.03263750263731818,0.40676244275626894,0.02052070597407754,0.004174091538508109,0.024571140247314303
W7a583d6765fed99a0005,0.2934549630826814,0.00561264117375225,0.019387206241782605,0.010736749146581967,0.032105567409250246,0.012330281798878837,0.006457567782413476,0.013305768585513777,0.029811472997853205,0.4230572448029406,0.021442738266483657,0.005055151233867705,0.02625882794689485
W7a583d6765fed99a0006,0.11212783987401626,0.0020127069445859238,0.019107782052192747,0.010165311876465464,0.04936196819684697,0.011854889288277154,0.005823332045225064,0.014460821111950139,0.030899934468106464,0.5272104540184315,0.024824126479125234,0.0061308218323183105,0.023326983081282726
W7aebe5708c8c9c110000,0.006384423114814613,0.004875668523840895,0.3442709166301222,0.12903487754269674,0.03479697018396145,0.05961090894521391,0.012844793406183216,0.019252243132434725,0.014996439189308916,0.055870758251518104,0.014311439943056975,0.09203430679438981,0.02273429826663037
W7aebe5708c8c9c110001,0.005490378514084808,0.004453086620874135,0.21099391316925828,0.10387081203698786,0.03922480036503703,0.012762191528727892,0.0155913487857491,0.01865900322099123,0.016167549337770943,0.05789656963543615,0.012766019980203465,0.34834288535046976,0.020232618325416833
W7aebe5708c8c9c110002,0.006665229010727296,0.004481133352449242,0.21551743879998647,0.11968513491562005,0.03801780829965093,0.26074670950153955,0.021696340311281377,0.016945548329049674,0.015479338231833381,0.057886161203728505,0.01220494837760324,0.03421336940046843,0.022652469985325517
W7aebe5708c8c9c110003,0.005801015112339821,0.0032887991725450805,0.16797718058884156,0.08463091989958159,0.035752960285750236,0.33016340711743675,0.0919110880325882,0.01663736989702271,0.014002520726333642,0.05581469069641948,0.012063010373319985,0.023814838690452835,0.021282546170484386
W7aebe5708c8c9c110004,0.005787768016501339,0.0037031867589195646,0.16692033659698313,0.1219185710510424,0.03520133742166094,0.2999580250124278,0.08351192908548127,0.01838931487540718,0.01219029419308051,0.05789324649853494,0.012359098405079757,0.025272856811765197,0.019678260668476583
W7aebe5708c8c9c110005,0.006704816269118864,0.005602549193021627,0.1199948239766736,0.1629573796817044,0.045479641567504496,0.19935759521098406,0.017042966160186628,0.02007810047638754,0.014193954785270836,0.06069003078975354,0.014990366419626958,0.04044731645880048,0.024506576261541332
W7aebe5708c8c9c110006,0.005627677361446863,0.004207216472684294,0.09427880282162329,0.10821201143939672,0.03858612632443534,0.23696337877212076,0.12573008533064706,0.016717555568429764,0.014500221601640636,0.055368465551468946,0.013246699209252278,0.03021388926738342,0.022336034229203116
W7c0ec7abab1d4b1b0000,0.010477669229849768,0.0003782941427292,0.403353251130437,0.2672807017294176,0.15768649279862762,0.07550563838653103,0.01502435930962546,0.0022102943429656414,0.011710665930681924,0.01411203732691973,0.006646297185324898,0.015417822889613539,0.00585551154251648
W7c0ec7abab1d4b1b0001,0.01163783345416378,0.00045899197262808035,0.5203444491024068,0.13627811002003426,0.16486778220410497,0.07530190414389713,0.017580311709314535,0.0021598744021662664,0.012310828070945929,0.01710507265774569,0.006704805440939376,0.01507489144234648,0.005612687052086752
W7c0ec7abab1d4b1b0002,0.009182935467402125,0.0004166548078183499,0.5680920867340141,0.09073788853054755,0.18132409950211273,0.06969022029372733,0.013765942345650822,0.0013806851256309917,0.011174819404427482,0.014970406593481204,0.005013191109887629,0.015049025505799857,0.007402237854435664
W7c0ec7abab1d4b1b0003,0.009973316114045661,0.0005859604070083471,0.6537435965490437,0.06981783656900305,0.11161110258240477,0.07195068056067921,0.010411644253098151,0.0015180683999121986,0.010878896366428309,0.015861829957115048,0.006643470700806838,0.014767280161493262,0.008718776924928782
W7c0ec7abab1d4b1b0004,0.009930265033924215,0.0006508629662852049,0.5174636197785918,0.08816361638571356,0.1938768355016756,0.10766948118712678,0.010627026462356538,0.0015621018240587518,0.012218019706035999,0.014570393644749751,0.0073834677229345615,0.01566655175241429,0.006590025928400992
W7c0ec7abab1d4b1b0005,0.011017131384177186,0.0004792323771063479,0.5819222150156846,0.0990678024005577,0.16296090434991467,0.062106414505848806,0.011314945425903453,0.0014135789447727704,0.011798879593236906,0.015579353516962002,0.006992730157547471,0.013739086994534546,0.006596529832534637
W7c0ec7abab1d4b1b0006,0.008241586405890516,0.0005607736728941393,0.6640528275963024,0.08074219072218602,0.10433317480417513,0.056806936129867286,0.011054739407282998,0.0014657805955644915,0.012527614489635545,0.015505319160438081,0.0074704599137098175,0.01631925099586001,0.006883730640655097
W7db60bf6517a53a60000,0.018357053299587856,0.5399245564315762,0.031016517595213896,0.010187951893049049,0.026725545820199988,0.27669305815183043,0.0202560855587643,0.0019453378910041634,0.025642681471446944,0.017841190152787484,0.011902787981204376,0.004566854050745787,0.004618389765318309
W7db60bf6517a53a60001,0.0190944534968396,0.5437975825461691,0.04403800492176271,0.008096492748746055,0.01923578042760277,0.21876806574025534,0.020862929579369284,0.0035194069353104156,0.07416127553327044,0.0182868415759188,0.009018087358591163,0.004259317441054147,0.0057025200286150825
W7db60bf6517a53a60002,0.019336490671197946,0.538738743881515,0.020479131257163455,0.010167942951817915,0.08468844478770787,0.2499779637460521,0.022391079001187628,0.0025108215599405235,0.004184237948462499,0.02008862944644499,0.008692711714917875,0.0038772738318099973,0.0048681475323081825
W7db60bf6517a53a60003,0.019993786119716746,0.5393030689320754,0.018908697913386893,0.010251133876562889,0.07237392535699035,0.2548550263721168,0.03270657821368105,0.003178284045165402,0.0027469567207318427,0.018712948425385813,0.00776167594944509,0.003639272409066637,0.004336427923426876
W7db60bf6517a53a60004,0.020265122904781004,0.5484857270780429,0.022172698070474284,0.009666976823806857,0.09612290636887182,0.22397165734846416,0.021885959487181965,0.003413594800789998,0.004956103936918665,0.01943951673060667,0.009945654582834498,0.0037263667579895327,0.005052529185523931
W7db60bf6517a53a60005,0.02106545502366159,0.5595287346533802,0.017009798170718418,0.009450679595455275,0.2545042244248985,0.06941200546450452,0.020298556454134822,0.001417761410614294,0.0018495573581960233,0.017698197929781286,0.008365398660185576,0.0036149350845988614,0.0053732672115356025
W7db60bf6517a53a60006,0.019623560296823467,0.5488156768929413,0.018093077748407203,0.00991513922186722,0.2697717903176801,0.06539125099975533,0.017807629574717022,0.002350897052279156,0.0015326805907419784,0.017636881646586593,0.007106339258571002,0.0037752726046143673,0.0055098414748783915
W7e5726e04f4f70af0000,0.004835138798512576,0.001654046688692062,0.04670651673072634,0.21623586379769488,0.24502076603688241,0.39517718572178345,0.017905418829176012,0.0019608957851098108,0.002138704087553202,0.004033753224402574,0.008787153900374092,0.04102291648413665,0.007941083431675254
W7e5726e04f4f70af0001,0.003682195977832222,0.000209708625967059,0.03900683631130302,0.13233732953653168,0.292464156642896,0.33984221142254095,0.150257417380491,0.000996595821408215,0.0009934810719751585,0.002389168981301273,0.006825578317563789,0.0225546889707843,0.005122239628535836
W7e5726e04f4f70af0002,0.0029384016163807275,0.00020582990722038376,0.04991250600301079,0.12407069489421117,0.2699049012776927,0.3419069998312051,0.1585782413253758,0.0014101221596389004,0.0007281309424483127,0.0037583480600641797,0.006946074168679364,0.02946878409211471,0.005232115869447804
W7e5726e04f4f70af0003,0.003935457945803597,0.0007334404838329375,0.07609044500709225,0.13069427234182354,0.40935671929498063,0.3217601545957651,0.01572348612478744,0.0009531927530271034,0.0009852013234652667,0.002352921194495022,0.005580088959132122,0.022497628029763746,0.005507350530574114
W7e5726e04f4f70af0004,0.00390075729714037,0.0008740626072712063,0.04016378818460795,0.13107880360871413,0.4231158434427743,0.3457761594824343,0.014472160706462922,0.001026738758594114,0.0020553219811851285,0.0013934486376876616,0.006429571995651506,0.019126267195566427,0.005402321319469488
W7e5726e04f4f70af0005,0.0036556053070759976,0.0009103234017465582,0.040644051295695115,0.13279226790682055,0.4054161084921652,0.3567329518613458,0.0156286566722068,0.0014817671145006398,0.001796754857733262,0.0006767333749083578,0.0068615080260748485,0.021153782979501105,0.005565646765725481
W7e5726e04f4f70af0006,0.003079313837003172,0.0008891238373190621,0.0453747704522027,0.1297571585829536,0.41151164106061344,0.3384050934165489,0.014511466212661004,0.001465373846415409,0.0009573667707925834,0.002142901463491655,0.005702723465353153,0.03615553842245063,0.004981286831971769
W7e86cb0d38c2eb570000,0.5737398101624095,0.002543822870810715,0.024276637798953275,0.030228223372298236,0.18526262682106423,0.014199915412465769,0.005252457957614075,0.0039857591902036586,0.014897117230845991,0.011071871296841418,0.011742110310276105,0.013735722960075334,0.08318004446585525
W7e86cb0d38c2eb570001,0.6615518616002793,0.0023930635757611184,0.02556908376029984,0.022551070084085505,0.16631255744410028,0.015567200928192715,0.004687727007341654,0.005156811210237388,0.016307713608270297,0.008813282957703205,0.010917213648852238,0.017246860493897606,0.018082777923940304
W7e86cb0d38c2eb570002,0.6715777196781315,0.0018490978112203963,0.022201875265764805,0.018179936184369215,0.1550358686397982,0.011318494917704812,0.005431314530268651,0.003704812026067771,0.01616205154124831,0.01086715017089795,0.012594047870454324,0.01345617609162693,0.024886846122185058
W7e86cb0d38c2eb570003,0.7107503673440984,0.0016324642238100975,0.021724625591994205,0.017792689288827337,0.13157400885908038,0.011265266893409856,0.0054619221910975945,0.003778656734155157,0.01327570848645411,0.01116316424944112,0.011126753219368022,0.013914555437619585,0.0167573247333542
W7e86cb0d38c2eb570004,0.716588829845213,0.0017569427848387917,0.024433263116169272,0.018898176739703815,0.12326855321267179,0.009868599297467095,0.003969614457804587,0.004078087413223133,0.01371162576096057,0.011003306553662991,0.011595292701351833,0.013862104896823742,0.0171091397391364
W7e86cb0d38c2eb570005,0.6831318184220633,0.0019449616150618288,0.024836973495942268,0.02146954734843354,0.13826746123637776,0.009894812724642483,0.0038352225548390633,0.0034254731714762105,0.014774915021717785,0.013247258222645289,0.01200369742120721,0.014834624807060418,0.025200913020179957
W7e86cb0d38c2eb570006,0.702177698639508,0.0021933174810890993,0.022548935667823483,0.017850160890558422,0.12411225405369926,0.011344848624252932,0.004278613884773234,0.003174925472088913,0.015538670566678608,0.013838324398802119,0.011110742781887832,0.015126898372598787,0.02329289303312124
W7f4d678f74ce885e0000,0.03558876528419561,0.014413787040001983,0.1014149900868291,0.02374709606312611,0.08131919201785985,0.01635374850854247,0.005423307466055317,0.009074676824563662,0.02476571546310848,0.36618795075188676,0.04257780424308585,0.0028695779732106994,0.04592245600907718
W7f4d678f74ce885e0001,0.04302119629367438,0.0016471732364461253,0.11096658056378003,0.0238828582031251,0.10400406805857988,0.014642995418690085,0.005664721895290171,0.010234623063831898,0.0258898845420841,0.3623905056074067,0.04478928877179595,0.002647597793068753,0.034225904444496386
W7f4d678f74ce885e0002,0.04641867243731983,0.002012660066745201,0.08865449628077954,0.026063590361758097,0.20114592185702318,0.017459468056493038,0.007277200079720431,0.009500332795296294,0.025822826957100534,0.23776140324117007,0.0469712709531081,0.004096614425559758,0.031250149868764426
W7f4d678f74ce885e0003,0.04324728410028185,0.002075789048660844,0.08983601922585384,0.024312567797207606,0.19996844482931111,0.017438240542335656,0.0068689003579295175,0.011223622826223183,0.024781559003963553,0.23832416414053564,0.049694710266274415,0.0035862548684991885,0.03333101511926997
W7f4d678f74ce885e0004,0.04612460454265585,0.002575654038116025,0.09014527586092352,0.02571239841487117,0.14727232906089527,0.01635226821433455,0.005888162680196111,0.011367972571826942,0.026198043691952395,0.2922527705995683,0.049128704322227386,0.003492087157452302,0.032201254502032206
W7f4d678f74ce885e0005,0.04714902543789743,0.0025610867746243813,0.08915549026320894,0.02355368939752174,0.15765255925120172,0.017118442699425494,0.0064346701020838145,0.010605928171811827,0.02503270136076106,0.28366879041436044,0.04937387714984922,0.003531411616074573,0.032563205626363716
W7f4d678f74ce885e0006,0.03842991436278729,0.001476409368791137,0.09925377307302198,0.02240350304767662,0.14990952208713124,0.01668946317231657,0.005203153470349261,0.010483691975701558,0.025201304915998087,0.28617268016201797,0.087734261621771,0.0025958383985071015,0.03160058586395382
W7f6c80e36d4f87700000,0.8895685047087759,0.0010228222943951088,0.00752755020612467,0.02010888044336899,0.019452846574217815,0.016250958314734974,0.019741164116229955,0.000836721507607509,1.0407873464394685e-05,0.006170261316892297,0.001114347266433517,0.009956119423276264,0.0063814886757091365
W7f6c80e36d4f87700001,0.8954682593884332,0.0008376232983646918,0.005304099279537692,0.020040245325571936,0.018620896235446122,0.01432620486437816,0.019455933789191523,0.0005590251842328831,8.430877483748288e-06,0.006448045471449726,0.0011143941137430908,0.01032615651509665,0.006190882174734031
W7f6c80e36d4f87700002,0.8981675143147846,4.222153317546494e-06,0.006600339918679419,0.020677846933454855,0.018457671097106537,0.009570793271178109,0.01719635754604281,0.0005621746401521028,0.00014889166739957116,0.0074202149337645575,0.001947727495855606,0.0098103122257804,0.008136132247665387
W7f6c80e36d4f87700003,0.8959653855386484,4.1369060649376436e-06,0.005489165338886109,0.020543823326444034,0.01750717597311406,0.010783021136536348,0.01834698823661378,0.0005594019776306921,0.00014764661601231042,0.00797569511241528,0.0016703083714458074,0.009533212307329085,0.008507665118765734
W7f6c80e36d4f87700004,0.8948470622987613,0.0004668789699053271,0.007803546706774209,0.019824061948880763,0.021305162258912647,0.011141064441228582,0.013704108744691768,0.0005586187535221387,0.0001469643095634317,0.007142181083710123,0.002225275480092785,0.011491326597935995,0.008229122289596038
W7f6c80e36d4f87700005,0.8975057287815676,0.00046620343047841875,0.005486585623565089,0.017610674421821595,0.020280073607158392,0.010845024952965073,0.019778296721940487,0.0005578460505088034,0.00014573981337641452,0.008345316193921079,0.0011136208197640154,0.008987988345024185,0.007299891238720146
W7f6c80e36d4f87700006,0.8697457402218117,0.00018897031145633612,0.0089136592343705,0.03810422723324936,0.021299272475619378,0.018487399461171714,0.011469458381030903,0.0005578837110276353,0.00014665958971419376,0.006169843246484269,0.0008399991984294066,0.014739394783898758,0.007389436100521015
W803bfaffc17fce280000,0.0002808036866723392,2.5856705183350147e-06,0.0029222188069878423,0.011273697147180602,0.0038654313283193755,0.030628835160793625,0.0022272802486020342,1.6025205905238916e-06,4.023595812348612e-06,1.3238104606761358e-06,2.998567935990774e-06,0.9299287066206178,0.01885631145914243
W803bfaffc17fce280001,1.4657183818490857e-05,0.00010008027759744867,0.003738107016002613,0.0226578529230779,0.008513663997719849,0.030351541871123027,0.004176912374117117,4.377246765553469e-06,1.066808574265641e-05,3.785992862603263e-06,8.712412842583664e-06,0.8959649237014364,0.034444682909869434
W803bfaffc17fce280002,0.0005636902263513954,0.0002885875471901246,0.0209492959346979,0.03751166345310427,0.011559840798516246,0.0385894647716633,0.002233287018680623,5.543149256010986e-06,9.641729969967393e-06,3.455433444490633e-06,7.936043344857795e-06,0.8612541315175196,0.02673711960645715
W803bfaffc17fce280003,0.005013267575518544,0.0002875592702667963,0.004047016461340912,0.028693173719957298,0.007927986065742179,0.03817077181788333,0.00279042931521751,5.805032032897139e-06,1.3638278348570717e-05,4.716670873293786e-06,0.000566433468119855,0.8935601600909392,0.018628942633715784
W803bfaffc17fce280004,0.0005610277497321332,0.0002824386117802111,0.006706164299122945,0.03307755674003763,0.009109852979792723,0.03213768165779712,0.003339856015010828,2.8237476666503185e-06,7.250063009731151e-06,2.4123415707652883e-06,5.495025410539413e-06,0.9003850666700544,0.014098525671113936
W803bfaffc17fce280005,0.0008378335744422025,3.1788180981096325e-06,0.003833403768659068,0.014230834259887588,0.004857357654690679,0.028554385101218317,0.003621657547711221,2.0538365929613e-06,5.100472188382723e-06,1.68944508640778e-06,3.797783367711622e-06,0.9289228509491148,0.015121667177004241
W803bfaffc17fce280006,0.0008360306181626259,3.3504820719994834e-06,0.004315410149925331,0.016280025229239405,0.006015415990674219,0.030833415164549762,0.0025130505708370657,2.012859673211962e-06,4.94125275907774e-06,1.7457965585763802e-06,4.0206792353990225e-06,0.9259907968296637,0.013195091989639881
W832bb66842a232d80000,0.008199588748567653,0.0008505540212417761,0.0437627579433196,0.20165799106776222,0.1592495189975236,0.5017264208162793,0.012880176244435614,0.004235689585832569,0.005443803177462501,0.003306452812009965,0.009315467215812742,0.030178445601604376,0.008146169022155396
W832bb66842a232d80001,0.005050720008990328,0.00048922867645905,0.03576555169838798,0.10643258945840407,0.09140341757835498,0.680676804580316,0.01884292910801326,0.00272484567472403,0.005108643266161609,0.003981392445919749,0.008431053343181762,0.026133577921177965,0.005036392018683536
W832bb66842a232d80002,0.005940497416923537,0.00011949605213004955,0.036175581842668135,0.14955662685803536,0.08630360422613556,0.6549275109427286,0.012510489727787389,0.00323012235512725,0.004739551789420555,0.0032416694617160365,0.006447221681477638,0.02769354275476649,0.0036691571198316135
W832bb66842a232d80003,0.007075411317081453,0.00010991455888708938,0.04132188686320491,0.10672992037606259,0.08974347812212019,0.6863470936923866,0.01300752620759288,0.0035055820106335753,0.0047295594906475915,0.0043675901151476616,0.006670775962287616,0.024524707952861668,0.003658054003453281
W832bb66842a232d80004,0.003726981006229623,0.000355362670770467,0.032376769576323836,0.12486662567793827,0.08999020964129162,0.6869277017163703,0.011632233438284277,0.002548525466610821,0.0035885540181113417,0.0024849456055125074,0.004269355361500595,0.029574508804907595,0.0022068971879365532
W832bb66842a232d80005,0.0033128826071370824,7.26391723452029e-05,0.03206749519240048,0.1264018259181251,0.08690949266973363,0.6889058816857929,0.010512925600562816,0.00254543206277247,0.003859268853451033,0.00230660044367513,0.005356279526540883,0.02979051994222095,0.0025151682070287014
W832bb66842a232d80006,0.00682611407479159,8.191807445055489e-05,0.03547335144819296,0.12212995456339894,0.0784117992531163,0.6548549721156265,0.05246902796921446,0.002556580153024912,0.003259756012289268,0.003597237537892952,0.005405129293006957,0.026260172551835447,0.004330920945098065
W846e69bda91827c60000,0.003925247203998443,0.0016256202737910475,0.369650019154546,0.07303429339185616,0.29986099721814974,0.16031779692435455,0.019594540311584113,0.00149886618132082,0.0021472913124894865,0.005331222386292869,0.013720727939753895,0.033984901688853854,0.006352517196162672
W846e69bda91827c60001,0.003469351649814618,0.0014261867075317065,0.2602743189354073,0.08153658486392341,0.36009091366321,0.19257125353716156,0.019143982312197338,0.001844955694954631,0.0020712073234727467,0.0037163151609362443,0.013296042194378048,0.045165682881359415,0.00665999868700837
W846e69bda91827c60002,0.004682656223925623,0.0015488118080236439,0.3795233507401768,0.08595206389631563,0.22502934621611684,0.19481851327299374,0.015912993371012634,0.0017915128406425737,0.0015846142804122577,0.004919880668809475,0.012426325939765647,0.05566485629023971,0.007261496000349156
W846e69bda91827c60003,0.010149809067716762,0.0010597774901483503,0.31706176623932425,0.07961048312992898,0.24740563776794752,0.22133876028618907,0.015741005203039688,0.0027807645400661322,0.006739963434684305,0.0103215566651791,0.01599406009251381,0.04510374163752382,0.012351632006619836
W846e69bda91827c60004,0.004322532374771589,0.0014644575954612658,0.32640768001609866,0.07690918078363004,0.27085673477239586,0.22836850686249208,0.01808709489148779,0.0011777232913352282,0.002227709025420579,0.004124362179737274,0.013712555905869674,0.03630682875440665,0.006812014993958746
W846e69bda91827c60005,0.004159633425500723,0.0016208740782590384,0.20948516194716643,0.06911791636092804,0.2743604880571281,0.3504124172778024,0.018923133563447117,0.0012703996324895882,0.0021576468189218037,0.00326285541230039,0.01237765057877689,0.03684034505880028,0.007197821550525269
W846e69bda91827c60006,0.0035959441276339926,0.0016118709565190888,0.24858726077714705,0.06774125747940841,0.26253016330976586,0.30840671771271333,0.0201893437676619,0.0018477928103364642,0.002056072696299637,0.003996307925013355,0.012529721987042304,0.05200627300815836,0.006221124063171853
W85284b0ed100de9d0000,0.7456486771771492,0.0005677570710741624,0.045405031309305864,0.0013188651969991475,0.014636017035593541,0.004531542866687113,0.004174452038503122,0.0037168532297623697,0.12804292561601768,0.014983609653618592,0.0023283067906156893,0.005313887477017721,0.019919200110113052
W85284b0ed100de9d0001,0.872534896722414,0.0005629046747794346,0.0040371976184826385,0.002633662104881693,0.028704550754714907,0.004914437769345051,0.0033363825329862295,0.0042617051118878455,0.0016427856634836306,0.012429960730312812,0.0035264504498175183,0.033235526204138985,0.020540220448509346
W85284b0ed100de9d0002,0.8919748681282746,0.0008399746124123808,0.0037569314958453997,0.003464429272929216,0.014305688688789528,0.0054629104962704384,0.004058915144877144,0.003705624937033264,0.00157732580998035,0.010663745250274085,0.0035265846039481386,0.02802218954686412,0.021008090989123648
W85284b0ed100de9d0003,0.8435162552635467,0.0005624206230871996,0.0038474313483237307,0.0071677226699777144,0.019477015598923054,0.00694216118541628,0.0041741040288576,0.004263797527300384,0.0016977253084467674,0.013137104072738584,0.0025891508246609464,0.06321264467453215,0.02150510328306547
W85284b0ed100de9d0004,0.8492892465576443,0.0005608384428515879,0.0035907326056278557,0.003526486479997198,0.010759774632433895,0.0046696504112652484,0.00334049920588193,0.004818192745379513,0.001676982673093224,0.011248962912037622,0.002699268993864895,0.07510113811714376,0.02120246297299513
W85284b0ed100de9d0005,0.8829344730751448,0.0005591615289529281,0.004967957882916496,0.002287346249718521,0.008287770469384824,0.004867912701593607,0.004170950922710358,0.004816600262330325,0.001294744439788057,0.01410345891133466,0.0024160056424364583,0.04199938823782793,0.02018219406247357
W85284b0ed100de9d0006,0.8623404674910068,0.0005605446178588218,0.0032103009680361587,0.002803552163481545,0.01109131454144537,0.007640239431558539,0.004169994106811311,0.004261046671088022,0.001967951490486459,0.01336631201106645,0.0029712084177561226,0.05794203938687504,0.02073910184016167
W8660945c824e57580000,0.0057896126935401354,4.2482927135323874e-05,0.8314212653627383,0.03599318498560217,0.019529161409788585,0.01747884715004496,0.025378953550165825,0.0002895998978794542,0.01933141477273647,0.0033658495628225895,0.003219920540108133,0.008313642327188281,0.006349603620549763
W8660945c824e57580001,0.006207064912845566,1.7562590690965663e-05,0.8433791304435428,0.0361771353486583,0.01793325566481032,0.011135048997488555,0.025180405797194265,0.0008406081123628091,0.016265201918556994,0.004001877755309793,0.0037537991461593936,0.005939852570038763,0.0060306593018809055
W8660945c824e57580002,0.004155891454759209,0.000574579260615193,0.8538785064468717,0.037669461978865296,0.019102621846138118,0.009257712379718995,0.019156528322758354,0.0003840626825350957,0.016425939625908867,0.003450105566699084,0.0031805457022865886,0.005598898880740175,0.006307303033887253
W8660945c824e57580003,0.004252379205589637,1.8790133188541167e-05,0.8443520460845583,0.03423772575399978,0.021556008298946553,0.011294306844221306,0.02429749599196396,0.0012210264710022065,0.014159756934734662,0.004282088224059704,0.004662291580599743,0.008685263794597439,0.00595206587749908
W8660945c824e57580004,0.0048205157819965795,2.3912162003907218e-05,0.8396761693247243,0.03646623388924488,0.018942833159900713,0.013181213020709822,0.02999720991146053,0.0011291220139742052,0.014320327182745942,0.0028905552364907237,0.004010385308256054,0.009066636617802219,0.005397662477170879
W8660945c824e57580005,0.004367333417393192,2.0731323887962117e-05,0.8269431849052701,0.032753228176983604,0.021910624320348692,0.013230972009253767,0.040000898165252326,0.0014005938050697933,0.015356433837552872,0.0028905948975367236,0.005050697490223633,0.007782057840046896,0.006720536306771396
W8660945c824e57580006,0.004881139605720916,2.5739529739192073e-05,0.8324503367295072,0.037915199755141946,0.02237752746880442,0.010940389598201934,0.03277377032853048,0.0014213020072702633,0.014134326574532565,0.0034446278595968165,0.004508298303079729,0.005782893113547757,0.006055969755289819
W86ffa78453432ead0000,0.0013984428231965437,8.552880055237105e-06,0.003848892662997731,0.001637540656302483,0.006828797762765388,0.1510281052276525,0.0005631255376026137,6.703650573929635e-06,7.340529379158587e-06,0.00019823260891994654,0.0011287038428638156,0.8306447422477634,0.001948547771782606
W86ffa78453432ead0001,0.000860857311431117,2.3848790650606092e-05,0.0026834036244269776,0.0021150489741732018,0.00735480404609308,0.20854141444265809,0.001788606593959548,2.4394612324844238e-05,1.8914159798598445e-05,4.0824433316261223e-05,0.0014933353696311108,0.7705283866541253,0.003925025287833061
W86ffa78453432ead0002,0.0008634024752773635,2.5931685914918488e-05,0.00320366829812442,0.003981927046020413,0.006541788374860127,0.2414527906986858,0.0015160053213777182,2.6525186122052995e-05,2.0892812131733122e-05,0.00022782946543201265,0.0011272350191535961,0.7363337194484842,0.0040732454660403076
W86ffa78453432ead0003,0.0008500496635501657,1.4367109846896571e-05,0.005623050540962714,0.003356952992763663,0.005866840798519897,0.5061790020273668,0.0020511787325501185,1.4416219852228481e-05,1.2213413911869631e-05,0.0005794401270980755,0.0009180174360361999,0.47093262891296406,0.0035725821647920684
W86ffa78453432ead0004,0.0013992119978268778,1.3255462769441344e-05,0.0034104506662388325,0.0025976077596607393,0.008755519808326406,0.33297722012222947,0.0017722246823464436,1.4337298832250049e-05,1.0640243940853718e-05,0.0005777334088879871,0.0011010388206201924,0.6444172760150271,0.002371095077909216
W86ffa78453432ead0005,0.0014018965889640213,1.1353926072608951e-05,0.003351263922993534,0.002580828289931554,0.0062995358516077455,0.367804688963379,0.0017703713350714634,1.2288975173318025e-05,8.907310094703958e-06,0.0005744327415482037,0.0010971704390740434,0.612478782393629,0.002031095865269491
W86ffa78453432ead0006,0.0008485526364073863,0.00015196778727450384,0.003633083590166094,0.0027408194991574036,0.00600275331634187,0.2865465981969137,0.0014004477643087263,0.000569712173721374,1.042453319202879e-05,0.0005774381608698873,0.0009163616906958686,0.6944927108219704,0.002082591488840139
W87d770d630701d350000,0.013260758041781355,0.4093404180649901,0.025735033032286685,0.03426672124865009,0.4003583730599461,0.025966974644675855,0.023471187839786738,0.005358548200502948,0.001392633775010492,0.0069547164158103416,0.007574257920969877,0.03630985101413797,0.006359681371119656
W87d770d630701d350001,0.020077018675259416,0.0016305147528284838,0.04197775011436028,0.06792053036466837,0.7074424597903072,0.028183294900718744,0.03502748979573638,0.009686032113890875,0.004346047089051398,0.013550597645724709,0.007704719842781746,0.03992618389929109,0.010515004212582725
W87d770d630701d350002,0.012224055155982086,0.41843781152923176,0.026455447839139105,0.035970685329990426,0.3620641623417611,0.02295852057110903,0.04778894926199358,0.020121350294285644,0.0022254507584253997,0.005024980281066157,0.002427273621231197,0.03157816633920532,0.006538597498280855
W87d770d630701d350003,0.008959124388560707,0.025689832392107946,0.04962013332972499,0.06040718403747751,0.7042018203403796,0.03421005372639362,0.029420166001644855,0.004887155077910407,0.0024240938364489487,0.00913433240805845,0.007853188362255483,0.044923443802945315,0.00853380720864444
W87d770d630701d350004,0.011247994975453266,0.40690658059068824,0.03447007746057235,0.031712535508097044,0.38566439316168494,0.021426565439790712,0.03922384369076648,0.008342073282368244,0.0027813693026320203,0.007855362583601658,0.0050376731485414425,0.03216250516878714,0.007426777672179776
W87d770d630701d350005,0.023388129046175998,0.028828701282661465,0.03487386461543701,0.05386700876291221,0.7051807536665783,0.026494393511408035,0.03237281260672312,0.007439905317066719,0.0024048751566784978,0.012957570908119833,0.007844464902401455,0.03916077242269484,0.012142949798827296
W87d770d630701d350006,0.021071170609743145,0.027591050768019026,0.03453677467338013,0.05174527767768139,0.70468570276398,0.028244782340334246,0.033393714953365274,0.007924955383970924,0.0029733865369182045,0.014247819224387009,0.008469038972534971,0.04263661064807595,0.010280566745282651
W88df56cdedc1c9f90000,0.0032229211730876255,0.0005938808416362099,0.060145221457191235,0.013345968231170872,0.011551607838697834,0.004651865363565465,0.009346751177212695,0.005247223379241426,0.07342879574108097,0.0312549159523002,0.08343781520830078,0.0007118085278904179,0.32433845463105637
W88df56cdedc1c9f90001,0.004867351971555716,0.0008396709499134667,0.09073309801541994,0.018200250064495566,0.021699460388825045,0.00569877209513311,0.010508630073916975,0.02597365251618072,0.13067305444252184,0.03746653473578742,0.1065007732699106,0.0004637231888687846,0.19426918954897424
W88df56cdedc1c9f90002,0.003995886650008824,0.0010815059803412157,0.08127593370844265,0.015297194051872751,0.01688539207832566,0.006074009428673994,0.009066563949723227,0.008830955571584502,0.09252160857390507,0.02750753082765745,0.09958832882480124,0.0004344220434001141,0.28655718770920136
W88df56cdedc1c9f90003,0.004670241105981555,0.0007246667539614897,0.06842727823617743,0.01726595875934965,0.022847613863301072,0.006303778840156294,0.010941222185365047,0.003969235348750546,0.07553527963395662,0.02781154690667379,0.0833470709727564,0.0004124893384187419,0.3132778976754994
W88df56cdedc1c9f90004,0.004597838793976938,0.0007038765401358744,0.07257209555103922,0.015135231448439023,0.015814020186856268,0.005841688662098313,0.010843008740733101,0.003427290045233265,0.07794574278251942,0.02505759684792777,0.07018862920985172,0.00039730834200662265,0.35972321191883166
W88df56cdedc1c9f90005,0.003964823708301707,0.0007644641294934136,0.07591788333627736,0.01594138253848497,0.01711407857898982,0.005579898772882924,0.011764519968450904,0.005569757132071883,0.07064782605255303,0.03413238306167434,0.07022525425160124,0.000429168615283406,0.3216749608215821
W88df56cdedc1c9f90006,0.004613919612763287,0.0006742080121554415,0.057535760266137416,0.017068955551396068,0.02190485349133466,0.006911476440453641,0.019343464775940632,0.0037255126398738282,0.09655078183146104,0.0313306162295712,0.0750529838037554,0.00039195402151433336,0.310213107640193
W89dba8cf45fe1eac0000,0.01037438662171858,0.5680981141368904,0.005237660248544871,0.004845586365464044,0.005934268612599645,0.01215512950639624,0.36203833469844593,0.00027886155648224834,1.0975702169125489e-06,0.004447678411216771,0.00241065866808533,0.01963069633712868,0.0010209341842060788
W89dba8cf45fe1eac0001,0.010374489427498045,0.5683016611798938,0.004959902496226409,0.004845726228862546,0.006489685595957282,0.01352879833769967,0.36296439208237813,0.00027902093214816345,1.0686633011959742e-06,0.004308806692126522,0.0021330669089156245,0.017686254529372215,0.0015764800812496501
W89dba8cf45fe1eac0002,0.01009681110891144,0.572088846982366,0.005238665758237701,0.005123520024011854,0.004915869119622579,0.012700057207971963,0.36268664850328614,0.000556799026991485,1.1022171829578173e-06,0.004447543207568869,0.002133027033520787,0.015464035071729375,0.001020583671493719
W89dba8cf45fe1eac0003,0.010652421300331366,0.5735509386680886,0.005239070872424459,0.004845776220520124,0.006212196909378053,0.012425057847822692,0.35798368093719934,0.0002791439319710016,0.0005566807408084749,0.004447784353666348,0.0015775153212747397,0.018241814433433094,0.001576207901846984
W89dba8cf45fe1eac0004,0.010652315423236804,0.5744531918237509,0.00496095503807968,0.004848129371835451,0.006582495033426444,0.013540673303430109,0.35781521204707106,0.00027896876908530764,1.132402355356084e-06,0.0041700036247766465,0.0015774197740030466,0.01713063286146095,0.0015770438341519057
W89dba8cf45fe1eac0005,0.010096768063959545,0.5742921623954662,0.005237742771769297,0.005030938315759866,0.006488449252809708,0.013526674016664452,0.3560014136934904,0.00041776482263829754,1.0140031223866517e-06,0.004586672294650888,0.0017627628355025048,0.017130648507312034,0.0017612973559411526
W89dba8cf45fe1eac0006,0.010096758978282374,0.574197223283093,0.004405397934902274,0.004845619442036423,0.006211956498896075,0.011503640968320017,0.3594131439967432,0.00041776450753391875,1.115499824612137e-06,0.0044477841991256714,0.0015774809613668592,0.018334346861828322,0.0010208496033027772
W89f090125bfffe9d0000,0.005085243976372795,0.0018140406173171241,0.03969245033137809,0.21925458379397167,0.04798197089253094,0.022083709434485975,0.010410768444453636,0.41110858221421204,0.01284582251094624,0.03677572584049353,0.10560472720800168,0.005566413489290845,0.03118124517083947
W89f090125bfffe9d0001,0.004988958710426802,0.0014625994526611152,0.040995076969016636,0.24297389123772592,0.04087986662567189,0.01682612254596623,0.010585508915515065,0.41827691935698746,0.00995397235814178,0.03433104712716169,0.09403889479637725,0.006431094234462686,0.032704814326272334
W89f090125bfffe9d0002,0.005296658298188086,0.0014584374678473688,0.03694815959166883,0.24445992735747582,0.043698793209772754,0.018818994916196062,0.009185841954883632,0.4219853655512483,0.009400999119605395,0.03502545643440097,0.08990563379673851,0.005678762492986832,0.029072008369913062
W89f090125bfffe9d0003,0.005505209556801902,0.0015209426510148776,0.0401494746488603,0.23642893619734698,0.041262996382968375,0.015736659534898043,0.008701428680361166,0.4211714778465593,0.010005800152268395,0.03590126411109691,0.09482883743316206,0.005267679775135576,0.029849129905725198
W89f090125bfffe9d0004,0.006265046229101821,0.0017842860780303818,0.033934251592426114,0.2540246863710726,0.0451311207685569,0.018230747295509706,0.008122050432009514,0.41601179210550354,0.009984663651966664,0.036322623878045544,0.0849560291034354,0.005290528006737099,0.02976466504739647
W89f090125bfffe9d0005,0.006029164173698864,0.001556009360330646,0.029151576488679935,0.2513753179001456,0.04398252486445484,0.018121220709812865,0.009294422254960463,0.28978447015897946,0.01142199540630709,0.03491206297511311,0.08216488259834859,0.004213849821466681,0.030744023199316867
W89f090125bfffe9d0006,0.005864135481932798,0.001356793682434046,0.029773334329624906,0.22721390738083438,0.0432099698849196,0.015852643682626767,0.010082461451916372,0.3334652156841779,0.01162920000358822,0.03323762554978508,0.10091819447221477,0.005445198558376608,0.03393549232463944
W8fdaa6f350b04e640000,0.0019457455756008637,6.549346405756736e-05,0.0009142914553507311,0.00044583497243459475,0.0015469870834584978,0.11336848653510725,7.52767816358614e-05,4.4042659065786405e-05,0.00022292439545907797,4.362223591263237e-05,0.00014693704168025797,0.5873687140042945,0.2937111786143588
W8fdaa6f350b04e640001,0.0016306952929794941,0.0001960939478129623,0.001582765337604626,0.00848945228531187,0.041423169398248416,0.2740988528787899,0.000352860525113374,3.760482299324181e-05,0.00016512746577188405,3.842819707797453e-05,0.00011141568636141127,0.5959039802133315,0.0758760564697101
W8fdaa6f350b04e640002,0.0010261457703278824,5.9463995149169005e-05,0.0022426896984503197,0.0010897838742867855,0.004389180827762156,0.14915088639557025,0.00034947444970882395,4.796608395126997e-05,0.0001858087034350916,3.7545077676658624e-05,0.00010961331625187325,0.5955429395006772,0.2456712405662678
W8fdaa6f350b04e640003,0.0007506238440856547,6.205515288694079e-05,0.002265558076259715,0.0018360576228373126,0.009995239514500653,0.14236726949855427,0.0003519798417621694,4.8189595639833154e-05,0.00015020956096766248,3.895538068062686e-05,0.00011490277335980399,0.5905190572349568,0.25084336217237335
W8fdaa6f350b04e640004,0.0014246880465855949,6.76135878555078e-05,0.0010257464420740088,0.009633332090406363,0.00636823160507164,0.23829197677856218,0.0003425219964465471,4.7505522549869986e-05,5.9913252067024616e-05,4.283791327816195e-05,0.0001259876025026316,0.5933845095976151,0.14852446564967625
W8fdaa6f350b04e640005,0.0013098559122204938,6.585742616627896e-05,0.00143037703013013,0.00102820674972179,0.0011160234137416313,0.0694580304391113,0.0003533624494975218,4.6308488424573286e-05,7.672117358336746e-05,4.175570188454358e-05,0.00012140711434394889,0.5915076142640032,0.33278177862645203
W8fdaa6f350b04e640006,0.0036744033089726852,6.956129103186875e-05,0.0031621764689441258,0.0023552721526015675,0.012953161308854702,0.05493119983434017,0.0007209099111679824,5.483724162894503e-05,0.0008016767153781371,0.00023400188129723992,0.00031604993430823256,0.586557605719887,0.3333143971712745
W9167103c2a2f5c940000,0.008052722829803457,0.0042884296533670764,0.1014355298676944,0.01979872196754044,0.05185397763788668,0.18601126437517768,0.017597232281067802,0.012753453436587396,0.06695890490675947,0.024718972442271548,0.23057910623126676,0.0038031688908760877,0.1318805277123419
W9167103c2a2f5c940001,0.004551728600310151,0.0016546505924863804,0.12261106658171188,0.016781506889246976,0.03164030946048967,0.15679459114201638,0.013998859262696837,0.010472915419757818,0.10437306259676012,0.01845517121407299,0.34468838219175535,0.002266597475121036,0.06491660462144036
W9167103c2a2f5c940002,0.006387581985308965,0.0013422803510901493,0.1344854606628688,0.017347752087820047,0.032009753132387304,0.1363371152504728,0.014077210777653832,0.009909779305285523,0.10020300237370378,0.01944007580018679,0.3494299468192119,0.0013658293938891622,0.07235375901422998
W9167103c2a2f5c940003,0.0025900991317987037,0.0011537493905954595,0.07488895144074616,0.016953072791628634,0.03900542112329614,0.2149502663403664,0.011028262342231216,0.010185861311939878,0.04813470599946221,0.019618773640227842,0.34562494456381826,0.0009909506410700534,0.0929548935334728
W9167103c2a2f5c940004,0.0028901821268515152,0.0004597869018275569,0.047186440504903206,0.016211372570771255,0.028412664496599342,0.2745148936839138,0.014507164606458931,0.006825239325717771,0.040339346090274286,0.019573968981072866,0.3528103947524332,0.0012618686087501989,0.06887409152190975
W9167103c2a2f5c940005,0.005259978161319244,0.001459074662321702,0.036587035676789705,0.014521909195823053,0.0349654667738998,0.25641038902757585,0.049236305784083056,0.012041867298867963,0.03358367662144656,0.018009403563707022,0.366643443859304,0.0014865922686235385,0.05297794261167815
W9167103c2a2f5c940006,0.006134731500728719,0.0012609101567334507,0.03559012711436347,0.019390833641100714,0.027721719575466947,0.17473608839056576,0.01652456248914527,0.009805649916663712,0.02966425471107144,0.01945567634201266,0.4710168888892478,0.0008731812103378568,0.07498945244116585
W91728f6dcf9532870000,0.005500901463061249,0.0009916541636257152,0.041061058931846695,0.011734450052828698,0.015439311442144289,0.0028878968192682024,0.01285627582600128,0.006076275458252821,0.3288524174966357,0.02052001229103239,0.08616442735973233,0.00024772114397642205,0.3342194276839776
W91728f6dcf9532870001,0.005944715767475428,0.0006621445236097985,0.034162218561679704,0.01149048917128421,0.011076080646194976,0.0027948950646210276,0.01664742728674135,0.004263175635685189,0.5138909875955224,0.012246309611494205,0.09261005569726072,9.798810115815218e-05,0.20465586374255082
W91728f6dcf9532870002,0.0051596686770757185,0.0006580882353380489,0.03226386843422204,0.012367794402703101,0.017378051669009336,0.0026214881473827756,0.0201468663092524,0.00391987439433851,0.5231864943203456,0.012145146259703705,0.08607133383101134,9.1741461292678e-05,0.19310979361394798
W91728f6dcf9532870003,0.006231056238864783,0.0007147947503255201,0.03257266298568698,0.012752909534713622,0.017097045288834142,0.004300189647867783,0.012282743942426585,0.003558170255744591,0.44336557275063776,0.014497222429384537,0.06079875366123696,0.00011199726608779814,0.2975800715233547
W91728f6dcf9532870004,0.005806362358606929,0.0007312734733017338,0.02832333935630825,0.015541776490009013,0.029433611189838154,0.003911627349676381,0.01977607664071904,0.004019986659704932,0.43095901174404855,0.014792051400099019,0.06828791206242701,0.0001460168879231627,0.2844781047892622
W91728f6dcf9532870005,0.005129420492150781,0.0006699475511156585,0.025302953102057053,0.010348921209342485,0.010278545735387922,0.004286437397130707,0.014892918754934264,0.004120272102238735,0.4589265660757647,0.015888292929423124,0.05420260834127796,7.560830635730938e-05,0.30336886061695323
W91728f6dcf9532870006,0.005959000932435635,0.0006711256929475989,0.02561080595644318,0.010019442584249407,0.012983003264112175,0.003590494585740603,0.025377135695929837,0.005365824824780128,0.42927729848508234,0.01655153431984603,0.046287043899060444,7.39722966724758e-05,0.3246810273865788
W933dee989fcf34660000,0.004344770624744203,0.0010884925830592941,0.14664613010403812,0.24374879818021777,0.03994732264802046,0.020523232691112347,0.016090317053285137,0.4054422376514193,0.00678202930668741,0.03449931745986054,0.033561605859115905,0.002561847918855838,0.014913404012735774
W933dee989fcf34660001,0.004456052361972729,0.0013126054876842108,0.27150587279427585,0.10021215990552666,0.04637469166384288,0.026937746873772005,0.013719484056989643,0.4125844563024745,0.005920170157226884,0.030875215097770695,0.035088177886905554,0.004139607325215286,0.013354983564104249
W933dee989fcf34660002,0.003026333655380102,0.0013871113173428906,0.2558844555262,0.09786563145235226,0.04375931650605621,0.017810506075679182,0.010836054093027346,0.45804021679307777,0.004310645483090395,0.030401327268647034,0.029474422908090745,0.004542165836008945,0.012225375527643948
W933dee989fcf34660003,0.002583647207089525,0.001350258258750357,0.2579293433919496,0.10326760772928152,0.04521610102773525,0.02483465997297627,0.014313484942142749,0.42560412604586406,0.007376550122917033,0.03492043816080859,0.027852215046380274,0.0030423390312656357,0.014044414776854669
W933dee989fcf34660004,0.003257688552063338,0.0013864551054259275,0.26987558407868534,0.10541512586561462,0.05309611695963378,0.025254703205886655,0.01763275940636808,0.40551154063204337,0.0061505326429296715,0.03079517742454592,0.031058180782187413,0.0035185395205775106,0.013469311077939812
W933dee989fcf34660005,0.0028426764036812956,0.0013277574797358892,0.2719503125091046,0.09711264469013837,0.05152349307098559,0.02468191683808385,0.01885262449103284,0.3967469705766585,0.007429538857584361,0.03311363451827855,0.03230301363669193,0.002841981161410117,0.02086650017067317
W933dee989fcf34660006,0.0031735980123374554,0.0014075534827919791,0.2592075128903199,0.10760858340014075,0.0532905518090075,0.03329232661465727,0.019804483049504346,0.38652505042917723,0.007453656309154458,0.03269223712283422,0.030948568129091098,0.0022531078973695097,0.02208029111280996
W9344c87845ff6cef0000,0.004697244506619718,0.003051360960324625,0.006050247452456731,0.008884043704411631,0.00978293558134021,0.0010494626478507528,0.005792366237239251,0.4418781197218906,0.05396798106979584,0.008651485513496912,0.3133019614277288,0.00451175188633069,0.08973147246038432
W9344c87845ff6cef0001,0.003917229506056069,0.004252379791287635,0.008750495966400876,0.010654695590642624,0.01660815903378932,0.001834985882489117,0.0084212339202164,0.4654084833744491,0.06563417390345073,0.01003597618460465,0.2144124087242052,0.00408246762459339,0.12306796307557842
W9344c87845ff6cef0002,0.005001399317851577,0.005853189465535044,0.008389833792031223,0.012176363617355392,0.016737727634158688,0.0021871417510071537,0.008950297027048205,0.40660186884231697,0.0710190372567912,0.012974932674520675,0.16684396650482894,0.005254599666259584,0.1400949379616726
W9344c87845ff6cef0003,0.005474892787428571,0.005429623489997174,0.009249038724808999,0.012199192489422047,0.01755101149758808,0.002769371452008321,0.00903637627445003,0.29907117647716913,0.07560048389837846,0.012984960755531754,0.16547286828065808,0.004858057703486966,0.1621166649837484
W9344c87845ff6cef0004,0.004872608227581138,0.004538273736747559,0.006667694647916576,0.012140558574844739,0.014228710609511691,0.0022172903012797705,0.009157371980280831,0.45741162699298593,0.06350254440873566,0.0109764083470849,0.2202525058029293,0.0032628886324061464,0.10298641673507235
W9344c87845ff6cef0005,0.005496189693617397,0.004569767523150259,0.007500992392045531,0.012461496495946708,0.0163607272720197,0.002578493510891622,0.010995734433157527,0.46858585850896184,0.06976809709702174,0.012889065623843106,0.15086562768664,0.004489997791586705,0.13248791588992334
W9344c87845ff6cef0006,0.005584317220557153,0.0046494359208636375,0.008188456446657645,0.012258678119109223,0.011442844534680656,0.0026585825079226528,0.011038672569641542,0.4708488628197838,0.06826681669475232,0.013434266501313368,0.15589280187760335,0.0040654549013009345,0.13873506657718607
W934d536e0a4fa75e0000,0.004751730203296292,0.006684137158016738,0.018128324105295912,0.00997126032507782,0.031166722204806076,0.01140825301005998,0.03671769007353669,0.008182669881338145,0.019008122887495864,0.00695990530801062,0.5589132797546791,0.006160139539386247,0.1269704671835123
W934d536e0a4fa75e0001,0.0028855026479418203,0.004590887428441299,0.01640668126084297,0.013525360831161801,0.036104497966250954,0.00862014831466963,0.012206203556714174,0.00551959244474793,0.020473336620757128,0.006966857365640054,0.46652576828132025,0.0036730013156537505,0.11107881222637851
W934d536e0a4fa75e0002,0.0031351840395125196,0.0160627772213357,0.02459826429017161,0.014921401255936158,0.04870959518250546,0.006389116233910309,0.010198042688586692,0.015832305036401345,0.022213843784009004,0.008305340986230775,0.6021515355914182,0.006037742547593412,0.05710621552546892
W934d536e0a4fa75e0003,0.0029620569996394465,0.0066323808376969615,0.01603584713041754,0.013441294128597838,0.03610707980774453,0.00601408477099015,0.008472436614254014,0.006714369728311493,0.021692535667149144,0.006249716036599033,0.6587452577465928,0.003556371806360368,0.05917453096386125
W934d536e0a4fa75e0004,0.004128419556051583,0.005718633483432007,0.021634160623982407,0.011630403029763337,0.04268233065396735,0.009421402694948367,0.013397269520156546,0.006152405414331319,0.020691237415945123,0.005071874210755031,0.6328760119299264,0.00587010124131953,0.0452657592135516
W934d536e0a4fa75e0005,0.004054978804469686,0.006978205532432732,0.018110365155413016,0.010601342685791984,0.036822282696479865,0.013061266446070155,0.015397833804307079,0.005394373147868896,0.022708418633897002,0.005375592657782154,0.620702925844785,0.00668470132830139,0.05252176102576084
W934d536e0a4fa75e0006,0.004972128033065704,0.00535325793232557,0.009671729683933343,0.0689098168503476,0.05205995562675575,0.013528917670311148,0.009162002094038882,0.004444153987473345,0.14585697853962434,0.02114357410494549,0.4250420342638559,0.005010244063716433,0.04092251725832859
W94816ea9aa4a7b080000,0.008632649949709872,0.000663478846391258,0.21149816311391506,0.14555880128963083,0.016038386616803756,0.07076284184864531,0.41200269543432605,0.0020212466713381482,0.03651001129582904,0.003844837114584553,0.011937223645977045,0.026054287359063708,0.02983128399047303
W94816ea9aa4a7b080001,0.007324018362672376,0.0006470124113087993,0.32539476048027743,0.04855187315563377,0.023277879544368826,0.06593191422165758,0.41460748659044633,0.00288941914685192,0.03638859335062219,0.0025510156681039686,0.007004303528342453,0.02160768368277298,0.01677798904196992
W94816ea9aa4a7b080002,0.007046365705345084,0.0009999994423852674,0.2817750825438763,0.06752029810856286,0.025713665255561003,0.08735186075952703,0.4080392123712749,0.002526921661554809,0.02562516349676675,0.0034454189130964405,0.009634737039970193,0.020793010569074094,0.028039441130081718
W94816ea9aa4a7b080003,0.007748457443215288,0.0007172636037949946,0.2915857812251998,0.05533680266674843,0.02300094296044338,0.06304308163869879,0.42230271376570516,0.0021582422849468048,0.03212715844022611,0.0033052697103191997,0.007525405627408464,0.022566717064323227,0.04262068025863276
W94816ea9aa4a7b080004,0.007238338910276522,0.0008903008011721741,0.32380731983762134,0.03898125610308968,0.025751228220502534,0.0681658616584848,0.42214550740930823,0.0018735959500203478,0.02427966001255194,0.0029575408728900435,0.006557751145895761,0.02880615822252975,0.02798410299585398
W94816ea9aa4a7b080005,0.007233617055613643,0.0008890108058096454,0.31237433165758693,0.040230830892259664,0.026101948037512653,0.07160082858263044,0.4107005315538898,0.002795314623652167,0.039468677475339796,0.002400279783316832,0.007511994394707457,0.029046200680914912,0.0292599596404966
W94816ea9aa4a7b080006,0.0067096138890343415,0.000691065379957184,0.30710213366214373,0.055017819067892215,0.024405446888663983,0.0710705226187603,0.3979984817748159,0.0043206729538090155,0.031956422768540084,0.0027718097887112544,0.006866792106469979,0.025750010971602413,0.04394124424502497
W95f1ffc10b00a1510000,0.0085103903788351,0.0019531982292646686,0.035893655406335316,0.020978929353279233,0.05949292305275101,0.013917250241991348,0.043114983202959686,0.010619222540748374,0.05480828784433574,0.06709213187434468,0.10569711411906504,0.0012575656650622856,0.06876975058090218
W95f1ffc10b00a1510001,0.009321191892023862,0.001218090241444576,0.031767545507084584,0.019704099787902673,0.034196742624723886,0.012690835489731702,0.05263350111499091,0.017406559730818127,0.062431273800856495,0.08201059328282305,0.10572580903740902,0.0012127710895155901,0.05627348215159142
W95f1ffc10b00a1510002,0.009594605180083617,0.0012121690429433144,0.027001925470892404,0.01674592353550226,0.02815110380475816,0.01258712985215852,0.11211779881874424,0.04053076493949013,0.04191821829653741,0.0983092502581601,0.05645006451026763,0.0011984144814339195,0.054220038405314246
W95f1ffc10b00a1510003,0.009440727263298749,0.001224979598543587,0.02804053539816087,0.017081915408098735,0.026693566894245416,0.012068073497355896,0.08141382695707651,0.04668989834980888,0.04052016000868164,0.12898115123391915,0.061115055457353774,0.0009200787626642049,0.05990783668486901
W95f1ffc10b00a1510004,0.00990305153356572,0.0017557349930288782,0.03172238809656328,0.019699237779195255,0.02267567890155442,0.013379645702492003,0.011526549022703314,0.04787945901158177,0.08561671303375744,0.12686805868527928,0.12871335405617093,0.0012948978118271605,0.06843590178367248
W95f1ffc10b00a1510005,0.008264311276338835,0.0014128607802347739,0.026672308756756257,0.01893491038707289,0.023179690938520344,0.01335986178997687,0.01386768467813046,0.02187535694747007,0.07931243715298991,0.09992558695323268,0.12954162459746899,0.0010673099759627516,0.05681451736565577
W95f1ffc10b00a1510006,0.012078722888322091,0.0012876625169728796,0.028079538291730825,0.018197482337393867,0.021531661298164875,0.013763843260415855,0.011141919923719096,0.020451093969889974,0.07938788120826036,0.10052245697446123,0.11885187060543849,0.0009745443291936492,0.06154666296710929
W97c45b19745b94df0000,0.004331703582513913,0.000333849182398748,0.020554675879775657,0.031483210466047185,0.027762737176867128,0.33510251795198964,0.001454507089309618,0.0011795764764168774,0.0006066653608775907,0.004250160406630705,0.0006211668838510185,0.5672088152405461,0.003559141708034377
W97c45b19745b94df0001,0.020456145653194292,0.013066912834161375,0.016466364160756457,0.019505167594975108,0.021452644423667323,0.3517476330625613,0.0021689200424695517,0.0026553508497088366,0.0006362199776148474,0.012929912790917843,0.0004014701937065863,0.5254714892683183,0.009731555801723493
W97c45b19745b94df0002,0.009286989849810042,0.001779608233799388,0.17855055143474502,0.024209130822710055,0.03715742621666887,0.39060545526310775,0.0017524694773449975,0.0019327535341470451,7.833223631962673e-05,0.007717566585153053,0.00048812287855084266,0.33926875675288737,0.0035781565355886714
W97c45b19745b94df0003,0.003153597691178931,0.0016882320067353974,0.04763390325973124,0.02542654940374796,0.03966805494836532,0.4288121240584048,0.0016682567414373036,0.0013166317863418488,0.000572454246960189,0.007062709376024889,2.5438884047096225e-05,0.4325717655443253,0.00895165867133897
W97c45b19745b94df0004,0.0029005555968144307,0.012988305024934163,0.07470319353322039,0.02075373814643442,0.03912562348232395,0.3978256421791588,0.0022299683521049027,0.0007642765104299322,0.0005750748798308741,0.010677629317204224,2.815373776756659e-05,0.4254550573445228,0.0102349710605417
W97c45b19745b94df0005,0.0035867828612656453,9.402330031069988e-05,0.025807507300000636,0.02427225796650421,0.02813231874538121,0.44631777252994825,0.004715576800584296,0.0013846561455430882,0.0006293200452370535,0.0047356792359191015,0.00010484075508265267,0.45585569980876944,0.002719308685450902
W97c45b19745b94df0006,0.004045723010567908,9.00118792937077e-05,0.0875556521081003,0.025390636858045292,0.037630658944715616,0.48740927585455607,0.004979579364329172,0.0013812610364690385,0.0006302604269036557,0.0048966092901774816,0.0004656519621763825,0.3407565904589563,0.0028702519378745912
W98363a8dc28d4e7a0000,0.0038076923750858427,0.9462079621027156,0.00028169881047170595,0.002965414723032315,0.003200820718621178,0.0017701660304252664,0.03443934839037069,3.862435787913433e-06,0.0011125804827492086,0.001515198386020848,0.0011135551485581907,0.0018068808235790978,0.000188210975821679
W98363a8dc28d4e7a0001,0.0035312823902634975,0.9765885354335875,4.758648655381605e-06,0.002409968313457558,0.002659364478087041,0.0012427148704550568,0.005130022197480722,1.0288166777991036e-06,0.001112668653212983,0.0015142675318185878,0.001113358040487456,0.0023624214182198754,0.00018769006005946582
W98363a8dc28d4e7a0002,0.0017054277443881174,0.9869238291856546,0.00028163688013122933,0.0005584037198073286,0.001957875281793518,0.0008400840010721709,0.0033516021458694536,2.8603038820595353e-06,0.0005572366472803455,0.001673061979479151,0.0005578560178060069,0.0008346424628017619,0.0002806153039018912
W98363a8dc28d4e7a0003,0.0017307733197289548,0.9893737705519339,0.0002815066925316387,0.000558445167788942,0.0008456633010094015,0.0002805498115759573,0.0020844262958471488,2.5578546232222703e-06,0.0005573762106676912,0.001858290722386748,0.0005580642874800013,0.0005568646846969211,0.0002806153336713465
W98363a8dc28d4e7a0004,0.005592121664052084,0.9737691289506952,0.00028136330794366007,0.0009751287469495626,0.0030840843803949603,0.0011138814671677324,0.005080289044525184,1.7663855640442806e-06,0.0011131049122319293,0.0026257894774461797,0.0011140141074343754,0.0023622401819596876,0.00018802760620609585
W98363a8dc28d4e7a0005,0.006071524694637814,0.9678401997729625,0.0002810999105880854,0.0009750724479325981,0.003340836825245143,0.00111386751697437,0.010270171974541472,5.5155094363865146e-06,0.001113055064075745,0.0026255212752137307,0.0011138792857839103,0.0023622403641742995,0.00018803018273269998
W98363a8dc28d4e7a0006,0.004707493837404607,0.9741046174836,0.00028235773142590444,0.0012528695854692436,0.0030781960991110866,0.0011139084917329144,0.0053565495737587215,1.078492936754128e-06,0.0011145062658953603,0.0026256391420785823,0.0011141360277782614,0.00236234927141718,0.00018797673781338384
W996235ea48a904bf0000,0.017402926859253435,0.0019751852348092003,0.3072694900718645,0.020354577217145675,0.13685879191515912,0.09226439470064106,0.01604543339577969,0.04129316516148341,0.020209686922402867,0.10046547036948224,0.020960351107917437,0.013078436031529745,0.08912043068587672
W996235ea48a904bf0001,0.016482277589860938,0.0025306695824694717,0.22976871530346274,0.021553112651158765,0.20107099459289857,0.1469491558515743,0.011894111932592969,0.02114130071416075,0.02270504880116865,0.09118262660276637,0.020104151141370794,0.018874587588250193,0.0657582938044221
W996235ea48a904bf0002,0.016250253906276966,0.014456521571305283,0.15999009213847706,0.018035894669998158,0.16577308575057123,0.03351817748265374,0.009335973289415727,0.019921309010558347,0.02630045097495812,0.08593119433760084,0.014937471847776216,0.012227049509750778,0.06213578120368617
W996235ea48a904bf0003,0.01579573786166907,0.014493512195757452,0.16787750809479865,0.01806621601018183,0.15602088929961436,0.031238134650476427,0.007805447674388129,0.018964690405778206,0.028248210625483352,0.08931181791588551,0.015247628297350555,0.011921792011491432,0.08934948275899417
W996235ea48a904bf0004,0.01621053064330435,0.001978651976835182,0.24489451300973633,0.019881195566342814,0.18153600655849725,0.134506145584682,0.009994236149393425,0.023473167398076186,0.028324985810931045,0.10022859467623384,0.019221936702674344,0.016140571150769084,0.06659199376025554
W996235ea48a904bf0005,0.016340427994115985,0.00208526947191226,0.22153219582593842,0.01846643431086625,0.1778057355555905,0.1685241003244883,0.011758490123704559,0.021954333499965437,0.028925771131972946,0.08929036140588253,0.018520107687776764,0.02517089186892771,0.04398633147551292
W996235ea48a904bf0006,0.01647006884496533,0.002023836669344443,0.19433576204698816,0.01896131903186978,0.1774312284964531,0.19788147388279423,0.017522855509451887,0.01765956037974507,0.0273312432470389,0.08724531556312005,0.019247872820315537,0.020587979156016466,0.05397382037800148
W9aa5c5ee10122b880000,0.01352787846921213,0.002926380975863993,0.08411856602916222,0.024817711754199525,0.025527565541956936,0.013387810634446147,0.00914743754216326,0.011374435541503016,0.08126801403057966,0.03983788142214374,0.09829774471541385,0.0032596213496542807,0.4182770145882648
W9aa5c5ee10122b880001,0.013145287830463625,0.00346416324898598,0.08521030240131895,0.016234883215662726,0.028760304539782885,0.012492515457799403,0.009647322080451395,0.011295239645821173,0.08192735744178528,0.051738332099348784,0.09854244206831257,0.005564784203343543,0.42749549295424555
W9aa5c5ee10122b880002,0.01202222010324009,0.003113259226030963,0.08532108004450738,0.014499988309741156,0.026783227037430756,0.010823082564517186,0.010595311733166699,0.019023005674320997,0.11120457971368615,0.04541883665758895,0.11709051466471608,0.004954917021480921,0.39571527711882154
W9aa5c5ee10122b880003,0.014485110336770727,0.00286869415033031,0.08210147168481582,0.017362561456785233,0.028096742499380514,0.009727425662544444,0.008799475486199774,0.015785036177598383,0.16558252832082884,0.04016361091721069,0.11432257419997335,0.003970741037825861,0.3556488338646945
W9aa5c5ee10122b880004,0.01367198699637791,0.0033139000718327427,0.07237695638811562,0.01839411154768939,0.026654835322882566,0.010686567736312423,0.00893328830194572,0.01837913783554588,0.10611305841632612,0.04634701344930455,0.11268702960268957,0.0048110214042813544,0.4032170745337555
W9aa5c5ee10122b880005,0.012972559539093403,0.0032487569188101475,0.0832150102982979,0.016874411308967947,0.02642103614406363,0.01037841340350027,0.008348231149986928,0.00958379462638302,0.11312644099288738,0.04374853109551987,0.10388715405807465,0.00420658959934819,0.4193462335834652
W9aa5c5ee10122b880006,0.012214971499872988,0.002886129167019184,0.08227083011006286,0.016878228126762814,0.024082690522817016,0.009866953152597007,0.011140551119008794,0.008160997981110986,0.08994775506636543,0.041479610366221886,0.07400576525138293,0.004836019151104313,0.48735588773045985
W9be63e50209fda370000,0.006265544596730771,0.5459140512799685,0.009668564739313138,0.005203078570177431,0.006675844885776446,0.0023380292953004934,0.3639710875695227,0.0031609345077584063,0.0016707126756273533,0.00765836766626769,0.025611527898230776,0.0006518628259276564,0.007288437156488026
W9be63e50209fda370001,0.010057819212203773,0.5707507676285762,0.011980577491066456,0.012348880700170508,0.18637542568874108,0.0034828568781105134,0.14023768754680094,0.003716918833875176,0.004848894808512125,0.010292180307801555,0.025383425941788,0.0008372137945582093,0.005665425756548312
W9be63e50209fda370002,0.00807255848954715,0.5500870165433722,0.00966603778462039,0.0065917083214657585,0.006615237448878195,0.0028942246025482924,0.3629965735608108,0.004033687436895831,0.0013404376490280415,0.007930864785551278,0.020868955823106723,0.0017631712660999904,0.004547538500826064
W9be63e50209fda370003,0.007238369198744358,0.531120378484446,0.01267334074766306,0.0065936074844402245,0.0065372172471652315,0.00319608058889004,0.36793022251691937,0.005692634786743898,0.0016735549158683495,0.008073118858700377,0.02802729858962952,0.0008372486360423632,0.006676088617698137
W9be63e50209fda370004,0.007273003477307907,0.5545011384857388,0.021428963383109442,0.005554097183061268,0.012767004110244522,0.00442020808788857,0.32605196533893854,0.004817701752508608,0.0017260430856652102,0.009462490917128079,0.02935029521286849,0.0002819469568999153,0.006499929733809676
W9be63e50209fda370005,0.007377080446569906,0.5540837060575329,0.009071211431900839,0.005016913872313394,0.006165100225014288,0.0023396187987121237,0.3608710207247205,0.0039034792363056054,0.0011150043319520866,0.008769176410947871,0.02332117224344862,0.0009297671177177697,0.00422158418122493
W9be63e50209fda370006,0.008924978946736457,0.5891717044632794,0.0699088058913487,0.014412567698126901,0.06110264238293813,0.025135006321883608,0.14765576632355032,0.004277447568076937,0.004039153441827507,0.013816724882294639,0.03299992337426213,0.0008374305261467502,0.005650219539503712
W9c32d29c5c5991240000,0.019923493464400775,0.0021153905025420036,0.33530629882285906,0.05255608553287472,0.07050056863996235,0.02525625311847087,0.01799161610930025,0.367020797856232,0.016940092318034776,0.03320838798023191,0.01686125355336806,0.014646052864388703,0.013960781763125792
W9c32d29c5c5991240001,0.019088098411873172,0.0018749177674353805,0.3467698614722816,0.05445768744325949,0.06469291633843795,0.025611409378742924,0.008777735566089191,0.34064571167544183,0.018249421240502373,0.05325322058685381,0.02364031900440307,0.01526578270938013,0.01153023285672456
W9c32d29c5c5991240002,0.017631330372417327,0.0020769100064581244,0.3307930504387308,0.06072990292042891,0.06401950435223713,0.025935376448341717,0.015247742120807423,0.3730737244010549,0.017461548391044374,0.026590624215337606,0.024648345966416668,0.01644032646724856,0.010704131914620905
W9c32d29c5c5991240003,0.01702126035170158,0.0018909713957563784,0.331656001828261,0.06784150728666061,0.06255268203600993,0.021815401628387476,0.023083550655603285,0.3630165587338314,0.018915201814618907,0.0322687874171459,0.017962141841604003,0.013619436409278074,0.012529981211963763
W9c32d29c5c5991240004,0.01673976143603603,0.0018400944426408576,0.327838811533272,0.06840974769747594,0.05973094577829195,0.021477472611445007,0.028928073848372413,0.3875342471023043,0.018306648733690804,0.01014445737647964,0.01872954069384482,0.01259882164769793,0.012415816629540777
W9c32d29c5c5991240005,0.01564550098000677,0.0018997654415879028,0.33587797018404403,0.06917626960757453,0.05996578995338814,0.022735263584626075,0.023558633348223522,0.3793928798876457,0.01866777544177764,0.014569879194778205,0.020211892951902663,0.01293677854029856,0.012242866267312644
W9c32d29c5c5991240006,0.01627638286513836,0.00209565979599066,0.34170026032653206,0.05328659134497662,0.071460971030774,0.02262623762398676,0.019122461858983364,0.3411382666063268,0.019581085925600292,0.046908834705236116,0.02196562949454706,0.013089718524377182,0.01499143974296759
W9d4441fee3e033450000,0.0226347942517827,0.0032105738774910885,0.19213889354370745,0.05678379767006319,0.030436350336228192,0.22390956748254592,0.04309316619706141,0.014321454059514403,0.12866471780924485,0.0905450611398498,0.06372298025432518,0.005306793293552094,0.024811533779829375
W9d4441fee3e033450001,0.023541987459968813,0.004544350671410137,0.13031656879666575,0.09611846579088026,0.029411718730385398,0.2904490859825268,0.03862311005914289,0.014443513566889327,0.026882242885735267,0.14393970716601545,0.04429310377091299,0.006528640943446688,0.0316739637242849
W9d4441fee3e033450002,0.025800569292673325,0.003572648037826988,0.22269717828129734,0.058581701066180054,0.03165693066645321,0.22216873851689814,0.036962863069841416,0.010820559198963601,0.0896183041983798,0.10748110818391672,0.06697786330526244,0.005645729527717482,0.027289080051339745
W9d4441fee3e033450003,0.02162335331947074,0.0034611639969714873,0.23038865508961506,0.07869907436146031,0.03098259478201674,0.2812516555701384,0.04558763394355838,0.012004333662933023,0.08793912472869597,0.053210543012591364,0.03716679528554449,0.005633596067910189,0.02393518104231244
W9d4441fee3e033450004,0.02334044033065421,0.002391631853757143,0.21487440958496176,0.06435192648129466,0.03062772277161032,0.3003311066053424,0.06777093454974306,0.009919257290142822,0.08835125108221753,0.04097963650935875,0.0352956623544506,0.0049394010086968405,0.04250628662955272
W9d4441fee3e033450005,0.02464033957254475,0.003124190683387713,0.13788935551242898,0.0649902269770709,0.037199763263809915,0.33405918724533396,0.03560953901928081,0.010791308191432812,0.08142176348048924,0.10382949145887584,0.037485969693093896,0.005703811154887071,0.03528409486053178
W9d4441fee3e033450006,0.020808313511365674,0.0029071693150485626,0.13691744707636005,0.04914357594702425,0.031952579572497274,0.3474795986649573,0.0307865901192742,0.012943341485612637,0.0734578493821972,0.09665409756686877,0.06835253321666418,0.005120612341093682,0.03037861802978036
W9da0e7068237f0450000,0.005062721958133649,0.015046912524782045,0.6224189650459158,0.09413795515423178,0.13652780221841415,0.07856995542372623,0.002866900856945008,0.0010183564223736423,0.001499493244811876,0.010836289760897212,0.004657440896699212,0.015463788812733413,0.008266842329353428
W9da0e7068237f0450001,0.004607258131648558,0.014192048811668568,0.6788544913921901,0.09047046713457915,0.05891309843095347,0.11045167900948495,0.0024431070237930816,0.0006695458124159723,0.0009258095160453577,0.01075655548108976,0.0038176028401357234,0.01110502791401894,0.009311909862309588
W9da0e7068237f0450002,0.00250631514767389,0.000654095455805445,0.667305859265333,0.10353455421455118,0.06018822107225811,0.13551534584636973,0.0024993313656615675,0.0011858920198573935,0.0006535051480247873,0.0031805537412850195,0.0024131597339005903,0.01556778046459325,0.0009480360910582683
W9da0e7068237f0450003,0.0022848735186483163,0.00016823890685786595,0.5800672895120194,0.11093803955152597,0.0747664960938914,0.1979381787217259,0.0038077960183632476,0.0007182742143913142,0.0007534470525520955,0.0032027992337879327,0.0038707671224044765,0.016417922658895343,0.0008534663391480138
W9da0e7068237f0450004,0.0022953125812449813,0.00010620392491455452,0.5083643912093478,0.1038419771716953,0.09048473703069536,0.26493671989545936,0.004024295739693509,0.0006854803417871068,0.0006542728700636235,0.002925211227202546,0.00435349072853737,0.013284728374453736,0.0007532999605168279
W9da0e7068237f0450005,0.0014932094046488087,0.00011510198841883664,0.5152830592687231,0.1001938989234547,0.06461526099312985,0.2887567060488876,0.0037975554660274785,0.0006963776747430898,0.0006817942733572759,0.0032342497799699235,0.0034338111032443234,0.01302459470701086,0.000806563487815808
W9da0e7068237f0450006,0.0014836283831129828,0.00010196154363551125,0.5449102985869506,0.09531762364409567,0.06256452716924116,0.26419420596834337,0.003778414565263353,0.0006364253314519704,0.000679511225164885,0.0034645889472197378,0.0028672472006294174,0.015185469435749221,0.0009519839936834753
Wa057a5b77f36fc860000,0.0008434327815577811,9.156732509880613e-06,0.0023732376660618422,0.0015214776485718577,0.003917845551730332,0.15970290341884916,0.0019083242611119334,7.95856438409172e-06,6.825884380933259e-06,8.668190698914995e-06,0.0002071812016945037,0.823373642182371,0.005726195193271204
Wa057a5b77f36fc860001,0.0016817971769371106,1.3632417861849647e-05,0.0026710773896684134,0.0020958048365969954,0.0051304768871879725,0.17880399220199542,0.0016953746782258942,1.1848603754333101e-05,9.378784172747357e-06,1.1893909447097062e-05,0.0005527955567453213,0.7997925982580713,0.007124409055097651
Wa057a5b77f36fc860002,0.0008506301735617845,1.558424903569091e-05,0.002829942041231877,0.002797444853962676,0.005155455020525134,0.10969525324304596,0.002254987773281018,1.085231609056488e-05,1.0998203354979203e-05,1.3708854217064884e-05,0.0005590457959860335,0.8695598664623735,0.005836895321713842
Wa057a5b77f36fc860003,0.000850909159662647,1.5835601756651775e-05,0.0033836584392071193,0.0034146640458569536,0.00518439685349995,0.12812000625167713,0.0011404796421357437,1.1027356468711104e-05,1.2393956086972108e-05,1.3377377044353632e-05,0.0005581012470700546,0.8503321782267396,0.006552857245995791
Wa057a5b77f36fc860004,0.0008511443483655493,1.604751827515033e-05,0.0026907030757998066,0.0026640603044202735,0.004693676410121337,0.205777553750404,0.0017076277042481016,1.1174922144673838e-05,1.2325758298905191e-05,1.4236150585404632e-05,0.0005586411046441341,0.7718098307967605,0.008782633644882593
Wa057a5b77f36fc860005,0.0014080084127038929,1.7226446334602508e-05,0.002974202116807462,0.0026657646503708,0.005152060139401883,0.15503683916839095,0.0028542001977253715,1.1995897161706604e-05,1.469165467850048e-05,1.532130869292589e-05,0.0005596112457989769,0.8228230618205437,0.006053746747050405
Wa057a5b77f36fc860006,0.0008510025707650716,0.00015486511183875748,0.002399329543667243,0.0017439543866855705,0.005182837900875272,0.15467120620194916,0.00286172412589313,1.1842607612994754e-05,1.187198638793285e-05,1.4067701002577937e-05,0.0005570500502410186,0.8258399177398101,0.00528912678389955
Wa0c609cd1eedb9570000,0.004233738437224614,0.0010651336595424385,0.032050850322295966,0.02855253963161417,0.020272276101113044,0.02632514391379658,0.02232039885433076,0.005940108352390374,0.21896426565077112,0.020112472071878332,0.1967767001832538,0.028617812504289974,0.08739993537976408
Wa0c609cd1eedb9570001,0.00409542395247556,0.0010860445497748253,0.02974914138294173,0.032353361554461134,0.025109089118962535,0.061289380602573273,0.022968348087618818,0.0041717798298462295,0.1897435203881996,0.01659942520516823,0.14441706912889185,0.0433744446416063,0.08268870222427323
Wa0c609cd1eedb9570002,0.0033308287676907357,0.0010216541026739925,0.03124978958020301,0.032398054376399185,0.014893993193021158,0.04498955437090871,0.03712122230049689,0.005005364705781378,0.26367070850484586,0.020945105558850628,0.14496057813105762,0.018481358639661945,0.08034062439713155
Wa0c609cd1eedb9570003,0.0033138762312736204,0.001014577564112356,0.029767312116103548,0.026969329589009952,0.013366928062342836,0.032527099480908137,0.037409841903617735,0.0049080435799760775,0.3030776811439747,0.017656885601517378,0.13652376392520701,0.016338894755219744,0.07651629422192624
Wa0c609cd1eedb9570004,0.004549898866767571,0.0010215637111560256,0.027512461779843452,0.04927158052172174,0.01931639967678032,0.07733458563063103,0.04471806150478107,0.0036730145330901224,0.22467871930207478,0.02144815838276814,0.11509048521291161,0.04203552936540515,0.07631584789833175
Wa0c609cd1eedb9570005,0.004454541076297381,0.001008866987826626,0.025820114890976145,0.0397683664743418,0.014634524832461792,0.03828659333937692,0.03612949935749904,0.00450995550371418,0.2924374794579813,0.01771338623606837,0.1177872795476055,0.027215059672125834,0.07857663832165301
Wa0c609cd1eedb9570006,0.00441615033394915,0.0009765739472756719,0.019782867863892915,0.023574917525744647,0.012412958747408989,0.020444399968571548,0.022702469940433845,0.005724395304131085,0.34771744674654226,0.022414450808016434,0.10817913753925544,0.017186472206596748,0.08490275136696775
Wa21b3e0948b305ef0000,0.9147018740235159,0.00030120854919290667,0.0020620802006178973,0.014225850274361242,0.013009273737721061,0.003505936890546527,0.009075577812104099,0.009186572912609823,0.001613054390421521,0.015355042314859154,0.0005633736923444125,0.003581372675917356,0.01145851445994949
Wa21b3e0948b305ef0001,0.9263618843441315,5.119965047978177e-06,0.0032466504237918274,0.011966537263633479,0.010890713691625049,0.007616707618481765,0.002804217177609992,0.0035239089587265357,0.0015845616564972242,0.015661951875676185,0.0005649909108035322,0.004545659416621946,0.010662059511337458
Wa21b3e0948b305ef0002,0.9214089410191625,8.2450753664809e-06,0.002508441937850121,0.012357863277929674,0.013402463227063767,0.006677964531293545,0.0011412624400674812,0.004347399467566058,0.0011938081643047542,0.017678209546657293,0.0011217076213646498,0.0032590209513422785,0.011317930691868821
Wa21b3e0948b305ef0003,0.9214988339792985,6.943514218587018e-06,0.00199815244708743,0.012567570145242846,0.009922461564752566,0.005111909330505432,0.004379508593960723,0.004450547815247891,0.0009387190765809747,0.018958670385297617,0.0011206526417316036,0.001593108573747875,0.014143666076977262
Wa21b3e0948b305ef0004,0.9196855602897852,0.0005621532889260267,0.0034325605701185247,0.012860246107818569,0.008654988924147292,0.005110078760327404,0.007154727185627166,0.004120215580841758,0.001399702382887935,0.01856385550663022,0.0005637444615035806,0.0016241912251246902,0.015121841662881795
Wa21b3e0948b305ef0005,0.922644692638985,0.0002868913129307393,0.00267302683191697,0.013146422291807658,0.010172420537627992,0.0031659385159864737,0.008627148600086515,0.003434016220171577,0.0011220660193134754,0.018865169428305937,0.0008436260676048048,0.00026179613087715683,0.014429029472133615
Wa21b3e0948b305ef0006,0.8934443672537625,0.0002902210512273202,0.0036914068112408635,0.017098467182623683,0.011047577595411718,0.0034522878272743632,0.0011399516613507087,0.003585504146189647,0.0014016548079738287,0.025129645139223732,0.0011205836013080102,0.00019269472660412779,0.015099400526725058
Wa2a75addcf692f5e0000,0.0013305237076874287,0.00011560919524473298,0.05440685025884019,0.011640815336455203,0.015143600457380436,0.0032572781095500636,0.013662374047569458,0.028219744643198173,0.01655996625685048,0.046247604603060065,0.024465989825498472,0.03381446269390733,0.01796246699947498
Wa2a75addcf692f5e0001,0.0002588011353724864,9.152855532458777e-05,0.04990352841683896,0.012491860045688578,0.018842704984768647,0.0036960420823985603,0.010902728891017075,0.030367010817270806,0.013143936702998677,0.04112383226102556,0.021524885838530027,0.00764706644377655,0.017073206194832602
Wa2a75addcf692f5e0002,0.0002589794481462718,7.727012799166876e-05,0.050546399576045675,0.012066975858610314,0.019382526654888068,0.004144732160932457,0.010217828886269867,0.03462664410290023,0.014372884534089846,0.03691143296732755,0.02045734420451004,0.007066991124546039,0.01840630003324644
Wa2a75addcf692f5e0003,0.000258759394987516,7.712305785224555e-05,0.05008848385964582,0.012436841695119367,0.01864974892374532,0.004174969419093644,0.009669095367638127,0.033815515012883296,0.014511323611238138,0.0378582298860589,0.021943460001399295,0.006691559572811111,0.019794892904454138
Wa2a75addcf692f5e0004,0.00025489859893645077,7.311235657040787e-05,0.05169715843133244,0.011874678059144323,0.019158047764214686,0.004447758654667987,0.009638806990064827,0.034218348386944326,0.013672709849608418,0.034270016428374434,0.020691723943563885,0.006688197632800905,0.020109339471558192
Wa2a75addcf692f5e0005,0.0002560387672134349,9.676456566485613e-05,0.04879578052886858,0.012430816826090355,0.019858694277641413,0.00472436942380667,0.010755525926512261,0.039052076457232125,0.014511332417458158,0.03500102187949744,0.020431235849371683,0.00670761851755512,0.019516463094998604
Wa2a75addcf692f5e0006,0.0002529479029979539,0.00010282724764070171,0.050805016752978834,0.011502393428970624,0.0217771226462655,0.004722649147676938,0.010927002959797878,0.034473781692071735,0.014508491032635386,0.03711000024387228,0.020235706164227138,0.005583634436983683,0.021585567813463283
Wa3a325220c6dacae0000,0.01686435566584245,0.0027689175443314836,0.6722290924760151,0.12056075549531775,0.03546662100061282,0.09237177787325274,0.004849105519797036,0.0012048353414149048,0.0023465136902090945,0.002639707377260587,0.00441080364418729,0.033255351153695635,0.00819317616606232
Wa3a325220c6dacae0001,0.005436801944622283,0.0005189607610949765,0.5778115551942427,0.06596557335656715,0.037248340357273306,0.19288062770028228,0.00589527634407949,0.04886455457774903,0.0027876016418716745,0.0011917162995396964,0.001537291139214553,0.03128495517831913,0.0211937884171273
Wa3a325220c6dacae0002,0.007017381199525403,0.0005846752308468133,0.5781135810386318,0.07290964647939718,0.04186070955774249,0.22241783318113198,0.007482870501817573,0.0030367217200518246,0.002435499422853124,0.001370330927449418,0.002186220610318088,0.031134268446139444,0.02587938432974269
Wa3a325220c6dacae0003,0.015823410451745953,0.003268591554445533,0.5937735091244312,0.07909433561582181,0.03305955808238555,0.17546329923254392,0.010770754341013239,0.003645766892736309,0.0027145850662830613,0.0023201679189244527,0.0033449882114602973,0.029755016035844573,0.042551869268373475
Wa3a325220c6dacae0004,0.01798889184934935,0.0036770370470734022,0.6064595960184784,0.14153167983681342,0.03995324374270749,0.09714365919908133,0.004995010572540872,0.0009063514313275539,0.0024799371625362932,0.0032302951217995203,0.0047514397435621455,0.0350862611617488,0.03918032132863701
Wa3a325220c6dacae0005,0.021687233328736105,0.006263032017240564,0.5994993866816964,0.13391189316400492,0.03538817498972996,0.11791366937862903,0.004780702779091188,0.0011713900991462667,0.0022070910608244323,0.003653537646860668,0.005531054412469908,0.044326375474524664,0.02041018847800062
Wa3a325220c6dacae0006,0.016979806692503843,0.002862108113011856,0.7138444262595852,0.1037449854219179,0.032973501434501576,0.08143451668885265,0.00151632665875244,0.000498858127402159,0.001384439838776231,0.003961490510602117,0.0032621760203468426,0.0255983957239885,0.009052483484773284
Wa3bc913035208cb30000,0.005519314479432942,0.005341288585471053,0.05660023140455741,0.18872612639080966,0.06355213671721684,0.006569775835913522,0.0065500704009447035,0.012356674828682161,0.15483234177703073,0.024551748516199165,0.265416508984925,0.018963165620922418,0.04183363956747718
Wa3bc913035208cb30001,0.005782495306569922,0.004213563386302961,0.09526092952628393,0.25617983011975687,0.047098236728874615,0.006634913250660319,0.006955728341866602,0.00992992743697568,0.08892154452657987,0.028266212328068557,0.30982394639317873,0.021522805560494455,0.029146405122327943
Wa3bc913035208cb30002,0.0042679886300328596,0.004232981421168745,0.045472312952771585,0.25370513052502053,0.055723462611222414,0.006244717074601027,0.0062693842929885685,0.010148881985966455,0.06497127108870765,0.025632715884492327,0.37507966016745375,0.018525337597201305,0.036518263387366426
Wa3bc913035208cb30003,0.004135230665790566,0.0044796510510716194,0.033796170998906264,0.22914408521202742,0.06530436855799222,0.008666625245305754,0.007872515148108845,0.012110748857122518,0.07753905543508509,0.027566438091613948,0.34251088730170864,0.020353564887962593,0.04384305145547528
Wa3bc913035208cb30004,0.004542293985082385,0.004428085667942599,0.034813073607099995,0.19674596443369788,0.05237686083841594,0.013853910027169843,0.0053015791698800985,0.011982701072106269,0.11500349704747657,0.027109530036121102,0.3473634001504814,0.020181908479293117,0.048928724683817634
Wa3bc913035208cb30005,0.004185017492007211,0.0033508442001626212,0.03731910650090678,0.21779873977295003,0.05993874518344847,0.012104092096910013,0.01864373390402785,0.01168054163367153,0.08565636774487612,0.02595919151437517,0.35412089445994105,0.017987759021044054,0.049796044014186004
Wa3bc913035208cb30006,0.0046995996703295025,0.003512246053972308,0.03494663342753018,0.26660488695269946,0.0481719890013135,0.006193824942208593,0.017049094712053122,0.009571879381948362,0.05900750793138365,0.02620187394401319,0.3434734024905406,0.016754053743478752,0.04710804440565705
Wa433eaf242aa9bdc0000,0.017348068176430833,0.9155311735829913,0.005351779675167888,0.005004623165174228,0.0026743988200095066,0.0013039074247133448,0.009929114631712997,0.008384536007528642,0.0011132257004872056,0.005068663022212467,0.009885088463858443,0.004446416167150748,0.0023717597418269273
Wa433eaf242aa9bdc0001,0.01776981242413092,0.9130176350045279,0.005726711587761259,0.004311802927960933,0.004401627420650052,0.0018636365346284941,0.007057194203731931,0.006407837913344837,0.0011129631705278625,0.00514325566161154,0.011070524960099226,0.004445988418121346,0.003983782592958563
Wa433eaf242aa9bdc0002,0.01889959009358531,0.8995478411511169,0.00543334917818582,0.005422500555017998,0.0034905417849416497,0.0021346452525873457,0.00858460333118691,0.02101060858483832,0.0005568274145933406,0.005421088510661605,0.007333911343809129,0.004445922628224656,0.0034828014911755236
Wa433eaf242aa9bdc0003,0.019473408314852888,0.878560395509849,0.004785031351556772,0.0054235993202926686,0.00363437419457048,0.0021338778672780976,0.013269130500156183,0.03833590631538882,0.0005570032885931416,0.005144176791200973,0.0067877856275433916,0.004445947239751808,0.0029273558328600097
Wa433eaf242aa9bdc0004,0.017811033200709467,0.9068688874843633,0.006067207561077226,0.005164283694855425,0.004302625958432012,0.0018564903204981694,0.0057179372727261405,0.012785273004499994,0.0008348099131077538,0.005425970405701759,0.011018851832258893,0.0044457702964056335,0.003429216638063868
Wa433eaf242aa9bdc0005,0.017862829180728897,0.8381513350437371,0.004979399839132782,0.004864869460758089,0.003199636691090895,0.0018552088734329647,0.01864943910597513,0.07410592060057633,0.0008349869566217723,0.005143541616887,0.008197192773385903,0.004446440471092824,0.003760234018978648
Wa433eaf242aa9bdc0006,0.014663440787649105,0.8960611489999585,0.00575704049182597,0.004867511306809161,0.0046226388257031145,0.0019946320826308224,0.009737950660739386,0.02347000617067795,0.0008361990150116398,0.004589231974904697,0.009600505177047462,0.0047233934080957805,0.004967494941846299
Wa4794774ced410db0000,0.010712663187663885,0.0016813219252408865,0.27666367424354527,0.0805226162115351,0.12428557128221937,0.35850818266517,0.040803416193810164,0.002066235741587583,0.015813977077831883,0.006463776402192356,0.012602826645978619,0.040896298226412074,0.008658270293393885
Wa4794774ced410db0001,0.008760869454448643,0.0016291750300556306,0.2556802175509423,0.08113878312065924,0.14260773108492955,0.3813564067635365,0.016632949225948147,0.0023674449514021227,0.01421940480892006,0.005958743964542169,0.013684188248514025,0.05029221577879572,0.006830633662587899
Wa4794774ced410db0002,0.010197305634220482,0.001859769925864543,0.2699110728941125,0.08320311429532266,0.11653337752007017,0.3787564352486533,0.022687656238981748,0.002596686317509718,0.015001484267787904,0.00632845992308718,0.013843027817549708,0.047840035484299895,0.007179141129670898
Wa4794774ced410db0003,0.011398336001730564,0.0020761080660903187,0.2739461076152394,0.07897088079777505,0.11648656471539472,0.37888152527781327,0.02036156723037543,0.00215150605135345,0.013555433071962553,0.006135808275626361,0.014258337381173438,0.05305113486100685,0.006509430284594399
Wa4794774ced410db0004,0.011612262614162684,0.0017140467384746964,0.28175746936662704,0.07407277440690857,0.10740798141418925,0.07382679611730736,0.01344821124071085,0.001912567516065758,0.013967747268194077,0.006141848702392412,0.014692488918478236,0.37103673614887783,0.006520159772012966
Wa4794774ced410db0005,0.011597947718769791,0.0015348348607391931,0.23282389827082664,0.08119816816602118,0.17368657582610952,0.04243897928309928,0.016386524686189584,0.002367473898675989,0.0157678932265376,0.006415322938976541,0.013661958443426443,0.3706278062468232,0.005933736172784254
Wa4794774ced410db0006,0.01076767639887469,0.0018029041621044413,0.2589677214228481,0.07720488238450575,0.1746397905690912,0.33918424381910917,0.018394608640450758,0.0017251608034101111,0.01393910469258992,0.0068253499663235755,0.013273224637696467,0.05365526004195921,0.006558160634364768
Wa5b0c38fd83642d70000,0.009323408148016075,0.002207854175936693,0.08706438892421602,0.35413918321798943,0.022140471221515756,0.016724324912676686,0.06780432515977403,0.007333672828403462,0.14782140267503116,0.016343795080450144,0.034415592307149655,0.005760681710880518,0.015664324389278506
Wa5b0c38fd83642d70001,0.010876765954769961,0.00786239748608644,0.23633824508938148,0.1808073590432092,0.02626252280061486,0.017044937688602723,0.11950877981707493,0.09657706304858836,0.11712392445280546,0.014131966394488953,0.044289604316350706,0.005751597409186966,0.02061645814879859
Wa5b0c38fd83642d70002,0.011389472303750222,0.00301487928112512,0.2162519406598642,0.183760571591011,0.028062937671472638,0.014638745003422061,0.17435192193638296,0.017838520804953722,0.026658434664788327,0.012656746987886465,0.044246399706278416,0.17431028824125783,0.05508933284874142
Wa5b0c38fd83642d70003,0.011060867222572258,0.0028663235262205563,0.17835094441487656,0.21321199206601127,0.041082482254502437,0.017471095387937178,0.25571276190150155,0.028738100608000625,0.029640719141166647,0.016558233870393832,0.09875915852290754,0.005552159490081946,0.055698357456841915
Wa5b0c38fd83642d70004,0.011005494560084997,0.0027411948330131413,0.1899507171029429,0.18981873665567692,0.06202741584255809,0.01487185854133767,0.35195669011302616,0.01030416915354946,0.0346321479016189,0.014458777798745158,0.056379091865413546,0.005337721341301292,0.01643055604354674
Wa5b0c38fd83642d70005,0.011051366229218025,0.003066905175975359,0.19195410304756635,0.2003774708199954,0.077581427108258,0.014933318864859105,0.334857247329068,0.0064263159667998695,0.03514130528790141,0.013238676496674104,0.04937019161813055,0.0072980446118115485,0.014513673299683841
Wa5b0c38fd83642d70006,0.008359125565948278,0.0030280663351742714,0.1790823377869866,0.2053849342200791,0.0669634268957469,0.016431660741234547,0.14549727103310467,0.004926512176587111,0.03384388971007014,0.012504004445786107,0.08864858949383213,0.005982723668147417,0.15876906690434014
Wa61f059ad132aba60000,0.004088625795849485,1.4549905424414897e-05,0.27863528529957454,0.021787442957379447,0.01017671067936218,0.454840819576088,0.030645142102563045,0.00042803857447491067,0.008467200686636988,0.002788661143331615,0.003924876216641423,0.17596201217430826,0.0014737746911979539
Wa61f059ad132aba60001,0.0037231621070668982,0.000574810126566764,0.059478873920150395,0.02500130475830672,0.009117477022623149,0.723155761319529,0.02966752247357945,1.7506695242658872e-05,0.006549318283762253,0.0022373348246091653,0.003954967160796704,0.1273392812354421,0.0017381324137562327
Wa61f059ad132aba60002,0.0051066003409626914,1.3929340659350016e-05,0.034151115725345994,0.026042168207519166,0.007078272739560224,0.688021513730671,0.019667555335141383,1.1393370615751976e-05,0.008392501219288848,0.0019519453707098735,0.0027658860649595485,0.19726297759758973,0.0013057604912553242
Wa61f059ad132aba60003,0.0034409160243108975,1.4785718960145965e-05,0.03493545363714958,0.022307452078007342,0.007352777824696612,0.6960288962083849,0.020224399117898008,1.2093493257547174e-05,0.006594536620245434,0.0016746285988411313,0.0022091204864567748,0.19749172812561777,0.0007568282255191465
Wa61f059ad132aba60004,0.004566360347631175,2.8038201183713696e-05,0.04770999974168447,0.026990752656119964,0.008224785098896934,0.6208808964545292,0.02442675380947664,0.000992327854659247,0.00864689662213386,0.002520857964351914,0.00388109814567557,0.24118759036163598,0.0018927719076668927
Wa61f059ad132aba60005,0.0034395265986819803,0.0008466396924144826,0.04668986937537379,0.02013004573733217,0.008475271995322196,0.7062944490431428,0.029801140186304226,0.0005650903626549788,0.006032914220088656,0.002229378394871177,0.0030220483454342175,0.1646101833048443,0.001195607282729959
Wa61f059ad132aba60006,0.00399063159276783,0.0005642998799183879,0.043202697108916145,0.02289642774206244,0.006414185390660562,0.7275853166284377,0.025473499329747393,6.232600455944496e-06,0.007049700083613855,0.0019491522577446136,0.002790546774329958,0.15007494478854772,0.0007184940687350746
Wa857080b36e8cb110000,0.0011240361426886067,0.0005650365383665912,0.007067321889330632,0.020877479232184547,0.006279469159287411,0.09023064586923124,0.001534674784925634,6.917806347782293e-06,0.0005612994386427736,0.0011161193399926521,1.0307536545118793e-05,0.856503121551994,0.012998587775039674
Wa857080b36e8cb110001,0.001124806398086181,0.00029416421535044475,0.00919180325814189,0.02497415694363372,0.011540795849556723,0.13457735909157686,0.00126194626724384,1.1102302691090964e-05,0.0007868614081332756,0.00019806286684721254,0.0007587252542906468,0.8044585075353451,0.008853159717164895
Wa857080b36e8cb110002,2.9465325631763223e-05,0.00011822903651486009,0.0066052287744491145,0.02118092029927173,0.015495824821501554,0.1742261508539777,0.0014126070671164922,3.429635776845599e-05,0.0005695564027935118,1.9946208596145137e-05,0.0003980520524622453,0.7674056575695852,0.011635823376960442
Wa857080b36e8cb110003,1.7065684980350347e-05,0.000118696295778141,0.02352713868596927,0.02457874239260733,0.01662734412894186,0.14731501927526183,0.0011358439031401934,4.8524835607413326e-05,1.3386905287961748e-05,1.9305541672904446e-05,0.0003972018596230619,0.7743397297867355,0.010990860134419217
Wa857080b36e8cb110004,3.1282650544089805e-05,0.00031628691499323324,0.011309257204230887,0.03298222575385658,0.020432690437825175,0.14206712185897052,0.0011531485859228338,5.285768407506393e-05,3.2585791476771316e-05,3.011943143733367e-05,0.0004123198008422148,0.7808507495826921,0.009153968499906615
Wa857080b36e8cb110005,0.00015863291905083071,0.0005703814476829456,0.029517284799986294,0.020804428958219653,0.010236662728818376,0.12597752238442098,0.0005754416732136346,2.320129280927852e-05,0.0007854936367938425,0.00019614255409609936,0.0005700332934124877,0.7983891584073692,0.010509758382160823
Wa857080b36e8cb110006,1.4527665439319946e-05,1.293281902382981e-05,0.007049624918106217,0.019700269686652016,0.007839267869808837,0.1356416447672984,0.0011208978881693853,1.3252774573549233e-05,6.9950875034727564e-06,9.91859359009488e-06,0.00038416856935301905,0.8181159396382408,0.00979413628406605
Wa90143ff735b972b0000,0.0034722866541585574,0.0031283200494871943,0.0437796405987379,0.3014073447185543,0.026191797210877006,0.005497294367982228,0.06059368676636799,0.02701077881453249,0.007185405265249288,0.03324124052853612,0.06614680625371294,0.021621185674608343,0.020359196627133598
Wa90143ff735b972b0001,0.0038632232125613004,0.0024150541326357494,0.07186450860631094,0.2784425133546094,0.02562367986591772,0.007951883146158868,0.13702129896399057,0.0173462203121914,0.0076476423027402735,0.03310957949500779,0.04780775205241613,0.019908635670396062,0.022237629930366223
Wa90143ff735b972b0002,0.005192205614449923,0.003431224985222375,0.07282634081051831,0.29432235083269365,0.031785349877749045,0.008146378193192088,0.013138031920557324,0.024219170284571857,0.008893573481643484,0.03465510310782711,0.05516051342810484,0.018545912117202322,0.022666861999666728
Wa90143ff735b972b0003,0.004346447257623806,0.0024963108518102468,0.052614291128334094,0.2797745945079128,0.026151979162183845,0.003999742921253007,0.007731752153334724,0.023553866019304072,0.00904729635477741,0.033574753830242055,0.0631238601681735,0.01599081190989326,0.022256918217420395
Wa90143ff735b972b0004,0.004638854482697021,0.002712996131027295,0.05564081171123022,0.28438133847799124,0.029880805934607787,0.004093150801361015,0.01329445861508924,0.018466323566681257,0.009301601959533076,0.03246282427948823,0.07072561538745294,0.023253958845285073,0.0236890942070021
Wa90143ff735b972b0005,0.0038197533249094843,0.002494400502743691,0.04827530766393992,0.3073696050771627,0.026714457871208106,0.005386121195762757,0.008656043663929995,0.0175158047248104,0.009126135149979897,0.030795230152254174,0.0669135127098372,0.02065304692274852,0.02205625056666964
Wa90143ff735b972b0006,0.0037048108811742033,0.002615898280861375,0.055551121736134614,0.29502080831989264,0.028305891727431993,0.006353895270730341,0.007027062004796301,0.015968455244716365,0.011936525555935837,0.03594600036749908,0.05999931440623627,0.023317107474234086,0.022401868665868813
Wa93c026225e11f340000,0.6744283750527473,0.2669581646659275,0.002802853115783228,0.0028663473394982264,0.005455266233846963,0.0026479560761793405,0.002113274395596325,0.000557917381633251,0.00111623091642087,0.02016560070984343,0.002229115890043631,0.004276011307827024,0.007064665238402924
Wa93c026225e11f340001,0.9023130198896133,0.004633114558061661,0.0053009851312991576,0.0026483914893546154,0.0030477790531463268,0.012877956501403482,0.0011152739950548167,0.0011133535451327795,0.0023211289000393096,0.024703546695405143,0.002119150862131832,0.0235587977817077,0.007880493178661461
Wa93c026225e11f340002,0.6718208399894929,0.27018963097052345,0.002711266045885761,0.0035725936693057907,0.0038812861393150654,0.002644659651905358,0.005632692667380226,0.0011128790638484096,0.0011163167703941233,0.01820170330050396,0.0016730583672774938,0.004287026332119096,0.007031777114189967
Wa93c026225e11f340003,0.7464814931265397,0.005192183638791749,0.004200214652666032,0.004882326075301489,0.005560340945594026,0.003296294751636529,0.001674646720715804,0.0025052498496791896,0.001401797277032846,0.19168695451705173,0.0045334079367498155,0.00404527348009905,0.013098135827889983
Wa93c026225e11f340004,0.6715548056704378,0.27002459495670383,0.0027102741861948117,0.0037557641816918005,0.005733414571458084,0.0026447759435322972,0.0021133923588411018,0.001113350764456834,0.0014866802467711864,0.019138321683800145,0.0018579693199420912,0.004010142462235027,0.007306154581927358
Wa93c026225e11f340005,0.9246063080862652,0.003893226770912624,0.00502462251511205,0.003205333655485997,0.005179003885791009,0.004684853580353751,0.0016716296672242455,0.001113786163085132,0.0026003498718900325,0.025090005383129922,0.0034176568652472335,0.004486158316122137,0.009308241431262411
Wa93c026225e11f340006,0.6508390210047124,0.2847150567908222,0.00400855436612902,0.004905760959865343,0.005179211983700711,0.004312661804407827,0.005632882337252995,0.0005574906146868998,0.001487253331922511,0.01543192681349964,0.0018589403454388547,0.008866567956764377,0.006113182666134638
Wa948226053bdb8340000,0.0029773267979526096,0.0008346882342927117,0.1181577538874064,0.2211331509390746,0.031737029314466314,0.029188232834012406,0.012679200979797828,0.18889167625795536,0.0071240568118197305,0.14052945752495158,0.015369499357020422,0.003625010808760674,0.18870599319656112
Wa948226053bdb8340001,0.003918814791054246,0.0008218207602654675,0.10726833846718545,0.2416310203806934,0.031112301781814337,0.028461175546074084,0.009032637003055106,0.33340774824514324,0.008033890694432836,0.1216590213429343,0.017034916901300712,0.002495697534989861,0.05793211092016071
Wa948226053bdb8340002,0.004215973558236785,0.000847460882624902,0.10569225977702663,0.23815431603347145,0.03185692453058299,0.027228612722537317,0.011062661496597709,0.25118033393336064,0.007974217541136338,0.1359745185006331,0.01667334945947129,0.0031714626718987293,0.1305168888267537
Wa948226053bdb8340003,0.0029212895880619976,0.0008522762742798144,0.11275996595383664,0.22253730687814943,0.03514780481099113,0.03153345352155837,0.012312066057465864,0.33526549635275127,0.0061169663168200395,0.13355428737624475,0.017732091628967012,0.0027416547863630234,0.05186843341346029
Wa948226053bdb8340004,0.004732105149089627,0.0008531402740712791,0.09861938711299427,0.2398455709286908,0.03689720703782261,0.02790390377949516,0.008810668585295027,0.33930567093523806,0.006522556794018998,0.13673789887794216,0.014893597259519584,0.002897540889025099,0.043202656648522304
Wa948226053bdb8340005,0.003663801284379974,0.0008670344069461684,0.10568326068311192,0.2403402552410484,0.03515166098493586,0.02965936173378185,0.011838399378844386,0.32222426309520624,0.00855766698946276,0.13250197617258058,0.01505705118551451,0.003179475042903103,0.05551092871077657
Wa948226053bdb8340006,0.0036599970240813037,0.0008951461213051446,0.1111458416444844,0.2516565092196954,0.03608100831591862,0.026332290395918848,0.009736613790282463,0.27414775278792886,0.008054978430362977,0.14438497881627144,0.018577495015432103,0.0026492440695468616,0.07416714845855464
Wa9b31ae7cf2469740000,0.0008378508298327381,2.3762586410152053e-06,0.001042518211994546,0.0005686160641545474,0.0002876721022136544,0.3601886875983859,0.0030649299278247464,1.5413861746859336e-06,3.6144535985339034e-06,0.0005569383261347725,0.0011147218436406835,0.6260144302356805,0.0063130069514828495
Wa9b31ae7cf2469740001,2.3359385864081673e-06,1.921442629659424e-06,0.000851389602646216,0.00028558746516480665,0.0013969850269051364,0.35459529921587685,7.30151600740244e-06,1.6972825433036032e-06,2.743483846796094e-06,0.0005566212241918864,2.8665400915986823e-06,0.6361718375720136,0.006121213488673216
Wa9b31ae7cf2469740002,0.00028154971867934306,1.947170167268418e-06,0.0008501929841410683,0.0008424167442823015,0.0008413016313981734,0.35862894613321616,0.0015421315201284709,1.720009638336072e-06,2.4918167047760262e-06,0.0005566354906879285,0.000558504946133931,0.6296085193147082,0.006003590583730141
Wa9b31ae7cf2469740003,0.0010214979638636012,0.0008355458107383662,0.005846747932743431,0.005509416174159572,0.00522474377071214,0.35045913306316107,0.0027926957547059453,1.784366831396425e-06,0.00022505717602322637,0.0005568545834678481,0.0011144932580184176,0.6109351354033352,0.013251802101865637
Wa9b31ae7cf2469740004,0.0002801084200665373,1.9169287934833733e-06,0.0015889351108267819,0.00107049525849874,0.001147486947283335,0.31914854112914315,0.002929498793729248,1.356057803695934e-06,0.00022467495888378207,0.000556618561250955,0.0011140233618309628,0.6623686793238873,0.008732135452053057
Wa9b31ae7cf2469740005,0.00028010577249234147,1.9145106795123147e-06,0.0004696756240047726,0.0005651153936059644,6.610613704628259e-06,0.2693953811866094,0.001816141793416707,1.691151757870265e-06,2.5362234435351406e-06,0.0005566206478330532,0.0005584372182009615,0.7180408104654977,0.008024775757752975
Wa9b31ae7cf2469740006,0.00028013127473314376,1.950457056582747e-06,0.001398192847720802,0.0005629210658228878,0.000563644773154338,0.357965333102025,0.00292941218463128,1.5016894241207974e-06,2.472581111689077e-06,0.0005566373122979344,0.0011140656345819536,0.6270428413558305,0.006745213638339785
Wabb35a3a44185f260000,0.0011976892746820365,9.42636026608998e-06,0.008670716498312366,0.004787716166160342,0.006742389144003594,0.04337103154166654,2.120082523625554e-05,6.0980150803196655e-06,1.909780421117371e-05,0.00057619719498777,0.0007510296372530699,0.9181841830272099,0.015370101959063255
Wabb35a3a44185f260001,0.0017412562982298818,8.184275906734364e-06,0.010603994378622071,0.004872441349660004,0.005908511449448352,0.0417499135534453,0.002518088961184213,1.0500079647838737e-05,9.294090987952515e-06,0.0011301154640730217,0.0007496386984514015,0.9138050579062731,0.016419720251491063
Wabb35a3a44185f260002,0.0015001589566877923,8.540824134702694e-06,0.012021620887467442,0.0032107009759748156,0.00509007342276251,0.04422271677102362,0.0025175288279494336,0.0005665154688627058,9.698834051910466e-06,0.0028137829715395926,0.0007500261904861639,0.9098315798903263,0.016982271661678833
Wabb35a3a44185f260003,0.0020977427621768525,8.273186235317395e-06,0.009248268055873452,0.0036657574898982664,0.005621727794854465,0.04046957261165114,0.0025183057739746077,8.746910668494507e-06,9.338938824101265e-06,0.0029377867074959108,0.0007497354658506361,0.9134959342403512,0.018695261342666712
Wabb35a3a44185f260004,0.0014648178492190575,8.25655733005774e-06,0.009793772958910691,0.0035713827683578466,0.005071257625407147,0.039112929780908745,0.0016836056919746671,1.059292530355775e-05,9.243892654060071e-06,0.002797902560201804,0.000749717385011682,0.9178257730354693,0.017427348671389675
Wabb35a3a44185f260005,0.0014251112236050266,3.984835764572698e-06,0.008836053806347551,0.004007145019239296,0.0050375386819167985,0.04174304194173359,0.0013976922501467452,4.0140147127436585e-06,4.52366711458473e-06,0.0011183023934264518,0.0007450730911652235,0.917442006716287,0.017767447664852068
Wabb35a3a44185f260006,0.0017148115313054824,0.011856757466923292,0.005944825528063178,0.0038292097325997314,0.004494947247447788,0.04108341987950174,0.0011219981305970745,4.032486336041344e-06,5.653495343214019e-06,0.009067370700623618,0.0007460741086541611,0.8982934147496082,0.021365768641903832
Wac33d09a667cb3570000,0.005976741480156385,0.001525201921055466,0.022164247067551022,0.05527561490476004,0.02054147587148498,0.023499105435176096,0.006577551685984063,0.5342415336026991,0.008738451443283737,0.08817298193699334,0.16550687606187775,0.0028894071224710625,0.009964264666955665
Wac33d09a667cb3570001,0.0030569843295256004,0.00028045460959251874,0.008680131850399566,0.011050821920525125,0.01081335334131585,0.008226072671614881,0.0022640100628276874,0.8967239961420698,0.004169197000151267,0.021042154239299057,0.009466785675403754,0.0019457934256722563,0.006517630854571071
Wac33d09a667cb3570002,0.005482877070451552,0.0012496689280171456,0.02315160808835741,0.07221365735881471,0.020428687835147816,0.01778130624470481,0.005448182580789989,0.5296154629514517,0.006651490408316036,0.08251334426524769,0.16570723192306525,0.0029506881770754462,0.0086613556926311
Wac33d09a667cb3570003,0.005528865119794591,0.0013119506492340579,0.022636086772584982,0.0607086028187643,0.02182019184776314,0.017427469414211704,0.005540195963151824,0.4704807300660511,0.006694541638528771,0.11989881738573159,0.17662421048420252,0.0029947959448438873,0.03850150446622689
Wac33d09a667cb3570004,0.005583230780618963,0.0013811598124610677,0.0239877348947318,0.0654262062779766,0.024509212079091947,0.018648106784058555,0.00612175684153627,0.35681724405621645,0.006664786494109817,0.12603928612435392,0.14894895450310722,0.0031892007065613685,0.15166383851901433
Wac33d09a667cb3570005,0.005543159544850126,0.0013267921877481216,0.023061503920940966,0.08056487424867831,0.01937443219346291,0.017833616996174525,0.006011624231884114,0.5159585752965169,0.008278438589562452,0.10196333577377974,0.14122618472667542,0.0032875204119974665,0.016116760792943045
Wac33d09a667cb3570006,0.006101717542857736,0.001052358367050594,0.026355071068920963,0.0841816042015841,0.021544220104883077,0.022188724985674146,0.007381801496281055,0.49166009604060396,0.009619742157456451,0.09905532927453965,0.13685667633962906,0.0030125853573595225,0.00817422137884799
Wadaf8416360a220c0000,0.000605671517750563,1.884488358852756e-06,0.0013342809040068158,0.0008734452559523215,0.0006757364928264524,0.356028255323551,0.0005590317590987903,1.2289885679203763e-05,3.4579931293758723e-06,2.9365620089745353e-06,1.6784515858948462e-06,0.6223684567625871,0.017529116421390396
Wadaf8416360a220c0001,0.00043183932129143855,0.0005724441172187899,0.0012486050616048298,0.0009282963151554382,0.0002064478273362524,0.3575686889585498,0.0005888355421368657,0.0001266947021351465,3.041405349683163e-05,2.4803819133309152e-05,1.5077573402456023e-05,0.5958004595098316,0.042424012452673764
Wadaf8416360a220c0002,0.00017164657333914893,3.754982016332383e-05,0.001397764322801185,0.00028060031370261645,0.000859491571316184,0.36600649997105267,0.0006340782785747666,0.00024552231708125147,0.0006222538542906672,5.457251492245534e-05,3.3523306015611916e-05,0.5921548288234979,0.0368677977739634
Wadaf8416360a220c0003,0.0006707096912288335,1.7986786059665293e-05,0.0021574716539589102,0.00010412949686088247,0.0023350569867841525,0.3522155963825267,0.0005909533792951326,0.00011760752699748206,3.248143351321243e-05,0.0005834623270898846,0.001127067144071601,0.6047766866406212,0.03523189118159337
Wadaf8416360a220c0004,0.0004094818457615527,0.0005714401044253788,0.00154667391226872,7.420719223573302e-05,9.833476546893109e-05,0.35707347861161454,0.0005868562846810683,0.00010315635311192807,2.7250406153005245e-05,0.0005789567892277928,0.0002918689808566014,0.6025819655556424,0.036022237851890605
Wadaf8416360a220c0005,0.0004026132776394418,0.0005717140064052335,0.0015386061403399114,6.921523928059742e-05,0.00010181718384995519,0.35645399429396596,0.0005873961202210077,0.00010489363933021655,2.8642018468033192e-05,0.0005780829913446939,0.000569949437716014,0.6013340049669174,0.03762459116902591
Wadaf8416360a220c0006,1.9338200649138323e-05,2.04444120214556e-06,5.398911666997686e-05,8.838245654326486e-06,0.0009628387531927017,0.35619963530740834,0.0005596024771564359,1.3367732125066508e-05,0.0005592109671079639,2.9764679688053408e-06,1.8480395815489193e-06,0.6257410044814571,0.015315216624358415
Waf4284369bd947370000,0.019750753254928477,0.0028821446392853015,0.22368060036922283,0.06292863854649317,0.022299846297409477,0.2191954894623354,0.19494034049846115,0.010705728665516803,0.017510355985636345,0.0390231598216715,0.03882739079095765,0.0039275646055094045,0.03131435075734849
Waf4284369bd947370001,0.018894223782656507,0.0013865516740791614,0.40771808121104236,0.051151229756145854,0.018664025676940837,0.27716425000913425,0.08889021657773666,0.0074327394699659,0.010481373461050022,0.018099602047046567,0.02841095122547445,0.002535844618843148,0.013258718738384558
Waf4284369bd947370002,0.019765199539361768,0.0012384100242375082,0.45580954271354224,0.05296091721205268,0.018925604223459905,0.26728741589670296,0.04093091403376891,0.006845422543221519,0.01186127728929594,0.017205578277512137,0.03019366216403614,0.00236197669305894,0.018430147264239555
Waf4284369bd947370003,0.015468406281605855,0.0007576637796013252,0.3817817815757786,0.05492235013232367,0.026537006324690325,0.3280589117631494,0.03404463123415625,0.006794201893324864,0.013892764007618597,0.01929438934192069,0.02407550845514578,0.0021356200406853756,0.019940246469031343
Waf4284369bd947370004,0.01858615751539874,0.0007851996453254709,0.38559219310349196,0.05620996073525722,0.14971740263029007,0.21688286622458783,0.017910093283874988,0.008323109366657226,0.016952624661220106,0.018654255853903973,0.024500146248363285,0.0024353970504094,0.018651909493850823
Waf4284369bd947370005,0.019055203496281415,0.0020402191599000834,0.1410791404737323,0.051180033181393435,0.031763868130047224,0.11542973493478485,0.4388294912141826,0.010448593490607368,0.02145520624390281,0.03279557898178758,0.028955316047515656,0.00393323981945409,0.018439396084318663
Waf4284369bd947370006,0.018615622225409904,0.001953308122610867,0.14476897044745904,0.054827169424483235,0.020046669938495448,0.25054736867290955,0.3010543582357063,0.009434244795868739,0.01500403655645662,0.03272166470093566,0.02823260485136413,0.0033332079256707466,0.020827238535605076
Wafe031a9dde0317b0000,0.005472693374042132,0.8847148584860438,0.0022274376239453937,0.00259719833273546,0.00028340203803565284,0.001670641447398233,0.09317507210241728,0.001668471013499133,9.283980815318092e-07,0.002900901323743036,0.001117022417367339,0.0025008867826170596,1.8984684677020435e-06
Wafe031a9dde0317b0001,0.005470170227017465,0.6621283836099688,0.0022272863543983373,0.0014855436739825976,0.0008370018895283016,0.002224395589127062,0.31770877094849004,0.0016730077079677257,8.772627577415925e-07,0.0031787131318768767,0.0005615475438464399,0.0013897756775479667,1.5259572884347536e-06
Wafe031a9dde0317b0002,1.2476721409398999e-05,0.8400109211596328,5.562705001260379e-06,4.337956035124659e-06,4.7348198641922486e-06,2.473519354902646e-06,0.15840711703002253,8.619815375761767e-06,8.806640250453066e-07,4.155635854053265e-06,6.354406571026679e-06,8.867825078739594e-07,1.5804223291704395e-06
Wafe031a9dde0317b0003,6.8831910935265735e-06,0.855399883140358,5.5613076422086835e-06,4.3268007040994584e-06,3.481498261736383e-06,2.483636381417355e-06,0.14302669443514363,6.994948490008911e-06,8.854630854834595e-07,4.070585073254119e-06,6.3813331862880235e-06,8.896488516188604e-07,1.5804269815529034e-06
Wafe031a9dde0317b0004,5.310015459222263e-06,0.6676978346011189,5.390388039368071e-06,0.0005607969805668309,2.4636548841253215e-06,2.464934733519579e-06,0.33115120252723784,2.6670699305537307e-06,8.96967403851595e-07,4.1967553785671766e-06,5.852613467051382e-06,8.867839954428735e-07,1.5987372001586915e-06
Wafe031a9dde0317b0005,6.504448971732001e-06,0.8521650639957181,5.452788513632488e-06,0.0005606034693729565,3.1487114911338946e-06,4.260923605484195e-06,0.14667967680897492,3.5291685335009587e-06,8.782564077534817e-07,4.1269590614782e-06,5.8518758493091465e-06,8.919570333041605e-07,1.5720146290263611e-06
Wafe031a9dde0317b0006,4.616877072926096e-06,0.7084755388792499,4.585685561261513e-06,0.0005595775912003427,4.510733981359194e-06,4.460052452894834e-06,0.2903723278611537,3.213852054522697e-06,8.80548870090266e-07,4.1267959846907756e-06,5.911723015738592e-06,8.867840704252676e-07,1.5720156627970193e-06
Wb332d3101cf4d1c00000,0.0024396455241185444,0.0010380500258708068,0.07652444182751733,0.2716333458642347,0.03391940421561313,0.01983914392621089,0.0329165261738608,0.01748039026438479,0.014696432168258583,0.34227213210911,0.04121054503946336,0.010241907264385517,0.044780351592293016
Wb332d3101cf4d1c00001,0.0026132647121058904,0.0014398224017703335,0.08389503835004164,0.2588629915502754,0.038003744882549574,0.01393473222504015,0.014900051159675713,0.020195992465588678,0.012123194051162405,0.37030267689379387,0.03999327559646629,0.00960692127757069,0.043968037766489
Wb332d3101cf4d1c00002,0.002985414318083756,0.0009002433324822017,0.06853656763272516,0.02662146654829729,0.020785590477939944,0.011349444899469999,0.051873353868980294,0.014943363254683492,0.0075724111457778085,0.31976781371329827,0.05327028691019989,0.306848916061686,0.03458718221137468
Wb332d3101cf4d1c00003,0.002836329802902083,0.0017327285564173178,0.06465783674544952,0.025044366491420552,0.01994284042631363,0.010780934286971711,0.05783467613381762,0.016671769516057817,0.007924568701020237,0.32217807586439756,0.050905415192902655,0.31238316865792504,0.03431016846957475
Wb332d3101cf4d1c00004,0.002085655036484939,0.001422623528593404,0.28664962758881585,0.03958005218554654,0.028974472340655054,0.024188954217441553,0.029495866498445614,0.025654901863005168,0.012132548336953009,0.36519306848751715,0.04189196493793946,0.011402568298546575,0.041580102203641375
Wb332d3101cf4d1c00005,0.002203965441027446,0.0014194287478843375,0.21725018687458192,0.062129006078227564,0.027474340384337787,0.03186087757883644,0.05252143033891641,0.020317957782156157,0.009043306214686875,0.3713837390737894,0.05243464186135361,0.011369201714711154,0.04887775912294677
Wb332d3101cf4d1c00006,0.002177868735249278,0.000863004345821138,0.14353087726677358,0.06488869847148278,0.027196712763117994,0.029106069909623427,0.0449541573478017,0.018454216027372013,0.010225563888938713,0.4203857345605,0.07046481546465559,0.009950026067783783,0.06717041629823567
Wb37ad6ce89974d2f0000,0.02358319134045406,0.0033304502194514314,0.07802704903170178,0.14185852391892706,0.04345805544199597,0.064166805245085,0.017506569713461158,0.008647033936910131,0.015908338677052363,0.2899376091000158,0.05483810399175378,0.009060527953271275,0.029049352328280112
Wb37ad6ce89974d2f0001,0.02147743429099716,0.003151259955931001,0.11095461376381126,0.09452270824315982,0.042397932570164006,0.08014725777866696,0.02242883061730494,0.008504719152962829,0.021854362342630575,0.30919302850828706,0.05438265463880704,0.014709419307593244,0.02007147241270153
Wb37ad6ce89974d2f0002,0.022265224449483145,0.0037367755996013437,0.1778259139871321,0.10463662632395994,0.046170263765023443,0.04523154921087172,0.0157067266090978,0.008778267098293433,0.011920416768203433,0.30221574963034864,0.05615944996269941,0.00657887431243987,0.02814117271046618
Wb37ad6ce89974d2f0003,0.02376077763407228,0.0029277991581096,0.10577786888821876,0.07091123495348997,0.03366794796451769,0.03922205706128476,0.01145519663435269,0.01207377262079787,0.01323155181114687,0.2990840443155382,0.046171037972486534,0.01097360585351012,0.03011278475563197
Wb37ad6ce89974d2f0004,0.02393415061697585,0.00284981974595532,0.21528488058792028,0.07213657866562281,0.036777504870668984,0.06534175542129947,0.018065464127023208,0.011020175294884417,0.014673382385112208,0.27635873857643983,0.029150703196473116,0.012757214067642285,0.02212471675819521
Wb37ad6ce89974d2f0005,0.025594517692944407,0.003084614823406041,0.2456056997661774,0.06870290985796589,0.041195420679328555,0.05232784806092853,0.014855277472299526,0.006499370986076316,0.012001580160036643,0.2872610629054674,0.024770521545955396,0.01744091902725331,0.02067304359454192
Wb37ad6ce89974d2f0006,0.019608579052987414,0.0036896011523809644,0.21854728556459405,0.07898579988167338,0.03822056230311884,0.04688634675511544,0.017662891048178146,0.0069007707157562916,0.009714363112840942,0.2861569414604187,0.03795192925760144,0.01576922910458984,0.022250867024490237
Wb704079f55322cf10000,0.03534794907893969,0.0026507717148333823,0.09765214365949655,0.20959973261052836,0.08494811809074002,0.08791296512556535,0.015918761913473856,0.012626645547677902,0.012617009947770187,0.019526205659648365,0.28757818116937595,0.01901095907718414,0.05279068900508657
Wb704079f55322cf10001,0.03467725952552451,0.002838248201312193,0.09107103023061448,0.2448092785372772,0.08600508498393152,0.09430152360412392,0.01733301453185884,0.014687166358943243,0.012948357413427175,0.018057356788693343,0.283110921515232,0.02114452882825561,0.01990745483563366
Wb704079f55322cf10002,0.034377412095182115,0.002429085127420807,0.07958184083614493,0.23231225927120117,0.1351546221271727,0.06319944667400997,0.012133281317354335,0.01770926707275183,0.014699533417408985,0.018371520494628885,0.2587487323185907,0.020096922603731613,0.033942430634390806
Wb704079f55322cf10003,0.03884491998198725,0.002800232252132208,0.07571666301870691,0.26789189081151116,0.08612861803519632,0.0685859309288359,0.013789689412496567,0.01720054050798062,0.012421319809159464,0.01880239051798967,0.2838840776851791,0.020042022904789458,0.023739151859820114
Wb704079f55322cf10004,0.037125015085690424,0.00233311350034782,0.17682621291876754,0.053429023607032965,0.06393422622624381,0.042895717874141,0.014145596576561125,0.015113380656340327,0.14774668537911728,0.01693790667302142,0.2853411891062687,0.017865618842699306,0.016139756204731102
Wb704079f55322cf10005,0.036646866479286284,0.002373378351026389,0.11299521567488575,0.050111787144373005,0.06695694712253679,0.04591684918549249,0.020608516271272654,0.013332423289717609,0.2050705819641848,0.0171968924597825,0.2794492841348177,0.021614070180241945,0.017283344095746254
Wb704079f55322cf10006,0.03689803014782804,0.002264013191443175,0.0855582301941646,0.22864903846796947,0.1338647728746133,0.08325666974334184,0.015479560070333034,0.014030938616078044,0.0159137376638689,0.0167592384512278,0.26573040412365595,0.01884620696586212,0.018733537845177905
Wb7130727df9f1e840000,0.00959641276165573,0.0023715873713010273,0.061322754589173155,0.012182239530975596,0.03650511548625822,0.008624810982957405,0.0380536091722205,0.008921997534077719,0.07277805622582596,0.022503520880174637,0.12416204143941643,0.001633743632088446,0.2283093854944451
Wb7130727df9f1e840001,0.003952448254456676,0.002047292361762097,0.05270689468902761,0.009767614164681377,0.02993465397953085,0.0048160685514833925,0.027328045561253636,0.007007844556895327,0.11979496231235388,0.0235672682941961,0.1524303995129576,0.0018233291429900194,0.30452282266222575
Wb7130727df9f1e840002,0.0099773359988653,0.002332349113110222,0.0303022408997298,0.008774749573293326,0.02955181342123277,0.0032021335980652755,0.030617379750294868,0.006175709367750405,0.061734657442990726,0.011660975222046717,0.09467420488922268,0.001684739100531018,0.353206275320943
Wb7130727df9f1e840003,0.0034686762789416497,0.0021627772541428876,0.043542658281615264,0.011923509861341886,0.029383176833814768,0.005065736642511199,0.04183028714826423,0.008635018006955191,0.10711375331289957,0.02397880620871935,0.13076213297526557,0.001582565206287062,0.2864831345971642
Wb7130727df9f1e840004,0.0035055659552686532,0.002188555386993904,0.043302978890324986,0.012075521696042677,0.025583938149641026,0.004482295406862493,0.041854807289008075,0.008152953688152447,0.11022911422956685,0.022688542131626084,0.1322881430360639,0.0016330604910333197,0.24736520351210284
Wb7130727df9f1e840005,0.0035251176593666207,0.002620326607037904,0.03198934926248913,0.010916531821941172,0.03932744693506124,0.003517210905267294,0.03765014396149166,0.008096479109900174,0.07253933722196,0.016455024375691775,0.13462631868865477,0.0016148077907486035,0.26152445685611575
Wb7130727df9f1e840006,0.013095315854178518,0.003349647579101606,0.02905265093591321,0.012728045990849918,0.033084547493779655,0.003485111129172464,0.033016186929413174,0.01151668032637896,0.07354347348018332,0.023391226705526003,0.13112506637105573,0.001971710092784713,0.31282941235087486
Wb744190a6f40adfd0000,0.006568938477748226,0.0011874248366356489,0.41017968161366963,0.05571693146995343,0.03878652138787845,0.12541598694721334,0.022019346678741423,0.018086137905834933,0.06580377511768452,0.11011746876420338,0.023847494321189707,0.004782588590178843,0.05491279312019114
Wb744190a6f40adfd0001,0.006996550373710758,0.001164096852046177,0.40392748363523845,0.04557800829560938,0.03219045624468136,0.1253613611574336,0.021911283379074647,0.021655395312937684,0.07379895696442641,0.12538410018197235,0.022725832461535565,0.004938121469599474,0.05232207985609386
Wb744190a6f40adfd0002,0.007911476132104018,0.0012210138698600206,0.41538112526299403,0.03879240440272268,0.03390361612214498,0.0749091278819012,0.022540939803808974,0.021158629202548417,0.07221556561591008,0.1716643812974337,0.022608326040319326,0.003944920852293144,0.04871739413849163
Wb744190a6f40adfd0003,0.007202308897739843,0.0009096149934972457,0.5832973597560841,0.03533473159261217,0.03615435284251221,0.051109377304217295,0.017636086019022296,0.01941126930149283,0.06343884730630943,0.04603210066075943,0.026820501498329055,0.00323831393447772,0.0493654526269785
Wb744190a6f40adfd0004,0.00587604109799356,0.0005804947672342146,0.5603351548535809,0.031542846012539136,0.034591660196937594,0.05328960990916553,0.01924456225184458,0.016398502887856752,0.0543785577243705,0.08057014447968945,0.02829340409210679,0.0031081088289931745,0.05153107846009158
Wb744190a6f40adfd0005,0.007106570314357465,0.0008221573368105149,0.5262817654926459,0.03415942103267741,0.03465325691673665,0.042346337996675615,0.019359027397825336,0.020106066856870664,0.06587771992084951,0.11402143110084638,0.02423459518046241,0.003968273224923429,0.04799929967745949
Wb744190a6f40adfd0006,0.006356171811653769,0.0009649763624841119,0.4796210942700023,0.034691544137960016,0.032205952097324415,0.050792170200673614,0.01974855291507241,0.021622335700538026,0.06962504919665043,0.13815183673737583,0.02597180266105226,0.0032068651898725584,0.05838976344584704
Wb778ed4071abe0380000,0.0031927337397837066,0.0010475106133823841,0.017094889783330458,0.007720546480618575,0.009664150051340494,0.0015307496203581282,0.012368220864265778,0.021870850125131097,0.09593698097352754,0.17419364712107338,0.07288952633625922,0.013189680102723342,0.019702563130094147
Wb778ed4071abe0380001,0.0034274006384238075,0.0013458945667513972,0.021638796175980402,0.01023775754290137,0.012382286710714804,0.002209451026467102,0.012680133606948718,0.03430636542165729,0.08191066016629703,0.12856357404870347,0.08769362645184846,0.011148893805878786,0.019662648866054507
Wb778ed4071abe0380002,0.003000764055667892,0.0020136995383250008,0.021101327864237757,0.009471082240327333,0.010519562353767092,0.0027820141740449488,0.018875496042028414,0.02904124080104387,0.06157177996021081,0.1066605402927806,0.08614217157146448,0.009316556307699488,0.020806891476981854
Wb778ed4071abe0380003,0.0018688057659366857,0.002148660889752032,0.019000439927714358,0.008066451094597077,0.009906865454938728,0.0023946308712731288,0.25949694670292267,0.0166965229627865,0.057490832040003416,0.17856347536672015,0.08518895979049658,0.006701504434692153,0.018269706543853362
Wb778ed4071abe0380004,0.0021724390934904922,0.0022511843584842035,0.019753917531141887,0.008165216520928475,0.010969573847060208,0.002476661041577772,0.13871339548137962,0.020900663016953033,0.057838400808973005,0.1272111998549226,0.08837689789933816,0.008766315134150797,0.021767694993852154
Wb778ed4071abe0380005,0.003904868467838236,0.0026275571858572237,0.023429588740758536,0.009820213809280349,0.010313438898405837,0.0029908756330717942,0.017889700294052485,0.02105147349224367,0.060094532376766915,0.23238139918071757,0.06519624159787883,0.007284737942945262,0.019369215911048874
Wb778ed4071abe0380006,0.0017149488433942104,0.0017940542738949796,0.024314101681975026,0.007942793292107992,0.010249607051074075,0.002736184804659343,0.014597042284130881,0.02433223789194318,0.07827516185887985,0.15339972652052006,0.083408894960266,0.008859831666991442,0.019920385200447237
Wbb8c4883dd3019a00000,0.011369668933958974,7.30228872765222e-05,0.6821092098004301,0.05941556583385638,0.03990769079505682,0.024967624989948516,0.021605699842707188,0.006747142419246753,0.016922594440969083,0.05671111176434634,0.012711362666081362,0.01153300933493069,0.032294481894111764
Wbb8c4883dd3019a00001,0.01211202328778296,7.039152514288837e-05,0.644463856388141,0.052391596103793216,0.05371334205934717,0.023481859945077167,0.021461068477772325,0.007318903935607835,0.016927525270069917,0.054471485369334986,0.012116207423452931,0.007822334725090837,0.06770179389078684
Wbb8c4883dd3019a00002,0.01212671076144561,6.601782138129425e-05,0.578382783830778,0.0508679674362031,0.04700689333456465,0.020695390244509816,0.02679865031612856,0.0078801484544112,0.027418105044537393,0.13074887111042846,0.014733777358427222,0.009078479059882818,0.0477051184822853
Wbb8c4883dd3019a00003,0.012656278749343414,6.500484520867099e-05,0.5621400013340906,0.049940844738040974,0.04157340089281512,0.019157973262900998,0.029206776261977582,0.007875268859460712,0.03459508378845596,0.15585352133348754,0.015150509454174172,0.008951989673956787,0.03619881812819217
Wbb8c4883dd3019a00004,0.014107676865500112,6.841279470304118e-05,0.4810222407976532,0.044976360735517806,0.04005064334532975,0.01865930391317625,0.027729926585310847,0.009569954570745037,0.033725772947776456,0.24513444412871027,0.02179834268546437,0.006905089340830648,0.02644899638044023
Wbb8c4883dd3019a00005,0.013999676153086412,7.097943261444973e-05,0.5552232326951813,0.052797266070427055,0.04118017959386214,0.01844462546878836,0.023892731774855135,0.008476541292946152,0.033088936765619935,0.1858052957046713,0.012547655297182395,0.008406846881819552,0.020305560337568827
Wbb8c4883dd3019a00006,0.018657122337989322,0.013390256386293204,0.4155794032697718,0.0491142872113897,0.05058408391433981,0.019967664571675738,0.01450236686835886,0.004057252099117866,0.3206839449755747,0.032796450771387646,0.011725562021348793,0.010254661487138963,0.016713693964247166
Wbc1297dd69eb83c70000,0.0005639450141485689,0.033466855732373374,0.024558652772063035,0.013382356089916883,0.007801896437308939,0.005219916639478288,0.865904076693831,0.0019632364541459757,0.002661125912977316,0.004737975014118378,0.009339480313884964,0.003644013199748001,0.009066299878068902
Wbc1297dd69eb83c70001,0.001119020822322171,0.03438597505228668,0.012574504672616615,0.01379613280563829,0.007691990044141155,0.006000887361034786,0.8833631404886368,0.0019533199584480486,0.0020906564711267485,0.0036199952114872582,0.007065283365213403,0.0027925362233007754,0.006572853057972094
Wbc1297dd69eb83c70002,0.0002850049117909388,0.03411858946540498,0.030870503433161174,0.0125760395704602,0.004974641588295055,0.005684846155462889,0.8567645540139828,0.00196526553963344,0.0021675167730186235,0.004314107262194177,0.013213774761809741,0.002837531699295943,0.010597420639089531
Wbc1297dd69eb83c70003,0.0011180165622653245,0.03410839410145626,0.01623646046531195,0.011952439513348805,0.006607296714234685,0.003849522670921922,0.881796932875458,0.0019637132228554036,0.0015608736414192967,0.00359842916863084,0.007758765027483533,0.002808659406932309,0.007364667987837342
Wbc1297dd69eb83c70004,0.0008415622766732465,0.03413230865966596,0.03438758643466349,0.01249814145896798,0.004784797175688781,0.004365440687238885,0.854305379612308,0.001978200678455264,0.0022125663151424647,0.004525486834964544,0.016412122760867842,0.002847905373517625,0.0082420176450932
Wbc1297dd69eb83c70005,0.0011237884646360854,0.03466125105512155,0.013553656102660192,0.012189480578577017,0.007157824607146231,0.00434007747471212,0.8835963710778195,0.0019511868783425297,0.002097773023415206,0.00445324564248188,0.0065754330156785525,0.0027952796724390054,0.0070738433815138
Wbc1297dd69eb83c70006,0.0002844679381747772,0.03336383921018634,0.013348142641071347,0.0113638143139236,0.004846463654018242,0.003957790520943696,0.8861895384011751,0.001952650102878932,0.0018325703856870356,0.00453996336553704,0.009107050388263217,0.0027969886171784635,0.007077820822717449
Wbc29bbe3ceddcefb0000,0.0024605401987757487,0.001312412575572518,0.14787695022514502,0.017039364116331206,0.01561411413052649,0.01129193052249808,0.009441833622021155,0.06640290682833319,0.032388274496558865,0.1485145886306041,0.03372507841608278,0.004376340768434311,0.4116014807920434
Wbc29bbe3ceddcefb0001,0.002445237501600649,0.01352539174931162,0.1996558751741763,0.017871355923829716,0.015357321698640665,0.014547410416166319,0.010457826516482248,0.03906170169581298,0.026665634160558463,0.16625563840069532,0.03216506509111595,0.004518035164969957,0.3453828648189716
Wbc29bbe3ceddcefb0002,0.002578384283803292,0.0015436780378721452,0.32596582741121805,0.018838914012898098,0.017462649833269304,0.014972912529939007,0.01051622538229454,0.04343353838163383,0.033554478076531384,0.15751416793937204,0.02902095826525231,0.004703109092193849,0.22417031400481283
Wbc29bbe3ceddcefb0003,0.0032526891208632036,0.0014969243994300174,0.40821774678605177,0.019024308279074593,0.015174793562370049,0.01494235286904644,0.011306842442664465,0.04960198121031514,0.034791507336725834,0.16438136525739439,0.02969277095313349,0.004652248349702649,0.13560951509038333
Wbc29bbe3ceddcefb0004,0.0028836055145090786,0.0013526250590559009,0.1835525436744372,0.01890381069451745,0.01602620268798722,0.014293062234440603,0.010193747296702672,0.05780029244581878,0.03207157100286594,0.15687819930596564,0.033749504705377034,0.004204667789116601,0.35529927793363286
Wbc29bbe3ceddcefb0005,0.003805366021888362,0.0013777098778786723,0.17430587865586486,0.01923868546049919,0.014377283666811352,0.014432924773504273,0.010228834387024271,0.06194380578449609,0.032255377651501924,0.15530695749976856,0.033316523783593226,0.004299444815254525,0.3628520363909437
Wbc29bbe3ceddcefb0006,0.003465048010656809,0.0013723957801752501,0.35929135919121447,0.02046697065692852,0.016517208347846313,0.01466072597719876,0.010532007694654424,0.055196181382625664,0.03186479140711437,0.15870166052725126,0.026367692206848356,0.004399236628839203,0.17905150295241004
Wbc43cd69cb14bab70000,0.029007726246930984,0.0008378296356317812,0.013050199471268389,0.0006663200099207813,0.0024591814253296673,0.17514132725118206,5.460830558535802e-06,0.0005596333434190224,6.3883998804555725e-06,0.006307610269678272,4.019096056317503e-06,0.7642235674159493,0.006050603593697802
Wbc43cd69cb14bab70001,0.007652328934747223,5.226749097197745e-06,0.0033896327909732106,0.0005868957440596512,0.002819677799800585,0.3091733933791533,5.398939215338021e-06,0.0011161152963544251,7.152064547721954e-06,0.002928871163413076,4.89169790844017e-06,0.6643500872039224,0.006277087933721697
Wbc43cd69cb14bab70002,0.006692901135706264,7.3865299730960016e-06,0.0014808992497849505,0.0011451127650610878,0.0003224465944519095,0.23743923902983155,8.457058689585058e-06,0.0005635738291478696,1.0398175500857417e-05,0.0034887389278715143,6.944214757404398e-06,0.7337443250802558,0.012751721788195135
Wbc43cd69cb14bab70003,0.001413902383148555,0.00028206455343333356,0.00667675479858354,0.006702597214937712,0.010844955671669815,0.23797520423572607,0.0005608397730366368,3.996847941451397e-06,0.0005655486220973262,0.0016800864692246668,3.89285662871531e-06,0.7046380369364248,0.02780575056326437
Wbc43cd69cb14bab70004,0.02622018620151513,0.00028419134699387644,0.0019363690066320207,0.003086454846058273,9.95123211994815e-05,0.1599588420361042,0.0011214945083307278,0.0005594949591139509,1.2669221542691444e-05,0.008208701690097341,5.962509286315721e-06,0.7793457466771961,0.015714550672171868
Wbc43cd69cb14bab70005,0.01402760902420835,0.00028205713191929564,0.003328064174671716,0.0005755079004599105,0.0008876202728592444,0.14239573340976597,0.0018437954406285415,4.639277086309822e-06,6.594303152312768e-06,0.005844380529562087,3.974150231479328e-06,0.8203849706563804,0.007901776997713595
Wbc43cd69cb14bab70006,0.034905552383174276,0.00028628595378077344,0.0033284127975187947,0.0029631834640156444,0.0025468484098784537,0.1491749128169428,7.17192932652926e-05,8.154300847510937e-06,1.3090100626816626e-05,0.01063025824870098,0.0001931881630444514,0.7851922702085087,0.008621436800163041
Wbdd0baed9376e5c00000,0.4105108411540595,0.0033108824620340454,0.012866755421938296,0.007934829687267511,0.017687299698718205,0.011347128327579323,0.0049464958335651826,0.01833147937384178,0.007557363899858488,0.4392394457228929,0.009000569655072933,0.0017531008307907323,0.01757993150779549
Wbdd0baed9376e5c00001,0.4596941247425947,0.003683096640240144,0.01381999867222751,0.007939193562775155,0.015515699214647183,0.007829262255233805,0.004858508943501133,0.012679218736808892,0.006565086235109461,0.4172938738148399,0.00689824327585422,0.002828882951961013,0.013711557535542276
Wbdd0baed9376e5c00002,0.12869473968021686,0.004174492224067821,0.04003202518884288,0.012458419185081736,0.04360770401815529,0.020203620742924235,0.007501439148419546,0.032648520606556757,0.009900259829926646,0.5005291335066382,0.01869764483445872,0.003680221010689666,0.030153601472100985
Wbdd0baed9376e5c00003,0.529953754512709,0.0041656745576204275,0.01507692737841289,0.008683695531544373,0.014225276238571696,0.005894276246600815,0.005550580549084445,0.011597560615829453,0.005562173230512804,0.33858700376886125,0.00652631372474042,0.0034811798777798853,0.015686171170465956
Wbdd0baed9376e5c00004,0.47892155172067763,0.0034768741717164276,0.01171973985724949,0.005608631301194239,0.011930010850200689,0.005225096877739688,0.0035876559529722904,0.005766546618635514,0.0053309285122008325,0.42396100340521453,0.007737242682844879,0.0038841210826679696,0.011786171448404105
Wbdd0baed9376e5c00005,0.16032659418720496,0.004938532477644104,0.03710576900668607,0.013369356100818774,0.03524382598655659,0.021965390787648656,0.006234305589421454,0.055663040720898525,0.009148218243089472,0.513085222749472,0.02369241422332054,0.0038550195546711028,0.0246340451059836
Wbdd0baed9376e5c00006,0.4281456893079293,0.004715757503677179,0.014694311656392631,0.008150069870682427,0.01466413821868995,0.007249683717442128,0.004808222511839282,0.012222624792750292,0.004347866969094838,0.44548834943434734,0.007278072082403513,0.0023659679244601804,0.013636064852745412
Wbde569410fe8e49f0000,0.02568503641049695,0.0016324587448217093,0.052057429085436056,0.02742335555104154,0.09461661665749023,0.017081534836131264,0.006930869972038854,0.014314841457298623,0.021805556735668755,0.17429387203151112,0.04367142004072464,0.0039407578298034825,0.030206164325948904
Wbde569410fe8e49f0001,0.02385316791308103,0.0015475005872163162,0.051690747307886774,0.029194556924988093,0.12118866547167075,0.013200532263004801,0.008819739129655323,0.014059554475750134,0.02240131161232253,0.18502443523291606,0.028666181545617835,0.0028125319124833767,0.03174051952764127
Wbde569410fe8e49f0002,0.023222787239389992,0.0015011335559658378,0.07032007652383038,0.022975525800727238,0.10847445259574935,0.015306408479184847,0.007141674206841574,0.022641449011212608,0.020901295297954016,0.17642535886373492,0.03805877706317542,0.0028446097152608823,0.039216438710115376
Wbde569410fe8e49f0003,0.019519868831723672,0.0017145614381663685,0.05277272247845912,0.028758864529110292,0.1088007675867153,0.02070048374108788,0.00700152822497955,0.015041404625743294,0.017565018313136064,0.15005372455631963,0.08205769114724963,0.004523585696421113,0.03739080379350533
Wbde569410fe8e49f0004,0.019888072117981725,0.001491848133590166,0.05266364723562228,0.030652909231928604,0.1043264463606019,0.01947492639002361,0.007276227077613356,0.015251357799593274,0.019849160800809996,0.13783101845060425,0.07164264527800834,0.004006805961604448,0.031172733404339015
Wbde569410fe8e49f0005,0.022202422855144392,0.0014659851825290372,0.059959620218087824,0.02775186827780651,0.11269255538658281,0.020540934917437824,0.010940125362799851,0.02978166111014654,0.016601793150803065,0.10410234930962371,0.06284943213084582,0.0035544465690804518,0.03009740707087829
Wbde569410fe8e49f0006,0.020587967380661272,0.001561604014729496,0.07688808369522193,0.02012757960563398,0.1041003020590778,0.017671903514119534,0.0065230090948907365,0.02971537686694605,0.018444215303565936,0.14097745136597417,0.08696824193991565,0.002527343477354677,0.03445707558441037
Wbeaec377d94993050000,0.004156881935263274,0.0015666586240476708,0.004902234454348518,0.05629211746169614,0.004116893419198985,0.7917398400841507,0.004131862209041385,0.00033026741820279946,7.71603795306776e-05,0.00010205339800212893,0.0009891296703148044,0.12094185521670531,0.009760279653564751
Wbeaec377d94993050001,0.004388660435964363,0.0012009379934213465,0.007738612204405614,0.03923120894833038,0.002790822568025,0.8420070139239125,0.002949124578752308,0.00033314290063017203,8.508180179221587e-05,0.0007052437483884084,0.001013171746907029,0.08746271563642688,0.00947740315681856
Wbeaec377d94993050002,0.005421055173759198,0.0012557552091679823,0.007482603871880029,0.007082771547626361,0.0011945642165364068,0.8569110616445114,0.002930224337234242,9.72629559504558e-05,0.00013323497876880258,0.0007980024287794729,0.0018330412979976752,0.09725026525256672,0.016955717344835638
Wbeaec377d94993050003,0.004224185614341546,0.0011819660902177406,0.006154327818845239,0.005814635220484629,0.0012440930065766517,0.8795438140858698,0.0029969558546764138,4.765829374577996e-05,7.017209106439938e-05,0.0006699171500420476,0.0009091215505515238,0.08408907438484582,0.01245002276938756
Wbeaec377d94993050004,0.004559549122521673,0.0011758304594401375,0.005232949490004772,0.019964433282187156,0.002109176114944232,0.8735272091112953,0.0018326964620167824,5.158113800510079e-05,6.38466493205716e-05,0.0009402036202481132,0.0014315055551280362,0.08073797026015997,0.007773404641416534
Wbeaec377d94993050005,0.004800112148195059,0.0011807134557177711,0.005994424887205751,0.054368921387981876,0.002334602962252686,0.8311313267479201,0.0019776761774717546,5.574569494535058e-05,7.126527271372971e-05,0.0009528006149572833,0.0016596763526729303,0.08376903736895203,0.010824549043018784
Wbeaec377d94993050006,0.004085013579648302,0.001184297840274553,0.00946939563229275,0.08972168024741682,0.003771249691163246,0.7913954498532964,0.0019700547095633427,5.2658420474809284e-05,6.876294095840697e-05,0.0009505351689392267,0.001482648321073233,0.08700807423196072,0.00795319995999336
Wbef72f581e29cf990000,0.006852500920458484,0.004490402020979978,0.07557555218951574,0.030598832118585117,0.02551056574704828,0.011431867227754078,0.5646246850373059,0.011053258356502586,0.006901943590711452,0.010656805707361034,0.03127117948704167,0.006354156328273631,0.01675551711412698
Wbef72f581e29cf990001,0.007430676354276987,0.0048648839192976506,0.09157385150958125,0.03326600704704855,0.022949174541778052,0.012126262844918486,0.5708393592947856,0.018764973087990865,0.00835587395174634,0.00969883181160081,0.024631720713650516,0.006738972516997565,0.022526529481227266
Wbef72f581e29cf990002,0.007804106083369175,0.005845412139253356,0.1083500772108944,0.04349762398442399,0.024561303740101726,0.02267286133643363,0.23924105182998645,0.007482203010291275,0.0076790079908398345,0.009405309596129861,0.02612258760370663,0.006939530190882778,0.021589177906818895
Wbef72f581e29cf990003,0.0057410609465853414,0.0053565819835922485,0.10868198962951274,0.04017690263094395,0.026152600111367594,0.01893045689694828,0.4502944370469099,0.008132779868419754,0.009142351771205521,0.009000101209802274,0.02426718514995406,0.00811061234630365,0.02199006293817236
Wbef72f581e29cf990004,0.007264015722013695,0.007200776618929584,0.12185790302988546,0.0379834356111256,0.023277664707882492,0.016378876222637822,0.4426133873079265,0.005965097188947853,0.007497573779778151,0.009105940095501463,0.02716672947146748,0.01642099048306868,0.021889681991908855
Wbef72f581e29cf990005,0.0071913875781013485,0.00532529058036757,0.12276843498604201,0.040201849624805004,0.027224974612227077,0.026760755925383024,0.291179043222892,0.005884001937111917,0.007853491027369357,0.011083319568563108,0.10085558598613989,0.008646222495840518,0.020285857393180888
Wbef72f581e29cf990006,0.007633671266667404,0.005938710305478676,0.12794010271622366,0.04021408353944827,0.026749913312991456,0.05365667726328935,0.24635174081885794,0.009074176497850165,0.011255370757648835,0.011246357300808627,0.2159624436537154,0.008554228414070929,0.02805541223643024
Wc132f976421ef79e0000,0.003260320114161121,0.0005151251083764994,0.45598491415662173,0.023806137034308734,0.013007046492654117,0.003993316329191325,0.012327354253501604,0.02310227606225839,0.07369548502203965,0.1507650722276094,0.03587225899292215,0.0017965900417958064,0.13920614601078354
Wc132f976421ef79e0001,0.003256119568271351,0.0005055526454774573,0.4392610672896315,0.022620211153365412,0.012880256857005461,0.005364934652647717,0.010936325791858464,0.022343111189875593,0.07516317088105359,0.14832479865449466,0.03745618510429556,0.0010881623686710045,0.1492220410682048
Wc132f976421ef79e0002,0.0030319807414822286,0.012975825888487275,0.49714239431000606,0.02089015858118598,0.012399307268325244,0.004561931911425426,0.010710775238496728,0.015732122773004866,0.06691369053410859,0.14322255742044038,0.03503308996186388,0.0010355033966994319,0.11111048443314162
Wc132f976421ef79e0003,0.003579089627551726,0.0004641701770351423,0.4920840384362859,0.020309587697173434,0.013703561738600089,0.006366477856469322,0.020393795330384674,0.015584147606617664,0.07442731894933162,0.1343217110006915,0.03614190912172271,0.0013113952679460663,0.10562189671075135
Wc132f976421ef79e0004,0.002978741439945364,0.00043444802008003305,0.529535922537887,0.021164123224640244,0.012459778808415997,0.006577353083318547,0.0196389837331388,0.01705061661832207,0.07206025543725296,0.13120490986495348,0.037245711954200456,0.0007196708871384883,0.08033691762711431
Wc132f976421ef79e0005,0.0029779119568724677,0.0004339946397599875,0.5430592421917889,0.0153936918882197,0.01281807210694622,0.006107584845891991,0.018111412315626334,0.018686138137666543,0.07540311011974084,0.13255690831564368,0.03790564647745514,0.0007192328882858916,0.06278183511377096
Wc132f976421ef79e0006,0.0024430234979845706,0.0004510483662119089,0.46735686388695724,0.012295451714613815,0.012396647190327664,0.005081831743817634,0.010868254009808896,0.021550541103961728,0.07220618900295236,0.1403334604639711,0.042216881555905465,0.0004434779373647493,0.13946981535060898
Wc446c80bb89bb5ff0000,0.9125766847336468,0.0005634645395001899,0.007304821405261304,0.006548064453250319,0.00764461160558626,0.006416423116869511,0.0013192767096011397,0.0013017753892648205,0.002332874164758809,0.027453649101002234,0.005412313146989665,0.0033922225955795647,0.0021264098597157653
Wc446c80bb89bb5ff0001,0.9135505434499712,0.000564240801834458,0.007961253869789735,0.005997742288461346,0.007652163967302097,0.004941224552182493,0.0011340359244962409,0.0005611317578965349,0.002056379955655725,0.029047855632539553,0.005921493865660861,0.002834470207541128,0.0021012727165806238
Wc446c80bb89bb5ff0002,0.9161765870646493,0.0005632661950984878,0.006909606791006939,0.004877263851067307,0.006522016170516331,0.0038241016765176547,0.0011362492500739828,4.950471379358483e-06,0.0024255759021946503,0.030659289792226693,0.005780245146706508,0.0025556606932339598,0.002377862623583135
Wc446c80bb89bb5ff0003,0.9150431954855597,0.0005612221522692327,0.00634042651174763,0.005417162120495884,0.006518893962312656,0.0035956836247363175,0.0016847921864416922,0.00028195331411255806,0.002421034246558476,0.030898040506017885,0.005775915361879679,0.002553197917513451,0.002743239958471936
Wc446c80bb89bb5ff0004,0.9160090706942958,0.0011188325032919883,0.005634792718822699,0.005430542230944861,0.006806010735669178,0.004714306404800663,0.0018721284177083423,0.0002827351502380695,0.0012218357642601453,0.029915054229434596,0.005224711552681801,0.003388798645529455,0.003025633127720496
Wc446c80bb89bb5ff0005,0.9178338056883304,0.0011167837093344311,0.006142265722615061,0.0048570073731588085,0.006245749829872309,0.004929176289710904,0.001306568485062129,3.6419825167539446e-06,0.001217454883048536,0.029596291773500066,0.00522055736338083,0.0033863677525785996,0.0032063219966492126
Wc446c80bb89bb5ff0006,0.9133625346341865,0.0005620475614685199,0.006829984432421089,0.006532504847730335,0.007728230552403911,0.00548886421611879,0.0011188032688191389,0.00028194584879195466,0.0020529756278592957,0.028684437343914515,0.005222290023508907,0.0033873845124275594,0.003577698597005973
Wc4d73b3dd10bb6550000,0.021722469127095308,0.4312254960439664,0.013703031239665037,0.0194781505251498,0.13204564083538992,0.039004792029401575,0.01630516897367417,0.14206997944083408,0.0021842152309360322,0.020445727419071528,0.011967440171701298,0.03940383654960683,0.010784673845358174
Wc4d73b3dd10bb6550001,0.03718479791106239,0.009518062190565783,0.04198346266165368,0.02454819224432957,0.3367316700122852,0.049736138168388656,0.022504857123487133,0.2127130375957679,0.004468739601332535,0.05934029114034692,0.026601836515662756,0.02569112823629599,0.024312937044920893
Wc4d73b3dd10bb6550002,0.015629817120380696,0.42290134774391464,0.012868493553641829,0.016261109786625157,0.09970498711695225,0.03726743206936875,0.017755434991837408,0.22637687635152814,0.0027389552048386234,0.022977433502360617,0.013031597798453651,0.023895991956505234,0.010559658225089343
Wc4d73b3dd10bb6550003,0.010407208773113685,0.031738370125268346,0.032087529445743126,0.023875410087685664,0.34432781150547503,0.04725344697723083,0.03526914784970282,0.09396305279399354,0.0025009269681150643,0.02712744840046968,0.020728358678061037,0.25212180824734265,0.014356164858514271
Wc4d73b3dd10bb6550004,0.034355991896980555,0.03763677030379231,0.04202403094597146,0.02325804423468339,0.28246558847199993,0.04525426249586021,0.01968599978531034,0.06492069159582774,0.0029051775116008347,0.04595472193169511,0.026952091173575252,0.16591638136299452,0.024912921202475638
Wc4d73b3dd10bb6550005,0.01988821218961522,0.42915456127450635,0.012570357353744949,0.015506058869263914,0.14043625924274242,0.03651551472278569,0.014305001689775916,0.06782609312094334,0.0024619688472165635,0.023770275285813883,0.013218871895392285,0.03033651091005965,0.01326402751175362
Wc4d73b3dd10bb6550006,0.009409235659912626,0.002591376128312807,0.039067107006124105,0.025007425694347635,0.4257413497972272,0.05317249384385424,0.027670233700612293,0.08472555624443874,0.004344591949329709,0.04930626920404089,0.023032569650559567,0.023555649401469994,0.014552671198496923
Wc57515d8229271fc0000,0.0020422085268045043,0.988630120517881,2.403452761805791e-06,0.0013955267420195576,2.6366102352043584e-06,0.0005568286200680892,0.0029771357455565784,1.6611311252277667e-06,0.0002801942948809191,0.0005592060553464794,6.10701867413653e-06,0.001390038903746295,0.000837223123273736
Wc57515d8229271fc0001,0.002598308090801074,0.989562197161301,0.000557749419673357,0.0002857377545879667,2.517705052275331e-06,0.0005563056500175673,0.0029717176803991615,3.1745588758150118e-06,1.3068134175371826e-06,0.0005594134564181703,7.052152742192331e-06,0.0013900100599287398,0.000558887722068914
Wc57515d8229271fc0002,5.4221316637145785e-06,0.9981787022774276,0.0005577617145004814,0.0002857884477352228,2.5724470202128768e-06,7.313683352890481e-07,0.0005596122433084372,1.6950135768721782e-06,1.2648221398524458e-06,0.00018904325222692453,7.313173353106164e-06,1.1066873780441722e-06,3.2973861059372033e-06
Wc57515d8229271fc0003,0.002227664898883533,0.9893802467723637,0.000557714761537826,0.0002857568861830165,2.6034806893658554e-06,0.0005563213094703683,0.0032466369596726116,1.3509775676647547e-06,1.2716474281633005e-06,0.0005594135148778938,7.293178254999681e-06,0.0013899955729395064,0.0005591791335660643
Wc57515d8229271fc0004,0.0027832962758192604,0.9879800502999362,0.0005578019841917582,0.0009800589188271867,0.00014146922980681051,0.0008342809608840518,0.003249950506742665,1.4600502310699094e-06,1.3930307721880484e-06,0.0005612862878296894,1.0058745457824373e-05,0.0013899955506999299,0.000837180677451793
Wc57515d8229271fc0005,0.0025978419125576085,0.9877945928080613,0.0005577775242215259,0.0015354680923308427,0.00014150223945348262,0.0008342949431608261,0.0026909326530392096,1.4584241751879172e-06,1.2753048454514018e-06,0.0005613351177008668,1.3968522275886636e-05,0.0013900180572603922,0.0008372153722966442
Wc57515d8229271fc0006,5.0337510336959635e-06,0.9977965693034861,0.0005578488336291308,0.000842957197756191,2.5314947672988336e-06,1.0669106158401832e-06,0.000562954258490074,1.4783345617278541e-06,1.2837323677136632e-06,5.725288820751621e-06,8.206450825205748e-06,1.1291630519618555e-06,3.8013176742104727e-06
Wc5996b4fa3dbcce70000,0.011078832797580289,0.002095572654717755,0.23761479858817014,0.07272177567263505,0.26207551328027207,0.024490631883052696,0.028578018732904192,0.05830408202527335,0.007064659856069672,0.007688945174238663,0.024598298422355096,0.02281281897163023,0.22250147222702718
Wc5996b4fa3dbcce70001,0.011263942146014217,0.0013185553524153245,0.24121019338921365,0.08923325858895123,0.20087313048420033,0.02469176884527838,0.06412811578666575,0.2721276195005586,0.005843731969581407,0.006919095260486937,0.023747676341143283,0.019771963346071023,0.022502845579434327
Wc5996b4fa3dbcce70002,0.01115909001558195,0.001356767944483364,0.21406894418576852,0.2125530487561732,0.24357940889158744,0.024231458177520673,0.08166124391859973,0.10238741644922612,0.005742812205523613,0.008325071155928194,0.024639422496694124,0.019051672456701082,0.03557333898117689
Wc5996b4fa3dbcce70003,0.010952950369308588,0.0013340998956066106,0.19497835956875056,0.12257792971807129,0.27885328220601213,0.023104293542330498,0.10898247891162631,0.08377204330930142,0.006214155176594048,0.007360403170491914,0.0241247964376519,0.02266558423749458,0.0978734495765739
Wc5996b4fa3dbcce70004,0.009878099970243609,0.0014134769724798238,0.24051353184913624,0.26673421438634537,0.22564963265350813,0.026940588986838345,0.07769967587974051,0.011044084362204687,0.005232253415582607,0.009846611742391443,0.022012721735578403,0.021245757169303336,0.06716117176503661
Wc5996b4fa3dbcce70005,0.009275785763543001,0.0014043011625920199,0.2216721552509158,0.2178662483856842,0.20845049497211482,0.03346036257189919,0.10393320526441521,0.09544651720215405,0.005628481717574321,0.007703590344461667,0.03368844301893125,0.021300086975173205,0.026137236437096457
Wc5996b4fa3dbcce70006,0.00889942424478922,0.0009696168892967132,0.3066992503333523,0.0770171393980299,0.12646286463395567,0.02529337357974176,0.10967065502241945,0.2521500235065864,0.01096708101740589,0.010095535976248434,0.021763394132874415,0.018478723455680933,0.018410755342092605
Wc5dabfe82b90ea9a0000,0.008417785921623296,0.000666255344433329,0.48699896793073566,0.06138233582849574,0.28249781930897955,0.06237437790870556,0.008759376641930959,0.006868169176050651,0.004072307490686459,0.006866631114851614,0.01189206137986418,0.020249887662781733,0.014994861260043731
Wc5dabfe82b90ea9a0001,0.013597458992580897,0.000385008051221606,0.4661178917221586,0.0701891996327612,0.2483486635303069,0.07989333968260952,0.00697371780663501,0.015057011774733392,0.004382269852851989,0.01071349104577752,0.015603502361652427,0.023004630376125202,0.019251614388911615
Wc5dabfe82b90ea9a0002,0.014345017498754626,0.0004914592143743001,0.27058322112781447,0.12656216630350436,0.2000473888560263,0.06901081742968242,0.2067190983312024,0.01608816462256727,0.004485128508888184,0.010986449385924395,0.014636895107641656,0.01696603536115186,0.02013194292046766
Wc5dabfe82b90ea9a0003,0.009465914966533555,0.00039512976616233646,0.19943656333831566,0.07395830550581849,0.26006321378511055,0.06500324384924042,0.2936000352469725,0.013063772288056257,0.0043724226928057944,0.010630305158338127,0.012848916759441536,0.016198646560282817,0.016175750218278294
Wc5dabfe82b90ea9a0004,0.01151437987117679,0.0003498592504878644,0.36129730533850035,0.07205841848390818,0.3537666293119973,0.06311956542240395,0.02998259087778338,0.010085412371372438,0.005376757183740676,0.011163344892363892,0.013660713610275363,0.018527666996213804,0.01918440792507876
Wc5dabfe82b90ea9a0005,0.014591584164218057,0.0003681162296343459,0.23900262582855789,0.07346618073061714,0.4944862730432252,0.055606007693740175,0.01308431412632837,0.010708866033375706,0.004141328277907386,0.010195472624525505,0.018578061071308157,0.0179843191523485,0.020650883350867177
Wc5dabfe82b90ea9a0006,0.01339891605969382,0.0005215060807303542,0.3107919858313394,0.08688680173020497,0.3777107390260706,0.06868287924376401,0.015958389845303185,0.015833441247956163,0.003716927874177526,0.011834156638769966,0.021633580708227407,0.020581485899153405,0.022638487332540196
Wc6ea7f21070970a90000,0.014453004303065481,0.5892013863225333,0.007401136398493042,0.007889289319644532,0.024335930939338918,0.0028026371916187055,0.3105127797583967,0.004442721598322325,0.0011168699606512297,0.005437485933685644,0.010911834205196723,0.0033863571140230787,0.0041242012885566864
Wc6ea7f21070970a90001,0.023074071219986936,0.6051829316886652,0.007849719732655953,0.008084832741262432,0.1663278611704418,0.004469970673710287,0.13120465971372977,0.005211120076783577,0.0016731631944409812,0.008357988771759741,0.014363304635321367,0.0033865879132819778,0.006299781695191836
Wc6ea7f21070970a90002,0.019407506243094043,0.576900406056522,0.006565893819683436,0.006864232619677456,0.034088414937209204,0.002803139955678831,0.312292603692237,0.003950090353401827,0.0016731595578868832,0.006969233942116497,0.009523993921398442,0.002830858924765163,0.004123628082031859
Wc6ea7f21070970a90003,0.014309760334314428,0.5060822239339412,0.008878454115484873,0.00973487982956904,0.032046787080046185,0.0029416898966392727,0.3757032081233189,0.004705134314451771,0.0022299266899713176,0.008357888059129046,0.011881183663802782,0.0051453776632908845,0.004169913532360421
Wc6ea7f21070970a90004,0.019960721188007485,0.5151181538464283,0.007401371649190647,0.007790032754330472,0.010473973259559318,0.0016915228121272665,0.39403463185295085,0.004341945390932005,0.0016729114734669297,0.006415138704594516,0.009519885577724081,0.0038026726362755405,0.004123652360531338
Wc6ea7f21070970a90005,0.021640644246907804,0.5196328413782824,0.007401422061821083,0.008067732858461239,0.011257409988829811,0.0022473744000442992,0.3895867705678426,0.0037822111545803947,0.0011171963117783633,0.006415212856958429,0.00896498845879999,0.002691625376580928,0.004123843611608614
Wc6ea7f21070970a90006,0.02886277678391238,0.5961714309975655,0.00411894524507725,0.008808691342812133,0.040522082485233576,0.002807588065874155,0.2778601719758912,0.00475628194492926,0.0011173844444807397,0.008026327931408544,0.008787371251572453,0.0043586049536897785,0.0037073059306022564
Wc71266a645637d7b0000,0.0064123951596301906,0.973767517236599,0.002277438073751003,0.001773428259507799,0.005861843408915201,0.0008371454223272514,0.003622900772411104,1.1472913038882594e-05,2.0241237358307293e-06,0.0012511990960472593,0.0015305956067770768,0.0002786583875175101,0.0005573066778803968
Wc71266a645637d7b0001,0.0069660474856891655,0.9748055052516879,0.0022504730409721456,0.002196007261889114,0.004114333653823487,0.0008352151473303874,0.0036079755703657557,1.2384941872503746e-05,2.0053020142431277e-06,0.001251208001576648,0.0013082503092021528,0.000278676016960965,0.0005569450684791868
Wc71266a645637d7b0002,0.007239985983757285,0.9722818390048942,0.003116074962402984,0.002341713243685236,0.005212781472580493,0.000835983142116916,0.0033431125704188203,8.521514602890331e-06,0.000557840989033446,0.001251213166827328,0.0009750323502555162,0.00027866645599055896,0.000556933355874806
Wc71266a645637d7b0003,0.008347164212753957,0.9683741623059363,0.002264798780651155,0.002598599828885682,0.007419673819549823,0.0008369789659774822,0.004254714854904205,6.127660850298697e-06,0.0005574085092398511,0.0012512131638037396,0.0009749932755163017,0.0002786660675473399,0.0005570715609660997
Wc71266a645637d7b0004,0.008071896522403027,0.9681890850955412,0.002255307312420169,0.0025858064001264306,0.007027189236609286,0.0008367627409852068,0.004574512927619749,5.760333994536244e-06,0.001113051229183316,0.0012512131681527005,0.0009750322078086961,0.0002786662724996322,0.0005570624138199383
Wc71266a645637d7b0005,0.008077246066989903,0.9676349260396325,0.003163696928442877,0.0022746602483503645,0.0075071197070618,0.0008362244065940008,0.004043821126662279,5.190686416477173e-06,0.0002816350280445374,0.0015289961590422398,0.0015313124150772987,0.00027867330773894956,0.0005570503100674959
Wc71266a645637d7b0006,0.008083526281078413,0.9651724729865425,0.0031275594650458675,0.0025960506101740644,0.009581225927133983,0.0008358249704799816,0.004696411940130272,6.626956435339631e-06,0.0005583029425193474,0.0012512131649729812,0.000975428749586931,0.00027866533514548324,0.0005572687456937027
Wc7ab4b9a55950dab0000,0.009521083618996331,0.010311734022645083,0.06963411271816246,0.042668382145714445,0.04060206744623262,0.008333119642226784,0.1460259928036539,0.040513439323200805,0.026547947633604744,0.01795478891105849,0.2065026313737525,0.01008843053372181,0.03035159814816891
Wc7ab4b9a55950dab0001,0.007894900196659383,0.00797747173880959,0.057092830874852715,0.08225278990348242,0.04606659562263772,0.00813960086121106,0.0625881906160167,0.024773708266617712,0.02432700830877669,0.020704004107819862,0.1459620703727873,0.00917555709943612,0.04216227527476213
Wc7ab4b9a55950dab0002,0.005248284801190711,0.006019269045011781,0.028951778598610978,0.024939427344878574,0.025579806260624508,0.007247181434147032,0.2969379890451351,0.052227376521377676,0.020309539471766076,0.01676296497404651,0.11332792923132758,0.006222047331231721,0.030357942409076643
Wc7ab4b9a55950dab0003,0.004977525800567939,0.004359358201126971,0.0420006929226942,0.04793415436618811,0.02785747385299614,0.006848287978108636,0.07713050176730132,0.03166404887294611,0.018917622329769086,0.013903405671427367,0.08558210238614623,0.005904115511644472,0.0309988494475547
Wc7ab4b9a55950dab0004,0.006447147604319421,0.005056247203686464,0.04187180923996684,0.04518197078773465,0.03104896675904208,0.007137458135746066,0.1475875517879002,0.026420770401168563,0.02313541289631339,0.013081305474214803,0.15748248062656373,0.007255194078634259,0.03033088505742428
Wc7ab4b9a55950dab0005,0.006488529456534068,0.008017847124942357,0.042449573833176005,0.031093103581616693,0.03632729805906239,0.00726467134147473,0.16803088456571946,0.04271342033423494,0.022350883403802268,0.01752580413084947,0.12267772240621101,0.00924232752253185,0.030095432495156563
Wc7ab4b9a55950dab0006,0.006273325921980944,0.0074728412048218765,0.05170413110193027,0.03753241284453375,0.033144814385626636,0.008158724209324729,0.06094638156731714,0.031806924265747924,0.021377642898980795,0.01939773893392102,0.09420475288878268,0.006743769311029438,0.03130428502220022
Wc8ea48ec838d9beb0000,0.005961983485763875,0.0017382118108895768,0.1549857489975777,0.02823170328111138,0.014639417057817468,0.014473843427515481,0.5511245531148831,0.006960873528959113,0.08440046758573837,0.00873805428726424,0.034501663269611654,0.0026747043378688388,0.030617625862087782
Wc8ea48ec838d9beb0001,0.007076905387182227,0.001967877965920597,0.17293769588072655,0.02769688589456098,0.017015848306974213,0.015909320404706856,0.5500182715794742,0.008814334511672337,0.046009926734869123,0.010672110308694591,0.040542319288854586,0.002811136359802104,0.031011249831959468
Wc8ea48ec838d9beb0002,0.006985992486561634,0.002102257561196457,0.1824347942376519,0.030354039194413266,0.01917568761353656,0.02141101700635368,0.5312275359969876,0.008545195791190688,0.04495093388800203,0.010852811935091553,0.03864346148036274,0.0015011407688480072,0.03595246176615829
Wc8ea48ec838d9beb0003,0.006743638837633706,0.002271622572549729,0.19508089940821366,0.03053315183017179,0.01924130373306346,0.02246093964547053,0.4756641376063958,0.007781930650543692,0.09309484489213207,0.009997430438233259,0.032708757449298034,0.0021325168609028426,0.03675215348760816
Wc8ea48ec838d9beb0004,0.009787928775465459,0.004140208612955748,0.15004568868245208,0.026433793713094463,0.02206032483019215,0.03072166143640662,0.1682765241652674,0.04038435292746847,0.11362143503283986,0.012247520914287756,0.12382211873961463,0.0035548350284554126,0.0965102328658484
Wc8ea48ec838d9beb0005,0.008847638610108254,0.003656977560997135,0.17921070222078497,0.02619736685318397,0.02059218406481438,0.0377589800363835,0.4361602810664209,0.015201866663152713,0.09472791606959359,0.009636320810723905,0.06133817463096216,0.007768022812405164,0.029029753750130085
Wc8ea48ec838d9beb0006,0.005773488877549098,0.0017448579997780295,0.21895335074883016,0.022830070812184106,0.016634223005404864,0.070921467055689,0.19968889312647126,0.00696465183873634,0.04779954719034388,0.008187252854646505,0.29893507134263586,0.010939584888183427,0.03765529642327868
Wca152ae15fea4f2e0000,0.008620042551151775,0.7107910203383134,0.002780919895506522,0.004447260538381492,0.0011309740448537172,0.001768212523742239,0.17559574655842514,0.08482983253676149,0.000556482397842404,0.001786725128093331,0.0005585952634121569,0.0013898166926005037,0.002130721765378696
Wca152ae15fea4f2e0001,0.01199234788980156,0.9268708559449004,0.003591906852989355,0.003984327795844501,0.013778675529757017,0.0028788733623317433,0.007227863843606446,0.009636148954883673,0.000556838377651212,0.003454443417072214,0.004114887502802074,0.002778896983212664,0.0024643858255918106
Wca152ae15fea4f2e0002,0.012569524449036657,0.9211465922563293,0.0039059139919472153,0.003984355593734589,0.02492415629033346,0.0025222114440504304,0.011153637421601631,0.0035382019874783907,0.0005593967704753432,0.0029043438142504823,0.0006001117784952962,0.003056659030698148,0.0024644515117596072
Wca152ae15fea4f2e0003,0.006996448634919672,0.85341584464214,0.0018161992352963955,0.0025954483100240414,0.10556840539802778,0.0008406573255461434,0.010285808827989273,0.006849882857390016,2.5639337421945385e-05,0.002514052942275004,3.174699367572673e-06,0.0015288611663691516,0.002279187079911354
Wca152ae15fea4f2e0004,0.006980395222295648,0.7835389780855976,0.0018148212690878743,0.002040257020295779,0.18723560376044446,0.0008396081746757674,0.004412810891735393,0.0015087692993007566,1.2209707955679636e-05,0.002940549434558425,4.101344669110617e-06,0.0015288542324984355,0.0017236283312991648
Wca152ae15fea4f2e0005,0.007058063548560849,0.9510563370142733,0.00245882981735418,0.002039952689352717,0.014597077245583259,0.0013951218159236017,0.005826867862257213,0.003952638515625562,1.6207957745176815e-06,0.00292514191824031,1.4904122645242e-05,0.0015288701419833477,0.0017236714886596368
Wca152ae15fea4f2e0006,0.014211022561470213,0.8896149259296954,0.004155203195522037,0.0037066802866105126,0.030342716373169234,0.002511127483365236,0.03237629622927353,0.004240197979871314,0.0005580367785937182,0.005127137940753416,0.0007327751901720569,0.003334438820037621,0.0017236918307236464
Wcb6954925b3070d00000,0.004031278711756346,0.0020226001309232807,0.05748132553213023,0.016304078924145017,0.031219437051007028,0.012932000010485717,0.01231098828923137,0.033683522967165466,0.01032833424542752,0.023991710741782975,0.153168998568405,0.004991869972883731,0.024525234421236795
Wcb6954925b3070d00001,0.005110537658859686,0.003450122714558415,0.06605768491393213,0.017999306897987368,0.03824166133724097,0.019268082348126814,0.012207372888624442,0.03962491453683724,0.011052604127705215,0.02405253801501488,0.16221835774280963,0.007213811592297622,0.027084386870231403
Wcb6954925b3070d00002,0.007338697414857198,0.0034508665921726563,0.062228134083353294,0.017118121303404614,0.037650658575967735,0.010951538524080389,0.016687403827587644,0.04085130842941869,0.011142883929523765,0.024518830882469228,0.14748957393314138,0.006818722095896376,0.028749978775289158
Wcb6954925b3070d00003,0.005366523155474505,0.0024600811680503716,0.055630903862722764,0.016716192688462347,0.038781623648499665,0.011463728330072549,0.016067876417209356,0.03422107708620382,0.009605607802784844,0.021494778060263904,0.12453718675105216,0.005656383623015322,0.027400618885311024
Wcb6954925b3070d00004,0.005307275889100609,0.002656519984003347,0.05351222952998914,0.015555554352713165,0.037117878236921385,0.01354345969528428,0.011302570068761822,0.0320394025230313,0.011898855265604677,0.021901096209975147,0.15617250408699712,0.005857859308844257,0.026783321341931333
Wcb6954925b3070d00005,0.006224543649446367,0.0027147834047474826,0.052547562481724173,0.016348993343912637,0.0380318732896839,0.014151097914338133,0.010478268601867813,0.037127845266224896,0.00991879252223999,0.0227872659237153,0.1583013080602007,0.005757166366805319,0.02987548151489537
Wcb6954925b3070d00006,0.0072072619077789045,0.0023102106379327223,0.057115590874683396,0.018793645608745344,0.03780159081922182,0.012152963466370615,0.010695377913356296,0.02658940780279092,0.010858692730940199,0.024210812627595547,0.14888881262359477,0.005758048197955955,0.026691002052753484
Wcbfffdfdecb25d9f0000,0.004574211091615082,0.00104187428069399,0.6340737871163578,0.029234713445616175,0.20833947438981987,0.04286696571075782,0.008251773135348476,0.0007722367883099068,0.0010428059416568464,0.0006797996532977413,0.0020859200550211844,0.061646340164443744,0.0038981716260459527
Wcbfffdfdecb25d9f0001,0.006563542869829314,0.001060638923265679,0.628495159956696,0.03433398916047222,0.18012757790125036,0.051845087552181285,0.02407214910235997,0.0007917414257229455,0.0012117226256371351,0.0012652039147670999,0.00350692547031421,0.05982784099121116,0.0054998431300861015
Wcbfffdfdecb25d9f0002,0.004730795453415392,0.0004870561472073175,0.7165342110302729,0.0296931897237114,0.12878482179867823,0.040943775554404156,0.0072639649012430476,0.0002715083628118291,0.0012125135120560722,0.0009700376502269555,0.0030523563588252104,0.05675697404189008,0.007362648177251748
Wcbfffdfdecb25d9f0003,0.0023155434428346186,0.0004326307011381475,0.6901327929510201,0.028973690536349343,0.13800968649088677,0.04727474336802921,0.006361538399886423,0.00017087257733591622,0.002109288336664353,0.0006570989955254628,0.003868469216077252,0.06215932278236484,0.01456260043360327
Wcbfffdfdecb25d9f0004,0.002529621231809861,0.0004394621837991015,0.6799858521433212,0.02671822580149359,0.12783771755722564,0.05995104467368309,0.006953983161305085,0.00018854596515116667,0.0047059250914012795,0.0006611058262217359,0.004892111880806777,0.06848919812384321,0.014216570626783729
Wcbfffdfdecb25d9f0005,0.00447135075040792,0.001023833511887159,0.6442638151348589,0.037272920235772916,0.12406963511533568,0.04242866644022428,0.0724609508306119,0.00031932367327562426,0.0013529550889635658,0.0013323008782294959,0.0028501687610881267,0.05893236121456546,0.007852663357234621
Wcbfffdfdecb25d9f0006,0.003665572648688729,0.0010569096949648448,0.6585933298522507,0.035106839700212056,0.11862578634958476,0.05178541371541681,0.06151129771687305,0.0002910154615373408,0.0010529881854253011,0.000607416089578997,0.0027074966118710874,0.05806440757756506,0.0049622934075963425
Wcc1d8419a2bafe770000,0.01362682768748631,0.0032208624441139263,0.3253323294118044,0.054442601364249145,0.07763377578710932,0.01582031502310373,0.04132553474041276,0.02038305271053662,0.025860700291231966,0.060880208005636184,0.04856204638294433,0.00803831891913227,0.020273793579268597
Wcc1d8419a2bafe770001,0.016654623982480472,0.0033253823842817644,0.242725042889772,0.030467525746003043,0.06350822526385032,0.01541393971848711,0.18121369490587821,0.02487760510121123,0.03731748716812618,0.07602417823304458,0.060097312767722254,0.011738486647582745,0.01659423848887091
Wcc1d8419a2bafe770002,0.0153243048967671,0.00304660398930579,0.18509596156359318,0.03894262746325276,0.07664753570382017,0.014373674434615144,0.21973469719306182,0.021056526087633406,0.03709869437831661,0.07592607720463486,0.05693097013423179,0.00990932549447491,0.015716532603894866
Wcc1d8419a2bafe770003,0.019077997284979772,0.0033214897978135222,0.25295048122223446,0.03564240850388734,0.06816401846721423,0.016958693292403116,0.026822873376824614,0.023330975865443398,0.06124068929909304,0.09926322289031736,0.06391356893395851,0.009855471463708465,0.016071287905550537
Wcc1d8419a2bafe770004,0.018799638998877873,0.004082027257018189,0.23839959234042543,0.03677771025217127,0.07385377019582882,0.01632034652704887,0.027229615079801633,0.020005102764423018,0.059792276888378376,0.10366357885443288,0.07223007096104912,0.009510222980145143,0.017176708722724796
Wcc1d8419a2bafe770005,0.017576640270075626,0.003710523341946097,0.24162763441046334,0.04752996896431464,0.0713787481606089,0.016385771377216883,0.028500517744075856,0.025945603214160718,0.05155174313670726,0.12900791485770008,0.06360599759145884,0.008945711314299106,0.017097741707130437
Wcc1d8419a2bafe770006,0.0175800598892305,0.00367731847093165,0.2411980552689188,0.04613212656923965,0.07246661991199892,0.015487576151982102,0.032768473996828855,0.026331555895933324,0.05396003989769523,0.12303846745061638,0.06533535671929942,0.00873028726194668,0.01641520462288748
Wccb0089e24aa28300000,0.0033913622737388274,0.46291831590063964,0.01143072261874078,0.012384223434231767,0.036480263400630056,0.0023967246144521786,0.015242050902204375,0.025461516867032255,0.01783672106667221,0.020434024243753405,0.08921598094522239,0.04982643913333374,0.031772025273549255
Wccb0089e24aa28300001,0.004457208161175089,0.03763840723711928,0.017258852439053715,0.017012325918716355,0.02664181118812575,0.001967547897608685,0.0041907634431481,0.006255189881174561,0.015398119796114712,0.04735804259150057,0.4409378476916012,0.014980027113919476,0.03799019008500093
Wccb0089e24aa28300002,0.004474897984265998,0.03963173097591778,0.019575149763399066,0.01525257944015893,0.02888829565449069,0.001992727680094467,0.005722069245543388,0.017479509427583608,0.013014118301554555,0.059478472758898455,0.4205915362160732,0.013885008658799705,0.03676337013360889
Wccb0089e24aa28300003,0.0017669260481742697,0.4722748655176433,0.011864333575402368,0.007805196183426761,0.02919742132105011,0.0014272802064846804,0.013916142577469991,0.04237241461623715,0.012831619064387786,0.012935512199966862,0.10302321762522008,0.023019216099960674,0.033134558913336436
Wccb0089e24aa28300004,0.0006691203077580475,0.0007658182228239718,0.016988580294523725,0.030075373828638508,0.02490752965015461,0.0013295904037225982,0.004043227183850892,0.012823560095881611,0.022934493225499356,0.14956347831095643,0.3502311166148195,0.012506085621643235,0.039998058837113125
Wccb0089e24aa28300005,0.0017192235266501891,0.4617786354783134,0.008976448974018301,0.007393934770103473,0.024020644464513918,0.002081299799161032,0.014484739345823753,0.028228240684552153,0.014951185845219763,0.017893471718310638,0.10322432507404611,0.02274331906578578,0.03299677349255209
Wccb0089e24aa28300006,0.004432854151117041,0.050761202672870175,0.010866600573440341,0.017273194007345234,0.06736582779983126,0.004977308398071584,0.020625705724756013,0.015874830604055448,0.019027693304866488,0.10853777344134696,0.4315533219622518,0.0119397189078324,0.034040689850961724
Wcdafd0c1c160088f0000,0.003523997284012679,0.0005718416390433679,0.06072909694703846,0.008088330532086596,0.006304042513215265,0.006539608026706585,0.12060047272777347,0.7527731457399414,0.007712445221667901,0.001611163490464679,0.006419152881112046,0.0010239669463787246,0.01253841827335004
Wcdafd0c1c160088f0001,0.0035144079340199584,0.0005904070047927646,0.05369009671323558,0.007965116060804626,0.0071325727195964035,0.0082263215140599,0.19359588217415127,0.6708453090900943,0.007406282323245075,0.0019372875297702604,0.005388743292352964,0.0014890920089128982,0.030140576920006913
Wcdafd0c1c160088f0002,0.002369995104628235,0.0005676630973851731,0.036741798547652596,0.009482478488382717,0.008198678820414662,0.009714686343723434,0.055369673195812145,0.6064645528733217,0.014538722312530542,0.0021854339945541904,0.006486094123233575,0.0020396988577977577,0.0035035758089645022
Wcdafd0c1c160088f0003,0.0033419621525116127,0.000560378783519757,0.0348965281876475,0.008467122139480377,0.006705005242612472,0.007564791946900952,0.02472386360497188,0.5872609548837852,0.01029988399390838,0.0025873008471390922,0.00519816848914909,0.0019487199099765373,0.0033863973798441325
Wcdafd0c1c160088f0004,0.0037724317871204297,0.0005725655389976635,0.04512007547319853,0.00836777174889263,0.006515928254015554,0.007564405431618333,0.23765526384567723,0.6584819247814604,0.007176134303518302,0.0026360140696970527,0.005021259023175716,0.0017646569022218355,0.006710286227301997
Wcdafd0c1c160088f0005,0.004327444833636085,0.0006087635275451602,0.026442229921745473,0.008480593483564941,0.009069160679982402,0.008770432042716514,0.17987856495563498,0.7290315495648751,0.008340058948735631,0.0015488169735049313,0.005528512053767783,0.0018732280868222618,0.0065103123291950825
Wcdafd0c1c160088f0006,0.0037780209299620618,0.0006346786908745437,0.02811817409232388,0.007834012393469416,0.011413760065554718,0.012830188566073167,0.0683311091346995,0.8354028364288615,0.009322614162930794,0.0021050265931389935,0.005618826763877081,0.0010363792588025413,0.005585259965676672
Wce11436042f2d8240000,0.017898446817201083,0.0027882039398896626,0.13877406272512424,0.013031683815759183,0.027667230541851755,0.0034405395080017477,0.10726951204995215,0.013975599057316232,0.05058677142839496,0.01681617772767505,0.03685731827722711,0.01611324738071686,0.06032905823347596
Wce11436042f2d8240001,0.01697309676227133,0.001501747119914693,0.10631372413616139,0.011902155724306746,0.03791495261078231,0.004562818669178871,0.08322651943084311,0.008420286352348757,0.045515793346236774,0.014108292048264744,0.04074645814762491,0.01410853928552962,0.06268357296478456
Wce11436042f2d8240002,0.011049915371967083,0.0012662814647818863,0.12455599907474739,0.012144015125580651,0.028180027437883417,0.005507437218366403,0.08769482930560342,0.00933522745964333,0.05024721223600853,0.017353816044920704,0.046624616525125985,0.013529545458230777,0.065107328910732
Wce11436042f2d8240003,0.021230448235039116,0.0024257923516539342,0.0752690989969756,0.012615131094028965,0.028810377350520822,0.007397531038152694,0.11650114816641106,0.008762414400229533,0.039861307299159376,0.015179961116757163,0.033845063208245124,0.012976804575246064,0.06531210274050377
Wce11436042f2d8240004,0.009263714310775514,0.0022540616810059026,0.019013115303351976,0.012531852755086491,0.017330107252757503,0.028914243135514894,0.0104922822849656,0.008045598837513502,0.03941661926197305,0.017538059166066034,0.3048872141302534,0.010787859054967831,0.06301969176785478
Wce11436042f2d8240005,0.008759265671150146,0.0019066040367142906,0.019755420839233522,0.011850831455558505,0.014478328899960457,0.03777097479270777,0.01303836077303555,0.01116037943906087,0.0334441812098294,0.019584551817427055,0.3234057712396456,0.009441640537443514,0.054923840899247005
Wce11436042f2d8240006,0.025191425328904043,0.001960013189530478,0.09228015986617005,0.012245623603853728,0.029733160264271197,0.009642430936429665,0.04350786302328077,0.007664804172363982,0.04562817785113974,0.013860617312221627,0.038173234660208645,0.011907764078701562,0.0510672444710999
Wd14ef862c437481f0000,0.0011230525565648116,4.433658106385767e-06,0.001192206384592602,0.0017023211371952345,0.00012163950248173313,0.3330680879063884,0.00014476517046038722,2.9967836426706484e-05,6.839484767876347e-06,7.90023573014101e-06,6.142093348579105e-06,0.6208021588506447,0.041408649717102175
Wd14ef862c437481f0001,8.006215871826817e-06,4.129029419321849e-06,0.044162574048559444,0.0022293684304151022,0.0011858392797594638,0.3365531150653789,4.051164379388002e-06,0.00036431202406656454,3.4614473593621146e-06,7.299823727076822e-06,5.79254535299913e-06,0.574894077308889,0.040568925983683876
Wd14ef862c437481f0002,1.2313293228405503e-05,5.153286293190386e-06,0.0017409786035047432,0.0013809412933013605,0.00031660790945999565,0.20155475671027287,6.570964025977158e-06,0.0003783084813388259,4.266325472381042e-06,9.104420129250365e-06,7.269395314612083e-06,0.7529959713999707,0.041573129521388696
Wd14ef862c437481f0003,0.0011208071144978016,6.017151339133125e-06,0.09483497376840941,0.0031819409270159847,0.010459009098136237,0.2650913029171414,0.0011183597737092867,7.118339397214752e-05,4.534498973506276e-06,1.0632566417422669e-05,8.831963596761562e-06,0.5812924254727354,0.042782703957084625
Wd14ef862c437481f0004,1.4218956202890503e-05,5.810078077432296e-06,0.0019086089479664933,0.0036078666286571298,0.0035646449241032723,0.24899285336735272,0.0011190826558786576,7.132304749313044e-05,4.858305812451265e-06,1.0203210200415517e-05,8.232613387662377e-06,0.6996075607882937,0.04106742719619615
Wd14ef862c437481f0005,0.0011233001428026747,7.734355717033102e-06,0.002799266149101741,0.0036364796786698783,0.0028668611097746647,0.36027415159969495,0.0011191021516436016,9.33103171184646e-05,6.478580114535106e-06,1.3586951899591943e-05,1.1376824613902412e-05,0.5670332624104428,0.06099201104898236
Wd14ef862c437481f0006,0.00020120216569147092,6.712649416457795e-06,0.003144611150646907,0.0019530080595815767,0.001457392314751154,0.3706910145490274,0.000290945756681779,8.239181325050392e-05,5.008705512884639e-06,1.178133403553506e-05,9.873979744535564e-06,0.5743220531014217,0.04780296957403328
Wd1c5aada37093e340000,0.0106688540176128,0.006685576986652352,0.17560361710454364,0.13153170146114904,0.08115488760538923,0.0231376238686077,0.01096560293504621,0.010612792238062699,0.13283481380024878,0.044954980693188894,0.13435591217089204,0.019901752582529932,0.07030851370968344
Wd1c5aada37093e340001,0.00944329930012173,0.006440155912971801,0.1578341291599826,0.18187202509970793,0.11186710643024535,0.010334242586894757,0.009279064130733643,0.010826514759637472,0.11044402001794862,0.03907126101200718,0.12593515858439724,0.018163061252077645,0.0695247365228603
Wd1c5aada37093e340002,0.0103486169311828,0.005925537705168943,0.14262763870038178,0.1297483995036591,0.11401753881517372,0.015958100251857985,0.010124021505184013,0.010517498082815843,0.15130452162941974,0.03884186550103483,0.13350296421133592,0.018881608294292616,0.08792667983957136
Wd1c5aada37093e340003,0.008437587221737458,0.0057779025855279045,0.11068258508549948,0.030859163545339893,0.08452512327992097,0.04482625691226052,0.011724355438915805,0.011511354657499211,0.020423999883868352,0.03953580485498278,0.4079812799584845,0.01816507980816857,0.07906750159139593
Wd1c5aada37093e340004,0.008277427418523733,0.006070851589336076,0.10610785756589791,0.029863176273273263,0.06145475871647632,0.011607390465816792,0.01097104721670425,0.014792967721711042,0.01994268939184221,0.03923507450824413,0.43542480800925765,0.01707062608340811,0.11771684798771215
Wd1c5aada37093e340005,0.009872165402596432,0.006245450036464572,0.09022336066888566,0.07058729182898515,0.08464026825808925,0.0073404136025768205,0.011948708462316056,0.01673789963715358,0.29691988017090076,0.04159545669805191,0.1542453671005052,0.011391283253221475,0.0918242200849373
Wd1c5aada37093e340006,0.00825695749955098,0.0061043674570876475,0.10573211240164375,0.07186834154482909,0.10247782947990128,0.007030924734524926,0.012291462842659947,0.009754574165170497,0.2883018801561769,0.04346608058219631,0.10950459232124439,0.015115158092784384,0.08445364648697636
Wd50e6c5c6ebd461a0000,0.004394497606911974,0.001142264790258612,0.020985621165518276,0.011781166069262772,0.010043843448670391,0.0018751167936868925,0.013091252493962155,0.007435330932877804,0.05034856236813868,0.01922448814963623,0.03536007586821575,0.31729783994796523,0.039838534835934455
Wd50e6c5c6ebd461a0001,0.004657740925830744,0.000591709210887034,0.03171529547735097,0.011054518261003928,0.009336169907804136,0.0018425213753398965,0.023204474387326788,0.005540019961542389,0.041521384060071886,0.01907387019774432,0.05963869895184107,0.2765023422193036,0.04019530959268289
Wd50e6c5c6ebd461a0002,0.004052699033433253,0.0005991311369234094,0.03438755041633605,0.012341053150441521,0.023062465619454017,0.08316542896819029,0.026479201321974188,0.007433785663299016,0.052411081419879775,0.017502429975635145,0.17505977762864117,0.004041364566132671,0.03835346855250168
Wd50e6c5c6ebd461a0003,0.005179200578834277,0.0006028264657607001,0.052299688599592116,0.012804554459774534,0.015537341341276106,0.0788833590826232,0.010015235516384988,0.00612812561010254,0.07211605418792995,0.021006559454068614,0.16193101883512687,0.0031319969856743713,0.04653934125583875
Wd50e6c5c6ebd461a0004,0.005192522075347936,0.0006184070804763673,0.058511569638415445,0.012824021863870829,0.011603267562557881,0.07553894010268851,0.011605962318717808,0.006946040494701198,0.08857231258747066,0.02106204817106162,0.1478576928187567,0.0034084264991447698,0.046078317672984516
Wd50e6c5c6ebd461a0005,0.004017980457132237,0.0005956574939723083,0.038224909334814004,0.01150777613429231,0.014188859567804768,0.05864320637939379,0.01588236282648649,0.006850441628536409,0.08105029277497801,0.017535187604907517,0.19722995570718227,0.0037701834004552153,0.037307976559454226
Wd50e6c5c6ebd461a0006,0.005287907174423193,0.0006129782242966071,0.03306217849754445,0.014441336410614436,0.018412389610477378,0.08356500701628058,0.01820962067757686,0.00627751796768103,0.0821292660753914,0.019380043243634872,0.15207974875485614,0.004585313860780927,0.04386888335888228
Wd5d870a7ea096bfc0000,0.0021682378846303125,0.1800954614948582,0.002478576230609912,0.0018543818113144776,0.002515328489520358,0.007410684551218513,0.008522712209240458,0.7498341882474755,0.0025480244732159537,0.008146284188671474,0.0044302826554373275,0.021624857885547993,0.004271894196080937
Wd5d870a7ea096bfc0001,0.0015208441352287045,0.001113731959137749,0.0031235139977010534,0.003337804697453364,0.0019580577449854024,0.0019483752339995825,0.0018958302564639669,0.9313697384382601,0.0036588344764484568,0.03095412660319377,0.004443269859017307,0.0011139880112122466,0.006037972291048131
Wd5d870a7ea096bfc0002,0.0019459625326629624,0.17853224800325065,0.00214526910026678,0.0024094590640495036,0.002230786400622012,0.007225157464421041,0.008526194818846533,0.7530361110513406,0.0025472365680437896,0.008437194887310921,0.003871031246444272,0.02051121077568835,0.005650421327443228
Wd5d870a7ea096bfc0003,0.002224483354379639,2.706443406688122e-06,0.004274391874975379,0.003338186621697811,0.0014017554899415086,0.004263103555120461,0.00155159459640319,0.9232841164961909,0.006807981409375935,0.02887116648246412,0.0048121848593983794,0.007410344529922416,0.006207887231121883
Wd5d870a7ea096bfc0004,0.0019459277873657933,0.1791509403443501,0.002608016364879368,0.0027800574856649924,0.0019531153979218477,0.007040030945891888,0.0020392043211718528,0.7555616455709302,0.0037514010418950505,0.009469387148200148,0.004566625604830225,0.02078907908047294,0.005209752048541067
Wd5d870a7ea096bfc0005,0.0016706719250366494,0.0005586713809352424,0.004413514917691632,0.0022270770933289744,0.0019562574883470736,0.01055961335738089,0.0011148237511456615,0.878756879329433,0.003936676583723575,0.05823674326030498,0.0036078833670037717,0.017132514429897275,0.0069656552636495365
Wd5d870a7ea096bfc0006,0.0013904307874147944,0.17859960640528227,0.0034463429225601552,0.00244673781350769,0.001953301057907672,0.00805856741410646,0.002039363981912749,0.75404614293348,0.0031954168593701705,0.010026627972047435,0.003455331277591948,0.022122425963794233,0.005000231289416856
Wd62ebc7d6eab5fbc0000,0.03452312373936254,0.0026267937348028255,0.38468862149949623,0.23767291711557695,0.03217057221080639,0.13758867516281212,0.011317706588400575,0.0007171967280430467,0.0012084414579626526,0.0034715430937570526,0.0018369929325663165,0.10997827704693545,0.03641623874055593
Wd62ebc7d6eab5fbc0001,0.02139064761110356,0.0021997451235006215,0.3368647438469397,0.153694354661029,0.031139140750596848,0.3000319257638549,0.009788823826854238,0.0008790722454938011,0.0009582303955262427,0.0025445512777252754,0.0007811921350906551,0.12581821629739445,0.01032760169699221
Wd62ebc7d6eab5fbc0002,0.008275804233971066,0.0014146186007114934,0.3634849469302509,0.15627311400957772,0.04025826183888452,0.3118082758001444,0.017865024430456695,0.0014190889765546858,0.0012044451817834472,0.003629813275773336,0.0008340244057235822,0.08025605567255893,0.007870855929716626
Wd62ebc7d6eab5fbc0003,0.0030164875773647203,0.0004393899761709008,0.34072094115766083,0.12999482082159028,0.03788659955092805,0.3446144839052372,0.01737872641397161,0.0005456079051786449,0.0012087183865047376,0.002033115407769165,0.00042665943831432653,0.10862273600483088,0.009523761381624744
Wd62ebc7d6eab5fbc0004,0.02308599678870687,0.003324144223032609,0.3441189030718317,0.1756532181938272,0.03876388858894301,0.25195335216334364,0.02250006462860621,0.0018118112421371994,0.0010733475176671057,0.004946457417106692,0.0013323305072777357,0.11335749408612568,0.013074676709815318
Wd62ebc7d6eab5fbc0005,0.02770150438317768,0.0015140793505376666,0.22097884666210404,0.3073788439241072,0.03284527722355379,0.2654673224773346,0.023056363506381468,0.0006793633806231081,0.0009451116871943207,0.004380923488381811,0.0013463548821920136,0.08792811305439717,0.020872978907057384
Wd62ebc7d6eab5fbc0006,0.02955618828033742,0.0013579832338890803,0.23038998477786288,0.16729127682463543,0.026563625909458988,0.33202017138503004,0.013290419720791155,0.0004800689090229819,0.0020132488320556163,0.0021428958760737232,0.0015244210756799631,0.16055396546645137,0.02866400158519
Wd6c28a4102d20bda0000,0.002743369865787631,0.011391277225476459,0.3307412675181666,0.0037112139128319247,0.002580666625248351,0.003010405899742949,0.002135477295378196,0.5190545653130603,0.027006335005938683,0.03963356310784124,0.012811343713153239,0.00027960463345279545,0.02190943089460169
Wd6c28a4102d20bda0001,0.003298557850269132,2.1843994606537967e-06,0.31996177356253874,0.0033225356399896344,0.0027141326728906926,0.004110661378069945,0.0028251583995182227,0.5415575380088266,0.026868974605160682,0.035074299458668835,0.012769678559857698,0.0002795047868105578,0.01681396327589967
Wd6c28a4102d20bda0002,0.0021872538186057163,2.003460658431781e-06,0.2935091672609814,0.002497676714669113,0.0020260855056218694,0.003165248789908527,0.002214449673738936,0.5427020067672832,0.02904828582116106,0.049091632213730294,0.013159420968643762,0.00027936625530878184,0.030491798262826015
Wd6c28a4102d20bda0003,0.0027430321187655537,1.961971224095117e-06,0.32309447931262986,0.003466666910141633,0.0027139914384288187,0.0019700294315455735,0.0026910025345279645,0.5368078921000107,0.029328392814650567,0.034141909085790956,0.013626012417008093,0.0005572409234247873,0.020479124462641392
Wd6c28a4102d20bda0004,0.002743070459643697,2.029626615087505e-06,0.324175906779869,0.003564194037911489,0.002583277048319708,0.0016598774980565152,0.0028343884379423514,0.5428330337302018,0.028636113883034473,0.03373947555576882,0.01230261913914498,0.0005572002965026508,0.015017177473178392
Wd6c28a4102d20bda0005,0.002187376922596107,0.011390960953210377,0.3210726445790756,0.0038435870575691798,0.0027204448756214025,0.0030721593217931547,0.002827927330466892,0.5153538802615539,0.026937379355803672,0.04381579975440497,0.011120454795038905,0.0005573237476276467,0.027857425636257458
Wd6c28a4102d20bda0006,0.0027428460445919327,0.010372350664106427,0.3273170952284403,0.0038260440275073955,0.002717611538446623,0.0030542267992289423,0.002829280628136037,0.5176846633300388,0.028213977580978065,0.040702970643461144,0.010918496269273088,0.000557290700969396,0.021311949814222877
Wd6c781b1a87beb650000,0.0017483563611238983,0.0005884402734049832,0.011929423569839654,0.007056597375137321,0.0037181406786828603,0.8665374090272882,0.012309130837764387,2.7635057422274623e-05,2.2165119413009675e-05,0.0019656315360910824,0.000581170528378261,0.0905806788070727,0.0020651855484087474
Wd6c781b1a87beb650001,0.0023449425639973397,0.000600882523076523,0.03161782412687688,0.010947859509530715,0.009566110566785383,0.838804808552262,0.022062664661712538,3.0887140796763894e-05,2.7448112035023713e-05,0.00032040783176788117,0.0005926428292784041,0.07884263868346517,0.004198301403239934
Wd6c781b1a87beb650002,0.0024222497288080526,0.0006241704236044798,0.01722250183983863,0.004990135760843872,0.002667231983427049,0.8652363397415731,0.006884411429592036,4.2309200735800253e-05,4.1100939332323305e-05,0.0033974739481566225,0.0006148996007107549,0.09247730723986686,0.003314517558369332
Wd6c781b1a87beb650003,0.002917168729482552,5.0163397674456266e-05,0.052711531158849516,0.01704407133988442,0.01230844781903538,0.8078893807886058,0.022421775486011614,3.513635350663887e-05,3.020145584639772e-05,0.0003240395619552799,0.0006094374013387792,0.08072182489885778,0.0028891566232682685
Wd6c781b1a87beb650004,0.0028234152940768507,2.2070564208794458e-05,0.020841521556038276,0.010504754028874401,0.0051432485844638024,0.8531398890364188,0.011280166934596278,1.5302816895662622e-05,1.3507591298970307e-05,0.0027983998721513685,0.000574742690921402,0.09027191983357812,0.0025500139284606745
Wd6c781b1a87beb650005,0.002228519331807781,7.749431287803587e-05,0.029559594413614932,0.010078552468428445,0.004631177377948755,0.8335303240934547,0.00941623535187056,4.7793571936180776e-05,4.607899570109957e-05,0.0022967551830140325,6.742429964056889e-05,0.10556157073305923,0.0023862175561542615
Wd6c781b1a87beb650006,0.001775376466786155,0.0006792632788583003,0.037199556914311475,0.010914864471571415,0.005856501333453587,0.8187788468893521,0.011608179190935333,7.628805433124473e-05,7.476214842604205e-05,0.00233891475410682,0.00011325674083365354,0.10638095840901235,0.003944791466360001
Wd70ef012bf2c69f10000,0.01515927497772082,0.010864555699878155,0.12605033238806254,0.2610219846092608,0.24708127068152094,0.03848450640312664,0.022628799284083168,0.009741962102450446,0.01876919927383359,0.022223031169901312,0.06485121932024368,0.018882154348439782,0.02623402650612622
Wd70ef012bf2c69f10001,0.015611549758459053,0.010621438020821022,0.1407745644704107,0.25558857472921503,0.24658092465671164,0.02627330255868345,0.017859516928275494,0.011247138995284794,0.021425501492571938,0.018481916175406357,0.06008362162122008,0.018458570571797502,0.024958510819257457
Wd70ef012bf2c69f10002,0.012809185988216726,0.011698009113099511,0.1559271095445541,0.23271776119427384,0.27976541562307566,0.029362013033070025,0.01954771017023476,0.010887693077092976,0.022049281227625565,0.021578688448105947,0.062348158827183316,0.022348115954846766,0.02606449563152727
Wd70ef012bf2c69f10003,0.015046614520823303,0.013308549171556371,0.22560776907781926,0.1418359448047828,0.28370669415843686,0.025098392402826495,0.020145373791265356,0.011934633134195927,0.02236350435530733,0.020359020224422306,0.07164021083437636,0.02005309682703698,0.02422745488917318
Wd70ef012bf2c69f10004,0.013244889243166396,0.013871139920664613,0.20942410685888146,0.12975364780764564,0.2876857171548749,0.03682319604536801,0.02019448499953815,0.009391344581188375,0.02217373298824809,0.021630002773444904,0.06768214299850758,0.02228119938706901,0.02699622717437792
Wd70ef012bf2c69f10005,0.01232812122440872,0.01246657223237127,0.15118444339994716,0.13827583915369668,0.30376597839175373,0.0639521588481207,0.03349875522234881,0.008881861296838841,0.02097497476020618,0.021395224222086437,0.06643147604217707,0.021222970981475502,0.02474407020234066
Wd70ef012bf2c69f10006,0.013061196772046332,0.011971493090369519,0.13976078900736064,0.16767576771112203,0.2883826711486493,0.04112804911131938,0.027676028588316887,0.010527132881507069,0.019607259179782694,0.020964821191887792,0.07517087495915226,0.02346139318019691,0.02842452482797907
Wd921f572535536ac0000,0.010274407807029946,0.0008622353374614721,0.4698239655139424,0.13152825403258192,0.20812371728898504,0.09627786916166943,0.01696134617212042,0.005000459337908971,0.005281249613395419,0.0075478570743834775,0.002879675866922497,0.02474585971857741,0.010065310524918094
Wd921f572535536ac0001,0.011737557838597147,0.0005326397593917795,0.45231136369750335,0.11381982250084677,0.2908759422239051,0.05479586990267149,0.011343532032908894,0.005201162415861035,0.004543772653261773,0.0071841176308243,0.00427492548270426,0.023040221853750226,0.00950628868573625
Wd921f572535536ac0002,0.00993420263360015,0.0006969627361830003,0.45514519994840164,0.13823942579376342,0.284445250284083,0.026827725680857364,0.012848556849847415,0.004805526908210962,0.00535334227863792,0.008542616411644234,0.003853631518609319,0.022737078033502486,0.011476211189719589
Wd921f572535536ac0003,0.009190744402320646,0.0005836831866459275,0.4995297926168299,0.17628769637734404,0.18321906975137642,0.05600228145301912,0.013008982935791287,0.0040084696535876855,0.0036759218592701164,0.007997317354929962,0.003747951801447394,0.02305511779614463,0.007893409600082722
Wd921f572535536ac0004,0.011951714575895061,0.0007805611024528105,0.38574880277989393,0.1514906906180935,0.2336280674474642,0.12090416833630617,0.01577335665222272,0.0060640019748538,0.004330327256645836,0.009663283638207294,0.0044978965791220675,0.0238216280414468,0.019515417633509804
Wd921f572535536ac0005,0.01214438963982606,0.0005614628355492772,0.3765734245415,0.12980371771886998,0.28883380479317255,0.10741589606153235,0.014748743879820402,0.005297840764950266,0.004403469451556349,0.007533648897054946,0.005398953398578335,0.020846296155757962,0.014057050635466792
Wd921f572535536ac0006,0.01121480340967848,0.0004128264735535712,0.4011568969224248,0.1473972921679542,0.2829496000123097,0.07249526888739621,0.010915279531077121,0.005139343068297872,0.003701262313668853,0.008955153579988577,0.004995560208164545,0.021720659939975268,0.01498545096733616
Wd9b6b05204cba6da0000,0.0026236667691618832,0.9772145482381623,0.0005584944614009861,0.0018104449693222668,0.0018086573212800286,0.0019499621246658,0.006094317435958597,0.0001470678117616863,1.1035287886020153e-06,0.0002791217733701698,0.0016714369380729747,0.0019468707477971073,1.1262195879644278e-06
Wd9b6b05204cba6da0001,0.0030887831715604715,0.9767107562993477,0.0005582107574148854,0.0018099080510394145,0.0012529032345007715,0.0025076808957080897,0.005850803651699966,0.00015105404023972363,1.0032971587425134e-06,0.00027908873533030563,0.0016714256550579855,0.0019468106583847308,0.00027888729742865507
Wd9b6b05204cba6da0002,0.0019601571121079693,0.987544614260487,0.0005581065979661,0.001115400023365148,0.0011134478728814588,0.0008415644026527469,0.0031852400507005243,0.0001951335926462521,9.347991587044847e-07,1.314400552500049e-06,0.0011157887360471184,0.00041904053755520285,0.00027888730085419324
Wd9b6b05204cba6da0003,0.001957149892744643,0.9873580445661347,0.0005582377793172089,0.0013005975611413488,0.0011135958394674556,0.0012120157912238884,0.0028654470224171624,0.00014874379683705536,9.344724806642318e-07,1.311920782390779e-06,0.0011155840256051096,0.000419065390706079,0.00027888730179282534
Wd9b6b05204cba6da0004,0.001957559379630119,0.9874115207336385,0.0005582955680571587,0.0013005975613445135,0.0011137097817670585,0.0012120158027237736,0.002816684287720742,0.00014342342294391136,9.346338670217483e-07,1.312231863433372e-06,0.001115609264658805,0.00041906539026707716,0.00027888730221039166
Wd9b6b05204cba6da0005,0.0019605166552562705,0.9879740586489043,0.000558464250749777,0.0011153792923881743,0.0011136322603681244,0.0008421032043931179,0.002806871741820405,0.00014246082759754723,9.419144861219284e-07,1.3149453096079349e-06,0.0011157505381841127,0.00041907053156949514,0.0002790505576493665
Wd9b6b05204cba6da0006,0.0030700457446731617,0.9770875332688195,0.0005580906140978285,0.0016709871681281655,0.001113630916225806,0.0022294234960407726,0.006058099963850025,0.00014230197924299895,9.44682972734201e-07,0.00027909332315707245,0.0016713146621426262,0.0019468106749263895,0.0002788873054045958
Wdafc86efc3092c1a0000,0.009296712536008894,0.002322531643217706,0.15459981492997188,0.06615288566506512,0.1081959877121978,0.2221084381278461,0.03947584866747841,0.02135527525459026,0.010915937505674884,0.068190667780355,0.08408129456808745,0.01843985654804079,0.10837121900957218
Wdafc86efc3092c1a0001,0.009463914674615433,0.002554958387817189,0.20479472344831928,0.06473737650575502,0.1023112075609327,0.20225931065305577,0.02218961181149211,0.02248464317263378,0.010613530225397391,0.0690669822876424,0.10375540977143526,0.01840688351081841,0.08951895020766328
Wdafc86efc3092c1a0002,0.008581966741359729,0.002317950596977265,0.1341375229004096,0.0485097694045259,0.09803393987549057,0.27482102238723605,0.020850808187046516,0.021494653487942245,0.011785322304296348,0.06691453728098866,0.09281303818246846,0.01387813088633001,0.12173975685665879
Wdafc86efc3092c1a0003,0.009936641236103091,0.002272860260038627,0.14120210281110285,0.051855547875497274,0.09889652487296788,0.26482551594947285,0.02683242362313763,0.020592151975772976,0.009486640476025114,0.06510974782114307,0.09193495520400052,0.014586952875276846,0.12603994369799482
Wdafc86efc3092c1a0004,0.0099216243328088,0.002112518604416032,0.12145589144380113,0.04434959765056232,0.09287493717253072,0.2930844280741296,0.0444876266831942,0.0214284704845555,0.009754805668954272,0.06093888855221213,0.09027979510517346,0.013055827512706153,0.12381297953904065
Wdafc86efc3092c1a0005,0.008434845955909969,0.0019952540203269334,0.1755127371450822,0.05175165991417896,0.09201571608591608,0.1700736206857231,0.050892065355576506,0.02431568779514239,0.009424899122118283,0.07762233389445414,0.09556852805814375,0.029117643202921522,0.1297476989879493
Wdafc86efc3092c1a0006,0.009060264921893529,0.002103109897560184,0.12495001675679655,0.0371733356333268,0.08951788911254582,0.166324400780738,0.049758623300905976,0.028030188363106823,0.011032225776134663,0.11228769218799375,0.08016023041249831,0.06368205046698182,0.13451078302215402
Wdc2fda9c98784d720000,0.00814028448102669,0.00016016615370397877,0.5410926196465378,0.03451165258283029,0.25660682009546776,0.05136843769999105,0.026661440695880004,0.00016916115407917485,0.006180206737871048,0.0020834524154912013,0.007267584649975724,0.017859432836801678,0.043066665298511504
Wdc2fda9c98784d720001,0.0096743887874991,2.1303175223999094e-05,0.5892718202554542,0.03587169604004892,0.24267159140550773,0.03177853462724919,0.014904958839219428,0.00030606107280675547,0.006629844912106068,0.0028433026621439914,0.006067499729009285,0.011866990810175337,0.04218097842622945
Wdc2fda9c98784d720002,0.007436659136540309,9.877325664655718e-06,0.6200296791615636,0.029948795711147,0.15512152451827566,0.032347499713217064,0.007160735613574187,0.00030586595237247743,0.004602034990216268,0.0015505152351396616,0.007925190503572882,0.011837832793933948,0.11850712357939555
Wdc2fda9c98784d720003,0.005772992129113044,2.2019713717458744e-05,0.5071930862796191,0.03727346275692809,0.2693848924220395,0.04409686018213294,0.057767704019044845,2.4256952508568103e-05,0.004664261301481097,0.0026399906505680183,0.004320437477529312,0.018048613024099436,0.04290692203683997
Wdc2fda9c98784d720004,0.005221481090579547,2.5491897052881826e-05,0.532457471857765,0.03355606644567846,0.24535136317261125,0.039607760999085945,0.04599642534396979,4.475219911933205e-05,0.004730691241181653,0.002321053755680377,0.0062765963971428505,0.017525411760467992,0.060696504892256586
Wdc2fda9c98784d720005,0.00745875838089753,2.7090729706778173e-05,0.5495427557761399,0.03805356475370534,0.22011798710702038,0.04500829155754621,0.014725616957048769,8.422368585234284e-05,0.0069311690053503695,0.0032392435741450576,0.008926626560919302,0.011094556896633356,0.08998428015570888
Wdc2fda9c98784d720006,0.009158289581766716,2.326355281281624e-05,0.5824354046996438,0.039962575696869465,0.2170649994867536,0.042104000751597676,0.008917718487291853,3.986190845481721e-05,0.005991182842615959,0.0026882863482820055,0.009907052395451296,0.01051489939631981,0.06663574348317722
Wdebcbd1cb67fde3d0000,0.01070509831186508,0.003042383841684829,0.06038422835471517,0.06741731258841373,0.02716530174993524,0.22556666558880945,0.017703524015763198,0.11043602837749385,0.02186688512076876,0.014754217334846083,0.011197482238956693,0.005447233473663235,0.09317250226282311
Wdebcbd1cb67fde3d0001,0.008899345235424159,0.00255475889443296,0.09066782275496316,0.08242012950547607,0.08262001869948606,0.0447048034292038,0.02843391885979075,0.09836827497585615,0.017573796962086972,0.014069580884568606,0.012615680479215892,0.02162418448400727,0.13019599683829872
Wdebcbd1cb67fde3d0002,0.00821734641664565,0.0010391038169510214,0.14968707666128,0.0648957583354503,0.09482465710870765,0.0452109740796063,0.019846413238239668,0.0854517767180107,0.016689196749623943,0.014993454904131636,0.010511938638799378,0.005931057464375966,0.14900744843098454
Wdebcbd1cb67fde3d0003,0.0066295924783447875,0.0011508590858865118,0.04927651791144529,0.03846373934158069,0.0330931650398436,0.17828591019821918,0.15946847116656895,0.09718568027207003,0.01728455358609447,0.012416301359372205,0.01015769119164652,0.0026899369041004755,0.1446673899988378
Wdebcbd1cb67fde3d0004,0.008058299884594356,0.001107843592410647,0.03807525252298045,0.04911576785339227,0.02284704793304715,0.0736666462614665,0.3746466381507288,0.08914916256564114,0.01738152546523659,0.012618926072674242,0.010496546477023224,0.0029585890732420485,0.0884295672026167
Wdebcbd1cb67fde3d0005,0.008476028334221937,0.0032205980532793296,0.044135281108821395,0.044639984075301294,0.10688946828083762,0.09331171684584673,0.14178070333723042,0.1690192760595101,0.015227158940225576,0.0161986788143653,0.011324706172233735,0.00436431835731055,0.13470031663230242
Wdebcbd1cb67fde3d0006,0.008669053634680074,0.0024000314768079655,0.05862728078958829,0.07191289858942151,0.07568327886911548,0.1293852269636645,0.032700286453358096,0.11898594469701163,0.018112731674506166,0.010742907226716232,0.012290071426425173,0.0030636530046039474,0.23786908051935662
We2227b7d75b090040000,0.5367780561252391,0.0007604841884786369,0.03543534224740192,0.05466586972442331,0.0348895497359002,0.08927432264699069,0.14631695651092466,0.0011739470535312075,0.00435994881037445,0.014621890120537315,0.019699826183060584,0.03304066409336697,0.022582400473696303
We2227b7d75b090040001,0.4142745020779235,0.0008662250021885657,0.0375462442909124,0.06780733820456321,0.03429624668999671,0.09781992901111937,0.27224361570911054,0.0017492853829532177,0.004250549647664179,0.010412367417829395,0.0106527760700741,0.025674401943914585,0.016158132934037322
We2227b7d75b090040002,0.33320482524166234,0.0008710102347274044,0.0333402648799246,0.05844918640081937,0.03328417083926449,0.10924362182393023,0.36484675801521926,0.0012748592261293114,0.002031136047718357,0.011847548705610222,0.006658527414924199,0.027179723560994518,0.012611933658172586
We2227b7d75b090040003,0.43683559774432684,0.003732493268724257,0.029210578302483546,0.0748955212461513,0.027993133074467384,0.10999190544273352,0.23388994352534576,0.003519609036353114,0.0032925398188773294,0.012278866034954396,0.008227384265672415,0.02752800131970594,0.02472116079412859
We2227b7d75b090040004,0.37449265439043167,0.0007354727068945344,0.03707013821660231,0.052914910541379395,0.030943116689995335,0.08259721993129993,0.14086083668551666,0.0009193490180971028,0.20620694703926393,0.012744509853999272,0.007347389479635357,0.03234469210509038,0.01158366135397551
We2227b7d75b090040005,0.3682970309111808,0.0014677240140655461,0.03281899898563552,0.07493758667742617,0.03323556815752364,0.06452066212448385,0.06668308813978169,0.0008984486272388617,0.28016787625900585,0.012947484377496231,0.007896330234349356,0.03206834609563416,0.013325847716197077
We2227b7d75b090040006,0.2580140636300529,0.001445584465567324,0.03597582755470364,0.06982791951243804,0.06531802868560048,0.11386784350870599,0.24315450449898335,0.0010763738343844698,0.0030189223562490618,0.011583041243059046,0.005662141978482985,0.0374275317766613,0.1482786803073761
We61939a9c41ce45d0000,0.012328230365000857,3.803036946608242e-05,0.06662121822463374,0.014994661709833414,0.006812632581779103,0.5349052115876106,0.0159481786443515,2.3571057627842512e-05,0.021558350890338824,0.0015168774161611537,0.002324707164763726,0.3028996848924967,0.0066205220720419455
We61939a9c41ce45d0001,0.006661541100523525,0.0001208083542310871,0.1832706233370155,0.018337674029825814,0.008492076609190491,0.5674413247138939,0.01989026263665502,8.563539829609472e-05,0.01149826710542957,0.0016987316971684458,0.002908469785261848,0.1597543541221921,0.007173735947184485
We61939a9c41ce45d0002,0.011492081819586651,3.7240382982464565e-05,0.060749880494396044,0.012476517610973945,0.007504227027772807,0.6404931482737042,0.01791743447796079,3.009427760935963e-05,0.004107685216313906,0.0009903265227466634,0.002916971728639562,0.22009910731216314,0.008019683963631655
We61939a9c41ce45d0003,0.006371379478065202,0.0003553444792131191,0.055342612722726225,0.015889594137708893,0.008662376383176972,0.7136060548808928,0.02168179802015563,6.253308206472634e-05,0.0022851697245885897,0.0017544684667339285,0.0036052823464279883,0.15492781965413183,0.005920528538532564
We61939a9c41ce45d0004,0.005096515505755379,7.775032531729069e-05,0.0769348517773908,0.01302191183612942,0.008434875508794152,0.7062157413877874,0.011416523206979834,5.549582363501847e-05,0.0031242605209802154,0.0005104356365519736,0.0011916822724347693,0.1623623514393635,0.004940344283538927
We61939a9c41ce45d0005,0.004781945334920327,2.7140659829764683e-05,0.06984560211138399,0.010934839473518075,0.00924564985227263,0.5924071896921457,0.008251425681027434,1.688658402112753e-05,0.0030839666785088915,0.0003974197149675532,0.0004475339499988915,0.2919910543053187,0.0035214679570607986
We61939a9c41ce45d0006,0.005254935423646565,9.256556514331523e-05,0.09695709917600522,0.012820529085922577,0.008248547260660212,0.6797517561471772,0.013248264836509703,7.5539538749537e-05,0.0012984269983384246,0.0005303969407251388,0.001700360796230263,0.16963787442986877,0.005360886663142339
We756706426cf12a00000,0.01564859176940005,0.004939564404400798,0.05426289371638721,0.38108353037808423,0.04982155619630154,0.01611965666646355,0.12075129905275415,0.014223584828632362,0.05394174477149128,0.030816087598347388,0.017396625292951762,0.007173898265898388,0.03137415211725191
We756706426cf12a00001,0.014926209476470524,0.00450995553488912,0.07496694421621536,0.3756551978955228,0.05712673202958054,0.014506279215575247,0.102724427693099,0.016114574584181304,0.0551743937145989,0.03166157033291018,0.020075006700125936,0.007745352649317032,0.03256022948628768
We756706426cf12a00002,0.02817483059969379,0.0062532617254521744,0.262439453422953,0.1418569714348463,0.07459947971221438,0.017525675658536057,0.042372148591289044,0.0176591659206166,0.0694291481614391,0.029748146180441953,0.02044967846862174,0.008974459713033416,0.04333107382229976
We756706426cf12a00003,0.03097698112008131,0.00569911336286998,0.3016819790118239,0.12344136283544034,0.05457220217495848,0.020339627546889578,0.03809458970008667,0.017035720034004553,0.07417723113376236,0.0297039304038372,0.0211695167753302,0.010423143517771212,0.052656019781466584
We756706426cf12a00004,0.02199767976249895,0.006484160402817457,0.2985789005216642,0.10207988804552526,0.0548120019732861,0.02001557901714168,0.03194962055483741,0.01715530554532101,0.08014634655262368,0.025261737221185156,0.025171398141518277,0.010145065812797739,0.04877979115384773
We756706426cf12a00005,0.032803567872553806,0.006285292435231262,0.24114356901015768,0.14736121664899862,0.057048727251100516,0.019474758786881315,0.04203847333235033,0.02503348271492134,0.07887978443368751,0.026022621644974153,0.01980873869623493,0.008822998107501487,0.03895036818827898
We756706426cf12a00006,0.03190255138481136,0.005827139257552212,0.26471307339274475,0.12108702956881694,0.06887997481505904,0.017165480386143586,0.0410642913505925,0.02102834679220694,0.08781109814690617,0.028614079125869787,0.01992625477364208,0.008212998121899667,0.03839851426934479
We81a12f0ae5b8c360000,0.003635949102056363,0.001826867320147879,0.02801221766827437,0.009448586012217397,0.022930267485682956,0.004186930173539968,0.028349942461884183,0.010677009938518283,0.09569813125590709,0.022272150498244287,0.07209839199928465,0.0014925031878203704,0.05053564890844847
We81a12f0ae5b8c360001,0.0042054363331769685,0.0021869835018988827,0.025687139792897766,0.01064734826313116,0.022274695535234736,0.0024640765936756893,0.029649261032133254,0.009612420320496345,0.05332109222411557,0.018979633253863946,0.068894722292728,0.0019634725770214293,0.03875083436212934
We81a12f0ae5b8c360002,0.005283013359104804,0.0018843027609926925,0.028988416787742024,0.010541583748817062,0.021390693162073524,0.0018759336770508537,0.02682388980039122,0.009578835007509124,0.08618257461598999,0.02567347052193243,0.07237914403687636,0.0015295880481694158,0.04636455097844991
We81a12f0ae5b8c360003,0.0038269200201713257,0.0024634983421780885,0.037880572273877956,0.009452195075670715,0.023886975443464537,0.0025647199732105152,0.02480091853302667,0.008193507397571435,0.10218313601740216,0.021099874914073096,0.08808126590770493,0.0010526086701714411,0.0577608088020003
We81a12f0ae5b8c360004,0.004401464909823662,0.0024701657530509452,0.03396243412588512,0.010445895399083539,0.02282777051034839,0.0026029458569491867,0.025471940224080874,0.007936780259862504,0.08441313115520217,0.02352250935140342,0.08709893514696558,0.0010391654006303098,0.05425841841238888
We81a12f0ae5b8c360005,0.005331378996253211,0.001282975734241102,0.02492766113978984,0.01158133928442116,0.017822682422708316,0.0014836623799053274,0.025609570157908986,0.010998473919164272,0.06714088870512469,0.02405527210765986,0.0656341006316626,0.0014654108842582791,0.04551433236343341
We81a12f0ae5b8c360006,0.004832820006756161,0.0022853640861166887,0.034123886948606214,0.008036907959821378,0.025936596724146246,0.0029515952765265256,0.02633674355810729,0.008694663040716418,0.05394350556032367,0.016130581709985416,0.07962636457252092,0.0004577094701118059,0.0831040275297141
We86a577fce5463880000,0.0208160679438068,0.00045903839375373306,0.09178219375192152,0.08755247536111453,0.02924668786496988,0.14111201374368762,0.022314575190017227,0.3871996913658345,0.002075214414908385,0.04866909456889166,0.013147720287911717,0.057839058999194864,0.09230500677328889
We86a577fce5463880001,0.021641414764606962,0.00045081593067465374,0.08912522112362235,0.11247954329975951,0.03824792784906656,0.12555748741906617,0.02124935961667737,0.3911994759243325,0.0027057165235841968,0.04320497711706004,0.014151628710223367,0.054388304389667075,0.07957320281853437
We86a577fce5463880002,0.020301856047213778,0.000310897081905719,0.07876765420816635,0.10092839987867219,0.03288475463332155,0.14899171629371752,0.018728680761284873,0.32637059650322464,0.0025911799822198665,0.030715438660552985,0.012427695580351887,0.12256385170045113,0.09887797427205247
We86a577fce5463880003,0.02102756317875397,0.0003920004822370558,0.10885201625180578,0.10808986042444217,0.03113566177623063,0.14537014303859502,0.017056530074398373,0.3630606688720983,0.0018220392298026937,0.040933639834941166,0.013262128641279722,0.0511390020313548,0.09205511955875144
We86a577fce5463880004,0.020417454129175196,0.00033562732157644745,0.09289876584881937,0.09664528877546756,0.031967558372680775,0.1273582519063736,0.01677614748244454,0.37856236235789675,0.0017730714543606738,0.03499851069841293,0.012625978369508305,0.113017381176985,0.06615273117410503
We86a577fce5463880005,0.02049790538439991,0.00041744829222903015,0.08419830682068213,0.046773397927940885,0.032204951987278914,0.15328188921314925,0.018726492200240703,0.38091652278013344,0.002399712132829812,0.039088446943370554,0.012904736098223795,0.1340285497706839,0.06937328711927528
We86a577fce5463880006,0.021537135360704066,0.000534143066733433,0.09096478369625385,0.04755154134655387,0.035554908942111316,0.19475331017929037,0.02008000912955576,0.3545842872863295,0.0019474920891345017,0.052731463922120456,0.014082098864987092,0.05634568852611672,0.10138558388940128
We904476167c139f90000,0.009171796477231191,0.5961572394850753,0.0023093869736868643,0.008784043495521828,0.0006465781468172349,0.011347962240039314,0.3484676414030399,0.0009732784447519794,0.000834871918972777,0.003726387063790361,0.002045791498472402,0.0115289007139147,0.0021337302074107547
We904476167c139f90001,0.009171878326382861,0.5965679807444324,0.002782315976235343,0.007769987991556187,0.0006419605740313406,0.01135063262035215,0.34888865722861423,0.001112647795589493,0.0008350438290609651,0.0033931020983874703,0.0018604876262312674,0.011528928794196957,0.0013909996962296956
We904476167c139f90002,0.011255204930342606,0.5874297137665586,0.004171320155850578,0.006704934392387829,0.0020308890763345504,0.00968405147860164,0.3541840298247919,0.0002793015691613998,0.0013905924416644138,0.005198885239709181,0.0015826987066529833,0.013658534365019183,0.0011132578309182965
We904476167c139f90003,0.011810760887688983,0.5885666882781605,0.004170594114080137,0.00669020346175169,0.0020309533135140887,0.009684003345761024,0.3530643439480169,1.3821870393901152e-06,0.0013906004847518637,0.005198890253263853,0.0015807355418360704,0.01365854138439723,0.0016689469299059428
We904476167c139f90004,0.011810760204470371,0.579402424404182,0.004171177234506121,0.00531057929064261,0.004818499464135392,0.009869294533638488,0.35471432219759286,1.285416626632488e-06,0.0013906030473685308,0.0048655516663011905,0.0015826431111220897,0.01963075652631674,0.0019468454927702413
We904476167c139f90005,0.011810760373876275,0.5799688041382329,0.004171178421067906,0.005310580961056219,0.004818448083201405,0.009869304886537367,0.3547053499435235,1.5185458411747686e-06,0.0008350475476070492,0.004865551810836638,0.0015826456773654484,0.01963075656299605,0.0019466991906322965
We904476167c139f90006,0.01042178030480912,0.5931334963780186,0.003892766820305139,0.006703974474076591,0.0020309404705214015,0.01023850060834691,0.35126007640663376,1.0560707278327077e-06,0.000835051716707478,0.004921117827479232,0.0013049443965242814,0.013102974561910672,0.001668942038008534
We96e25bbbc0bc26b0000,0.009110405484885693,0.0008319610628565686,0.13254378441291295,0.13205041288691247,0.04539095397569891,0.37146784466014426,0.03387761945889691,0.004354030999904808,0.02051093017697886,0.012927613107440087,0.04810458516664877,0.006240564969079903,0.015461188683637104
We96e25bbbc0bc26b0001,0.00799592612194165,0.0009943195849225193,0.13750065943896278,0.12837112274916243,0.03990928076927574,0.35088041439415146,0.041402576371047585,0.0045916866225888244,0.01856399582527891,0.011570122487334968,0.054517958396873865,0.0058374475768765074,0.015935815167003736
We96e25bbbc0bc26b0002,0.008679299639575075,0.0011025095085643037,0.10821653317274323,0.11410383082523126,0.031732181968889224,0.3517801956471793,0.03295449401506776,0.0032497591353842408,0.021573014026458635,0.013929023414561712,0.06059747608370974,0.005959711389634045,0.012995277228172957
We96e25bbbc0bc26b0003,0.011170176587573912,0.0008897010222706316,0.13940354165302002,0.12928490510219784,0.03562441073413423,0.3499377793296077,0.03393346752316282,0.004292300926548416,0.022304814933015654,0.013886345114264134,0.060267442363140335,0.006201052389725307,0.016218686975135954
We96e25bbbc0bc26b0004,0.010477236544520062,0.0009012696303286182,0.15007757756610246,0.12303553170097253,0.04088372398214625,0.3322146397298667,0.03847660549737916,0.005321661399881027,0.021979486737855356,0.011008873665424298,0.05804587169667422,0.005691395016969103,0.016854754409297006
We96e25bbbc0bc26b0005,0.011321425348777876,0.0008779012630813367,0.13373453605218452,0.11876618304667329,0.03421751944623295,0.32155459517869717,0.03473123914546069,0.005743467705765868,0.02377578148050055,0.014241754399943246,0.07195308651559044,0.005281289152276137,0.015366392185866523
We96e25bbbc0bc26b0006,0.010657710309221483,0.0009422839336877652,0.11443637462213005,0.11911366527426027,0.03179425739682388,0.3241440726906905,0.030644893512348507,0.006043932790384242,0.022486741112112057,0.016022010045840432,0.09439468251866204,0.005906988852273529,0.018831546991585627
Weabcd903c499c6ca0000,0.0023093349727324503,0.0006437574838104201,0.1780076782948827,0.09040485264255917,0.1958746083755655,0.24004707265661293,0.019606583907059733,0.008387097273482573,0.0007392973618745383,0.003468273310874721,0.004847311589237368,0.16900097100399694,0.0693969903875248
Weabcd903c499c6ca0001,0.0012511768622707495,0.000345868447816422,0.11594157444949137,0.14295460085761205,0.21332390378090368,0.39118366183523784,0.018032485702286136,0.007219577643991366,0.0009173783450473633,0.0027141489941437274,0.005087148097259622,0.04678601275894878,0.04537462406209087
Weabcd903c499c6ca0002,0.0028655497183856134,0.000454629936623961,0.0787212215139126,0.15845074993251287,0.27063989247940246,0.27476942987460806,0.020092904141127868,0.060415008659430995,0.0013604062574647006,0.0025609983406257356,0.005083697272422227,0.045435536385930904,0.07239703130863524
Weabcd903c499c6ca0003,0.0014893010582535207,0.00056621351271006,0.10556198512900233,0.07919397047755816,0.24437296832847066,0.2066389473548189,0.11735778662073627,0.15710113941231968,0.0008270731815063397,0.002246687951890993,0.0046333547365909125,0.04718640402521082,0.026385078612737884
Weabcd903c499c6ca0004,0.0011809835887445904,0.0002589386932646071,0.06677083199115202,0.20303733760782322,0.19522219430550727,0.2875737381168805,0.16907739741095693,0.01321523075636234,0.0008153365843479277,0.003013887582347046,0.003456870617585273,0.04159466274648502,0.005791595646274631
Weabcd903c499c6ca0005,0.0031548724561303106,0.0002780388577572135,0.0611506803697798,0.3847317940547992,0.21112904980108238,0.21151059992654608,0.0588032679739691,0.0030169996440912315,0.0014075299524370876,0.0032766892659473012,0.005460977443910799,0.04025886600520862,0.006633191310601207
Weabcd903c499c6ca0006,0.0032166150985876705,0.00041356293856875036,0.10965769092065658,0.2148326847915402,0.22116622261007848,0.21086856555545966,0.12345319162781747,0.04326368287850438,0.0020023403285429064,0.0034284168916791824,0.005999422960506416,0.04088289645813216,0.01414787632356187
Weebdd07a3de3cd1c0000,0.0007177606825452868,0.0007014640092577563,0.028961820996691787,0.009553699271765583,0.0062081784261623744,0.003522732804651198,0.0051199915588453476,0.9058323937997638,0.013574688740749647,0.0008043183936585995,0.0028731277141043586,0.0011134327427043012,0.01082276611807529
Weebdd07a3de3cd1c0001,0.0006398166013455009,0.00028619301893062076,0.024321338963650463,0.006852937702980397,0.005609704191379905,0.002507407913780842,0.0033123894669716187,0.9123116857933621,0.013573727052336696,0.0008030024119715249,0.001391365773433,0.000372210958751827,0.02043056135484436
Weebdd07a3de3cd1c0002,0.0006071087345316495,0.00028305743573816985,0.01696909021496028,0.007667981692939922,0.004612115343989674,0.0019524327057290124,0.016191381715626577,0.8731042261815346,0.012890247480330836,0.0015575449016327814,0.0016134498970991997,0.0006500186956359977,0.05191400204282865
Weebdd07a3de3cd1c0003,0.0018734483826923353,0.00028268894626473027,0.030540948938823982,0.005637704958014644,0.004517600685449108,0.0019506605089207717,0.01637463462468855,0.8863278283611782,0.013350193219748268,0.0021150222336887353,0.0016134962132198566,0.0009278087327074722,0.02687485938320458
Weebdd07a3de3cd1c0004,0.0018785420238231192,0.0005599005079236738,0.019465115121987106,0.007573256341095291,0.004600294428457964,0.0016712224822150012,0.008499540418324588,0.8852353856660294,0.014977565431188935,0.002144815062473931,0.002224701540800325,0.001112975634779532,0.03955509234447837
Weebdd07a3de3cd1c0005,0.0018892319882246062,0.0005601097011329849,0.014756327964572019,0.007393019868388087,0.005157800931579764,0.0016723992890094383,0.07802892157285538,0.83708640370365,0.013658174995857301,0.00296677351099271,0.0024467417115695816,0.0011129832890262525,0.020602808831019715
Weebdd07a3de3cd1c0006,0.0013222383149418138,0.0002822583542821351,0.0364446618185593,0.005429812788290803,0.005089005619266683,0.0022292509022654697,0.03919962720462635,0.8308006398273986,0.015127746500228726,0.003042626421271745,0.0013359377964935002,0.0007425985986550177,0.04723662317135777
Wef2cc15f16103ef60000,0.9047445319546782,0.006860214566413021,0.0002592369302583588,0.017491131096098247,0.003111331570871852,0.005275386098242742,0.0013843651679122818,0.003623905930251912,0.00029549859110552043,0.009577095912642788,0.0019181198059402109,0.02056826212139997,0.02289802749677957
Wef2cc15f16103ef60001,0.9004969886848588,0.00667652768381986,8.50558265667759e-05,0.021141073029752145,0.00534606971338561,0.005795599559320926,0.0012384691991578188,0.0039025060596994017,1.971046040734749e-05,0.00781902106294023,0.0017381032020209076,0.022404366531991498,0.021285518726312375
Wef2cc15f16103ef60002,0.9026779754424336,0.008224960232185066,9.003835802829032e-05,0.018921978938390507,0.004231351810265,0.0076039323131518255,1.4202170972929313e-05,0.003705216732074653,2.153883745275444e-05,0.00658947170779111,0.0017422689851179154,0.020943697269499132,0.02156289265831474
Wef2cc15f16103ef60003,0.8990968905532097,0.007391363175255188,9.241145616679835e-05,0.020025113084417755,0.005900775327278562,0.007603589995207845,0.0005697496401328516,0.0037048525536936138,2.0766951897703944e-05,0.007318279295496048,0.0017413402201447523,0.022817995840916126,0.021561419097525486
Wef2cc15f16103ef60004,0.8888203841245348,0.00910487120338179,0.0006535058852299492,0.024298776101343095,0.005063443671037549,0.010161460791747158,0.0011264178942631644,0.0037080110054424943,2.194761535414161e-05,0.007051085624790177,0.00271543945252762,0.021933349477727668,0.020725374658932646
Wef2cc15f16103ef60005,0.9011226706377629,0.006673917872586765,6.157986305504304e-05,0.021109975900358034,0.005320262662285019,0.005906597586862465,0.0005662866641188964,0.0039004946064174232,1.4486210762563528e-05,0.007956285533552494,0.0017306945004603742,0.023211972805996354,0.020999685388312705
Wef2cc15f16103ef60006,0.9009133710107203,0.00667378848427391,6.0481050703782846e-05,0.020281801808924742,0.0053195045751805855,0.005906388416540299,0.001121492000196365,0.003901518044413522,0.0005697095298881688,0.007814800104568977,0.0017302403162470956,0.022643680029188165,0.02127717325359129
Wef4a3d6322b8f1560000,0.04074851361039816,0.006440236117655504,0.07024887229454299,0.09963921776235901,0.0375693313268786,0.2102393049624146,0.014371162420002526,0.00589854210204667,0.015614992472459333,0.16521074393329754,0.050105294190164,0.015112930051112035,0.06376508794789465
Wef4a3d6322b8f1560001,0.032406182768754996,0.00413349176201069,0.11143332863487045,0.09519292722743446,0.035464364440119626,0.29225907463373374,0.015178586393324011,0.006144246461429859,0.012284830451433517,0.17514460843430432,0.036545315248703046,0.017312552398842235,0.04031369680077749
Wef4a3d6322b8f1560002,0.02718443943097748,0.003845847079869822,0.13352165899658422,0.06419050346229078,0.040351608233914406,0.28338255580853833,0.01603950414034924,0.005239117568870797,0.012352310605401817,0.18208671586999128,0.03924407971953872,0.017443395155543197,0.031112722824582238
Wef4a3d6322b8f1560003,0.02569330391081503,0.0039222069556406804,0.10749424832630151,0.06737551190736686,0.04156257953498991,0.2515163629231108,0.018125300438208456,0.005889981986696587,0.012831128618934528,0.18860907555258147,0.041824600641080706,0.015809478503257188,0.0488585297937179
Wef4a3d6322b8f1560004,0.028078995609989776,0.005494447647623468,0.10942562471819249,0.0980468739779159,0.04452804736037385,0.18972330207390845,0.018133225531722773,0.006444495261157254,0.012776263121243971,0.1822329086706076,0.04028521895536314,0.010294147388377098,0.049814489719943955
Wef4a3d6322b8f1560005,0.03405396821362298,0.004045067325400716,0.09670110308916433,0.07471337752339641,0.033319631930664236,0.23571235456022985,0.011933824564710132,0.00656348225025022,0.012264851892657285,0.18214544930762508,0.03657337546381319,0.01438424398512978,0.03377418042999748
Wef4a3d6322b8f1560006,0.03726592062373131,0.004675277061781632,0.10413492116532677,0.09603802128261837,0.037542916896837086,0.10539777086043176,0.012986316432018953,0.007546624918653,0.012611760360536343,0.211378964559125,0.046308283656995505,0.011090630636409606,0.06280990570747914
Wefcdce98f521c4be0000,0.0012172765922112236,0.000256490703130957,0.3385014935705864,0.0963587429896648,0.0347325450177207,0.048814940448416735,0.004115935035655648,0.4325040658364744,0.0021299546924606946,0.004439796013239655,0.005518301705079002,0.01603132036500591,0.008662637346743097
Wefcdce98f521c4be0001,0.001635570689165735,0.00035079883789361884,0.2474585008041599,0.15780882254532114,0.04186300394902747,0.03799479251775804,0.0036116861682403416,0.4718332722549796,0.0003287571950785315,0.0038543909637663554,0.0043677615157105805,0.01437957871589734,0.007254589112219181
Wefcdce98f521c4be0002,0.0005581127716015542,7.740031020989653e-06,0.056836153305343286,0.03336045827602139,0.028283255614552628,0.024224190829366995,0.0009289811596923232,0.8157805560790643,3.6711009861163682e-06,0.001999829203857883,0.003348287189503005,0.0191423368856498,0.008816084155607742
Wefcdce98f521c4be0003,0.0011083507928766143,0.0003925294377934547,0.22384228778885276,0.17506606093764313,0.046868602392671536,0.03787560759129732,0.0024847418361416047,0.4646821339730536,0.0011906402765150064,0.004629873281198072,0.00542224773266422,0.019186633911668416,0.009822817279184708
Wefcdce98f521c4be0004,0.0013627389714030223,0.00035818445089251923,0.17239768202081074,0.12933994037314428,0.04588658406625746,0.13502625576570082,0.0032032596394362105,0.45390407450914877,0.001291551197545412,0.0046997120569311065,0.004395773975735706,0.023395620583379337,0.01673237546936117
Wefcdce98f521c4be0005,0.001326394004483088,0.00030676445675079247,0.284004146416356,0.11245699644758866,0.04161731204955307,0.04761213630905198,0.002375743949340528,0.4609085153219232,0.0006463544786111498,0.004004398289846174,0.004237137869194089,0.022541937408322416,0.011014984075826266
Wefcdce98f521c4be0006,0.0018493736980751446,0.00026049268879469497,0.26418161471508644,0.10391508745578124,0.04452912151277234,0.11186103581678616,0.003637272552349271,0.42685848520182024,0.001167990994308865,0.004105866355692136,0.004516989473966468,0.019825341669795354,0.008488433616929287
Wf1d9f9e8929c4b4c0000,0.01589243749721134,0.0024402551206939237,0.09225573099690092,0.07593716650084346,0.07862309506936735,0.02139331577142878,0.020547626655554523,0.01803240615306898,0.01964161244284383,0.01977218361197613,0.012729318291410137,0.14752525620662474,0.0252641070513315
Wf1d9f9e8929c4b4c0001,0.012365887891867731,0.0011110244076618472,0.0716561327156869,0.02398077632475477,0.047031390673657636,0.01949360832696113,0.31336867863395074,0.016045486107799677,0.015480291998062072,0.016989208410732547,0.013269034329223862,0.15569075898139062,0.024763850302826938
Wf1d9f9e8929c4b4c0002,0.011805810661413426,0.0016635789098436004,0.06721344192600986,0.024624865830449413,0.04978198450473125,0.11104470007044276,0.33883130406989315,0.011361920455194144,0.01596080061077319,0.015454160189478823,0.012709375942066357,0.003736080202769995,0.024350887697314364
Wf1d9f9e8929c4b4c0003,0.01610747935150008,0.0031041554815623073,0.09899131033081845,0.04562244607018215,0.12797269517057167,0.13624909516733355,0.022386952086925618,0.011779498950533844,0.021086368204819517,0.018291123762774496,0.01612099725762084,0.004947408046118657,0.02722745330780368
Wf1d9f9e8929c4b4c0004,0.017157146583230955,0.002907484956796449,0.12228306296205375,0.0317021465233144,0.09688914049766241,0.2450088111582864,0.02449967216870509,0.021269849391739287,0.023277404241512808,0.01612336369743577,0.015898577068348723,0.00465947801992772,0.09856812024938866
Wf1d9f9e8929c4b4c0005,0.017552378106788755,0.0028971478735698893,0.10409134322652462,0.031425536740896404,0.09515433617915416,0.19493543788933387,0.022181438610565596,0.01961870872908784,0.018915342191940066,0.019577862171928116,0.015384344256180274,0.0047387285524755724,0.1423114283590062
Wf1d9f9e8929c4b4c0006,0.01588149962465826,0.0025959864547739336,0.151404234078338,0.043472798271074496,0.11330790924431232,0.16308693333157195,0.021692501356396974,0.013621564862007015,0.017757266877943215,0.018130135888205966,0.015993779500472417,0.0041789889469328635,0.025884261604410777
Wf4758011109bcff40000,0.020438755642696486,0.524103971556574,0.004400454129037016,0.00905875499357773,0.008838121044362015,0.013708459839937093,0.38036121156669567,0.0005565358175709552,3.873077262555106e-06,0.011530821257647799,0.002780526106308215,0.019816046209492816,0.0021324228175778966
Wf4758011109bcff40001,0.020994512364336484,0.5260776314413892,0.0044001265981976805,0.008225472154323595,0.008467867412504914,0.013985077161074208,0.377648425414403,0.0005566496823348654,3.0876605204902386e-06,0.012364218818169133,0.003059644723021292,0.02009420246084828,0.0024087589873672106
Wf4758011109bcff40002,0.021550544408771417,0.5264155424124586,0.004400117033478137,0.007225653770663018,0.009022084528410098,0.01548014301356575,0.37602901118529997,0.0006952651324995309,0.0005590807019679369,0.012086484712366563,0.002966739392070112,0.019168221955753663,0.002408777081544455
Wf4758011109bcff40003,0.021550841926761124,0.5274720837246812,0.004400130388505904,0.007780828580020234,0.008466568748681758,0.01575906186234444,0.3746929594437342,0.0006952946324198331,0.0005592615333766044,0.011808811109214478,0.002966782147487896,0.018890479869777,0.0029643377901012783
Wf4758011109bcff40004,0.0221065342212784,0.5360567517860558,0.004400153858361241,0.00764240379805968,0.007448096166106728,0.01410896969769832,0.368267633549775,0.0006953042337836925,0.0011143078620732868,0.011808781735078384,0.002272353184533889,0.019677539047923864,0.0024088212688312444
Wf4758011109bcff40005,0.022106030112487046,0.5354087101869582,0.004400156741181726,0.007641652425108452,0.007448214268676358,0.014695516072901817,0.3688851953197963,0.0006960896448398427,0.0011143160407831477,0.011808705765879019,0.002272388476784566,0.018844193780549814,0.002686601078760672
Wf4758011109bcff40006,0.021827911085738234,0.5265564668033953,0.004955716483710428,0.005974441741318096,0.007170830546700827,0.015467438537710773,0.3781206344587861,0.0006982740639559107,0.0011142525291226069,0.012920581487327248,0.0022258983422815248,0.018473804844047818,0.0029644339575053626
Wf59b57b9ae65f7be0000,0.01004963431129193,0.013227231394366613,0.20286361316868792,0.2925010033764129,0.1148145580272013,0.19204787489901917,0.01373029736876215,0.020092933072723567,0.007938569504254893,0.02548300336865302,0.0076298288920846604,0.01112053450411509,0.06538645017462855
Wf59b57b9ae65f7be0001,0.018687504671361644,0.0010234193575433086,0.21163974816935668,0.1687662415816362,0.12827766454115097,0.2176759761972172,0.013812407897536705,0.03423978950906217,0.007982163573174954,0.02733532168572086,0.011690460732881248,0.009355728103796397,0.11791621822631278
Wf59b57b9ae65f7be0002,0.011875800239708868,0.00036807917839078614,0.24222221899676225,0.21629723277039617,0.18661832260063624,0.18117966296723365,0.015608292484075149,0.02473322444551982,0.0062689194506084225,0.018505042847909048,0.009986350597505498,0.008875438265434443,0.053518572149173535
Wf59b57b9ae65f7be0003,0.006362909670485701,0.013128315058160403,0.12671026341142808,0.09996343047240486,0.2575893686427925,0.3115057823998883,0.015560134537959168,0.027478434932675735,0.008015978513399163,0.027386734754808212,0.007894238778055318,0.00781493300639023,0.06644223231601393
Wf59b57b9ae65f7be0004,0.015659849588308315,0.01539343911734231,0.1568013636682904,0.12452318625393946,0.13201023532570733,0.2926167271296662,0.0127302998260452,0.043838560668969254,0.007857293782344779,0.02790258782550856,0.01115055545940824,0.011838329315078649,0.11367453868630865
Wf59b57b9ae65f7be0005,0.016086320902321614,0.00039856307578326025,0.17896130348805228,0.23476825197590864,0.13590630768615547,0.24409243920612703,0.014625408047422276,0.04782570570221461,0.005740335972976243,0.019469199384237544,0.012538789326069643,0.007238695109707723,0.05805883992075116
Wf59b57b9ae65f7be0006,0.0077872837677937425,0.0005896534121030855,0.14282210658603883,0.117667224202895,0.1727339489419243,0.3267506915402448,0.015584390124803216,0.06209099240448072,0.007090735638199217,0.020041230075836414,0.01065119143483247,0.008481187144867931,0.07749920904934435
Wf67e1729784c92fb0000,0.0075595922231854965,0.0011258687061754652,0.020973594957592375,0.011775200596696966,0.004950268134850963,0.008888370656705422,0.0058839544629159125,0.9030243912812997,0.0005595577173198157,0.008556917067500457,0.007803410660183697,0.003960390663163924,0.0037277380958715836
Wf67e1729784c92fb0001,0.006485208488939204,0.0005657564215996467,0.02549894580964712,0.014681172708189685,0.008264635960552174,0.009037327262311608,0.00746840863662595,0.8934564288099356,0.0025966947622052404,0.005832796526752597,0.005161952547906921,0.005654478760731143,0.0029278656341806403
Wf67e1729784c92fb0002,0.00556010391599792,0.0005635313277195797,0.02412513708977299,0.011903223544076233,0.006080582183790416,0.008063293791400774,0.004688627613980938,0.8980540515930296,0.0016707035654504013,0.008021030290666777,0.006687439266497532,0.00574639456490814,0.0059916832485377314
Wf67e1729784c92fb0003,0.005558961853013001,0.0005669519360481051,0.019096414206570933,0.011903998929992518,0.009096292870748824,0.0087807164015555,0.0035805372036219183,0.89474203446211,0.00481869479610104,0.008006361098789922,0.006834070513268416,0.005817098478490782,0.0037015165620794804
Wf67e1729784c92fb0004,0.006114866333633599,0.001126068311111396,0.01814166629131622,0.009405865629325782,0.008071022504033345,0.009604289982015306,0.004139637373977073,0.8975552156835764,0.0031525983969205,0.007433872214336015,0.006828441263280396,0.006345686874982962,0.004809386249851141
Wf67e1729784c92fb0005,0.005374647912267176,0.0005678028220241306,0.026914429203210525,0.011627563504810272,0.00974191282356871,0.010443256828525841,0.005246439003925744,0.888051952488099,0.002596879279294025,0.00632308790162352,0.00423665585323025,0.006488008180073825,0.004810268642324413
Wf67e1729784c92fb0006,0.005930038709490931,0.0011272339819105074,0.024509024374432854,0.009683463394871228,0.008993920383595321,0.008861223788867953,0.005527179619111303,0.8963834186999224,0.0009297994008125764,0.007096984143378342,0.004048439473027496,0.005654187163468608,0.0055318647868987
Wf6efc5aaecd330440000,0.008693595043933407,1.0305228806240922e-05,0.0030827973925598986,0.000991113983129704,0.016805592604496607,0.11657447776523328,0.003212106030115714,2.3064658838401303e-05,2.3909326991523408e-05,0.0030941013127990984,0.0005725949823186046,0.5979651305911011,0.24620708638721972
Wf6efc5aaecd330440001,0.010901678065447076,7.609218590467535e-06,0.002334994047653233,0.0012571256048060206,0.11727774614529869,0.176447024766667,0.006020693572161887,0.00018846526680296003,1.1829352469709357e-05,0.008031693537325123,0.0005644665339427042,0.585848267162035,0.08774577992302861
Wf6efc5aaecd330440002,0.0016794514122244095,0.000560732166305774,0.004514583511293589,0.0017177822735924813,0.003721623085794393,0.3342193919631947,0.002969275168922346,4.4900703534362177e-05,6.935560560562694e-06,0.000564143370427378,0.0005635817383959621,0.6076441785820907,0.04093511547569578
Wf6efc5aaecd330440003,0.0022447748504892313,0.0005595975166653116,0.0034392066726887283,0.0009865931166173484,0.0017642694022173974,0.37021539016741467,0.0025511031360670694,9.974183408551036e-05,0.0006281811667561052,0.0005610182925427198,0.0005617057691066719,0.6086628930846498,0.007150605856644852
Wf6efc5aaecd330440004,0.0022423821151035216,0.0017113126068724503,0.014906654212351919,0.0036519674759977008,0.06181157917766138,0.2855681902823287,0.006367512770207529,0.001715511539545096,0.0022521460922260666,0.0005842869900300051,0.0005625593145631522,0.6115702457754661,0.0064834528862922495
Wf6efc5aaecd330440005,0.0022325650690769036,8.586325369265734e-06,0.0021311596928824932,0.002434188905616614,0.1006425925994539,0.26885865908448453,0.003862538354967351,0.00011841487956943292,8.210807659212714e-06,0.0005920729703226638,6.325161326115805e-06,0.6050534616889172,0.014034393417546982
Wf6efc5aaecd330440006,0.002429169660599614,0.0012544784991076348,0.0034368546871844335,0.0014536065145563867,0.003376054776736157,0.3723982662070534,0.0032860756437240756,1.029275076289431e-05,1.2817906444774801e-05,0.0005972193808156585,6.2750597579624224e-06,0.6009308137812406,0.010511705800423043
Wf71d5a82e2b2591a0000,0.003688436447678443,0.0037714798084959524,0.022813719533482102,0.3194665339276057,0.06278266891386983,0.005210451593170248,0.016870810401971907,0.007083316721308276,0.05029682432869712,0.013182363046372249,0.26948607787002216,0.028657159984662714,0.02851250121123959
Wf71d5a82e2b2591a0001,0.003917509481736301,0.004012414166142623,0.028171887306670768,0.28766061843025836,0.06724136162771317,0.004339576588640422,0.02638298761433131,0.0065069072115829605,0.06080354211880194,0.015119515780753792,0.28382582620234165,0.02958936311167278,0.027009871816575787
Wf71d5a82e2b2591a0002,0.00358921792609107,0.0036622428030933124,0.030268394650746166,0.2217866826253771,0.06584593433792561,0.004900769049071366,0.0045996222378626266,0.00795177072950556,0.10578318292092086,0.012881506789742156,0.3218888228864939,0.03015978786014712,0.030572354802230233
Wf71d5a82e2b2591a0003,0.003178120758680495,0.0051441918538862414,0.03262746963410462,0.26528806321754067,0.06970017841909108,0.006232065864561722,0.004502702924109005,0.009105192775324473,0.06873931509534059,0.01440003238598239,0.31700256141653455,0.028157244843549714,0.030477629438841674
Wf71d5a82e2b2591a0004,0.0030114592561234304,0.005091624153105839,0.03686116801436424,0.2898586617930456,0.06678375885770185,0.003473896330842527,0.004944015608013271,0.008351239698006923,0.05594444461815077,0.012484228566827961,0.3194102084784078,0.029382826358071327,0.026354213392917353
Wf71d5a82e2b2591a0005,0.0028795503056223215,0.003991163713045256,0.043400856078264376,0.25528967158633914,0.06770097757461743,0.006683958844523178,0.004782313028939847,0.008005403388402457,0.07613808488090175,0.01474511169258565,0.3058512434641307,0.032148564007371205,0.027502956353197112
Wf71d5a82e2b2591a0006,0.003229895415570972,0.003951523518572079,0.03604290530613802,0.1775935272834942,0.054644008435370574,0.006213578822416685,0.004630124302113765,0.020011281933434485,0.15635356188351154,0.015249295947132882,0.287901941129277,0.03170653044861819,0.025389632489140553
Wf9376d0a25f5831f0000,0.004079462520245172,0.6439213063469009,0.008637069302892014,0.007297489244681253,0.28412814592467583,0.0019456299464945827,0.027778010792887615,0.0016397519082399883,1.1982178892467301e-06,0.004454451859647764,0.0057692619551633455,0.0018067226147131796,0.001952715956515294
Wf9376d0a25f5831f0001,0.004079477051263568,0.6399547222556803,0.009192090451795169,0.005627700705463796,0.29084214797503727,0.002501117782046392,0.02661298389439416,0.0016941231153645782,0.0004457231100978176,0.004176675311548075,0.004480695418041515,0.0013900810966805503,0.0025073540222428346
Wf9376d0a25f5831f0002,0.0050520298720513925,0.6660279236581053,0.006415447776206139,0.005349735063977126,0.2663544857010354,0.0022234050803003006,0.026565031890086018,0.0019461317262601246,0.0006679680913001476,0.004176685627434175,0.004826501827815586,0.0013900191479972064,0.0025077266232990726
Wf9376d0a25f5831f0003,0.004126056644238639,0.628601925052115,0.007897485048237998,0.006184085512439401,0.2979716334885991,0.001668007111729144,0.028843960905020113,0.001617416808644749,0.00040870139639834934,0.005314246843185907,0.004511779032746352,0.002093713906461465,0.002673275496254433
Wf9376d0a25f5831f0004,0.0032460327096406247,0.6256699096533838,0.007385974169138597,0.005627419410098549,0.313183935378818,0.0025011084776732704,0.021273575288549694,0.0016142335146357796,1.2807862149281356e-06,0.004176680891645771,0.004926587560966118,0.001112245620458689,0.002507415315002573
Wf9376d0a25f5831f0005,0.0032460587905126757,0.6556679322765697,0.007388425647532687,0.00618565276976969,0.2822830740850798,0.0019457106493125712,0.021445487020122136,0.0016744942158795687,1.2853474309612974e-06,0.0041766847617305935,0.00531066120701723,0.0005566696721380652,0.002509136246224932
Wf9376d0a25f5831f0006,0.003431612400228227,0.6680361974100164,0.007768051539457142,0.005488299589461243,0.27267796652821596,0.0025013397146464913,0.01594355057771159,0.0016540516987581038,0.00018649899656400737,0.005545732312690546,0.003998716548875139,0.0013995101765032476,0.0026734851228740943
Wfaa483cc9bda9fb40000,0.01286870624421324,0.0008002587085517825,0.18328361024971693,0.009558977746166665,0.014403723105257997,0.006212937038021653,0.008076509686119261,0.04434489063423702,0.02936511754427157,0.012023573581337328,0.029706142626892765,0.00631943834168686,0.043669201623950736
Wfaa483cc9bda9fb40001,0.010352961162801707,0.0006692634285326494,0.11791104738099388,0.0053235292421473695,0.01616464757927723,0.005291537779585423,0.12468161493735952,0.04123771060136958,0.026014605788405736,0.01157737083690199,0.022294251371757594,0.004838219836103584,0.042029570525985056
Wfaa483cc9bda9fb40002,0.016005629836953566,0.00011888800219799732,0.08194066949749253,0.007157348812052077,0.016627564878572657,0.005852572200445913,0.057046361070459385,0.04487370675308575,0.02049601544288548,0.014420960880182875,0.02476055321681507,0.005143313694914642,0.0442965269275196
Wfaa483cc9bda9fb40003,0.02548469870892562,0.00010586586526207395,0.07198109928522041,0.007361940375210914,0.02015185632932843,0.016540917677881704,0.025955307286329936,0.034972500503898454,0.01955031704156905,0.010269950271740855,0.07915975462679865,0.003531831571922966,0.03719804560919597
Wfaa483cc9bda9fb40004,0.019707250336804268,5.9233151209246825e-05,0.06747544229168922,0.010120326293997504,0.022746456940133438,0.01713624707038913,0.014560817870306974,0.030897838210842774,0.018578405271032487,0.012053711264542244,0.11811775055442024,0.004626536602263921,0.035027153555767895
Wfaa483cc9bda9fb40005,0.016187537728512228,4.623190188414495e-05,0.08785323819436143,0.010487848302214914,0.02119386025042856,0.008259640243216109,0.01892845891931144,0.030567489581396455,0.02226618593054839,0.01433875622165336,0.02462417343139571,0.004570815978412884,0.038089671056172496
Wfaa483cc9bda9fb40006,0.02539428347561301,0.0006170970089406264,0.0765586594143005,0.008194828903824506,0.014059464131649947,0.007949226369428861,0.039863988677831384,0.03226641571584985,0.02396524552614333,0.008134102036440053,0.021668281673989657,0.0027429330444542575,0.029825456488841457
Wfaba63e098f23be50000,0.004672679964798581,0.6662999482702132,0.0005637390201837127,0.002409894007087282,0.001116741235476562,0.0016705844497488132,0.3204610260143662,2.2743914615035433e-06,9.005889830335969e-07,0.000841407664035046,0.0005598991144970839,0.0007444711876651075,1.686480661910342e-06
Wfaba63e098f23be50001,0.005039224440451647,0.6909063458474705,0.0005634155272833052,0.0017623817805508123,0.0016354204265699413,0.001115314946417638,0.29474484875489443,3.895386478400072e-06,8.962890493532807e-07,0.002174755682605776,0.0005600055016631007,0.0005593348121405529,0.0002790557886209221
Wfaba63e098f23be50002,0.015923636278170856,0.9255644203839452,0.0005628750462169514,0.004262428187399667,0.002561602636014219,0.0022287673806493245,0.03662844493119211,0.0011121434025181574,8.963163588704724e-07,0.004517244921041011,0.0011150803197115457,0.003059252593066903,0.0001864608509077922
Wfaba63e098f23be50003,0.015921606032556646,0.7032913085504987,0.0005629039948321773,0.004262320036661305,0.0025613930051924198,0.001672953687626865,0.2600160730981057,0.0011127553171132551,8.960370146656555e-07,0.004517244748102105,0.0011149984686389784,0.0030593865054449197,0.0001864697010405213
Wfaba63e098f23be50004,0.003102362498371251,0.9879273081014218,7.751785475966952e-06,0.0020400944977246823,0.000746642568731859,0.0008380069301823175,0.0029032921984140565,9.70024940027739e-07,8.960659654653484e-07,0.0016760131597364485,4.327378835981261e-06,3.7496260133244753e-06,1.2779743159269848e-06
Wfaba63e098f23be50005,0.01628496958475749,0.6805763524289958,0.0005626087153397128,0.002919741500928939,0.003255903285277206,0.0019492380901897192,0.2816290880668194,0.0011124146483505004,8.960432264207993e-07,0.004795019448478006,0.001115199028844264,0.0027815329079791187,0.00018645987961463573
Wfaba63e098f23be50006,0.016847577807100868,0.6970064898243294,0.0005626246118737475,0.003475231275841107,0.0032557359103107717,0.0019507154392704327,0.2643561173613021,0.0011122293989889085,8.993352379935888e-07,0.005074312067672917,0.0011149975620984246,0.0033371400866905273,0.0001864598496934925
Wfdd58305c41484a30000,0.0022009613808113347,0.0008650808271345732,0.3071768771682309,0.1833833692685873,0.021234882254311954,0.08923383338263595,0.006332011334527783,0.058969354735385136,0.013602344018019725,0.15388075391703993,0.0638634613333434,0.008532756834183407,0.032218182286732185
Wfdd58305c41484a30001,0.002798936302832443,0.0009056186391116902,0.32180082161220935,0.17924305464184462,0.019463153886774543,0.08161620599745203,0.006298093400363855,0.05563034972907597,0.012080171316207611,0.15676868501543884,0.06886896905171465,0.008457676216002028,0.02980479174673469
Wfdd58305c41484a30002,0.003273882542985129,0.0008292234834335694,0.3955205052792043,0.07719110526806505,0.0196929096393818,0.09396018924904212,0.00532549559364968,0.05140724111157862,0.01240116355095105,0.17990627997335645,0.06529939196002851,0.008037640898098861,0.031069885312088808
Wfdd58305c41484a30003,0.0025662931425386322,0.0006825160990512214,0.2169605078600013,0.27158087671881753,0.027464736078993957,0.05163523369266027,0.004968913558142192,0.05096424944946675,0.011997344816282297,0.1755991503506636,0.0885506311676495,0.007766251471339222,0.038460587170392746
Wfdd58305c41484a30004,0.003204247530210315,0.0007612460283560042,0.23400408577788614,0.22176454022290107,0.02435693073081045,0.09541323205504056,0.005595343021376167,0.05170496469986973,0.011890197074033567,0.19031832952664343,0.059966910802161336,0.007940727068162373,0.042430446190482966
Wfdd58305c41484a30005,0.0031448364599731935,0.0011503810082659,0.29025356338620656,0.06885975562235597,0.018989495952400796,0.19080354461049956,0.005494657495121185,0.052009043861782386,0.01128377361262,0.20925365800813936,0.052773571589205794,0.008580593558347411,0.03125498890403635
Wfdd58305c41484a30006,0.003213010587776654,0.0012159742746826747,0.2948009554428171,0.06658207020879123,0.01929103578578315,0.19376250767468903,0.005783300445001082,0.05197969087409705,0.012037978736060153,0.19440421041244416,0.06020241431332731,0.00814291906883355,0.031498950157536586
Wfe087e60becde77e0000,0.0036461127103119668,0.0027210612158672294,0.18128182044912,0.020012655513105684,0.03265495768819924,0.010879290084353505,0.0117331874622928,0.10339102210866315,0.01337746591466961,0.02380662242655252,0.0820478891544497,0.003903416011593892,0.020011951052693877
Wfe087e60becde77e0001,0.004383702263486754,0.0023547444533668156,0.1619824243132725,0.02688963460238814,0.030183559380043887,0.007293239002422936,0.014003077450362363,0.07349953665201084,0.008767889627173528,0.02134676224213328,0.10490398123917653,0.003924740985514975,0.020981896869473552
Wfe087e60becde77e0002,0.004499932441173739,0.0019113417048270253,0.16785071896343606,0.020785483344032806,0.03103394740732199,0.008611055917317867,0.015048009443664093,0.16323486382304916,0.009220771848895647,0.02278248341819754,0.10713338964901974,0.003492875920621681,0.022183862201461985
Wfe087e60becde77e0003,0.004028714422656468,0.0026418541231716763,0.16948867091666692,0.024738638267586436,0.03262153100372275,0.009277420842752668,0.014277051761981314,0.09729005336421896,0.007566768680409384,0.022492112158819175,0.07915677470035919,0.004250887139326355,0.022488157294274124
Wfe087e60becde77e0004,0.003887684422979496,0.0032044746360636194,0.17281701348315723,0.027823318887092108,0.0337824212113424,0.009512624641080764,0.013208880046726908,0.06139464443047323,0.007817850259301217,0.02342290816713156,0.07879317590430689,0.0041615442710912385,0.02122494061638855
Wfe087e60becde77e0005,0.004410008754538031,0.003167630030330143,0.17124170288088153,0.021715755529812718,0.03147409767139871,0.009976458951738775,0.013134780432573826,0.06030013936353591,0.008380869947757774,0.022967456575240075,0.07669562763972354,0.0041091933044952724,0.02172951434423724
Wfe087e60becde77e0006,0.0038784091604932296,0.0021480735369217097,0.17952962823598032,0.0199564184967769,0.028140953805609145,0.011007468433105435,0.03690597892236286,0.05186459269499179,0.007516474458159755,0.023941464557396062,0.05843917753498197,0.0029506257907290466,0.02624967221963992
Wfe131a9a23bcd6b40000,0.005272712419615638,0.6164495434279545,0.0013023498685993202,0.005977694798645155,0.0038546800418556315,0.0026867609945936603,0.34720540248581566,0.0014842155122734616,1.0698086955939954e-06,0.0031498380298269567,0.0053371589593418575,0.0037509433429736045,0.0005575878007241735
Wfe131a9a23bcd6b40001,0.005227592079357158,0.8584504620571899,0.0018580414837534277,0.005421762802508154,0.0034005235856320354,0.0032422439459737955,0.10470786953142826,0.0020404016921280414,6.049199715188188e-06,0.0038903264090978064,0.004755939208299554,0.0026399248020037907,0.000834503343816662
Wfe131a9a23bcd6b40002,0.006061069906978627,0.6165183490024269,0.0015783918295889919,0.0048664040417173635,0.003901130485582132,0.003103133501566402,0.3457235680122469,0.0020390685846806084,1.044457936001705e-06,0.004287120996350675,0.004643443633900285,0.0037510275458040717,0.0005567277751840169
Wfe131a9a23bcd6b40003,0.007171170831354383,0.6031639380051499,0.0024117256420671074,0.00565348159743173,0.0050679697580628775,0.0021308974838279344,0.35185668619123844,0.0023165396897099053,0.000223260898729781,0.0069260341382091665,0.00552304675894117,0.004306581378053553,0.0002790334204628437
Wfe131a9a23bcd6b40004,0.004764755096241186,0.619219452866661,0.0018573011601131166,0.005653261662660086,0.005383513722834376,0.002687276346260572,0.3349082375377025,0.002321812721213326,2.5064391678170773e-06,0.007666774879386313,0.006313235169247955,0.004862165649288144,0.0002789996761718264
Wfe131a9a23bcd6b40005,0.005504184965676031,0.6073186582849814,0.0026897120020979853,0.005282930703445129,0.004792300900106924,0.002131621409524096,0.349641164432122,0.0023170456399394324,0.00022336936504105607,0.0067871438029788065,0.005339662710290068,0.004862189656504604,0.0005569155037021406
Wfe131a9a23bcd6b40006,0.005312084903102968,0.9178461948734463,0.0013098917951498057,0.0054219477926752664,0.007385758683604541,0.0031047021436035227,0.024280353976748503,0.0020402598396950756,6.900927733151328e-05,0.005001430731368113,0.020394235531639812,0.003751037970728701,0.0008345885260156663
Wfe5b5fd90a0f32520000,0.005899634032802529,0.04409701682065335,0.020093967353668894,0.022812905354699795,0.013453863596726977,0.06955216591340553,0.7781146653688313,0.0009397680684538341,0.001217343243711502,0.0030311440098273945,0.0061484454776702755,0.0251638149212563,0.003411140759555671
Wfe5b5fd90a0f32520001,0.005291813792023692,0.040171576843803285,0.021236640430169377,0.024165435027645104,0.011328904383028991,0.050306734404646135,0.8008894844700908,0.0014881145368934104,0.0020432060886345768,0.003990800465589821,0.006130967125533115,0.0215065456892284,0.004101915739258242
Wfe5b5fd90a0f32520002,0.005705386282302189,0.04183979944069913,0.02065983501741816,0.02210518172852304,0.01038547036247818,0.047246280347155,0.8093262301780825,0.001487486766282522,0.0009323914258018823,0.0034350135832083763,0.006548460397427033,0.02106188980117648,0.0037693200817503773
Wfe5b5fd90a0f32520003,0.007373005432045813,0.044067100677751804,0.021076473819955286,0.02216308856458086,0.010664123694272328,0.042823491791659986,0.8009173254241514,0.0014883275022705782,0.0009333339494298211,0.003991882569829771,0.010345646924029422,0.02169692903014865,0.0053383431601178675
Wfe5b5fd90a0f32520004,0.007375213068296587,0.04462803906000197,0.02240309239374765,0.02399512333430035,0.01107038341552051,0.04207279749387598,0.7955835687295323,0.0014886574380369377,0.0009341410757475854,0.003576886544187141,0.010070720158898618,0.02336755688023276,0.005894715860026767
Wfe5b5fd90a0f32520005,0.007597929979302178,0.044073760147188897,0.022408462996634737,0.022745291949052657,0.01089446542860414,0.04270968249391211,0.7972401612843897,0.0016277512525806252,0.0009343756743696405,0.0035772312715209175,0.010071697176194955,0.02327666481574619,0.005301673354299504
Wfe5b5fd90a0f32520006,0.007929134681723826,0.044067089106093804,0.021558997623600987,0.022419707722901847,0.010589010253905453,0.04373796734700396,0.7995700886963233,0.0017671183306590145,0.0009333305172825086,0.0046868963140880866,0.009929123172426668,0.020583187655295918,0.00524523552097744
Wfeb1d9279b09dcc20000,0.0036884098007352564,0.45184760494946125,0.01720209673801606,0.010583832255776493,0.04261260518571334,0.0021217516846819898,0.002210526444987865,0.025821799080207528,0.0168426277221399,0.014148523156512752,0.13030632681967388,0.02167665440441119,0.024662503366711164
Wfeb1d9279b09dcc20001,0.004368333882221097,0.047032967350856936,0.027158095240840417,0.02046683031726928,0.02978049171968259,0.004312293902042139,0.013615295108419129,0.03129789293607908,0.015708513684893774,0.050607593028825934,0.4342526634803522,0.016751385223366937,0.02306185648464825
Wfeb1d9279b09dcc20002,0.004466169879901776,0.04895484616568427,0.023908303664188117,0.021916912437619732,0.033208795472423835,0.005105934920016187,0.00567468039315562,0.010905748398942169,0.012831856016413228,0.043394715706491026,0.4352597709776828,0.01520705951712293,0.03549515085399901
Wfeb1d9279b09dcc20003,0.002832677494314425,0.46025578732261313,0.016655576469179752,0.010769980021120147,0.03491249756476392,0.0022173461176063307,0.015204479378169102,0.038665712302919486,0.011155489728933203,0.016829254213500622,0.10303668203993989,0.016028536668923173,0.027810996550961947
Wfeb1d9279b09dcc20004,0.0012010522591827547,0.002082561745972282,0.021934590153725213,0.03475041990844872,0.02780298316144249,0.0023357186426736956,0.004600490118710567,0.009272811549116659,0.02250398576867814,0.19725170511106185,0.29885390315877314,0.01325799948932692,0.028198613636886357
Wfeb1d9279b09dcc20005,0.003544939045739872,0.482511234505125,0.009401731176074067,0.00735036427687933,0.017382010536066844,0.003556273965954425,0.024440608495942425,0.1717034008267675,0.013423145142961687,0.011136315665829897,0.09499910132454932,0.02812384709579134,0.02075244046354779
Wfeb1d9279b09dcc20006,0.004645396529927487,0.010429964176264248,0.018810547868504536,0.015605200492813973,0.022077732967148996,0.004624151465661677,0.021433914145673763,0.02721945454168866,0.014910712533006996,0.08207434864387708,0.43185515760715903,0.009555038767506331,0.02627216761163731
Wfebd5f1c4ad913370000,0.018940431144105277,0.0008246235615689891,0.032682442363494414,0.16734189633487265,0.22803171300768865,0.03982934057565584,0.010871358120909412,0.41459883281667237,0.004668911654161796,0.009027481344842788,0.015600520851141613,0.02396509291401382,0.014054457052658856
Wfebd5f1c4ad913370001,0.018767351453269417,0.0003784889322852774,0.02976916159538018,0.22800850991797553,0.1740141014285665,0.03606679367261228,0.013884046341903778,0.42052388558801035,0.003343299944268687,0.007623858647733643,0.014515806031744743,0.023914353341199842,0.01202485535220956
Wfebd5f1c4ad913370002,0.018751692635648815,0.0002440764181834989,0.02842544466425696,0.15783618924975618,0.25168033112098115,0.030674268395414015,0.013920492601285939,0.3939713614425318,0.004842761695922959,0.006946931058067718,0.014702860059260511,0.021929095353284234,0.03769106600321443
Wfebd5f1c4ad913370003,0.01621215137120678,0.0003917411404485278,0.02847923141001864,0.2270894594462009,0.18009286757380294,0.03178123373276244,0.013987640735646916,0.403766580600265,0.003914686518275463,0.0073857790439283135,0.015363919478535586,0.021006042584069826,0.03178240519986464
Wfebd5f1c4ad913370004,0.017933182898202057,0.0003998807395385651,0.028633270003775114,0.2258178106224212,0.18237376410974843,0.032328726794177955,0.013656192760666578,0.41386271702356064,0.004758860476817329,0.007244877289048628,0.016307964828700137,0.02213458085408202,0.0150472970928606
Wfebd5f1c4ad913370005,0.01787637056115457,0.0003004473847852737,0.029964531076791576,0.2667377317358602,0.15040202839501907,0.030136217201368515,0.014600197440614748,0.4136366080091605,0.0046349407271855745,0.00705512649063975,0.01587481569427526,0.019611863520407762,0.011107642151895735
Wfebd5f1c4ad913370006,0.01787770713798743,0.00030291652675346726,0.029541837653713054,0.2706639517940008,0.14076818635230084,0.030725335687471992,0.017155531331447017,0.41014779061817,0.004915081577311217,0.008133631625383586,0.015135534640092185,0.018946658910775502,0.01935735184879688
